device,hour_utc,day,outlier_rate,mc_occupancy,neighbor_p50,above_frac,score_median,gas_shift,gas_width_x
A,2022-03-19T00:00Z,03-19,0,0.999348,0,-,-,-0.21,1.106
A,2022-03-19T01:00Z,03-19,0,0.997349,192,-,-,-0.21,1.106
A,2022-03-19T02:00Z,03-19,0,1,0,-,-,-0.21,1.106
A,2022-03-19T03:00Z,03-19,0,0.999397,0,-,-,-0.21,1.106
A,2022-03-19T04:00Z,03-19,0,1,0,-,-,-0.21,1.106
A,2022-03-19T05:00Z,03-19,0,0.999721,0,-,-,-0.21,1.106
A,2022-03-19T06:00Z,03-19,0,0.999722,0,-,-,-0.21,1.106
A,2022-03-19T07:00Z,03-19,0,0.999536,0,-,-,-0.21,1.106
A,2022-03-19T08:00Z,03-19,0,1,0,-,-,-0.21,1.106
A,2022-03-19T09:00Z,03-19,0,0.999071,0,-,-,-0.21,1.106
A,2022-03-19T10:00Z,03-19,0,1,0,-,-,-0.21,1.106
A,2022-03-19T11:00Z,03-19,0,0.99879,0,-,-,-0.21,1.106
A,2022-03-19T12:00Z,03-19,0,0.999396,0,-,-,-0.21,1.106
A,2022-03-19T13:00Z,03-19,0,0.999118,0,-,-,-0.21,1.106
A,2022-03-19T14:00Z,03-19,0,1,0,-,-,-0.21,1.106
A,2022-03-19T15:00Z,03-19,0,0.998282,0,-,-,-0.21,1.106
A,2022-03-19T16:00Z,03-19,0,0.998979,0,-,-,-0.21,1.106
A,2022-03-19T17:00Z,03-19,0,0.99652,0,-,-,-0.21,1.106
A,2022-03-19T18:00Z,03-19,0,1,0,0,0.658912,-0.21,1.106
A,2022-03-19T19:00Z,03-19,0,0.999396,0,0,0.400978,-0.21,1.106
A,2022-03-19T20:00Z,03-19,0,0.999211,0,0,0.0963654,-0.21,1.106
A,2022-03-19T21:00Z,03-19,0,0.996518,0,0,-0.117282,-0.21,1.106
A,2022-03-19T22:00Z,03-19,0,0.999721,0,0,-0.11216,-0.21,1.106
A,2022-03-19T23:00Z,03-19,0,0.999675,0,0,-0.201142,-0.21,1.106
A,2022-03-20T00:00Z,03-20,0,1,0,0,-0.196645,0.401,1.242
A,2022-03-20T01:00Z,03-20,0,0.999396,0,0,-0.252243,0.401,1.242
A,2022-03-20T02:00Z,03-20,0,0.999441,0,0,-0.306528,0.401,1.242
A,2022-03-20T03:00Z,03-20,0,1,0,0,-0.276506,0.401,1.242
A,2022-03-20T04:00Z,03-20,0,0.999722,0,0,-0.235523,0.401,1.242
A,2022-03-20T05:00Z,03-20,0,0.999118,0,0,-0.187839,0.401,1.242
A,2022-03-20T06:00Z,03-20,0,0.999721,0,0,0.0144774,0.401,1.242
A,2022-03-20T07:00Z,03-20,0,0.998979,0,0,-0.138024,0.401,1.242
A,2022-03-20T08:00Z,03-20,0,0.999167,0,0,-0.390323,0.401,1.242
A,2022-03-20T09:00Z,03-20,0,0.998005,0,0,-0.596694,0.401,1.242
A,2022-03-20T10:00Z,03-20,0,0.999768,0,0,-0.757016,0.401,1.242
A,2022-03-20T11:00Z,03-20,0,0.998098,0,0,-0.727934,0.401,1.242
A,2022-03-20T12:00Z,03-20,0,0.999722,0,0,-0.712126,0.401,1.242
A,2022-03-20T13:00Z,03-20,0,0.999163,0,0,-0.711861,0.401,1.242
A,2022-03-20T14:00Z,03-20,0,1,0,0,-0.65323,0.401,1.242
A,2022-03-20T15:00Z,03-20,0,1,0,0,-0.644658,0.401,1.242
A,2022-03-20T16:00Z,03-20,0,1,0,0,-0.634525,0.401,1.242
A,2022-03-20T17:00Z,03-20,0,0.999349,0,0,-0.610031,0.401,1.242
A,2022-03-20T18:00Z,03-20,0,0.997588,0,0,-0.52648,0.401,1.242
A,2022-03-20T19:00Z,03-20,0,0.99935,0,0,-0.672574,0.401,1.242
A,2022-03-20T20:00Z,03-20,0,1,0,0,-0.717472,0.401,1.242
A,2022-03-20T21:00Z,03-20,0,0.998561,0,0,-0.710959,0.401,1.242
A,2022-03-20T22:00Z,03-20,0,0.999211,0,0,-0.632423,0.401,1.242
A,2022-03-20T23:00Z,03-20,0.000557103,0.988069,34,0,-0.110206,0.401,1.242
A,2022-03-21T00:00Z,03-21,0,0.998561,0,0,-0.257069,0.644,0.711
A,2022-03-21T01:00Z,03-21,0,1,0,0,-0.261864,0.644,0.711
A,2022-03-21T02:00Z,03-21,0,0.999166,0,0,-0.187041,0.644,0.711
A,2022-03-21T03:00Z,03-21,0,1,0,0,-0.0427741,0.644,0.711
A,2022-03-21T04:00Z,03-21,0,0.999164,0,0,-0.161639,0.644,0.711
A,2022-03-21T05:00Z,03-21,0,0.998422,0,0,-0.0753368,0.644,0.711
A,2022-03-21T06:00Z,03-21,0,0.999304,0,0,-0.0661346,0.644,0.711
A,2022-03-21T07:00Z,03-21,0,0.998423,0,0,-0.433454,0.644,0.711
A,2022-03-21T08:00Z,03-21,0,1,0,0,-0.40693,0.644,0.711
A,2022-03-21T09:00Z,03-21,0,0.998747,0,0,-0.443234,0.644,0.711
A,2022-03-21T10:00Z,03-21,0,0.998094,0,0,-0.46242,0.644,0.711
A,2022-03-21T11:00Z,03-21,0,0.996242,0,0,-0.435001,0.644,0.711
A,2022-03-21T12:00Z,03-21,0,0.9987,0,0,-0.741095,0.644,0.711
A,2022-03-21T13:00Z,03-21,0,0.99768,0,0,-0.58743,0.644,0.711
A,2022-03-21T14:00Z,03-21,0,0.999769,0,0,-0.180592,0.644,0.711
A,2022-03-21T15:00Z,03-21,0,0.999432,0,0,0.5181,0.644,0.711
A,2022-03-21T16:00Z,03-21,0,0.999444,0,0,0.456369,0.644,0.711
A,2022-03-21T17:00Z,03-21,0,0.999254,0,0,0.508569,0.644,0.711
A,2022-03-21T18:00Z,03-21,0,0.998788,0,0,0.317212,0.644,0.711
A,2022-03-21T19:00Z,03-21,0,1,0,0,0.26786,0.644,0.711
A,2022-03-21T20:00Z,03-21,0,0.99935,0,0,0.0102127,0.644,0.711
A,2022-03-21T21:00Z,03-21,0,1,0,0,-0.175006,0.644,0.711
A,2022-03-21T22:00Z,03-21,0,0.998747,0,0,-0.300684,0.644,0.711
A,2022-03-21T23:00Z,03-21,0,1,0,0,-0.315326,0.644,0.711
A,2022-03-22T00:00Z,03-22,0.000649954,0.997442,77,0,0.227101,0.371,0.9658
A,2022-03-22T01:00Z,03-22,0.000464253,0.997955,0,0,-0.101901,0.371,0.9658
A,2022-03-22T02:00Z,03-22,0,0.999026,0,0,-0.25748,0.371,0.9658
A,2022-03-22T03:00Z,03-22,0,0.998375,0,0,-0.249981,0.371,0.9658
A,2022-03-22T04:00Z,03-22,0,1,0,0,-0.259385,0.371,0.9658
A,2022-03-22T05:00Z,03-22,0,1,0,0,-0.319424,0.371,0.9658
A,2022-03-22T06:00Z,03-22,0,0.999025,0,0,-0.658638,0.371,0.9658
A,2022-03-22T07:00Z,03-22,0,0.998424,0,0,-0.840803,0.371,0.9658
A,2022-03-22T08:00Z,03-22,0,1,0,0,-0.757749,0.371,0.9658
A,2022-03-22T09:00Z,03-22,0,1,0,0,-0.540925,0.371,0.9658
A,2022-03-22T10:00Z,03-22,0,0.9986,0,0,-0.50445,0.371,0.9658
A,2022-03-22T11:00Z,03-22,0,0.998884,0,0,-0.38631,0.371,0.9658
A,2022-03-22T12:00Z,03-22,0,0.997862,0,0,-0.212295,0.371,0.9658
A,2022-03-22T13:00Z,03-22,0,0.999352,0,0,0.281142,0.371,0.9658
A,2022-03-22T14:00Z,03-22,0,0.999629,0,0,1.33108,0.371,0.9658
A,2022-03-22T15:00Z,03-22,0,1,0,0,1.64496,0.371,0.9658
A,2022-03-22T16:00Z,03-22,0,1,0,0,1.71905,0.371,0.9658
A,2022-03-22T17:00Z,03-22,0,0.994158,0,0.166667,1.79823,0.371,0.9658
A,2022-03-22T18:00Z,03-22,0,0.992065,69,0.833333,2.34029,0.371,0.9658
A,2022-03-22T19:00Z,03-22,0,0.996652,0,0.166667,1.81534,0.371,0.9658
A,2022-03-22T20:00Z,03-22,0,1,0,0,1.15434,0.371,0.9658
A,2022-03-22T21:00Z,03-22,0,0.999164,0,0,0.721855,0.371,0.9658
A,2022-03-22T22:00Z,03-22,0,1,0,0,0.518044,0.371,0.9658
A,2022-03-22T23:00Z,03-22,0,0.99935,0,0,0.271659,0.371,0.9658
A,2022-03-23T00:00Z,03-23,0.00037037,0.999165,0,0,0.610118,0.348,2.927
A,2022-03-23T01:00Z,03-23,0.000232126,0.999256,0,0,0.350793,0.348,2.927
A,2022-03-23T02:00Z,03-23,0,0.998045,5.5,0,0.132329,0.348,2.927
A,2022-03-23T03:00Z,03-23,0,0.999536,0,0,0.0947211,0.348,2.927
A,2022-03-23T04:00Z,03-23,0,0.998097,76,0,-0.190401,0.348,2.927
A,2022-03-23T05:00Z,03-23,0,0.99912,0,0,-0.442174,0.348,2.927
A,2022-03-23T06:00Z,03-23,0,0.999396,0,0,-0.533663,0.348,2.927
A,2022-03-23T07:00Z,03-23,0,0.999629,0,0,-0.278508,0.348,2.927
A,2022-03-23T08:00Z,03-23,0,1,0,0,-0.0530936,0.348,2.927
A,2022-03-23T09:00Z,03-23,0.000465549,0.996696,0,0,0.0626051,0.348,2.927
A,2022-03-23T10:00Z,03-23,0,0.998979,0,0,-0.146722,0.348,2.927
A,2022-03-23T11:00Z,03-23,0,0.999432,0,0,-0.522869,0.348,2.927
A,2022-03-23T12:00Z,03-23,0,0.999025,0,0,-0.232834,0.348,2.927
A,2022-03-23T13:00Z,03-23,0,0.998373,0,0,0.281142,0.348,2.927
A,2022-03-23T14:00Z,03-23,0,0.998791,0,0,1.58272,0.348,2.927
A,2022-03-23T15:00Z,03-23,0,0.996338,0,0.666667,2.30227,0.348,2.927
A,2022-03-23T16:00Z,03-23,0,0.988838,174.5,1,3.09979,0.348,2.927
A,2022-03-23T17:00Z,03-23,0,0.998732,0,0.833333,2.39281,0.348,2.927
A,2022-03-23T18:00Z,03-23,0,0.995748,0,1,3.07092,0.348,2.927
A,2022-03-23T19:00Z,03-23,0,0.997793,0,1,9.01541,0.348,2.927
A,2022-03-23T20:00Z,03-23,0.000510291,0.998933,0,1,13.3727,0.348,2.927
A,2022-03-23T21:00Z,03-23,0.000557103,0.999443,0,1,11.2048,0.348,2.927
A,2022-03-23T22:00Z,03-23,0,0.999629,0,1,10.0633,0.348,2.927
A,2022-03-23T23:00Z,03-23,0,1,0,1,8.37863,0.348,2.927
A,2022-03-24T00:00Z,03-24,0,0.998189,0,1,7.20181,1.786,2.529
A,2022-03-24T01:00Z,03-24,0,0.999257,0,1,5.86654,1.786,2.529
A,2022-03-24T02:00Z,03-24,0,1,0,1,4.54532,1.786,2.529
A,2022-03-24T03:00Z,03-24,0,0.999489,0,1,3.26707,1.786,2.529
A,2022-03-24T04:00Z,03-24,0,0.999304,0,0.333333,2.01084,1.786,2.529
A,2022-03-24T05:00Z,03-24,0,0.999398,0,0,1.0872,1.786,2.529
A,2022-03-24T06:00Z,03-24,0,0.999162,0,0,0.526427,1.786,2.529
A,2022-03-24T07:00Z,03-24,0,1,0,0,0.686172,1.786,2.529
A,2022-03-24T08:00Z,03-24,0,0.999629,0,0,1.22745,1.786,2.529
A,2022-03-24T09:00Z,03-24,0,0.999536,0,0,1.4545,1.786,2.529
A,2022-03-24T10:00Z,03-24,0,0.995382,0,0,0.680027,1.786,2.529
A,2022-03-24T11:00Z,03-24,0,0.985202,183.5,0,0.698025,1.786,2.529
A,2022-03-24T12:00Z,03-24,0,0.997122,0,0,1.497,1.786,2.529
A,2022-03-24T13:00Z,03-24,0,0.991925,0,0,1.28348,1.786,2.529
A,2022-03-24T14:00Z,03-24,0,0.999676,0,0,1.85113,1.786,2.529
A,2022-03-24T15:00Z,03-24,0,0.999581,0,0,1.89488,1.786,2.529
A,2022-03-24T16:00Z,03-24,0,1,0,0.333333,2.16728,1.786,2.529
A,2022-03-24T17:00Z,03-24,0,1,0,0.666667,2.29152,1.786,2.529
A,2022-03-24T18:00Z,03-24,0,0.996936,0,0.833333,3.29572,1.786,2.529
A,2022-03-24T19:00Z,03-24,0.00021427,0.921321,0,1,7.1634,1.786,2.529
A,2022-03-24T20:00Z,03-24,0.000337638,0.907234,0,1,5.3038,1.786,2.529
A,2022-03-24T21:00Z,03-24,0,0.897444,53,1,5.00878,1.786,2.529
A,2022-03-24T22:00Z,03-24,0,0.909091,0,1,3.65554,1.786,2.529
A,2022-03-24T23:00Z,03-24,0,0.909091,0,1,3.12036,1.786,2.529
A,2022-03-25T00:00Z,03-25,0,0.90812,0,0.666667,2.4537,0.934,1.999
A,2022-03-25T01:00Z,03-25,0,0.908458,0,0,1.63202,0.934,1.999
A,2022-03-25T02:00Z,03-25,0,0.908753,0,0,0.944619,0.934,1.999
A,2022-03-25T03:00Z,03-25,0,0.908458,0,0,0.540851,0.934,1.999
A,2022-03-25T04:00Z,03-25,0,0.908542,0,0,0.516406,0.934,1.999
A,2022-03-25T05:00Z,03-25,0,0.908838,0,0,0.559568,0.934,1.999
A,2022-03-25T06:00Z,03-25,0,0.9085,0,0,-0.189633,0.934,1.999
A,2022-03-25T07:00Z,03-25,0,0.909091,0,0,-0.502832,0.934,1.999
A,2022-03-25T08:00Z,03-25,0,0.908374,0,0,-0.46432,0.934,1.999
A,2022-03-25T09:00Z,03-25,0,0.908541,0,0,-0.0626752,0.934,1.999
A,2022-03-25T10:00Z,03-25,0,0.90735,0,0,0.0641581,0.934,1.999
A,2022-03-25T11:00Z,03-25,0,0.908165,0,0,-0.454829,0.934,1.999
A,2022-03-25T12:00Z,03-25,0,0.903311,73,0,0.298447,0.934,1.999
A,2022-03-25T13:00Z,03-25,0,0.907613,0,0,0.291203,0.934,1.999
A,2022-03-25T14:00Z,03-25,0,0.907739,0,0,1.3564,0.934,1.999
A,2022-03-25T15:00Z,03-25,0,0.887472,0,0.833333,2.40382,0.934,1.999
A,2022-03-25T16:00Z,03-25,0,0.871676,25,1,4.17801,0.934,1.999
A,2022-03-25T17:00Z,03-25,0,0.909091,0,1,3.44963,0.934,1.999
A,2022-03-25T18:00Z,03-25,0,0.907698,0,1,2.63055,0.934,1.999
A,2022-03-25T19:00Z,03-25,0,0.90652,0,1,4.19015,0.934,1.999
A,2022-03-25T20:00Z,03-25,0.000337638,0.908753,0,1,4.23197,0.934,1.999
A,2022-03-25T21:00Z,03-25,0.000211024,0.905298,0,1,4.01009,0.934,1.999
A,2022-03-25T22:00Z,03-25,0,0.908247,0,1,3.91239,0.934,1.999
A,2022-03-25T23:00Z,03-25,0,0.908289,0,1,3.27159,0.934,1.999
A,2022-03-26T00:00Z,03-26,0,0.908247,0,0.666667,2.44691,0.702,1.479
A,2022-03-26T01:00Z,03-26,0,0.909091,0,0,1.31062,0.702,1.479
A,2022-03-26T02:00Z,03-26,0,0.90812,0,0,1.68543,0.702,1.479
A,2022-03-26T03:00Z,03-26,0,0.909091,0,0,1.13981,0.702,1.479
A,2022-03-26T04:00Z,03-26,0,0.907741,0,0,0.750194,0.702,1.479
A,2022-03-26T05:00Z,03-26,0,0.908584,0,0,0.0167844,0.702,1.479
A,2022-03-26T06:00Z,03-26,0,0.908247,0,0,-0.175486,0.702,1.479
A,2022-03-26T07:00Z,03-26,0,0.906685,0,0,0.475573,0.702,1.479
A,2022-03-26T08:00Z,03-26,0,0.907868,0,0,0.411579,0.702,1.479
A,2022-03-26T09:00Z,03-26,0,0.909091,0,0,-0.231979,0.702,1.479
A,2022-03-26T10:00Z,03-26,0,0.906013,0,0,-0.267755,0.702,1.479
A,2022-03-26T11:00Z,03-26,0,0.913048,195,0,-0.153117,0.702,1.479
A,2022-03-26T12:00Z,03-26,0,0.908669,0,0,0.0753369,0.702,1.479
A,2022-03-26T13:00Z,03-26,0,0.908162,0,0,0.709865,0.702,1.479
A,2022-03-26T14:00Z,03-26,0,0.907186,0,0,1.39177,0.702,1.479
A,2022-03-26T15:00Z,03-26,0,0.909091,0,0,1.65599,0.702,1.479
A,2022-03-26T16:00Z,03-26,0,0.909091,0,0,1.69354,0.702,1.479
A,2022-03-26T17:00Z,03-26,0,0.887111,22.5,0.5,2.26395,0.702,1.479
A,2022-03-26T18:00Z,03-26,0,0.89508,5.5,1,3.31841,0.702,1.479
A,2022-03-26T19:00Z,03-26,0,0.908669,0,1,2.3729,0.702,1.479
A,2022-03-26T20:00Z,03-26,0,0.9085,0,0,2.15124,0.702,1.479
A,2022-03-26T21:00Z,03-26,0,0.908922,0,0,2.03372,0.702,1.479
A,2022-03-26T22:00Z,03-26,0.000590867,0.907867,0,0.333333,1.82438,0.702,1.479
A,2022-03-26T23:00Z,03-26,0.000420875,0.90791,0,1,2.91958,0.702,1.479
A,2022-03-27T00:00Z,03-27,0,0.908249,0,0.5,2.29687,0.735,0.5925
A,2022-03-27T01:00Z,03-27,0,0.909091,0,0,1.7357,0.735,0.5925
A,2022-03-27T02:00Z,03-27,0,0.908289,0,0,1.22351,0.735,0.5925
A,2022-03-27T03:00Z,03-27,0,0.909091,0,0,0.871925,0.735,0.5925
A,2022-03-27T04:00Z,03-27,0,0.908838,0,0,0.544356,0.735,0.5925
A,2022-03-27T05:00Z,03-27,0,0.90888,0,0,0.192135,0.735,0.5925
A,2022-03-27T06:00Z,03-27,0,0.90888,0,0,-0.19187,0.735,0.5925
A,2022-03-27T07:00Z,03-27,0,0.909091,0,0,0.112094,0.735,0.5925
A,2022-03-27T08:00Z,03-27,0,0.908331,0,0,0.173221,0.735,0.5925
A,2022-03-27T09:00Z,03-27,0,0.909091,0,0,0.147047,0.735,0.5925
A,2022-03-27T10:00Z,03-27,0,0.902047,126,0,0.300297,0.735,0.5925
A,2022-03-27T11:00Z,03-27,0,0.908036,0,0,0.497855,0.735,0.5925
A,2022-03-27T12:00Z,03-27,0,0.907236,0,0,0.621432,0.735,0.5925
A,2022-03-27T13:00Z,03-27,0,0.908838,0,0,1.49068,0.735,0.5925
A,2022-03-27T14:00Z,03-27,0,0.908502,0,0,1.66194,0.735,0.5925
A,2022-03-27T15:00Z,03-27,0,0.906263,0,0,1.64816,0.735,0.5925
A,2022-03-27T16:00Z,03-27,0,0.908584,0,0,1.52302,0.735,0.5925
A,2022-03-27T17:00Z,03-27,0,0.908669,0,0.5,2.17715,0.735,0.5925
A,2022-03-27T18:00Z,03-27,0,0.906221,0,0.666667,2.32898,0.735,0.5925
A,2022-03-27T19:00Z,03-27,0,0.909091,0,0,1.70604,0.735,0.5925
A,2022-03-27T20:00Z,03-27,0.000422048,0.908669,0,0.333333,1.42283,0.735,0.5925
A,2022-03-27T21:00Z,03-27,0.000548193,0.907867,0,1,2.81853,0.735,0.5925
A,2022-03-27T22:00Z,03-27,0,0.908753,0,0,1.53836,0.735,0.5925
A,2022-03-27T23:00Z,03-27,0,0.907572,0,0,0.761104,0.735,0.5925
A,2022-03-28T00:00Z,03-28,0,0.908542,0,0,0.417084,0.224,0.7455
A,2022-03-28T01:00Z,03-28,0,0.909091,0,0,0.187132,0.224,0.7455
A,2022-03-28T02:00Z,03-28,0,0.909091,0,0,0.045231,0.224,0.7455
A,2022-03-28T03:00Z,03-28,0,0.908753,0,0,-0.0911277,0.224,0.7455
A,2022-03-28T04:00Z,03-28,0,0.90888,0,0,-0.242141,0.224,0.7455
A,2022-03-28T05:00Z,03-28,0,0.909091,0,0,-0.410832,0.224,0.7455
A,2022-03-28T06:00Z,03-28,0,0.908586,0,0,-0.8182,0.224,0.7455
A,2022-03-28T07:00Z,03-28,0,0.9085,0,0,-0.587922,0.224,0.7455
A,2022-03-28T08:00Z,03-28,0,0.908373,0,0,-0.487756,0.224,0.7455
A,2022-03-28T09:00Z,03-28,0,0.909091,0,0,-0.423554,0.224,0.7455
A,2022-03-28T10:00Z,03-28,0,0.907572,0,0,-0.453361,0.224,0.7455
A,2022-03-28T11:00Z,03-28,0,0.907825,0,0,-0.512321,0.224,0.7455
A,2022-03-28T12:00Z,03-28,0,0.908712,0,0,-0.653029,0.224,0.7455
A,2022-03-28T13:00Z,03-28,0,0.908285,0,0,-0.345153,0.224,0.7455
A,2022-03-28T14:00Z,03-28,0,0.906687,0,0,0.493214,0.224,0.7455
A,2022-03-28T15:00Z,03-28,0,0.909091,0,0,0.962867,0.224,0.7455
A,2022-03-28T16:00Z,03-28,0,0.909091,0,0,0.871771,0.224,0.7455
A,2022-03-28T17:00Z,03-28,0,0.909091,0,0,0.960772,0.224,0.7455
A,2022-03-28T18:00Z,03-28,0.000422048,0.907867,0,0,0.735395,0.224,0.7455
A,2022-03-28T19:00Z,03-28,0.000590867,0.907909,0,0,1.15719,0.224,0.7455
A,2022-03-28T20:00Z,03-28,0,0.907152,0,0,0.754584,0.224,0.7455
A,2022-03-28T21:00Z,03-28,0,0.908586,0,0,0.358521,0.224,0.7455
A,2022-03-28T22:00Z,03-28,0,0.907025,45,0,-0.261493,0.224,0.7455
A,2022-03-28T23:00Z,03-28,0,0.907698,0,0,-0.499759,0.224,0.7455
A,2022-03-29T00:00Z,03-29,0,0.909091,0,0,-0.560554,0.069,0.5798
A,2022-03-29T01:00Z,03-29,0,0.909091,0,0,-0.59524,0.069,0.5798
A,2022-03-29T02:00Z,03-29,0,0.908287,0,0,-0.577534,0.069,0.5798
A,2022-03-29T03:00Z,03-29,0,0.908078,0,0,-0.465968,0.069,0.5798
A,2022-03-29T04:00Z,03-29,0,0.908753,0,0,-0.390429,0.069,0.5798
A,2022-03-29T05:00Z,03-29,0,0.922863,0,0,-0.402866,0.069,0.5798
A,2022-03-29T06:00Z,03-29,0,0.908205,0,0,-0.571805,0.069,0.5798
A,2022-03-29T07:00Z,03-29,0,0.908162,0,0,-0.692149,0.069,0.5798
A,2022-03-29T08:00Z,03-29,0,0.909091,0,0,-0.737214,0.069,0.5798
A,2022-03-29T09:00Z,03-29,0,0.908838,0,0,-0.74181,0.069,0.5798
A,2022-03-29T10:00Z,03-29,0,0.908536,0,0,-0.7141,0.069,0.5798
A,2022-03-29T11:00Z,03-29,0,0.908417,0,0,-0.608672,0.069,0.5798
A,2022-03-29T12:00Z,03-29,0,0.909091,0,0,-0.438078,0.069,0.5798
A,2022-03-29T13:00Z,03-29,0,0.908668,0,0,-0.245343,0.069,0.5798
A,2022-03-29T14:00Z,03-29,0,0.909091,0,0,-0.16284,0.069,0.5798
A,2022-03-29T15:00Z,03-29,0,0.909091,0,0,-0.118756,0.069,0.5798
A,2022-03-29T16:00Z,03-29,0,0.908497,0,0,-0.0799043,0.069,0.5798
A,2022-03-29T17:00Z,03-29,0.000253229,0.908838,0,0,-0.142097,0.069,0.5798
A,2022-03-29T18:00Z,03-29,0.000253229,0.908584,0,0,-0.0296547,0.069,0.5798
A,2022-03-29T19:00Z,03-29,0,0.908249,0,0,-0.102014,0.069,0.5798
A,2022-03-29T20:00Z,03-29,0.00569202,0.900995,2,0,-0.227244,0.069,0.5798
A,2022-03-29T21:00Z,03-29,0.00189921,0.906559,0,0,-0.271689,0.069,0.5798
A,2022-03-29T22:00Z,03-29,0,0.908288,0,0,-0.350561,0.069,0.5798
A,2022-03-29T23:00Z,03-29,0,0.909091,0,0,-0.405613,0.069,0.5798
A,2022-03-30T00:00Z,03-30,0,0.909091,0,0,-0.440702,-0.165,0.917
A,2022-03-30T01:00Z,03-30,0,0.908457,0,0,-0.450405,-0.165,0.917
A,2022-03-30T02:00Z,03-30,0,0.909091,0,0,-0.46032,-0.165,0.917
A,2022-03-30T03:00Z,03-30,0,0.909091,0,0,-0.481695,-0.165,0.917
A,2022-03-30T04:00Z,03-30,0,0.909091,0,0,-0.497231,-0.165,0.917
A,2022-03-30T05:00Z,03-30,0,0.907951,0,0,-0.525207,-0.165,0.917
A,2022-03-30T06:00Z,03-30,0,0.908458,0,0,-0.599908,-0.165,0.917
A,2022-03-30T07:00Z,03-30,0,0.908161,0,0,-0.69169,-0.165,0.917
A,2022-03-30T08:00Z,03-30,0,0.909091,0,0,-0.660303,-0.165,0.917
A,2022-03-30T09:00Z,03-30,0,0.908669,0,0,-0.623682,-0.165,0.917
A,2022-03-30T10:00Z,03-30,0,0.90888,0,0,-0.685846,-0.165,0.917
A,2022-03-30T11:00Z,03-30,0,0.90816,0,0,-0.888727,-0.165,0.917
A,2022-03-30T12:00Z,03-30,0,0.900664,25,0,-0.829857,-0.165,0.917
A,2022-03-30T13:00Z,03-30,0,0.904786,0,0,-0.703783,-0.165,0.917
A,2022-03-30T14:00Z,03-30,0,0.909091,0,0,-0.587295,-0.165,0.917
A,2022-03-30T15:00Z,03-30,0,0.909006,0,0,-0.515022,-0.165,0.917
A,2022-03-30T16:00Z,03-30,0,0.900015,0,0,-0.363224,-0.165,0.917
A,2022-03-30T17:00Z,03-30,0,0.896575,91,0,0.362394,-0.165,0.917
A,2022-03-30T18:00Z,03-30,0,0.909091,0,0,-0.170402,-0.165,0.917
A,2022-03-30T19:00Z,03-30,0,0.982828,0,0,-0.518531,-0.165,0.917
A,2022-03-30T20:00Z,03-30,0.046875,0.866103,0,0,-0.388726,-0.165,0.917
A,2022-03-30T21:00Z,03-30,0,0.908669,0,0,-0.250506,-0.165,0.917
A,2022-03-30T22:00Z,03-30,0,0.908416,0,0,-0.268178,-0.165,0.917
A,2022-03-30T23:00Z,03-30,0,0.923077,0,0,-0.303457,-0.165,0.917
A,2022-03-31T00:00Z,03-31,0,0.908371,0,0,-0.366417,-0.109,0.7846
A,2022-03-31T01:00Z,03-31,0,0.909091,0,0,-0.466954,-0.109,0.7846
A,2022-03-31T02:00Z,03-31,0,0.909091,0,0,-0.593044,-0.109,0.7846
A,2022-03-31T03:00Z,03-31,0,0.90808,0,0,-0.751666,-0.109,0.7846
A,2022-03-31T04:00Z,03-31,0,0.909091,0,0,-0.840583,-0.109,0.7846
A,2022-03-31T05:00Z,03-31,0.000338581,0.906341,0,0,-0.862891,-0.109,0.7846
A,2022-03-31T06:00Z,03-31,0.000211024,0.887724,14,0,-0.768986,-0.109,0.7846
A,2022-03-31T07:00Z,03-31,0,0.908333,0,0,-0.88692,-0.109,0.7846
A,2022-03-31T08:00Z,03-31,0,0.909091,0,0,-0.888933,-0.109,0.7846
A,2022-03-31T09:00Z,03-31,0,0.908584,0,0,-0.873903,-0.109,0.7846
A,2022-03-31T10:00Z,03-31,0,0.908582,0,0,-0.825295,-0.109,0.7846
A,2022-03-31T11:00Z,03-31,0,0.908921,0,0,-0.728958,-0.109,0.7846
A,2022-03-31T12:00Z,03-31,0,0.907603,0,0,-0.636213,-0.109,0.7846
A,2022-03-31T13:00Z,03-31,0,0.908583,0,0,-0.415804,-0.109,0.7846
A,2022-03-31T14:00Z,03-31,0,0.909091,0,0,-0.30654,-0.109,0.7846
A,2022-03-31T15:00Z,03-31,0,0.908329,0,0,-0.216535,-0.109,0.7846
A,2022-03-31T16:00Z,03-31,0,0.902891,0,0,-0.0147622,-0.109,0.7846
A,2022-03-31T17:00Z,03-31,0,0.896526,137,0,-0.246578,-0.109,0.7846
A,2022-03-31T18:00Z,03-31,0,0.909091,0,0,-0.253676,-0.109,0.7846
A,2022-03-31T19:00Z,03-31,0.00101291,0.904873,118,0,0.0471239,-0.109,0.7846
A,2022-03-31T20:00Z,03-31,0,0.908163,0,0,0.129615,-0.109,0.7846
A,2022-03-31T21:00Z,03-31,0,0.909091,0,0,-0.0327154,-0.109,0.7846
A,2022-03-31T22:00Z,03-31,0,0.908668,0,0,-0.147383,-0.109,0.7846
A,2022-03-31T23:00Z,03-31,0,0.909091,0,0,-0.242349,-0.109,0.7846
B,2022-03-19T00:00Z,03-19,0,0.999346,0,-,-,0.296,1.21
B,2022-03-19T01:00Z,03-19,0,1,0,-,-,0.296,1.21
B,2022-03-19T02:00Z,03-19,0,1,0,-,-,0.296,1.21
B,2022-03-19T03:00Z,03-19,0,1,0,-,-,0.296,1.21
B,2022-03-19T04:00Z,03-19,0,1,0,-,-,0.296,1.21
B,2022-03-19T05:00Z,03-19,0,0.999443,0,-,-,0.296,1.21
B,2022-03-19T06:00Z,03-19,0,0.99935,0,-,-,0.296,1.21
B,2022-03-19T07:00Z,03-19,0,0.999676,0,-,-,0.296,1.21
B,2022-03-19T08:00Z,03-19,0,1,0,-,-,0.296,1.21
B,2022-03-19T09:00Z,03-19,0,0.999397,0,-,-,0.296,1.21
B,2022-03-19T10:00Z,03-19,0,1,0,-,-,0.296,1.21
B,2022-03-19T11:00Z,03-19,0,1,0,-,-,0.296,1.21
B,2022-03-19T12:00Z,03-19,0,0.998143,0,-,-,0.296,1.21
B,2022-03-19T13:00Z,03-19,0,0.99935,0,-,-,0.296,1.21
B,2022-03-19T14:00Z,03-19,0,0.999532,0,-,-,0.296,1.21
B,2022-03-19T15:00Z,03-19,0,0.999109,0,-,-,0.296,1.21
B,2022-03-19T16:00Z,03-19,0,0.998756,0,-,-,0.296,1.21
B,2022-03-19T17:00Z,03-19,0,0.999945,0,-,-,0.296,1.21
B,2022-03-19T18:00Z,03-19,0,0.998779,0,-,-,0.296,1.21
B,2022-03-19T19:00Z,03-19,0,0.999623,0,-,-,0.296,1.21
B,2022-03-19T20:00Z,03-19,0,1,0,-,-,0.296,1.21
B,2022-03-19T21:00Z,03-19,0,0.990976,0,-,-,0.296,1.21
B,2022-03-19T22:00Z,03-19,0,0.986398,190,-,-,0.296,1.21
B,2022-03-19T23:00Z,03-19,0,1,0,-,-,0.296,1.21
B,2022-03-20T00:00Z,03-20,0,0.999704,0,-,-,0.389,1.354
B,2022-03-20T01:00Z,03-20,0,0.998974,0,-,-,0.389,1.354
B,2022-03-20T02:00Z,03-20,0,1,0,-,-,0.389,1.354
B,2022-03-20T03:00Z,03-20,0,0.999443,0,-,-,0.389,1.354
B,2022-03-20T04:00Z,03-20,0,1,0,-,-,0.389,1.354
B,2022-03-20T05:00Z,03-20,0,0.999069,0,-,-,0.389,1.354
B,2022-03-20T06:00Z,03-20,0,0.999304,0,-,-,0.389,1.354
B,2022-03-20T07:00Z,03-20,0,0.998932,0,-,-,0.389,1.354
B,2022-03-20T08:00Z,03-20,0,0.999768,0,-,-,0.389,1.354
B,2022-03-20T09:00Z,03-20,0,0.99884,0,-,-,0.389,1.354
B,2022-03-20T10:00Z,03-20,0,0.999444,0,-,-,0.389,1.354
B,2022-03-20T11:00Z,03-20,0,0.999536,0,-,-,0.389,1.354
B,2022-03-20T12:00Z,03-20,0,0.99898,0,-,-,0.389,1.354
B,2022-03-20T13:00Z,03-20,0,0.999489,0,-,-,0.389,1.354
B,2022-03-20T14:00Z,03-20,0,1,0,-,-,0.389,1.354
B,2022-03-20T15:00Z,03-20,0,1,0,-,-,0.389,1.354
B,2022-03-20T16:00Z,03-20,0,1,0,-,-,0.389,1.354
B,2022-03-20T17:00Z,03-20,0,0.999481,0,-,-,0.389,1.354
B,2022-03-20T18:00Z,03-20,0,0.997338,0,-,-,0.389,1.354
B,2022-03-20T19:00Z,03-20,0,0.99949,0,-,-,0.389,1.354
B,2022-03-20T20:00Z,03-20,0,1,0,-,-,0.389,1.354
B,2022-03-20T21:00Z,03-20,0,0.999721,0,-,-,0.389,1.354
B,2022-03-20T22:00Z,03-20,0,0.999211,0,-,-,0.389,1.354
B,2022-03-20T23:00Z,03-20,0,0.998376,0,-,-,0.389,1.354
B,2022-03-21T00:00Z,03-21,0,0.99963,0,0,1.66675,0.513,0.7751
B,2022-03-21T01:00Z,03-21,0,0.999721,0,0.2,1.61595,0.513,0.7751
B,2022-03-21T02:00Z,03-21,0,0.99963,0,0,1.9293,0.513,0.7751
B,2022-03-21T03:00Z,03-21,0,0.999628,0,0.5,2.13052,0.513,0.7751
B,2022-03-21T04:00Z,03-21,0,0.999441,0,0.166667,1.624,0.513,0.7751
B,2022-03-21T05:00Z,03-21,0,0.99935,0,0,1.0983,0.513,0.7751
B,2022-03-21T06:00Z,03-21,0,0.997587,0,0,0.40686,0.513,0.7751
B,2022-03-21T07:00Z,03-21,0,0.991929,91,0,0.767237,0.513,0.7751
B,2022-03-21T08:00Z,03-21,0,0.999072,0,0,-0.146832,0.513,0.7751
B,2022-03-21T09:00Z,03-21,0,0.99831,0,0,-0.375099,0.513,0.7751
B,2022-03-21T10:00Z,03-21,0,0.998463,0,0,-1.24426,0.513,0.7751
B,2022-03-21T11:00Z,03-21,0,0.997233,161,0,-1.54485,0.513,0.7751
B,2022-03-21T12:00Z,03-21,0,0.999701,0,0,-1.72115,0.513,0.7751
B,2022-03-21T13:00Z,03-21,0,0.999037,0,0,-1.86966,0.513,0.7751
B,2022-03-21T14:00Z,03-21,0,1,0,0,-2.04452,0.513,0.7751
B,2022-03-21T15:00Z,03-21,0,0.998688,0,0,-1.2168,0.513,0.7751
B,2022-03-21T16:00Z,03-21,0,0.98913,82,0,-1.40614,0.513,0.7751
B,2022-03-21T17:00Z,03-21,0,0.995374,0,0,-0.647151,0.513,0.7751
B,2022-03-21T18:00Z,03-21,0,0.995936,0,0,-1.35971,0.513,0.7751
B,2022-03-21T19:00Z,03-21,0,0.998891,0,0,-1.66054,0.513,0.7751
B,2022-03-21T20:00Z,03-21,0,0.999702,0,0,-1.28375,0.513,0.7751
B,2022-03-21T21:00Z,03-21,0,1,0,0,-1.29029,0.513,0.7751
B,2022-03-21T22:00Z,03-21,0,0.999348,0,0,-1.66099,0.513,0.7751
B,2022-03-21T23:00Z,03-21,0,1,0,0,-1.58709,0.513,0.7751
B,2022-03-22T00:00Z,03-22,0,1,0,0,-1.50382,0.537,2.032
B,2022-03-22T01:00Z,03-22,0,1,0,0,-1.51945,0.537,2.032
B,2022-03-22T02:00Z,03-22,0,0.999073,0,0,-1.332,0.537,2.032
B,2022-03-22T03:00Z,03-22,0,0.999443,0,0,-0.625337,0.537,2.032
B,2022-03-22T04:00Z,03-22,0,1,0,0,-0.348085,0.537,2.032
B,2022-03-22T05:00Z,03-22,0,1,0,0,-0.596663,0.537,2.032
B,2022-03-22T06:00Z,03-22,0,0.999164,0,0,-1.03504,0.537,2.032
B,2022-03-22T07:00Z,03-22,0,0.999629,0,0,-1.36131,0.537,2.032
B,2022-03-22T08:00Z,03-22,0,0.999348,0,0,-1.63921,0.537,2.032
B,2022-03-22T09:00Z,03-22,0,0.998271,0,0,-1.31307,0.537,2.032
B,2022-03-22T10:00Z,03-22,0,0.999699,0,0,-1.28939,0.537,2.032
B,2022-03-22T11:00Z,03-22,0,0.999639,0,0,-1.73739,0.537,2.032
B,2022-03-22T12:00Z,03-22,0,1,0,0,-1.70126,0.537,2.032
B,2022-03-22T13:00Z,03-22,0,1,0,0,-1.57613,0.537,2.032
B,2022-03-22T14:00Z,03-22,0,0.99915,0,0,-1.39966,0.537,2.032
B,2022-03-22T15:00Z,03-22,0,0.999099,0,0,-1.11771,0.537,2.032
B,2022-03-22T16:00Z,03-22,0,0.99827,0,0,-0.798487,0.537,2.032
B,2022-03-22T17:00Z,03-22,0,0.989815,0,0,-0.179293,0.537,2.032
B,2022-03-22T18:00Z,03-22,0,0.996335,0,0.25,1.46959,0.537,2.032
B,2022-03-22T19:00Z,03-22,0,0.999271,0,1,5.91219,0.537,2.032
B,2022-03-22T20:00Z,03-22,0,0.999448,0,1,10.7477,0.537,2.032
B,2022-03-22T21:00Z,03-22,0,0.999398,0,1,11.4726,0.537,2.032
B,2022-03-22T22:00Z,03-22,0,1,0,1,19.2438,0.537,2.032
B,2022-03-22T23:00Z,03-22,0,0.999629,0,1,12.9616,0.537,2.032
B,2022-03-23T00:00Z,03-23,0.000232126,0.999351,0,0.666667,3.09582,1.471,2.534
B,2022-03-23T01:00Z,03-23,0.000278552,0.999443,0,0.666667,3.06877,1.471,2.534
B,2022-03-23T02:00Z,03-23,0,1,0,0.8,3.14908,1.471,2.534
B,2022-03-23T03:00Z,03-23,0,0.999629,0,1,11.0231,1.471,2.534
B,2022-03-23T04:00Z,03-23,0,0.99935,0,1,10.9095,1.471,2.534
B,2022-03-23T05:00Z,03-23,0,0.999628,0,1,4.10039,1.471,2.534
B,2022-03-23T06:00Z,03-23,0,0.999488,0,0.666667,3.15539,1.471,2.534
B,2022-03-23T07:00Z,03-23,0,0.99935,0,0,-0.568613,1.471,2.534
B,2022-03-23T08:00Z,03-23,0,0.999443,0,0,-0.606194,1.471,2.534
B,2022-03-23T09:00Z,03-23,0,0.998229,0,0,-0.973766,1.471,2.534
B,2022-03-23T10:00Z,03-23,0,0.998261,0,0,-1.24073,1.471,2.534
B,2022-03-23T11:00Z,03-23,0,0.998986,0,0,-0.139206,1.471,2.534
B,2022-03-23T12:00Z,03-23,0,0.995406,0,0,-0.600204,1.471,2.534
B,2022-03-23T13:00Z,03-23,0,0.993451,0,0,0.256878,1.471,2.534
B,2022-03-23T14:00Z,03-23,0,0.999199,0,0,1.59679,1.471,2.534
B,2022-03-23T15:00Z,03-23,0,0.998091,0,1,2.76419,1.471,2.534
B,2022-03-23T16:00Z,03-23,0,1,0,1,3.90273,1.471,2.534
B,2022-03-23T17:00Z,03-23,0,0.998478,0,1,4.4301,1.471,2.534
B,2022-03-23T18:00Z,03-23,0,0.887443,23,1,6.61588,1.471,2.534
B,2022-03-23T19:00Z,03-23,7.97448e-05,0.993435,0,1,43.6631,1.471,2.534
B,2022-03-23T20:00Z,03-23,0,0.999766,0,1,69.4977,1.471,2.534
B,2022-03-23T21:00Z,03-23,0,0.999581,0,1,61.4355,1.471,2.534
B,2022-03-23T22:00Z,03-23,0,0.999343,0,1,60.6539,1.471,2.534
B,2022-03-23T23:00Z,03-23,0,0.999767,0,1,51.5071,1.471,2.534
B,2022-03-24T00:00Z,03-24,0,0.999304,0,1,43.8132,1.605,1.749
B,2022-03-24T01:00Z,03-24,0,0.999767,0,1,32.9428,1.605,1.749
B,2022-03-24T02:00Z,03-24,0,1,0,1,25.123,1.605,1.749
B,2022-03-24T03:00Z,03-24,0,0.999576,0,1,17.363,1.605,1.749
B,2022-03-24T04:00Z,03-24,0,0.999441,0,1,11.5861,1.605,1.749
B,2022-03-24T05:00Z,03-24,0,0.999118,0,1,7.35005,1.605,1.749
B,2022-03-24T06:00Z,03-24,0,1,0,1,5.6328,1.605,1.749
B,2022-03-24T07:00Z,03-24,0,0.999467,0,1,3.2187,1.605,1.749
B,2022-03-24T08:00Z,03-24,0,1,0,1,3.21832,1.605,1.749
B,2022-03-24T09:00Z,03-24,0,0.998932,0,0,0.618835,1.605,1.749
B,2022-03-24T10:00Z,03-24,0,0.997726,0,0,-0.552787,1.605,1.749
B,2022-03-24T11:00Z,03-24,0,0.999066,0,0,-1.04763,1.605,1.749
B,2022-03-24T12:00Z,03-24,0,0.972435,63,0.5,3.10377,1.605,1.749
B,2022-03-24T13:00Z,03-24,0,0.995552,0,0,1.65698,1.605,1.749
B,2022-03-24T14:00Z,03-24,0,0.999346,0,1,2.48384,1.605,1.749
B,2022-03-24T15:00Z,03-24,0,0.997264,0,1,3.33563,1.605,1.749
B,2022-03-24T16:00Z,03-24,0,0.960563,0,1,4.19971,1.605,1.749
B,2022-03-24T17:00Z,03-24,0.00425046,0.991389,0,1,5.76128,1.605,1.749
B,2022-03-24T18:00Z,03-24,0,0.997182,0,1,7.30436,1.605,1.749
B,2022-03-24T19:00Z,03-24,0,0.998825,0,1,8.93964,1.605,1.749
B,2022-03-24T20:00Z,03-24,0,0.975873,128,1,7.70226,1.605,1.749
B,2022-03-24T21:00Z,03-24,0,0.995915,0,1,32.4414,1.605,1.749
B,2022-03-24T22:00Z,03-24,0,0.999582,0,1,30.6407,1.605,1.749
B,2022-03-24T23:00Z,03-24,0,1,0,1,26.51,1.605,1.749
B,2022-03-25T00:00Z,03-25,0,0.999351,0,1,20.6366,1.33,2.123
B,2022-03-25T01:00Z,03-25,0,0.99935,0,1,14.8303,1.33,2.123
B,2022-03-25T02:00Z,03-25,0,1,0,1,9.87613,1.33,2.123
B,2022-03-25T03:00Z,03-25,0,0.99935,0,1,4.74507,1.33,2.123
B,2022-03-25T04:00Z,03-25,0,0.999721,0,0.333333,2.00973,1.33,2.123
B,2022-03-25T05:00Z,03-25,0,0.999396,0,0,0.643775,1.33,2.123
B,2022-03-25T06:00Z,03-25,0,1,0,0,0.355629,1.33,2.123
B,2022-03-25T07:00Z,03-25,0,0.999721,0,0,-0.0369623,1.33,2.123
B,2022-03-25T08:00Z,03-25,0,0.999116,0,0,-0.0714131,1.33,2.123
B,2022-03-25T09:00Z,03-25,0,0.998092,0,0,0.466879,1.33,2.123
B,2022-03-25T10:00Z,03-25,0,0.998698,0,0,-0.375424,1.33,2.123
B,2022-03-25T11:00Z,03-25,0,1,0,0,-0.44857,1.33,2.123
B,2022-03-25T12:00Z,03-25,0,0.999574,0,0,1.46177,1.33,2.123
B,2022-03-25T13:00Z,03-25,0,0.998887,0,0.8,2.26532,1.33,2.123
B,2022-03-25T14:00Z,03-25,0,1,0,1,2.92833,1.33,2.123
B,2022-03-25T15:00Z,03-25,0,0.999066,0,1,3.11982,1.33,2.123
B,2022-03-25T16:00Z,03-25,0,0.998573,0,1,3.91078,1.33,2.123
B,2022-03-25T17:00Z,03-25,0,0.999527,0,1,4.73623,1.33,2.123
B,2022-03-25T18:00Z,03-25,0,0.997998,0,1,11.9639,1.33,2.123
B,2022-03-25T19:00Z,03-25,0,0.999536,0,1,26.2431,1.33,2.123
B,2022-03-25T20:00Z,03-25,0,0.999443,0,1,21.7083,1.33,2.123
B,2022-03-25T21:00Z,03-25,0,0.999443,0,1,22.7597,1.33,2.123
B,2022-03-25T22:00Z,03-25,0,0.998747,0,1,18.4638,1.33,2.123
B,2022-03-25T23:00Z,03-25,0,0.999489,0,1,22.1298,1.33,2.123
B,2022-03-26T00:00Z,03-26,0,0.999721,0,1,14,0.76,1.763
B,2022-03-26T01:00Z,03-26,0,0.999491,0,1,15.0844,0.76,1.763
B,2022-03-26T02:00Z,03-26,0,0.999211,0,1,11.2156,0.76,1.763
B,2022-03-26T03:00Z,03-26,0,0.998979,0,1,3.98526,0.76,1.763
B,2022-03-26T04:00Z,03-26,0,0.9987,0,0.333333,1.27945,0.76,1.763
B,2022-03-26T05:00Z,03-26,0,0.999304,0,0,0.267049,0.76,1.763
B,2022-03-26T06:00Z,03-26,0,0.998189,0,0.166667,-0.230881,0.76,1.763
B,2022-03-26T07:00Z,03-26,0,0.993086,48,0.166667,0.609576,0.76,1.763
B,2022-03-26T08:00Z,03-26,0,0.997959,0,0.166667,0.700334,0.76,1.763
B,2022-03-26T09:00Z,03-26,0,0.999721,0,0,-0.447891,0.76,1.763
B,2022-03-26T10:00Z,03-26,0,1,0,0,-0.222291,0.76,1.763
B,2022-03-26T11:00Z,03-26,0,1,0,0,0.236258,0.76,1.763
B,2022-03-26T12:00Z,03-26,0,0.999166,0,0,0.518824,0.76,1.763
B,2022-03-26T13:00Z,03-26,0,1,0,0,1.48882,0.76,1.763
B,2022-03-26T14:00Z,03-26,0,1,0,0.666667,2.44984,0.76,1.763
B,2022-03-26T15:00Z,03-26,0,0.920843,0,1,3.35012,0.76,1.763
B,2022-03-26T16:00Z,03-26,0,0.909091,0,1,3.80116,0.76,1.763
B,2022-03-26T17:00Z,03-26,0,0.909091,0,1,3.67334,0.76,1.763
B,2022-03-26T18:00Z,03-26,0,0.906808,0,1,3.44041,0.76,1.763
B,2022-03-26T19:00Z,03-26,0,0.908499,0,1,3.40916,0.76,1.763
B,2022-03-26T20:00Z,03-26,0,0.908837,0,1,5.17635,0.76,1.763
B,2022-03-26T21:00Z,03-26,0,0.909091,0,1,6.23127,0.76,1.763
B,2022-03-26T22:00Z,03-26,0,0.923077,0,1,5.289,0.76,1.763
B,2022-03-26T23:00Z,03-26,0,0.907487,0,1,5.13527,0.76,1.763
B,2022-03-27T00:00Z,03-27,0,0.909091,0,1,5.48087,0.781,0.8118
B,2022-03-27T01:00Z,03-27,0,0.909091,0,1,5.73168,0.781,0.8118
B,2022-03-27T02:00Z,03-27,0,0.909091,0,1,4.10183,0.781,0.8118
B,2022-03-27T03:00Z,03-27,0,0.908331,0,1,2.69232,0.781,0.8118
B,2022-03-27T04:00Z,03-27,0,0.909091,0,0,1.89695,0.781,0.8118
B,2022-03-27T05:00Z,03-27,0,0.9085,0,0,0.782892,0.781,0.8118
B,2022-03-27T06:00Z,03-27,0,0.907995,0,0,-0.913451,0.781,0.8118
B,2022-03-27T07:00Z,03-27,0,0.909091,0,0,-0.721168,0.781,0.8118
B,2022-03-27T08:00Z,03-27,0,0.909091,0,0,-0.907067,0.781,0.8118
B,2022-03-27T09:00Z,03-27,0,0.902831,108,0,-0.762763,0.781,0.8118
B,2022-03-27T10:00Z,03-27,0,0.9071,0,0,-0.338199,0.781,0.8118
B,2022-03-27T11:00Z,03-27,0,0.909091,0,0,0.062943,0.781,0.8118
B,2022-03-27T12:00Z,03-27,0,0.909091,0,0,0.158575,0.781,0.8118
B,2022-03-27T13:00Z,03-27,0,0.908541,0,0,0.640752,0.781,0.8118
B,2022-03-27T14:00Z,03-27,0,0.909091,0,0.166667,1.76335,0.781,0.8118
B,2022-03-27T15:00Z,03-27,0,0.90867,0,1,2.81165,0.781,0.8118
B,2022-03-27T16:00Z,03-27,0,0.90867,0,1,3.36111,0.781,0.8118
B,2022-03-27T17:00Z,03-27,0,0.909091,0,1,3.39173,0.781,0.8118
B,2022-03-27T18:00Z,03-27,0,0.908289,0,1,3.42145,0.781,0.8118
B,2022-03-27T19:00Z,03-27,0,0.909091,0,1,3.35761,0.781,0.8118
B,2022-03-27T20:00Z,03-27,0,0.909091,0,0.666667,2.34622,0.781,0.8118
B,2022-03-27T21:00Z,03-27,0,0.90888,0,0,1.48042,0.781,0.8118
B,2022-03-27T22:00Z,03-27,0,0.909091,0,0,0.611496,0.781,0.8118
B,2022-03-27T23:00Z,03-27,0,0.908838,0,0,0.137356,0.781,0.8118
B,2022-03-28T00:00Z,03-28,0,0.90888,0,0,-0.211668,0.619,1.303
B,2022-03-28T01:00Z,03-28,0,0.909091,0,0,-0.465841,0.619,1.303
B,2022-03-28T02:00Z,03-28,0,0.909091,0,0,-0.786151,0.619,1.303
B,2022-03-28T03:00Z,03-28,0,0.909091,0,0,-1.09962,0.619,1.303
B,2022-03-28T04:00Z,03-28,0,0.908669,0,0,-1.16812,0.619,1.303
B,2022-03-28T05:00Z,03-28,0,0.909091,0,0,-1.60993,0.619,1.303
B,2022-03-28T06:00Z,03-28,0,0.909091,0,0,-1.87791,0.619,1.303
B,2022-03-28T07:00Z,03-28,0,0.908205,0,0,-1.82619,0.619,1.303
B,2022-03-28T08:00Z,03-28,8.41751e-05,0.907447,0,0,-2.01689,0.619,1.303
B,2022-03-28T09:00Z,03-28,0,0.90812,0,0,-1.93051,0.619,1.303
B,2022-03-28T10:00Z,03-28,0,0.92192,0,0,-1.84135,0.619,1.303
B,2022-03-28T11:00Z,03-28,0,0.908321,0,0,-1.96196,0.619,1.303
B,2022-03-28T12:00Z,03-28,0,0.908497,0,0,-1.8584,0.619,1.303
B,2022-03-28T13:00Z,03-28,0,0.908247,0,0,-1.37574,0.619,1.303
B,2022-03-28T14:00Z,03-28,0,0.909091,0,0,-0.386413,0.619,1.303
B,2022-03-28T15:00Z,03-28,0,0.921868,0,0,-0.0261387,0.619,1.303
B,2022-03-28T16:00Z,03-28,0,0.922496,0,0,-0.249187,0.619,1.303
B,2022-03-28T17:00Z,03-28,0,0.908823,0,0,0.329768,0.619,1.303
B,2022-03-28T18:00Z,03-28,0,0.90829,0,0,1.1184,0.619,1.303
B,2022-03-28T19:00Z,03-28,0,0.90812,0,0.333333,1.84923,0.619,1.303
B,2022-03-28T20:00Z,03-28,0,0.908795,0,0,0.935772,0.619,1.303
B,2022-03-28T21:00Z,03-28,0,0.908838,0,0,0.363716,0.619,1.303
B,2022-03-28T22:00Z,03-28,0,0.909091,0,0,0.480435,0.619,1.303
B,2022-03-28T23:00Z,03-28,0,0.90888,0,0,0.414755,0.619,1.303
B,2022-03-29T00:00Z,03-29,0,0.90888,0,0,-0.202822,0.5,0.8466
B,2022-03-29T01:00Z,03-29,0,0.909091,0,0,-0.994361,0.5,0.8466
B,2022-03-29T02:00Z,03-29,0,0.908416,0,0,-1.24276,0.5,0.8466
B,2022-03-29T03:00Z,03-29,0,0.906982,0,0,-0.852174,0.5,0.8466
B,2022-03-29T04:00Z,03-29,0,0.909091,0,0,0.392098,0.5,0.8466
B,2022-03-29T05:00Z,03-29,0,0.907825,0,0,1.23014,0.5,0.8466
B,2022-03-29T06:00Z,03-29,0,0.908037,0,0,-0.266167,0.5,0.8466
B,2022-03-29T07:00Z,03-29,0,0.908838,0,0,-0.943925,0.5,0.8466
B,2022-03-29T08:00Z,03-29,0,0.908823,0,0,-1.64124,0.5,0.8466
B,2022-03-29T09:00Z,03-29,0,0.9085,0,0,-1.70889,0.5,0.8466
B,2022-03-29T10:00Z,03-29,0,0.908239,0,0,-1.76329,0.5,0.8466
B,2022-03-29T11:00Z,03-29,0,0.908838,0,0,-1.53133,0.5,0.8466
B,2022-03-29T12:00Z,03-29,0,0.922711,0,0,-1.30867,0.5,0.8466
B,2022-03-29T13:00Z,03-29,0,0.908814,0,0,-1.31141,0.5,0.8466
B,2022-03-29T14:00Z,03-29,0,0.909091,0,0,-1.78378,0.5,0.8466
B,2022-03-29T15:00Z,03-29,0,0.950661,0,0,-1.83741,0.5,0.8466
B,2022-03-29T16:00Z,03-29,0,0.90862,0,0,-1.82696,0.5,0.8466
B,2022-03-29T17:00Z,03-29,0,0.908548,0,0,-1.51057,0.5,0.8466
B,2022-03-29T18:00Z,03-29,0,0.908289,0,0,-1.02059,0.5,0.8466
B,2022-03-29T19:00Z,03-29,0,0.908584,0,0,-0.773706,0.5,0.8466
B,2022-03-29T20:00Z,03-29,0,0.908753,0,0,-0.0894461,0.5,0.8466
B,2022-03-29T21:00Z,03-29,0,0.909091,0,0,0.00144408,0.5,0.8466
B,2022-03-29T22:00Z,03-29,0,0.908036,0,0,-0.523381,0.5,0.8466
B,2022-03-29T23:00Z,03-29,0,0.909091,0,0,-1.52649,0.5,0.8466
B,2022-03-30T00:00Z,03-30,0,0.909091,0,0,-1.63188,-0.012,1.945
B,2022-03-30T01:00Z,03-30,0,0.909091,0,0,-1.67957,-0.012,1.945
B,2022-03-30T02:00Z,03-30,0,0.908416,0,0,-1.67463,-0.012,1.945
B,2022-03-30T03:00Z,03-30,0,0.909091,0,0,-1.60876,-0.012,1.945
B,2022-03-30T04:00Z,03-30,0,0.909091,0,0,-1.52758,-0.012,1.945
B,2022-03-30T05:00Z,03-30,0,0.909091,0,0,-1.45049,-0.012,1.945
B,2022-03-30T06:00Z,03-30,0,0.908036,0,0,-1.70357,-0.012,1.945
B,2022-03-30T07:00Z,03-30,0,0.918319,0,0,-2.0034,-0.012,1.945
B,2022-03-30T08:00Z,03-30,0,0.902488,146.5,0,-2.00507,-0.012,1.945
B,2022-03-30T09:00Z,03-30,0,0.922555,0,0,-1.98193,-0.012,1.945
B,2022-03-30T10:00Z,03-30,0,0.923077,0,0,-2.01469,-0.012,1.945
B,2022-03-30T11:00Z,03-30,0,0.907771,0,0,-1.93472,-0.012,1.945
B,2022-03-30T12:00Z,03-30,0,0.909091,0,0,-1.83861,-0.012,1.945
B,2022-03-30T13:00Z,03-30,0,0.909091,0,0,-1.64953,-0.012,1.945
B,2022-03-30T14:00Z,03-30,0,0.921959,0,0,-0.467318,-0.012,1.945
B,2022-03-30T15:00Z,03-30,0,0.919696,0,0,-0.511759,-0.012,1.945
B,2022-03-30T16:00Z,03-30,0,0.920719,0,0.6,3.04578,-0.012,1.945
B,2022-03-30T17:00Z,03-30,0,0.909001,0,1,26.6499,-0.012,1.945
B,2022-03-30T18:00Z,03-30,0,0.898588,0,1,36.5296,-0.012,1.945
B,2022-03-30T19:00Z,03-30,0,0.971959,0,1,34.2175,-0.012,1.945
B,2022-03-30T20:00Z,03-30,0.046875,0.873187,0,1,14.8867,-0.012,1.945
B,2022-03-30T21:00Z,03-30,0,0.90757,0,0.333333,0.865831,-0.012,1.945
B,2022-03-30T22:00Z,03-30,0,0.903985,0,0,-1.05032,-0.012,1.945
B,2022-03-30T23:00Z,03-30,0,0.907105,0,0,-0.868651,-0.012,1.945
B,2022-03-31T00:00Z,03-31,0,0.909091,0,0,-0.55984,0.277,1.554
B,2022-03-31T01:00Z,03-31,0,0.909091,0,0,-0.321778,0.277,1.554
B,2022-03-31T02:00Z,03-31,0,0.909006,0,0,0.0712961,0.277,1.554
B,2022-03-31T03:00Z,03-31,0,0.908838,0,0,0.353116,0.277,1.554
B,2022-03-31T04:00Z,03-31,0,0.90888,0,0,0.794629,0.277,1.554
B,2022-03-31T05:00Z,03-31,0,0.90888,0,0,1.05048,0.277,1.554
B,2022-03-31T06:00Z,03-31,0,0.9085,0,0.333333,1.88843,0.277,1.554
B,2022-03-31T07:00Z,03-31,0.00013369,0.903557,13,0.166667,0.270922,0.277,1.554
B,2022-03-31T08:00Z,03-31,0,0.879258,82,0,1.65523,0.277,1.554
B,2022-03-31T09:00Z,03-31,0,0.907564,0,1,3.01432,0.277,1.554
B,2022-03-31T10:00Z,03-31,0,0.935068,0,1,3.38687,0.277,1.554
B,2022-03-31T11:00Z,03-31,0,0.905913,0,1,5.33207,0.277,1.554
B,2022-03-31T12:00Z,03-31,0,0.905862,10,0,0.897465,0.277,1.554
B,2022-03-31T13:00Z,03-31,0,0.907694,0,0.333333,1.36357,0.277,1.554
B,2022-03-31T14:00Z,03-31,0,0.90888,0,1,3.8953,0.277,1.554
B,2022-03-31T15:00Z,03-31,0,0.908497,0,1,4.32089,0.277,1.554
B,2022-03-31T16:00Z,03-31,0,0.909091,0,1,3.4088,0.277,1.554
B,2022-03-31T17:00Z,03-31,0,0.90888,0,0.666667,2.95156,0.277,1.554
B,2022-03-31T18:00Z,03-31,0,0.907783,0,0.833333,6.57412,0.277,1.554
B,2022-03-31T19:00Z,03-31,0,0.909091,0,1,9.24722,0.277,1.554
B,2022-03-31T20:00Z,03-31,0,0.908373,0,1,5.56202,0.277,1.554
B,2022-03-31T21:00Z,03-31,0,0.909091,0,1,5.36972,0.277,1.554
B,2022-03-31T22:00Z,03-31,0,0.908838,0,1,3.82056,0.277,1.554
B,2022-03-31T23:00Z,03-31,0,0.90812,0,1,2.59665,0.277,1.554
C,2022-03-19T00:00Z,03-19,0.00213556,0.996981,0,-,-,-0.206,0.2875
C,2022-03-19T01:00Z,03-19,0.0097021,0.98793,4,-,-,-0.206,0.2875
C,2022-03-19T02:00Z,03-19,0,0.998557,0,-,-,-0.206,0.2875
C,2022-03-19T03:00Z,03-19,0,1,0,-,-,-0.206,0.2875
C,2022-03-19T04:00Z,03-19,0,1,0,-,-,-0.206,0.2875
C,2022-03-19T05:00Z,03-19,0,0.998422,0,-,-,-0.206,0.2875
C,2022-03-19T06:00Z,03-19,0,0.998979,0,-,-,-0.206,0.2875
C,2022-03-19T07:00Z,03-19,0,0.998886,0,-,-,-0.206,0.2875
C,2022-03-19T08:00Z,03-19,0,1,0,-,-,-0.206,0.2875
C,2022-03-19T09:00Z,03-19,0,0.998143,0,-,-,-0.206,0.2875
C,2022-03-19T10:00Z,03-19,0,0.999443,0,-,-,-0.206,0.2875
C,2022-03-19T11:00Z,03-19,0,0.999304,0,-,-,-0.206,0.2875
C,2022-03-19T12:00Z,03-19,0,0.999443,0,-,-,-0.206,0.2875
C,2022-03-19T13:00Z,03-19,0,0.999444,0,-,-,-0.206,0.2875
C,2022-03-19T14:00Z,03-19,0,1,0,-,-,-0.206,0.2875
C,2022-03-19T15:00Z,03-19,0,0.999907,0,-,-,-0.206,0.2875
C,2022-03-19T16:00Z,03-19,0,0.999395,0,-,-,-0.206,0.2875
C,2022-03-19T17:00Z,03-19,0,0.999069,0,-,-,-0.206,0.2875
C,2022-03-19T18:00Z,03-19,0,0.998702,0,0,1.4616,-0.206,0.2875
C,2022-03-19T19:00Z,03-19,0,0.999767,0,0,0.929947,-0.206,0.2875
C,2022-03-19T20:00Z,03-19,0,0.999304,0,0,0.661107,-0.206,0.2875
C,2022-03-19T21:00Z,03-19,0,0.999721,0,0,0.675579,-0.206,0.2875
C,2022-03-19T22:00Z,03-19,0,0.98301,74,0,0.410372,-0.206,0.2875
C,2022-03-19T23:00Z,03-19,0,0.991373,0,0,0.546413,-0.206,0.2875
C,2022-03-20T00:00Z,03-20,0,0.999629,0,0,0.159539,-0.141,0.7345
C,2022-03-20T01:00Z,03-20,0,1,0,0,0.0509017,-0.141,0.7345
C,2022-03-20T02:00Z,03-20,0,1,0,0,-0.000216921,-0.141,0.7345
C,2022-03-20T03:00Z,03-20,0,0.999257,0,0,-0.0365446,-0.141,0.7345
C,2022-03-20T04:00Z,03-20,0,1,0,0,0.000736108,-0.141,0.7345
C,2022-03-20T05:00Z,03-20,0,1,0,0,0.350278,-0.141,0.7345
C,2022-03-20T06:00Z,03-20,0,0.998887,0,0,0.843442,-0.141,0.7345
C,2022-03-20T07:00Z,03-20,0,0.999304,0,0,-0.216624,-0.141,0.7345
C,2022-03-20T08:00Z,03-20,0,0.999211,0,0,-0.210134,-0.141,0.7345
C,2022-03-20T09:00Z,03-20,0,0.998609,0,0.166667,1.91214,-0.141,0.7345
C,2022-03-20T10:00Z,03-20,0,0.999396,0,0,-0.339255,-0.141,0.7345
C,2022-03-20T11:00Z,03-20,0,0.998793,0,0,-0.614957,-0.141,0.7345
C,2022-03-20T12:00Z,03-20,0,0.999528,0,0,-0.606201,-0.141,0.7345
C,2022-03-20T13:00Z,03-20,0,0.999164,0,0,-0.633233,-0.141,0.7345
C,2022-03-20T14:00Z,03-20,0,0.998561,0,0,-0.557965,-0.141,0.7345
C,2022-03-20T15:00Z,03-20,0,0.995632,109,0,-0.545691,-0.141,0.7345
C,2022-03-20T16:00Z,03-20,0,0.998793,0,0,-0.504177,-0.141,0.7345
C,2022-03-20T17:00Z,03-20,0,0.998979,0,0.333333,0.112792,-0.141,0.7345
C,2022-03-20T18:00Z,03-20,0,0.997633,0,0.166667,1.38228,-0.141,0.7345
C,2022-03-20T19:00Z,03-20,0,0.999582,0,1,22.4013,-0.141,0.7345
C,2022-03-20T20:00Z,03-20,0,0.999628,0,1,19.7175,-0.141,0.7345
C,2022-03-20T21:00Z,03-20,0,0.998979,0,1,19.4099,-0.141,0.7345
C,2022-03-20T22:00Z,03-20,0,0.997542,0,1,14.3642,-0.141,0.7345
C,2022-03-20T23:00Z,03-20,0,0.999211,0,0.833333,4.89719,-0.141,0.7345
C,2022-03-21T00:00Z,03-21,0,0.999534,0,0,0.535023,0.729,0.9084
C,2022-03-21T01:00Z,03-21,0,0.998839,0,0,0.497868,0.729,0.9084
C,2022-03-21T02:00Z,03-21,0,0.998932,0,0,0.400866,0.729,0.9084
C,2022-03-21T03:00Z,03-21,0,0.999164,0,0,0.178137,0.729,0.9084
C,2022-03-21T04:00Z,03-21,0,0.999768,0,1,3.44523,0.729,0.9084
C,2022-03-21T05:00Z,03-21,0,0.998654,0,1,5.7177,0.729,0.9084
C,2022-03-21T06:00Z,03-21,0,0.998376,0,0.166667,0.467059,0.729,0.9084
C,2022-03-21T07:00Z,03-21,0,0.998284,0,0,-0.479718,0.729,0.9084
C,2022-03-21T08:00Z,03-21,0,0.998932,0,0,-0.451998,0.729,0.9084
C,2022-03-21T09:00Z,03-21,0,0.999073,0,0,-0.589842,0.729,0.9084
C,2022-03-21T10:00Z,03-21,0,0.999304,0,0,-0.46672,0.729,0.9084
C,2022-03-21T11:00Z,03-21,0,0.999443,0,0,0.21523,0.729,0.9084
C,2022-03-21T12:00Z,03-21,0,1,0,0,0.979425,0.729,0.9084
C,2022-03-21T13:00Z,03-21,0,0.996659,0,0,0.776897,0.729,0.9084
C,2022-03-21T14:00Z,03-21,0,0.999352,0,0,0.262938,0.729,0.9084
C,2022-03-21T15:00Z,03-21,0,0.999579,0,0,0.214125,0.729,0.9084
C,2022-03-21T16:00Z,03-21,0,0.999442,0,0,0.0877458,0.729,0.9084
C,2022-03-21T17:00Z,03-21,0,0.999018,0,0,-0.013423,0.729,0.9084
C,2022-03-21T18:00Z,03-21,0,0.997477,0,0,-0.083573,0.729,0.9084
C,2022-03-21T19:00Z,03-21,0,0.997725,0,0,-0.485216,0.729,0.9084
C,2022-03-21T20:00Z,03-21,0,0.987529,95,0,-0.406059,0.729,0.9084
C,2022-03-21T21:00Z,03-21,0,0.999537,0,0,-0.693929,0.729,0.9084
C,2022-03-21T22:00Z,03-21,0,0.999768,0,0,-0.574767,0.729,0.9084
C,2022-03-21T23:00Z,03-21,0,0.999211,0,0,-0.757338,0.729,0.9084
C,2022-03-22T00:00Z,03-22,0.0086006,0.991399,3,0.5,2.25691,0.201,0.8913
C,2022-03-22T01:00Z,03-22,0.00334262,0.996657,0,0,0.477432,0.201,0.8913
C,2022-03-22T02:00Z,03-22,0,0.998607,0,0,-0.467261,0.201,0.8913
C,2022-03-22T03:00Z,03-22,0,1,0,0,-0.406404,0.201,0.8913
C,2022-03-22T04:00Z,03-22,0,1,0,0,-0.425284,0.201,0.8913
C,2022-03-22T05:00Z,03-22,0,0.998979,0,0,-0.571787,0.201,0.8913
C,2022-03-22T06:00Z,03-22,0,0.998515,0,0,-0.26422,0.201,0.8913
C,2022-03-22T07:00Z,03-22,0,0.998932,0,0,-0.773619,0.201,0.8913
C,2022-03-22T08:00Z,03-22,0,0.999536,0,0,-0.744164,0.201,0.8913
C,2022-03-22T09:00Z,03-22,0,0.998878,0,0,-0.593025,0.201,0.8913
C,2022-03-22T10:00Z,03-22,0,0.999164,0,0,-0.324549,0.201,0.8913
C,2022-03-22T11:00Z,03-22,0,0.99884,0,0,-0.00708025,0.201,0.8913
C,2022-03-22T12:00Z,03-22,0,0.998231,0,0,-0.245902,0.201,0.8913
C,2022-03-22T13:00Z,03-22,0,0.999073,0,0,-0.53833,0.201,0.8913
C,2022-03-22T14:00Z,03-22,0,0.999396,0,0,-0.327341,0.201,0.8913
C,2022-03-22T15:00Z,03-22,0,0.999722,0,0,-0.454637,0.201,0.8913
C,2022-03-22T16:00Z,03-22,0,1,0,0,-0.650432,0.201,0.8913
C,2022-03-22T17:00Z,03-22,0,0.99934,0,0,-0.637811,0.201,0.8913
C,2022-03-22T18:00Z,03-22,0,0.996474,0,0,-0.0466027,0.201,0.8913
C,2022-03-22T19:00Z,03-22,0.000233427,0.999486,0,0.5,1.75318,0.201,0.8913
C,2022-03-22T20:00Z,03-22,0.00037037,0.999074,0,1,4.8547,0.201,0.8913
C,2022-03-22T21:00Z,03-22,0,0.999629,0,1,4.24066,0.201,0.8913
C,2022-03-22T22:00Z,03-22,0,1,0,1,19.6541,0.201,0.8913
C,2022-03-22T23:00Z,03-22,0,0.999721,0,0.666667,7.77328,0.201,0.8913
C,2022-03-23T00:00Z,03-23,0,0.999629,0,0,0.637325,0.212,3.059
C,2022-03-23T01:00Z,03-23,0,0.994107,0,0,0.718921,0.212,3.059
C,2022-03-23T02:00Z,03-23,0,0.992063,0,0.166667,0.786336,0.212,3.059
C,2022-03-23T03:00Z,03-23,0,0.999211,0,1,15.808,0.212,3.059
C,2022-03-23T04:00Z,03-23,0,0.999536,0,1,15.5103,0.212,3.059
C,2022-03-23T05:00Z,03-23,0,0.999398,0,0.166667,1.17279,0.212,3.059
C,2022-03-23T06:00Z,03-23,0,0.998236,0,0.5,4.85439,0.212,3.059
C,2022-03-23T07:00Z,03-23,0,0.997911,0,0.166667,-0.227138,0.212,3.059
C,2022-03-23T08:00Z,03-23,0,0.999861,0,0,-0.162292,0.212,3.059
C,2022-03-23T09:00Z,03-23,0,0.993317,0,0,-0.364797,0.212,3.059
C,2022-03-23T10:00Z,03-23,0,0.990038,164,0,-0.643374,0.212,3.059
C,2022-03-23T11:00Z,03-23,0,0.999157,0,0,-0.665522,0.212,3.059
C,2022-03-23T12:00Z,03-23,0,0.999536,0,0,-0.440016,0.212,3.059
C,2022-03-23T13:00Z,03-23,0,0.996278,0,0,-0.234825,0.212,3.059
C,2022-03-23T14:00Z,03-23,0,0.991441,92,0,0.0146664,0.212,3.059
C,2022-03-23T15:00Z,03-23,0,0.99874,0,0,-0.200517,0.212,3.059
C,2022-03-23T16:00Z,03-23,0,0.998833,0,0,-0.0930806,0.212,3.059
C,2022-03-23T17:00Z,03-23,0,0.988548,62,0,-0.0918525,0.212,3.059
C,2022-03-23T18:00Z,03-23,0,0.988999,25,0,0.707102,0.212,3.059
C,2022-03-23T19:00Z,03-23,0,0.979722,32,0.166667,1.89732,0.212,3.059
C,2022-03-23T20:00Z,03-23,0,0.995916,0,0,1.22546,0.212,3.059
C,2022-03-23T21:00Z,03-23,0,0.999722,0,0,0.848334,0.212,3.059
C,2022-03-23T22:00Z,03-23,0,0.999071,0,0,0.545389,0.212,3.059
C,2022-03-23T23:00Z,03-23,0,1,0,0,0.220014,0.212,3.059
C,2022-03-24T00:00Z,03-24,0,0.99935,0,0,0.0372462,1.581,2.668
C,2022-03-24T01:00Z,03-24,0,0.999259,0,0,0.112857,1.581,2.668
C,2022-03-24T02:00Z,03-24,0,1,0,0,0.204481,1.581,2.668
C,2022-03-24T03:00Z,03-24,0,0.999211,0,0,0.482946,1.581,2.668
C,2022-03-24T04:00Z,03-24,0,0.999537,0,0,0.368181,1.581,2.668
C,2022-03-24T05:00Z,03-24,0,0.998333,0,0,0.0933165,1.581,2.668
C,2022-03-24T06:00Z,03-24,0,0.99963,0,0,-0.212652,1.581,2.668
C,2022-03-24T07:00Z,03-24,0,1,0,0,-0.0654363,1.581,2.668
C,2022-03-24T08:00Z,03-24,0,0.999536,0,0,0.533431,1.581,2.668
C,2022-03-24T09:00Z,03-24,0,0.996891,174,0,0.0470905,1.581,2.668
C,2022-03-24T10:00Z,03-24,0,0.990075,98,0,0.669926,1.581,2.668
C,2022-03-24T11:00Z,03-24,0,0.996704,0,0,0.755573,1.581,2.668
C,2022-03-24T12:00Z,03-24,0,0.999071,0,0,0.440366,1.581,2.668
C,2022-03-24T13:00Z,03-24,0,0.999212,0,0,-0.300425,1.581,2.668
C,2022-03-24T14:00Z,03-24,0,0.999815,0,0,-0.395596,1.581,2.668
C,2022-03-24T15:00Z,03-24,0,0.999119,0,0,-0.473441,1.581,2.668
C,2022-03-24T16:00Z,03-24,0,1,0,0,-0.542321,1.581,2.668
C,2022-03-24T17:00Z,03-24,0,0.99902,0,0,-0.486264,1.581,2.668
C,2022-03-24T18:00Z,03-24,0,0.980414,23,0.166667,0.452586,1.581,2.668
C,2022-03-24T19:00Z,03-24,0.000814228,0.906292,25,1,5.57788,1.581,2.668
C,2022-03-24T20:00Z,03-24,0.000759686,0.898674,14,1,10.4846,1.581,2.668
C,2022-03-24T21:00Z,03-24,0,0.907489,0,1,7.85829,1.581,2.668
C,2022-03-24T22:00Z,03-24,0,0.908669,0,1,8.02921,1.581,2.668
C,2022-03-24T23:00Z,03-24,0,0.909091,0,1,7.37892,1.581,2.668
C,2022-03-25T00:00Z,03-25,0,0.909091,0,1,7.55007,0.705,1.562
C,2022-03-25T01:00Z,03-25,0,0.908078,0,1,7.77609,0.705,1.562
C,2022-03-25T02:00Z,03-25,0,0.908584,0,1,8.0009,0.705,1.562
C,2022-03-25T03:00Z,03-25,0,0.909091,0,1,8.90825,0.705,1.562
C,2022-03-25T04:00Z,03-25,0,0.908838,0,1,8.31985,0.705,1.562
C,2022-03-25T05:00Z,03-25,0,0.908122,0,1,5.86679,0.705,1.562
C,2022-03-25T06:00Z,03-25,0,0.908162,0,0.333333,-0.587075,0.705,1.562
C,2022-03-25T07:00Z,03-25,0,0.908669,0,0,-0.567134,0.705,1.562
C,2022-03-25T08:00Z,03-25,0,0.907994,0,0,0.702715,0.705,1.562
C,2022-03-25T09:00Z,03-25,0,0.908289,0,0,0.492904,0.705,1.562
C,2022-03-25T10:00Z,03-25,0,0.90833,0,0,-0.427467,0.705,1.562
C,2022-03-25T11:00Z,03-25,0,0.908458,0,0,-0.534619,0.705,1.562
C,2022-03-25T12:00Z,03-25,0,0.907531,0,0,-0.0696846,0.705,1.562
C,2022-03-25T13:00Z,03-25,0,0.908036,0,0,-0.188786,0.705,1.562
C,2022-03-25T14:00Z,03-25,0,0.908373,0,0,-0.120536,0.705,1.562
C,2022-03-25T15:00Z,03-25,0.000383044,0.896285,0,0,-0.143646,0.705,1.562
C,2022-03-25T16:00Z,03-25,0.000214004,0.898099,17,0,0.308607,0.705,1.562
C,2022-03-25T17:00Z,03-25,0,0.90824,0,0,-0.218303,0.705,1.562
C,2022-03-25T18:00Z,03-25,0,0.904322,0,0,-0.224471,0.705,1.562
C,2022-03-25T19:00Z,03-25,0,0.906434,0,0,-0.00372895,0.705,1.562
C,2022-03-25T20:00Z,03-25,0,0.908164,0,0,0.506292,0.705,1.562
C,2022-03-25T21:00Z,03-25,0,0.908459,0,0,0.924184,0.705,1.562
C,2022-03-25T22:00Z,03-25,0,0.908416,0,0,0.937349,0.705,1.562
C,2022-03-25T23:00Z,03-25,0.000506457,0.906854,0,0.166667,1.56391,0.705,1.562
C,2022-03-26T00:00Z,03-26,0.000506457,0.901079,64,1,17.4335,0.476,1.234
C,2022-03-26T01:00Z,03-26,0,0.908584,0,1,14.5262,0.476,1.234
C,2022-03-26T02:00Z,03-26,0,0.908205,0,1,16.6616,0.476,1.234
C,2022-03-26T03:00Z,03-26,0,0.909091,0,1,16.0976,0.476,1.234
C,2022-03-26T04:00Z,03-26,0,0.907867,0,0.166667,0.570865,0.476,1.234
C,2022-03-26T05:00Z,03-26,0,0.908753,0,0,0.301823,0.476,1.234
C,2022-03-26T06:00Z,03-26,0,0.906981,0,0.166667,0.200196,0.476,1.234
C,2022-03-26T07:00Z,03-26,0,0.908416,0,0,-0.00185904,0.476,1.234
C,2022-03-26T08:00Z,03-26,0,0.907656,0,0,0.639288,0.476,1.234
C,2022-03-26T09:00Z,03-26,0,0.908879,0,0,0.320723,0.476,1.234
C,2022-03-26T10:00Z,03-26,0,0.907994,0,0,-0.180336,0.476,1.234
C,2022-03-26T11:00Z,03-26,0,0.90888,0,0,-0.405461,0.476,1.234
C,2022-03-26T12:00Z,03-26,0,0.908039,0,0,-0.348824,0.476,1.234
C,2022-03-26T13:00Z,03-26,0,0.908879,0,0,-0.304329,0.476,1.234
C,2022-03-26T14:00Z,03-26,0,0.907186,0,0,-0.30423,0.476,1.234
C,2022-03-26T15:00Z,03-26,0,0.923077,0,0,-0.422824,0.476,1.234
C,2022-03-26T16:00Z,03-26,0,0.908247,0,0,-0.427382,0.476,1.234
C,2022-03-26T17:00Z,03-26,0.000294613,0.841161,17,0.5,1.22756,0.476,1.234
C,2022-03-26T18:00Z,03-26,0.000253229,0.866682,18,1,7.106,0.476,1.234
C,2022-03-26T19:00Z,03-26,0,0.904026,37,1,22.7512,0.476,1.234
C,2022-03-26T20:00Z,03-26,0,0.908247,0,1,22.088,0.476,1.234
C,2022-03-26T21:00Z,03-26,0,0.909091,0,1,21.33,0.476,1.234
C,2022-03-26T22:00Z,03-26,0,0.908838,0,1,21.1161,0.476,1.234
C,2022-03-26T23:00Z,03-26,0,0.909091,0,1,18.2422,0.476,1.234
C,2022-03-27T00:00Z,03-27,0,0.9085,0,1,17.0428,0.605,0.5852
C,2022-03-27T01:00Z,03-27,0,0.909091,0,1,16.4769,0.605,0.5852
C,2022-03-27T02:00Z,03-27,0,0.909091,0,1,16.0121,0.605,0.5852
C,2022-03-27T03:00Z,03-27,0,0.907909,0,1,14.3893,0.605,0.5852
C,2022-03-27T04:00Z,03-27,0,0.909091,0,1,12.8273,0.605,0.5852
C,2022-03-27T05:00Z,03-27,0,0.908838,0,0.833333,5.96798,0.605,0.5852
C,2022-03-27T06:00Z,03-27,0,0.908542,0,0.333333,0.942565,0.605,0.5852
C,2022-03-27T07:00Z,03-27,0,0.908458,0,0,-0.709735,0.605,0.5852
C,2022-03-27T08:00Z,03-27,0,0.908584,0,0,-0.374038,0.605,0.5852
C,2022-03-27T09:00Z,03-27,0,0.908838,0,0,-0.211595,0.605,0.5852
C,2022-03-27T10:00Z,03-27,0,0.90677,0,0,-0.204307,0.605,0.5852
C,2022-03-27T11:00Z,03-27,0,0.907572,0,0,0.360892,0.605,0.5852
C,2022-03-27T12:00Z,03-27,0,0.907066,0,0,-0.137411,0.605,0.5852
C,2022-03-27T13:00Z,03-27,0,0.906602,28,0,1.40355,0.605,0.5852
C,2022-03-27T14:00Z,03-27,0,0.908205,0,0,0.870263,0.605,0.5852
C,2022-03-27T15:00Z,03-27,0,0.908247,0,0,0.630613,0.605,0.5852
C,2022-03-27T16:00Z,03-27,0,0.909091,0,0,0.235852,0.605,0.5852
C,2022-03-27T17:00Z,03-27,0,0.908542,0,0,0.422019,0.605,0.5852
C,2022-03-27T18:00Z,03-27,0,0.908162,0,0.333333,2.06757,0.605,0.5852
C,2022-03-27T19:00Z,03-27,0,0.90812,0,1,17.761,0.605,0.5852
C,2022-03-27T20:00Z,03-27,0.000505051,0.908586,0,1,16.4525,0.605,0.5852
C,2022-03-27T21:00Z,03-27,0.000506457,0.907995,0,1,16.4333,0.605,0.5852
C,2022-03-27T22:00Z,03-27,0,0.908795,0,0.5,6.67205,0.605,0.5852
C,2022-03-27T23:00Z,03-27,0,0.909091,0,0,0.487729,0.605,0.5852
C,2022-03-28T00:00Z,03-28,0,0.908796,0,0,0.163215,0.16,0.8032
C,2022-03-28T01:00Z,03-28,0,0.909091,0,0,0.21258,0.16,0.8032
C,2022-03-28T02:00Z,03-28,0,0.909091,0,0,0.0386384,0.16,0.8032
C,2022-03-28T03:00Z,03-28,0,0.909091,0,0,-0.0780364,0.16,0.8032
C,2022-03-28T04:00Z,03-28,0,0.908205,0,0,0.141229,0.16,0.8032
C,2022-03-28T05:00Z,03-28,0,0.908289,0,1,3.54138,0.16,0.8032
C,2022-03-28T06:00Z,03-28,0,0.907994,0,0,-0.561934,0.16,0.8032
C,2022-03-28T07:00Z,03-28,0,0.908838,0,0,-0.78057,0.16,0.8032
C,2022-03-28T08:00Z,03-28,0,0.907782,0,0,-0.801974,0.16,0.8032
C,2022-03-28T09:00Z,03-28,0,0.908752,0,0,-0.740477,0.16,0.8032
C,2022-03-28T10:00Z,03-28,0,0.908708,0,0,-0.63703,0.16,0.8032
C,2022-03-28T11:00Z,03-28,0,0.908032,0,0,-0.641686,0.16,0.8032
C,2022-03-28T12:00Z,03-28,0,0.90791,0,0,-0.720801,0.16,0.8032
C,2022-03-28T13:00Z,03-28,0,0.909091,0,0,-0.600607,0.16,0.8032
C,2022-03-28T14:00Z,03-28,0,0.908668,0,0,-0.681266,0.16,0.8032
C,2022-03-28T15:00Z,03-28,0,0.908498,0,0,-0.684273,0.16,0.8032
C,2022-03-28T16:00Z,03-28,0,0.909091,0,0,-0.695566,0.16,0.8032
C,2022-03-28T17:00Z,03-28,0,0.907912,0,0,-0.719396,0.16,0.8032
C,2022-03-28T18:00Z,03-28,0.000423227,0.905633,0,0,-0.685079,0.16,0.8032
C,2022-03-28T19:00Z,03-28,0.000761336,0.907315,0,0,0.143328,0.16,0.8032
C,2022-03-28T20:00Z,03-28,4.23227e-05,0.906213,0,0,-0.0455528,0.16,0.8032
C,2022-03-28T21:00Z,03-28,0.000253229,0.908669,0,0,-0.260422,0.16,0.8032
C,2022-03-28T22:00Z,03-28,0.000337638,0.894496,38,0,-0.518851,0.16,0.8032
C,2022-03-28T23:00Z,03-28,0.000126614,0.902341,0,0,-0.666203,0.16,0.8032
C,2022-03-29T00:00Z,03-29,0,0.908584,0,0,-0.695691,0.127,0.7194
C,2022-03-29T01:00Z,03-29,0,0.909091,0,0,-0.738579,0.127,0.7194
C,2022-03-29T02:00Z,03-29,0,0.908712,0,0,-0.784933,0.127,0.7194
C,2022-03-29T03:00Z,03-29,0,0.922477,0,0,-0.813364,0.127,0.7194
C,2022-03-29T04:00Z,03-29,0.000337638,0.908753,0,0,-0.814304,0.127,0.7194
C,2022-03-29T05:00Z,03-29,0.000211024,0.9085,0,0,-0.74735,0.127,0.7194
C,2022-03-29T06:00Z,03-29,0,0.908163,0,0,-0.80516,0.127,0.7194
C,2022-03-29T07:00Z,03-29,0,0.907065,0,0,-0.780916,0.127,0.7194
C,2022-03-29T08:00Z,03-29,0,0.90816,0,0,-0.773258,0.127,0.7194
C,2022-03-29T09:00Z,03-29,0,0.909091,0,0,-0.779983,0.127,0.7194
C,2022-03-29T10:00Z,03-29,0,0.90757,0,0,-0.798238,0.127,0.7194
C,2022-03-29T11:00Z,03-29,0,0.909091,0,0,-0.818905,0.127,0.7194
C,2022-03-29T12:00Z,03-29,0,0.909091,0,0,-0.815776,0.127,0.7194
C,2022-03-29T13:00Z,03-29,0,0.908583,0,0,-0.813185,0.127,0.7194
C,2022-03-29T14:00Z,03-29,0,0.909091,0,0,-0.797863,0.127,0.7194
C,2022-03-29T15:00Z,03-29,0,0.909091,0,0,-0.813646,0.127,0.7194
C,2022-03-29T16:00Z,03-29,0.000337638,0.905799,0,0,-0.778246,0.127,0.7194
C,2022-03-29T17:00Z,03-29,0,0.907994,0,0,-0.819485,0.127,0.7194
C,2022-03-29T18:00Z,03-29,0,0.907276,0,0,-0.802562,0.127,0.7194
C,2022-03-29T19:00Z,03-29,0,0.908078,0,0,-0.747818,0.127,0.7194
C,2022-03-29T20:00Z,03-29,0,0.900068,76,0,-0.781993,0.127,0.7194
C,2022-03-29T21:00Z,03-29,0,0.907192,0,0,-0.80371,0.127,0.7194
C,2022-03-29T22:00Z,03-29,0,0.909091,0,0,-0.818017,0.127,0.7194
C,2022-03-29T23:00Z,03-29,0,0.909091,0,0,-0.829606,0.127,0.7194
C,2022-03-30T00:00Z,03-30,0,0.909091,0,0,-0.831689,-0.053,0.9993
C,2022-03-30T01:00Z,03-30,0,0.906306,0,0,-0.829482,-0.053,0.9993
C,2022-03-30T02:00Z,03-30,0,0.909091,0,0,-0.822052,-0.053,0.9993
C,2022-03-30T03:00Z,03-30,0,0.909091,0,0,-0.815007,-0.053,0.9993
C,2022-03-30T04:00Z,03-30,0,0.909091,0,0,-0.809873,-0.053,0.9993
C,2022-03-30T05:00Z,03-30,0,0.906728,0,0,-0.80568,-0.053,0.9993
C,2022-03-30T06:00Z,03-30,0,0.907909,0,0,-0.83416,-0.053,0.9993
C,2022-03-30T07:00Z,03-30,0,0.908163,0,0,-0.850334,-0.053,0.9993
C,2022-03-30T08:00Z,03-30,0,0.908584,0,0,-0.859788,-0.053,0.9993
C,2022-03-30T09:00Z,03-30,0,0.905632,0,0,-0.854566,-0.053,0.9993
C,2022-03-30T10:00Z,03-30,0,0.899509,5,0,-0.851031,-0.053,0.9993
C,2022-03-30T11:00Z,03-30,0,0.903524,0,0,-0.817614,-0.053,0.9993
C,2022-03-30T12:00Z,03-30,0,0.908496,0,0,-0.833442,-0.053,0.9993
C,2022-03-30T13:00Z,03-30,0,0.907736,0,0,-0.762188,-0.053,0.9993
C,2022-03-30T14:00Z,03-30,0,0.907911,0,0,-0.741564,-0.053,0.9993
C,2022-03-30T15:00Z,03-30,0,0.907404,0,0,-0.802,-0.053,0.9993
C,2022-03-30T16:00Z,03-30,0,0.904994,0,0,-0.738567,-0.053,0.9993
C,2022-03-30T17:00Z,03-30,0,0.905582,174,0,-0.745262,-0.053,0.9993
C,2022-03-30T18:00Z,03-30,0,0.908458,0,0,-0.787138,-0.053,0.9993
C,2022-03-30T19:00Z,03-30,0,0.983607,0,0,-0.81498,-0.053,0.9993
C,2022-03-30T20:00Z,03-30,0.046875,0.872924,0,0,-0.710402,-0.053,0.9993
C,2022-03-30T21:00Z,03-30,0,0.908753,0,0,-0.822179,-0.053,0.9993
C,2022-03-30T22:00Z,03-30,0,0.909091,0,0,-0.813881,-0.053,0.9993
C,2022-03-30T23:00Z,03-30,0,0.907149,0,0,-0.804693,-0.053,0.9993
C,2022-03-31T00:00Z,03-31,0,0.909091,0,0,-0.808866,-0.2,0.736
C,2022-03-31T01:00Z,03-31,0,0.908502,0,0,-0.812694,-0.2,0.736
C,2022-03-31T02:00Z,03-31,0,0.909091,0,0,-0.80102,-0.2,0.736
C,2022-03-31T03:00Z,03-31,0,0.923077,0,0,-0.787591,-0.2,0.736
C,2022-03-31T04:00Z,03-31,0,0.909091,0,0,-0.628912,-0.2,0.736
C,2022-03-31T05:00Z,03-31,0,0.907362,0,0,-0.505175,-0.2,0.736
C,2022-03-31T06:00Z,03-31,0,0.908121,0,0,-0.847922,-0.2,0.736
C,2022-03-31T07:00Z,03-31,0,0.906263,0,0,-0.85446,-0.2,0.736
C,2022-03-31T08:00Z,03-31,0,0.907361,0,0,-0.837667,-0.2,0.736
C,2022-03-31T09:00Z,03-31,0,0.908669,0,0,-0.844025,-0.2,0.736
C,2022-03-31T10:00Z,03-31,0,0.90812,0,0,-0.807269,-0.2,0.736
C,2022-03-31T11:00Z,03-31,0,0.900705,22,0,-0.489816,-0.2,0.736
C,2022-03-31T12:00Z,03-31,0,0.896648,65,0,-0.289796,-0.2,0.736
C,2022-03-31T13:00Z,03-31,0,0.904744,0,0,-0.427485,-0.2,0.736
C,2022-03-31T14:00Z,03-31,0,0.874899,166,0,-0.307685,-0.2,0.736
C,2022-03-31T15:00Z,03-31,0,0.896903,34,0,0.0252376,-0.2,0.736
C,2022-03-31T16:00Z,03-31,0,0.90555,0,0,-0.674964,-0.2,0.736
C,2022-03-31T17:00Z,03-31,0,0.907312,0,0,-0.463271,-0.2,0.736
C,2022-03-31T18:00Z,03-31,0,0.90867,0,0,-0.556609,-0.2,0.736
C,2022-03-31T19:00Z,03-31,0.00590539,0.902512,4,0.166667,-0.0526356,-0.2,0.736
C,2022-03-31T20:00Z,03-31,0,0.90867,0,0,-0.307122,-0.2,0.736
C,2022-03-31T21:00Z,03-31,0,0.906435,0,0,-0.400995,-0.2,0.736
C,2022-03-31T22:00Z,03-31,0,0.907951,0,0,-0.420007,-0.2,0.736
C,2022-03-31T23:00Z,03-31,0,0.905292,0,0,-0.459444,-0.2,0.736
D,2022-03-19T00:00Z,03-19,0,0.999582,0,-,-,0.062,1.199
D,2022-03-19T01:00Z,03-19,0,0.999769,0,-,-,0.062,1.199
D,2022-03-19T02:00Z,03-19,0,0.999765,0,-,-,0.062,1.199
D,2022-03-19T03:00Z,03-19,0,1,0,-,-,0.062,1.199
D,2022-03-19T04:00Z,03-19,0,0.999119,0,-,-,0.062,1.199
D,2022-03-19T05:00Z,03-19,0,1,0,-,-,0.062,1.199
D,2022-03-19T06:00Z,03-19,0,0.997958,0,-,-,0.062,1.199
D,2022-03-19T07:00Z,03-19,0,1,0,-,-,0.062,1.199
D,2022-03-19T08:00Z,03-19,0,0.999306,0,-,-,0.062,1.199
D,2022-03-19T09:00Z,03-19,0,0.998794,0,-,-,0.062,1.199
D,2022-03-19T10:00Z,03-19,0,0.999489,0,-,-,0.062,1.199
D,2022-03-19T11:00Z,03-19,0,0.999397,0,-,-,0.062,1.199
D,2022-03-19T12:00Z,03-19,0,0.999119,0,-,-,0.062,1.199
D,2022-03-19T13:00Z,03-19,0,0.997075,0,-,-,0.062,1.199
D,2022-03-19T14:00Z,03-19,0.000417827,0.987883,0,-,-,0.062,1.199
D,2022-03-19T15:00Z,03-19,4.64253e-05,0.832788,23,-,-,0.062,1.199
D,2022-03-19T16:00Z,03-19,0.000371402,0.983991,0,-,-,0.062,1.199
D,2022-03-19T17:00Z,03-19,0,0.998794,0,-,-,0.062,1.199
D,2022-03-19T18:00Z,03-19,0,0.996425,0,0,-0.0355952,0.062,1.199
D,2022-03-19T19:00Z,03-19,0,0.997682,0,0,-0.0105776,0.062,1.199
D,2022-03-19T20:00Z,03-19,0,0.999304,0,0,-0.0643316,0.062,1.199
D,2022-03-19T21:00Z,03-19,0,0.998655,0,0,-0.0730901,0.062,1.199
D,2022-03-19T22:00Z,03-19,0,0.999444,0,0,-0.101755,0.062,1.199
D,2022-03-19T23:00Z,03-19,0,0.992348,0,0,-0.116062,0.062,1.199
D,2022-03-20T00:00Z,03-20,0,0.987651,186,0,0.0606239,0.247,1.627
D,2022-03-20T01:00Z,03-20,0,0.999396,0,0,0.226852,0.247,1.627
D,2022-03-20T02:00Z,03-20,0,0.999164,0,0,0.307134,0.247,1.627
D,2022-03-20T03:00Z,03-20,0,0.999258,0,0,0.376905,0.247,1.627
D,2022-03-20T04:00Z,03-20,0,1,0,0,0.2169,0.247,1.627
D,2022-03-20T05:00Z,03-20,0,0.998515,0,0,0.114554,0.247,1.627
D,2022-03-20T06:00Z,03-20,0,0.997448,0,0,0.019606,0.247,1.627
D,2022-03-20T07:00Z,03-20,0,0.999073,0,-,-,0.247,1.627
D,2022-03-20T08:00Z,03-20,0,0.999025,0,-,-,0.247,1.627
D,2022-03-20T09:00Z,03-20,0,0.998377,0,-,-,0.247,1.627
D,2022-03-20T10:00Z,03-20,0,0.997499,0,-,-,0.247,1.627
D,2022-03-20T11:00Z,03-20,0,0.999443,0,-,-,0.247,1.627
D,2022-03-20T12:00Z,03-20,0,0.999721,0,-,-,0.247,1.627
D,2022-03-20T13:00Z,03-20,0.000324977,0.987188,0,-,-,0.247,1.627
D,2022-03-20T14:00Z,03-20,0.000278552,0.920317,33,-,-,0.247,1.627
D,2022-03-20T15:00Z,03-20,0,0.973741,87,-,-,0.247,1.627
D,2022-03-20T16:00Z,03-20,0.000138889,0.993045,0,-,-,0.247,1.627
D,2022-03-20T17:00Z,03-20,0,0.998701,0,0.166667,-0.239155,0.247,1.627
D,2022-03-20T18:00Z,03-20,0,0.995593,0,0,-0.17311,0.247,1.627
D,2022-03-20T19:00Z,03-20,0,0.997542,0,0,-0.266125,0.247,1.627
D,2022-03-20T20:00Z,03-20,0,0.998886,0,0,-0.318981,0.247,1.627
D,2022-03-20T21:00Z,03-20,0,0.999721,0,0,-0.263125,0.247,1.627
D,2022-03-20T22:00Z,03-20,0,0.99861,0,0,-0.204982,0.247,1.627
D,2022-03-20T23:00Z,03-20,0,0.998514,0,0,-0.233363,0.247,1.627
D,2022-03-21T00:00Z,03-21,0,0.999164,0,0,-0.0315373,0.654,0.9935
D,2022-03-21T01:00Z,03-21,0,0.999629,0,0,0.00371519,0.654,0.9935
D,2022-03-21T02:00Z,03-21,0,0.999304,0,0,-0.0176357,0.654,0.9935
D,2022-03-21T03:00Z,03-21,0,0.998793,0,0,0.192377,0.654,0.9935
D,2022-03-21T04:00Z,03-21,0,0.999118,0,0,-0.069363,0.654,0.9935
D,2022-03-21T05:00Z,03-21,0,0.999443,0,0,-0.142671,0.654,0.9935
D,2022-03-21T06:00Z,03-21,0,0.99703,0,0,0.25467,0.654,0.9935
D,2022-03-21T07:00Z,03-21,0,0.998329,0,0,0.0628636,0.654,0.9935
D,2022-03-21T08:00Z,03-21,0,0.998607,0,0,0.245743,0.654,0.9935
D,2022-03-21T09:00Z,03-21,0,0.994849,10,0,-0.141484,0.654,0.9935
D,2022-03-21T10:00Z,03-21,0,0.993132,36,0,-0.1769,0.654,0.9935
D,2022-03-21T11:00Z,03-21,0,0.994248,0,0,-0.135809,0.654,0.9935
D,2022-03-21T12:00Z,03-21,0,0.998147,0,0,-0.304931,0.654,0.9935
D,2022-03-21T13:00Z,03-21,0,0.993828,0,0,-0.25194,0.654,0.9935
D,2022-03-21T14:00Z,03-21,0,0.982882,81,0,-0.339445,0.654,0.9935
D,2022-03-21T15:00Z,03-21,0,0.984964,69,0,-0.278446,0.654,0.9935
D,2022-03-21T16:00Z,03-21,0,0.996241,0,0,-0.328992,0.654,0.9935
D,2022-03-21T17:00Z,03-21,0,0.99833,0,0,-0.193145,0.654,0.9935
D,2022-03-21T18:00Z,03-21,0,0.999073,0,0,-0.180001,0.654,0.9935
D,2022-03-21T19:00Z,03-21,0,0.982933,165,0,-0.033195,0.654,0.9935
D,2022-03-21T20:00Z,03-21,0,0.99731,0,0,-0.014079,0.654,0.9935
D,2022-03-21T21:00Z,03-21,0,0.998795,0,0,-0.103679,0.654,0.9935
D,2022-03-21T22:00Z,03-21,0,0.999073,0,0,-0.281935,0.654,0.9935
D,2022-03-21T23:00Z,03-21,0,0.999537,0,0,-0.231201,0.654,0.9935
D,2022-03-22T00:00Z,03-22,0,1,0,0,0.033478,0.29,1.655
D,2022-03-22T01:00Z,03-22,0,1,0,0,0.178201,0.29,1.655
D,2022-03-22T02:00Z,03-22,0,0.997679,0,0,-0.219904,0.29,1.655
D,2022-03-22T03:00Z,03-22,0,0.998979,0,0,-0.212428,0.29,1.655
D,2022-03-22T04:00Z,03-22,0,1,0,0,-0.234501,0.29,1.655
D,2022-03-22T05:00Z,03-22,0,0.998886,0,0,-0.0872684,0.29,1.655
D,2022-03-22T06:00Z,03-22,0,0.998607,0,0,0.201753,0.29,1.655
D,2022-03-22T07:00Z,03-22,0,0.999304,0,0,-0.281662,0.29,1.655
D,2022-03-22T08:00Z,03-22,0,0.999675,0,0,-0.369315,0.29,1.655
D,2022-03-22T09:00Z,03-22,0,0.998144,0,0,-0.396095,0.29,1.655
D,2022-03-22T10:00Z,03-22,0,0.997955,0,0,-0.302563,0.29,1.655
D,2022-03-22T11:00Z,03-22,0,0.998603,0,0,-0.338062,0.29,1.655
D,2022-03-22T12:00Z,03-22,0,0.999073,0,0,-0.265139,0.29,1.655
D,2022-03-22T13:00Z,03-22,0.000185185,0.978013,0,0,-0.199555,0.29,1.655
D,2022-03-22T14:00Z,03-22,0.000138889,0.920401,44,0,-0.125007,0.29,1.655
D,2022-03-22T15:00Z,03-22,0,0.92015,39,0,-0.00321674,0.29,1.655
D,2022-03-22T16:00Z,03-22,0,0.974261,128,0,-0.141793,0.29,1.655
D,2022-03-22T17:00Z,03-22,0,0.995313,0,0,-0.0528643,0.29,1.655
D,2022-03-22T18:00Z,03-22,0,0.988858,11.5,0,0.176444,0.29,1.655
D,2022-03-22T19:00Z,03-22,0,0.988137,59,0,0.184388,0.29,1.655
D,2022-03-22T20:00Z,03-22,0,0.998979,0,0,0.00881666,0.29,1.655
D,2022-03-22T21:00Z,03-22,0,0.997401,0,0,-0.113706,0.29,1.655
D,2022-03-22T22:00Z,03-22,0,1,0,0,-0.0936991,0.29,1.655
D,2022-03-22T23:00Z,03-22,0,0.998793,0,0,-0.291318,0.29,1.655
D,2022-03-23T00:00Z,03-23,0,0.998933,0,0,-0.315999,1.225,6.134
D,2022-03-23T01:00Z,03-23,0,0.999211,0,0,-0.342502,1.225,6.134
D,2022-03-23T02:00Z,03-23,0,0.998793,0,0,-0.37061,1.225,6.134
D,2022-03-23T03:00Z,03-23,0,0.999396,0,0,-0.18021,1.225,6.134
D,2022-03-23T04:00Z,03-23,0,0.999118,0,0,-0.242897,1.225,6.134
D,2022-03-23T05:00Z,03-23,0,0.999118,0,0,-0.313412,1.225,6.134
D,2022-03-23T06:00Z,03-23,0,0.998608,0,0,-0.230849,1.225,6.134
D,2022-03-23T07:00Z,03-23,0,0.998284,0,0,-0.220727,1.225,6.134
D,2022-03-23T08:00Z,03-23,0,0.999768,0,0,-0.171662,1.225,6.134
D,2022-03-23T09:00Z,03-23,0,0.997726,0,0,-0.200808,1.225,6.134
D,2022-03-23T10:00Z,03-23,0,0.99833,0,0,-0.212066,1.225,6.134
D,2022-03-23T11:00Z,03-23,0,0.998189,0,0,-0.159552,1.225,6.134
D,2022-03-23T12:00Z,03-23,0,0.998841,0,0,-0.224933,1.225,6.134
D,2022-03-23T13:00Z,03-23,0.00755545,0.962066,12,0.5,2.2689,1.225,6.134
D,2022-03-23T14:00Z,03-23,0.0097328,0.915541,27,0.666667,4.24833,1.225,6.134
D,2022-03-23T15:00Z,03-23,0.036991,0.810483,23,1,17.4135,1.225,6.134
D,2022-03-23T16:00Z,03-23,0.0563423,0.619036,20,0.666667,2.65122,1.225,6.134
D,2022-03-23T17:00Z,03-23,0.0174902,0.773985,17,0,0.12089,1.225,6.134
D,2022-03-23T18:00Z,03-23,0.0159092,0.839444,16,1,14.1044,1.225,6.134
D,2022-03-23T19:00Z,03-23,0.000509259,0.947533,23,1,88.06,1.225,6.134
D,2022-03-23T20:00Z,03-23,0,0.996474,0,1,130.245,1.225,6.134
D,2022-03-23T21:00Z,03-23,0,0.999071,0,1,125.231,1.225,6.134
D,2022-03-23T22:00Z,03-23,0,0.999396,0,1,121.451,1.225,6.134
D,2022-03-23T23:00Z,03-23,0,0.998886,0,1,109.306,1.225,6.134
D,2022-03-24T00:00Z,03-24,0,0.99898,0,1,98.1712,3.061,3.903
D,2022-03-24T01:00Z,03-24,0,0.998979,0,1,84.4732,3.061,3.903
D,2022-03-24T02:00Z,03-24,0,0.998562,0,1,73.5687,3.061,3.903
D,2022-03-24T03:00Z,03-24,0,0.999211,0,1,62.2397,3.061,3.903
D,2022-03-24T04:00Z,03-24,0,0.999211,0,1,52.7626,3.061,3.903
D,2022-03-24T05:00Z,03-24,0,0.998793,0,1,44.6191,3.061,3.903
D,2022-03-24T06:00Z,03-24,0,0.998979,0,1,40.4481,3.061,3.903
D,2022-03-24T07:00Z,03-24,0,0.998607,0,1,35.2017,3.061,3.903
D,2022-03-24T08:00Z,03-24,0,0.999721,0,1,33.1103,3.061,3.903
D,2022-03-24T09:00Z,03-24,0,0.998422,0,1,26.4784,3.061,3.903
D,2022-03-24T10:00Z,03-24,0.00951021,0.957736,18,0.833333,7.64996,3.061,3.903
D,2022-03-24T11:00Z,03-24,0.0019496,0.955438,18,1,7.26553,3.061,3.903
D,2022-03-24T12:00Z,03-24,0,0.991927,13.5,0.333333,0.710091,3.061,3.903
D,2022-03-24T13:00Z,03-24,0.0325988,0.836594,15.5,0,0.643481,3.061,3.903
D,2022-03-24T14:00Z,03-24,0.0179058,0.773759,17,0.5,2.2659,3.061,3.903
D,2022-03-24T15:00Z,03-24,0.00116063,0.880228,28.5,0.5,3.24613,3.061,3.903
D,2022-03-24T16:00Z,03-24,0.000417569,0.949762,28.5,0,0.311473,3.061,3.903
D,2022-03-24T17:00Z,03-24,0,0.998053,0,0,0.344555,3.061,3.903
D,2022-03-24T18:00Z,03-24,0,0.947565,0,0,0.276032,3.061,3.903
D,2022-03-24T19:00Z,03-24,0,0.891492,55.5,0.5,2.1013,3.061,3.903
D,2022-03-24T20:00Z,03-24,0,0.905083,0,0.833333,4.99603,3.061,3.903
D,2022-03-24T21:00Z,03-24,0,0.908586,0,1,17.2549,3.061,3.903
D,2022-03-24T22:00Z,03-24,0,0.908795,0,1,17.109,3.061,3.903
D,2022-03-24T23:00Z,03-24,0,0.90812,0,1,15.1841,3.061,3.903
D,2022-03-25T00:00Z,03-25,0,0.907951,0,1,12.0848,1.933,3.958
D,2022-03-25T01:00Z,03-25,0,0.908584,0,1,9.50971,1.933,3.958
D,2022-03-25T02:00Z,03-25,0,0.908331,0,1,7.33385,1.933,3.958
D,2022-03-25T03:00Z,03-25,0,0.908458,0,1,4.57465,1.933,3.958
D,2022-03-25T04:00Z,03-25,0,0.908418,0,1,2.96842,1.933,3.958
D,2022-03-25T05:00Z,03-25,0,0.908459,0,0.166667,1.90508,1.933,3.958
D,2022-03-25T06:00Z,03-25,0,0.908162,0,0,2.01144,1.933,3.958
D,2022-03-25T07:00Z,03-25,0,0.909091,0,0,1.90406,1.933,3.958
D,2022-03-25T08:00Z,03-25,0,0.908289,0,0,1.3493,1.933,3.958
D,2022-03-25T09:00Z,03-25,0,0.907273,0,0,0.517682,1.933,3.958
D,2022-03-25T10:00Z,03-25,0,0.905296,0,0,0.131815,1.933,3.958
D,2022-03-25T11:00Z,03-25,0,0.907108,0,0,-0.0870863,1.933,3.958
D,2022-03-25T12:00Z,03-25,0,0.908584,0,0,0.0119377,1.933,3.958
D,2022-03-25T13:00Z,03-25,0.000422048,0.851073,16,0.666667,6.50935,1.933,3.958
D,2022-03-25T14:00Z,03-25,0.000633072,0.868505,15.5,0.666667,5.02753,1.933,3.958
D,2022-03-25T15:00Z,03-25,0.0397458,0.785121,14,1,38.7793,1.933,3.958
D,2022-03-25T16:00Z,03-25,0.0384046,0.727508,18,0.333333,1.96456,1.933,3.958
D,2022-03-25T17:00Z,03-25,0.000548662,0.842115,46,0.166667,0.776727,1.933,3.958
D,2022-03-25T18:00Z,03-25,0,0.881216,50,0.5,2.24558,1.933,3.958
D,2022-03-25T19:00Z,03-25,8.44096e-05,0.878012,28,1,19.6476,1.933,3.958
D,2022-03-25T20:00Z,03-25,0,0.907531,0,1,24.318,1.933,3.958
D,2022-03-25T21:00Z,03-25,0,0.907657,0,1,33.486,1.933,3.958
D,2022-03-25T22:00Z,03-25,0,0.908078,0,1,33.4239,1.933,3.958
D,2022-03-25T23:00Z,03-25,0,0.906097,0,1,31.8988,1.933,3.958
D,2022-03-26T00:00Z,03-26,0,0.907236,0,1,18.0134,2.042,4.026
D,2022-03-26T01:00Z,03-26,0,0.907827,0,1,24.0495,2.042,4.026
D,2022-03-26T02:00Z,03-26,0,0.90711,0,1,18.7723,2.042,4.026
D,2022-03-26T03:00Z,03-26,0,0.923077,0,1,13.1026,2.042,4.026
D,2022-03-26T04:00Z,03-26,0,0.905843,0,0.833333,4.97496,2.042,4.026
D,2022-03-26T05:00Z,03-26,0,0.908458,0,0,0.621438,2.042,4.026
D,2022-03-26T06:00Z,03-26,0,0.869507,14.5,0,0.166645,2.042,4.026
D,2022-03-26T07:00Z,03-26,0,0.824739,24,1,9.58458,2.042,4.026
D,2022-03-26T08:00Z,03-26,0,0.845005,26,0.5,2.10206,2.042,4.026
D,2022-03-26T09:00Z,03-26,0,0.885559,0,0,0.270954,2.042,4.026
D,2022-03-26T10:00Z,03-26,0,0.908879,0,0,0.274137,2.042,4.026
D,2022-03-26T11:00Z,03-26,0,0.907318,0,0,-0.0473365,2.042,4.026
D,2022-03-26T12:00Z,03-26,0,0.90791,0,0,0.02023,2.042,4.026
D,2022-03-26T13:00Z,03-26,0.00438601,0.820801,16,0.666667,7.0502,2.042,4.026
D,2022-03-26T14:00Z,03-26,0.00734293,0.8358,17,1,13.5974,2.042,4.026
D,2022-03-26T15:00Z,03-26,0.0372162,0.748728,16,1,73.8726,2.042,4.026
D,2022-03-26T16:00Z,03-26,0.0339095,0.816617,13,0.5,1.83283,2.042,4.026
D,2022-03-26T17:00Z,03-26,4.20875e-05,0.862042,24.5,0,0.135437,2.042,4.026
D,2022-03-26T18:00Z,03-26,0.000168819,0.850682,22,0.833333,9.79908,2.042,4.026
D,2022-03-26T19:00Z,03-26,0,0.906265,0,1,22.5735,2.042,4.026
D,2022-03-26T20:00Z,03-26,0,0.907825,0,1,35.919,2.042,4.026
D,2022-03-26T21:00Z,03-26,0,0.908838,0,1,38.9846,2.042,4.026
D,2022-03-26T22:00Z,03-26,0,0.907783,0,1,33.9722,2.042,4.026
D,2022-03-26T23:00Z,03-26,0,0.908795,0,1,32.3121,2.042,4.026
D,2022-03-27T00:00Z,03-27,0,0.908711,0,1,33.3462,2.189,2.061
D,2022-03-27T01:00Z,03-27,0,0.908669,0,1,31.7896,2.189,2.061
D,2022-03-27T02:00Z,03-27,0,0.905007,0,1,27.2323,2.189,2.061
D,2022-03-27T03:00Z,03-27,0,0.908754,0,1,22.0966,2.189,2.061
D,2022-03-27T04:00Z,03-27,0,0.905588,28,1,19.3448,2.189,2.061
D,2022-03-27T05:00Z,03-27,0,0.907614,0,1,15.4157,2.189,2.061
D,2022-03-27T06:00Z,03-27,0,0.908037,0,1,7.60747,2.189,2.061
D,2022-03-27T07:00Z,03-27,0,0.909049,0,1,7.33508,2.189,2.061
D,2022-03-27T08:00Z,03-27,0,0.907784,0,1,5.14734,2.189,2.061
D,2022-03-27T09:00Z,03-27,0,0.908711,0,1,4.64765,2.189,2.061
D,2022-03-27T10:00Z,03-27,0,0.90888,0,1,4.17886,2.189,2.061
D,2022-03-27T11:00Z,03-27,0,0.908036,0,1,4.15532,2.189,2.061
D,2022-03-27T12:00Z,03-27,0,0.907784,0,1,3.35727,2.189,2.061
D,2022-03-27T13:00Z,03-27,0.00063143,0.837455,17,1,10.525,2.189,2.061
D,2022-03-27T14:00Z,03-27,0.000379843,0.86219,18,1,4.3716,2.189,2.061
D,2022-03-27T15:00Z,03-27,0,0.872256,22,1,10.1966,2.189,2.061
D,2022-03-27T16:00Z,03-27,0.000126614,0.879716,18,0,1.81132,2.189,2.061
D,2022-03-27T17:00Z,03-27,0,0.907446,0,0,2.02904,2.189,2.061
D,2022-03-27T18:00Z,03-27,0,0.907319,0,1,3.87446,2.189,2.061
D,2022-03-27T19:00Z,03-27,0,0.90812,0,1,4.02207,2.189,2.061
D,2022-03-27T20:00Z,03-27,0,0.9085,0,1,2.93669,2.189,2.061
D,2022-03-27T21:00Z,03-27,0,0.90829,0,0.166667,1.73577,2.189,2.061
D,2022-03-27T22:00Z,03-27,0,0.90812,0,0,0.573784,2.189,2.061
D,2022-03-27T23:00Z,03-27,0,0.908331,0,0,-0.138052,2.189,2.061
D,2022-03-28T00:00Z,03-28,0,0.90867,0,0,-0.29147,1.008,1.597
D,2022-03-28T01:00Z,03-28,0,0.908838,0,0,-0.293906,1.008,1.597
D,2022-03-28T02:00Z,03-28,0,0.9085,0,0,-0.329609,1.008,1.597
D,2022-03-28T03:00Z,03-28,0,0.909091,0,0,-0.352107,1.008,1.597
D,2022-03-28T04:00Z,03-28,0,0.908416,0,0,-0.339552,1.008,1.597
D,2022-03-28T05:00Z,03-28,0,0.90888,0,0,-0.206287,1.008,1.597
D,2022-03-28T06:00Z,03-28,0,0.908585,0,0,-0.0841699,1.008,1.597
D,2022-03-28T07:00Z,03-28,0,0.909091,0,0,-0.249962,1.008,1.597
D,2022-03-28T08:00Z,03-28,0,0.907994,0,0,-0.217857,1.008,1.597
D,2022-03-28T09:00Z,03-28,0,0.908247,0,0,-0.272128,1.008,1.597
D,2022-03-28T10:00Z,03-28,0,0.907995,0,0,-0.326278,1.008,1.597
D,2022-03-28T11:00Z,03-28,0,0.90732,0,0,-0.288468,1.008,1.597
D,2022-03-28T12:00Z,03-28,0.000211024,0.887893,12.5,0,-0.386863,1.008,1.597
D,2022-03-28T13:00Z,03-28,0.000210907,0.801837,28,0.666667,3.82166,1.008,1.597
D,2022-03-28T14:00Z,03-28,0,0.887477,36,0.166667,0.204747,1.008,1.597
D,2022-03-28T15:00Z,03-28,0,0.906603,0,0,-0.298864,1.008,1.597
D,2022-03-28T16:00Z,03-28,0,0.907489,0,0,-0.2472,1.008,1.597
D,2022-03-28T17:00Z,03-28,0,0.908287,0,0,-0.0915466,1.008,1.597
D,2022-03-28T18:00Z,03-28,0,0.907868,0,0,0.0695369,1.008,1.597
D,2022-03-28T19:00Z,03-28,0,0.907531,0,0,0.0496268,1.008,1.597
D,2022-03-28T20:00Z,03-28,0,0.908586,0,0,0.0188169,1.008,1.597
D,2022-03-28T21:00Z,03-28,0,0.909091,0,0,-0.132593,1.008,1.597
D,2022-03-28T22:00Z,03-28,0,0.908122,0,0,-0.206259,1.008,1.597
D,2022-03-28T23:00Z,03-28,0,0.908332,0,0,-0.280824,1.008,1.597
D,2022-03-29T00:00Z,03-29,0,0.908753,0,0,-0.122988,0.456,1.13
D,2022-03-29T01:00Z,03-29,0,0.923077,0,0,-0.155142,0.456,1.13
D,2022-03-29T02:00Z,03-29,0,0.908289,0,0,-0.213922,0.456,1.13
D,2022-03-29T03:00Z,03-29,0,0.906685,0,0,-0.276585,0.456,1.13
D,2022-03-29T04:00Z,03-29,0,0.90888,0,0,-0.415414,0.456,1.13
D,2022-03-29T05:00Z,03-29,0,0.907446,0,0,-0.412059,0.456,1.13
D,2022-03-29T06:00Z,03-29,0,0.907994,0,0,-0.351433,0.456,1.13
D,2022-03-29T07:00Z,03-29,0,0.907614,0,0,-0.333943,0.456,1.13
D,2022-03-29T08:00Z,03-29,0,0.90888,0,0,-0.252966,0.456,1.13
D,2022-03-29T09:00Z,03-29,0,0.895798,28,0,0.306549,0.456,1.13
D,2022-03-29T10:00Z,03-29,0,0.894122,43,0,0.191732,0.456,1.13
D,2022-03-29T11:00Z,03-29,0,0.895302,43,0,-0.244134,0.456,1.13
D,2022-03-29T12:00Z,03-29,0,0.90867,0,0,-0.312175,0.456,1.13
D,2022-03-29T13:00Z,03-29,0,0.908669,0,0,-0.320104,0.456,1.13
D,2022-03-29T14:00Z,03-29,0,0.909091,0,0,-0.338805,0.456,1.13
D,2022-03-29T15:00Z,03-29,0,0.908247,0,0,-0.322042,0.456,1.13
D,2022-03-29T16:00Z,03-29,0,0.90774,0,0,-0.140805,0.456,1.13
D,2022-03-29T17:00Z,03-29,0,0.908795,0,0,-0.159064,0.456,1.13
D,2022-03-29T18:00Z,03-29,0,0.906562,0,0,-0.229183,0.456,1.13
D,2022-03-29T19:00Z,03-29,0,0.907741,0,0,-0.310112,0.456,1.13
D,2022-03-29T20:00Z,03-29,0,0.908542,0,0,-0.400711,0.456,1.13
D,2022-03-29T21:00Z,03-29,0,0.908584,0,0,-0.399493,0.456,1.13
D,2022-03-29T22:00Z,03-29,0,0.908248,0,0,-0.375082,0.456,1.13
D,2022-03-29T23:00Z,03-29,0,0.906685,0,0,-0.39405,0.456,1.13
D,2022-03-30T00:00Z,03-30,0,0.909091,0,0,-0.393755,-0.314,1.511
D,2022-03-30T01:00Z,03-30,0,0.909091,0,0,-0.390247,-0.314,1.511
D,2022-03-30T02:00Z,03-30,0,0.909091,0,0,-0.390269,-0.314,1.511
D,2022-03-30T03:00Z,03-30,0,0.908542,0,0,-0.39155,-0.314,1.511
D,2022-03-30T04:00Z,03-30,0,0.909091,0,0,-0.394911,-0.314,1.511
D,2022-03-30T05:00Z,03-30,0,0.90888,0,0,-0.396423,-0.314,1.511
D,2022-03-30T06:00Z,03-30,0,0.90694,0,0,-0.421054,-0.314,1.511
D,2022-03-30T07:00Z,03-30,0,0.907994,0,0,-0.422788,-0.314,1.511
D,2022-03-30T08:00Z,03-30,0,0.907825,0,0,-0.412173,-0.314,1.511
D,2022-03-30T09:00Z,03-30,0,0.908543,0,0,-0.422831,-0.314,1.511
D,2022-03-30T10:00Z,03-30,0,0.908754,0,0,-0.42635,-0.314,1.511
D,2022-03-30T11:00Z,03-30,0,0.908838,0,0,-0.424934,-0.314,1.511
D,2022-03-30T12:00Z,03-30,0,0.90812,0,0,-0.401472,-0.314,1.511
D,2022-03-30T13:00Z,03-30,0,0.891328,14.5,0,-0.3322,-0.314,1.511
D,2022-03-30T14:00Z,03-30,0,0.892175,35,0,-0.21047,-0.314,1.511
D,2022-03-30T15:00Z,03-30,0,0.907276,0,0,-0.382541,-0.314,1.511
D,2022-03-30T16:00Z,03-30,0,0.883895,25,0,-0.180116,-0.314,1.511
D,2022-03-30T17:00Z,03-30,0,0.888168,103,0,-0.0642716,-0.314,1.511
D,2022-03-30T18:00Z,03-30,0,0.90871,0,0,0.0372248,-0.314,1.511
D,2022-03-30T19:00Z,03-30,0,0.983607,0,0,-0.0566919,-0.314,1.511
D,2022-03-30T20:00Z,03-30,0.046875,0.872456,0,0,-0.355228,-0.314,1.511
D,2022-03-30T21:00Z,03-30,0,0.906959,0,0,-0.349028,-0.314,1.511
D,2022-03-30T22:00Z,03-30,0,0.908247,0,0,-0.378461,-0.314,1.511
D,2022-03-30T23:00Z,03-30,0,0.908753,0,0,-0.408337,-0.314,1.511
D,2022-03-31T00:00Z,03-31,0,0.908502,0,0,-0.390579,-0.135,0.9122
D,2022-03-31T01:00Z,03-31,0,0.909091,0,0,-0.388358,-0.135,0.9122
D,2022-03-31T02:00Z,03-31,0,0.908542,0,0,-0.393825,-0.135,0.9122
D,2022-03-31T03:00Z,03-31,0,0.909091,0,0,-0.40892,-0.135,0.9122
D,2022-03-31T04:00Z,03-31,0,0.908542,0,0,-0.403924,-0.135,0.9122
D,2022-03-31T05:00Z,03-31,0,0.908754,0,0,-0.380437,-0.135,0.9122
D,2022-03-31T06:00Z,03-31,0,0.908374,0,0,-0.122323,-0.135,0.9122
D,2022-03-31T07:00Z,03-31,0,0.907657,0,0,-0.290238,-0.135,0.9122
D,2022-03-31T08:00Z,03-31,0,0.907996,0,0,-0.249219,-0.135,0.9122
D,2022-03-31T09:00Z,03-31,0,0.907531,0,0,-0.237472,-0.135,0.9122
D,2022-03-31T10:00Z,03-31,0,0.899276,5,0,-0.331928,-0.135,0.9122
D,2022-03-31T11:00Z,03-31,0,0.89854,12.5,0,-0.236945,-0.135,0.9122
D,2022-03-31T12:00Z,03-31,0,0.90327,13,0,-0.280674,-0.135,0.9122
D,2022-03-31T13:00Z,03-31,0.0142017,0.795756,19,0.333333,1.31693,-0.135,0.9122
D,2022-03-31T14:00Z,03-31,0.00671056,0.722751,27.5,0.166667,0.136547,-0.135,0.9122
D,2022-03-31T15:00Z,03-31,0.000211024,0.772873,27.5,0,0.317664,-0.135,0.9122
D,2022-03-31T16:00Z,03-31,0.000337638,0.828024,18,0,-0.151906,-0.135,0.9122
D,2022-03-31T17:00Z,03-31,0,0.884892,68,0,-0.212806,-0.135,0.9122
D,2022-03-31T18:00Z,03-31,0,0.902424,0,0,-0.220403,-0.135,0.9122
D,2022-03-31T19:00Z,03-31,0,0.907403,0,0,-0.102888,-0.135,0.9122
D,2022-03-31T20:00Z,03-31,0,0.908669,0,0,-0.246657,-0.135,0.9122
D,2022-03-31T21:00Z,03-31,0,0.921773,0,0,-0.168043,-0.135,0.9122
D,2022-03-31T22:00Z,03-31,0,0.909091,0,0,-0.193773,-0.135,0.9122
D,2022-03-31T23:00Z,03-31,0,0.908205,0,0,-0.276986,-0.135,0.9122
E,2022-03-19T00:00Z,03-19,0,1,0,-,-,0.165,1.776
E,2022-03-19T01:00Z,03-19,0,1,0,-,-,0.165,1.776
E,2022-03-19T02:00Z,03-19,0,0.998981,0,-,-,0.165,1.776
E,2022-03-19T03:00Z,03-19,0,1,0,-,-,0.165,1.776
E,2022-03-19T04:00Z,03-19,0,1,0,-,-,0.165,1.776
E,2022-03-19T05:00Z,03-19,0,0.998561,0,-,-,0.165,1.776
E,2022-03-19T06:00Z,03-19,0,0.999257,0,-,-,0.165,1.776
E,2022-03-19T07:00Z,03-19,0,1,0,-,-,0.165,1.776
E,2022-03-19T08:00Z,03-19,0,1,0,-,-,0.165,1.776
E,2022-03-19T09:00Z,03-19,0,0.999443,0,-,-,0.165,1.776
E,2022-03-19T10:00Z,03-19,0,0.999536,0,-,-,0.165,1.776
E,2022-03-19T11:00Z,03-19,0,0.999629,0,-,-,0.165,1.776
E,2022-03-19T12:00Z,03-19,0,0.999629,0,-,-,0.165,1.776
E,2022-03-19T13:00Z,03-19,0,0.999629,0,-,-,0.165,1.776
E,2022-03-19T14:00Z,03-19,0.000278552,0.998422,0,-,-,0.165,1.776
E,2022-03-19T15:00Z,03-19,0.000139276,0.995922,0,-,-,0.165,1.776
E,2022-03-19T16:00Z,03-19,0,0.999814,0,-,-,0.165,1.776
E,2022-03-19T17:00Z,03-19,0,0.995964,42,-,-,0.165,1.776
E,2022-03-19T18:00Z,03-19,0,0.997864,0,0,0.380842,0.165,1.776
E,2022-03-19T19:00Z,03-19,0,0.999164,0,0,0.556997,0.165,1.776
E,2022-03-19T20:00Z,03-19,0,0.999721,0,0,0.420449,0.165,1.776
E,2022-03-19T21:00Z,03-19,0,0.9987,0,0,0.138293,0.165,1.776
E,2022-03-19T22:00Z,03-19,0,1,0,0,0.0516295,0.165,1.776
E,2022-03-19T23:00Z,03-19,0,1,0,0,-0.0122483,0.165,1.776
E,2022-03-20T00:00Z,03-20,0,0.999257,0,0,-0.00996986,0.691,1.985
E,2022-03-20T01:00Z,03-20,0,0.99634,0,0,-0.0105663,0.691,1.985
E,2022-03-20T02:00Z,03-20,0,1,0,0,-0.12239,0.691,1.985
E,2022-03-20T03:00Z,03-20,0,0.999675,0,0,0.0267717,0.691,1.985
E,2022-03-20T04:00Z,03-20,0,1,0,0,0.00933116,0.691,1.985
E,2022-03-20T05:00Z,03-20,0,0.999536,0,0,0.015071,0.691,1.985
E,2022-03-20T06:00Z,03-20,0,0.998561,0,0,0.196851,0.691,1.985
E,2022-03-20T07:00Z,03-20,0,0.999536,0,0,0.933703,0.691,1.985
E,2022-03-20T08:00Z,03-20,0,0.999768,0,0,0.664656,0.691,1.985
E,2022-03-20T09:00Z,03-20,0,0.995451,0,0,-0.388184,0.691,1.985
E,2022-03-20T10:00Z,03-20,0,0.999443,0,0,-0.390437,0.691,1.985
E,2022-03-20T11:00Z,03-20,0,0.99963,0,0,-0.145842,0.691,1.985
E,2022-03-20T12:00Z,03-20,0,0.999536,0,0,-0.141537,0.691,1.985
E,2022-03-20T13:00Z,03-20,0,1,0,0,-0.143249,0.691,1.985
E,2022-03-20T14:00Z,03-20,0,1,0,0,-0.175506,0.691,1.985
E,2022-03-20T15:00Z,03-20,0,0.999443,0,0,-0.236952,0.691,1.985
E,2022-03-20T16:00Z,03-20,0,1,0,0,-0.317278,0.691,1.985
E,2022-03-20T17:00Z,03-20,0,0.983198,110,0,-0.120854,0.691,1.985
E,2022-03-20T18:00Z,03-20,0,0.993271,0,0,0.0764044,0.691,1.985
E,2022-03-20T19:00Z,03-20,0,0.999259,0,0,-0.0720168,0.691,1.985
E,2022-03-20T20:00Z,03-20,0,0.999722,0,0,-0.198416,0.691,1.985
E,2022-03-20T21:00Z,03-20,0,1,0,0,-0.260199,0.691,1.985
E,2022-03-20T22:00Z,03-20,0,0.998422,0,0,0.938441,0.691,1.985
E,2022-03-20T23:00Z,03-20,0,0.999768,0,0,-0.308781,0.691,1.985
E,2022-03-21T00:00Z,03-21,0,0.998514,0,0,-0.0270336,0.913,1.132
E,2022-03-21T01:00Z,03-21,0,1,0,0,0.0421478,0.913,1.132
E,2022-03-21T02:00Z,03-21,0,0.99935,0,0,0.0504572,0.913,1.132
E,2022-03-21T03:00Z,03-21,0,0.999582,0,0,0.120454,0.913,1.132
E,2022-03-21T04:00Z,03-21,0,0.999675,0,0,-0.05061,0.913,1.132
E,2022-03-21T05:00Z,03-21,0,0.999675,0,0,-0.127148,0.913,1.132
E,2022-03-21T06:00Z,03-21,0,0.998423,0,0,0.0496457,0.913,1.132
E,2022-03-21T07:00Z,03-21,0,0.999211,0,0,0.413134,0.913,1.132
E,2022-03-21T08:00Z,03-21,0,0.999257,0,0,0.984499,0.913,1.132
E,2022-03-21T09:00Z,03-21,0,0.994755,0,0,-0.0555594,0.913,1.132
E,2022-03-21T10:00Z,03-21,0,0.996194,6,0,-0.420488,0.913,1.132
E,2022-03-21T11:00Z,03-21,0,0.998701,0,0,-0.28998,0.913,1.132
E,2022-03-21T12:00Z,03-21,0,0.997401,163,0,-0.487706,0.913,1.132
E,2022-03-21T13:00Z,03-21,0,0.998146,0,0,-0.480956,0.913,1.132
E,2022-03-21T14:00Z,03-21,0,0.999629,0,0,-0.442135,0.913,1.132
E,2022-03-21T15:00Z,03-21,0.000139276,0.998607,0,0,-0.0997968,0.913,1.132
E,2022-03-21T16:00Z,03-21,0,0.999397,0,0,-0.537752,0.913,1.132
E,2022-03-21T17:00Z,03-21,0,0.999352,0,0,-0.311285,0.913,1.132
E,2022-03-21T18:00Z,03-21,0,0.999304,0,0,-0.260278,0.913,1.132
E,2022-03-21T19:00Z,03-21,0.000371402,0.999304,0,0,-0.296691,0.913,1.132
E,2022-03-21T20:00Z,03-21,0.000185572,0.998934,0,0,0.0140455,0.913,1.132
E,2022-03-21T21:00Z,03-21,0,0.999722,0,0,-0.316008,0.913,1.132
E,2022-03-21T22:00Z,03-21,0,0.998375,0,0,-0.347356,0.913,1.132
E,2022-03-21T23:00Z,03-21,0,0.998285,192,0,-0.510985,0.913,1.132
E,2022-03-22T00:00Z,03-22,0,1,0,0,-0.459714,0.481,2.175
E,2022-03-22T01:00Z,03-22,0,1,0,0,-0.503298,0.481,2.175
E,2022-03-22T02:00Z,03-22,0,0.999257,0,0,-0.577084,0.481,2.175
E,2022-03-22T03:00Z,03-22,0,1,0,0,-0.63141,0.481,2.175
E,2022-03-22T04:00Z,03-22,0,0.999768,0,0,-0.628841,0.481,2.175
E,2022-03-22T05:00Z,03-22,0,1,0,0,-0.61831,0.481,2.175
E,2022-03-22T06:00Z,03-22,0,0.998144,0,0,-0.374318,0.481,2.175
E,2022-03-22T07:00Z,03-22,0,1,0,0,0.511245,0.481,2.175
E,2022-03-22T08:00Z,03-22,0,0.999722,0,0,0.0349797,0.481,2.175
E,2022-03-22T09:00Z,03-22,0,0.999166,0,0,-0.359586,0.481,2.175
E,2022-03-22T10:00Z,03-22,0,0.997589,0,0,-0.583267,0.481,2.175
E,2022-03-22T11:00Z,03-22,0,0.995682,0,0,-0.449897,0.481,2.175
E,2022-03-22T12:00Z,03-22,0,0.97766,183,0,-0.227797,0.481,2.175
E,2022-03-22T13:00Z,03-22,0,0.999537,0,0,-0.0173623,0.481,2.175
E,2022-03-22T14:00Z,03-22,0,0.999721,0,0,0.439707,0.481,2.175
E,2022-03-22T15:00Z,03-22,0,0.998747,0,0,0.761497,0.481,2.175
E,2022-03-22T16:00Z,03-22,0,1,0,0,0.788736,0.481,2.175
E,2022-03-22T17:00Z,03-22,0,0.99053,164,0,0.213597,0.481,2.175
E,2022-03-22T18:00Z,03-22,0,0.997221,0,0,0.855556,0.481,2.175
E,2022-03-22T19:00Z,03-22,0,0.998423,0,0,0.394283,0.481,2.175
E,2022-03-22T20:00Z,03-22,0,0.999629,0,0,0.356867,0.481,2.175
E,2022-03-22T21:00Z,03-22,0,0.999164,0,0,0.366228,0.481,2.175
E,2022-03-22T22:00Z,03-22,0,1,0,0,1.83168,0.481,2.175
E,2022-03-22T23:00Z,03-22,0,0.99963,0,0,0.876438,0.481,2.175
E,2022-03-23T00:00Z,03-23,0,0.999537,0,0,-0.185633,1.591,5.288
E,2022-03-23T01:00Z,03-23,0,1,0,0,-0.180937,1.591,5.288
E,2022-03-23T02:00Z,03-23,0,0.999629,0,0,-0.0497334,1.591,5.288
E,2022-03-23T03:00Z,03-23,0,1,0,0,0.927375,1.591,5.288
E,2022-03-23T04:00Z,03-23,0,1,0,0,0.732839,1.591,5.288
E,2022-03-23T05:00Z,03-23,0,0.999629,0,0,-0.0665417,1.591,5.288
E,2022-03-23T06:00Z,03-23,0,0.998793,0,0,-0.2815,1.591,5.288
E,2022-03-23T07:00Z,03-23,0,0.992899,133,0,-0.37342,1.591,5.288
E,2022-03-23T08:00Z,03-23,0,0.998282,0,0,-0.167773,1.591,5.288
E,2022-03-23T09:00Z,03-23,0,0.998562,0,0,-0.369658,1.591,5.288
E,2022-03-23T10:00Z,03-23,0,0.988688,16,0,-0.229098,1.591,5.288
E,2022-03-23T11:00Z,03-23,0,0.996804,0,0,-0.0761703,1.591,5.288
E,2022-03-23T12:00Z,03-23,0,0.998934,0,0,0.271172,1.591,5.288
E,2022-03-23T13:00Z,03-23,0,0.994335,0,0,0.78629,1.591,5.288
E,2022-03-23T14:00Z,03-23,0,0.996148,0,0,1.14277,1.591,5.288
E,2022-03-23T15:00Z,03-23,0,0.977245,62,0,0.961067,1.591,5.288
E,2022-03-23T16:00Z,03-23,0.000464253,0.996288,11,0.5,2.43502,1.591,5.288
E,2022-03-23T17:00Z,03-23,9.28505e-05,0.970443,22,0.166667,0.497756,1.591,5.288
E,2022-03-23T18:00Z,03-23,0,0.936361,28,0.6,3.45569,1.591,5.288
E,2022-03-23T19:00Z,03-23,0.000232126,0.956282,13,1,47.3899,1.591,5.288
E,2022-03-23T20:00Z,03-23,0.000371402,0.995368,0,1,69.1049,1.591,5.288
E,2022-03-23T21:00Z,03-23,0,0.99949,0,1,62.3602,1.591,5.288
E,2022-03-23T22:00Z,03-23,0,1,0,1,64.8791,1.591,5.288
E,2022-03-23T23:00Z,03-23,0,0.999629,0,1,58.1209,1.591,5.288
E,2022-03-24T00:00Z,03-24,0,0.999443,0,1,51.7123,2.352,4.358
E,2022-03-24T01:00Z,03-24,0,0.999769,0,1,44.3444,2.352,4.358
E,2022-03-24T02:00Z,03-24,0,0.999443,0,1,38.0832,2.352,4.358
E,2022-03-24T03:00Z,03-24,0,0.999396,0,1,31.8364,2.352,4.358
E,2022-03-24T04:00Z,03-24,0,0.999675,0,1,26.3811,2.352,4.358
E,2022-03-24T05:00Z,03-24,0,0.999304,0,1,21.3919,2.352,4.358
E,2022-03-24T06:00Z,03-24,0,0.998886,0,1,19.5749,2.352,4.358
E,2022-03-24T07:00Z,03-24,0,1,0,1,17.3946,2.352,4.358
E,2022-03-24T08:00Z,03-24,0,0.999767,0,1,16.8284,2.352,4.358
E,2022-03-24T09:00Z,03-24,0,0.999444,0,1,13.5119,2.352,4.358
E,2022-03-24T10:00Z,03-24,0,0.998886,0,1,7.84622,2.352,4.358
E,2022-03-24T11:00Z,03-24,0,0.997448,0,0.5,1.93582,2.352,4.358
E,2022-03-24T12:00Z,03-24,0,0.99782,0,0,0.308619,2.352,4.358
E,2022-03-24T13:00Z,03-24,0,0.998886,0,0,0.323526,2.352,4.358
E,2022-03-24T14:00Z,03-24,4.65549e-05,0.996462,0,0,0.38539,2.352,4.358
E,2022-03-24T15:00Z,03-24,0,0.999629,0,0,0.52585,2.352,4.358
E,2022-03-24T16:00Z,03-24,0,0.999721,0,0,0.445416,2.352,4.358
E,2022-03-24T17:00Z,03-24,0,0.998888,0,0,0.556012,2.352,4.358
E,2022-03-24T18:00Z,03-24,0,0.94834,115,0,1.03653,2.352,4.358
E,2022-03-24T19:00Z,03-24,0,0.907054,0,0.166667,1.48123,2.352,4.358
E,2022-03-24T20:00Z,03-24,0,0.907108,0,0.166667,1.0251,2.352,4.358
E,2022-03-24T21:00Z,03-24,0,0.909091,0,1,4.54711,2.352,4.358
E,2022-03-24T22:00Z,03-24,0,0.908711,0,1,4.41665,2.352,4.358
E,2022-03-24T23:00Z,03-24,0,0.909091,0,1,3.85149,2.352,4.358
E,2022-03-25T00:00Z,03-25,0,0.908586,0,1,2.81502,1.478,2.865
E,2022-03-25T01:00Z,03-25,0,0.908795,0,0.166667,1.88214,1.478,2.865
E,2022-03-25T02:00Z,03-25,0,0.909091,0,0,1.13361,1.478,2.865
E,2022-03-25T03:00Z,03-25,0,0.908795,0,0,0.316483,1.478,2.865
E,2022-03-25T04:00Z,03-25,0,0.90888,0,0,-0.0544225,1.478,2.865
E,2022-03-25T05:00Z,03-25,0,0.909091,0,0,-0.19283,1.478,2.865
E,2022-03-25T06:00Z,03-25,0,0.908669,0,0,-0.150525,1.478,2.865
E,2022-03-25T07:00Z,03-25,0,0.909091,0,0,-0.12846,1.478,2.865
E,2022-03-25T08:00Z,03-25,0,0.908711,0,0,-0.154311,1.478,2.865
E,2022-03-25T09:00Z,03-25,0,0.907572,0,0,-0.17931,1.478,2.865
E,2022-03-25T10:00Z,03-25,0,0.907488,0,0,-0.214939,1.478,2.865
E,2022-03-25T11:00Z,03-25,0,0.908838,0,0,-0.0733541,1.478,2.865
E,2022-03-25T12:00Z,03-25,0,0.908838,0,0,0.515538,1.478,2.865
E,2022-03-25T13:00Z,03-25,0,0.90888,0,0,0.813646,1.478,2.865
E,2022-03-25T14:00Z,03-25,0,0.908838,0,0,1.41856,1.478,2.865
E,2022-03-25T15:00Z,03-25,0,0.908331,0,0,1.6028,1.478,2.865
E,2022-03-25T16:00Z,03-25,0,0.908669,0,0,1.60471,1.478,2.865
E,2022-03-25T17:00Z,03-25,0,0.907237,0,0,1.21006,1.478,2.865
E,2022-03-25T18:00Z,03-25,0,0.906855,0,0,0.571827,1.478,2.865
E,2022-03-25T19:00Z,03-25,0.000168819,0.906602,0,0.833333,8.1842,1.478,2.865
E,2022-03-25T20:00Z,03-25,0.000253229,0.908753,0,1,7.77333,1.478,2.865
E,2022-03-25T21:00Z,03-25,0.000422048,0.908416,0,1,7.52906,1.478,2.865
E,2022-03-25T22:00Z,03-25,0.000590867,0.906685,0,1,5.29232,1.478,2.865
E,2022-03-25T23:00Z,03-25,0,0.908289,0,1,5.30311,1.478,2.865
E,2022-03-26T00:00Z,03-26,0,0.908754,0,0.5,2.07598,1.439,3.304
E,2022-03-26T01:00Z,03-26,0,0.908458,0,1,4.07725,1.439,3.304
E,2022-03-26T02:00Z,03-26,0,0.906221,0,0.5,2.52818,1.439,3.304
E,2022-03-26T03:00Z,03-26,0,0.909091,0,0,1.82852,1.439,3.304
E,2022-03-26T04:00Z,03-26,0,0.906306,0,0,0.0616429,1.439,3.304
E,2022-03-26T05:00Z,03-26,0,0.901466,0,0,-0.147259,1.439,3.304
E,2022-03-26T06:00Z,03-26,0,0.906854,0,0.166667,-0.234901,1.439,3.304
E,2022-03-26T07:00Z,03-26,0,0.908036,0,0,0.400794,1.439,3.304
E,2022-03-26T08:00Z,03-26,0,0.905757,0,0,-0.165581,1.439,3.304
E,2022-03-26T09:00Z,03-26,0,0.908922,0,0,-0.581643,1.439,3.304
E,2022-03-26T10:00Z,03-26,0,0.908162,0,0,-0.502702,1.439,3.304
E,2022-03-26T11:00Z,03-26,0,0.908753,0,0,0.00118191,1.439,3.304
E,2022-03-26T12:00Z,03-26,0,0.9085,0,0,0.383087,1.439,3.304
E,2022-03-26T13:00Z,03-26,0,0.908627,0,0,0.576062,1.439,3.304
E,2022-03-26T14:00Z,03-26,0,0.909091,0,0,0.700424,1.439,3.304
E,2022-03-26T15:00Z,03-26,0,0.909091,0,0,0.778575,1.439,3.304
E,2022-03-26T16:00Z,03-26,0,0.920891,0,0,0.745023,1.439,3.304
E,2022-03-26T17:00Z,03-26,0,0.908247,0,0,0.550517,1.439,3.304
E,2022-03-26T18:00Z,03-26,0,0.906391,0,0.5,2.46629,1.439,3.304
E,2022-03-26T19:00Z,03-26,0,0.906899,0,1,8.08201,1.439,3.304
E,2022-03-26T20:00Z,03-26,0,0.908753,0,1,10.9882,1.439,3.304
E,2022-03-26T21:00Z,03-26,0,0.909091,0,1,13.118,1.439,3.304
E,2022-03-26T22:00Z,03-26,0,0.9085,0,1,10.3505,1.439,3.304
E,2022-03-26T23:00Z,03-26,0,0.909091,0,1,10.306,1.439,3.304
E,2022-03-27T00:00Z,03-27,0,0.908584,0,1,11.8622,1.787,1.708
E,2022-03-27T01:00Z,03-27,0,0.909091,0,1,12.7508,1.787,1.708
E,2022-03-27T02:00Z,03-27,0,0.909091,0,1,10.9014,1.787,1.708
E,2022-03-27T03:00Z,03-27,0,0.904448,0,1,9.93401,1.787,1.708
E,2022-03-27T04:00Z,03-27,0,0.909091,0,1,9.73033,1.787,1.708
E,2022-03-27T05:00Z,03-27,0,0.908333,0,1,5.26015,1.787,1.708
E,2022-03-27T06:00Z,03-27,0,0.908079,0,0.166667,0.889978,1.787,1.708
E,2022-03-27T07:00Z,03-27,0,0.909091,0,0,0.840446,1.787,1.708
E,2022-03-27T08:00Z,03-27,0,0.9085,0,0,0.364472,1.787,1.708
E,2022-03-27T09:00Z,03-27,0,0.909091,0,0,0.299082,1.787,1.708
E,2022-03-27T10:00Z,03-27,0,0.906348,0,0,0.287527,1.787,1.708
E,2022-03-27T11:00Z,03-27,0,0.9085,0,0,0.696746,1.787,1.708
E,2022-03-27T12:00Z,03-27,0,0.908584,0,0,0.262299,1.787,1.708
E,2022-03-27T13:00Z,03-27,0,0.9085,0,0,0.112726,1.787,1.708
E,2022-03-27T14:00Z,03-27,0,0.908838,0,0,0.315539,1.787,1.708
E,2022-03-27T15:00Z,03-27,0,0.909091,0,0,0.731152,1.787,1.708
E,2022-03-27T16:00Z,03-27,0,0.905758,114,0,0.674029,1.787,1.708
E,2022-03-27T17:00Z,03-27,0,0.888893,80,0.166667,0.989279,1.787,1.708
E,2022-03-27T18:00Z,03-27,0,0.908331,0,0.333333,1.97845,1.787,1.708
E,2022-03-27T19:00Z,03-27,0,0.908584,0,0,1.90137,1.787,1.708
E,2022-03-27T20:00Z,03-27,0,0.908753,0,0,1.21932,1.787,1.708
E,2022-03-27T21:00Z,03-27,0,0.909091,0,0,0.579538,1.787,1.708
E,2022-03-27T22:00Z,03-27,0,0.908458,0,0,-0.00539942,1.787,1.708
E,2022-03-27T23:00Z,03-27,0,0.908078,0,0,-0.255992,1.787,1.708
E,2022-03-28T00:00Z,03-28,0,0.908838,0,0,-0.338359,0.936,1.809
E,2022-03-28T01:00Z,03-28,0,0.909091,0,0,-0.394961,0.936,1.809
E,2022-03-28T02:00Z,03-28,0,0.909091,0,0,-0.47645,0.936,1.809
E,2022-03-28T03:00Z,03-28,0,0.909091,0,0,-0.53306,0.936,1.809
E,2022-03-28T04:00Z,03-28,0,0.908458,0,0,-0.578864,0.936,1.809
E,2022-03-28T05:00Z,03-28,0,0.909091,0,0,-0.587478,0.936,1.809
E,2022-03-28T06:00Z,03-28,0,0.908248,0,0,-0.634476,0.936,1.809
E,2022-03-28T07:00Z,03-28,0,0.909091,0,0,-0.622602,0.936,1.809
E,2022-03-28T08:00Z,03-28,0,0.908458,0,0,-0.644482,0.936,1.809
E,2022-03-28T09:00Z,03-28,0,0.909091,0,0,-0.591525,0.936,1.809
E,2022-03-28T10:00Z,03-28,0,0.908206,0,0,-0.603554,0.936,1.809
E,2022-03-28T11:00Z,03-28,0,0.90791,0,0,-0.625397,0.936,1.809
E,2022-03-28T12:00Z,03-28,0,0.908163,0,0,-0.563581,0.936,1.809
E,2022-03-28T13:00Z,03-28,0,0.908838,0,0,-0.188002,0.936,1.809
E,2022-03-28T14:00Z,03-28,0,0.909091,0,0,-0.0386812,0.936,1.809
E,2022-03-28T15:00Z,03-28,0,0.909091,0,0,-0.0452925,0.936,1.809
E,2022-03-28T16:00Z,03-28,0,0.908121,0,0,-0.320842,0.936,1.809
E,2022-03-28T17:00Z,03-28,0,0.908584,0,0,-0.206561,0.936,1.809
E,2022-03-28T18:00Z,03-28,0,0.908206,0,0,0.0357459,0.936,1.809
E,2022-03-28T19:00Z,03-28,0.000506457,0.908584,0,0,0.0245937,0.936,1.809
E,2022-03-28T20:00Z,03-28,0.000506457,0.907529,0,0,-0.201219,0.936,1.809
E,2022-03-28T21:00Z,03-28,0,0.909091,0,0,-0.334196,0.936,1.809
E,2022-03-28T22:00Z,03-28,0,0.90867,0,0,-0.464967,0.936,1.809
E,2022-03-28T23:00Z,03-28,0,0.909091,0,0,-0.546211,0.936,1.809
E,2022-03-29T00:00Z,03-29,0,0.908375,0,0,-0.597604,0.409,1.091
E,2022-03-29T01:00Z,03-29,0,0.909091,0,0,-0.63062,0.409,1.091
E,2022-03-29T02:00Z,03-29,0,0.908669,0,0,-0.635797,0.409,1.091
E,2022-03-29T03:00Z,03-29,0,0.907657,0,0,-0.605821,0.409,1.091
E,2022-03-29T04:00Z,03-29,0,0.909091,0,0,-0.572179,0.409,1.091
E,2022-03-29T05:00Z,03-29,0,0.908291,0,0,-0.643179,0.409,1.091
E,2022-03-29T06:00Z,03-29,0,0.90867,0,0,-0.647568,0.409,1.091
E,2022-03-29T07:00Z,03-29,0,0.907487,0,0,-0.479373,0.409,1.091
E,2022-03-29T08:00Z,03-29,0,0.908584,0,0,-0.462229,0.409,1.091
E,2022-03-29T09:00Z,03-29,0,0.908374,0,0,-0.590521,0.409,1.091
E,2022-03-29T10:00Z,03-29,0,0.908584,0,0,-0.581482,0.409,1.091
E,2022-03-29T11:00Z,03-29,0,0.909091,0,0,-0.620016,0.409,1.091
E,2022-03-29T12:00Z,03-29,0,0.905799,0,0,-0.665991,0.409,1.091
E,2022-03-29T13:00Z,03-29,0,0.909091,0,0,-0.673217,0.409,1.091
E,2022-03-29T14:00Z,03-29,0,0.909006,0,0,-0.672149,0.409,1.091
E,2022-03-29T15:00Z,03-29,0,0.903014,0,0,-0.539414,0.409,1.091
E,2022-03-29T16:00Z,03-29,0,0.908669,0,0,-0.640215,0.409,1.091
E,2022-03-29T17:00Z,03-29,0,0.908669,0,0,-0.670751,0.409,1.091
E,2022-03-29T18:00Z,03-29,0,0.90888,0,0,-0.682603,0.409,1.091
E,2022-03-29T19:00Z,03-29,0,0.908162,0,0,-0.666171,0.409,1.091
E,2022-03-29T20:00Z,03-29,0,0.908584,0,0,-0.690367,0.409,1.091
E,2022-03-29T21:00Z,03-29,0,0.923077,0,0,-0.687141,0.409,1.091
E,2022-03-29T22:00Z,03-29,0,0.908586,0,0,-0.679731,0.409,1.091
E,2022-03-29T23:00Z,03-29,0,0.909091,0,0,-0.649661,0.409,1.091
E,2022-03-30T00:00Z,03-30,0,0.909091,0,0,-0.650729,-0.261,1.25
E,2022-03-30T01:00Z,03-30,0,0.907867,0,0,-0.653639,-0.261,1.25
E,2022-03-30T02:00Z,03-30,0,0.909091,0,0,-0.655946,-0.261,1.25
E,2022-03-30T03:00Z,03-30,0,0.909091,0,0,-0.658843,-0.261,1.25
E,2022-03-30T04:00Z,03-30,0,0.909091,0,0,-0.660615,-0.261,1.25
E,2022-03-30T05:00Z,03-30,0,0.908754,0,0,-0.66251,-0.261,1.25
E,2022-03-30T06:00Z,03-30,0,0.909091,0,0,-0.619084,-0.261,1.25
E,2022-03-30T07:00Z,03-30,0,0.908373,0,0,-0.604552,-0.261,1.25
E,2022-03-30T08:00Z,03-30,0,0.907994,0,0,-0.609874,-0.261,1.25
E,2022-03-30T09:00Z,03-30,0,0.909091,0,0,-0.613799,-0.261,1.25
E,2022-03-30T10:00Z,03-30,0,0.907909,0,0,-0.621346,-0.261,1.25
E,2022-03-30T11:00Z,03-30,0,0.909091,0,0,-0.693224,-0.261,1.25
E,2022-03-30T12:00Z,03-30,0,0.908838,0,0,-0.689439,-0.261,1.25
E,2022-03-30T13:00Z,03-30,0,0.909091,0,0,-0.695328,-0.261,1.25
E,2022-03-30T14:00Z,03-30,0,0.908753,0,0,-0.658131,-0.261,1.25
E,2022-03-30T15:00Z,03-30,0,0.909091,0,0,-0.686807,-0.261,1.25
E,2022-03-30T16:00Z,03-30,0,0.907953,0,0,-0.593575,-0.261,1.25
E,2022-03-30T17:00Z,03-30,0,0.909091,0,0,-0.596728,-0.261,1.25
E,2022-03-30T18:00Z,03-30,0,0.90888,0,0,-0.653119,-0.261,1.25
E,2022-03-30T19:00Z,03-30,0,0.967742,0,0,-0.684868,-0.261,1.25
E,2022-03-30T20:00Z,03-30,0.047619,0.888235,0,0,-0.648925,-0.261,1.25
E,2022-03-30T21:00Z,03-30,0,0.907868,0,0,-0.672388,-0.261,1.25
E,2022-03-30T22:00Z,03-30,0,0.908584,0,0,-0.646107,-0.261,1.25
E,2022-03-30T23:00Z,03-30,0,0.909091,0,0,-0.614936,-0.261,1.25
E,2022-03-31T00:00Z,03-31,0,0.909091,0,0,-0.630334,-0.231,0.9291
E,2022-03-31T01:00Z,03-31,0,0.908584,0,0,-0.639449,-0.231,0.9291
E,2022-03-31T02:00Z,03-31,0,0.909091,0,0,-0.651849,-0.231,0.9291
E,2022-03-31T03:00Z,03-31,0,0.908417,0,0,-0.649344,-0.231,0.9291
E,2022-03-31T04:00Z,03-31,0,0.909091,0,0,-0.64201,-0.231,0.9291
E,2022-03-31T05:00Z,03-31,0,0.908753,0,0,-0.633816,-0.231,0.9291
E,2022-03-31T06:00Z,03-31,0,0.907698,0,0,-0.377222,-0.231,0.9291
E,2022-03-31T07:00Z,03-31,0,0.907867,0,0,-0.567379,-0.231,0.9291
E,2022-03-31T08:00Z,03-31,0,0.908078,0,0,-0.591363,-0.231,0.9291
E,2022-03-31T09:00Z,03-31,0,0.908627,0,0,-0.326789,-0.231,0.9291
E,2022-03-31T10:00Z,03-31,0,0.907912,0,0,-0.44477,-0.231,0.9291
E,2022-03-31T11:00Z,03-31,0,0.907741,0,0,-0.400401,-0.231,0.9291
E,2022-03-31T12:00Z,03-31,0,0.9085,0,0,-0.261878,-0.231,0.9291
E,2022-03-31T13:00Z,03-31,0,0.909091,0,0,-0.317036,-0.231,0.9291
E,2022-03-31T14:00Z,03-31,0,0.900608,0,0,-0.141937,-0.231,0.9291
E,2022-03-31T15:00Z,03-31,0,0.906094,0,0,-0.237262,-0.231,0.9291
E,2022-03-31T16:00Z,03-31,0.000210438,0.905386,0,0.166667,-0.267175,-0.231,0.9291
E,2022-03-31T17:00Z,03-31,8.44096e-05,0.894196,50,0,-0.19851,-0.231,0.9291
E,2022-03-31T18:00Z,03-31,0,0.898846,120,0,-0.182234,-0.231,0.9291
E,2022-03-31T19:00Z,03-31,0.000337638,0.908753,0,0,-0.245891,-0.231,0.9291
E,2022-03-31T20:00Z,03-31,0.000210438,0.907361,0,0,-0.0955584,-0.231,0.9291
E,2022-03-31T21:00Z,03-31,0,0.908584,0,0,-0.0137492,-0.231,0.9291
E,2022-03-31T22:00Z,03-31,0,0.908922,0,0,-0.131208,-0.231,0.9291
E,2022-03-31T23:00Z,03-31,0,0.908585,0,0,-0.333677,-0.231,0.9291
F,2022-03-19T00:00Z,03-19,0,1,0,-,-,-0.235,0.9097
F,2022-03-19T01:00Z,03-19,0,1,0,-,-,-0.235,0.9097
F,2022-03-19T02:00Z,03-19,0,0.999304,0,-,-,-0.235,0.9097
F,2022-03-19T03:00Z,03-19,0,1,0,-,-,-0.235,0.9097
F,2022-03-19T04:00Z,03-19,0,1,0,-,-,-0.235,0.9097
F,2022-03-19T05:00Z,03-19,0,0.999489,0,-,-,-0.235,0.9097
F,2022-03-19T06:00Z,03-19,0,0.998795,0,-,-,-0.235,0.9097
F,2022-03-19T07:00Z,03-19,0,1,0,-,-,-0.235,0.9097
F,2022-03-19T08:00Z,03-19,0,1,0,-,-,-0.235,0.9097
F,2022-03-19T09:00Z,03-19,0,0.999443,0,-,-,-0.235,0.9097
F,2022-03-19T10:00Z,03-19,0,0.999069,0,-,-,-0.235,0.9097
F,2022-03-19T11:00Z,03-19,0,0.99935,0,-,-,-0.235,0.9097
F,2022-03-19T12:00Z,03-19,0,0.999443,0,-,-,-0.235,0.9097
F,2022-03-19T13:00Z,03-19,0,0.999396,0,-,-,-0.235,0.9097
F,2022-03-19T14:00Z,03-19,0,0.999352,0,-,-,-0.235,0.9097
F,2022-03-19T15:00Z,03-19,0,0.998747,0,-,-,-0.235,0.9097
F,2022-03-19T16:00Z,03-19,0,0.994392,0,-,-,-0.235,0.9097
F,2022-03-19T17:00Z,03-19,0,0.987558,121,-,-,-0.235,0.9097
F,2022-03-19T18:00Z,03-19,0,0.998562,0,0,0.138727,-0.235,0.9097
F,2022-03-19T19:00Z,03-19,0,0.999582,0,0,-0.0148504,-0.235,0.9097
F,2022-03-19T20:00Z,03-19,0,1,0,0,-0.201898,-0.235,0.9097
F,2022-03-19T21:00Z,03-19,0,0.999071,0,0,-0.299574,-0.235,0.9097
F,2022-03-19T22:00Z,03-19,0,1,0,0,-0.363262,-0.235,0.9097
F,2022-03-19T23:00Z,03-19,0,0.99805,0,0,-0.410882,-0.235,0.9097
F,2022-03-20T00:00Z,03-20,0,1,0,0,-0.436811,0.116,1.349
F,2022-03-20T01:00Z,03-20,0,0.999304,0,0,-0.418059,0.116,1.349
F,2022-03-20T02:00Z,03-20,0,1,0,0,-0.364664,0.116,1.349
F,2022-03-20T03:00Z,03-20,0,0.999118,0,0,-0.319076,0.116,1.349
F,2022-03-20T04:00Z,03-20,0,0.999582,0,0,-0.278192,0.116,1.349
F,2022-03-20T05:00Z,03-20,0,0.998468,0,0,-0.24639,0.116,1.349
F,2022-03-20T06:00Z,03-20,0,0.998793,0,0,-0.389921,0.116,1.349
F,2022-03-20T07:00Z,03-20,0,0.998934,0,0,-0.3591,0.116,1.349
F,2022-03-20T08:00Z,03-20,0,0.994988,190,0,-0.438206,0.116,1.349
F,2022-03-20T09:00Z,03-20,0,0.999537,0,0,-0.279493,0.116,1.349
F,2022-03-20T10:00Z,03-20,0,0.999536,0,0,-0.322983,0.116,1.349
F,2022-03-20T11:00Z,03-20,0,0.999211,0,0,-0.373979,0.116,1.349
F,2022-03-20T12:00Z,03-20,0,0.999118,0,0,-0.257798,0.116,1.349
F,2022-03-20T13:00Z,03-20,0,0.998886,0,0,-0.301164,0.116,1.349
F,2022-03-20T14:00Z,03-20,0,0.99573,0,0,-0.230614,0.116,1.349
F,2022-03-20T15:00Z,03-20,0,0.999861,0,0,-0.192739,0.116,1.349
F,2022-03-20T16:00Z,03-20,0,0.996758,0,0,-0.14815,0.116,1.349
F,2022-03-20T17:00Z,03-20,0,0.991644,181,0,-0.24259,0.116,1.349
F,2022-03-20T18:00Z,03-20,0,0.997541,0,0,-0.280915,0.116,1.349
F,2022-03-20T19:00Z,03-20,0,0.9987,0,0,0.0123906,0.116,1.349
F,2022-03-20T20:00Z,03-20,0,0.999536,0,0,-0.139527,0.116,1.349
F,2022-03-20T21:00Z,03-20,0,0.999257,0,0,-0.347181,0.116,1.349
F,2022-03-20T22:00Z,03-20,0,0.999722,0,0,-0.341568,0.116,1.349
F,2022-03-20T23:00Z,03-20,0,0.99912,0,0,-0.415942,0.116,1.349
F,2022-03-21T00:00Z,03-21,0,0.999211,0,0,-0.422843,0.573,0.5584
F,2022-03-21T01:00Z,03-21,0,0.999396,0,0,-0.393327,0.573,0.5584
F,2022-03-21T02:00Z,03-21,0,1,0,0,-0.328197,0.573,0.5584
F,2022-03-21T03:00Z,03-21,0,1,0,0,-0.262693,0.573,0.5584
F,2022-03-21T04:00Z,03-21,0,0.999257,0,0,-0.174555,0.573,0.5584
F,2022-03-21T05:00Z,03-21,0,1,0,0,-0.150487,0.573,0.5584
F,2022-03-21T06:00Z,03-21,0,0.998607,0,0,-0.3191,0.573,0.5584
F,2022-03-21T07:00Z,03-21,0,0.998329,0,0,0.134738,0.573,0.5584
F,2022-03-21T08:00Z,03-21,0,1,0,0,0.00793342,0.573,0.5584
F,2022-03-21T09:00Z,03-21,0,0.998469,0,0,-0.0811551,0.573,0.5584
F,2022-03-21T10:00Z,03-21,0,0.99935,0,0,-0.322904,0.573,0.5584
F,2022-03-21T11:00Z,03-21,0,0.999073,0,0,-0.422225,0.573,0.5584
F,2022-03-21T12:00Z,03-21,0,0.999118,0,0,-0.383505,0.573,0.5584
F,2022-03-21T13:00Z,03-21,0,0.997336,0,0,-0.29428,0.573,0.5584
F,2022-03-21T14:00Z,03-21,0,0.998681,0,0,0.686794,0.573,0.5584
F,2022-03-21T15:00Z,03-21,0,0.99808,0,0,1.49134,0.573,0.5584
F,2022-03-21T16:00Z,03-21,0,0.998366,0,0,0.820332,0.573,0.5584
F,2022-03-21T17:00Z,03-21,0,1,0,0,0.507797,0.573,0.5584
F,2022-03-21T18:00Z,03-21,0,0.999437,0,0,0.545414,0.573,0.5584
F,2022-03-21T19:00Z,03-21,0,0.982963,98,0,0.333488,0.573,0.5584
F,2022-03-21T20:00Z,03-21,0,0.994437,0,0,-0.0650562,0.573,0.5584
F,2022-03-21T21:00Z,03-21,0,1,0,0,-0.180203,0.573,0.5584
F,2022-03-21T22:00Z,03-21,0,0.999489,0,0,-0.188352,0.573,0.5584
F,2022-03-21T23:00Z,03-21,0,1,0,0,-0.319864,0.573,0.5584
F,2022-03-22T00:00Z,03-22,0,0.999211,0,0,-0.403019,0.067,0.6665
F,2022-03-22T01:00Z,03-22,0,1,0,0,-0.475984,0.067,0.6665
F,2022-03-22T02:00Z,03-22,0,0.999489,0,0,-0.534621,0.067,0.6665
F,2022-03-22T03:00Z,03-22,0,0.999304,0,0,-0.596867,0.067,0.6665
F,2022-03-22T04:00Z,03-22,0,1,0,0,-0.604721,0.067,0.6665
F,2022-03-22T05:00Z,03-22,0,1,0,0,-0.611481,0.067,0.6665
F,2022-03-22T06:00Z,03-22,0,0.998375,0,0,-0.606789,0.067,0.6665
F,2022-03-22T07:00Z,03-22,0,0.999536,0,0,-0.586266,0.067,0.6665
F,2022-03-22T08:00Z,03-22,0,0.996844,0,0,-0.579138,0.067,0.6665
F,2022-03-22T09:00Z,03-22,0,1,0,0,-0.546038,0.067,0.6665
F,2022-03-22T10:00Z,03-22,0,0.999438,0,0,-0.525696,0.067,0.6665
F,2022-03-22T11:00Z,03-22,0,0.998234,0,0,-0.289353,0.067,0.6665
F,2022-03-22T12:00Z,03-22,0,0.998825,0,0,0.902862,0.067,0.6665
F,2022-03-22T13:00Z,03-22,0,0.999764,0,0,1.29177,0.067,0.6665
F,2022-03-22T14:00Z,03-22,0,0.997498,0,0,1.90104,0.067,0.6665
F,2022-03-22T15:00Z,03-22,0,0.999213,0,0.666667,2.30492,0.067,0.6665
F,2022-03-22T16:00Z,03-22,0,0.998333,0,1,2.55844,0.067,0.6665
F,2022-03-22T17:00Z,03-22,0,0.999105,0,0.666667,2.2891,0.067,0.6665
F,2022-03-22T18:00Z,03-22,0,0.998088,0,0.5,2.23315,0.067,0.6665
F,2022-03-22T19:00Z,03-22,0.000233427,0.999767,0,0,1.65975,0.067,0.6665
F,2022-03-22T20:00Z,03-22,0.00037037,0.998841,0,0,0.435476,0.067,0.6665
F,2022-03-22T21:00Z,03-22,0,0.999118,0,0,0.019629,0.067,0.6665
F,2022-03-22T22:00Z,03-22,0,1,0,0,-0.234838,0.067,0.6665
F,2022-03-22T23:00Z,03-22,0,0.999582,0,0,-0.292986,0.067,0.6665
F,2022-03-23T00:00Z,03-23,0,1,0,0,-0.251398,0.067,1.698
F,2022-03-23T01:00Z,03-23,0,0.99912,0,0,-0.323367,0.067,1.698
F,2022-03-23T02:00Z,03-23,0,0.999537,0,0,-0.324176,0.067,1.698
F,2022-03-23T03:00Z,03-23,0,0.9987,0,0,-0.485119,0.067,1.698
F,2022-03-23T04:00Z,03-23,0,1,0,0,-0.538013,0.067,1.698
F,2022-03-23T05:00Z,03-23,0,0.992897,0,0,-0.316175,0.067,1.698
F,2022-03-23T06:00Z,03-23,0,0.999257,0,0,-0.467824,0.067,1.698
F,2022-03-23T07:00Z,03-23,0,1,0,0,-0.480583,0.067,1.698
F,2022-03-23T08:00Z,03-23,0,0.999491,0,0,-0.490118,0.067,1.698
F,2022-03-23T09:00Z,03-23,0.000928505,0.990207,0,0,-0.469473,0.067,1.698
F,2022-03-23T10:00Z,03-23,0,0.978327,28,0,-0.408872,0.067,1.698
F,2022-03-23T11:00Z,03-23,0,0.998633,0,0,-0.396065,0.067,1.698
F,2022-03-23T12:00Z,03-23,0,0.998927,0,0,-0.00755565,0.067,1.698
F,2022-03-23T13:00Z,03-23,0,0.999295,0,0,1.13799,0.067,1.698
F,2022-03-23T14:00Z,03-23,0,0.999532,0,0.5,2.20065,0.067,1.698
F,2022-03-23T15:00Z,03-23,0,1,0,1,2.79945,0.067,1.698
F,2022-03-23T16:00Z,03-23,0,0.999518,0,1,2.92993,0.067,1.698
F,2022-03-23T17:00Z,03-23,0.000470016,0.965484,17,1,4.99632,0.067,1.698
F,2022-03-23T18:00Z,03-23,9.33707e-05,0.994631,0,1,3.97066,0.067,1.698
F,2022-03-23T19:00Z,03-23,0,0.998091,0,1,5.02631,0.067,1.698
F,2022-03-23T20:00Z,03-23,0,1,0,1,5.16863,0.067,1.698
F,2022-03-23T21:00Z,03-23,0,1,0,1,4.12165,0.067,1.698
F,2022-03-23T22:00Z,03-23,0,0.999071,0,1,3.38188,0.067,1.698
F,2022-03-23T23:00Z,03-23,0,0.998747,0,1,2.68309,0.067,1.698
F,2022-03-24T00:00Z,03-24,0,1,0,0.333333,2.16554,0.733,1.805
F,2022-03-24T01:00Z,03-24,0,0.99935,0,0,1.68115,0.733,1.805
F,2022-03-24T02:00Z,03-24,0,1,0,0,1.22894,0.733,1.805
F,2022-03-24T03:00Z,03-24,0,0.999071,0,0,0.873496,0.733,1.805
F,2022-03-24T04:00Z,03-24,0,1,0,0,0.551108,0.733,1.805
F,2022-03-24T05:00Z,03-24,0,0.999257,0,0,0.295834,0.733,1.805
F,2022-03-24T06:00Z,03-24,0,1,0,0,0.0974145,0.733,1.805
F,2022-03-24T07:00Z,03-24,0,1,0,0,0.189742,0.733,1.805
F,2022-03-24T08:00Z,03-24,0,0.987326,157,0,0.442356,0.733,1.805
F,2022-03-24T09:00Z,03-24,0,0.998515,0,0,0.331433,0.733,1.805
F,2022-03-24T10:00Z,03-24,0,0.999304,0,0,0.298987,0.733,1.805
F,2022-03-24T11:00Z,03-24,0,0.99963,0,0,0.466738,0.733,1.805
F,2022-03-24T12:00Z,03-24,0,0.998183,0,0,0.693424,0.733,1.805
F,2022-03-24T13:00Z,03-24,0,1,0,0,1.05928,0.733,1.805
F,2022-03-24T14:00Z,03-24,0,1,0,0,1.31661,0.733,1.805
F,2022-03-24T15:00Z,03-24,0,0.999253,0,0,1.42141,0.733,1.805
F,2022-03-24T16:00Z,03-24,0,1,0,0,1.38401,0.733,1.805
F,2022-03-24T17:00Z,03-24,0,1,0,0,1.2532,0.733,1.805
F,2022-03-24T18:00Z,03-24,0,0.997805,0,0,1.60906,0.733,1.805
F,2022-03-24T19:00Z,03-24,0,0.922391,0,1,2.81943,0.733,1.805
F,2022-03-24T20:00Z,03-24,0,0.907698,0,1,2.56811,0.733,1.805
F,2022-03-24T21:00Z,03-24,0,0.909091,0,1,3.17671,0.733,1.805
F,2022-03-24T22:00Z,03-24,0,0.908458,0,1,2.39369,0.733,1.805
F,2022-03-24T23:00Z,03-24,0,0.909091,0,0,1.98238,0.733,1.805
F,2022-03-25T00:00Z,03-25,0,0.909091,0,0,1.42509,0.533,1.504
F,2022-03-25T01:00Z,03-25,0,0.908753,0,0,0.933572,0.533,1.504
F,2022-03-25T02:00Z,03-25,0,0.908247,0,0,0.500417,0.533,1.504
F,2022-03-25T03:00Z,03-25,0,0.908584,0,0,0.105869,0.533,1.504
F,2022-03-25T04:00Z,03-25,0,0.909091,0,0,-0.184238,0.533,1.504
F,2022-03-25T05:00Z,03-25,0,0.907825,0,0,-0.32717,0.533,1.504
F,2022-03-25T06:00Z,03-25,0,0.908753,0,0,-0.279873,0.533,1.504
F,2022-03-25T07:00Z,03-25,0,0.909091,0,0,-0.12801,0.533,1.504
F,2022-03-25T08:00Z,03-25,0,0.908753,0,0,-0.0541272,0.533,1.504
F,2022-03-25T09:00Z,03-25,0,0.908162,0,0,-0.222139,0.533,1.504
F,2022-03-25T10:00Z,03-25,0,0.908118,0,0,-0.314753,0.533,1.504
F,2022-03-25T11:00Z,03-25,0,0.908288,0,0,-0.24064,0.533,1.504
F,2022-03-25T12:00Z,03-25,0,0.907567,0,0,0.27347,0.533,1.504
F,2022-03-25T13:00Z,03-25,0,0.907361,0,0.166667,1.43799,0.533,1.504
F,2022-03-25T14:00Z,03-25,0,0.904583,0,1,2.44813,0.533,1.504
F,2022-03-25T15:00Z,03-25,0,0.902401,13.5,1,2.95927,0.533,1.504
F,2022-03-25T16:00Z,03-25,8.58443e-05,0.900758,24,1,5.79212,0.533,1.504
F,2022-03-25T17:00Z,03-25,0,0.906846,0,1,4.0632,0.533,1.504
F,2022-03-25T18:00Z,03-25,0,0.909091,0,1,2.98926,0.533,1.504
F,2022-03-25T19:00Z,03-25,0,0.908754,0,1,3.15225,0.533,1.504
F,2022-03-25T20:00Z,03-25,0.000337521,0.9085,0,0.5,2.26225,0.533,1.504
F,2022-03-25T21:00Z,03-25,0.000211024,0.908037,0,0,0.9674,0.533,1.504
F,2022-03-25T22:00Z,03-25,0,0.908838,0,0,0.426856,0.533,1.504
F,2022-03-25T23:00Z,03-25,0,0.9085,0,0,0.179961,0.533,1.504
F,2022-03-26T00:00Z,03-26,0,0.905927,103,0,0.188598,0.047,1.388
F,2022-03-26T01:00Z,03-26,0,0.903776,140.5,0,-0.029355,0.047,1.388
F,2022-03-26T02:00Z,03-26,0,0.90774,0,0,-0.00849381,0.047,1.388
F,2022-03-26T03:00Z,03-26,0,0.909091,0,0,-0.0250338,0.047,1.388
F,2022-03-26T04:00Z,03-26,0,0.909091,0,0,0.0670366,0.047,1.388
F,2022-03-26T05:00Z,03-26,0,0.903816,13,0,0.0123462,0.047,1.388
F,2022-03-26T06:00Z,03-26,0,0.906643,0,0,-0.216306,0.047,1.388
F,2022-03-26T07:00Z,03-26,0,0.90888,0,0,-0.0565508,0.047,1.388
F,2022-03-26T08:00Z,03-26,0,0.907193,0,0,-0.261589,0.047,1.388
F,2022-03-26T09:00Z,03-26,0,0.909091,0,0,-0.239044,0.047,1.388
F,2022-03-26T10:00Z,03-26,0,0.905883,0,0,-0.0547828,0.047,1.388
F,2022-03-26T11:00Z,03-26,0,0.922091,0,0,-0.00141701,0.047,1.388
F,2022-03-26T12:00Z,03-26,0,0.906646,0,0,0.150545,0.047,1.388
F,2022-03-26T13:00Z,03-26,0,0.904453,0,0,0.751937,0.047,1.388
F,2022-03-26T14:00Z,03-26,0,0.908586,0,0,1.60881,0.047,1.388
F,2022-03-26T15:00Z,03-26,0,0.908331,0,0.333333,2.19452,0.047,1.388
F,2022-03-26T16:00Z,03-26,0,0.908502,0,0,2.07526,0.047,1.388
F,2022-03-26T17:00Z,03-26,4.22048e-05,0.907108,0,0.333333,2.06024,0.047,1.388
F,2022-03-26T18:00Z,03-26,0,0.906137,0,1,3.24475,0.047,1.388
F,2022-03-26T19:00Z,03-26,0,0.908964,0,0.833333,2.49589,0.047,1.388
F,2022-03-26T20:00Z,03-26,0,0.9085,0,0,2.14041,0.047,1.388
F,2022-03-26T21:00Z,03-26,0,0.909091,0,0,1.79119,0.047,1.388
F,2022-03-26T22:00Z,03-26,0,0.908459,0,0,1.39944,0.047,1.388
F,2022-03-26T23:00Z,03-26,0,0.909091,0,0,1.27912,0.047,1.388
F,2022-03-27T00:00Z,03-27,0,0.908036,0,0,1.13673,0.822,0.7476
F,2022-03-27T01:00Z,03-27,0,0.909091,0,0,0.90323,0.822,0.7476
F,2022-03-27T02:00Z,03-27,0,0.908582,0,0,0.531065,0.822,0.7476
F,2022-03-27T03:00Z,03-27,0,0.909091,0,0,0.207663,0.822,0.7476
F,2022-03-27T04:00Z,03-27,0,0.908247,0,0,0.0258693,0.822,0.7476
F,2022-03-27T05:00Z,03-27,0,0.908669,0,0,-0.188628,0.822,0.7476
F,2022-03-27T06:00Z,03-27,0,0.908711,0,0,-0.371475,0.822,0.7476
F,2022-03-27T07:00Z,03-27,0,0.909091,0,0,-0.365353,0.822,0.7476
F,2022-03-27T08:00Z,03-27,0,0.90846,0,0,-0.411631,0.822,0.7476
F,2022-03-27T09:00Z,03-27,0,0.908584,0,0,-0.41528,0.822,0.7476
F,2022-03-27T10:00Z,03-27,0,0.908078,0,0,-0.299147,0.822,0.7476
F,2022-03-27T11:00Z,03-27,0,0.904576,0,0,-0.0542355,0.822,0.7476
F,2022-03-27T12:00Z,03-27,0,0.908374,0,0,0.501553,0.822,0.7476
F,2022-03-27T13:00Z,03-27,0,0.908205,0,0.5,2.34092,0.822,0.7476
F,2022-03-27T14:00Z,03-27,0,0.908205,0,1,3.56386,0.822,0.7476
F,2022-03-27T15:00Z,03-27,0,0.906981,0,1,4.27944,0.822,0.7476
F,2022-03-27T16:00Z,03-27,0,0.908669,0,1,3.80829,0.822,0.7476
F,2022-03-27T17:00Z,03-27,0,0.909091,0,1,2.82875,0.822,0.7476
F,2022-03-27T18:00Z,03-27,0,0.908037,0,1,2.42075,0.822,0.7476
F,2022-03-27T19:00Z,03-27,0,0.909091,0,0,1.92707,0.822,0.7476
F,2022-03-27T20:00Z,03-27,0,0.908711,0,0,1.09269,0.822,0.7476
F,2022-03-27T21:00Z,03-27,0,0.908754,0,0,0.766482,0.822,0.7476
F,2022-03-27T22:00Z,03-27,0,0.908458,0,0,0.282337,0.822,0.7476
F,2022-03-27T23:00Z,03-27,0,0.909091,0,0,-0.0637417,0.822,0.7476
F,2022-03-28T00:00Z,03-28,0,0.908502,0,0,-0.275981,0.253,0.6993
F,2022-03-28T01:00Z,03-28,0,0.909091,0,0,-0.399308,0.253,0.6993
F,2022-03-28T02:00Z,03-28,0,0.908289,0,0,-0.475683,0.253,0.6993
F,2022-03-28T03:00Z,03-28,0,0.909091,0,0,-0.528472,0.253,0.6993
F,2022-03-28T04:00Z,03-28,0,0.909091,0,0,-0.548747,0.253,0.6993
F,2022-03-28T05:00Z,03-28,0,0.907362,0,0,-0.561989,0.253,0.6993
F,2022-03-28T06:00Z,03-28,0,0.908711,0,0,-0.536612,0.253,0.6993
F,2022-03-28T07:00Z,03-28,0,0.909091,0,0,-0.57818,0.253,0.6993
F,2022-03-28T08:00Z,03-28,0,0.908753,0,0,-0.577007,0.253,0.6993
F,2022-03-28T09:00Z,03-28,0,0.908753,0,0,-0.564536,0.253,0.6993
F,2022-03-28T10:00Z,03-28,0,0.907825,0,0,-0.48638,0.253,0.6993
F,2022-03-28T11:00Z,03-28,0,0.907738,0,0,-0.20869,0.253,0.6993
F,2022-03-28T12:00Z,03-28,0,0.907951,0,0,0.186879,0.253,0.6993
F,2022-03-28T13:00Z,03-28,0,0.9085,0,0,1.1227,0.253,0.6993
F,2022-03-28T14:00Z,03-28,0,0.908161,0,0,1.85042,0.253,0.6993
F,2022-03-28T15:00Z,03-28,0,0.902627,0,0,1.60476,0.253,0.6993
F,2022-03-28T16:00Z,03-28,0,0.90833,0,0,1.4207,0.253,0.6993
F,2022-03-28T17:00Z,03-28,0,0.908754,0,0,1.23474,0.253,0.6993
F,2022-03-28T18:00Z,03-28,0,0.908669,0,0,0.690689,0.253,0.6993
F,2022-03-28T19:00Z,03-28,0,0.908079,0,0,0.545368,0.253,0.6993
F,2022-03-28T20:00Z,03-28,0,0.909091,0,0,0.248306,0.253,0.6993
F,2022-03-28T21:00Z,03-28,0,0.908417,0,0,0.000800782,0.253,0.6993
F,2022-03-28T22:00Z,03-28,0,0.905883,37,0,-0.0604019,0.253,0.6993
F,2022-03-28T23:00Z,03-28,0,0.907572,0,0,-0.202051,0.253,0.6993
F,2022-03-29T00:00Z,03-29,0,0.9085,0,0,-0.361238,0.276,1.064
F,2022-03-29T01:00Z,03-29,0,0.923077,0,0,-0.455205,0.276,1.064
F,2022-03-29T02:00Z,03-29,0,0.908838,0,0,-0.483475,0.276,1.064
F,2022-03-29T03:00Z,03-29,0,0.908584,0,0,-0.468744,0.276,1.064
F,2022-03-29T04:00Z,03-29,0,0.909091,0,0,-0.492241,0.276,1.064
F,2022-03-29T05:00Z,03-29,0,0.908162,0,0,-0.559084,0.276,1.064
F,2022-03-29T06:00Z,03-29,0,0.907404,0,0,-0.590638,0.276,1.064
F,2022-03-29T07:00Z,03-29,0,0.908753,0,0,-0.471602,0.276,1.064
F,2022-03-29T08:00Z,03-29,0,0.909091,0,0,-0.389413,0.276,1.064
F,2022-03-29T09:00Z,03-29,0,0.908456,0,0,-0.409223,0.276,1.064
F,2022-03-29T10:00Z,03-29,0,0.907735,0,0,-0.565441,0.276,1.064
F,2022-03-29T11:00Z,03-29,0,0.909091,0,0,-0.592453,0.276,1.064
F,2022-03-29T12:00Z,03-29,0,0.908669,0,0,-0.590706,0.276,1.064
F,2022-03-29T13:00Z,03-29,0,0.907317,0,0,-0.213266,0.276,1.064
F,2022-03-29T14:00Z,03-29,0,0.909091,0,0,-0.138391,0.276,1.064
F,2022-03-29T15:00Z,03-29,0,0.909091,0,0,-0.0502226,0.276,1.064
F,2022-03-29T16:00Z,03-29,0,0.907615,0,0,0.122613,0.276,1.064
F,2022-03-29T17:00Z,03-29,0,0.908373,0,0,-0.207925,0.276,1.064
F,2022-03-29T18:00Z,03-29,0,0.908331,0,0,-0.370051,0.276,1.064
F,2022-03-29T19:00Z,03-29,0,0.908669,0,0,-0.446547,0.276,1.064
F,2022-03-29T20:00Z,03-29,0,0.908711,0,0,-0.530849,0.276,1.064
F,2022-03-29T21:00Z,03-29,0,0.909091,0,0,-0.536836,0.276,1.064
F,2022-03-29T22:00Z,03-29,0,0.908542,0,0,-0.533701,0.276,1.064
F,2022-03-29T23:00Z,03-29,0,0.909091,0,0,-0.53337,0.276,1.064
F,2022-03-30T00:00Z,03-30,0,0.908373,0,0,-0.544949,-0.179,1.179
F,2022-03-30T01:00Z,03-30,0,0.909091,0,0,-0.55442,-0.179,1.179
F,2022-03-30T02:00Z,03-30,0,0.909091,0,0,-0.564362,-0.179,1.179
F,2022-03-30T03:00Z,03-30,0,0.909091,0,0,-0.571513,-0.179,1.179
F,2022-03-30T04:00Z,03-30,0,0.908584,0,0,-0.576133,-0.179,1.179
F,2022-03-30T05:00Z,03-30,0,0.908711,0,0,-0.586771,-0.179,1.179
F,2022-03-30T06:00Z,03-30,0,0.909091,0,0,-0.597728,-0.179,1.179
F,2022-03-30T07:00Z,03-30,0,0.907827,0,0,-0.598411,-0.179,1.179
F,2022-03-30T08:00Z,03-30,0,0.907783,0,0,-0.583358,-0.179,1.179
F,2022-03-30T09:00Z,03-30,0,0.907404,0,0,-0.583955,-0.179,1.179
F,2022-03-30T10:00Z,03-30,0,0.908584,0,0,-0.593879,-0.179,1.179
F,2022-03-30T11:00Z,03-30,0,0.907447,0,0,-0.510268,-0.179,1.179
F,2022-03-30T12:00Z,03-30,0,0.90508,0,0,-0.424347,-0.179,1.179
F,2022-03-30T13:00Z,03-30,0,0.907825,0,0,-0.189714,-0.179,1.179
F,2022-03-30T14:00Z,03-30,0,0.907531,0,0,0.544801,-0.179,1.179
F,2022-03-30T15:00Z,03-30,0,0.907488,0,0,0.0758282,-0.179,1.179
F,2022-03-30T16:00Z,03-30,0,0.896489,35,0,0.236416,-0.179,1.179
F,2022-03-30T17:00Z,03-30,0,0.887879,171,0,0.543524,-0.179,1.179
F,2022-03-30T18:00Z,03-30,0,0.909091,0,0,0.520134,-0.179,1.179
F,2022-03-30T19:00Z,03-30,0,0.983607,0,0,0.312861,-0.179,1.179
F,2022-03-30T20:00Z,03-30,0.046875,0.872443,0,0,-0.308194,-0.179,1.179
F,2022-03-30T21:00Z,03-30,0,0.908669,0,0,-0.491785,-0.179,1.179
F,2022-03-30T22:00Z,03-30,0,0.907786,0,0,-0.474174,-0.179,1.179
F,2022-03-30T23:00Z,03-30,0,0.908331,0,0,-0.480134,-0.179,1.179
F,2022-03-31T00:00Z,03-31,0,0.909091,0,0,-0.511306,0.05,0.9833
F,2022-03-31T01:00Z,03-31,0,0.908627,0,0,-0.540733,0.05,0.9833
F,2022-03-31T02:00Z,03-31,0,0.909091,0,0,-0.553175,0.05,0.9833
F,2022-03-31T03:00Z,03-31,0,0.908331,0,0,-0.538128,0.05,0.9833
F,2022-03-31T04:00Z,03-31,0,0.909091,0,0,-0.532132,0.05,0.9833
F,2022-03-31T05:00Z,03-31,0,0.908458,0,0,-0.504612,0.05,0.9833
F,2022-03-31T06:00Z,03-31,0,0.90808,0,0,-0.505328,0.05,0.9833
F,2022-03-31T07:00Z,03-31,0,0.907024,0,0,-0.525439,0.05,0.9833
F,2022-03-31T08:00Z,03-31,0,0.907994,0,0,-0.469704,0.05,0.9833
F,2022-03-31T09:00Z,03-31,0,0.896767,5.5,0,-0.408587,0.05,0.9833
F,2022-03-31T10:00Z,03-31,0,0.903478,0,0,-0.37282,0.05,0.9833
F,2022-03-31T11:00Z,03-31,0,0.901496,28,0,-0.124921,0.05,0.9833
F,2022-03-31T12:00Z,03-31,0,0.907738,0,0,-0.273032,0.05,0.9833
F,2022-03-31T13:00Z,03-31,0,0.902746,0,0,-0.147649,0.05,0.9833
F,2022-03-31T14:00Z,03-31,0,0.902034,0,0,0.358627,0.05,0.9833
F,2022-03-31T15:00Z,03-31,0,0.897448,0,0,0.980597,0.05,0.9833
F,2022-03-31T16:00Z,03-31,0,0.907781,0,0,0.71264,0.05,0.9833
F,2022-03-31T17:00Z,03-31,0,0.907274,0,0,0.300408,0.05,0.9833
F,2022-03-31T18:00Z,03-31,0,0.908753,0,0,0.220396,0.05,0.9833
F,2022-03-31T19:00Z,03-31,0,0.908206,0,0,0.149894,0.05,0.9833
F,2022-03-31T20:00Z,03-31,0,0.909091,0,0,-0.0233824,0.05,0.9833
F,2022-03-31T21:00Z,03-31,0,0.908247,0,0,-0.243155,0.05,0.9833
F,2022-03-31T22:00Z,03-31,0,0.9085,0,0,-0.150073,0.05,0.9833
F,2022-03-31T23:00Z,03-31,0,0.908586,0,0,-0.160731,0.05,0.9833
G,2022-03-19T00:00Z,03-19,0.00343988,0.99656,0,-,-,0.116,1.813
G,2022-03-19T01:00Z,03-19,0.0150283,0.984972,3,-,-,0.116,1.813
G,2022-03-19T02:00Z,03-19,0,1,0,-,-,0.116,1.813
G,2022-03-19T03:00Z,03-19,0.000418605,0.997542,0,-,-,0.116,1.813
G,2022-03-19T04:00Z,03-19,0.00237901,0.997621,0,-,-,0.116,1.813
G,2022-03-19T05:00Z,03-19,0.000648148,0.999352,0,-,-,0.116,1.813
G,2022-03-19T06:00Z,03-19,0.0020422,0.772775,20,-,-,0.116,1.813
G,2022-03-19T07:00Z,03-19,0.00158144,0.749704,24,-,-,0.116,1.813
G,2022-03-19T08:00Z,03-19,0,0.997495,0,-,-,0.116,1.813
G,2022-03-19T09:00Z,03-19,0,0.998794,0,-,-,0.116,1.813
G,2022-03-19T10:00Z,03-19,0.0103896,0.984925,3,-,-,0.116,1.813
G,2022-03-19T11:00Z,03-19,0.0042247,0.9935,0,-,-,0.116,1.813
G,2022-03-19T12:00Z,03-19,0,1,0,-,-,0.116,1.813
G,2022-03-19T13:00Z,03-19,0,0.999258,0,-,-,0.116,1.813
G,2022-03-19T14:00Z,03-19,0,1,0,-,-,0.116,1.813
G,2022-03-19T15:00Z,03-19,0,0.998747,0,-,-,0.116,1.813
G,2022-03-19T16:00Z,03-19,0,0.998092,0,-,-,0.116,1.813
G,2022-03-19T17:00Z,03-19,0,0.998092,0,-,-,0.116,1.813
G,2022-03-19T18:00Z,03-19,0,0.999164,0,0,-0.253058,0.116,1.813
G,2022-03-19T19:00Z,03-19,0,0.997028,166,0,-0.36017,0.116,1.813
G,2022-03-19T20:00Z,03-19,0,1,0,0,-0.506905,0.116,1.813
G,2022-03-19T21:00Z,03-19,0.00037037,0.99963,0,0,-0.573632,0.116,1.813
G,2022-03-19T22:00Z,03-19,0.000232775,0.999767,0,0,-0.550224,0.116,1.813
G,2022-03-19T23:00Z,03-19,0,0.999304,0,0,-0.425021,0.116,1.813
G,2022-03-20T00:00Z,03-20,0,0.999628,0,0,-0.341006,0.728,1.92
G,2022-03-20T01:00Z,03-20,0,1,0,0,-0.526389,0.728,1.92
G,2022-03-20T02:00Z,03-20,0,1,0,0,-0.425448,0.728,1.92
G,2022-03-20T03:00Z,03-20,0,0.999393,0,0,-0.341755,0.728,1.92
G,2022-03-20T04:00Z,03-20,0,1,0,0,-0.299852,0.728,1.92
G,2022-03-20T05:00Z,03-20,0,0.999627,0,0,-0.264992,0.728,1.92
G,2022-03-20T06:00Z,03-20,0,0.970045,25.5,0,-0.142825,0.728,1.92
G,2022-03-20T07:00Z,03-20,9.27216e-05,0.961316,28,-,-,0.728,1.92
G,2022-03-20T08:00Z,03-20,0,0.999164,0,-,-,0.728,1.92
G,2022-03-20T09:00Z,03-20,0,0.998979,0,-,-,0.728,1.92
G,2022-03-20T10:00Z,03-20,0,0.998791,0,-,-,0.728,1.92
G,2022-03-20T11:00Z,03-20,0,0.998134,0,-,-,0.728,1.92
G,2022-03-20T12:00Z,03-20,0,0.999304,0,-,-,0.728,1.92
G,2022-03-20T13:00Z,03-20,0.00380687,0.994709,0,-,-,0.728,1.92
G,2022-03-20T14:00Z,03-20,0.000371402,0.961715,21.5,-,-,0.728,1.92
G,2022-03-20T15:00Z,03-20,0.000138889,0.980892,34.5,-,-,0.728,1.92
G,2022-03-20T16:00Z,03-20,0.00839678,0.978611,11,-,-,0.728,1.92
G,2022-03-20T17:00Z,03-20,0,0.992717,13,0,-0.631385,0.728,1.92
G,2022-03-20T18:00Z,03-20,0,0.992672,14.5,0,-0.500351,0.728,1.92
G,2022-03-20T19:00Z,03-20,0,0.998189,0,0,-0.530152,0.728,1.92
G,2022-03-20T20:00Z,03-20,0,1,0,0,-0.49487,0.728,1.92
G,2022-03-20T21:00Z,03-20,0,0.999721,0,0,-0.293052,0.728,1.92
G,2022-03-20T22:00Z,03-20,0,0.999028,0,0,-0.272025,0.728,1.92
G,2022-03-20T23:00Z,03-20,0.000557103,0.998839,0,0,-0.159761,0.728,1.92
G,2022-03-21T00:00Z,03-21,0,0.99935,0,0,-0.31979,1.001,0.8089
G,2022-03-21T01:00Z,03-21,0,1,0,0,-0.301493,1.001,0.8089
G,2022-03-21T02:00Z,03-21,0,0.999768,0,0,-0.228219,1.001,0.8089
G,2022-03-21T03:00Z,03-21,0,1,0,0,-0.313394,1.001,0.8089
G,2022-03-21T04:00Z,03-21,0,0.999629,0,0,-0.18818,1.001,0.8089
G,2022-03-21T05:00Z,03-21,0.000232126,0.999768,0,0,-0.233776,1.001,0.8089
G,2022-03-21T06:00Z,03-21,0.00386302,0.932397,12,0,-0.184987,1.001,0.8089
G,2022-03-21T07:00Z,03-21,0.00204207,0.852482,24,0,-0.335563,1.001,0.8089
G,2022-03-21T08:00Z,03-21,0.000324074,0.981078,12.5,0,-0.441612,1.001,0.8089
G,2022-03-21T09:00Z,03-21,0,0.984,22.5,0,-0.412305,1.001,0.8089
G,2022-03-21T10:00Z,03-21,0,0.985702,55,0,-0.157086,1.001,0.8089
G,2022-03-21T11:00Z,03-21,0.00544693,0.990503,1.5,0,-0.406687,1.001,0.8089
G,2022-03-21T12:00Z,03-21,0.00649077,0.990496,3,0,-0.398062,1.001,0.8089
G,2022-03-21T13:00Z,03-21,0,0.99739,0,0,-0.43405,1.001,0.8089
G,2022-03-21T14:00Z,03-21,0,0.998925,0,0,-0.386829,1.001,0.8089
G,2022-03-21T15:00Z,03-21,0,0.997844,0,0,-0.0389066,1.001,0.8089
G,2022-03-21T16:00Z,03-21,0,0.998024,0,0,-0.141369,1.001,0.8089
G,2022-03-21T17:00Z,03-21,0,0.999343,0,0,-0.0957287,1.001,0.8089
G,2022-03-21T18:00Z,03-21,0,0.999346,0,0,0.0359723,1.001,0.8089
G,2022-03-21T19:00Z,03-21,0,1,0,0,0.0699745,1.001,0.8089
G,2022-03-21T20:00Z,03-21,0,0.998654,0,0,-0.0605266,1.001,0.8089
G,2022-03-21T21:00Z,03-21,0,1,0,0,-0.111627,1.001,0.8089
G,2022-03-21T22:00Z,03-21,0,1,0,0,-0.0969643,1.001,0.8089
G,2022-03-21T23:00Z,03-21,0,1,0,0,-0.025437,1.001,0.8089
G,2022-03-22T00:00Z,03-22,0.00857784,0.991422,2,0,-0.043097,0.527,1.584
G,2022-03-22T01:00Z,03-22,0.00334262,0.996657,0,0,-0.134818,0.527,1.584
G,2022-03-22T02:00Z,03-22,0,0.99898,0,0,-0.404794,0.527,1.584
G,2022-03-22T03:00Z,03-22,0,1,0,0,-0.713744,0.527,1.584
G,2022-03-22T04:00Z,03-22,0,1,0,0,-0.718143,0.527,1.584
G,2022-03-22T05:00Z,03-22,0.00139121,0.998609,0,0,-0.633966,0.527,1.584
G,2022-03-22T06:00Z,03-22,0.00366566,0.710821,20.5,0,-0.661582,0.527,1.584
G,2022-03-22T07:00Z,03-22,0.00176081,0.825618,25,0,-0.449545,0.527,1.584
G,2022-03-22T08:00Z,03-22,0.000649954,0.989743,0,0,-0.253453,0.527,1.584
G,2022-03-22T09:00Z,03-22,0.000188324,0.996099,17,0,-0.413336,0.527,1.584
G,2022-03-22T10:00Z,03-22,0,0.995086,0,0,-0.592581,0.527,1.584
G,2022-03-22T11:00Z,03-22,0,0.997348,0,0,-0.281608,0.527,1.584
G,2022-03-22T12:00Z,03-22,0.00952913,0.984987,3,0,-0.09258,0.527,1.584
G,2022-03-22T13:00Z,03-22,0.00232775,0.995859,0,0,0.452667,0.527,1.584
G,2022-03-22T14:00Z,03-22,0,0.999629,0,0,0.808623,0.527,1.584
G,2022-03-22T15:00Z,03-22,0,0.999257,0,0,1.00237,0.527,1.584
G,2022-03-22T16:00Z,03-22,0,0.997859,0,0,1.06481,0.527,1.584
G,2022-03-22T17:00Z,03-22,0.000233427,0.993952,0,0,0.973254,0.527,1.584
G,2022-03-22T18:00Z,03-22,0.00018622,0.981938,86,0,1.56541,0.527,1.584
G,2022-03-22T19:00Z,03-22,0,1,0,0,1.35872,0.527,1.584
G,2022-03-22T20:00Z,03-22,0,0.997626,51,0,0.701414,0.527,1.584
G,2022-03-22T21:00Z,03-22,0,1,0,0,0.344206,0.527,1.584
G,2022-03-22T22:00Z,03-22,0,1,0,0,0.244213,0.527,1.584
G,2022-03-22T23:00Z,03-22,0,0.99944,0,0,0.0252313,0.527,1.584
G,2022-03-23T00:00Z,03-23,0.00510188,0.994898,0,0,-0.148889,0.871,3.166
G,2022-03-23T01:00Z,03-23,0.00139276,0.998607,0,0,-0.142287,0.871,3.166
G,2022-03-23T02:00Z,03-23,0,0.999304,0,0,-0.0523777,0.871,3.166
G,2022-03-23T03:00Z,03-23,0,1,0,0,-0.386217,0.871,3.166
G,2022-03-23T04:00Z,03-23,0,0.999211,0,0,-0.665757,0.871,3.166
G,2022-03-23T05:00Z,03-23,0,0.998929,0,0,-0.546655,0.871,3.166
G,2022-03-23T06:00Z,03-23,0,0.963925,27,0,-0.427538,0.871,3.166
G,2022-03-23T07:00Z,03-23,0,0.976091,24,0,-0.248189,0.871,3.166
G,2022-03-23T08:00Z,03-23,0,0.998001,0,0,-0.107335,0.871,3.166
G,2022-03-23T09:00Z,03-23,0.000232126,0.997586,0,0,-0.285738,0.871,3.166
G,2022-03-23T10:00Z,03-23,0,0.998693,0,0,-0.560226,0.871,3.166
G,2022-03-23T11:00Z,03-23,0.00724412,0.986658,3,0,-0.396674,0.871,3.166
G,2022-03-23T12:00Z,03-23,0.00250077,0.993328,4,0,0.203662,0.871,3.166
G,2022-03-23T13:00Z,03-23,0,0.998515,0,0,0.828852,0.871,3.166
G,2022-03-23T14:00Z,03-23,0,0.999769,0,0,1.34012,0.871,3.166
G,2022-03-23T15:00Z,03-23,0,1,0,0,1.56779,0.871,3.166
G,2022-03-23T16:00Z,03-23,0,0.998788,0,0,1.61635,0.871,3.166
G,2022-03-23T17:00Z,03-23,0,0.973035,34,0.5,2.27201,0.871,3.166
G,2022-03-23T18:00Z,03-23,0,0.994351,0,1,4.75597,0.871,3.166
G,2022-03-23T19:00Z,03-23,0,0.998423,0,1,7.14433,0.871,3.166
G,2022-03-23T20:00Z,03-23,0.00027933,0.999721,0,1,8.58309,0.871,3.166
G,2022-03-23T21:00Z,03-23,0.000278552,0.999721,0,1,5.53848,0.871,3.166
G,2022-03-23T22:00Z,03-23,0,0.998932,0,1,4.01388,0.871,3.166
G,2022-03-23T23:00Z,03-23,0,1,0,1,3.00248,0.871,3.166
G,2022-03-24T00:00Z,03-24,0,1,0,0.833333,2.34611,1.952,2.787
G,2022-03-24T01:00Z,03-24,0,0.999443,0,0,1.44628,1.952,2.787
G,2022-03-24T02:00Z,03-24,0,1,0,0,0.743955,1.952,2.787
G,2022-03-24T03:00Z,03-24,0,0.99963,0,0,0.148175,1.952,2.787
G,2022-03-24T04:00Z,03-24,0,1,0,0,-0.249983,1.952,2.787
G,2022-03-24T05:00Z,03-24,0,0.998145,0,0,-0.461813,1.952,2.787
G,2022-03-24T06:00Z,03-24,0,0.992249,5,0,-0.524451,1.952,2.787
G,2022-03-24T07:00Z,03-24,0,0.992436,0,0,-0.24978,1.952,2.787
G,2022-03-24T08:00Z,03-24,0,0.997819,0,0,0.0500744,1.952,2.787
G,2022-03-24T09:00Z,03-24,0,0.999166,0,0,0.333495,1.952,2.787
G,2022-03-24T10:00Z,03-24,0.008607,0.984133,3,0,0.458013,1.952,2.787
G,2022-03-24T11:00Z,03-24,0.00117331,0.996112,0,0,0.855086,1.952,2.787
G,2022-03-24T12:00Z,03-24,0,0.999026,0,0,0.748978,1.952,2.787
G,2022-03-24T13:00Z,03-24,0,0.998793,0,0,1.2045,1.952,2.787
G,2022-03-24T14:00Z,03-24,0,1,0,0,1.28842,1.952,2.787
G,2022-03-24T15:00Z,03-24,0,0.997534,0,0,1.32704,1.952,2.787
G,2022-03-24T16:00Z,03-24,0,1,0,0,1.31666,1.952,2.787
G,2022-03-24T17:00Z,03-24,0,0.998835,0,0,1.41005,1.952,2.787
G,2022-03-24T18:00Z,03-24,0,0.997629,0,0.666667,2.66388,1.952,2.787
G,2022-03-24T19:00Z,03-24,0.00278552,0.933105,0,1,6.2429,1.952,2.787
G,2022-03-24T20:00Z,03-24,0.00240344,0.902597,10,1,3.33117,1.952,2.787
G,2022-03-24T21:00Z,03-24,0,0.909091,0,0.666667,2.61736,1.952,2.787
G,2022-03-24T22:00Z,03-24,0,0.909091,0,0,1.42909,1.952,2.787
G,2022-03-24T23:00Z,03-24,0,0.9085,0,0,0.792035,1.952,2.787
G,2022-03-25T00:00Z,03-25,0,0.909091,0,0,0.24363,1.355,2.309
G,2022-03-25T01:00Z,03-25,0,0.908666,0,0,-0.151648,1.355,2.309
G,2022-03-25T02:00Z,03-25,0,0.909091,0,0,-0.437891,1.355,2.309
G,2022-03-25T03:00Z,03-25,0,0.908458,0,0,-0.603164,1.355,2.309
G,2022-03-25T04:00Z,03-25,0,0.909091,0,0,-0.669581,1.355,2.309
G,2022-03-25T05:00Z,03-25,0.00181987,0.906638,0,0,-0.628011,1.355,2.309
G,2022-03-25T06:00Z,03-25,0.00295445,0.655997,22,0,-0.44433,1.355,2.309
G,2022-03-25T07:00Z,03-25,0.000421931,0.81679,25,0,-0.639911,1.355,2.309
G,2022-03-25T08:00Z,03-25,0.000211613,0.891965,24,0,-0.624298,1.355,2.309
G,2022-03-25T09:00Z,03-25,0,0.875028,16,0,0.202458,1.355,2.309
G,2022-03-25T10:00Z,03-25,0,0.894304,45.5,0,-0.44405,1.355,2.309
G,2022-03-25T11:00Z,03-25,0.00426198,0.879812,29,0,-0.45807,1.355,2.309
G,2022-03-25T12:00Z,03-25,0.0050566,0.894121,4,0,0.262715,1.355,2.309
G,2022-03-25T13:00Z,03-25,0,0.90867,0,0,0.649446,1.355,2.309
G,2022-03-25T14:00Z,03-25,0,0.906721,170,0,1.17262,1.355,2.309
G,2022-03-25T15:00Z,03-25,0,0.896768,21,0.5,1.97449,1.355,2.309
G,2022-03-25T16:00Z,03-25,0,0.899537,21,1,2.55463,1.355,2.309
G,2022-03-25T17:00Z,03-25,0,0.908323,0,0.166667,1.81964,1.355,2.309
G,2022-03-25T18:00Z,03-25,0,0.922047,0,0,1.89545,1.355,2.309
G,2022-03-25T19:00Z,03-25,0,0.908331,0,0.833333,2.6298,1.355,2.309
G,2022-03-25T20:00Z,03-25,0,0.909091,0,1,2.49966,1.355,2.309
G,2022-03-25T21:00Z,03-25,0,0.909091,0,1,2.46522,1.355,2.309
G,2022-03-25T22:00Z,03-25,0,0.908584,0,0.166667,1.97314,1.355,2.309
G,2022-03-25T23:00Z,03-25,0,0.903309,0,0.166667,1.60116,1.355,2.309
G,2022-03-26T00:00Z,03-26,0,0.907192,0,0,0.789543,0.899,2.726
G,2022-03-26T01:00Z,03-26,0,0.909091,0,0,0.301083,0.899,2.726
G,2022-03-26T02:00Z,03-26,0,0.908669,0,0,0.0951366,0.899,2.726
G,2022-03-26T03:00Z,03-26,0,0.909091,0,0,0.0402095,0.899,2.726
G,2022-03-26T04:00Z,03-26,0,0.907699,0,0,0.466593,0.899,2.726
G,2022-03-26T05:00Z,03-26,0,0.908922,0,0,0.0402248,0.899,2.726
G,2022-03-26T06:00Z,03-26,0,0.894353,68.5,0,-0.579954,0.899,2.726
G,2022-03-26T07:00Z,03-26,0,0.908079,0,0,0.526462,0.899,2.726
G,2022-03-26T08:00Z,03-26,0,0.908373,0,0,-0.225875,0.899,2.726
G,2022-03-26T09:00Z,03-26,0,0.909091,0,0,-0.520717,0.899,2.726
G,2022-03-26T10:00Z,03-26,0,0.908668,0,0,-0.451266,0.899,2.726
G,2022-03-26T11:00Z,03-26,0,0.908289,0,0,-0.199642,0.899,2.726
G,2022-03-26T12:00Z,03-26,0,0.909006,0,0,0.0518906,0.899,2.726
G,2022-03-26T13:00Z,03-26,0,0.907987,0,0,0.53026,0.899,2.726
G,2022-03-26T14:00Z,03-26,0,0.909091,0,0,0.896673,0.899,2.726
G,2022-03-26T15:00Z,03-26,0,0.908078,0,0,1.13543,0.899,2.726
G,2022-03-26T16:00Z,03-26,0,0.908458,0,0,1.13398,0.899,2.726
G,2022-03-26T17:00Z,03-26,0.000211024,0.842896,20,0.666667,4.3182,0.899,2.726
G,2022-03-26T18:00Z,03-26,0.000253229,0.885625,0,1,8.23591,0.899,2.726
G,2022-03-26T19:00Z,03-26,0,0.909007,0,1,5.6272,0.899,2.726
G,2022-03-26T20:00Z,03-26,0,0.908586,0,1,4.11614,0.899,2.726
G,2022-03-26T21:00Z,03-26,0,0.908668,0,1,3.17386,0.899,2.726
G,2022-03-26T22:00Z,03-26,0.00404768,0.905043,0,0.5,2.2001,0.899,2.726
G,2022-03-26T23:00Z,03-26,0.00434709,0.904744,0,0,1.18795,0.899,2.726
G,2022-03-27T00:00Z,03-27,0,0.909091,0,0,0.723601,1.159,1.242
G,2022-03-27T01:00Z,03-27,0,0.908669,0,0,0.3932,1.159,1.242
G,2022-03-27T02:00Z,03-27,0,0.909091,0,0,-0.0196774,1.159,1.242
G,2022-03-27T03:00Z,03-27,0,0.908458,0,0,-0.316824,1.159,1.242
G,2022-03-27T04:00Z,03-27,0,0.909091,0,0,-0.494227,1.159,1.242
G,2022-03-27T05:00Z,03-27,0,0.907107,0,0,-0.611983,1.159,1.242
G,2022-03-27T06:00Z,03-27,0,0.892094,23,0,-0.135261,1.159,1.242
G,2022-03-27T07:00Z,03-27,0,0.900803,0,0,0.101919,1.159,1.242
G,2022-03-27T08:00Z,03-27,0,0.908205,0,0,0.0595701,1.159,1.242
G,2022-03-27T09:00Z,03-27,0.000464253,0.90479,0,0,0.00240742,1.159,1.242
G,2022-03-27T10:00Z,03-27,0.00468427,0.866251,20,0,0.0167312,1.159,1.242
G,2022-03-27T11:00Z,03-27,0.0165498,0.852838,18,0,0.231369,1.159,1.242
G,2022-03-27T12:00Z,03-27,0,0.90292,0,0,0.313369,1.159,1.242
G,2022-03-27T13:00Z,03-27,0,0.900364,75,0,1.58287,1.159,1.242
G,2022-03-27T14:00Z,03-27,0,0.908289,0,0,1.54787,1.159,1.242
G,2022-03-27T15:00Z,03-27,0,0.908669,0,0,1.54969,1.159,1.242
G,2022-03-27T16:00Z,03-27,0,0.908078,0,0,1.30933,1.159,1.242
G,2022-03-27T17:00Z,03-27,0,0.907909,0,0,1.40063,1.159,1.242
G,2022-03-27T18:00Z,03-27,0,0.908753,0,0,1.72022,1.159,1.242
G,2022-03-27T19:00Z,03-27,0,0.909091,0,0,1.28111,1.159,1.242
G,2022-03-27T20:00Z,03-27,0.00269806,0.906393,0,0,0.92309,1.159,1.242
G,2022-03-27T21:00Z,03-27,0.00320686,0.905378,1,0,0.361364,1.159,1.242
G,2022-03-27T22:00Z,03-27,0,0.909091,0,0,0.182816,1.159,1.242
G,2022-03-27T23:00Z,03-27,0,0.908796,0,0,0.111235,1.159,1.242
G,2022-03-28T00:00Z,03-28,0,0.923077,0,0,-0.01249,0.721,1.064
G,2022-03-28T01:00Z,03-28,0,0.909091,0,0,-0.114762,0.721,1.064
G,2022-03-28T02:00Z,03-28,0,0.908711,0,0,-0.26183,0.721,1.064
G,2022-03-28T03:00Z,03-28,0,0.909091,0,0,-0.273,0.721,1.064
G,2022-03-28T04:00Z,03-28,0,0.909091,0,0,-0.406254,0.721,1.064
G,2022-03-28T05:00Z,03-28,0.00194142,0.905968,0,0,-0.521448,0.721,1.064
G,2022-03-28T06:00Z,03-28,0.00190631,0.744107,22,0,-0.684069,0.721,1.064
G,2022-03-28T07:00Z,03-28,8.48824e-05,0.861119,23,0,-0.346366,0.721,1.064
G,2022-03-28T08:00Z,03-28,8.44096e-05,0.895668,22,0,-0.45205,0.721,1.064
G,2022-03-28T09:00Z,03-28,0,0.905327,0,0,-0.600229,0.721,1.064
G,2022-03-28T10:00Z,03-28,0,0.903735,12.5,0,-0.621083,0.721,1.064
G,2022-03-28T11:00Z,03-28,0,0.900311,10.5,0,-0.57077,0.721,1.064
G,2022-03-28T12:00Z,03-28,0.000633072,0.897446,17,0,-0.297078,0.721,1.064
G,2022-03-28T13:00Z,03-28,0.00198869,0.905116,0,0,0.154918,0.721,1.064
G,2022-03-28T14:00Z,03-28,0.00480103,0.901573,2,0,0.79296,0.721,1.064
G,2022-03-28T15:00Z,03-28,0,0.908074,0,0,1.16149,0.721,1.064
G,2022-03-28T16:00Z,03-28,0,0.909091,0,0,0.964219,0.721,1.064
G,2022-03-28T17:00Z,03-28,0,0.908712,0,0,0.708383,0.721,1.064
G,2022-03-28T18:00Z,03-28,0.00105512,0.906096,0,0,0.363437,0.721,1.064
G,2022-03-28T19:00Z,03-28,0.00404955,0.886868,128,0,-0.0938528,0.721,1.064
G,2022-03-28T20:00Z,03-28,0.018383,0.88316,7,0,-0.42073,0.721,1.064
G,2022-03-28T21:00Z,03-28,0.0154469,0.887735,1,0,-0.592997,0.721,1.064
G,2022-03-28T22:00Z,03-28,0.0100025,0.888833,9,0,-0.636451,0.721,1.064
G,2022-03-28T23:00Z,03-28,0.00396256,0.898679,0,0,-0.64976,0.721,1.064
G,2022-03-29T00:00Z,03-29,0,0.909091,0,0,-0.662492,0.247,0.6913
G,2022-03-29T01:00Z,03-29,0,0.909091,0,0,-0.681101,0.247,0.6913
G,2022-03-29T02:00Z,03-29,0,0.907783,0,0,-0.688449,0.247,0.6913
G,2022-03-29T03:00Z,03-29,0,0.907951,0,0,-0.674265,0.247,0.6913
G,2022-03-29T04:00Z,03-29,0.00147717,0.906897,0,0,-0.712097,0.247,0.6913
G,2022-03-29T05:00Z,03-29,0.00198222,0.90576,0,0,-0.695134,0.247,0.6913
G,2022-03-29T06:00Z,03-29,0.0100839,0.87649,12.5,0,-0.671471,0.247,0.6913
G,2022-03-29T07:00Z,03-29,0.0205456,0.817595,22,0,-0.686095,0.247,0.6913
G,2022-03-29T08:00Z,03-29,0.00976357,0.876357,2,0,-0.677989,0.247,0.6913
G,2022-03-29T09:00Z,03-29,0,0.907909,0,0,-0.65957,0.247,0.6913
G,2022-03-29T10:00Z,03-29,0,0.908796,0,0,-0.662186,0.247,0.6913
G,2022-03-29T11:00Z,03-29,0,0.908752,0,0,-0.594647,0.247,0.6913
G,2022-03-29T12:00Z,03-29,0,0.909091,0,0,-0.506314,0.247,0.6913
G,2022-03-29T13:00Z,03-29,0,0.908753,0,0,-0.431357,0.247,0.6913
G,2022-03-29T14:00Z,03-29,0,0.909091,0,0,-0.353291,0.247,0.6913
G,2022-03-29T15:00Z,03-29,0,0.908498,0,0,-0.367569,0.247,0.6913
G,2022-03-29T16:00Z,03-29,0,0.909091,0,0,-0.363503,0.247,0.6913
G,2022-03-29T17:00Z,03-29,0.00333418,0.904364,0,0,-0.433286,0.247,0.6913
G,2022-03-29T18:00Z,03-29,0.0218005,0.850057,15,0,-0.659151,0.247,0.6913
G,2022-03-29T19:00Z,03-29,0.00617911,0.886702,4,0,-0.736478,0.247,0.6913
G,2022-03-29T20:00Z,03-29,0.0081344,0.90032,2,0,-0.725522,0.247,0.6913
G,2022-03-29T21:00Z,03-29,0.00463214,0.918445,0,0,-0.728811,0.247,0.6913
G,2022-03-29T22:00Z,03-29,0,0.908667,0,0,-0.729686,0.247,0.6913
G,2022-03-29T23:00Z,03-29,0,0.909091,0,0,-0.729722,0.247,0.6913
G,2022-03-30T00:00Z,03-30,0,0.909091,0,0,-0.725981,-0.077,1.287
G,2022-03-30T01:00Z,03-30,0,0.909091,0,0,-0.725251,-0.077,1.287
G,2022-03-30T02:00Z,03-30,0,0.909091,0,0,-0.726179,-0.077,1.287
G,2022-03-30T03:00Z,03-30,0,0.909091,0,0,-0.730004,-0.077,1.287
G,2022-03-30T04:00Z,03-30,0,0.908754,0,0,-0.731007,-0.077,1.287
G,2022-03-30T05:00Z,03-30,0.00186066,0.905369,0,0,-0.72949,-0.077,1.287
G,2022-03-30T06:00Z,03-30,0.00231845,0.773016,25.5,0,-0.709168,-0.077,1.287
G,2022-03-30T07:00Z,03-30,0.000463432,0.73768,23,0,-0.668138,-0.077,1.287
G,2022-03-30T08:00Z,03-30,0.000126614,0.855395,44.5,0,-0.671991,-0.077,1.287
G,2022-03-30T09:00Z,03-30,0.000636618,0.876718,38,0,-0.720287,-0.077,1.287
G,2022-03-30T10:00Z,03-30,0.0080845,0.869689,70,0,-0.735437,-0.077,1.287
G,2022-03-30T11:00Z,03-30,0,0.895853,55,0,-0.680927,-0.077,1.287
G,2022-03-30T12:00Z,03-30,0,0.907674,0,0,-0.640305,-0.077,1.287
G,2022-03-30T13:00Z,03-30,0,0.897714,39,0,-0.397629,-0.077,1.287
G,2022-03-30T14:00Z,03-30,0,0.895506,142,0,-0.335573,-0.077,1.287
G,2022-03-30T15:00Z,03-30,0,0.908373,0,0,-0.339776,-0.077,1.287
G,2022-03-30T16:00Z,03-30,0,0.908331,0,0,-0.236209,-0.077,1.287
G,2022-03-30T17:00Z,03-30,0,0.909091,0,0,0.0136568,-0.077,1.287
G,2022-03-30T18:00Z,03-30,0,0.90888,0,0,-0.110648,-0.077,1.287
G,2022-03-30T19:00Z,03-30,0,0.983607,0,0,-0.315969,-0.077,1.287
G,2022-03-30T20:00Z,03-30,0.046875,0.874403,0,0,-0.650265,-0.077,1.287
G,2022-03-30T21:00Z,03-30,0,0.908627,0,0,-0.688386,-0.077,1.287
G,2022-03-30T22:00Z,03-30,0,0.908669,0,0,-0.687204,-0.077,1.287
G,2022-03-30T23:00Z,03-30,0,0.908331,0,0,-0.705445,-0.077,1.287
G,2022-03-31T00:00Z,03-31,0,0.909091,0,0,-0.726761,-0.028,1.277
G,2022-03-31T01:00Z,03-31,0,0.908838,0,0,-0.73533,-0.028,1.277
G,2022-03-31T02:00Z,03-31,0,0.909091,0,0,-0.744319,-0.028,1.277
G,2022-03-31T03:00Z,03-31,0,0.909091,0,0,-0.745894,-0.028,1.277
G,2022-03-31T04:00Z,03-31,0,0.909091,0,0,-0.744533,-0.028,1.277
G,2022-03-31T05:00Z,03-31,0.0119676,0.870626,0,0,-0.739286,-0.028,1.277
G,2022-03-31T06:00Z,03-31,0.0382361,0.72162,18,0,-0.707814,-0.028,1.277
G,2022-03-31T07:00Z,03-31,0,0.902338,18.5,0,-0.621658,-0.028,1.277
G,2022-03-31T08:00Z,03-31,0,0.898296,135.5,0,-0.547189,-0.028,1.277
G,2022-03-31T09:00Z,03-31,0,0.890066,51,0,-0.679675,-0.028,1.277
G,2022-03-31T10:00Z,03-31,0,0.89048,66,0,-0.679445,-0.028,1.277
G,2022-03-31T11:00Z,03-31,0,0.888753,64,0,-0.630688,-0.028,1.277
G,2022-03-31T12:00Z,03-31,0,0.897952,31.5,0,-0.464292,-0.028,1.277
G,2022-03-31T13:00Z,03-31,0,0.89791,17,0,-0.395605,-0.028,1.277
G,2022-03-31T14:00Z,03-31,0,0.92269,0,0,-0.241766,-0.028,1.277
G,2022-03-31T15:00Z,03-31,0.000212206,0.88673,29,0,0.325387,-0.028,1.277
G,2022-03-31T16:00Z,03-31,4.22048e-05,0.903089,18,0,0.221906,-0.028,1.277
G,2022-03-31T17:00Z,03-31,0,0.906856,0,0,-0.122393,-0.028,1.277
G,2022-03-31T18:00Z,03-31,0,0.886355,72,0,-0.166028,-0.028,1.277
G,2022-03-31T19:00Z,03-31,0.00852431,0.899934,0,0,-0.0330214,-0.028,1.277
G,2022-03-31T20:00Z,03-31,0.000758866,0.907404,0,0,-0.337616,-0.028,1.277
G,2022-03-31T21:00Z,03-31,0.00211437,0.906977,0,0,-0.384907,-0.028,1.277
G,2022-03-31T22:00Z,03-31,0,0.9085,0,0,-0.447286,-0.028,1.277
G,2022-03-31T23:00Z,03-31,0,0.909091,0,0,-0.520708,-0.028,1.277
H,2022-03-19T00:00Z,03-19,0,0.998141,0,-,-,0.187,1.188
H,2022-03-19T01:00Z,03-19,0,0.999304,0,-,-,0.187,1.188
H,2022-03-19T02:00Z,03-19,0,1,0,-,-,0.187,1.188
H,2022-03-19T03:00Z,03-19,0,1,0,-,-,0.187,1.188
H,2022-03-19T04:00Z,03-19,0,1,0,-,-,0.187,1.188
H,2022-03-19T05:00Z,03-19,0,1,0,-,-,0.187,1.188
H,2022-03-19T06:00Z,03-19,0,0.999721,0,-,-,0.187,1.188
H,2022-03-19T07:00Z,03-19,0,0.999443,0,-,-,0.187,1.188
H,2022-03-19T08:00Z,03-19,0,0.999396,0,-,-,0.187,1.188
H,2022-03-19T09:00Z,03-19,0,0.999305,0,-,-,0.187,1.188
H,2022-03-19T10:00Z,03-19,0,1,0,-,-,0.187,1.188
H,2022-03-19T11:00Z,03-19,0,0.999304,0,-,-,0.187,1.188
H,2022-03-19T12:00Z,03-19,0,1,0,-,-,0.187,1.188
H,2022-03-19T13:00Z,03-19,0,0.999341,0,-,-,0.187,1.188
H,2022-03-19T14:00Z,03-19,0,1,0,-,-,0.187,1.188
H,2022-03-19T15:00Z,03-19,0,0.999257,0,-,-,0.187,1.188
H,2022-03-19T16:00Z,03-19,0,0.998979,0,-,-,0.187,1.188
H,2022-03-19T17:00Z,03-19,0,0.999025,0,-,-,0.187,1.188
H,2022-03-19T18:00Z,03-19,0,0.998744,0,-,-,0.187,1.188
H,2022-03-19T19:00Z,03-19,0,0.99814,0,-,-,0.187,1.188
H,2022-03-19T20:00Z,03-19,0,1,0,-,-,0.187,1.188
H,2022-03-19T21:00Z,03-19,0,1,0,-,-,0.187,1.188
H,2022-03-19T22:00Z,03-19,0,0.999398,0,-,-,0.187,1.188
H,2022-03-19T23:00Z,03-19,0,0.999444,0,-,-,0.187,1.188
H,2022-03-20T00:00Z,03-20,0,0.999119,0,-,-,0.278,0.9534
H,2022-03-20T01:00Z,03-20,0,1,0,-,-,0.278,0.9534
H,2022-03-20T02:00Z,03-20,0,0.999211,0,-,-,0.278,0.9534
H,2022-03-20T03:00Z,03-20,0,1,0,-,-,0.278,0.9534
H,2022-03-20T04:00Z,03-20,0,0.998747,0,-,-,0.278,0.9534
H,2022-03-20T05:00Z,03-20,0,1,0,-,-,0.278,0.9534
H,2022-03-20T06:00Z,03-20,0,0.999443,0,-,-,0.278,0.9534
H,2022-03-20T07:00Z,03-20,0,0.999398,0,-,-,0.278,0.9534
H,2022-03-20T08:00Z,03-20,0,0.999462,0,0,-0.524867,0.278,0.9534
H,2022-03-20T09:00Z,03-20,0,0.998883,0,0,-0.470269,0.278,0.9534
H,2022-03-20T10:00Z,03-20,0,0.999257,0,0,-0.770748,0.278,0.9534
H,2022-03-20T11:00Z,03-20,0,0.999293,0,0,-0.63739,0.278,0.9534
H,2022-03-20T12:00Z,03-20,0,0.992981,0,0,-1.06163,0.278,0.9534
H,2022-03-20T13:00Z,03-20,0,0.998793,0,0,-0.997875,0.278,0.9534
H,2022-03-20T14:00Z,03-20,0,0.99759,0,0,-1.11586,0.278,0.9534
H,2022-03-20T15:00Z,03-20,0,0.996615,0,0,-1.02613,0.278,0.9534
H,2022-03-20T16:00Z,03-20,0,1,0,0,-1.15717,0.278,0.9534
H,2022-03-20T17:00Z,03-20,0,0.998658,0,0,-1.13932,0.278,0.9534
H,2022-03-20T18:00Z,03-20,0,0.997085,0,0,-0.946381,0.278,0.9534
H,2022-03-20T19:00Z,03-20,0,0.995534,0,0,-0.522332,0.278,0.9534
H,2022-03-20T20:00Z,03-20,0,0.998817,0,0,-0.814622,0.278,0.9534
H,2022-03-20T21:00Z,03-20,0,0.999501,0,0,-0.885344,0.278,0.9534
H,2022-03-20T22:00Z,03-20,0,0.999536,0,0,-0.584659,0.278,0.9534
H,2022-03-20T23:00Z,03-20,0,0.998671,0,0,-0.0732519,0.278,0.9534
H,2022-03-21T00:00Z,03-21,0,0.999341,0,0,-0.168229,0.339,0.7807
H,2022-03-21T01:00Z,03-21,0,0.999352,0,0,-0.365717,0.339,0.7807
H,2022-03-21T02:00Z,03-21,0,0.999767,0,0,-0.164342,0.339,0.7807
H,2022-03-21T03:00Z,03-21,0,0.99935,0,0,-0.505578,0.339,0.7807
H,2022-03-21T04:00Z,03-21,0,0.999118,0,0,0.110321,0.339,0.7807
H,2022-03-21T05:00Z,03-21,0,0.999025,0,0,0.182467,0.339,0.7807
H,2022-03-21T06:00Z,03-21,0,0.997541,0,0,-0.465438,0.339,0.7807
H,2022-03-21T07:00Z,03-21,0,0.988881,86,0,-0.319286,0.339,0.7807
H,2022-03-21T08:00Z,03-21,0,0.998692,0,0,-0.855929,0.339,0.7807
H,2022-03-21T09:00Z,03-21,0,0.997797,0,0,0.429725,0.339,0.7807
H,2022-03-21T10:00Z,03-21,0,0.999331,0,0,-1.49112,0.339,0.7807
H,2022-03-21T11:00Z,03-21,0,0.999385,0,0,-1.43204,0.339,0.7807
H,2022-03-21T12:00Z,03-21,0,0.99945,0,0,-1.57329,0.339,0.7807
H,2022-03-21T13:00Z,03-21,0,0.999221,0,0,-1.73161,0.339,0.7807
H,2022-03-21T14:00Z,03-21,0,0.999353,0,0,-1.77065,0.339,0.7807
H,2022-03-21T15:00Z,03-21,0,0.999302,0,0,-1.51152,0.339,0.7807
H,2022-03-21T16:00Z,03-21,0,0.994479,0,0,-1.41021,0.339,0.7807
H,2022-03-21T17:00Z,03-21,0,0.989867,133,0,-1.29547,0.339,0.7807
H,2022-03-21T18:00Z,03-21,0,0.995221,0,0,-1.46426,0.339,0.7807
H,2022-03-21T19:00Z,03-21,0,0.999286,0,0,-1.52701,0.339,0.7807
H,2022-03-21T20:00Z,03-21,0,0.999718,0,0,-1.48741,0.339,0.7807
H,2022-03-21T21:00Z,03-21,0,1,0,0,-1.38171,0.339,0.7807
H,2022-03-21T22:00Z,03-21,0,0.999538,0,0,-1.21991,0.339,0.7807
H,2022-03-21T23:00Z,03-21,0,1,0,0,-1.26331,0.339,0.7807
H,2022-03-22T00:00Z,03-22,0,1,0,0,-1.19145,0.189,2.063
H,2022-03-22T01:00Z,03-22,0,0.998488,0,0,-1.24219,0.189,2.063
H,2022-03-22T02:00Z,03-22,0,0.999752,0,0,-1.35822,0.189,2.063
H,2022-03-22T03:00Z,03-22,0,0.999162,0,0,-1.24529,0.189,2.063
H,2022-03-22T04:00Z,03-22,0,1,0,0,-1.14267,0.189,2.063
H,2022-03-22T05:00Z,03-22,0,1,0,0,-1.10237,0.189,2.063
H,2022-03-22T06:00Z,03-22,0,0.999628,0,0,-1.09322,0.189,2.063
H,2022-03-22T07:00Z,03-22,0,0.999442,0,0,-1.43553,0.189,2.063
H,2022-03-22T08:00Z,03-22,0,1,0,0,-1.6925,0.189,2.063
H,2022-03-22T09:00Z,03-22,0,0.998972,0,0,-1.60476,0.189,2.063
H,2022-03-22T10:00Z,03-22,0,0.999532,0,0,-1.55511,0.189,2.063
H,2022-03-22T11:00Z,03-22,0,1,0,0,-1.43577,0.189,2.063
H,2022-03-22T12:00Z,03-22,0,0.99387,0,0,-1.37961,0.189,2.063
H,2022-03-22T13:00Z,03-22,0,0.995013,0,0,-1.37425,0.189,2.063
H,2022-03-22T14:00Z,03-22,0,0.999696,0,0,-1.27365,0.189,2.063
H,2022-03-22T15:00Z,03-22,0,0.991937,48,0,-1.43178,0.189,2.063
H,2022-03-22T16:00Z,03-22,0.000150602,0.990875,13,0,-1.30284,0.189,2.063
H,2022-03-22T17:00Z,03-22,0.000326797,0.96633,26,0.5,2.65879,0.189,2.063
H,2022-03-22T18:00Z,03-22,0,0.98876,0,1,16.5328,0.189,2.063
H,2022-03-22T19:00Z,03-22,0,0.998944,0,1,20.0549,0.189,2.063
H,2022-03-22T20:00Z,03-22,0,1,0,1,23.4145,0.189,2.063
H,2022-03-22T21:00Z,03-22,0,0.998877,0,1,23.087,0.189,2.063
H,2022-03-22T22:00Z,03-22,0,1,0,1,28.0455,0.189,2.063
H,2022-03-22T23:00Z,03-22,0,0.998962,0,1,19.9942,0.189,2.063
H,2022-03-23T00:00Z,03-23,0.000154321,0.998906,0,1,10.1825,1.421,1.833
H,2022-03-23T01:00Z,03-23,0.00018622,0.994918,0,1,9.19899,1.421,1.833
H,2022-03-23T02:00Z,03-23,0,0.977143,191,1,10.3675,1.421,1.833
H,2022-03-23T03:00Z,03-23,0,1,0,1,16.2514,1.421,1.833
H,2022-03-23T04:00Z,03-23,0,1,0,1,14.8618,1.421,1.833
H,2022-03-23T05:00Z,03-23,0,0.999487,0,1,7.44941,1.421,1.833
H,2022-03-23T06:00Z,03-23,0,0.997403,0,1,5.76693,1.421,1.833
H,2022-03-23T07:00Z,03-23,0,1,0,0.166667,1.70653,1.421,1.833
H,2022-03-23T08:00Z,03-23,0,0.998956,0,0.2,1.44047,1.421,1.833
H,2022-03-23T09:00Z,03-23,0,0.998601,0,0,-0.387078,1.421,1.833
H,2022-03-23T10:00Z,03-23,0,0.998093,0,0,-0.448731,1.421,1.833
H,2022-03-23T11:00Z,03-23,0.000537634,0.994998,0,0,-0.614802,1.421,1.833
H,2022-03-23T12:00Z,03-23,0,0.999301,0,0,-1.44984,1.421,1.833
H,2022-03-23T13:00Z,03-23,6.94444e-05,0.988984,0,0,-0.606511,1.421,1.833
H,2022-03-23T14:00Z,03-23,0,0.987902,57.5,0.25,0.978724,1.421,1.833
H,2022-03-23T15:00Z,03-23,0,0.994544,0,0,1.01137,1.421,1.833
H,2022-03-23T16:00Z,03-23,0,0.997667,0,0,1.56043,1.421,1.833
H,2022-03-23T17:00Z,03-23,0.00114155,0.972458,0,0,1.46796,1.421,1.833
H,2022-03-23T18:00Z,03-23,0.0073842,0.941896,24,1,4.00853,1.421,1.833
H,2022-03-23T19:00Z,03-23,0,0.990672,0,1,20.2892,1.421,1.833
H,2022-03-23T20:00Z,03-23,0,1,0,1,38.6281,1.421,1.833
H,2022-03-23T21:00Z,03-23,0,1,0,1,34.5612,1.421,1.833
H,2022-03-23T22:00Z,03-23,0,0.999577,0,1,33.7233,1.421,1.833
H,2022-03-23T23:00Z,03-23,0,1,0,1,30.1291,1.421,1.833
H,2022-03-24T00:00Z,03-24,0,0.999441,0,1,26.1082,1.197,1.835
H,2022-03-24T01:00Z,03-24,0,0.999468,0,1,19.4916,1.197,1.835
H,2022-03-24T02:00Z,03-24,0,0.999059,0,1,14.9218,1.197,1.835
H,2022-03-24T03:00Z,03-24,0,0.999396,0,1,9.89372,1.197,1.835
H,2022-03-24T04:00Z,03-24,0,1,0,1,6.79604,1.197,1.835
H,2022-03-24T05:00Z,03-24,0,0.999394,0,1,4.42766,1.197,1.835
H,2022-03-24T06:00Z,03-24,0,0.999069,0,0.8,3.7384,1.197,1.835
H,2022-03-24T07:00Z,03-24,0,1,0,0,1.4718,1.197,1.835
H,2022-03-24T08:00Z,03-24,0,1,0,0,1.50261,1.197,1.835
H,2022-03-24T09:00Z,03-24,0,0.999027,0,0,0.160117,1.197,1.835
H,2022-03-24T10:00Z,03-24,0,0.998887,0,0,-0.674051,1.197,1.835
H,2022-03-24T11:00Z,03-24,0,0.998418,0,0,-0.513417,1.197,1.835
H,2022-03-24T12:00Z,03-24,0,0.977366,35,0,-1.07248,1.197,1.835
H,2022-03-24T13:00Z,03-24,0,0.998223,0,0,-0.544724,1.197,1.835
H,2022-03-24T14:00Z,03-24,0,0.998163,0,0,0.178605,1.197,1.835
H,2022-03-24T15:00Z,03-24,0.000501411,0.996779,0,0.2,0.535062,1.197,1.835
H,2022-03-24T16:00Z,03-24,0.00579424,0.972965,95,0.4,0.891497,1.197,1.835
H,2022-03-24T17:00Z,03-24,0.0092018,0.97811,15,0,0.858681,1.197,1.835
H,2022-03-24T18:00Z,03-24,0,0.999628,0,0.166667,0.656977,1.197,1.835
H,2022-03-24T19:00Z,03-24,0,0.99828,0,0.833333,3.76957,1.197,1.835
H,2022-03-24T20:00Z,03-24,0,0.997394,0,0.333333,0.885275,1.197,1.835
H,2022-03-24T21:00Z,03-24,0,1,0,1,10.236,1.197,1.835
H,2022-03-24T22:00Z,03-24,0,0.999025,0,1,10.2293,1.197,1.835
H,2022-03-24T23:00Z,03-24,0,1,0,1,9.86259,1.197,1.835
H,2022-03-25T00:00Z,03-25,0,0.999164,0,1,8.06419,1.101,2.041
H,2022-03-25T01:00Z,03-25,0,1,0,1,5.79431,1.101,2.041
H,2022-03-25T02:00Z,03-25,0,0.999767,0,1,3.46787,1.101,2.041
H,2022-03-25T03:00Z,03-25,0,0.999769,0,0,1.05026,1.101,2.041
H,2022-03-25T04:00Z,03-25,0,0.999675,0,0,-0.22591,1.101,2.041
H,2022-03-25T05:00Z,03-25,0,1,0,0,-0.577361,1.101,2.041
H,2022-03-25T06:00Z,03-25,0,0.995916,90,0,-0.445927,1.101,2.041
H,2022-03-25T07:00Z,03-25,0,0.997404,0,0,-0.454599,1.101,2.041
H,2022-03-25T08:00Z,03-25,0,0.99935,0,0,0.0951883,1.101,2.041
H,2022-03-25T09:00Z,03-25,0,0.998422,0,0,0.0392947,1.101,2.041
H,2022-03-25T10:00Z,03-25,0,0.998748,0,0,-1.11634,1.101,2.041
H,2022-03-25T11:00Z,03-25,0,0.999443,0,0,-1.19136,1.101,2.041
H,2022-03-25T12:00Z,03-25,0,0.995608,0,0,-0.605001,1.101,2.041
H,2022-03-25T13:00Z,03-25,0,0.991305,0,0,-0.0624548,1.101,2.041
H,2022-03-25T14:00Z,03-25,0,0.999444,0,0.166667,1.01529,1.101,2.041
H,2022-03-25T15:00Z,03-25,0.000594944,0.993108,0,0,0.40321,1.101,2.041
H,2022-03-25T16:00Z,03-25,0.000208333,0.982565,42,0.833333,5.77254,1.101,2.041
H,2022-03-25T17:00Z,03-25,0,0.999903,0,1,8.84828,1.101,2.041
H,2022-03-25T18:00Z,03-25,0,0.999304,0,1,11.7946,1.101,2.041
H,2022-03-25T19:00Z,03-25,0,0.999536,0,1,25.1492,1.101,2.041
H,2022-03-25T20:00Z,03-25,0.000462963,0.99731,116,1,20.4332,1.101,2.041
H,2022-03-25T21:00Z,03-25,0.000557103,0.998468,0,1,25.6712,1.101,2.041
H,2022-03-25T22:00Z,03-25,0,0.981215,85,1,22.7901,1.101,2.041
H,2022-03-25T23:00Z,03-25,0,0.987141,141,1,25.863,1.101,2.041
H,2022-03-26T00:00Z,03-26,0,0.907783,0,1,17.1212,0.685,1.74
H,2022-03-26T01:00Z,03-26,0,0.909091,0,1,18.5555,0.685,1.74
H,2022-03-26T02:00Z,03-26,0,0.908122,0,1,14.1207,0.685,1.74
H,2022-03-26T03:00Z,03-26,0,0.909091,0,1,7.18058,0.685,1.74
H,2022-03-26T04:00Z,03-26,0,0.90753,0,0.333333,1.49173,0.685,1.74
H,2022-03-26T05:00Z,03-26,0,0.908753,0,0,0.052936,0.685,1.74
H,2022-03-26T06:00Z,03-26,0,0.907573,0,0,-0.0959294,0.685,1.74
H,2022-03-26T07:00Z,03-26,0,0.907573,0,0.833333,3.77967,0.685,1.74
H,2022-03-26T08:00Z,03-26,0,0.904872,0,0.333333,0.165252,0.685,1.74
H,2022-03-26T09:00Z,03-26,0,0.909049,0,0,-0.784195,0.685,1.74
H,2022-03-26T10:00Z,03-26,0,0.908584,0,0,-0.571166,0.685,1.74
H,2022-03-26T11:00Z,03-26,0,0.90888,0,0,-0.778669,0.685,1.74
H,2022-03-26T12:00Z,03-26,0,0.908332,0,0,-0.772061,0.685,1.74
H,2022-03-26T13:00Z,03-26,0,0.909091,0,0,-0.63777,0.685,1.74
H,2022-03-26T14:00Z,03-26,0,0.909091,0,0,-0.434248,0.685,1.74
H,2022-03-26T15:00Z,03-26,0,0.908584,0,0,-0.225117,0.685,1.74
H,2022-03-26T16:00Z,03-26,0,0.909091,0,0,-0.102038,0.685,1.74
H,2022-03-26T17:00Z,03-26,0,0.908542,0,0,0.100976,0.685,1.74
H,2022-03-26T18:00Z,03-26,0,0.906688,0,0,0.662663,0.685,1.74
H,2022-03-26T19:00Z,03-26,0,0.907657,0,0,0.800932,0.685,1.74
H,2022-03-26T20:00Z,03-26,0,0.908542,0,0,0.567187,0.685,1.74
H,2022-03-26T21:00Z,03-26,0,0.909091,0,0,0.474301,0.685,1.74
H,2022-03-26T22:00Z,03-26,0,0.909091,0,0,0.283735,0.685,1.74
H,2022-03-26T23:00Z,03-26,0,0.908289,0,0,0.328905,0.685,1.74
H,2022-03-27T00:00Z,03-27,0,0.909091,0,0,0.457077,0.551,0.6409
H,2022-03-27T01:00Z,03-27,0,0.909091,0,0,0.502717,0.551,0.6409
H,2022-03-27T02:00Z,03-27,0,0.909091,0,0,0.13981,0.551,0.6409
H,2022-03-27T03:00Z,03-27,0,0.907911,0,0,-0.0556825,0.551,0.6409
H,2022-03-27T04:00Z,03-27,0,0.909091,0,0,-0.209044,0.551,0.6409
H,2022-03-27T05:00Z,03-27,0,0.90812,0,0,-0.400968,0.551,0.6409
H,2022-03-27T06:00Z,03-27,0,0.908584,0,0,-0.496469,0.551,0.6409
H,2022-03-27T07:00Z,03-27,0,0.908416,0,0,-1.04632,0.551,0.6409
H,2022-03-27T08:00Z,03-27,0,0.908669,0,0,-1.2116,0.551,0.6409
H,2022-03-27T09:00Z,03-27,0,0.909091,0,0,-1.08335,0.551,0.6409
H,2022-03-27T10:00Z,03-27,0,0.909091,0,0,-1.08265,0.551,0.6409
H,2022-03-27T11:00Z,03-27,0,0.90538,0,0,-0.948559,0.551,0.6409
H,2022-03-27T12:00Z,03-27,0,0.908753,0,0,-0.913794,0.551,0.6409
H,2022-03-27T13:00Z,03-27,0,0.908542,0,0,-0.813329,0.551,0.6409
H,2022-03-27T14:00Z,03-27,0,0.909091,0,0,-0.520515,0.551,0.6409
H,2022-03-27T15:00Z,03-27,0,0.923077,0,0,-0.348946,0.551,0.6409
H,2022-03-27T16:00Z,03-27,0,0.908373,0,0,-0.104167,0.551,0.6409
H,2022-03-27T17:00Z,03-27,0,0.908838,0,0,0.191841,0.551,0.6409
H,2022-03-27T18:00Z,03-27,0,0.907783,0,0,0.514756,0.551,0.6409
H,2022-03-27T19:00Z,03-27,0,0.909091,0,0,0.125033,0.551,0.6409
H,2022-03-27T20:00Z,03-27,0,0.909091,0,0,-0.185204,0.551,0.6409
H,2022-03-27T21:00Z,03-27,0,0.9085,0,0,-0.382283,0.551,0.6409
H,2022-03-27T22:00Z,03-27,0,0.908333,0,0,-0.59958,0.551,0.6409
H,2022-03-27T23:00Z,03-27,0,0.909091,0,0,-0.735474,0.551,0.6409
H,2022-03-28T00:00Z,03-28,0,0.908542,0,0,-0.841852,0.397,1.198
H,2022-03-28T01:00Z,03-28,0,0.909091,0,0,-0.916456,0.397,1.198
H,2022-03-28T02:00Z,03-28,0,0.909091,0,0,-1.04883,0.397,1.198
H,2022-03-28T03:00Z,03-28,0,0.909091,0,0,-1.20205,0.397,1.198
H,2022-03-28T04:00Z,03-28,0,0.908753,0,0,-1.27592,0.397,1.198
H,2022-03-28T05:00Z,03-28,0,0.909091,0,0,-1.47444,0.397,1.198
H,2022-03-28T06:00Z,03-28,0,0.909091,0,0,-1.53611,0.397,1.198
H,2022-03-28T07:00Z,03-28,0,0.908373,0,0,-1.60165,0.397,1.198
H,2022-03-28T08:00Z,03-28,0.000550195,0.905747,0,0,-1.71981,0.397,1.198
H,2022-03-28T09:00Z,03-28,0,0.891534,60,0,-1.66763,0.397,1.198
H,2022-03-28T10:00Z,03-28,0,0.908373,0,0,-1.71084,0.397,1.198
H,2022-03-28T11:00Z,03-28,0,0.908066,0,0,-1.70866,0.397,1.198
H,2022-03-28T12:00Z,03-28,0,0.923077,0,0,-1.59332,0.397,1.198
H,2022-03-28T13:00Z,03-28,0,0.907823,0,0,-1.30217,0.397,1.198
H,2022-03-28T14:00Z,03-28,0,0.9375,0,0,-0.979046,0.397,1.198
H,2022-03-28T15:00Z,03-28,0,0.922272,0,0,-0.952181,0.397,1.198
H,2022-03-28T16:00Z,03-28,0,0.935004,0,0,-0.89267,0.397,1.198
H,2022-03-28T17:00Z,03-28,0,0.909091,0,0,-0.147461,0.397,1.198
H,2022-03-28T18:00Z,03-28,0.000182,0.907726,0,0,0.333505,0.397,1.198
H,2022-03-28T19:00Z,03-28,0.000222816,0.905622,130,0,1.30408,0.397,1.198
H,2022-03-28T20:00Z,03-28,0,0.909091,0,0,0.569289,0.397,1.198
H,2022-03-28T21:00Z,03-28,0,0.907615,0,0,0.00851632,0.397,1.198
H,2022-03-28T22:00Z,03-28,0,0.909091,0,0,0.110309,0.397,1.198
H,2022-03-28T23:00Z,03-28,0,0.909091,0,0,-0.0649482,0.397,1.198
H,2022-03-29T00:00Z,03-29,0,0.908838,0,0,-0.52982,0.364,0.6886
H,2022-03-29T01:00Z,03-29,0,0.908711,0,0,-1.09914,0.364,0.6886
H,2022-03-29T02:00Z,03-29,0,0.922733,0,0,-1.38121,0.364,0.6886
H,2022-03-29T03:00Z,03-29,0,0.908079,0,0,-1.50625,0.364,0.6886
H,2022-03-29T04:00Z,03-29,0,0.909091,0,0,-1.41381,0.364,0.6886
H,2022-03-29T05:00Z,03-29,0,0.908416,0,0,-1.44837,0.364,0.6886
H,2022-03-29T06:00Z,03-29,0,0.908161,0,0,-1.22891,0.364,0.6886
H,2022-03-29T07:00Z,03-29,0,0.908458,0,0,-0.860145,0.364,0.6886
H,2022-03-29T08:00Z,03-29,0,0.909091,0,0,-1.05604,0.364,0.6886
H,2022-03-29T09:00Z,03-29,0,0.923077,0,0,-1.12998,0.364,0.6886
H,2022-03-29T10:00Z,03-29,0,0.907593,0,0,-1.37411,0.364,0.6886
H,2022-03-29T11:00Z,03-29,0,0.936998,0,0,-1.64942,0.364,0.6886
H,2022-03-29T12:00Z,03-29,0,0.983607,0,0,-1.63902,0.364,0.6886
H,2022-03-29T13:00Z,03-29,0,0.933355,0,0,-1.29313,0.364,0.6886
H,2022-03-29T14:00Z,03-29,0,0.923077,0,0,-1.24493,0.364,0.6886
H,2022-03-29T15:00Z,03-29,0,0.951624,0,0,-0.99553,0.364,0.6886
H,2022-03-29T16:00Z,03-29,0,0.951515,0,0,-0.940842,0.364,0.6886
H,2022-03-29T17:00Z,03-29,0,0.920911,0,0,-1.32765,0.364,0.6886
H,2022-03-29T18:00Z,03-29,0,0.922524,0,0,-1.68411,0.364,0.6886
H,2022-03-29T19:00Z,03-29,0,0.90861,0,0,-1.70021,0.364,0.6886
H,2022-03-29T20:00Z,03-29,0,0.922619,0,0,-1.66956,0.364,0.6886
H,2022-03-29T21:00Z,03-29,0,0.909091,0,0,-1.60758,0.364,0.6886
H,2022-03-29T22:00Z,03-29,0,0.908697,0,0,-1.53455,0.364,0.6886
H,2022-03-29T23:00Z,03-29,0,0.908572,0,0,-1.40049,0.364,0.6886
H,2022-03-30T00:00Z,03-30,0,0.923077,0,0,-1.36798,-0.261,1.599
H,2022-03-30T01:00Z,03-30,0,0.905269,11,0,-1.33571,-0.261,1.599
H,2022-03-30T02:00Z,03-30,0,0.909091,0,0,-1.30783,-0.261,1.599
H,2022-03-30T03:00Z,03-30,0,0.909091,0,0,-1.28738,-0.261,1.599
H,2022-03-30T04:00Z,03-30,0,0.923077,0,0,-1.26319,-0.261,1.599
H,2022-03-30T05:00Z,03-30,0,0.909091,0,0,-1.25532,-0.261,1.599
H,2022-03-30T06:00Z,03-30,0,0.908213,0,0,-1.08038,-0.261,1.599
H,2022-03-30T07:00Z,03-30,0,0.922154,0,0,-1.39754,-0.261,1.599
H,2022-03-30T08:00Z,03-30,0,0.923077,0,0,-1.39138,-0.261,1.599
H,2022-03-30T09:00Z,03-30,0,0.907486,0,0,-1.53156,-0.261,1.599
H,2022-03-30T10:00Z,03-30,0,0.921701,0,0,-1.6029,-0.261,1.599
H,2022-03-30T11:00Z,03-30,0,0.922642,0,0,-1.58523,-0.261,1.599
H,2022-03-30T12:00Z,03-30,0,0.923077,0,0,-1.54855,-0.261,1.599
H,2022-03-30T13:00Z,03-30,0,0.983607,0,0,-1.48625,-0.261,1.599
H,2022-03-30T14:00Z,03-30,0,0.969655,0,0,-1.37113,-0.261,1.599
H,2022-03-30T15:00Z,03-30,0,0.90329,0,0,0.903865,-0.261,1.599
H,2022-03-30T16:00Z,03-30,0,0.948963,0,0.666667,6.16861,-0.261,1.599
H,2022-03-30T17:00Z,03-30,0,0.936087,0,1,17.7093,-0.261,1.599
H,2022-03-30T18:00Z,03-30,0,0.923077,0,1,22.374,-0.261,1.599
H,2022-03-30T19:00Z,03-30,0,0.983607,0,1,21.0457,-0.261,1.599
H,2022-03-30T20:00Z,03-30,0.047619,0.887519,0,1,9.6875,-0.261,1.599
H,2022-03-30T21:00Z,03-30,0,0.922149,0,0.4,1.21432,-0.261,1.599
H,2022-03-30T22:00Z,03-30,0,0.908693,0,0,-0.546596,-0.261,1.599
H,2022-03-30T23:00Z,03-30,0,0.908059,0,0,-1.33817,-0.261,1.599
H,2022-03-31T00:00Z,03-31,0,0.909091,0,0,-1.35057,0.034,0.5152
H,2022-03-31T01:00Z,03-31,0,0.909091,0,0,-1.45151,0.034,0.5152
H,2022-03-31T02:00Z,03-31,0,0.909091,0,0,-1.46869,0.034,0.5152
H,2022-03-31T03:00Z,03-31,0,0.908625,0,0,-1.46461,0.034,0.5152
H,2022-03-31T04:00Z,03-31,0,0.908247,0,0,-1.53462,0.034,0.5152
H,2022-03-31T05:00Z,03-31,0,0.908035,0,0,-1.55663,0.034,0.5152
H,2022-03-31T06:00Z,03-31,0,0.920725,0,0,-0.849311,0.034,0.5152
H,2022-03-31T07:00Z,03-31,0.00228146,0.91092,0,0,-1.30988,0.034,0.5152
H,2022-03-31T08:00Z,03-31,0.000236152,0.863639,22,0.166667,0.393704,0.034,0.5152
H,2022-03-31T09:00Z,03-31,0,0.908724,0,0,0.45449,0.034,0.5152
H,2022-03-31T10:00Z,03-31,0,0.906263,0,0,0.144543,0.034,0.5152
H,2022-03-31T11:00Z,03-31,0,0.92022,13,0.75,3.29826,0.034,0.5152
H,2022-03-31T12:00Z,03-31,0.000747065,0.901874,18,0,0.0631685,0.034,0.5152
H,2022-03-31T13:00Z,03-31,0,0.936432,0,0.333333,0.178051,0.034,0.5152
H,2022-03-31T14:00Z,03-31,0.137599,0.694442,15,-,-,0.034,0.5152
H,2022-03-31T15:00Z,03-31,-,-,-,-,-,0.034,0.5152
H,2022-03-31T16:00Z,03-31,-,-,-,-,-,0.034,0.5152
H,2022-03-31T17:00Z,03-31,-,-,-,-,-,0.034,0.5152
H,2022-03-31T18:00Z,03-31,-,-,-,-,-,0.034,0.5152
H,2022-03-31T19:00Z,03-31,-,-,-,-,-,0.034,0.5152
H,2022-03-31T20:00Z,03-31,-,-,-,-,-,0.034,0.5152
H,2022-03-31T21:00Z,03-31,-,-,-,-,-,0.034,0.5152
H,2022-03-31T22:00Z,03-31,-,-,-,-,-,0.034,0.5152
H,2022-03-31T23:00Z,03-31,-,-,-,-,-,0.034,0.5152
fleet,2022-03-19T00:00Z,03-19,0,0.999347,0,-,-,0.089,1.194
fleet,2022-03-19T01:00Z,03-19,0,0.999536,0,-,-,0.089,1.194
fleet,2022-03-19T02:00Z,03-19,0,0.999883,0,-,-,0.089,1.194
fleet,2022-03-19T03:00Z,03-19,0,1,0,-,-,0.089,1.194
fleet,2022-03-19T04:00Z,03-19,0,1,0,-,-,0.089,1.194
fleet,2022-03-19T05:00Z,03-19,0,0.999466,0,-,-,0.089,1.194
fleet,2022-03-19T06:00Z,03-19,0,0.999118,0,-,-,0.089,1.194
fleet,2022-03-19T07:00Z,03-19,0,0.999606,0,-,-,0.089,1.194
fleet,2022-03-19T08:00Z,03-19,0,1,0,-,-,0.089,1.194
fleet,2022-03-19T09:00Z,03-19,0,0.999188,0,-,-,0.089,1.194
fleet,2022-03-19T10:00Z,03-19,0,0.999513,0,-,-,0.089,1.194
fleet,2022-03-19T11:00Z,03-19,0,0.999327,0,-,-,0.089,1.194
fleet,2022-03-19T12:00Z,03-19,0,0.999443,0,-,-,0.089,1.194
fleet,2022-03-19T13:00Z,03-19,0,0.999345,0,-,-,0.089,1.194
fleet,2022-03-19T14:00Z,03-19,0,0.999766,0,-,-,0.089,1.194
fleet,2022-03-19T15:00Z,03-19,0,0.998747,0,-,-,0.089,1.194
fleet,2022-03-19T16:00Z,03-19,0,0.998867,0,-,-,0.089,1.194
fleet,2022-03-19T17:00Z,03-19,0,0.998443,0,-,-,0.089,1.194
fleet,2022-03-19T18:00Z,03-19,0,0.998723,0,0,0.259784,0.089,1.194
fleet,2022-03-19T19:00Z,03-19,0,0.99928,0,0,0.1952,0.089,1.194
fleet,2022-03-19T20:00Z,03-19,0,0.999861,0,0,0.0160169,0.089,1.194
fleet,2022-03-19T21:00Z,03-19,0,0.998886,0,0,-0.0951861,0.089,1.194
fleet,2022-03-19T22:00Z,03-19,0,0.999583,0,0,-0.106958,0.089,1.194
fleet,2022-03-19T23:00Z,03-19,0,0.999374,0,0,-0.158602,0.089,1.194
fleet,2022-03-20T00:00Z,03-20,0,0.999628,0,0,-0.103307,0.3335,1.351
fleet,2022-03-20T01:00Z,03-20,0,0.999396,0,0,-0.131405,0.3335,1.351
fleet,2022-03-20T02:00Z,03-20,0,1,0,0,-0.214459,0.3335,1.351
fleet,2022-03-20T03:00Z,03-20,0,0.999418,0,0,-0.156526,0.3335,1.351
fleet,2022-03-20T04:00Z,03-20,0,1,0,0,-0.117393,0.3335,1.351
fleet,2022-03-20T05:00Z,03-20,0,0.999327,0,0,-0.0863838,0.3335,1.351
fleet,2022-03-20T06:00Z,03-20,0,0.99884,0,0,0.0170417,0.3335,1.351
fleet,2022-03-20T07:00Z,03-20,0,0.999026,0,0,-0.177324,0.3335,1.351
fleet,2022-03-20T08:00Z,03-20,0,0.999189,0,0,-0.390323,0.3335,1.351
fleet,2022-03-20T09:00Z,03-20,0,0.998724,0,0,-0.388184,0.3335,1.351
fleet,2022-03-20T10:00Z,03-20,0,0.99942,0,0,-0.390437,0.3335,1.351
fleet,2022-03-20T11:00Z,03-20,0,0.999252,0,0,-0.614957,0.3335,1.351
fleet,2022-03-20T12:00Z,03-20,0,0.999416,0,0,-0.606201,0.3335,1.351
fleet,2022-03-20T13:00Z,03-20,0,0.999024,0,0,-0.633233,0.3335,1.351
fleet,2022-03-20T14:00Z,03-20,0,0.998075,0,0,-0.557965,0.3335,1.351
fleet,2022-03-20T15:00Z,03-20,0,0.998029,0,0,-0.545691,0.3335,1.351
fleet,2022-03-20T16:00Z,03-20,0,0.999396,0,0,-0.504177,0.3335,1.351
fleet,2022-03-20T17:00Z,03-20,0,0.99868,0,0,-0.24259,0.3335,1.351
fleet,2022-03-20T18:00Z,03-20,0,0.997211,0,0,-0.280915,0.3335,1.351
fleet,2022-03-20T19:00Z,03-20,0,0.998979,0,0,-0.266125,0.3335,1.351
fleet,2022-03-20T20:00Z,03-20,0,0.999675,0,0,-0.318981,0.3335,1.351
fleet,2022-03-20T21:00Z,03-20,0,0.999611,0,0,-0.293052,0.3335,1.351
fleet,2022-03-20T22:00Z,03-20,0,0.999119,0,0,-0.272025,0.3335,1.351
fleet,2022-03-20T23:00Z,03-20,0,0.998755,0,0,-0.159761,0.3335,1.351
fleet,2022-03-21T00:00Z,03-21,0,0.999276,0,0,-0.0998833,0.649,0.7948
fleet,2022-03-21T01:00Z,03-21,0,0.999675,0,0,-0.129074,0.649,0.7948
fleet,2022-03-21T02:00Z,03-21,0,0.99949,0,0,-0.0909891,0.649,0.7948
fleet,2022-03-21T03:00Z,03-21,0,0.999605,0,0,0.0388401,0.649,0.7948
fleet,2022-03-21T04:00Z,03-21,0,0.999349,0,0,-0.0599865,0.649,0.7948
fleet,2022-03-21T05:00Z,03-21,0,0.999396,0,0,-0.101242,0.649,0.7948
fleet,2022-03-21T06:00Z,03-21,0,0.997982,0,0,-0.00824443,0.649,0.7948
fleet,2022-03-21T07:00Z,03-21,0,0.998306,0,0,-0.128211,0.649,0.7948
fleet,2022-03-21T08:00Z,03-21,0,0.999002,0,0,-0.276881,0.649,0.7948
fleet,2022-03-21T09:00Z,03-21,0,0.998054,0,0,-0.258291,0.649,0.7948
fleet,2022-03-21T10:00Z,03-21,0,0.998278,0,0,-0.441454,0.649,0.7948
fleet,2022-03-21T11:00Z,03-21,0,0.997967,0,0,-0.414456,0.649,0.7948
fleet,2022-03-21T12:00Z,03-21,0,0.998909,0,0,-0.442884,0.649,0.7948
fleet,2022-03-21T13:00Z,03-21,0,0.997535,0,0,-0.457503,0.649,0.7948
fleet,2022-03-21T14:00Z,03-21,0,0.999352,0,0,-0.363137,0.649,0.7948
fleet,2022-03-21T15:00Z,03-21,0,0.998648,0,0,-0.0693517,0.649,0.7948
fleet,2022-03-21T16:00Z,03-21,0,0.998195,0,0,-0.23518,0.649,0.7948
fleet,2022-03-21T17:00Z,03-21,0,0.999136,0,0,-0.144437,0.649,0.7948
fleet,2022-03-21T18:00Z,03-21,0,0.998931,0,0,-0.131787,0.649,0.7948
fleet,2022-03-21T19:00Z,03-21,0,0.999089,0,0,-0.164943,0.649,0.7948
fleet,2022-03-21T20:00Z,03-21,0,0.998794,0,0,-0.0627914,0.649,0.7948
fleet,2022-03-21T21:00Z,03-21,0,1,0,0,-0.248106,0.649,0.7948
fleet,2022-03-21T22:00Z,03-21,0,0.999419,0,0,-0.32402,0.649,0.7948
fleet,2022-03-21T23:00Z,03-21,0,1,0,0,-0.415425,0.649,0.7948
fleet,2022-03-22T00:00Z,03-22,0,0.999605,0,0,-0.223058,0.3305,1.619
fleet,2022-03-22T01:00Z,03-22,0,0.999244,0,0,-0.305401,0.3305,1.619
fleet,2022-03-22T02:00Z,03-22,0,0.99905,0,0,-0.500941,0.3305,1.619
fleet,2022-03-22T03:00Z,03-22,0,0.999373,0,0,-0.611102,0.3305,1.619
fleet,2022-03-22T04:00Z,03-22,0,1,0,0,-0.515002,0.3305,1.619
fleet,2022-03-22T05:00Z,03-22,0,1,0,0,-0.604072,0.3305,1.619
fleet,2022-03-22T06:00Z,03-22,0,0.998561,0,0,-0.632714,0.3305,1.619
fleet,2022-03-22T07:00Z,03-22,0,0.999373,0,0,-0.679942,0.3305,1.619
fleet,2022-03-22T08:00Z,03-22,0,0.999605,0,0,-0.661651,0.3305,1.619
fleet,2022-03-22T09:00Z,03-22,0,0.998925,0,0,-0.543482,0.3305,1.619
fleet,2022-03-22T10:00Z,03-22,0,0.998882,0,0,-0.554482,0.3305,1.619
fleet,2022-03-22T11:00Z,03-22,0,0.998722,0,0,-0.362186,0.3305,1.619
fleet,2022-03-22T12:00Z,03-22,0,0.998047,0,0,-0.23685,0.3305,1.619
fleet,2022-03-22T13:00Z,03-22,0,0.999212,0,0,-0.108459,0.3305,1.619
fleet,2022-03-22T14:00Z,03-22,0,0.999513,0,0,0.15735,0.3305,1.619
fleet,2022-03-22T15:00Z,03-22,0,0.999156,0,0,0.37914,0.3305,1.619
fleet,2022-03-22T16:00Z,03-22,0,0.998302,0,0,0.323471,0.3305,1.619
fleet,2022-03-22T17:00Z,03-22,0,0.994055,0,0,0.593425,0.3305,1.619
fleet,2022-03-22T18:00Z,03-22,0,0.9942,0,0.125,1.5175,0.3305,1.619
fleet,2022-03-22T19:00Z,03-22,0,0.999107,0,0.0833333,1.70646,0.3305,1.619
fleet,2022-03-22T20:00Z,03-22,0,0.999261,0,0,0.927877,0.3305,1.619
fleet,2022-03-22T21:00Z,03-22,0,0.999164,0,0,0.544042,0.3305,1.619
fleet,2022-03-22T22:00Z,03-22,0,1,0,0,1.17486,0.3305,1.619
fleet,2022-03-22T23:00Z,03-22,0,0.999511,0,0,0.574049,0.3305,1.619
fleet,2022-03-23T00:00Z,03-23,7.71605e-05,0.999258,0,0,0.230615,1.048,2.993
fleet,2022-03-23T01:00Z,03-23,9.31099e-05,0.999166,0,0,0.104253,1.048,2.993
fleet,2022-03-23T02:00Z,03-23,0,0.999048,0,0,0.041298,1.048,2.993
fleet,2022-03-23T03:00Z,03-23,0,0.999582,0,0,0.511048,1.048,2.993
fleet,2022-03-23T04:00Z,03-23,0,0.999443,0,0,0.271219,1.048,2.993
fleet,2022-03-23T05:00Z,03-23,0,0.999259,0,0,-0.189977,1.048,2.993
fleet,2022-03-23T06:00Z,03-23,0,0.998701,0,0,-0.256174,1.048,2.993
fleet,2022-03-23T07:00Z,03-23,0,0.998817,0,0,-0.263349,1.048,2.993
fleet,2022-03-23T08:00Z,03-23,0,0.999467,0,0,-0.165033,1.048,2.993
fleet,2022-03-23T09:00Z,03-23,0,0.997656,0,0,-0.367227,1.048,2.993
fleet,2022-03-23T10:00Z,03-23,0,0.998177,0,0,-0.428801,1.048,2.993
fleet,2022-03-23T11:00Z,03-23,0,0.998411,0,0,-0.39637,1.048,2.993
fleet,2022-03-23T12:00Z,03-23,0,0.99893,0,0,-0.228883,1.048,2.993
fleet,2022-03-23T13:00Z,03-23,0,0.995307,0,0,0.533716,1.048,2.993
fleet,2022-03-23T14:00Z,03-23,0,0.99747,0,0,1.46142,1.048,2.993
fleet,2022-03-23T15:00Z,03-23,0,0.997214,0,0.333333,1.93503,1.048,2.993
fleet,2022-03-23T16:00Z,03-23,0,0.998227,0,0.583333,2.54312,1.048,2.993
fleet,2022-03-23T17:00Z,03-23,4.64253e-05,0.972747,17,0.333333,1.86999,1.048,2.993
fleet,2022-03-23T18:00Z,03-23,0,0.965448,19.5,1,3.9896,1.048,2.993
fleet,2022-03-23T19:00Z,03-23,0,0.992054,0,1,14.6523,1.048,2.993
fleet,2022-03-23T20:00Z,03-23,0,0.999327,0,1,26.0004,1.048,2.993
fleet,2022-03-23T21:00Z,03-23,0,0.999651,0,1,22.883,1.048,2.993
fleet,2022-03-23T22:00Z,03-23,0,0.99937,0,1,21.8933,1.048,2.993
fleet,2022-03-23T23:00Z,03-23,0,0.999883,0,1,19.2539,1.048,2.993
fleet,2022-03-24T00:00Z,03-24,0,0.999396,0,1,16.655,1.696,2.599
fleet,2022-03-24T01:00Z,03-24,0,0.999396,0,1,12.6791,1.696,2.599
fleet,2022-03-24T02:00Z,03-24,0,1,0,1,9.73356,1.696,2.599
fleet,2022-03-24T03:00Z,03-24,0,0.999396,0,1,6.5804,1.696,2.599
fleet,2022-03-24T04:00Z,03-24,0,0.999606,0,0.666667,4.40344,1.696,2.599
fleet,2022-03-24T05:00Z,03-24,0,0.999188,0,0.5,2.75743,1.696,2.599
fleet,2022-03-24T06:00Z,03-24,0,0.999116,0,0.4,2.13241,1.696,2.599
fleet,2022-03-24T07:00Z,03-24,0,1,0,0,1.07899,1.696,2.599
fleet,2022-03-24T08:00Z,03-24,0,0.999675,0,0,1.36503,1.696,2.599
fleet,2022-03-24T09:00Z,03-24,0,0.998979,0,0,0.476165,1.696,2.599
fleet,2022-03-24T10:00Z,03-24,0,0.996554,0,0,0.56397,1.696,2.599
fleet,2022-03-24T11:00Z,03-24,0,0.997076,0,0,0.726799,1.696,2.599
fleet,2022-03-24T12:00Z,03-24,0,0.997471,0,0,0.701757,1.696,2.599
fleet,2022-03-24T13:00Z,03-24,0,0.998508,0,0,0.85138,1.696,2.599
fleet,2022-03-24T14:00Z,03-24,0,0.999511,0,0,1.30251,1.696,2.599
fleet,2022-03-24T15:00Z,03-24,0,0.998326,0,0,1.37423,1.696,2.599
fleet,2022-03-24T16:00Z,03-24,0,0.999861,0,0,1.10408,1.696,2.599
fleet,2022-03-24T17:00Z,03-24,0,0.998861,0,0,1.05594,1.696,2.599
fleet,2022-03-24T18:00Z,03-24,0,0.997059,0,0.166667,1.32279,1.696,2.599
fleet,2022-03-24T19:00Z,03-24,0,0.921856,0,1,4.67373,1.696,2.599
fleet,2022-03-24T20:00Z,03-24,0,0.907171,0,1,4.1636,1.696,2.599
fleet,2022-03-24T21:00Z,03-24,0,0.909091,0,1,6.43354,1.696,2.599
fleet,2022-03-24T22:00Z,03-24,0,0.908943,0,1,6.22293,1.696,2.599
fleet,2022-03-24T23:00Z,03-24,0,0.909091,0,1,5.61521,1.696,2.599
fleet,2022-03-25T00:00Z,03-25,0,0.909091,0,1,5.18255,1.216,2.082
fleet,2022-03-25T01:00Z,03-25,0,0.90871,0,0.583333,3.83823,1.216,2.082
fleet,2022-03-25T02:00Z,03-25,0,0.908922,0,0.5,2.30074,1.216,2.082
fleet,2022-03-25T03:00Z,03-25,0,0.90869,0,0,0.795555,1.216,2.082
fleet,2022-03-25T04:00Z,03-25,0,0.908985,0,0,0.230992,1.216,2.082
fleet,2022-03-25T05:00Z,03-25,0,0.908648,0,0,0.183369,1.216,2.082
fleet,2022-03-25T06:00Z,03-25,0,0.908584,0,0,-0.234753,1.216,2.082
fleet,2022-03-25T07:00Z,03-25,0,0.909091,0,0,-0.291529,1.216,2.082
fleet,2022-03-25T08:00Z,03-25,0,0.908543,0,0,-0.0627702,1.216,2.082
fleet,2022-03-25T09:00Z,03-25,0,0.908226,0,0,0.120876,1.216,2.082
fleet,2022-03-25T10:00Z,03-25,0,0.907803,0,0,-0.345088,1.216,2.082
fleet,2022-03-25T11:00Z,03-25,0,0.908373,0,0,-0.451699,1.216,2.082
fleet,2022-03-25T12:00Z,03-25,0,0.908076,0,0,0.268093,1.216,2.082
fleet,2022-03-25T13:00Z,03-25,0,0.908353,0,0,0.731546,1.216,2.082
fleet,2022-03-25T14:00Z,03-25,0,0.908056,0,0.0833333,1.38748,1.216,2.082
fleet,2022-03-25T15:00Z,03-25,0,0.899584,0,0.666667,2.18916,1.216,2.082
fleet,2022-03-25T16:00Z,03-25,4.29221e-05,0.900147,19.5,0.916667,3.2327,1.216,2.082
fleet,2022-03-25T17:00Z,03-25,0,0.908282,0,0.583333,2.63463,1.216,2.082
fleet,2022-03-25T18:00Z,03-25,0,0.908395,0,0.75,2.43806,1.216,2.082
fleet,2022-03-25T19:00Z,03-25,0,0.907466,0,1,6.18717,1.216,2.082
fleet,2022-03-25T20:00Z,03-25,0.000126614,0.908753,0,1,6.00265,1.216,2.082
fleet,2022-03-25T21:00Z,03-25,0.000105512,0.908437,0,1,5.76957,1.216,2.082
fleet,2022-03-25T22:00Z,03-25,0,0.9085,0,1,4.60235,1.216,2.082
fleet,2022-03-25T23:00Z,03-25,0,0.908289,0,1,4.28735,1.216,2.082
fleet,2022-03-26T00:00Z,03-26,0,0.90751,0,0.833333,8.22345,0.731,1.751
fleet,2022-03-26T01:00Z,03-26,0,0.908838,0,1,9.30172,0.731,1.751
fleet,2022-03-26T02:00Z,03-26,0,0.908121,0,0.75,6.87189,0.731,1.751
fleet,2022-03-26T03:00Z,03-26,0,0.909091,0,0.5,2.90689,0.731,1.751
fleet,2022-03-26T04:00Z,03-26,0,0.90772,0,0.0833333,0.66053,0.731,1.751
fleet,2022-03-26T05:00Z,03-26,0,0.908669,0,0,0.0465804,0.731,1.751
fleet,2022-03-26T06:00Z,03-26,0,0.906917,0,0,-0.195896,0.731,1.751
fleet,2022-03-26T07:00Z,03-26,0,0.908057,0,0,0.501017,0.731,1.751
fleet,2022-03-26T08:00Z,03-26,0,0.907424,0,0,0.288415,0.731,1.751
fleet,2022-03-26T09:00Z,03-26,0,0.90907,0,0,-0.343468,0.731,1.751
fleet,2022-03-26T10:00Z,03-26,0,0.908373,0,0,-0.245023,0.731,1.751
fleet,2022-03-26T11:00Z,03-26,0,0.90888,0,0,-0.100227,0.731,1.751
fleet,2022-03-26T12:00Z,03-26,0,0.908416,0,0,0.0636137,0.731,1.751
fleet,2022-03-26T13:00Z,03-26,0,0.908395,0,0,0.642963,0.731,1.751
fleet,2022-03-26T14:00Z,03-26,0,0.908838,0,0,1.14422,0.731,1.751
fleet,2022-03-26T15:00Z,03-26,0,0.908838,0,0,1.39571,0.731,1.751
fleet,2022-03-26T16:00Z,03-26,0,0.908796,0,0,1.41376,0.731,1.751
fleet,2022-03-26T17:00Z,03-26,2.10438e-05,0.89711,8.5,0.416667,1.6439,0.731,1.751
fleet,2022-03-26T18:00Z,03-26,0,0.900608,0,1,3.37941,0.731,1.751
fleet,2022-03-26T19:00Z,03-26,0,0.908078,0,1,4.51818,0.731,1.751
fleet,2022-03-26T20:00Z,03-26,0,0.908521,0,1,4.64624,0.731,1.751
fleet,2022-03-26T21:00Z,03-26,0,0.909091,0,1,4.70256,0.731,1.751
fleet,2022-03-26T22:00Z,03-26,0,0.90848,0,0.75,3.74455,0.731,1.751
fleet,2022-03-26T23:00Z,03-26,0,0.908542,0,1,4.02743,0.731,1.751
fleet,2022-03-27T00:00Z,03-27,0,0.908648,0,0.75,3.88887,0.8015,0.7797
fleet,2022-03-27T01:00Z,03-27,0,0.909091,0,0.5,3.73369,0.8015,0.7797
fleet,2022-03-27T02:00Z,03-27,0,0.909091,0,0.5,2.66267,0.8015,0.7797
fleet,2022-03-27T03:00Z,03-27,0,0.908395,0,0.5,1.78212,0.8015,0.7797
fleet,2022-03-27T04:00Z,03-27,0,0.909091,0,0,1.22065,0.8015,0.7797
fleet,2022-03-27T05:00Z,03-27,0,0.908416,0,0,0.487514,0.8015,0.7797
fleet,2022-03-27T06:00Z,03-27,0,0.908311,0,0,-0.163566,0.8015,0.7797
fleet,2022-03-27T07:00Z,03-27,0,0.90907,0,0,-0.131717,0.8015,0.7797
fleet,2022-03-27T08:00Z,03-27,0,0.90848,0,0,-0.157234,0.8015,0.7797
fleet,2022-03-27T09:00Z,03-27,0,0.908774,0,0,-0.104594,0.8015,0.7797
fleet,2022-03-27T10:00Z,03-27,0,0.906935,0,0,-0.0937878,0.8015,0.7797
fleet,2022-03-27T11:00Z,03-27,0,0.907804,0,0,0.296131,0.8015,0.7797
fleet,2022-03-27T12:00Z,03-27,0,0.908079,0,0,0.287834,0.8015,0.7797
fleet,2022-03-27T13:00Z,03-27,0,0.908352,0,0,1.44711,0.8015,0.7797
fleet,2022-03-27T14:00Z,03-27,0,0.908395,0,0,1.60491,0.8015,0.7797
fleet,2022-03-27T15:00Z,03-27,0,0.908458,0,0,1.59892,0.8015,0.7797
fleet,2022-03-27T16:00Z,03-27,0,0.908479,0,0,1.41618,0.8015,0.7797
fleet,2022-03-27T17:00Z,03-27,0,0.908606,0,0.0833333,1.71484,0.8015,0.7797
fleet,2022-03-27T18:00Z,03-27,0,0.9081,0,0.5,2.19828,0.8015,0.7797
fleet,2022-03-27T19:00Z,03-27,0,0.909091,0,0,1.91422,0.8015,0.7797
fleet,2022-03-27T20:00Z,03-27,0,0.90869,0,0.166667,1.32108,0.8015,0.7797
fleet,2022-03-27T21:00Z,03-27,0,0.908395,0,0,1.12345,0.8015,0.7797
fleet,2022-03-27T22:00Z,03-27,0,0.908606,0,0,0.428061,0.8015,0.7797
fleet,2022-03-27T23:00Z,03-27,0,0.908817,0,0,0.0237465,0.8015,0.7797
fleet,2022-03-28T00:00Z,03-28,0,0.908733,0,0,-0.243824,0.508,1.131
fleet,2022-03-28T01:00Z,03-28,0,0.909091,0,0,-0.344434,0.508,1.131
fleet,2022-03-28T02:00Z,03-28,0,0.909091,0,0,-0.402646,0.508,1.131
fleet,2022-03-28T03:00Z,03-28,0,0.909091,0,0,-0.440289,0.508,1.131
fleet,2022-03-28T04:00Z,03-28,0,0.908711,0,0,-0.4775,0.508,1.131
fleet,2022-03-28T05:00Z,03-28,0,0.908985,0,0,-0.541719,0.508,1.131
fleet,2022-03-28T06:00Z,03-28,0,0.908585,0,0,-0.659272,0.508,1.131
fleet,2022-03-28T07:00Z,03-28,0,0.908669,0,0,-0.605262,0.508,1.131
fleet,2022-03-28T08:00Z,03-28,0,0.907888,0,0,-0.610745,0.508,1.131
fleet,2022-03-28T09:00Z,03-28,0,0.908499,0,0,-0.595877,0.508,1.131
fleet,2022-03-28T10:00Z,03-28,0,0.9081,0,0,-0.612318,0.508,1.131
fleet,2022-03-28T11:00Z,03-28,0,0.907867,0,0,-0.598084,0.508,1.131
fleet,2022-03-28T12:00Z,03-28,0,0.908057,0,0,-0.608305,0.508,1.131
fleet,2022-03-28T13:00Z,03-28,0,0.908266,0,0,-0.266577,0.508,1.131
fleet,2022-03-28T14:00Z,03-28,0,0.908415,0,0,0.0830327,0.508,1.131
fleet,2022-03-28T15:00Z,03-28,0,0.908795,0,0,-0.0357156,0.508,1.131
fleet,2022-03-28T16:00Z,03-28,0,0.909091,0,0,-0.248193,0.508,1.131
fleet,2022-03-28T17:00Z,03-28,0,0.908733,0,0,0.119111,0.508,1.131
fleet,2022-03-28T18:00Z,03-28,9.10001e-05,0.907867,0,0,0.348471,0.508,1.131
fleet,2022-03-28T19:00Z,03-28,0.000364637,0.90772,0,0,0.344348,0.508,1.131
fleet,2022-03-28T20:00Z,03-28,0,0.908058,0,0,0.133561,0.508,1.131
fleet,2022-03-28T21:00Z,03-28,0,0.908627,0,0,-0.0658961,0.508,1.131
fleet,2022-03-28T22:00Z,03-28,0,0.907573,4.5,0,-0.233876,0.508,1.131
fleet,2022-03-28T23:00Z,03-28,0,0.908015,0,0,-0.390291,0.508,1.131
fleet,2022-03-29T00:00Z,03-29,0,0.908795,0,0,-0.545187,0.32,0.783
fleet,2022-03-29T01:00Z,03-29,0,0.909091,0,0,-0.65586,0.32,0.783
fleet,2022-03-29T02:00Z,03-29,0,0.908542,0,0,-0.662123,0.32,0.783
fleet,2022-03-29T03:00Z,03-29,0,0.908015,0,0,-0.640043,0.32,0.783
fleet,2022-03-29T04:00Z,03-29,0,0.908985,0,0,-0.53221,0.32,0.783
fleet,2022-03-29T05:00Z,03-29,0,0.908226,0,0,-0.601132,0.32,0.783
fleet,2022-03-29T06:00Z,03-29,0,0.908099,0,0,-0.619103,0.32,0.783
fleet,2022-03-29T07:00Z,03-29,0,0.907888,0,0,-0.689122,0.32,0.783
fleet,2022-03-29T08:00Z,03-29,0,0.908851,0,0,-0.707602,0.32,0.783
fleet,2022-03-29T09:00Z,03-29,0,0.908478,0,0,-0.70069,0.32,0.783
fleet,2022-03-29T10:00Z,03-29,0,0.907987,0,0,-0.688143,0.32,0.783
fleet,2022-03-29T11:00Z,03-29,0,0.908964,0,0,-0.614344,0.32,0.783
fleet,2022-03-29T12:00Z,03-29,0,0.909091,0,0,-0.628349,0.32,0.783
fleet,2022-03-29T13:00Z,03-29,0,0.908711,0,0,-0.552287,0.32,0.783
fleet,2022-03-29T14:00Z,03-29,0,0.909091,0,0,-0.51272,0.32,0.783
fleet,2022-03-29T15:00Z,03-29,0,0.909091,0,0,-0.453492,0.32,0.783
fleet,2022-03-29T16:00Z,03-29,0,0.908558,0,0,-0.501859,0.32,0.783
fleet,2022-03-29T17:00Z,03-29,0,0.908609,0,0,-0.552019,0.32,0.783
fleet,2022-03-29T18:00Z,03-29,0,0.90831,0,0,-0.670877,0.32,0.783
fleet,2022-03-29T19:00Z,03-29,0,0.908206,0,0,-0.701325,0.32,0.783
fleet,2022-03-29T20:00Z,03-29,0,0.908563,0,0,-0.610608,0.32,0.783
fleet,2022-03-29T21:00Z,03-29,0,0.909091,0,0,-0.611988,0.32,0.783
fleet,2022-03-29T22:00Z,03-29,0,0.908564,0,0,-0.606716,0.32,0.783
fleet,2022-03-29T23:00Z,03-29,0,0.909091,0,0,-0.689692,0.32,0.783
fleet,2022-03-30T00:00Z,03-30,0,0.909091,0,0,-0.688355,-0.172,1.268
fleet,2022-03-30T01:00Z,03-30,0,0.908774,0,0,-0.689445,-0.172,1.268
fleet,2022-03-30T02:00Z,03-30,0,0.909091,0,0,-0.691063,-0.172,1.268
fleet,2022-03-30T03:00Z,03-30,0,0.909091,0,0,-0.694423,-0.172,1.268
fleet,2022-03-30T04:00Z,03-30,0,0.909091,0,0,-0.695811,-0.172,1.268
fleet,2022-03-30T05:00Z,03-30,0,0.908733,0,0,-0.696,-0.172,1.268
fleet,2022-03-30T06:00Z,03-30,0,0.908124,0,0,-0.664126,-0.172,1.268
fleet,2022-03-30T07:00Z,03-30,0,0.908162,0,0,-0.679914,-0.172,1.268
fleet,2022-03-30T08:00Z,03-30,0,0.907909,0,0,-0.666147,-0.172,1.268
fleet,2022-03-30T09:00Z,03-30,0,0.908015,0,0,-0.671984,-0.172,1.268
fleet,2022-03-30T10:00Z,03-30,0,0.908669,0,0,-0.710642,-0.172,1.268
fleet,2022-03-30T11:00Z,03-30,0,0.907965,0,0,-0.755419,-0.172,1.268
fleet,2022-03-30T12:00Z,03-30,0,0.908308,0,0,-0.759648,-0.172,1.268
fleet,2022-03-30T13:00Z,03-30,0,0.907781,0,0,-0.699555,-0.172,1.268
fleet,2022-03-30T14:00Z,03-30,0,0.908332,0,0,-0.527307,-0.172,1.268
fleet,2022-03-30T15:00Z,03-30,0,0.907931,0,0,-0.44715,-0.172,1.268
fleet,2022-03-30T16:00Z,03-30,0,0.906473,0,0,-0.208163,-0.172,1.268
fleet,2022-03-30T17:00Z,03-30,0,0.907291,45.5,0,0.188026,-0.172,1.268
fleet,2022-03-30T18:00Z,03-30,0,0.90888,0,0,-0.0367116,-0.172,1.268
fleet,2022-03-30T19:00Z,03-30,0,0.983607,0,0,-0.186331,-0.172,1.268
fleet,2022-03-30T20:00Z,03-30,0.046875,0.873056,0,0,-0.371977,-0.172,1.268
fleet,2022-03-30T21:00Z,03-30,0,0.908648,0,0,-0.420406,-0.172,1.268
fleet,2022-03-30T22:00Z,03-30,0,0.9085,0,0,-0.596352,-0.172,1.268
fleet,2022-03-30T23:00Z,03-30,0,0.908331,0,0,-0.660191,-0.172,1.268
fleet,2022-03-31T00:00Z,03-31,0,0.909091,0,0,-0.595087,-0.0685,0.9207
fleet,2022-03-31T01:00Z,03-31,0,0.908964,0,0,-0.590091,-0.0685,0.9207
fleet,2022-03-31T02:00Z,03-31,0,0.909091,0,0,-0.622447,-0.0685,0.9207
fleet,2022-03-31T03:00Z,03-31,0,0.908732,0,0,-0.697619,-0.0685,0.9207
fleet,2022-03-31T04:00Z,03-31,0,0.909091,0,0,-0.635461,-0.0685,0.9207
fleet,2022-03-31T05:00Z,03-31,0,0.908246,0,0,-0.569495,-0.0685,0.9207
fleet,2022-03-31T06:00Z,03-31,0,0.908101,0,0,-0.606571,-0.0685,0.9207
fleet,2022-03-31T07:00Z,03-31,0,0.907341,0,0,-0.594518,-0.0685,0.9207
fleet,2022-03-31T08:00Z,03-31,0,0.907677,0,0,-0.508447,-0.0685,0.9207
fleet,2022-03-31T09:00Z,03-31,0,0.908074,0,0,-0.367688,-0.0685,0.9207
fleet,2022-03-31T10:00Z,03-31,0,0.907087,0,0,-0.408795,-0.0685,0.9207
fleet,2022-03-31T11:00Z,03-31,0,0.903705,12.75,0,-0.318673,-0.0685,0.9207
fleet,2022-03-31T12:00Z,03-31,0,0.904566,11.5,0,-0.276853,-0.0685,0.9207
fleet,2022-03-31T13:00Z,03-31,0,0.906219,0,0,-0.232342,-0.0685,0.9207
fleet,2022-03-31T14:00Z,03-31,0,0.901321,0,0,-0.141937,-0.0685,0.9207
fleet,2022-03-31T15:00Z,03-31,0,0.897448,0,0,0.317664,-0.0685,0.9207
fleet,2022-03-31T16:00Z,03-31,0,0.905386,0,0,-0.0147622,-0.0685,0.9207
fleet,2022-03-31T17:00Z,03-31,0,0.906856,0,0,-0.19851,-0.0685,0.9207
fleet,2022-03-31T18:00Z,03-31,0,0.907783,0,0,-0.182234,-0.0685,0.9207
fleet,2022-03-31T19:00Z,03-31,0.000337638,0.907403,0,0,-0.0330214,-0.0685,0.9207
fleet,2022-03-31T20:00Z,03-31,0,0.908373,0,0,-0.0955584,-0.0685,0.9207
fleet,2022-03-31T21:00Z,03-31,0,0.908584,0,0,-0.168043,-0.0685,0.9207
fleet,2022-03-31T22:00Z,03-31,0,0.908668,0,0,-0.150073,-0.0685,0.9207
fleet,2022-03-31T23:00Z,03-31,0,0.908585,0,0,-0.276986,-0.0685,0.9207
