device,windowEnd,alarm,coarse_missing_sec,rounds_in_range,max_gap_sec
A,1648149660,1,0,,
A,1648150260,1,0,,
A,1648150860,1,0,,
A,1648151460,1,0,,
A,1648152060,1,0,,
A,1648152660,1,0,,
A,1648153260,1,0,,
A,1648153860,1,0,,
A,1648154460,1,0,,
A,1648155060,1,0,,
A,1648155660,1,0,,
A,1648156260,1,0,,
A,1648156920,1,60,,
A,1648157520,1,0,,
A,1648158120,1,0,,
A,1648158720,1,0,,
A,1648159320,1,0,,
A,1648159920,1,0,,
A,1648160520,1,0,,
A,1648161120,1,0,,
A,1648161720,1,0,,
A,1648162320,1,0,,
A,1648162920,1,0,,
A,1648163520,1,0,,
A,1648164120,1,0,,
A,1648164720,1,0,,
A,1648165320,1,0,,
A,1648165920,1,0,,
A,1648166520,1,0,,
A,1648167120,1,0,,
A,1648167720,0,0,,
A,1648168320,0,0,,
A,1648168920,0,0,,
A,1648169520,0,0,,
A,1648170120,0,0,,
A,1648170720,0,0,,
A,1648171320,0,0,,
A,1648171920,0,0,,
A,1648172520,0,0,,
A,1648173120,0,0,,
A,1648173720,0,0,,
A,1648174320,0,0,,
A,1648174920,0,0,,
A,1648175520,0,0,,
A,1648176120,0,0,,
A,1648176720,0,0,,
A,1648177320,0,0,,
A,1648177920,0,0,,
A,1648178520,0,0,,
A,1648179120,0,0,,
A,1648179720,0,0,,
A,1648180320,0,0,,
A,1648180920,0,0,,
A,1648181520,0,0,,
A,1648182120,0,0,,
A,1648182780,0,60,,
A,1648183380,0,0,,
A,1648183980,0,0,,
A,1648184580,0,0,,
A,1648185180,0,0,,
A,1648185780,0,0,,
A,1648186380,0,0,,
A,1648186980,0,0,,
A,1648187580,0,0,,
A,1648188180,0,0,,
A,1648188780,0,0,,
A,1648189380,0,0,,
A,1648189980,0,0,,
A,1648190580,0,0,,
A,1648191180,0,0,,
A,1648191780,0,0,,
A,1648192380,0,0,,
A,1648192980,0,0,,
A,1648193580,0,0,,
A,1648194180,0,0,,
A,1648194780,0,0,,
A,1648195380,0,0,,
A,1648195980,0,0,,
A,1648196580,0,0,,
A,1648197180,0,0,,
A,1648197780,0,0,,
A,1648198380,0,0,,
A,1648198980,0,0,,
A,1648199580,0,0,,
A,1648200180,0,0,,
A,1648200780,0,0,,
A,1648201380,0,0,,
A,1648201980,0,0,,
A,1648202640,0,60,,
A,1648203240,0,0,,
A,1648203840,0,0,,
A,1648204440,0,0,,
A,1648205040,0,0,,
A,1648205640,0,0,,
A,1648206240,0,0,,
A,1648206840,0,0,,
A,1648207440,0,0,,
A,1648208040,0,0,,
A,1648208640,0,0,,
A,1648209240,0,0,,
A,1648209840,0,0,,
A,1648210440,0,0,,
A,1648211040,0,0,,
A,1648211640,0,0,,
A,1648212240,0,0,,
A,1648212840,0,0,,
A,1648213440,0,0,,
A,1648214040,0,0,,
A,1648214640,0,0,,
A,1648215300,0,60,,
A,1648215900,0,0,,
A,1648216500,0,0,,
A,1648217100,0,0,,
A,1648217700,0,0,,
A,1648218300,0,0,,
A,1648218900,0,0,,
A,1648219500,0,0,,
A,1648220100,0,0,,
A,1648220700,0,0,,
A,1648221300,0,0,,
A,1648221900,0,0,,
A,1648222500,0,0,,
A,1648223100,1,0,,
A,1648223700,1,0,,
A,1648224300,1,0,,
A,1648224960,1,60,,
A,1648225560,1,0,,
A,1648226220,1,60,,
A,1648226820,1,0,,
A,1648227420,1,0,,
A,1648228020,1,0,,
A,1648228620,1,0,,
A,1648229220,1,0,,
A,1648229820,1,0,,
A,1648230420,1,0,,
A,1648231020,1,0,,
A,1648231620,1,0,,
A,1648232220,0,0,,
A,1648232820,0,0,,
A,1648233420,0,0,,
A,1648234020,1,0,,
A,1648234620,1,0,,
A,1648235220,1,0,,
A,1648235820,1,0,,
A,1648236420,1,0,,
A,1648237020,1,0,,
A,1648237620,1,0,,
A,1648238220,1,0,,
A,1648238820,1,0,,
A,1648239420,1,0,,
A,1648240020,1,0,,
A,1648240680,1,60,,
A,1648241280,1,0,,
A,1648241880,1,0,,
A,1648242480,1,0,,
A,1648243080,1,0,,
A,1648243680,1,0,,
A,1648244280,1,0,,
A,1648244880,1,0,,
A,1648245480,1,0,,
A,1648246080,1,0,,
A,1648246680,1,0,,
A,1648247280,1,0,,
A,1648247880,1,0,,
A,1648248480,1,0,,
A,1648249080,1,0,,
A,1648249680,1,0,,
A,1648250280,1,0,,
A,1648250880,1,0,,
A,1648251480,1,0,,
A,1648252080,1,0,,
A,1648252680,1,0,,
A,1648253280,1,0,,
A,1648253880,0,0,,
A,1648254480,0,0,,
A,1648255080,0,0,,
A,1648255680,1,0,,
A,1648256280,0,0,,
A,1648256880,0,0,,
A,1648257480,0,0,,
A,1648258080,0,0,,
A,1648258680,0,0,,
A,1648259280,0,0,,
A,1648259880,0,0,,
A,1648260480,0,0,,
A,1648261080,0,0,,
A,1648261680,0,0,,
A,1648262280,0,0,,
A,1648262880,0,0,,
A,1648263480,0,0,,
A,1648264080,0,0,,
A,1648264680,0,0,,
A,1648265280,0,0,,
A,1648265880,0,0,,
A,1648266480,0,0,,
A,1648267140,0,60,,
A,1648267740,0,0,,
A,1648268340,0,0,,
A,1648268940,0,0,,
A,1648269540,0,0,,
A,1648270140,0,0,,
A,1648270740,0,0,,
A,1648271340,0,0,,
A,1648271940,0,0,,
A,1648272540,0,0,,
A,1648273140,0,0,,
A,1648273740,0,0,,
A,1648274340,0,0,,
A,1648274940,0,0,,
A,1648275540,0,0,,
A,1648276140,0,0,,
A,1648276740,0,0,,
A,1648277340,0,0,,
A,1648277940,0,0,,
A,1648278540,0,0,,
A,1648279140,0,0,,
A,1648279740,0,0,,
A,1648280340,0,0,,
A,1648280940,0,0,,
A,1648281540,0,0,,
A,1648282140,0,0,,
A,1648282740,0,0,,
A,1648283340,0,0,,
A,1648283940,0,0,,
A,1648284540,0,0,,
A,1648285140,0,0,,
A,1648285740,0,0,,
A,1648286340,0,0,,
A,1648286940,0,0,,
A,1648287540,0,0,,
A,1648288140,0,0,,
A,1648288740,0,0,,
A,1648289340,0,0,,
A,1648289940,0,0,,
A,1648290540,0,0,,
A,1648291140,0,0,,
A,1648291740,0,0,,
A,1648292340,0,0,,
A,1648293000,0,60,,
A,1648293600,0,0,,
A,1648294200,0,0,,
A,1648294800,0,0,,
A,1648295400,0,0,,
A,1648296000,0,0,,
A,1648296600,0,0,,
A,1648297200,0,0,,
A,1648297800,0,0,,
A,1648298400,0,0,,
A,1648299000,0,0,,
A,1648299600,0,0,,
A,1648300200,0,0,,
A,1648300800,0,0,,
A,1648301400,0,0,,
A,1648302000,0,0,,
A,1648302600,0,0,,
A,1648303200,0,0,,
A,1648303800,0,0,,
A,1648304400,0,0,,
A,1648305000,0,0,,
A,1648305600,0,0,,
A,1648306200,0,0,,
A,1648306800,0,0,,
A,1648307400,0,0,,
A,1648308000,0,0,,
A,1648308600,0,0,,
A,1648309200,0,0,,
A,1648309800,0,0,,
A,1648310400,0,0,,
A,1648311060,0,60,,
A,1648311660,0,0,,
A,1648312260,0,0,,
A,1648312860,0,0,,
A,1648313460,0,0,,
A,1648314060,0,0,,
A,1648314660,0,0,,
A,1648315260,0,0,,
A,1648315860,1,0,,
A,1648316460,1,0,,
A,1648317060,1,0,,
A,1648317660,1,0,,
A,1648318260,1,0,,
A,1648318860,1,0,,
A,1648319460,1,0,,
A,1648320060,1,0,,
A,1648320660,1,0,,
A,1648321260,1,0,,
A,1648321860,0,0,,
A,1648322460,0,0,,
A,1648323060,0,0,,
A,1648323660,0,0,,
A,1648324260,0,0,,
A,1648324860,0,0,,
A,1648325460,0,0,,
A,1648326060,0,0,,
A,1648326660,0,0,,
A,1648327260,0,0,,
A,1648327860,0,0,,
A,1648328460,0,0,,
A,1648329060,0,0,,
A,1648329660,0,0,,
A,1648330260,0,0,,
A,1648330860,0,0,,
A,1648331460,0,0,,
A,1648332060,0,0,,
A,1648332660,0,0,,
A,1648333260,0,0,,
A,1648333860,0,0,,
A,1648334460,1,0,,
A,1648335060,1,0,,
A,1648335660,1,0,,
A,1648336260,1,0,,
A,1648336860,1,0,,
A,1648337460,1,0,,
A,1648338120,1,60,,
A,1648338720,1,0,,
A,1648339320,0,0,,
A,1648339920,0,0,,
A,1648340520,0,0,,
A,1648341120,0,0,,
A,1648341720,0,0,,
A,1648342320,0,0,,
A,1648342920,0,0,,
A,1648343520,0,0,,
A,1648344120,0,0,,
A,1648344720,0,0,,
A,1648345320,0,0,,
A,1648345920,0,0,,
A,1648346520,0,0,,
A,1648347120,0,0,,
A,1648347720,0,0,,
A,1648348320,0,0,,
A,1648348920,0,0,,
A,1648349520,0,0,,
A,1648350120,0,0,,
A,1648350720,0,0,,
A,1648351320,0,0,,
A,1648351920,0,0,,
A,1648352520,0,0,,
A,1648353120,0,0,,
A,1648353720,0,0,,
A,1648354320,0,0,,
A,1648354920,0,0,,
A,1648355520,0,0,,
A,1648356120,0,0,,
A,1648356720,0,0,,
A,1648357320,0,0,,
A,1648357920,0,0,,
A,1648358520,0,0,,
A,1648359120,0,0,,
A,1648359720,0,0,,
A,1648360320,0,0,,
A,1648360920,0,0,,
A,1648361520,0,0,,
A,1648362120,0,0,,
A,1648362720,0,0,,
A,1648363320,0,0,,
A,1648363920,0,0,,
A,1648364520,0,0,,
A,1648365180,0,60,,
A,1648365780,0,0,,
A,1648366380,0,0,,
A,1648366980,0,0,,
A,1648367580,0,0,,
A,1648368180,0,0,,
A,1648368780,0,0,,
A,1648369380,0,0,,
A,1648369980,0,0,,
A,1648370580,0,0,,
A,1648371180,0,0,,
A,1648371780,0,0,,
A,1648372380,0,0,,
A,1648372980,0,0,,
A,1648373580,0,0,,
A,1648374180,0,0,,
A,1648374780,0,0,,
A,1648375380,0,0,,
A,1648375980,0,0,,
A,1648376580,0,0,,
A,1648377180,0,0,,
A,1648377780,0,0,,
A,1648378380,0,0,,
A,1648378980,0,0,,
A,1648379580,0,0,,
A,1648380180,0,0,,
A,1648380780,0,0,,
A,1648381380,0,0,,
A,1648381980,0,0,,
A,1648382580,0,0,,
A,1648383180,0,0,,
A,1648383780,0,0,,
A,1648384380,0,0,,
A,1648384980,0,0,,
A,1648385580,0,0,,
A,1648386180,0,0,,
A,1648386840,0,60,,
A,1648387440,0,0,,
A,1648388040,0,0,,
A,1648388640,0,0,,
A,1648389240,0,0,,
A,1648389840,0,0,,
A,1648390440,0,0,,
A,1648391040,0,0,,
A,1648391640,0,0,,
A,1648392240,0,0,,
A,1648392840,0,0,,
A,1648393440,0,0,,
A,1648394040,0,0,,
A,1648394640,0,0,,
A,1648395240,0,0,,
A,1648395840,0,0,,
A,1648396440,0,0,,
A,1648397040,0,0,,
A,1648397640,0,0,,
A,1648398240,0,0,,
A,1648398840,0,0,,
A,1648399440,0,0,,
A,1648400040,0,0,,
A,1648400640,0,0,,
A,1648401240,0,0,,
A,1648401840,0,0,,
A,1648402440,0,0,,
A,1648403040,0,0,,
A,1648403640,0,0,,
A,1648404240,0,0,,
A,1648404840,0,0,,
A,1648405440,0,0,,
A,1648406040,0,0,,
A,1648406640,0,0,,
A,1648407240,0,0,,
A,1648407840,0,0,,
A,1648408440,0,0,,
A,1648409040,0,0,,
A,1648409640,0,0,,
A,1648410240,0,0,,
A,1648410840,0,0,,
A,1648411440,0,0,,
A,1648412040,0,0,,
A,1648412640,0,0,,
A,1648413300,0,60,,
A,1648413900,1,0,,
A,1648414500,1,0,,
A,1648415100,1,0,,
A,1648415700,1,0,,
A,1648416300,1,0,,
A,1648416900,1,0,,
A,1648417500,0,0,,
A,1648418100,0,0,,
A,1648418700,0,0,,
A,1648419300,0,0,,
A,1648419900,0,0,,
A,1648420500,0,0,,
A,1648421100,0,0,,
A,1648421700,0,0,,
A,1648422300,0,0,,
A,1648422900,0,0,,
A,1648423500,0,0,,
A,1648424100,0,0,,
A,1648424700,0,0,,
A,1648425300,0,0,,
A,1648425900,0,0,,
A,1648426500,0,0,,
A,1648427100,0,0,,
A,1648427700,0,0,,
A,1648428300,0,0,,
A,1648428900,0,0,,
A,1648429500,0,0,,
A,1648430100,0,0,,
A,1648430700,0,0,,
A,1648431300,0,0,,
A,1648431900,0,0,,
A,1648432500,0,0,,
A,1648433100,0,0,,
A,1648433700,0,0,,
A,1648434300,0,0,,
A,1648434900,0,0,,
A,1648435500,0,0,,
A,1648436100,0,0,,
A,1648436700,0,0,,
A,1648437300,0,0,,
A,1648437900,0,0,,
A,1648438500,0,0,,
A,1648439100,0,0,,
A,1648439760,0,60,,
A,1648440360,0,0,,
A,1648440960,0,0,,
A,1648441560,0,0,,
A,1648442160,0,0,,
A,1648442760,0,0,,
A,1648443360,0,0,,
A,1648443960,0,0,,
A,1648444560,0,0,,
A,1648445160,0,0,,
A,1648445760,0,0,,
A,1648446360,0,0,,
A,1648446960,0,0,,
A,1648447560,0,0,,
A,1648448160,0,0,,
A,1648448760,0,0,,
A,1648449360,0,0,,
A,1648449960,0,0,,
A,1648450560,0,0,,
A,1648451160,0,0,,
A,1648451760,0,0,,
A,1648452360,0,0,,
A,1648452960,0,0,,
A,1648453560,0,0,,
A,1648454160,0,0,,
A,1648454760,0,0,,
A,1648455360,0,0,,
A,1648455960,0,0,,
A,1648456560,0,0,,
A,1648457160,0,0,,
A,1648457760,0,0,,
A,1648458360,0,0,,
A,1648458960,0,0,,
A,1648459560,0,0,,
A,1648460160,0,0,,
A,1648460760,0,0,,
A,1648461360,0,0,,
A,1648461960,0,0,,
A,1648462560,0,0,,
A,1648463160,0,0,,
A,1648463760,0,0,,
A,1648464360,0,0,,
A,1648464960,0,0,,
A,1648465560,0,0,,
A,1648466220,0,60,,
A,1648466820,0,0,,
A,1648467420,0,0,,
A,1648468020,0,0,,
A,1648468620,0,0,,
A,1648469220,0,0,,
A,1648469820,0,0,,
A,1648470420,0,0,,
A,1648471020,0,0,,
A,1648471620,0,0,,
A,1648472220,0,0,,
A,1648472820,0,0,,
A,1648473420,0,0,,
A,1648474020,0,0,,
A,1648474620,0,0,,
A,1648475220,0,0,,
A,1648475820,0,0,,
A,1648476420,0,0,,
A,1648477020,0,0,,
A,1648477620,0,0,,
A,1648478220,0,0,,
A,1648478820,0,0,,
A,1648479420,0,0,,
A,1648480020,0,0,,
A,1648480620,0,0,,
A,1648481280,0,60,,
A,1648481880,0,0,,
A,1648482480,0,0,,
A,1648483080,0,0,,
A,1648483680,0,0,,
A,1648484280,0,0,,
A,1648484880,0,0,,
A,1648485480,0,0,,
A,1648486080,0,0,,
A,1648486680,0,0,,
A,1648487280,0,0,,
A,1648487880,0,0,,
A,1648488480,0,0,,
A,1648489080,0,0,,
A,1648489680,0,0,,
A,1648490280,0,0,,
A,1648490880,0,0,,
A,1648491480,0,0,,
A,1648492080,0,0,,
A,1648492680,0,0,,
A,1648493280,0,0,,
A,1648493880,0,0,,
A,1648494480,0,0,,
A,1648495080,0,0,,
A,1648495680,0,0,,
A,1648496280,0,0,,
A,1648496880,0,0,,
A,1648497480,0,0,,
A,1648498080,0,0,,
A,1648498680,0,0,,
A,1648499280,0,0,,
A,1648499880,0,0,,
A,1648500480,0,0,,
A,1648501080,0,0,,
A,1648501680,0,0,,
A,1648502280,0,0,,
A,1648502880,0,0,,
A,1648503480,0,0,,
A,1648504080,0,0,,
A,1648504680,0,0,,
A,1648505280,0,0,,
A,1648505880,0,0,,
A,1648506480,0,0,,
A,1648507080,0,0,,
A,1648507680,0,0,,
A,1648508340,0,60,,
A,1648508940,0,0,,
A,1648509540,0,0,,
A,1648510140,0,0,,
A,1648510740,0,0,,
A,1648511340,0,0,,
A,1648511940,0,0,,
A,1648512540,0,0,,
A,1648513140,0,0,,
A,1648513740,0,0,,
A,1648514340,0,0,,
A,1648514940,0,0,,
A,1648515540,0,0,,
A,1648516140,0,0,,
A,1648516740,0,0,,
A,1648517340,0,0,,
A,1648517940,0,0,,
A,1648518540,0,0,,
A,1648519140,0,0,,
A,1648519740,0,0,,
A,1648520340,0,0,,
A,1648520940,0,0,,
A,1648521540,0,0,,
A,1648522140,0,0,,
A,1648522740,0,0,,
A,1648523340,0,0,,
A,1648523940,0,0,,
A,1648524540,0,0,,
A,1648525140,0,0,,
A,1648525740,0,0,,
A,1648526340,0,0,,
A,1648526940,0,0,,
A,1648527540,0,0,,
A,1648528140,0,0,,
A,1648528740,0,0,,
A,1648529340,0,0,,
A,1648529940,0,0,,
A,1648530600,0,60,,
A,1648531200,0,0,,
A,1648531800,0,0,,
A,1648532400,0,0,,
A,1648533000,0,0,,
A,1648533600,0,0,,
A,1648534200,0,0,,
A,1648534800,0,0,,
A,1648535400,0,0,,
A,1648536000,0,0,,
A,1648536600,0,0,,
A,1648537200,0,0,,
A,1648537800,0,0,,
A,1648538400,0,0,,
A,1648539000,0,0,,
A,1648539600,0,0,,
A,1648540200,0,0,,
A,1648540800,0,0,,
A,1648541400,0,0,,
A,1648542000,0,0,,
A,1648542600,0,0,,
A,1648543200,0,0,,
A,1648543800,0,0,,
A,1648544400,0,0,,
A,1648545000,0,0,,
A,1648545600,0,0,,
A,1648546200,0,0,,
A,1648546800,0,0,,
A,1648547460,0,60,,
A,1648548060,0,0,,
A,1648548660,0,0,,
A,1648549260,0,0,,
A,1648549860,0,0,,
A,1648550460,0,0,,
A,1648551060,0,0,,
A,1648551660,0,0,,
A,1648552260,0,0,,
A,1648552860,0,0,,
A,1648553460,0,0,,
A,1648554060,0,0,,
A,1648554660,0,0,,
A,1648555260,0,0,,
A,1648555860,0,0,,
A,1648556460,0,0,,
A,1648557060,0,0,,
A,1648557660,0,0,,
A,1648558260,0,0,,
A,1648558860,0,0,,
A,1648559460,0,0,,
A,1648560060,0,0,,
A,1648560660,0,0,,
A,1648561260,0,0,,
A,1648561860,0,0,,
A,1648562460,0,0,,
A,1648563120,0,60,,
A,1648563720,0,0,,
A,1648564320,0,0,,
A,1648564920,0,0,,
A,1648565520,0,0,,
A,1648566120,0,0,,
A,1648566720,0,0,,
A,1648567320,0,0,,
A,1648567920,0,0,,
A,1648568520,0,0,,
A,1648569120,0,0,,
A,1648569720,0,0,,
A,1648570320,0,0,,
A,1648570920,0,0,,
A,1648571580,0,60,,
A,1648572180,0,0,,
A,1648572780,0,0,,
A,1648573380,0,0,,
A,1648573980,0,0,,
A,1648574580,0,0,,
A,1648575180,0,0,,
A,1648575780,0,0,,
A,1648576380,0,0,,
A,1648576980,0,0,,
A,1648577580,0,0,,
A,1648578180,0,0,,
A,1648578780,0,0,,
A,1648579380,0,0,,
A,1648579980,0,0,,
A,1648580580,0,0,,
A,1648581180,0,0,,
A,1648581780,0,0,,
A,1648582380,0,0,,
A,1648582980,0,0,,
A,1648583580,0,0,,
A,1648584180,0,0,,
A,1648584780,0,0,,
A,1648585380,0,0,,
A,1648585980,0,0,,
A,1648586580,0,0,,
A,1648587180,0,0,,
A,1648587780,0,0,,
A,1648588380,0,0,,
A,1648588980,0,0,,
A,1648589580,0,0,,
A,1648590180,0,0,,
A,1648590780,0,0,,
A,1648591380,0,0,,
A,1648592040,0,60,,
A,1648592640,0,0,,
A,1648593240,0,0,,
A,1648593840,0,0,,
A,1648594440,0,0,,
A,1648595040,0,0,,
A,1648595640,0,0,,
A,1648596240,0,0,,
A,1648596840,0,0,,
A,1648597440,0,0,,
A,1648598040,0,0,,
A,1648598640,0,0,,
A,1648599240,0,0,,
A,1648599840,0,0,,
A,1648600440,0,0,,
A,1648601040,0,0,,
A,1648601640,0,0,,
A,1648602240,0,0,,
A,1648602840,0,0,,
A,1648603440,0,0,,
A,1648604040,0,0,,
A,1648604640,0,0,,
A,1648605240,0,0,,
A,1648605840,0,0,,
A,1648606440,0,0,,
A,1648607040,0,0,,
A,1648607640,0,0,,
A,1648608240,0,0,,
A,1648608900,0,60,,
A,1648609500,0,0,,
A,1648610100,0,0,,
A,1648610700,0,0,,
A,1648611300,0,0,,
A,1648611900,0,0,,
A,1648612500,0,0,,
A,1648613100,0,0,,
A,1648613700,0,0,,
A,1648614300,0,0,,
A,1648614900,0,0,,
A,1648615500,0,0,,
A,1648616100,0,0,,
A,1648616700,0,0,,
A,1648617300,0,0,,
A,1648617900,0,0,,
A,1648618500,0,0,,
A,1648619100,0,0,,
A,1648619700,0,0,,
A,1648620300,0,0,,
A,1648620900,0,0,,
A,1648621560,0,60,,
A,1648622160,0,0,,
A,1648622760,0,0,,
A,1648623360,0,0,,
A,1648623960,0,0,,
A,1648624560,0,0,,
A,1648625160,0,0,,
A,1648625760,0,0,,
A,1648626360,0,0,,
A,1648626960,0,0,,
A,1648627560,0,0,,
A,1648628160,0,0,,
A,1648628760,0,0,,
A,1648629360,0,0,,
A,1648629960,0,0,,
A,1648630560,0,0,,
A,1648631160,0,0,,
A,1648631760,0,0,,
A,1648632360,0,0,,
A,1648632960,0,0,,
A,1648633560,0,0,,
A,1648634160,0,0,,
A,1648634760,0,0,,
A,1648635360,0,0,,
A,1648635960,0,0,,
A,1648636560,0,0,,
A,1648637160,0,0,,
A,1648637760,0,0,,
A,1648638360,0,0,,
A,1648638960,0,0,,
A,1648639620,0,60,,
A,1648640160,0,0,,
A,1648640820,0,60,,
A,1648641420,0,0,,
A,1648642020,0,0,,
A,1648642620,0,0,,
A,1648643220,0,0,,
A,1648643820,0,0,,
A,1648644420,0,0,,
A,1648645020,0,0,,
A,1648645620,0,0,,
A,1648646220,0,0,,
A,1648646820,0,0,,
A,1648647420,0,0,,
A,1648648020,0,0,,
A,1648648620,0,0,,
A,1648649220,0,0,,
A,1648649820,0,0,,
A,1648650420,0,0,,
A,1648651020,0,0,,
A,1648651620,0,0,,
A,1648652220,0,0,,
A,1648652820,0,0,,
A,1648653420,0,0,,
A,1648654020,0,0,,
A,1648654620,0,0,,
A,1648655220,0,0,,
A,1648655880,0,60,,
A,1648656480,0,0,,
A,1648657080,0,0,,
A,1648657680,0,0,,
A,1648658280,0,0,,
A,1648658880,0,0,,
A,1648659480,0,0,,
A,1648660080,0,0,,
A,1648660680,0,0,,
A,1648661280,0,0,,
A,1648661880,0,0,,
A,1648662480,0,0,,
A,1648663080,0,0,,
A,1648663680,0,0,,
A,1648664280,0,0,,
A,1648664880,0,0,,
A,1648665480,0,0,,
A,1648666080,0,0,,
A,1648666680,0,0,,
A,1648667280,0,0,,
A,1648671540,0,3660,,
A,1648672140,0,0,,
A,1648672740,0,0,,
A,1648673340,0,0,,
A,1648673940,0,0,,
A,1648674540,0,0,,
A,1648675140,0,0,,
A,1648675740,0,0,,
A,1648676340,0,0,,
A,1648676940,0,0,,
A,1648677540,0,0,,
A,1648678140,0,0,,
A,1648678740,0,0,,
A,1648679340,0,0,,
A,1648679940,0,0,,
A,1648680540,0,0,,
A,1648681140,0,0,,
A,1648681740,0,0,,
A,1648682340,0,0,,
A,1648682940,0,0,,
A,1648683540,0,0,,
A,1648684200,0,60,,
A,1648684800,0,0,,
A,1648685400,0,0,,
A,1648686000,0,0,,
A,1648686600,0,0,,
A,1648687200,0,0,,
A,1648687800,0,0,,
A,1648688400,0,0,,
A,1648689000,0,0,,
A,1648689600,0,0,,
A,1648690200,0,0,,
A,1648690800,0,0,,
A,1648691400,0,0,,
A,1648692000,0,0,,
A,1648692600,0,0,,
A,1648693200,0,0,,
A,1648693800,0,0,,
A,1648694400,0,0,,
A,1648695000,0,0,,
A,1648695600,0,0,,
A,1648696200,0,0,,
A,1648696800,0,0,,
A,1648697400,0,0,,
A,1648698000,0,0,,
A,1648698600,0,0,,
A,1648699200,0,0,,
A,1648699800,0,0,,
A,1648700400,0,0,,
A,1648701000,0,0,,
A,1648701600,0,0,,
A,1648702200,0,0,,
A,1648702800,0,0,,
A,1648703400,0,0,,
A,1648704000,0,0,,
A,1648704660,0,60,,
A,1648705260,0,0,,
A,1648705860,0,0,,
A,1648706460,0,0,,
A,1648707060,0,0,,
A,1648707660,0,0,,
A,1648708260,0,0,,
A,1648708860,0,0,,
A,1648709460,0,0,,
A,1648710060,0,0,,
A,1648710660,0,0,,
A,1648711260,0,0,,
A,1648711860,0,0,,
A,1648712460,0,0,,
A,1648713060,0,0,,
A,1648713660,0,0,,
A,1648714260,0,0,,
A,1648714860,0,0,,
A,1648715460,0,0,,
A,1648716060,0,0,,
A,1648716660,0,0,,
A,1648717260,0,0,,
A,1648717860,0,0,,
A,1648718460,0,0,,
A,1648719120,0,60,,
A,1648719720,0,0,,
A,1648720320,0,0,,
A,1648720920,0,0,,
A,1648721520,0,0,,
A,1648722120,0,0,,
A,1648722720,0,0,,
A,1648723320,0,0,,
A,1648723920,0,0,,
A,1648724520,0,0,,
A,1648725120,0,0,,
A,1648725720,0,0,,
A,1648726320,0,0,,
A,1648726920,0,0,,
A,1648727580,0,60,,
A,1648728180,0,0,,
A,1648728780,0,0,,
A,1648729380,0,0,,
A,1648729980,0,0,,
A,1648730580,0,0,,
A,1648731180,0,0,,
A,1648731780,0,0,,
A,1648732380,0,0,,
A,1648732980,0,0,,
A,1648733580,0,0,,
A,1648734180,0,0,,
A,1648734780,0,0,,
A,1648735380,0,0,,
A,1648735980,0,0,,
A,1648736580,0,0,,
A,1648737180,0,0,,
A,1648737780,0,0,,
A,1648738380,0,0,,
A,1648738980,0,0,,
A,1648739580,0,0,,
A,1648740180,0,0,,
A,1648740780,0,0,,
A,1648741380,0,0,,
A,1648741980,0,0,,
A,1648742640,0,60,,
A,1648743240,0,0,,
A,1648743840,0,0,,
A,1648744440,0,0,,
A,1648745040,0,0,,
A,1648745640,0,0,,
A,1648746240,0,0,,
A,1648746840,0,0,,
A,1648747440,0,0,,
A,1648748040,0,0,,
A,1648748640,0,0,,
A,1648749240,0,0,,
A,1648749840,0,0,,
A,1648750440,0,0,,
A,1648751040,0,0,,
A,1648751640,0,0,,
A,1648752240,0,0,,
A,1648752840,0,0,,
A,1648753440,0,0,,
A,1648754040,0,0,,
A,1648754640,0,0,,
A,1648755240,0,0,,
A,1648755840,0,0,,
A,1648756440,0,0,,
A,1648757040,0,0,,
A,1648757640,0,0,,
A,1648758240,0,0,,
A,1648758840,0,0,,
A,1648759440,0,0,,
A,1648760040,0,0,,
A,1648760640,0,0,,
A,1648761240,0,0,,
A,1648761840,0,0,,
A,1648762440,0,0,,
A,1648763040,0,0,,
A,1648763640,0,0,,
A,1648764240,0,0,,
A,1648764840,0,0,,
A,1648765440,0,0,,
A,1648766040,0,0,,
A,1648766700,0,60,,
A,1648767300,0,0,,
A,1648767900,0,0,,
A,1648768500,0,0,,
A,1648769100,0,0,,
A,1648769700,0,0,,
A,1648770300,0,0,,
A,1648770900,0,0,,
A,1648771500,0,0,,
A,1648772100,0,0,,
A,1648772700,0,0,,
A,1648773300,0,0,,
A,1648773900,0,0,,
A,1648774500,0,0,,
A,1648775100,0,0,,
A,1648775700,0,0,,
A,1648776300,0,0,,
A,1648776900,0,0,,
A,1648777500,0,0,,
A,1648778100,0,0,,
A,1648778700,0,0,,
A,1648779300,0,0,,
A,1648779900,0,0,,
A,1648780500,0,0,,
A,1648781100,0,0,,
A,1648781700,0,0,,
A,1648782360,0,60,,
A,1648782960,0,0,,
A,1648783560,0,0,,
A,1648784160,0,0,,
A,1648784760,0,0,,
A,1648785360,0,0,,
A,1648785960,0,0,,
A,1648786560,0,0,,
A,1648787160,0,0,,
A,1648787760,0,0,,
A,1648788360,0,0,,
A,1648788960,0,0,,
A,1648789560,0,0,,
A,1648790160,0,0,,
A,1648790760,0,0,,
A,1648791360,0,0,,
A,1648791960,0,0,,
A,1648792560,0,0,,
A,1648793160,0,0,,
A,1648793760,0,0,,
A,1648794360,0,0,,
A,1648794960,0,0,,
A,1648795560,0,0,,
A,1648796160,0,0,,
A,1648796760,0,0,,
A,1648797360,0,0,,
A,1648797960,0,0,,
A,1648798560,0,0,,
A,1648799160,0,0,,
A,1648799760,0,0,,
A,1648800360,0,0,,
A,1648800960,0,0,,
A,1648801560,0,0,,
A,1648802160,0,0,,
A,1648802760,0,0,,
A,1648803360,0,0,,
A,1648804020,0,60,,
A,1648804620,0,0,,
A,1648805220,0,0,,
A,1648805820,0,0,,
A,1648806420,0,0,,
A,1648807020,0,0,,
A,1648807620,0,0,,
A,1648808220,0,0,,
A,1648808820,0,0,,
A,1648809420,0,0,,
A,1648810020,0,0,,
A,1648810620,0,0,,
A,1648811220,0,0,,
A,1648811820,0,0,,
A,1648812420,0,0,,
A,1648813020,0,0,,
A,1648813620,0,0,,
A,1648814220,0,0,,
A,1648814820,0,0,,
A,1648815420,0,0,,
A,1648816020,0,0,,
A,1648816620,0,0,,
A,1648817220,0,0,,
A,1648817820,0,0,,
A,1648818420,0,0,,
A,1648819020,0,0,,
A,1648819620,0,0,,
A,1648820220,0,0,,
A,1648820820,0,0,,
A,1648821420,0,0,,
A,1648822020,0,0,,
A,1648822620,0,0,,
A,1648823220,0,0,,
A,1648823820,0,0,,
A,1648824420,0,0,,
A,1648825020,0,0,,
A,1648825620,0,0,,
A,1648826220,0,0,,
A,1648826820,0,0,,
A,1648827420,0,0,,
A,1648828020,0,0,,
A,1648828620,0,0,,
A,1648829220,0,0,,
A,1648829820,0,0,,
A,1648830420,0,0,,
A,1648831020,0,0,,
A,1648831680,0,60,,
A,1648832280,0,0,,
A,1648832880,0,0,,
A,1648833480,0,0,,
A,1648834080,0,0,,
A,1648834680,0,0,,
A,1648835280,0,0,,
A,1648835880,0,0,,
A,1648836480,0,0,,
A,1648837080,0,0,,
A,1648837680,0,0,,
A,1648838280,0,0,,
A,1648838880,0,0,,
A,1648839480,0,0,,
A,1648840080,0,0,,
A,1648840680,0,0,,
A,1648841280,0,0,,
A,1648841880,0,0,,
A,1648842480,0,0,,
A,1648843080,0,0,,
A,1648843680,0,0,,
A,1648844280,0,0,,
A,1648844880,0,0,,
A,1648845480,0,0,,
A,1648846080,0,0,,
A,1648846680,0,0,,
A,1648847280,0,0,,
A,1648847880,0,0,,
A,1648848480,0,0,,
A,1648849080,0,0,,
A,1648849680,0,0,,
A,1648850280,0,0,,
A,1648850880,0,0,,
A,1648851480,0,0,,
A,1648852080,0,0,,
A,1648852740,0,60,,
A,1648853340,0,0,,
A,1648853940,0,0,,
A,1648854540,0,0,,
A,1648855140,0,0,,
A,1648855740,0,0,,
A,1648856340,0,0,,
A,1648856940,0,0,,
A,1648857540,0,0,,
A,1648858140,0,0,,
A,1648858740,0,0,,
A,1648859340,0,0,,
A,1648859940,0,0,,
A,1648860540,0,0,,
A,1648861140,0,0,,
A,1648861740,0,0,,
A,1648862340,0,0,,
A,1648862940,0,0,,
A,1648863540,0,0,,
A,1648864140,0,0,,
A,1648864740,0,0,,
A,1648865340,0,0,,
A,1648865940,0,0,,
A,1648866540,0,0,,
A,1648867140,0,0,,
A,1648867740,0,0,,
A,1648868340,0,0,,
A,1648868940,0,0,,
A,1648869540,0,0,,
A,1648870140,0,0,,
A,1648870740,0,0,,
A,1648871340,0,0,,
A,1648871940,0,0,,
A,1648872540,0,0,,
A,1648873140,0,0,,
A,1648873740,0,0,,
A,1648874340,0,0,,
A,1648874940,0,0,,
A,1648875540,0,0,,
A,1648876140,0,0,,
A,1648876740,0,0,,
A,1648877340,0,0,,
A,1648877940,0,0,,
A,1648878540,0,0,,
A,1648879200,0,60,,
A,1648879800,0,0,,
A,1648880400,0,0,,
A,1648881000,0,0,,
A,1648881600,0,0,,
A,1648882200,0,0,,
A,1648882800,0,0,,
A,1648883400,0,0,,
A,1648884000,0,0,,
A,1648884600,0,0,,
A,1648885200,0,0,,
A,1648885800,0,0,,
A,1648886400,0,0,,
A,1648887000,0,0,,
A,1648887600,0,0,,
A,1648888200,0,0,,
A,1648888800,0,0,,
A,1648889400,0,0,,
A,1648890000,0,0,,
A,1648890600,0,0,,
A,1648891200,0,0,,
A,1648891800,0,0,,
A,1648892400,0,0,,
A,1648893000,0,0,,
A,1648893600,0,0,,
A,1648894200,0,0,,
A,1648894800,0,0,,
A,1648895400,0,0,,
A,1648896060,0,60,,
A,1648900740,0,4080,,
A,1648901340,0,0,,
A,1648901940,0,0,,
A,1648902540,0,0,,
A,1648903140,0,0,,
A,1648903740,0,0,,
A,1648904340,0,0,,
A,1648904940,0,0,,
A,1648905540,0,0,,
A,1648906140,0,0,,
A,1648906740,0,0,,
A,1648907340,0,0,,
A,1648907940,0,0,,
A,1648908540,0,0,,
A,1648909140,0,0,,
A,1648909740,0,0,,
A,1648910340,0,0,,
A,1648910940,0,0,,
A,1648911540,0,0,,
A,1648912140,0,0,,
A,1648912740,0,0,,
A,1648913340,0,0,,
A,1648913940,0,0,,
A,1648914540,0,0,,
A,1648915140,0,0,,
A,1648915740,0,0,,
A,1648916340,0,0,,
A,1648916940,0,0,,
A,1648917540,0,0,,
A,1648918200,0,60,,
A,1648918800,0,0,,
A,1648919400,0,0,,
A,1648920000,0,0,,
A,1648920600,0,0,,
A,1648921200,0,0,,
A,1648921800,0,0,,
A,1648922400,0,0,,
A,1648923000,0,0,,
A,1648923600,0,0,,
A,1648924200,0,0,,
A,1648924800,0,0,,
A,1648925400,0,0,,
A,1648926000,0,0,,
A,1648926600,0,0,,
A,1648927200,0,0,,
A,1648927800,0,0,,
A,1648928400,0,0,,
A,1648929000,0,0,,
A,1648929600,0,0,,
A,1648930200,0,0,,
A,1648930800,0,0,,
A,1648931400,0,0,,
A,1648932000,0,0,,
A,1648932600,0,0,,
A,1648933200,0,0,,
A,1648933800,0,0,,
A,1648934400,0,0,,
A,1648935000,0,0,,
A,1648935600,0,0,,
A,1648936200,0,0,,
A,1648936800,0,0,,
A,1648937400,0,0,,
A,1648938000,0,0,,
A,1648938600,0,0,,
A,1648939200,0,0,,
A,1648939860,0,60,,
A,1648940460,0,0,,
A,1648941060,0,0,,
A,1648941660,0,0,,
A,1648942260,0,0,,
A,1648942860,0,0,,
A,1648943460,0,0,,
A,1648944060,0,0,,
A,1648944660,0,0,,
A,1648945260,0,0,,
A,1648945860,0,0,,
A,1648946460,0,0,,
A,1648947060,1,0,,
A,1648947660,1,0,,
A,1648948260,1,0,,
A,1648948860,1,0,,
A,1648949460,1,0,,
A,1648950060,0,0,,
A,1648950660,0,0,,
A,1648951260,0,0,,
A,1648951860,0,0,,
A,1648952460,1,0,,
A,1648953060,1,0,,
A,1648953660,1,0,,
A,1648954260,1,0,,
A,1648954860,1,0,,
A,1648955460,1,0,,
A,1648956060,1,0,,
A,1648956660,1,0,,
A,1648957260,1,0,,
A,1648957860,1,0,,
A,1648958460,1,0,,
A,1648959060,1,0,,
A,1648959660,1,0,,
A,1648960260,1,0,,
A,1648960920,1,60,,
A,1648961520,1,0,,
A,1648962120,1,0,,
A,1648962720,1,0,,
A,1648963320,1,0,,
A,1648963920,1,0,,
A,1648964520,1,0,,
A,1648965120,1,0,,
A,1648965720,1,0,,
A,1648966320,1,0,,
A,1648966920,1,0,,
A,1648967520,1,0,,
A,1648968120,1,0,,
A,1648968720,1,0,,
A,1648969320,1,0,,
A,1648969920,1,0,,
A,1648970520,1,0,,
A,1648971120,1,0,,
A,1648971720,0,0,,
A,1648972320,0,0,,
A,1648972920,0,0,,
A,1648973520,0,0,,
A,1648974120,0,0,,
A,1648974720,0,0,,
A,1648975320,0,0,,
A,1648975920,0,0,,
A,1648976520,0,0,,
A,1648977120,0,0,,
A,1648977720,0,0,,
A,1648978320,0,0,,
A,1648978920,0,0,,
A,1648979520,0,0,,
A,1648980120,0,0,,
A,1648980720,0,0,,
A,1648981320,0,0,,
A,1648981920,0,0,,
A,1648982520,0,0,,
A,1648983120,0,0,,
A,1648983780,0,60,,
A,1648984380,0,0,,
A,1648984980,0,0,,
A,1648985580,0,0,,
A,1648986180,0,0,,
A,1648986780,0,0,,
A,1648987380,0,0,,
A,1648987980,0,0,,
A,1648988580,0,0,,
A,1648989180,0,0,,
A,1648989780,0,0,,
A,1648990380,0,0,,
A,1648990980,0,0,,
A,1648991580,0,0,,
A,1648992180,0,0,,
A,1648992780,0,0,,
A,1648993380,0,0,,
A,1648993980,0,0,,
A,1648994580,0,0,,
A,1648995180,0,0,,
A,1648995780,0,0,,
A,1648996380,0,0,,
A,1648996980,0,0,,
A,1648997580,0,0,,
A,1648998180,0,0,,
A,1648998780,0,0,,
A,1648999380,0,0,,
A,1648999980,0,0,,
A,1649000580,0,0,,
A,1649001180,0,0,,
A,1649001780,0,0,,
A,1649002380,0,0,,
A,1649002980,0,0,,
A,1649003580,0,0,,
A,1649004180,0,0,,
A,1649004780,0,0,,
A,1649005380,0,0,,
A,1649005980,0,0,,
A,1649006580,0,0,,
A,1649007180,0,0,,
A,1649007780,0,0,,
A,1649008380,0,0,,
A,1649009040,0,60,,
A,1649009640,0,0,,
A,1649010240,0,0,,
A,1649010840,0,0,,
A,1649011440,0,0,,
A,1649012040,0,0,,
A,1649012640,0,0,,
A,1649013240,0,0,,
A,1649013840,0,0,,
A,1649014440,0,0,,
A,1649015040,0,0,,
A,1649015640,0,0,,
A,1649016240,0,0,,
A,1649016840,0,0,,
A,1649017440,0,0,,
A,1649018040,0,0,,
A,1649018640,0,0,,
A,1649019240,0,0,,
A,1649019840,0,0,,
A,1649020440,0,0,,
A,1649021040,0,0,,
A,1649021640,0,0,,
A,1649022240,0,0,,
A,1649022840,0,0,,
A,1649023440,0,0,,
A,1649024040,0,0,,
A,1649024640,0,0,,
A,1649025300,0,60,,
A,1649025840,0,0,,
A,1649026500,0,60,,
A,1649027100,0,0,,
A,1649027700,0,0,,
A,1649028300,0,0,,
A,1649028900,0,0,,
A,1649029500,0,0,,
A,1649030100,0,0,,
A,1649030700,0,0,,
A,1649031300,0,0,,
A,1649031900,0,0,,
A,1649032500,0,0,,
A,1649033100,0,0,,
A,1649033700,0,0,,
A,1649034300,0,0,,
A,1649034900,0,0,,
A,1649035500,0,0,,
A,1649036100,0,0,,
A,1649036700,0,0,,
A,1649037300,0,0,,
A,1649037900,0,0,,
A,1649038500,0,0,,
A,1649039100,0,0,,
A,1649039700,0,0,,
A,1649040300,0,0,,
A,1649040900,0,0,,
A,1649041500,0,0,,
A,1649042100,0,0,,
A,1649042700,0,0,,
A,1649043300,0,0,,
A,1649043900,0,0,,
A,1649044500,0,0,,
A,1649045100,0,0,,
A,1649045700,0,0,,
A,1649046300,0,0,,
A,1649046900,0,0,,
A,1649047500,0,0,,
A,1649048160,0,60,,
A,1649048760,0,0,,
A,1649049360,0,0,,
A,1649049960,0,0,,
A,1649050560,0,0,,
A,1649051160,0,0,,
A,1649051760,0,0,,
A,1649052360,0,0,,
A,1649052960,0,0,,
A,1649053560,0,0,,
A,1649054160,0,0,,
A,1649054760,0,0,,
A,1649055360,0,0,,
A,1649055960,1,0,,
A,1649056560,1,0,,
A,1649057160,1,0,,
A,1649057760,1,0,,
A,1649058360,1,0,,
A,1649058960,1,0,,
A,1649059560,1,0,,
A,1649060160,1,0,,
A,1649060760,1,0,,
A,1649061360,1,0,,
A,1649061960,1,0,,
A,1649062560,1,0,,
A,1649063160,1,0,,
A,1649063760,1,0,,
A,1649064360,1,0,,
A,1649064960,1,0,,
A,1649065560,1,0,,
A,1649066160,1,0,,
A,1649066820,1,60,,
A,1649067420,1,0,,
A,1649068020,1,0,,
A,1649068620,1,0,,
A,1649069220,1,0,,
A,1649069820,1,0,,
A,1649070420,1,0,,
A,1649071020,1,0,,
A,1649071620,1,0,,
A,1649072220,1,0,,
A,1649072820,1,0,,
A,1649073420,1,0,,
A,1649074020,1,0,,
A,1649074620,1,0,,
A,1649075220,1,0,,
A,1649075820,1,0,,
A,1649076420,1,0,,
A,1649077020,1,0,,
A,1649077620,1,0,,
A,1649078220,1,0,,
A,1649078820,1,0,,
A,1649079420,1,0,,
A,1649080020,1,0,,
A,1649080620,1,0,,
A,1649081220,1,0,,
A,1649081820,1,0,,
A,1649082420,0,0,,
A,1649083020,0,0,,
A,1649083620,0,0,,
A,1649084280,0,60,,
A,1649084880,0,0,,
A,1649085480,0,0,,
A,1649086080,1,0,,
A,1649086680,0,0,,
A,1649087280,0,0,,
A,1649087880,0,0,,
A,1649088480,0,0,,
A,1649089080,0,0,,
A,1649089680,0,0,,
A,1649090280,0,0,,
A,1649090880,0,0,,
A,1649091480,0,0,,
A,1649092080,0,0,,
A,1649092680,0,0,,
A,1649093280,0,0,,
A,1649093880,0,0,,
A,1649094480,0,0,,
A,1649095080,0,0,,
A,1649095680,0,0,,
A,1649096280,0,0,,
A,1649096880,0,0,,
A,1649097480,0,0,,
A,1649098080,0,0,,
A,1649098680,0,0,,
A,1649099280,0,0,,
A,1649099880,0,0,,
A,1649100480,0,0,,
A,1649101080,0,0,,
A,1649101680,0,0,,
A,1649102280,0,0,,
A,1649102880,0,0,,
A,1649103480,0,0,,
A,1649104080,0,0,,
A,1649104680,0,0,,
A,1649105280,0,0,,
A,1649105880,0,0,,
A,1649106480,0,0,,
A,1649107080,0,0,,
A,1649107680,0,0,,
A,1649108280,0,0,,
A,1649108940,0,60,,
A,1649109540,0,0,,
A,1649110140,0,0,,
A,1649110740,0,0,,
A,1649111340,0,0,,
A,1649111940,0,0,,
A,1649112540,0,0,,
A,1649113140,0,0,,
A,1649113740,0,0,,
A,1649114340,0,0,,
A,1649114940,0,0,,
A,1649115540,0,0,,
A,1649116140,0,0,,
A,1649116740,0,0,,
A,1649117340,0,0,,
A,1649117940,0,0,,
A,1649118540,0,0,,
A,1649119140,0,0,,
A,1649119740,0,0,,
A,1649120340,0,0,,
A,1649120940,0,0,,
A,1649121540,0,0,,
A,1649122140,0,0,,
A,1649122740,0,0,,
A,1649123340,0,0,,
A,1649123940,0,0,,
A,1649124540,0,0,,
A,1649125140,0,0,,
A,1649125740,0,0,,
A,1649126340,0,0,,
A,1649126940,0,0,,
A,1649127540,0,0,,
A,1649128140,0,0,,
A,1649128740,0,0,,
A,1649129340,0,0,,
A,1649129940,0,0,,
A,1649130540,0,0,,
A,1649131140,0,0,,
A,1649131740,0,0,,
A,1649132340,0,0,,
A,1649133000,0,60,,
A,1649133600,0,0,,
A,1649134200,0,0,,
A,1649134800,0,0,,
A,1649135400,0,0,,
A,1649136000,0,0,,
A,1649136600,0,0,,
A,1649137200,0,0,,
A,1649137800,0,0,,
A,1649138400,0,0,,
A,1649139000,0,0,,
A,1649139600,0,0,,
A,1649140200,0,0,,
A,1649140800,0,0,,
A,1649141400,0,0,,
A,1649142000,0,0,,
A,1649142600,0,0,,
A,1649143200,0,0,,
A,1649143800,0,0,,
A,1649144400,0,0,,
A,1649145000,0,0,,
A,1649145600,0,0,,
A,1649146200,0,0,,
A,1649146800,0,0,,
A,1649147400,0,0,,
A,1649148000,0,0,,
A,1649148600,0,0,,
A,1649149200,0,0,,
A,1649149800,0,0,,
A,1649150400,0,0,,
A,1649151000,0,0,,
A,1649151600,0,0,,
A,1649152200,0,0,,
A,1649152800,0,0,,
A,1649153400,0,0,,
A,1649154000,0,0,,
A,1649154660,0,60,,
A,1649155260,0,0,,
A,1649155860,0,0,,
A,1649156460,0,0,,
A,1649157060,0,0,,
A,1649157660,0,0,,
A,1649158260,0,0,,
A,1649158860,0,0,,
A,1649159460,0,0,,
A,1649160060,0,0,,
A,1649160660,0,0,,
A,1649161260,0,0,,
A,1649161860,0,0,,
A,1649162460,0,0,,
A,1649163060,0,0,,
A,1649163720,0,60,,
A,1649164320,0,0,,
A,1649164920,0,0,,
A,1649165520,0,0,,
A,1649166120,0,0,,
A,1649166720,0,0,,
A,1649167320,0,0,,
A,1649167920,0,0,,
A,1649168520,0,0,,
A,1649169120,0,0,,
A,1649169720,0,0,,
A,1649170320,0,0,,
A,1649170920,0,0,,
A,1649171520,0,0,,
A,1649172120,0,0,,
A,1649172720,0,0,,
A,1649173320,0,0,,
A,1649173920,0,0,,
A,1649174520,0,0,,
A,1649175120,0,0,,
A,1649175720,0,0,,
A,1649176320,0,0,,
A,1649176920,0,0,,
A,1649177520,0,0,,
A,1649178120,0,0,,
A,1649178720,0,0,,
A,1649179320,0,0,,
A,1649179920,0,0,,
A,1649180520,0,0,,
A,1649181120,0,0,,
A,1649181720,0,0,,
A,1649182320,0,0,,
A,1649182920,0,0,,
A,1649183520,0,0,,
A,1649184120,0,0,,
A,1649184720,0,0,,
A,1649185320,0,0,,
A,1649185920,0,0,,
A,1649186520,0,0,,
A,1649187120,0,0,,
A,1649187780,0,60,,
A,1649188380,0,0,,
A,1649188980,0,0,,
A,1649189580,0,0,,
A,1649190180,0,0,,
A,1649190780,0,0,,
A,1649191380,0,0,,
A,1649191980,0,0,,
A,1649192580,0,0,,
A,1649193180,0,0,,
A,1649193780,0,0,,
A,1649194380,0,0,,
A,1649194980,0,0,,
A,1649195580,0,0,,
A,1649196180,0,0,,
A,1649196780,0,0,,
A,1649197380,0,0,,
A,1649197980,0,0,,
A,1649198580,0,0,,
A,1649199180,0,0,,
A,1649199780,0,0,,
A,1649200380,0,0,,
A,1649200980,0,0,,
A,1649201580,0,0,,
A,1649202180,0,0,,
A,1649202780,0,0,,
A,1649203380,0,0,,
A,1649203980,0,0,,
A,1649204580,0,0,,
A,1649205180,0,0,,
A,1649205780,0,0,,
A,1649206380,0,0,,
A,1649206980,0,0,,
A,1649207580,0,0,,
A,1649208180,0,0,,
A,1649208840,0,60,,
A,1649209440,0,0,,
A,1649210040,0,0,,
A,1649210640,0,0,,
A,1649211240,0,0,,
A,1649211840,0,0,,
A,1649212440,0,0,,
A,1649213040,0,0,,
A,1649213640,0,0,,
A,1649214240,0,0,,
A,1649214840,0,0,,
A,1649215440,0,0,,
A,1649216040,0,0,,
A,1649216640,0,0,,
A,1649217240,0,0,,
A,1649217840,0,0,,
A,1649218440,0,0,,
A,1649219040,0,0,,
A,1649219640,0,0,,
A,1649220240,0,0,,
A,1649220840,0,0,,
A,1649221440,0,0,,
A,1649222040,0,0,,
A,1649222640,0,0,,
A,1649223240,0,0,,
A,1649223840,0,0,,
A,1649224440,0,0,,
A,1649225040,0,0,,
A,1649225640,0,0,,
A,1649226240,0,0,,
A,1649226900,0,60,,
A,1649227500,0,0,,
A,1649228100,0,0,,
A,1649228700,0,0,,
A,1649229300,0,0,,
A,1649229900,0,0,,
A,1649230500,0,0,,
A,1649231100,0,0,,
A,1649231700,0,0,,
A,1649232300,0,0,,
A,1649232900,0,0,,
A,1649233500,0,0,,
A,1649234100,0,0,,
A,1649234700,0,0,,
A,1649235300,0,0,,
A,1649235900,0,0,,
A,1649236500,0,0,,
A,1649237100,0,0,,
A,1649237700,0,0,,
A,1649238300,0,0,,
A,1649238900,0,0,,
A,1649239500,0,0,,
A,1649240100,0,0,,
A,1649240700,0,0,,
A,1649241300,0,0,,
A,1649241900,0,0,,
A,1649242500,0,0,,
A,1649243100,0,0,,
A,1649243700,0,0,,
A,1649244300,0,0,,
A,1649244900,0,0,,
A,1649245560,0,60,,
A,1649246160,0,0,,
A,1649246760,0,0,,
A,1649247360,0,0,,
A,1649247960,0,0,,
A,1649248560,0,0,,
A,1649249160,0,0,,
A,1649249760,0,0,,
A,1649250360,0,0,,
A,1649250960,0,0,,
A,1649251560,0,0,,
A,1649252160,0,0,,
A,1649252760,0,0,,
A,1649253360,0,0,,
A,1649253960,0,0,,
A,1649254560,0,0,,
A,1649255160,0,0,,
A,1649255760,0,0,,
A,1649256360,0,0,,
A,1649256960,0,0,,
A,1649257560,0,0,,
A,1649258160,0,0,,
A,1649258760,0,0,,
A,1649259360,0,0,,
A,1649259960,0,0,,
A,1649260560,0,0,,
A,1649261160,0,0,,
A,1649261760,0,0,,
A,1649262360,0,0,,
A,1649262960,0,0,,
A,1649263560,0,0,,
A,1649264160,0,0,,
A,1649264760,0,0,,
A,1649265360,0,0,,
A,1649265960,0,0,,
A,1649266560,0,0,,
A,1649267160,0,0,,
A,1649267760,0,0,,
A,1649268360,0,0,,
A,1649268960,0,0,,
A,1649269560,0,0,,
A,1649270160,0,0,,
A,1649270760,0,0,,
A,1649271360,0,0,,
A,1649271960,0,0,,
A,1649272620,0,60,,
A,1649273220,0,0,,
A,1649273820,0,0,,
A,1649274420,0,0,,
A,1649275020,0,0,,
A,1649275620,0,0,,
A,1649276220,0,0,,
A,1649276820,0,0,,
A,1649277420,0,0,,
A,1649278020,0,0,,
A,1649278620,0,0,,
A,1649279220,0,0,,
A,1649279820,0,0,,
A,1649280420,0,0,,
A,1649281020,0,0,,
A,1649281620,0,0,,
A,1649282220,0,0,,
A,1649282820,0,0,,
A,1649283420,0,0,,
A,1649284020,0,0,,
A,1649284620,0,0,,
A,1649285220,0,0,,
A,1649285820,0,0,,
A,1649286420,0,0,,
A,1649287020,0,0,,
A,1649287620,0,0,,
A,1649288220,0,0,,
A,1649288820,0,0,,
A,1649289420,0,0,,
A,1649290020,0,0,,
A,1649290620,0,0,,
A,1649291220,0,0,,
A,1649291820,0,0,,
A,1649292420,0,0,,
A,1649293020,0,0,,
A,1649293620,0,0,,
A,1649294220,0,0,,
A,1649294820,0,0,,
A,1649295420,0,0,,
A,1649296020,0,0,,
A,1649296620,0,0,,
A,1649297220,0,0,,
A,1649297820,0,0,,
A,1649298480,0,60,,
A,1649299080,0,0,,
A,1649299680,0,0,,
A,1649300280,0,0,,
A,1649300880,0,0,,
A,1649301480,0,0,,
A,1649302080,0,0,,
A,1649302680,0,0,,
A,1649303280,0,0,,
A,1649303880,0,0,,
A,1649304480,0,0,,
A,1649305080,0,0,,
A,1649305680,0,0,,
A,1649306280,0,0,,
A,1649306880,0,0,,
A,1649307480,0,0,,
A,1649308080,0,0,,
A,1649308680,0,0,,
A,1649309280,0,0,,
A,1649309880,0,0,,
A,1649310480,0,0,,
A,1649311080,0,0,,
A,1649311680,0,0,,
A,1649312280,0,0,,
A,1649312880,0,0,,
A,1649313480,0,0,,
A,1649314080,0,0,,
A,1649314680,0,0,,
A,1649315280,0,0,,
A,1649315880,0,0,,
A,1649316480,0,0,,
A,1649317080,0,0,,
A,1649317680,0,0,,
A,1649318280,0,0,,
A,1649318880,0,0,,
A,1649319480,0,0,,
A,1649320080,0,0,,
A,1649320680,0,0,,
A,1649321280,0,0,,
A,1649321880,0,0,,
A,1649322480,0,0,,
A,1649323080,0,0,,
A,1649323680,0,0,,
A,1649324280,0,0,,
A,1649324940,0,60,,
A,1649325540,0,0,,
A,1649326140,0,0,,
A,1649326740,0,0,,
A,1649327340,0,0,,
A,1649327940,0,0,,
A,1649328540,0,0,,
A,1649329140,0,0,,
A,1649329740,0,0,,
A,1649330340,0,0,,
A,1649330940,0,0,,
A,1649331540,0,0,,
A,1649332140,0,0,,
A,1649332740,0,0,,
A,1649333340,0,0,,
A,1649333940,0,0,,
A,1649334540,0,0,,
A,1649335140,0,0,,
A,1649335740,0,0,,
A,1649336340,0,0,,
A,1649336940,0,0,,
A,1649337540,0,0,,
A,1649338140,0,0,,
A,1649338740,0,0,,
A,1649339340,0,0,,
A,1649339940,0,0,,
A,1649340540,0,0,,
A,1649341140,0,0,,
A,1649341740,0,0,,
A,1649342340,0,0,,
A,1649342940,0,0,,
A,1649343540,0,0,,
A,1649344200,0,60,,
A,1649344800,0,0,,
A,1649345400,0,0,,
A,1649346000,0,0,,
A,1649346600,0,0,,
A,1649347200,0,0,,
A,1649347800,0,0,,
A,1649348400,0,0,,
A,1649349000,0,0,,
A,1649349600,0,0,,
A,1649350200,0,0,,
A,1649350800,0,0,,
A,1649351400,0,0,,
A,1649352000,0,0,,
A,1649352600,0,0,,
A,1649353200,0,0,,
A,1649353800,0,0,,
A,1649354400,0,0,,
A,1649355000,0,0,,
A,1649355600,0,0,,
A,1649356200,0,0,,
A,1649356800,0,0,,
A,1649357400,0,0,,
A,1649358000,0,0,,
A,1649358600,0,0,,
A,1649359200,0,0,,
A,1649359800,0,0,,
A,1649360400,0,0,,
A,1649361000,0,0,,
A,1649361600,0,0,,
A,1649362260,0,60,,
A,1649362860,0,0,,
A,1649363460,0,0,,
A,1649364060,0,0,,
A,1649364660,0,0,,
A,1649365260,0,0,,
A,1649365860,0,0,,
A,1649366460,0,0,,
A,1649367060,0,0,,
A,1649367660,0,0,,
A,1649368260,0,0,,
A,1649368860,0,0,,
A,1649369460,0,0,,
A,1649370060,0,0,,
A,1649370660,0,0,,
A,1649371260,0,0,,
A,1649371860,0,0,,
A,1649372460,0,0,,
A,1649373060,0,0,,
A,1649373660,0,0,,
A,1649374260,0,0,,
A,1649374860,0,0,,
A,1649375460,0,0,,
A,1649376060,0,0,,
A,1649376660,0,0,,
A,1649377260,0,0,,
A,1649377860,0,0,,
A,1649378460,0,0,,
A,1649379060,0,0,,
A,1649379660,0,0,,
A,1649380260,0,0,,
A,1649380860,0,0,,
A,1649381460,0,0,,
A,1649382060,0,0,,
A,1649382660,0,0,,
A,1649383260,0,0,,
A,1649383860,0,0,,
A,1649384460,0,0,,
A,1649385060,0,0,,
A,1649385660,0,0,,
A,1649386260,0,0,,
A,1649386860,0,0,,
A,1649387460,0,0,,
A,1649388060,0,0,,
A,1649388720,0,60,,
A,1649389320,0,0,,
A,1649389920,0,0,,
A,1649390520,0,0,,
A,1649391120,0,0,,
A,1649391720,0,0,,
A,1649392320,0,0,,
A,1649392920,0,0,,
A,1649393520,0,0,,
A,1649394120,0,0,,
A,1649394720,0,0,,
A,1649395320,0,0,,
A,1649395920,0,0,,
A,1649396520,0,0,,
A,1649397120,0,0,,
A,1649397720,0,0,,
A,1649398320,0,0,,
A,1649398920,0,0,,
A,1649399520,0,0,,
A,1649400120,0,0,,
A,1649400720,0,0,,
A,1649401320,0,0,,
A,1649401920,0,0,,
A,1649402520,0,0,,
A,1649403120,0,0,,
A,1649403720,0,0,,
A,1649404320,0,0,,
A,1649404920,0,0,,
A,1649405520,0,0,,
A,1649406120,0,0,,
A,1649406720,0,0,,
A,1649407320,0,0,,
A,1649407920,0,0,,
A,1649408520,0,0,,
A,1649409120,0,0,,
A,1649409720,0,0,,
A,1649410320,0,0,,
A,1649410920,0,0,,
A,1649411520,0,0,,
A,1649412120,0,0,,
A,1649412720,0,0,,
A,1649413320,0,0,,
A,1649413920,0,0,,
A,1649414520,0,0,,
A,1649415180,0,60,,
A,1649415780,0,0,,
A,1649416380,0,0,,
A,1649416980,0,0,,
A,1649417580,0,0,,
A,1649418180,0,0,,
A,1649418780,0,0,,
A,1649419380,0,0,,
A,1649419980,0,0,,
A,1649420580,0,0,,
A,1649421180,0,0,,
A,1649421780,0,0,,
A,1649422380,0,0,,
A,1649422980,0,0,,
A,1649423580,0,0,,
A,1649424180,0,0,,
A,1649424780,0,0,,
A,1649425380,0,0,,
A,1649425980,0,0,,
A,1649426580,0,0,,
A,1649427180,0,0,,
A,1649427780,0,0,,
A,1649428380,0,0,,
A,1649428980,0,0,,
A,1649429580,0,0,,
A,1649430180,0,0,,
A,1649430780,0,0,,
A,1649431380,0,0,,
A,1649431980,0,0,,
A,1649432640,0,60,,
A,1649433240,0,0,,
A,1649433840,0,0,,
A,1649434440,0,0,,
A,1649435040,0,0,,
A,1649435640,0,0,,
A,1649436240,0,0,,
A,1649436840,0,0,,
A,1649437440,0,0,,
A,1649438040,0,0,,
A,1649438640,0,0,,
A,1649439240,0,0,,
A,1649439840,0,0,,
A,1649440440,0,0,,
A,1649441040,0,0,,
A,1649441640,0,0,,
A,1649442240,0,0,,
A,1649442840,0,0,,
A,1649443500,0,60,,
A,1649444100,0,0,,
A,1649444700,0,0,,
A,1649445300,0,0,,
A,1649445900,0,0,,
A,1649446500,0,0,,
A,1649447100,0,0,,
A,1649447700,0,0,,
A,1649448300,0,0,,
A,1649448900,0,0,,
A,1649449500,0,0,,
A,1649450100,0,0,,
A,1649450700,0,0,,
A,1649451300,0,0,,
A,1649451900,0,0,,
A,1649452500,0,0,,
A,1649453100,0,0,,
A,1649453700,0,0,,
A,1649454300,0,0,,
A,1649454900,0,0,,
A,1649455500,0,0,,
A,1649456100,0,0,,
A,1649456700,0,0,,
A,1649457300,0,0,,
A,1649457900,0,0,,
A,1649458500,0,0,,
A,1649459100,0,0,,
A,1649459700,0,0,,
A,1649460300,0,0,,
A,1649460900,0,0,,
A,1649461500,0,0,,
A,1649462100,0,0,,
A,1649462700,0,0,,
A,1649463300,0,0,,
A,1649463900,0,0,,
A,1649464500,0,0,,
A,1649465100,0,0,,
A,1649465700,0,0,,
A,1649466300,0,0,,
A,1649466900,0,0,,
A,1649467500,0,0,,
A,1649468100,0,0,,
A,1649468700,0,0,,
A,1649469300,0,0,,
A,1649469960,0,60,,
A,1649470560,0,0,,
A,1649471160,0,0,,
A,1649471760,0,0,,
A,1649472360,0,0,,
A,1649472960,0,0,,
A,1649473560,0,0,,
A,1649474160,0,0,,
A,1649474760,0,0,,
A,1649475360,0,0,,
A,1649475960,0,0,,
A,1649476560,0,0,,
A,1649477160,0,0,,
A,1649477760,0,0,,
A,1649478360,0,0,,
A,1649478960,0,0,,
A,1649479560,0,0,,
A,1649480160,0,0,,
A,1649480760,0,0,,
A,1649481360,0,0,,
A,1649481960,0,0,,
A,1649482560,0,0,,
A,1649483160,0,0,,
A,1649483760,0,0,,
A,1649484360,0,0,,
A,1649484960,0,0,,
A,1649485560,0,0,,
A,1649486160,0,0,,
A,1649486760,0,0,,
A,1649487360,0,0,,
A,1649487960,0,0,,
A,1649488560,0,0,,
A,1649489160,0,0,,
A,1649489760,0,0,,
A,1649490360,0,0,,
A,1649490960,0,0,,
A,1649491620,0,60,,
A,1649492220,0,0,,
A,1649492820,0,0,,
A,1649493420,0,0,,
A,1649494020,0,0,,
A,1649494620,0,0,,
A,1649495220,0,0,,
A,1649495820,0,0,,
A,1649496420,0,0,,
A,1649497020,0,0,,
A,1649497620,0,0,,
A,1649498220,0,0,,
A,1649498820,0,0,,
A,1649499420,0,0,,
A,1649500020,0,0,,
A,1649500620,0,0,,
A,1649501220,0,0,,
A,1649501820,0,0,,
A,1649502420,0,0,,
A,1649503020,0,0,,
A,1649503620,0,0,,
A,1649504220,0,0,,
A,1649504820,0,0,,
A,1649505420,0,0,,
A,1649506020,0,0,,
A,1649506620,0,0,,
A,1649507220,0,0,,
A,1649507820,0,0,,
A,1649508420,0,0,,
A,1649509020,0,0,,
A,1649509620,0,0,,
A,1649510220,0,0,,
A,1649510820,0,0,,
A,1649511420,0,0,,
A,1649512020,0,0,,
A,1649512620,0,0,,
A,1649513220,0,0,,
A,1649513820,0,0,,
A,1649514420,0,0,,
A,1649515020,0,0,,
A,1649515620,0,0,,
A,1649516220,0,0,,
A,1649516820,0,0,,
A,1649517480,0,60,,
A,1649518080,0,0,,
A,1649518680,0,0,,
A,1649519280,0,0,,
A,1649519880,0,0,,
A,1649520480,0,0,,
A,1649521080,0,0,,
A,1649521680,0,0,,
A,1649522280,0,0,,
A,1649522880,0,0,,
A,1649523480,0,0,,
A,1649524080,0,0,,
A,1649524680,0,0,,
A,1649525280,0,0,,
A,1649525880,0,0,,
A,1649526480,0,0,,
A,1649527080,0,0,,
A,1649527680,0,0,,
A,1649528280,0,0,,
A,1649528880,0,0,,
A,1649529480,0,0,,
A,1649530080,0,0,,
A,1649530680,0,0,,
A,1649531280,0,0,,
A,1649531880,0,0,,
A,1649532480,0,0,,
A,1649533080,0,0,,
A,1649533680,0,0,,
A,1649534280,0,0,,
A,1649534880,0,0,,
A,1649535480,0,0,,
A,1649536080,0,0,,
A,1649536680,0,0,,
A,1649537280,0,0,,
A,1649537880,0,0,,
A,1649538480,0,0,,
A,1649539080,0,0,,
A,1649539680,0,0,,
A,1649540280,0,0,,
A,1649540880,0,0,,
A,1649541480,0,0,,
A,1649542080,0,0,,
A,1649542680,0,0,,
A,1649543280,0,0,,
A,1649543940,0,60,,
A,1649544540,0,0,,
A,1649545140,0,0,,
A,1649545740,0,0,,
A,1649546340,0,0,,
A,1649546940,0,0,,
A,1649547540,0,0,,
A,1649548140,0,0,,
A,1649548740,0,0,,
A,1649549340,0,0,,
A,1649549940,0,0,,
A,1649550540,0,0,,
A,1649551140,0,0,,
A,1649551740,0,0,,
A,1649552340,0,0,,
A,1649552940,0,0,,
A,1649553540,0,0,,
A,1649554140,0,0,,
A,1649554740,0,0,,
A,1649555340,0,0,,
A,1649555940,0,0,,
A,1649556540,0,0,,
A,1649557140,0,0,,
A,1649557740,0,0,,
A,1649558340,0,0,,
A,1649558940,0,0,,
A,1649559540,0,0,,
A,1649560140,0,0,,
A,1649560740,0,0,,
A,1649561340,0,0,,
A,1649561940,0,0,,
A,1649562540,0,0,,
A,1649563140,0,0,,
A,1649563740,0,0,,
A,1649564340,0,0,,
A,1649564940,0,0,,
A,1649565540,0,0,,
A,1649566140,0,0,,
A,1649566740,0,0,,
A,1649567340,0,0,,
A,1649567940,0,0,,
A,1649568540,0,0,,
A,1649569140,0,0,,
A,1649569800,0,60,,
A,1649570400,0,0,,
A,1649571000,0,0,,
A,1649571600,0,0,,
A,1649572200,0,0,,
A,1649572800,0,0,,
A,1649573400,0,0,,
A,1649574000,0,0,,
A,1649574600,0,0,,
A,1649575200,0,0,,
A,1649575800,0,0,,
A,1649576400,0,0,,
A,1649577000,0,0,,
A,1649577600,0,0,,
A,1649578200,0,0,,
A,1649578800,0,0,,
A,1649579400,0,0,,
A,1649580000,0,0,,
A,1649580600,0,0,,
A,1649581200,0,0,,
A,1649581800,0,0,,
A,1649582400,0,0,,
A,1649583000,0,0,,
A,1649583600,0,0,,
A,1649584200,0,0,,
A,1649584800,0,0,,
A,1649585400,0,0,,
A,1649586000,0,0,,
A,1649586600,0,0,,
A,1649587200,0,0,,
A,1649587800,0,0,,
A,1649588400,0,0,,
A,1649589000,0,0,,
A,1649589600,0,0,,
A,1649590200,0,0,,
A,1649590800,0,0,,
A,1649591460,0,60,,
A,1649592060,0,0,,
A,1649592660,0,0,,
A,1649593260,0,0,,
A,1649593860,0,0,,
A,1649594460,0,0,,
A,1649595060,0,0,,
A,1649595660,0,0,,
A,1649596260,0,0,,
A,1649596860,0,0,,
A,1649597460,0,0,,
A,1649598060,0,0,,
A,1649598660,0,0,,
A,1649599260,0,0,,
A,1649599860,0,0,,
A,1649600460,0,0,,
A,1649601060,0,0,,
A,1649601660,0,0,,
A,1649602260,0,0,,
A,1649602860,0,0,,
A,1649603460,0,0,,
A,1649604060,0,0,,
A,1649604660,0,0,,
A,1649605260,0,0,,
A,1649605860,0,0,,
A,1649606460,0,0,,
A,1649607060,0,0,,
A,1649607660,0,0,,
A,1649608260,0,0,,
A,1649608860,0,0,,
A,1649609460,0,0,,
A,1649610060,0,0,,
A,1649610660,0,0,,
A,1649611260,0,0,,
A,1649611860,0,0,,
A,1649612460,0,0,,
A,1649613060,0,0,,
A,1649613660,0,0,,
A,1649614260,0,0,,
A,1649614860,0,0,,
A,1649615460,0,0,,
A,1649616060,0,0,,
A,1649616660,0,0,,
A,1649617260,0,0,,
A,1649617860,0,0,,
A,1649618520,0,60,,
A,1649619120,0,0,,
A,1649619720,0,0,,
A,1649620320,0,0,,
A,1649620920,0,0,,
A,1649621520,0,0,,
A,1649622120,0,0,,
A,1649622720,0,0,,
A,1649623320,0,0,,
A,1649623920,0,0,,
A,1649624520,0,0,,
A,1649625120,0,0,,
A,1649625720,0,0,,
A,1649626320,0,0,,
A,1649626920,0,0,,
A,1649627520,0,0,,
A,1649628120,0,0,,
A,1649628720,0,0,,
A,1649629320,0,0,,
A,1649629920,0,0,,
A,1649630520,0,0,,
A,1649631120,0,0,,
A,1649631720,0,0,,
A,1649632320,0,0,,
A,1649632920,0,0,,
A,1649633520,0,0,,
A,1649634120,0,0,,
A,1649634720,0,0,,
A,1649635320,0,0,,
A,1649635920,0,0,,
A,1649636520,0,0,,
A,1649637120,0,0,,
A,1649637720,0,0,,
A,1649638320,0,0,,
A,1649638920,0,0,,
A,1649639520,0,0,,
A,1649640120,0,0,,
A,1649640720,0,0,,
A,1649641320,0,0,,
A,1649641920,0,0,,
A,1649642520,0,0,,
A,1649643120,0,0,,
A,1649643720,0,0,,
A,1649644380,0,60,,
A,1649644980,0,0,,
A,1649645580,0,0,,
A,1649646180,0,0,,
A,1649646780,0,0,,
A,1649647380,0,0,,
A,1649647980,0,0,,
A,1649648580,0,0,,
A,1649649180,0,0,,
A,1649649780,0,0,,
A,1649650380,0,0,,
A,1649650980,0,0,,
A,1649651580,0,0,,
A,1649652180,0,0,,
A,1649652780,0,0,,
A,1649653380,0,0,,
A,1649653980,0,0,,
A,1649654580,0,0,,
A,1649655180,0,0,,
A,1649655780,0,0,,
A,1649656380,0,0,,
A,1649656980,0,0,,
A,1649657580,0,0,,
A,1649658180,0,0,,
A,1649658780,0,0,,
A,1649659380,0,0,,
A,1649659980,0,0,,
A,1649660580,0,0,,
A,1649661180,0,0,,
A,1649661780,0,0,,
A,1649662380,0,0,,
A,1649662980,0,0,,
A,1649663580,0,0,,
A,1649664180,0,0,,
A,1649664780,0,0,,
A,1649665380,0,0,,
A,1649665980,0,0,,
A,1649666580,0,0,,
A,1649667180,0,0,,
A,1649667780,0,0,,
A,1649668380,0,0,,
A,1649669040,0,60,,
A,1649669640,0,0,,
A,1649670240,0,0,,
A,1649670840,0,0,,
A,1649671440,0,0,,
A,1649672040,0,0,,
A,1649672640,0,0,,
A,1649673240,0,0,,
A,1649673840,0,0,,
A,1649674440,0,0,,
A,1649675040,0,0,,
A,1649675640,0,0,,
A,1649676240,0,0,,
A,1649676840,0,0,,
A,1649677440,0,0,,
A,1649678040,0,0,,
A,1649678640,0,0,,
A,1649679240,0,0,,
A,1649679900,0,60,,
A,1649680500,0,0,,
A,1649681100,0,0,,
A,1649681700,0,0,,
A,1649682300,0,0,,
A,1649682900,0,0,,
A,1649683500,0,0,,
A,1649684100,0,0,,
A,1649684700,0,0,,
A,1649685300,0,0,,
A,1649685900,0,0,,
A,1649686500,0,0,,
A,1649687100,0,0,,
A,1649687700,0,0,,
A,1649688300,0,0,,
A,1649688900,0,0,,
A,1649689500,0,0,,
A,1649690100,0,0,,
A,1649690700,0,0,,
A,1649691300,0,0,,
A,1649691900,0,0,,
A,1649692500,0,0,,
A,1649693100,0,0,,
A,1649693700,0,0,,
A,1649694300,0,0,,
A,1649694900,0,0,,
A,1649695500,0,0,,
A,1649696100,0,0,,
A,1649696700,0,0,,
A,1649697360,0,60,,
A,1649697960,0,0,,
A,1649698560,0,0,,
A,1649699160,0,0,,
A,1649699760,0,0,,
A,1649700360,0,0,,
A,1649700960,0,0,,
A,1649701560,0,0,,
A,1649702160,0,0,,
A,1649702760,0,0,,
A,1649703360,0,0,,
A,1649703960,0,0,,
A,1649704560,0,0,,
A,1649705160,0,0,,
A,1649705760,0,0,,
A,1649706360,0,0,,
A,1649706960,0,0,,
A,1649707560,0,0,,
A,1649708160,0,0,,
A,1649708760,0,0,,
A,1649709360,0,0,,
A,1649709960,0,0,,
A,1649710560,0,0,,
A,1649711160,0,0,,
A,1649711760,0,0,,
A,1649712360,0,0,,
A,1649712960,0,0,,
A,1649713560,0,0,,
A,1649714160,0,0,,
A,1649714760,0,0,,
A,1649715360,0,0,,
A,1649715960,0,0,,
A,1649716620,0,60,,
A,1649717220,0,0,,
A,1649717820,0,0,,
A,1649718420,0,0,,
A,1649719020,0,0,,
A,1649719620,0,0,,
A,1649720220,0,0,,
A,1649720820,0,0,,
A,1649721420,0,0,,
A,1649722020,0,0,,
A,1649722620,0,0,,
A,1649723220,0,0,,
A,1649723820,0,0,,
A,1649724420,0,0,,
A,1649725020,0,0,,
A,1649725620,0,0,,
A,1649726220,0,0,,
A,1649726820,0,0,,
A,1649727420,0,0,,
A,1649728020,0,0,,
A,1649728620,0,0,,
A,1649729220,0,0,,
A,1649729820,0,0,,
A,1649730420,0,0,,
A,1649731020,0,0,,
A,1649731620,0,0,,
A,1649732220,0,0,,
A,1649732820,0,0,,
A,1649733420,0,0,,
A,1649734020,0,0,,
A,1649734620,0,0,,
A,1649735220,0,0,,
A,1649735820,0,0,,
A,1649736420,0,0,,
A,1649737020,0,0,,
A,1649737620,0,0,,
A,1649738220,0,0,,
A,1649738820,0,0,,
A,1649739420,0,0,,
A,1649740020,0,0,,
A,1649740620,0,0,,
A,1649741220,0,0,,
A,1649741820,0,0,,
A,1649742480,0,60,,
A,1649743080,0,0,,
A,1649743680,0,0,,
A,1649744280,0,0,,
A,1649744880,0,0,,
A,1649745480,0,0,,
A,1649746080,0,0,,
A,1649746680,0,0,,
A,1649747280,0,0,,
A,1649747880,0,0,,
A,1649748480,0,0,,
A,1649749080,0,0,,
A,1649749680,0,0,,
A,1649750280,0,0,,
A,1649750880,0,0,,
A,1649751480,0,0,,
A,1649752080,0,0,,
A,1649752680,0,0,,
A,1649753280,0,0,,
A,1649753880,0,0,,
A,1649754480,0,0,,
A,1649755080,0,0,,
A,1649755680,0,0,,
A,1649756280,0,0,,
A,1649756880,0,0,,
A,1649757480,0,0,,
A,1649758080,0,0,,
A,1649758740,0,60,,
A,1649759340,0,0,,
A,1649759940,0,0,,
A,1649760540,0,0,,
A,1649761140,0,0,,
A,1649761740,0,0,,
A,1649762340,0,0,,
A,1649762940,0,0,,
A,1649763540,0,0,,
A,1649764140,0,0,,
A,1649764740,0,0,,
A,1649765340,0,0,,
A,1649765940,0,0,,
A,1649766540,0,0,,
A,1649767140,0,0,,
A,1649767740,0,0,,
A,1649768340,0,0,,
A,1649769000,0,60,,
A,1649769600,0,0,,
A,1649770200,0,0,,
A,1649770800,0,0,,
A,1649771400,0,0,,
A,1649772000,0,0,,
A,1649772600,0,0,,
A,1649773200,0,0,,
A,1649773800,0,0,,
A,1649774400,0,0,,
A,1649775000,0,0,,
A,1649775600,0,0,,
A,1649776200,0,0,,
A,1649776800,0,0,,
A,1649777400,0,0,,
A,1649778000,0,0,,
A,1649778600,0,0,,
A,1649779200,0,0,,
A,1649779800,0,0,,
A,1649780400,0,0,,
A,1649781000,0,0,,
A,1649781600,0,0,,
A,1649782200,0,0,,
A,1649782860,0,60,,
A,1649783460,0,0,,
A,1649784060,0,0,,
A,1649784660,0,0,,
A,1649785260,0,0,,
A,1649785860,0,0,,
A,1649786460,0,0,,
A,1649787060,0,0,,
A,1649787660,0,0,,
A,1649788260,0,0,,
A,1649788860,0,0,,
A,1649789460,0,0,,
A,1649790060,0,0,,
A,1649790660,0,0,,
A,1649791260,0,0,,
A,1649791860,0,0,,
A,1649792460,0,0,,
A,1649793060,0,0,,
A,1649793660,0,0,,
A,1649794260,0,0,,
A,1649794860,0,0,,
A,1649795460,0,0,,
A,1649796060,0,0,,
A,1649796660,0,0,,
A,1649797260,0,0,,
A,1649797860,0,0,,
A,1649798460,0,0,,
A,1649799060,0,0,,
A,1649799660,0,0,,
A,1649800260,0,0,,
A,1649800860,0,0,,
A,1649801520,0,60,,
A,1649802120,0,0,,
A,1649802720,0,0,,
A,1649803320,0,0,,
A,1649803920,0,0,,
A,1649804520,0,0,,
A,1649805120,0,0,,
A,1649805720,0,0,,
A,1649806320,0,0,,
A,1649806920,0,0,,
A,1649807520,0,0,,
A,1649808120,0,0,,
A,1649808720,0,0,,
A,1649809320,0,0,,
A,1649809920,0,0,,
A,1649810520,0,0,,
A,1649811120,0,0,,
A,1649811720,0,0,,
A,1649812320,0,0,,
A,1649812920,0,0,,
A,1649813520,0,0,,
A,1649814120,0,0,,
A,1649814720,0,0,,
A,1649815320,0,0,,
A,1649815920,0,0,,
A,1649816520,0,0,,
A,1649817120,0,0,,
A,1649817780,0,60,,
A,1649818380,0,0,,
A,1649818980,0,0,,
A,1649819580,0,0,,
A,1649820180,0,0,,
A,1649820780,0,0,,
A,1649821380,0,0,,
A,1649821980,0,0,,
A,1649822580,0,0,,
A,1649823180,0,0,,
A,1649823780,0,0,,
A,1649824380,0,0,,
A,1649824980,0,0,,
A,1649825580,0,0,,
A,1649826180,0,0,,
A,1649826780,0,0,,
A,1649827380,0,0,,
A,1649827980,0,0,,
A,1649828580,0,0,,
A,1649829180,0,0,,
A,1649829780,0,0,,
A,1649830380,0,0,,
A,1649830980,0,0,,
A,1649831580,0,0,,
A,1649832180,0,0,,
A,1649832780,0,0,,
A,1649833380,0,0,,
A,1649834040,0,60,,
A,1649834640,0,0,,
A,1649835240,0,0,,
A,1649835840,0,0,,
A,1649836440,0,0,,
A,1649837100,0,60,,
A,1649837700,0,0,,
A,1649838300,0,0,,
A,1649838900,0,0,,
A,1649839500,0,0,,
A,1649840100,0,0,,
A,1649840700,0,0,,
A,1649841300,0,0,,
A,1649841900,0,0,,
A,1649842500,0,0,,
A,1649843100,0,0,,
A,1649843700,0,0,,
A,1649844300,0,0,,
A,1649844900,0,0,,
A,1649845500,0,0,,
A,1649846100,0,0,,
A,1649846760,0,60,,
A,1649847360,0,0,,
A,1649847960,0,0,,
A,1649848560,0,0,,
A,1649849160,0,0,,
A,1649849760,0,0,,
A,1649850360,0,0,,
A,1649850960,0,0,,
A,1649851560,0,0,,
A,1649852160,0,0,,
A,1649852760,0,0,,
A,1649853360,0,0,,
A,1649853960,0,0,,
A,1649854560,0,0,,
A,1649855160,0,0,,
A,1649855760,0,0,,
A,1649856360,0,0,,
A,1649856960,0,0,,
A,1649857560,0,0,,
A,1649858160,0,0,,
A,1649858820,0,60,,
A,1649859420,0,0,,
A,1649860020,0,0,,
A,1649860620,0,0,,
A,1649861220,0,0,,
A,1649861820,0,0,,
A,1649862420,0,0,,
A,1649863020,0,0,,
A,1649863620,0,0,,
A,1649864220,0,0,,
A,1649864820,0,0,,
A,1649865420,0,0,,
A,1649866020,0,0,,
A,1649866620,0,0,,
A,1649867220,0,0,,
A,1649867820,0,0,,
A,1649868480,0,60,,
A,1649869080,0,0,,
A,1649869680,0,0,,
A,1649870280,0,0,,
A,1649870880,0,0,,
A,1649871480,0,0,,
A,1649872080,0,0,,
A,1649872680,0,0,,
A,1649873280,0,0,,
A,1649873880,0,0,,
A,1649874480,0,0,,
A,1649875080,0,0,,
A,1649875680,0,0,,
A,1649876280,0,0,,
A,1649876880,0,0,,
A,1649877480,0,0,,
A,1649878080,0,0,,
A,1649878680,0,0,,
A,1649879280,0,0,,
A,1649879880,0,0,,
A,1649880480,0,0,,
A,1649881080,0,0,,
A,1649881680,0,0,,
A,1649882280,0,0,,
A,1649882880,0,0,,
A,1649883480,0,0,,
A,1649884080,0,0,,
A,1649884680,0,0,,
A,1649885280,0,0,,
A,1649885880,0,0,,
A,1649886480,0,0,,
A,1649887080,0,0,,
A,1649887680,0,0,,
A,1649888280,0,0,,
A,1649888940,0,60,,
A,1649889540,0,0,,
A,1649890140,0,0,,
A,1649890740,0,0,,
A,1649891340,0,0,,
A,1649891940,0,0,,
A,1649892540,0,0,,
A,1649893140,0,0,,
A,1649893740,0,0,,
A,1649894340,0,0,,
A,1649894940,0,0,,
A,1649895540,0,0,,
A,1649896140,0,0,,
A,1649896740,0,0,,
A,1649897340,0,0,,
A,1649897940,0,0,,
A,1649898540,0,0,,
A,1649899140,0,0,,
A,1649899740,0,0,,
A,1649900340,0,0,,
A,1649900940,0,0,,
A,1649901540,0,0,,
A,1649902140,0,0,,
A,1649902740,0,0,,
A,1649903340,0,0,,
A,1649903940,0,0,,
A,1649904540,0,0,,
A,1649905140,0,0,,
A,1649905740,0,0,,
A,1649906340,0,0,,
A,1649906940,0,0,,
A,1649907540,0,0,,
A,1649908140,0,0,,
A,1649908740,0,0,,
A,1649909340,0,0,,
A,1649909940,0,0,,
A,1649910540,0,0,,
A,1649911200,0,60,,
A,1649911800,0,0,,
A,1649912400,0,0,,
A,1649913000,0,0,,
A,1649913600,0,0,,
A,1649914200,0,0,,
A,1649914800,0,0,,
A,1649915400,0,0,,
A,1649916000,0,0,,
A,1649916600,0,0,,
A,1649917200,0,0,,
A,1649917800,0,0,,
A,1649918400,0,0,,
A,1649919000,0,0,,
A,1649919600,0,0,,
A,1649920200,0,0,,
A,1649920800,0,0,,
A,1649921400,0,0,,
A,1649922000,0,0,,
A,1649922600,0,0,,
A,1649923200,0,0,,
A,1649923800,0,0,,
A,1649924400,0,0,,
A,1649925000,0,0,,
A,1649925600,0,0,,
A,1649926200,0,0,,
A,1649926800,0,0,,
A,1649927400,0,0,,
A,1649928000,0,0,,
A,1649928600,0,0,,
A,1649929260,0,60,,
A,1649929860,0,0,,
A,1649930460,0,0,,
A,1649931060,0,0,,
A,1649931660,0,0,,
A,1649932260,0,0,,
A,1649932860,0,0,,
A,1649933460,0,0,,
A,1649934060,0,0,,
A,1649934660,0,0,,
A,1649935260,0,0,,
A,1649935860,0,0,,
A,1649936460,0,0,,
A,1649937060,0,0,,
A,1649937660,0,0,,
A,1649938260,0,0,,
A,1649938920,0,60,,
A,1649939520,0,0,,
A,1649940120,0,0,,
A,1649940720,0,0,,
A,1649941320,0,0,,
A,1649941920,0,0,,
A,1649942520,0,0,,
A,1649943120,0,0,,
A,1649943720,0,0,,
A,1649944320,0,0,,
A,1649944920,0,0,,
A,1649945520,0,0,,
A,1649946120,0,0,,
A,1649946720,0,0,,
A,1649947320,0,0,,
A,1649947920,0,0,,
A,1649948520,0,0,,
A,1649949120,0,0,,
A,1649949720,0,0,,
A,1649950320,0,0,,
A,1649950980,0,60,,
A,1649951580,0,0,,
A,1649952180,0,0,,
A,1649952780,0,0,,
A,1649953380,0,0,,
A,1649953980,0,0,,
A,1649954580,0,0,,
A,1649955180,0,0,,
A,1649955780,0,0,,
A,1649956380,0,0,,
A,1649956980,0,0,,
A,1649957580,0,0,,
A,1649958180,0,0,,
A,1649958780,0,0,,
A,1649959380,0,0,,
A,1649959980,0,0,,
A,1649960580,0,0,,
A,1649961180,0,0,,
A,1649961780,0,0,,
A,1649962440,0,60,,
A,1649963040,0,0,,
A,1649963640,0,0,,
A,1649964240,0,0,,
A,1649964840,0,0,,
A,1649965440,0,0,,
A,1649966040,0,0,,
A,1649966640,0,0,,
A,1649967240,0,0,,
A,1649967840,0,0,,
A,1649968440,0,0,,
A,1649969040,0,0,,
A,1649969640,0,0,,
A,1649970240,0,0,,
A,1649970840,0,0,,
A,1649971440,0,0,,
A,1649972040,0,0,,
A,1649972640,0,0,,
A,1649973240,0,0,,
A,1649973840,0,0,,
A,1649974440,0,0,,
A,1649975040,0,0,,
A,1649975640,0,0,,
A,1649976240,0,0,,
A,1649976840,0,0,,
A,1649977440,0,0,,
A,1649978040,0,0,,
A,1649978640,0,0,,
A,1649979240,0,0,,
A,1649979840,0,0,,
A,1649980440,0,0,,
A,1649981040,0,0,,
A,1649981640,0,0,,
A,1649982240,0,0,,
A,1649982840,0,0,,
A,1649983440,0,0,,
A,1649984040,0,0,,
A,1649984640,0,0,,
A,1649985240,0,0,,
A,1649985840,0,0,,
A,1649986440,0,0,,
A,1649987040,0,0,,
A,1649987700,0,60,,
A,1649988300,0,0,,
A,1649988900,0,0,,
A,1649989500,0,0,,
A,1649990100,0,0,,
A,1649990700,0,0,,
A,1649991300,0,0,,
A,1649991900,0,0,,
A,1649992500,0,0,,
A,1649993100,0,0,,
A,1649993700,0,0,,
A,1649994300,0,0,,
A,1649994900,0,0,,
A,1649995500,0,0,,
A,1649996100,0,0,,
A,1649996700,0,0,,
A,1649997300,0,0,,
A,1649997900,0,0,,
A,1649998500,0,0,,
A,1649999100,0,0,,
A,1649999700,0,0,,
A,1650000300,0,0,,
A,1650000900,0,0,,
A,1650001500,0,0,,
A,1650002100,0,0,,
A,1650002700,0,0,,
A,1650003300,0,0,,
A,1650003900,0,0,,
A,1650004500,0,0,,
A,1650005100,0,0,,
A,1650005700,0,0,,
A,1650006300,0,0,,
A,1650006900,0,0,,
A,1650007500,0,0,,
A,1650008100,0,0,,
A,1650008700,0,0,,
A,1650009300,0,0,,
A,1650009900,0,0,,
A,1650010500,0,0,,
A,1650011100,0,0,,
A,1650011700,0,0,,
A,1650012300,0,0,,
A,1650012900,0,0,,
A,1650013560,0,60,,
A,1650014160,0,0,,
A,1650014760,0,0,,
A,1650015360,0,0,,
A,1650015960,0,0,,
A,1650016560,0,0,,
A,1650017160,0,0,,
A,1650017760,0,0,,
A,1650018360,0,0,,
A,1650018960,0,0,,
A,1650019560,0,0,,
A,1650020160,0,0,,
A,1650020760,0,0,,
A,1650021360,0,0,,
A,1650021960,0,0,,
A,1650022560,0,0,,
A,1650023160,0,0,,
A,1650023760,0,0,,
A,1650024360,0,0,,
A,1650024960,0,0,,
A,1650025560,0,0,,
A,1650026160,0,0,,
A,1650026760,0,0,,
A,1650027360,0,0,,
A,1650027960,0,0,,
A,1650028560,0,0,,
A,1650029160,0,0,,
A,1650029760,0,0,,
A,1650030360,0,0,,
A,1650030960,0,0,,
A,1650031560,0,0,,
A,1650032160,0,0,,
A,1650032760,0,0,,
A,1650033360,0,0,,
A,1650033960,0,0,,
A,1650034560,0,0,,
A,1650035160,0,0,,
A,1650035760,0,0,,
A,1650036360,0,0,,
A,1650036960,0,0,,
A,1650037560,0,0,,
A,1650038160,0,0,,
A,1650038760,0,0,,
A,1650039360,0,0,,
A,1650039960,0,0,,
A,1650040620,0,60,,
A,1650041220,0,0,,
A,1650041820,0,0,,
A,1650042420,0,0,,
A,1650043020,0,0,,
A,1650043620,0,0,,
A,1650044220,0,0,,
A,1650044820,0,0,,
A,1650045420,0,0,,
A,1650046020,0,0,,
A,1650046620,0,0,,
A,1650047220,0,0,,
A,1650047820,0,0,,
A,1650048420,0,0,,
A,1650049080,0,60,,
A,1650049680,0,0,,
A,1650050280,0,0,,
A,1650050880,0,0,,
A,1650051480,0,0,,
A,1650052080,0,0,,
A,1650052680,0,0,,
A,1650053280,0,0,,
A,1650053880,0,0,,
A,1650054480,0,0,,
A,1650055080,0,0,,
A,1650055680,0,0,,
A,1650056280,0,0,,
A,1650056880,0,0,,
A,1650057480,0,0,,
A,1650058080,0,0,,
A,1650058680,0,0,,
A,1650059280,0,0,,
A,1650059880,0,0,,
A,1650060480,0,0,,
A,1650061080,0,0,,
A,1650061680,0,0,,
A,1650062280,0,0,,
A,1650062880,0,0,,
A,1650063480,0,0,,
A,1650064080,0,0,,
A,1650064680,0,0,,
A,1650065280,0,0,,
A,1650065880,0,0,,
A,1650066480,0,0,,
A,1650067080,0,0,,
A,1650067680,0,0,,
A,1650068280,0,0,,
A,1650068880,0,0,,
A,1650069480,0,0,,
A,1650070080,0,0,,
A,1650070680,0,0,,
A,1650071280,0,0,,
A,1650071880,0,0,,
A,1650072480,0,0,,
A,1650073080,0,0,,
A,1650073680,0,0,,
A,1650074280,0,0,,
A,1650074880,0,0,,
A,1650075540,0,60,,
A,1650076140,0,0,,
A,1650076740,0,0,,
A,1650077340,0,0,,
A,1650077940,0,0,,
A,1650078540,0,0,,
A,1650079140,0,0,,
A,1650079740,0,0,,
A,1650080340,0,0,,
A,1650080940,0,0,,
A,1650081540,0,0,,
A,1650082140,0,0,,
A,1650082740,0,0,,
A,1650083340,0,0,,
A,1650083940,0,0,,
A,1650084540,0,0,,
A,1650085140,0,0,,
A,1650085740,0,0,,
A,1650086340,0,0,,
A,1650086940,0,0,,
A,1650087540,0,0,,
A,1650088140,0,0,,
A,1650088740,0,0,,
A,1650089340,0,0,,
A,1650089940,0,0,,
A,1650090540,0,0,,
A,1650091140,0,0,,
A,1650091740,0,0,,
A,1650092340,0,0,,
A,1650092940,0,0,,
A,1650093540,0,0,,
A,1650094140,0,0,,
A,1650094740,0,0,,
A,1650095340,0,0,,
A,1650095940,0,0,,
A,1650096540,0,0,,
A,1650097140,0,0,,
A,1650097740,0,0,,
A,1650098340,0,0,,
A,1650098940,0,0,,
A,1650099540,0,0,,
A,1650100140,0,0,,
A,1650100800,0,60,,
A,1650101400,0,0,,
A,1650102000,0,0,,
A,1650102600,0,0,,
A,1650103200,0,0,,
A,1650103800,0,0,,
A,1650104400,0,0,,
A,1650105000,0,0,,
A,1650105600,0,0,,
A,1650106200,0,0,,
A,1650106800,0,0,,
A,1650107400,0,0,,
A,1650108000,0,0,,
A,1650108600,0,0,,
A,1650109200,0,0,,
A,1650109800,0,0,,
A,1650110400,0,0,,
A,1650111000,0,0,,
A,1650111600,0,0,,
A,1650112200,0,0,,
A,1650112800,0,0,,
A,1650113400,0,0,,
A,1650114000,0,0,,
A,1650114600,0,0,,
A,1650115200,0,0,,
A,1650115800,0,0,,
A,1650116400,0,0,,
A,1650117000,0,0,,
A,1650117600,0,0,,
A,1650118200,0,0,,
A,1650118800,0,0,,
A,1650119400,0,0,,
A,1650120000,0,0,,
A,1650120600,0,0,,
A,1650121200,0,0,,
A,1650121800,0,0,,
A,1650122400,0,0,,
A,1650123000,0,0,,
A,1650123660,0,60,,
A,1650124260,0,0,,
A,1650124860,0,0,,
A,1650125460,0,0,,
A,1650126060,0,0,,
A,1650126660,0,0,,
A,1650127260,0,0,,
A,1650127860,0,0,,
A,1650128460,0,0,,
A,1650129060,0,0,,
A,1650129660,0,0,,
A,1650130260,0,0,,
A,1650130860,0,0,,
A,1650131460,0,0,,
A,1650132060,0,0,,
A,1650132660,0,0,,
A,1650133260,0,0,,
A,1650133860,0,0,,
A,1650134460,0,0,,
A,1650135060,0,0,,
A,1650135660,0,0,,
A,1650136260,0,0,,
A,1650136860,0,0,,
A,1650137460,0,0,,
A,1650138060,0,0,,
A,1650138660,0,0,,
A,1650139260,0,0,,
A,1650139860,0,0,,
A,1650140460,0,0,,
A,1650141060,0,0,,
A,1650141660,0,0,,
A,1650142260,0,0,,
A,1650142860,0,0,,
A,1650143460,0,0,,
A,1650144060,0,0,,
A,1650144660,0,0,,
A,1650145260,0,0,,
A,1650145860,0,0,,
A,1650146520,0,60,,
A,1650147120,0,0,,
A,1650147720,0,0,,
A,1650148320,0,0,,
A,1650148920,0,0,,
A,1650149520,0,0,,
A,1650150120,0,0,,
A,1650150720,0,0,,
A,1650151320,0,0,,
A,1650151920,0,0,,
A,1650152520,0,0,,
A,1650153120,0,0,,
A,1650153720,0,0,,
A,1650154320,0,0,,
A,1650154920,0,0,,
A,1650155520,0,0,,
A,1650156120,0,0,,
A,1650156720,0,0,,
A,1650157320,0,0,,
A,1650157920,0,0,,
A,1650158520,0,0,,
A,1650159120,0,0,,
A,1650159720,0,0,,
A,1650160320,0,0,,
A,1650160920,0,0,,
A,1650161520,0,0,,
A,1650162120,0,0,,
A,1650162720,0,0,,
A,1650163320,0,0,,
A,1650163920,0,0,,
A,1650164520,0,0,,
A,1650165120,0,0,,
A,1650165720,0,0,,
A,1650166320,0,0,,
A,1650166920,0,0,,
A,1650167520,0,0,,
A,1650168120,0,0,,
A,1650168720,0,0,,
A,1650169320,0,0,,
A,1650169920,0,0,,
A,1650170520,0,0,,
A,1650171120,0,0,,
A,1650171720,0,0,,
A,1650172380,0,60,,
A,1650172980,0,0,,
A,1650173580,0,0,,
A,1650174180,0,0,,
A,1650174780,0,0,,
A,1650175380,0,0,,
A,1650175980,0,0,,
A,1650176580,0,0,,
A,1650177180,0,0,,
A,1650177780,0,0,,
A,1650178380,0,0,,
A,1650178980,0,0,,
A,1650179580,0,0,,
A,1650180180,0,0,,
A,1650180780,0,0,,
A,1650181380,0,0,,
A,1650181980,0,0,,
A,1650182580,0,0,,
A,1650183180,0,0,,
A,1650183780,0,0,,
A,1650184380,0,0,,
A,1650184980,0,0,,
A,1650185580,0,0,,
A,1650186180,0,0,,
A,1650186780,0,0,,
A,1650187380,0,0,,
A,1650187980,0,0,,
A,1650188580,0,0,,
A,1650189180,0,0,,
A,1650189780,0,0,,
A,1650190380,0,0,,
A,1650190980,0,0,,
A,1650191580,0,0,,
A,1650192180,0,0,,
A,1650192780,0,0,,
A,1650193380,0,0,,
A,1650193980,0,0,,
A,1650194640,0,60,,
A,1650195240,0,0,,
A,1650195840,0,0,,
A,1650196440,0,0,,
A,1650197040,0,0,,
A,1650197640,0,0,,
A,1650198240,0,0,,
A,1650198840,0,0,,
A,1650199440,0,0,,
A,1650200040,0,0,,
A,1650200640,0,0,,
A,1650201240,0,0,,
A,1650201840,0,0,,
A,1650202440,0,0,,
A,1650203040,0,0,,
A,1650203640,0,0,,
A,1650204240,0,0,,
A,1650204840,0,0,,
A,1650205440,0,0,,
A,1650206040,0,0,,
A,1650206640,0,0,,
A,1650207240,0,0,,
A,1650207840,0,0,,
A,1650208440,0,0,,
A,1650209040,0,0,,
A,1650209640,0,0,,
A,1650210240,0,0,,
A,1650210840,0,0,,
A,1650211440,0,0,,
A,1650212100,0,60,,
A,1650212700,0,0,,
A,1650213300,0,0,,
A,1650213900,0,0,,
A,1650214500,0,0,,
A,1650215100,0,0,,
A,1650215700,0,0,,
A,1650216300,0,0,,
A,1650216900,0,0,,
A,1650217500,0,0,,
A,1650218100,0,0,,
A,1650218700,0,0,,
A,1650219300,0,0,,
A,1650219900,0,0,,
A,1650220500,0,0,,
A,1650221100,0,0,,
A,1650221700,0,0,,
A,1650222300,0,0,,
A,1650222900,0,0,,
A,1650223500,0,0,,
A,1650224100,0,0,,
A,1650224700,0,0,,
A,1650225300,0,0,,
A,1650225900,0,0,,
A,1650226500,0,0,,
A,1650227100,0,0,,
A,1650227700,0,0,,
A,1650228300,0,0,,
A,1650228900,0,0,,
A,1650229500,0,0,,
A,1650230100,0,0,,
A,1650230700,0,0,,
A,1650231300,0,0,,
A,1650231900,0,0,,
A,1650232500,0,0,,
A,1650233100,0,0,,
A,1650233700,0,0,,
A,1650234300,0,0,,
A,1650234900,0,0,,
A,1650235500,0,0,,
A,1650236100,0,0,,
A,1650236700,0,0,,
A,1650237300,0,0,,
A,1650237900,0,0,,
A,1650238500,0,0,,
A,1650239160,0,60,,
A,1650239760,0,0,,
A,1650240360,0,0,,
A,1650240960,0,0,,
A,1650241560,0,0,,
A,1650242160,0,0,,
A,1650242760,0,0,,
A,1650243360,0,0,,
A,1650243960,0,0,,
A,1650244560,0,0,,
A,1650245160,0,0,,
A,1650245760,0,0,,
A,1650246360,0,0,,
A,1650246960,0,0,,
A,1650247560,0,0,,
A,1650248160,0,0,,
A,1650248760,0,0,,
A,1650249360,0,0,,
A,1650249960,0,0,,
A,1650250560,0,0,,
A,1650251160,0,0,,
A,1650251760,0,0,,
A,1650252360,0,0,,
A,1650252960,0,0,,
A,1650253560,0,0,,
A,1650254160,0,0,,
A,1650254760,0,0,,
A,1650255360,0,0,,
A,1650255960,0,0,,
A,1650256560,0,0,,
A,1650257160,0,0,,
A,1650257760,0,0,,
A,1650258360,0,0,,
A,1650258960,0,0,,
A,1650259560,0,0,,
A,1650260160,0,0,,
A,1650260760,0,0,,
A,1650261360,0,0,,
A,1650261960,0,0,,
A,1650262560,0,0,,
A,1650263160,0,0,,
A,1650263760,0,0,,
A,1650264420,0,60,,
A,1650265020,0,0,,
A,1650265620,0,0,,
A,1650266220,0,0,,
A,1650266820,0,0,,
A,1650267420,0,0,,
A,1650268020,0,0,,
A,1650268620,0,0,,
A,1650269220,0,0,,
A,1650269820,0,0,,
A,1650270420,0,0,,
A,1650271020,0,0,,
A,1650271620,0,0,,
A,1650272220,0,0,,
A,1650272820,0,0,,
A,1650273420,0,0,,
A,1650274020,0,0,,
A,1650274620,0,0,,
A,1650275220,0,0,,
A,1650275820,0,0,,
A,1650276420,0,0,,
A,1650277020,0,0,,
A,1650277620,0,0,,
A,1650278220,0,0,,
A,1650278820,0,0,,
A,1650279420,0,0,,
A,1650280020,0,0,,
A,1650280620,0,0,,
A,1650281220,0,0,,
A,1650281820,0,0,,
A,1650282420,0,0,,
A,1650283020,0,0,,
A,1650283680,0,60,,
A,1650284280,0,0,,
A,1650284880,0,0,,
A,1650285480,0,0,,
A,1650286080,0,0,,
A,1650286680,0,0,,
A,1650287280,0,0,,
A,1650287880,0,0,,
A,1650288480,0,0,,
A,1650289080,0,0,,
A,1650289680,0,0,,
A,1650290280,0,0,,
A,1650290880,0,0,,
A,1650291480,0,0,,
A,1650292080,0,0,,
A,1650292680,0,0,,
A,1650293280,0,0,,
A,1650293880,0,0,,
A,1650294480,0,0,,
A,1650295080,0,0,,
A,1650295680,0,0,,
A,1650296280,0,0,,
A,1650296880,0,0,,
A,1650297480,0,0,,
A,1650298080,0,0,,
A,1650298680,0,0,,
A,1650299280,0,0,,
A,1650299880,0,0,,
A,1650300540,0,60,,
A,1650301140,0,0,,
A,1650301740,0,0,,
A,1650302340,0,0,,
A,1650302940,0,0,,
A,1650303540,0,0,,
A,1650304140,0,0,,
A,1650304740,0,0,,
A,1650305340,0,0,,
A,1650305940,0,0,,
A,1650306540,0,0,,
A,1650307140,0,0,,
A,1650307740,0,0,,
A,1650308340,0,0,,
A,1650308940,0,0,,
A,1650309540,0,0,,
A,1650310140,0,0,,
A,1650310740,0,0,,
A,1650311340,0,0,,
A,1650311940,0,0,,
A,1650312540,0,0,,
A,1650313140,0,0,,
A,1650313740,0,0,,
A,1650314340,0,0,,
A,1650314940,0,0,,
A,1650315540,0,0,,
A,1650316140,0,0,,
A,1650316740,0,0,,
A,1650317340,0,0,,
A,1650317940,0,0,,
A,1650318540,0,0,,
A,1650319140,0,0,,
A,1650319800,0,60,,
A,1650320400,0,0,,
A,1650321000,0,0,,
A,1650321600,0,0,,
A,1650322200,0,0,,
A,1650322800,0,0,,
A,1650323400,0,0,,
A,1650324000,0,0,,
A,1650324600,0,0,,
A,1650325200,0,0,,
A,1650325800,0,0,,
A,1650326400,0,0,,
A,1650327000,0,0,,
A,1650327600,0,0,,
A,1650328200,0,0,,
A,1650328800,0,0,,
A,1650329400,0,0,,
A,1650330000,0,0,,
A,1650330600,0,0,,
A,1650331200,0,0,,
A,1650331800,0,0,,
A,1650332400,0,0,,
A,1650333000,0,0,,
A,1650333600,0,0,,
A,1650334200,0,0,,
A,1650334800,0,0,,
A,1650335400,0,0,,
A,1650336000,0,0,,
A,1650336600,0,0,,
A,1650337200,0,0,,
A,1650337800,0,0,,
A,1650338400,0,0,,
A,1650339000,0,0,,
A,1650339660,0,60,,
A,1650340260,0,0,,
A,1650340860,0,0,,
A,1650341460,0,0,,
A,1650342060,0,0,,
A,1650342660,0,0,,
A,1650343260,0,0,,
A,1650343860,0,0,,
A,1650344460,0,0,,
A,1650345060,0,0,,
A,1650345660,0,0,,
A,1650346260,0,0,,
A,1650346860,0,0,,
A,1650347460,0,0,,
A,1650348060,0,0,,
A,1650348660,0,0,,
A,1650349260,0,0,,
A,1650349860,0,0,,
A,1650350460,0,0,,
A,1650351060,0,0,,
A,1650351660,0,0,,
A,1650352260,0,0,,
A,1650352860,0,0,,
A,1650353460,0,0,,
A,1650354060,0,0,,
A,1650354660,0,0,,
A,1650355260,0,0,,
A,1650355860,0,0,,
A,1650356460,0,0,,
A,1650357060,0,0,,
A,1650357660,0,0,,
A,1650358260,0,0,,
A,1650358860,0,0,,
A,1650359460,0,0,,
A,1650360060,0,0,,
A,1650360660,0,0,,
A,1650361320,0,60,,
A,1650361920,0,0,,
A,1650362520,0,0,,
A,1650363120,0,0,,
A,1650363720,0,0,,
A,1650364320,0,0,,
A,1650364920,0,0,,
A,1650365520,0,0,,
A,1650366120,0,0,,
A,1650366720,0,0,,
A,1650367320,0,0,,
A,1650367920,0,0,,
A,1650368520,0,0,,
A,1650369120,0,0,,
A,1650369720,0,0,,
A,1650370320,0,0,,
A,1650370920,0,0,,
A,1650371520,0,0,,
A,1650372120,0,0,,
A,1650372720,0,0,,
A,1650373320,0,0,,
A,1650373920,0,0,,
A,1650374580,0,60,,
A,1650375180,0,0,,
A,1650375780,0,0,,
A,1650376380,0,0,,
A,1650376980,0,0,,
A,1650377580,0,0,,
A,1650378180,0,0,,
A,1650378780,0,0,,
A,1650379380,0,0,,
A,1650379980,0,0,,
A,1650380580,0,0,,
A,1650381180,0,0,,
A,1650381780,0,0,,
A,1650382380,0,0,,
A,1650382980,0,0,,
A,1650383580,0,0,,
A,1650384180,0,0,,
A,1650384780,0,0,,
A,1650385380,0,0,,
A,1650385980,0,0,,
A,1650386580,0,0,,
A,1650449460,0,62280,,
A,1650450060,0,0,,
A,1650450660,0,0,,
A,1650451260,0,0,,
A,1650451860,0,0,,
A,1650452460,0,0,,
A,1650453060,0,0,,
A,1650453660,0,0,,
A,1650454260,0,0,,
A,1650454860,0,0,,
A,1650455460,0,0,,
A,1650456060,0,0,,
A,1650456660,0,0,,
A,1650457260,0,0,,
A,1650457860,0,0,,
A,1650458520,0,60,,
A,1650459120,0,0,,
A,1650459720,0,0,,
A,1650460320,0,0,,
A,1650460920,0,0,,
A,1650461520,0,0,,
A,1650462120,0,0,,
A,1650462720,0,0,,
A,1650463320,0,0,,
A,1650463920,0,0,,
A,1650464520,0,0,,
A,1650465120,0,0,,
A,1650465720,0,0,,
A,1650466320,0,0,,
A,1650466920,0,0,,
A,1650467520,0,0,,
A,1650468120,0,0,,
A,1650468720,0,0,,
A,1650469320,0,0,,
A,1650469920,0,0,,
A,1650470520,0,0,,
A,1650471120,0,0,,
A,1650471720,0,0,,
A,1650472380,0,60,,
A,1650472980,0,0,,
A,1650473580,0,0,,
A,1650474180,0,0,,
A,1650474780,0,0,,
A,1650475380,0,0,,
A,1650475980,0,0,,
A,1650476580,0,0,,
A,1650477180,0,0,,
A,1650477780,0,0,,
A,1650478380,0,0,,
A,1650478980,0,0,,
A,1650479580,0,0,,
A,1650480180,0,0,,
A,1650480780,0,0,,
A,1650481380,0,0,,
A,1650481980,0,0,,
A,1650482580,0,0,,
A,1650483180,0,0,,
A,1650483780,0,0,,
A,1650484380,0,0,,
A,1650484980,0,0,,
A,1650485580,0,0,,
A,1650486180,0,0,,
A,1650486780,0,0,,
A,1650487380,0,0,,
A,1650487980,0,0,,
A,1650488580,0,0,,
A,1650489180,0,0,,
A,1650489780,0,0,,
A,1650490380,0,0,,
A,1650490980,0,0,,
A,1650491580,0,0,,
A,1650492180,0,0,,
A,1650492780,0,0,,
A,1650493380,0,0,,
A,1650494040,0,60,,
A,1650494640,0,0,,
A,1650495240,0,0,,
A,1650495840,0,0,,
A,1650496440,0,0,,
A,1650497040,0,0,,
A,1650497640,0,0,,
A,1650498240,0,0,,
A,1650498840,0,0,,
A,1650499440,0,0,,
A,1650500040,0,0,,
A,1650500640,0,0,,
A,1650501240,0,0,,
A,1650501840,0,0,,
A,1650502440,0,0,,
A,1650503040,0,0,,
A,1650503640,0,0,,
A,1650504240,0,0,,
A,1650504840,0,0,,
A,1650505440,0,0,,
A,1650506040,0,0,,
A,1650506640,0,0,,
A,1650507240,0,0,,
A,1650507840,0,0,,
A,1650508440,0,0,,
A,1650509040,0,0,,
A,1650509640,0,0,,
A,1650510240,0,0,,
A,1650510840,0,0,,
A,1650511440,0,0,,
A,1650512040,0,0,,
A,1650512640,0,0,,
A,1650513240,0,0,,
A,1650513840,0,0,,
A,1650514440,0,0,,
A,1650515040,0,0,,
A,1650515640,0,0,,
A,1650516240,0,0,,
A,1650516840,0,0,,
A,1650517440,0,0,,
A,1650518040,0,0,,
A,1650518640,0,0,,
A,1650519240,0,0,,
A,1650519900,0,60,,
A,1650520500,0,0,,
A,1650521100,0,0,,
A,1650521700,0,0,,
A,1650522300,0,0,,
A,1650522900,0,0,,
A,1650523500,0,0,,
A,1650524100,0,0,,
A,1650524700,0,0,,
A,1650525300,0,0,,
A,1650525900,0,0,,
A,1650526500,0,0,,
A,1650527100,0,0,,
A,1650527700,0,0,,
A,1650528300,0,0,,
A,1650528900,0,0,,
A,1650529500,0,0,,
A,1650530100,0,0,,
A,1650530700,0,0,,
A,1650531300,0,0,,
A,1650531900,0,0,,
A,1650532500,0,0,,
A,1650533100,0,0,,
A,1650533700,0,0,,
A,1650534300,0,0,,
A,1650534900,0,0,,
A,1650535500,0,0,,
A,1650536100,0,0,,
A,1650536700,0,0,,
A,1650537300,0,0,,
A,1650537900,0,0,,
A,1650538500,0,0,,
A,1650539100,0,0,,
A,1650539700,0,0,,
A,1650540360,0,60,,
A,1650540960,0,0,,
A,1650541560,0,0,,
A,1650542160,0,0,,
A,1650542760,0,0,,
A,1650543360,0,0,,
A,1650543960,0,0,,
A,1650544560,0,0,,
A,1650545160,0,0,,
A,1650545760,0,0,,
A,1650546420,0,60,,
A,1650547020,0,0,,
A,1650547620,0,0,,
A,1650548220,0,0,,
A,1650548820,0,0,,
A,1650549420,0,0,,
A,1650550020,0,0,,
A,1650550620,0,0,,
A,1650551220,0,0,,
A,1650551820,0,0,,
A,1650552420,0,0,,
A,1650553020,0,0,,
A,1650553620,0,0,,
A,1650554220,0,0,,
A,1650554820,0,0,,
A,1650555420,0,0,,
A,1650556020,0,0,,
A,1650556620,0,0,,
A,1650557220,0,0,,
A,1650557820,0,0,,
A,1650558420,0,0,,
A,1650559020,0,0,,
A,1650559620,0,0,,
A,1650560220,0,0,,
A,1650560820,0,0,,
A,1650561420,0,0,,
A,1650562020,0,0,,
A,1650562620,0,0,,
A,1650563220,0,0,,
A,1650563820,0,0,,
A,1650564420,0,0,,
A,1650565020,0,0,,
A,1650565620,0,0,,
A,1650566220,0,0,,
A,1650566820,0,0,,
A,1650567420,0,0,,
A,1650568020,0,0,,
A,1650568620,0,0,,
A,1650569280,0,60,,
A,1650569880,0,0,,
A,1650570480,0,0,,
A,1650571080,0,0,,
A,1650571680,0,0,,
A,1650572280,0,0,,
A,1650572880,0,0,,
A,1650573480,0,0,,
A,1650574080,0,0,,
A,1650574680,0,0,,
A,1650575280,0,0,,
A,1650575880,0,0,,
A,1650576480,0,0,,
A,1650577080,0,0,,
A,1650577680,0,0,,
A,1650578280,0,0,,
A,1650578880,0,0,,
A,1650579480,0,0,,
A,1650580080,0,0,,
A,1650580680,0,0,,
A,1650581280,0,0,,
A,1650581880,0,0,,
A,1650582480,0,0,,
A,1650583080,0,0,,
A,1650583680,0,0,,
A,1650584280,0,0,,
A,1650584880,0,0,,
A,1650585480,0,0,,
A,1650586080,0,0,,
A,1650586680,0,0,,
A,1650587280,0,0,,
A,1650587880,0,0,,
A,1650588480,0,0,,
A,1650589080,0,0,,
A,1650589680,0,0,,
A,1650590280,0,0,,
A,1650590880,0,0,,
A,1650591480,0,0,,
A,1650592080,0,0,,
A,1650592680,0,0,,
A,1650593280,0,0,,
A,1650593880,0,0,,
A,1650594480,0,0,,
A,1650595140,0,60,,
A,1650595740,0,0,,
A,1650596340,0,0,,
A,1650596940,0,0,,
A,1650597540,0,0,,
A,1650598140,0,0,,
A,1650598740,0,0,,
A,1650599340,0,0,,
A,1650599940,0,0,,
A,1650600540,0,0,,
A,1650601140,0,0,,
A,1650601740,0,0,,
A,1650602340,0,0,,
A,1650602940,0,0,,
A,1650603540,0,0,,
A,1650604140,0,0,,
A,1650604740,0,0,,
A,1650605340,0,0,,
A,1650605940,0,0,,
A,1650606540,0,0,,
A,1650607140,0,0,,
A,1650607740,0,0,,
A,1650608340,0,0,,
A,1650608940,0,0,,
A,1650609540,1,0,,
A,1650610140,1,0,,
A,1650610740,1,0,,
A,1650611340,1,0,,
A,1650611940,1,0,,
A,1650612540,1,0,,
A,1650613140,1,0,,
A,1650613740,1,0,,
A,1650614340,1,0,,
A,1650614940,1,0,,
A,1650615540,1,0,,
A,1650616140,1,0,,
A,1650616740,1,0,,
A,1650617340,1,0,,
A,1650617940,1,0,,
A,1650618540,1,0,,
A,1650619140,1,0,,
A,1650619740,1,0,,
A,1650620340,1,0,,
A,1650621000,1,60,,
A,1650621600,1,0,,
A,1650622200,1,0,,
A,1650622800,1,0,,
A,1650623400,1,0,,
A,1650624000,1,0,,
A,1650624600,1,0,,
A,1650625200,1,0,,
A,1650625800,1,0,,
A,1650626400,1,0,,
A,1650627000,1,0,,
A,1650627600,1,0,,
A,1650628200,1,0,,
A,1650628800,1,0,,
A,1650629400,1,0,,
A,1650630000,1,0,,
A,1650630600,1,0,,
A,1650631200,1,0,,
A,1650631800,1,0,,
A,1650632400,1,0,,
A,1650633000,1,0,,
A,1650633600,1,0,,
A,1650634200,1,0,,
A,1650634860,1,60,,
A,1650635460,1,0,,
A,1650636060,1,0,,
A,1650636660,1,0,,
A,1650637260,1,0,,
A,1650637860,1,0,,
A,1650638460,1,0,,
A,1650639060,1,0,,
A,1650639660,1,0,,
A,1650640260,1,0,,
A,1650640860,1,0,,
A,1650641460,1,0,,
A,1650642060,1,0,,
A,1650642660,1,0,,
A,1650643260,1,0,,
A,1650643860,1,0,,
A,1650644460,1,0,,
A,1650645060,1,0,,
A,1650645660,1,0,,
A,1650646260,0,0,,
A,1650646860,0,0,,
A,1650647460,0,0,,
A,1650648060,0,0,,
A,1650648660,0,0,,
A,1650649260,0,0,,
A,1650649860,0,0,,
A,1650650460,0,0,,
A,1650651060,0,0,,
A,1650651660,0,0,,
A,1650652260,1,0,,
A,1650652860,1,0,,
A,1650653460,1,0,,
A,1650654060,1,0,,
A,1650654660,0,0,,
A,1650655260,0,0,,
A,1650655860,0,0,,
A,1650656460,0,0,,
A,1650657120,0,60,,
A,1650657720,0,0,,
A,1650658320,0,0,,
A,1650658920,0,0,,
A,1650659520,0,0,,
A,1650660120,0,0,,
A,1650660720,0,0,,
A,1650661320,0,0,,
A,1650661920,0,0,,
A,1650662520,0,0,,
A,1650663120,0,0,,
A,1650663720,0,0,,
A,1650664320,0,0,,
A,1650664920,0,0,,
A,1650665520,0,0,,
A,1650666120,0,0,,
A,1650666720,0,0,,
A,1650667320,0,0,,
A,1650667920,0,0,,
A,1650668520,0,0,,
A,1650669120,0,0,,
A,1650669720,0,0,,
A,1650670320,0,0,,
A,1650670920,0,0,,
A,1650671520,0,0,,
A,1650672120,0,0,,
A,1650672720,0,0,,
A,1650673320,0,0,,
A,1650673920,0,0,,
A,1650674520,0,0,,
A,1650675120,0,0,,
A,1650675720,0,0,,
A,1650676320,0,0,,
A,1650676920,0,0,,
A,1650677520,0,0,,
A,1650678120,0,0,,
A,1650678720,0,0,,
A,1650679320,0,0,,
A,1650679920,0,0,,
A,1650680520,0,0,,
A,1650681120,0,0,,
A,1650681720,0,0,,
A,1650682380,0,60,,
A,1650682980,0,0,,
A,1650683580,0,0,,
A,1650684180,0,0,,
A,1650684780,0,0,,
A,1650685380,0,0,,
A,1650685980,0,0,,
A,1650686580,0,0,,
A,1650687180,0,0,,
A,1650687780,0,0,,
A,1650688380,0,0,,
A,1650688980,0,0,,
A,1650689580,0,0,,
A,1650690180,0,0,,
A,1650690780,0,0,,
A,1650691380,0,0,,
A,1650691980,0,0,,
A,1650692580,0,0,,
A,1650693180,0,0,,
A,1650693780,0,0,,
A,1650694380,0,0,,
A,1650694980,0,0,,
A,1650695580,0,0,,
A,1650696180,0,0,,
A,1650696780,0,0,,
A,1650697380,0,0,,
A,1650697980,0,0,,
A,1650698580,0,0,,
A,1650699180,0,0,,
A,1650699780,0,0,,
A,1650700380,0,0,,
A,1650700980,0,0,,
A,1650701580,0,0,,
A,1650702180,0,0,,
A,1650702780,0,0,,
A,1650703380,0,0,,
A,1650703980,0,0,,
A,1650704580,0,0,,
A,1650705180,0,0,,
A,1650705780,0,0,,
A,1650706380,0,0,,
A,1650706980,0,0,,
A,1650707580,0,0,,
A,1650708240,0,60,,
A,1650708840,0,0,,
A,1650709440,0,0,,
A,1650710040,0,0,,
A,1650710640,0,0,,
A,1650711240,0,0,,
A,1650711840,0,0,,
A,1650712440,0,0,,
A,1650713040,0,0,,
A,1650717180,0,3540,,
A,1650717780,0,0,,
A,1650718380,0,0,,
A,1650718980,0,0,,
A,1650719580,0,0,,
A,1650720180,0,0,,
A,1650720840,0,60,,
A,1650721440,0,0,,
A,1650722040,0,0,,
A,1650722640,0,0,,
A,1650723240,0,0,,
A,1650723840,0,0,,
A,1650724440,0,0,,
A,1650725040,0,0,,
A,1650725640,0,0,,
A,1650726240,0,0,,
A,1650726840,0,0,,
A,1650727440,0,0,,
A,1650728040,0,0,,
A,1650728640,0,0,,
A,1650729240,0,0,,
A,1650729840,0,0,,
A,1650730440,0,0,,
A,1650731040,0,0,,
A,1650731640,0,0,,
A,1650732240,0,0,,
A,1650732840,0,0,,
A,1650733440,0,0,,
A,1650734040,0,0,,
A,1650734640,0,0,,
A,1650735240,0,0,,
A,1650735840,0,0,,
A,1650736440,0,0,,
A,1650737040,0,0,,
A,1650737640,0,0,,
A,1650738240,0,0,,
A,1650738840,0,0,,
A,1650739440,0,0,,
A,1650740040,0,0,,
A,1650740640,0,0,,
A,1650741240,0,0,,
A,1650741900,0,60,,
A,1650742500,0,0,,
A,1650743100,0,0,,
A,1650743700,0,0,,
A,1650744300,0,0,,
A,1650744900,0,0,,
A,1650745500,0,0,,
A,1650746100,0,0,,
A,1650746700,0,0,,
A,1650747300,0,0,,
A,1650747900,0,0,,
A,1650748500,0,0,,
A,1650749100,0,0,,
A,1650749700,0,0,,
A,1650750300,0,0,,
A,1650750900,0,0,,
A,1650751500,0,0,,
A,1650752100,0,0,,
A,1650752700,0,0,,
A,1650753300,0,0,,
A,1650753900,0,0,,
A,1650754500,0,0,,
A,1650755100,0,0,,
A,1650755700,0,0,,
A,1650756300,0,0,,
A,1650756900,0,0,,
A,1650757500,0,0,,
A,1650758100,0,0,,
A,1650758700,0,0,,
A,1650759300,0,0,,
A,1650759900,0,0,,
A,1650760500,0,0,,
A,1650761100,0,0,,
A,1650761700,0,0,,
A,1650762300,0,0,,
A,1650762900,0,0,,
A,1650763500,0,0,,
A,1650764100,0,0,,
A,1650764700,0,0,,
A,1650765300,0,0,,
A,1650765900,0,0,,
A,1650766500,0,0,,
A,1650767100,0,0,,
A,1650767760,0,60,,
A,1650768360,0,0,,
A,1650768960,0,0,,
A,1650769560,0,0,,
A,1650770160,0,0,,
A,1650770760,0,0,,
A,1650771360,0,0,,
A,1650771960,0,0,,
A,1650772560,0,0,,
A,1650773160,0,0,,
A,1650773760,0,0,,
A,1650774360,0,0,,
A,1650774960,0,0,,
A,1650775560,0,0,,
A,1650776160,0,0,,
A,1650776760,0,0,,
A,1650777360,0,0,,
A,1650777960,0,0,,
A,1650778560,0,0,,
A,1650779160,0,0,,
A,1650779760,0,0,,
A,1650780360,0,0,,
A,1650780960,0,0,,
A,1650781560,0,0,,
A,1650782160,0,0,,
A,1650782760,0,0,,
A,1650783360,0,0,,
A,1650783960,0,0,,
A,1650784560,0,0,,
A,1650785160,0,0,,
A,1650785760,0,0,,
A,1650786360,0,0,,
A,1650786960,0,0,,
A,1650787560,0,0,,
A,1650788160,0,0,,
A,1650788760,0,0,,
A,1650789360,0,0,,
A,1650789960,0,0,,
A,1650790560,0,0,,
A,1650791160,0,0,,
A,1650791760,0,0,,
A,1650792360,0,0,,
A,1650792960,0,0,,
A,1650793620,0,60,,
A,1650794220,0,0,,
A,1650794820,0,0,,
A,1650795420,0,0,,
A,1650796020,0,0,,
A,1650796620,0,0,,
A,1650797220,0,0,,
A,1650797820,0,0,,
A,1650798420,0,0,,
A,1650799020,0,0,,
A,1650799620,0,0,,
A,1650800220,0,0,,
A,1650800820,0,0,,
A,1650801420,0,0,,
A,1650802020,0,0,,
A,1650802620,0,0,,
A,1650803220,0,0,,
A,1650803820,0,0,,
A,1650804420,0,0,,
A,1650805020,0,0,,
A,1650805620,0,0,,
A,1650806220,0,0,,
A,1650806820,0,0,,
A,1650807420,0,0,,
A,1650808020,0,0,,
A,1650808620,0,0,,
A,1650809220,0,0,,
A,1650809820,0,0,,
A,1650814020,0,3600,,
A,1650814620,0,0,,
A,1650815220,0,0,,
A,1650815820,0,0,,
A,1650816420,0,0,,
A,1650817020,0,0,,
A,1650817620,0,0,,
A,1650818220,0,0,,
A,1650818820,0,0,,
A,1650819420,0,0,,
A,1650820020,0,0,,
A,1650820620,0,0,,
A,1650821220,0,0,,
A,1650821820,0,0,,
A,1650822420,0,0,,
A,1650823020,0,0,,
A,1650823620,0,0,,
A,1650824220,0,0,,
A,1650824820,0,0,,
A,1650825420,0,0,,
A,1650826020,0,0,,
A,1650826620,0,0,,
A,1650827220,0,0,,
A,1650827820,0,0,,
A,1650828420,0,0,,
A,1650829020,0,0,,
A,1650829620,0,0,,
A,1650830220,0,0,,
A,1650830820,0,0,,
A,1650831420,0,0,,
A,1650832020,0,0,,
A,1650832680,0,60,,
A,1650833280,0,0,,
A,1650833880,0,0,,
A,1650834480,0,0,,
A,1650835080,0,0,,
A,1650835680,0,0,,
A,1650836280,0,0,,
A,1650836880,0,0,,
A,1650837480,0,0,,
A,1650838080,0,0,,
A,1650838680,0,0,,
A,1650839280,0,0,,
A,1650839880,0,0,,
A,1650840480,0,0,,
A,1650841080,0,0,,
A,1650841680,0,0,,
A,1650842280,0,0,,
A,1650842880,0,0,,
A,1650843480,0,0,,
A,1650844080,0,0,,
A,1650844680,0,0,,
A,1650845280,0,0,,
A,1650845880,0,0,,
A,1650846480,0,0,,
A,1650847080,0,0,,
A,1650847680,0,0,,
A,1650848280,0,0,,
A,1650848880,0,0,,
A,1650849480,0,0,,
A,1650850080,0,0,,
A,1650850680,0,0,,
A,1650851280,0,0,,
A,1650851880,0,0,,
A,1650852480,0,0,,
A,1650853080,0,0,,
A,1650853680,0,0,,
A,1650854280,0,0,,
A,1650854880,0,0,,
A,1650855480,0,0,,
A,1650856080,0,0,,
A,1650856680,0,0,,
A,1650857280,0,0,,
A,1650857940,0,60,,
A,1650858540,0,0,,
A,1650859140,0,0,,
A,1650859740,0,0,,
A,1650860340,0,0,,
A,1650860940,0,0,,
A,1650861540,0,0,,
A,1650862140,0,0,,
A,1650862740,0,0,,
A,1650863340,0,0,,
A,1650863940,0,0,,
A,1650864540,0,0,,
A,1650865140,0,0,,
A,1650865740,0,0,,
A,1650866340,0,0,,
A,1650866940,0,0,,
A,1650867540,0,0,,
A,1650868140,0,0,,
A,1650868740,0,0,,
A,1650869340,0,0,,
A,1650869940,0,0,,
A,1650870540,0,0,,
A,1650871140,0,0,,
A,1650871740,0,0,,
A,1650872340,0,0,,
A,1650872940,0,0,,
A,1650873540,0,0,,
A,1650874140,0,0,,
A,1650874740,0,0,,
A,1650875340,0,0,,
A,1650875940,0,0,,
A,1650876540,0,0,,
A,1650877140,0,0,,
A,1650877740,0,0,,
A,1650878340,0,0,,
A,1650878940,0,0,,
A,1650879600,0,60,,
A,1650880200,0,0,,
A,1650880800,0,0,,
A,1650881400,0,0,,
A,1650882000,0,0,,
A,1650882600,0,0,,
A,1650883200,0,0,,
A,1650883800,0,0,,
A,1650884400,0,0,,
A,1650885000,0,0,,
A,1650885600,0,0,,
A,1650886200,0,0,,
A,1650886800,0,0,,
A,1650887400,0,0,,
A,1650888000,0,0,,
A,1650888600,0,0,,
A,1650889200,0,0,,
A,1650889860,0,60,,
A,1650890460,0,0,,
A,1650891060,0,0,,
A,1650891660,0,0,,
A,1650892260,0,0,,
A,1650892860,0,0,,
A,1650893460,0,0,,
A,1650894060,0,0,,
A,1650894660,0,0,,
A,1650895260,0,0,,
A,1650895920,0,60,,
A,1650896520,0,0,,
A,1650897120,0,0,,
A,1650897720,0,0,,
A,1650898320,0,0,,
A,1650898920,0,0,,
A,1650899520,0,0,,
A,1650900480,0,360,,
A,1650901140,0,60,,
A,1650901740,0,0,,
A,1650902340,0,0,,
A,1650902940,0,0,,
A,1650903540,0,0,,
A,1650904140,0,0,,
A,1650904740,0,0,,
A,1650905340,0,0,,
A,1650905940,0,0,,
A,1650906540,0,0,,
A,1650907140,0,0,,
A,1650907740,0,0,,
A,1650908340,0,0,,
A,1650908940,0,0,,
A,1650909540,0,0,,
A,1650910140,0,0,,
A,1650910740,0,0,,
A,1650911340,0,0,,
A,1650911940,0,0,,
A,1650912540,0,0,,
A,1650913140,0,0,,
A,1650913740,0,0,,
A,1650914340,0,0,,
A,1650914940,0,0,,
A,1650915540,0,0,,
A,1650916140,0,0,,
A,1650916800,0,60,,
A,1650917400,0,0,,
A,1650918000,0,0,,
A,1650918600,0,0,,
A,1650919200,0,0,,
A,1650919800,0,0,,
A,1650920400,0,0,,
A,1650921000,0,0,,
A,1650921600,0,0,,
A,1650922200,0,0,,
A,1650922800,0,0,,
A,1650923400,0,0,,
A,1650924000,0,0,,
A,1650924600,0,0,,
A,1650925200,0,0,,
A,1650925800,0,0,,
A,1650926400,0,0,,
A,1650927000,0,0,,
A,1650927600,0,0,,
A,1650928200,0,0,,
A,1650928800,0,0,,
A,1650929400,0,0,,
A,1650930060,0,60,,
A,1650930660,0,0,,
A,1650931260,0,0,,
A,1650931860,0,0,,
A,1650932460,0,0,,
A,1650933060,0,0,,
A,1650933660,0,0,,
A,1650934260,0,0,,
A,1650934860,0,0,,
A,1650935460,0,0,,
A,1650936060,0,0,,
A,1650936660,0,0,,
A,1650937260,0,0,,
A,1650937860,0,0,,
A,1650938460,0,0,,
A,1650939060,0,0,,
A,1650939660,0,0,,
A,1650940260,0,0,,
A,1650940860,0,0,,
A,1650941460,0,0,,
A,1650942060,0,0,,
A,1650942660,0,0,,
A,1650943260,0,0,,
A,1650943860,0,0,,
A,1650944460,0,0,,
A,1650945060,0,0,,
A,1650945660,0,0,,
A,1650946260,0,0,,
A,1650946860,0,0,,
A,1650947460,0,0,,
A,1650948060,0,0,,
A,1650948660,0,0,,
A,1650949260,0,0,,
A,1650949860,0,0,,
A,1650950460,0,0,,
A,1650951060,0,0,,
A,1650951660,0,0,,
A,1650952260,0,0,,
A,1650952860,0,0,,
A,1650953460,0,0,,
A,1650954060,0,0,,
A,1650954660,0,0,,
A,1650955260,0,0,,
A,1650955920,0,60,,
A,1650956520,0,0,,
A,1650957120,0,0,,
A,1650957720,0,0,,
A,1650958320,0,0,,
A,1650958920,0,0,,
A,1650959520,0,0,,
A,1650960120,0,0,,
A,1650960720,0,0,,
A,1650961320,0,0,,
A,1650961920,0,0,,
A,1650962520,0,0,,
A,1650963120,0,0,,
A,1650963780,0,60,,
A,1650964380,0,0,,
A,1650964980,0,0,,
A,1650965580,0,0,,
A,1650966180,0,0,,
A,1650966780,0,0,,
A,1650967380,0,0,,
A,1650967980,0,0,,
A,1650968580,0,0,,
A,1650969180,0,0,,
A,1650969780,0,0,,
A,1650970440,0,60,,
A,1650971040,0,0,,
A,1650971640,0,0,,
A,1650972240,0,0,,
A,1650972840,0,0,,
A,1650973440,0,0,,
A,1650974040,0,0,,
A,1650974640,0,0,,
A,1650975240,0,0,,
A,1650975840,0,0,,
A,1650976440,0,0,,
A,1650977040,0,0,,
A,1650977640,0,0,,
A,1650978240,0,0,,
A,1650978840,0,0,,
A,1650979440,0,0,,
A,1650980100,0,60,,
A,1650980700,0,0,,
A,1650981300,0,0,,
A,1650981900,0,0,,
A,1650982500,0,0,,
A,1650983100,0,0,,
A,1650983700,0,0,,
A,1650984300,0,0,,
A,1650984900,0,0,,
A,1650985500,0,0,,
A,1650986100,0,0,,
A,1650986700,0,0,,
A,1650987300,0,0,,
A,1650987960,0,60,,
A,1650988560,0,0,,
A,1650989160,0,0,,
A,1650989760,0,0,,
A,1650990360,0,0,,
A,1650990960,0,0,,
A,1650991560,0,0,,
A,1650992160,0,0,,
A,1650992760,0,0,,
A,1650993360,0,0,,
A,1650993960,0,0,,
A,1650994560,0,0,,
A,1650995160,0,0,,
A,1650995760,0,0,,
A,1650996360,0,0,,
A,1650996960,0,0,,
A,1650997560,0,0,,
A,1650998160,0,0,,
A,1650998760,0,0,,
A,1650999360,0,0,,
A,1650999960,0,0,,
A,1651000560,0,0,,
A,1651001160,0,0,,
A,1651001760,0,0,,
A,1651002360,0,0,,
A,1651002960,0,0,,
A,1651003620,0,60,,
A,1651004220,0,0,,
A,1651004820,0,0,,
A,1651005420,0,0,,
A,1651006020,0,0,,
A,1651006620,0,0,,
A,1651007220,0,0,,
A,1651007820,0,0,,
A,1651008420,0,0,,
A,1651009020,0,0,,
A,1651009620,0,0,,
A,1651010220,0,0,,
A,1651010820,0,0,,
A,1651011420,0,0,,
A,1651012020,0,0,,
A,1651012620,0,0,,
A,1651013220,0,0,,
A,1651013820,0,0,,
A,1651014420,0,0,,
A,1651015020,0,0,,
A,1651015620,0,0,,
A,1651016220,0,0,,
A,1651016820,0,0,,
A,1651017420,0,0,,
A,1651018020,0,0,,
A,1651018620,0,0,,
A,1651019220,0,0,,
A,1651019820,0,0,,
A,1651020420,0,0,,
A,1651021020,0,0,,
A,1651021620,0,0,,
A,1651022220,0,0,,
A,1651022880,0,60,,
A,1651023480,0,0,,
A,1651024080,0,0,,
A,1651024680,0,0,,
A,1651025280,0,0,,
A,1651025880,0,0,,
A,1651026480,0,0,,
A,1651027080,0,0,,
A,1651027680,0,0,,
A,1651028280,0,0,,
A,1651028880,0,0,,
A,1651029480,0,0,,
A,1651030080,0,0,,
A,1651030680,0,0,,
A,1651031280,0,0,,
A,1651031880,0,0,,
A,1651032480,0,0,,
A,1651033080,0,0,,
A,1651033680,0,0,,
A,1651034280,0,0,,
A,1651034880,0,0,,
A,1651035480,0,0,,
A,1651036080,0,0,,
A,1651036680,0,0,,
A,1651037280,0,0,,
A,1651037880,0,0,,
A,1651038480,0,0,,
A,1651039080,0,0,,
A,1651039680,0,0,,
A,1651040280,0,0,,
A,1651040880,0,0,,
A,1651041480,0,0,,
A,1651042080,0,0,,
A,1651042680,0,0,,
A,1651043280,0,0,,
A,1651043880,0,0,,
A,1651044480,0,0,,
A,1651045080,0,0,,
A,1651045680,0,0,,
A,1651046280,0,0,,
A,1651046880,0,0,,
A,1651047480,0,0,,
A,1651048080,0,0,,
A,1651048740,0,60,,
A,1651049340,0,0,,
A,1651049940,0,0,,
A,1651050540,0,0,,
A,1651051140,0,0,,
A,1651051740,0,0,,
A,1651052340,0,0,,
A,1651052940,0,0,,
A,1651053540,0,0,,
A,1651054140,0,0,,
A,1651054740,0,0,,
A,1651055340,0,0,,
A,1651055940,0,0,,
A,1651056540,0,0,,
A,1651057200,0,60,,
A,1651057800,0,0,,
A,1651058400,0,0,,
A,1651059060,0,60,,
A,1651059660,0,0,,
A,1651060260,0,0,,
A,1651060860,0,0,,
A,1651061460,0,0,,
A,1651062060,0,0,,
A,1651062720,0,60,,
A,1651063320,0,0,,
A,1651067700,0,3780,,
A,1651068300,0,0,,
A,1651068900,0,0,,
A,1651069500,0,0,,
A,1651070100,0,0,,
A,1651070700,0,0,,
A,1651071300,0,0,,
A,1651071900,0,0,,
A,1651072500,0,0,,
A,1651073100,0,0,,
A,1651073700,0,0,,
A,1651074300,0,0,,
A,1651074960,0,60,,
A,1651075620,0,60,,
A,1651076340,0,120,,
A,1651076940,0,0,,
A,1651077540,0,0,,
A,1651078140,0,0,,
A,1651078740,0,0,,
A,1651079340,0,0,,
A,1651079940,0,0,,
A,1651080540,0,0,,
A,1651081140,0,0,,
A,1651081800,0,60,,
A,1651082400,0,0,,
A,1651083000,0,0,,
A,1651083600,0,0,,
A,1651084200,0,0,,
A,1651084800,0,0,,
A,1651085400,0,0,,
A,1651086000,0,0,,
A,1651086600,0,0,,
A,1651087200,0,0,,
A,1651087860,0,60,,
A,1651088460,0,0,,
A,1651089060,0,0,,
A,1651089660,0,0,,
A,1651090260,0,0,,
A,1651090860,0,0,,
A,1651091520,0,60,,
A,1651092120,0,0,,
A,1651092720,0,0,,
A,1651093320,0,0,,
A,1651093920,0,0,,
A,1651094520,0,0,,
A,1651095120,0,0,,
A,1651095720,0,0,,
A,1651096320,0,0,,
A,1651096920,0,0,,
A,1651097520,0,0,,
A,1651098120,0,0,,
A,1651098720,0,0,,
A,1651099320,0,0,,
A,1651099920,0,0,,
A,1651100520,0,0,,
A,1651101120,0,0,,
A,1651101720,0,0,,
A,1651102380,0,60,,
A,1651102980,0,0,,
A,1651103580,0,0,,
A,1651104180,0,0,,
A,1651104780,0,0,,
A,1651105380,0,0,,
A,1651105980,0,0,,
A,1651106580,0,0,,
A,1651107180,0,0,,
A,1651107780,0,0,,
A,1651108380,0,0,,
A,1651108980,0,0,,
A,1651109580,0,0,,
A,1651110180,0,0,,
A,1651110780,0,0,,
A,1651111380,0,0,,
A,1651111980,0,0,,
A,1651112580,0,0,,
A,1651113180,0,0,,
A,1651113780,0,0,,
A,1651114380,0,0,,
A,1651114980,0,0,,
A,1651115580,0,0,,
A,1651116180,0,0,,
A,1651116780,0,0,,
A,1651117380,0,0,,
A,1651117980,0,0,,
A,1651118640,0,60,,
A,1651119240,0,0,,
A,1651119840,0,0,,
A,1651120440,0,0,,
A,1651121040,0,0,,
A,1651121640,0,0,,
A,1651122240,0,0,,
A,1651122840,0,0,,
A,1651123440,0,0,,
A,1651124040,0,0,,
A,1651124640,0,0,,
A,1651125240,0,0,,
A,1651125840,0,0,,
A,1651126440,0,0,,
A,1651127040,0,0,,
A,1651127640,0,0,,
A,1651128240,0,0,,
A,1651128840,0,0,,
A,1651129440,0,0,,
A,1651130040,0,0,,
A,1651130640,0,0,,
A,1651131240,0,0,,
A,1651131840,0,0,,
A,1651132440,0,0,,
A,1651133040,0,0,,
A,1651133640,0,0,,
A,1651134240,0,0,,
A,1651134840,0,0,,
A,1651135440,0,0,,
A,1651136040,0,0,,
A,1651136700,0,60,,
A,1651137300,0,0,,
A,1651137900,0,0,,
A,1651138500,0,0,,
A,1651139100,0,0,,
A,1651139700,0,0,,
A,1651140300,0,0,,
A,1651140900,0,0,,
A,1651141500,0,0,,
A,1651142100,0,0,,
A,1651142700,0,0,,
A,1651143300,0,0,,
A,1651143900,0,0,,
A,1651144500,0,0,,
A,1651145100,0,0,,
A,1651145700,0,0,,
A,1651146300,0,0,,
A,1651146900,0,0,,
A,1651147500,0,0,,
A,1651148100,0,0,,
A,1651148700,0,0,,
A,1651149300,0,0,,
A,1651149900,0,0,,
A,1651150560,0,60,,
A,1651151160,0,0,,
A,1651151760,0,0,,
A,1651152360,0,0,,
A,1651152960,0,0,,
A,1651153560,0,0,,
A,1651154160,0,0,,
A,1651154760,0,0,,
A,1651155360,0,0,,
A,1651155960,0,0,,
A,1651156560,0,0,,
A,1651157160,0,0,,
A,1651157760,0,0,,
A,1651158360,0,0,,
A,1651158960,0,0,,
A,1651159560,0,0,,
A,1651160160,0,0,,
A,1651160820,0,60,,
A,1651161420,0,0,,
A,1651162020,0,0,,
A,1651162620,0,0,,
A,1651163220,0,0,,
A,1651163820,0,0,,
A,1651164420,0,0,,
A,1651165020,0,0,,
A,1651165620,0,0,,
A,1651166220,0,0,,
A,1651166820,0,0,,
A,1651167420,0,0,,
A,1651168020,0,0,,
A,1651168680,0,60,,
A,1651169280,0,0,,
A,1651169880,0,0,,
A,1651170480,0,0,,
A,1651171080,0,0,,
A,1651171680,0,0,,
A,1651172280,0,0,,
A,1651172880,0,0,,
A,1651173480,0,0,,
A,1651174080,0,0,,
A,1651174680,0,0,,
A,1651175280,0,0,,
A,1651175880,0,0,,
A,1651176480,0,0,,
A,1651177080,0,0,,
A,1651177680,0,0,,
A,1651178280,0,0,,
A,1651178880,0,0,,
A,1651179480,0,0,,
A,1651180080,0,0,,
A,1651180680,0,0,,
A,1651181280,0,0,,
A,1651181880,0,0,,
A,1651182480,0,0,,
A,1651183080,0,0,,
A,1651183680,0,0,,
A,1651184280,0,0,,
A,1651184880,0,0,,
A,1651185480,0,0,,
A,1651186080,0,0,,
A,1651186740,0,60,,
A,1651187340,0,0,,
A,1651187940,0,0,,
A,1651188540,0,0,,
A,1651189140,0,0,,
A,1651189740,0,0,,
A,1651190340,0,0,,
A,1651190940,0,0,,
A,1651191540,0,0,,
A,1651192140,0,0,,
A,1651192740,0,0,,
A,1651193340,0,0,,
A,1651193940,0,0,,
A,1651194540,0,0,,
A,1651195140,0,0,,
A,1651195740,0,0,,
A,1651196340,0,0,,
A,1651196940,0,0,,
A,1651197540,0,0,,
A,1651198140,0,0,,
A,1651198740,0,0,,
A,1651199340,0,0,,
A,1651199940,0,0,,
A,1651200540,0,0,,
A,1651201140,0,0,,
A,1651201740,0,0,,
A,1651202340,0,0,,
A,1651202940,0,0,,
A,1651203540,0,0,,
A,1651204140,0,0,,
A,1651204740,0,0,,
A,1651205340,0,0,,
A,1651205940,0,0,,
A,1651206540,0,0,,
A,1651207140,0,0,,
A,1651207740,0,0,,
A,1651208340,0,0,,
A,1651208940,0,0,,
A,1651209540,0,0,,
A,1651210200,0,60,,
A,1651210800,0,0,,
A,1651211400,0,0,,
A,1651212000,0,0,,
A,1651212600,0,0,,
A,1651213200,0,0,,
A,1651213800,0,0,,
A,1651214400,0,0,,
A,1651215000,0,0,,
A,1651215600,0,0,,
A,1651216200,0,0,,
A,1651216800,0,0,,
A,1651217400,0,0,,
A,1651218000,0,0,,
A,1651218600,0,0,,
A,1651219200,0,0,,
A,1651219800,0,0,,
A,1651220400,0,0,,
A,1651221000,0,0,,
A,1651221600,0,0,,
A,1651222200,0,0,,
A,1651222860,0,60,,
A,1651223460,0,0,,
A,1651224060,0,0,,
A,1651224660,0,0,,
A,1651225260,0,0,,
A,1651225860,0,0,,
A,1651226460,0,0,,
A,1651227060,0,0,,
A,1651227660,0,0,,
A,1651228260,0,0,,
A,1651228860,0,0,,
A,1651229460,0,0,,
A,1651230060,0,0,,
A,1651230660,0,0,,
A,1651231260,0,0,,
A,1651231860,0,0,,
A,1651232460,0,0,,
A,1651233060,0,0,,
A,1651233660,0,0,,
A,1651234260,0,0,,
A,1651234860,0,0,,
A,1651235460,0,0,,
A,1651236060,0,0,,
A,1651236660,0,0,,
A,1651237260,0,0,,
A,1651237920,0,60,,
A,1651238520,0,0,,
A,1651239120,0,0,,
A,1651239720,0,0,,
A,1651240320,0,0,,
A,1651240920,0,0,,
A,1651241520,0,0,,
A,1651242120,0,0,,
A,1651242780,0,60,,
A,1651243380,0,0,,
A,1651243980,0,0,,
A,1651244580,0,0,,
A,1651245180,0,0,,
A,1651245780,0,0,,
A,1651246380,0,0,,
A,1651246980,0,0,,
A,1651247580,0,0,,
A,1651248180,0,0,,
A,1651248840,0,60,,
A,1651249440,0,0,,
A,1651250040,0,0,,
A,1651250640,0,0,,
A,1651251240,0,0,,
A,1651251840,0,0,,
A,1651252440,0,0,,
A,1651253040,0,0,,
A,1651253640,0,0,,
A,1651254240,0,0,,
A,1651254840,0,0,,
A,1651255440,0,0,,
A,1651256040,0,0,,
A,1651256640,0,0,,
A,1651257240,0,0,,
A,1651257900,0,60,,
A,1651258500,0,0,,
A,1651259100,0,0,,
A,1651259700,0,0,,
A,1651260300,0,0,,
A,1651260900,0,0,,
A,1651261500,0,0,,
A,1651262100,0,0,,
A,1651262700,0,0,,
A,1651263300,0,0,,
A,1651263900,0,0,,
A,1651264560,0,60,,
A,1651265160,0,0,,
A,1651265760,0,0,,
A,1651266360,0,0,,
A,1651266960,0,0,,
A,1651267560,0,0,,
A,1651268160,0,0,,
A,1651268760,0,0,,
A,1651269360,0,0,,
A,1651269960,0,0,,
A,1651270560,0,0,,
A,1651271160,0,0,,
A,1651271760,0,0,,
A,1651272360,0,0,,
A,1651272960,0,0,,
A,1651273560,0,0,,
A,1651274160,0,0,,
A,1651274760,0,0,,
A,1651275360,0,0,,
A,1651275960,0,0,,
A,1651276560,0,0,,
A,1651277160,0,0,,
A,1651277760,0,0,,
A,1651278360,0,0,,
A,1651278960,0,0,,
A,1651279560,0,0,,
A,1651280160,0,0,,
A,1651280760,0,0,,
A,1651281360,0,0,,
A,1651281960,0,0,,
A,1651282560,0,0,,
A,1651283160,0,0,,
A,1651283760,0,0,,
A,1651284360,0,0,,
A,1651284960,0,0,,
A,1651285560,0,0,,
A,1651286160,0,0,,
A,1651286760,0,0,,
A,1651287420,0,60,,
A,1651288020,0,0,,
A,1651288620,0,0,,
A,1651289220,0,0,,
A,1651289820,0,0,,
A,1651290420,0,0,,
A,1651291020,0,0,,
A,1651291620,0,0,,
A,1651292220,0,0,,
A,1651292820,0,0,,
A,1651293420,0,0,,
A,1651294020,0,0,,
A,1651294620,0,0,,
A,1651295220,0,0,,
A,1651295820,0,0,,
A,1651296420,0,0,,
A,1651297020,0,0,,
A,1651297620,0,0,,
A,1651298220,0,0,,
A,1651298820,0,0,,
A,1651299420,0,0,,
A,1651300020,0,0,,
A,1651300620,0,0,,
A,1651301220,0,0,,
A,1651301820,0,0,,
A,1651302420,0,0,,
A,1651303020,0,0,,
A,1651303620,0,0,,
A,1651304220,0,0,,
A,1651304820,0,0,,
A,1651305420,0,0,,
A,1651306020,0,0,,
A,1651306620,0,0,,
A,1651307220,0,0,,
A,1651307820,0,0,,
A,1651308420,0,0,,
A,1651309080,0,60,,
A,1651309680,0,0,,
A,1651310280,0,0,,
A,1651310880,0,0,,
A,1651311480,0,0,,
A,1651312080,0,0,,
A,1651312680,0,0,,
A,1651313280,0,0,,
A,1651313880,0,0,,
A,1651314480,0,0,,
A,1651315080,0,0,,
A,1651315680,0,0,,
A,1651316280,0,0,,
A,1651316880,0,0,,
A,1651317480,0,0,,
A,1651318080,0,0,,
A,1651318680,0,0,,
A,1651319280,0,0,,
A,1651319880,0,0,,
A,1651320480,0,0,,
A,1651321080,0,0,,
A,1651321680,0,0,,
A,1651322280,0,0,,
A,1651322940,0,60,,
A,1651323540,0,0,,
A,1651324140,0,0,,
A,1651324740,0,0,,
A,1651325340,0,0,,
A,1651325940,0,0,,
A,1651326540,0,0,,
A,1651327140,0,0,,
A,1651327740,0,0,,
A,1651328340,0,0,,
A,1651328940,0,0,,
A,1651329540,0,0,,
A,1651330140,0,0,,
A,1651330740,0,0,,
A,1651331340,0,0,,
A,1651331940,0,0,,
A,1651332540,0,0,,
A,1651333140,0,0,,
A,1651333740,0,0,,
A,1651334340,0,0,,
A,1651334940,0,0,,
A,1651335540,0,0,,
A,1651336200,0,60,,
A,1651336800,0,0,,
A,1651337400,0,0,,
A,1651338000,0,0,,
A,1651338600,0,0,,
A,1651339200,0,0,,
A,1651339800,0,0,,
A,1651340400,0,0,,
A,1651341000,0,0,,
A,1651341600,0,0,,
A,1651342200,0,0,,
A,1651342800,0,0,,
A,1651343400,0,0,,
A,1651344000,0,0,,
A,1651344600,0,0,,
A,1651345200,0,0,,
A,1651345800,0,0,,
A,1651346400,0,0,,
A,1651347000,0,0,,
A,1651347600,0,0,,
A,1651348200,0,0,,
A,1651348800,0,0,,
A,1651349400,0,0,,
A,1651350000,0,0,,
A,1651350600,0,0,,
A,1651351200,0,0,,
A,1651351800,0,0,,
A,1651352400,0,0,,
A,1651353000,0,0,,
A,1651353600,0,0,,
A,1651354260,0,60,,
A,1651354860,0,0,,
A,1651355460,0,0,,
A,1651356060,0,0,,
A,1651356660,0,0,,
A,1651357260,0,0,,
A,1651357860,0,0,,
A,1651358460,0,0,,
A,1651359060,0,0,,
A,1651359660,0,0,,
A,1651360260,0,0,,
A,1651360860,0,0,,
A,1651361460,0,0,,
A,1651362060,0,0,,
A,1651362660,0,0,,
B,1648308180,0,60,,
B,1648308780,0,0,,
B,1648309380,0,0,,
B,1648310280,0,300,,
B,1648310880,0,0,,
B,1648311480,0,0,,
B,1648312080,0,0,,
B,1648312680,0,0,,
B,1648313280,0,0,,
B,1648313880,0,0,,
B,1648314480,0,0,,
B,1648315080,0,0,,
B,1648315680,0,0,,
B,1648316280,0,0,,
B,1648316940,0,60,,
B,1648317540,0,0,,
B,1648318140,0,0,,
B,1648318740,0,0,,
B,1648319340,0,0,,
B,1648319940,0,0,,
B,1648320540,0,0,,
B,1648321140,0,0,,
B,1648321740,0,0,,
B,1648322340,0,0,,
B,1648322940,0,0,,
B,1648323540,0,0,,
B,1648324140,0,0,,
B,1648324740,0,0,,
B,1648325340,0,0,,
B,1648325940,0,0,,
B,1648326540,0,0,,
B,1648327140,0,0,,
B,1648327740,0,0,,
B,1648328340,0,0,,
B,1648328940,0,0,,
B,1648329540,0,0,,
B,1648330140,0,0,,
B,1648330740,0,0,,
B,1648331340,0,0,,
B,1648331940,0,0,,
B,1648332540,0,0,,
B,1648333140,0,0,,
B,1648333740,0,0,,
B,1648334340,0,0,,
B,1648335000,0,60,,
B,1648335600,0,0,,
B,1648336200,0,0,,
B,1648336800,0,0,,
B,1648337400,0,0,,
B,1648338000,0,0,,
B,1648338600,0,0,,
B,1648339200,0,0,,
B,1648339800,0,0,,
B,1648340400,0,0,,
B,1648341000,0,0,,
B,1648341600,0,0,,
B,1648342200,0,0,,
B,1648342800,0,0,,
B,1648343400,0,0,,
B,1648344000,0,0,,
B,1648344600,0,0,,
B,1648345200,0,0,,
B,1648345800,0,0,,
B,1648346400,0,0,,
B,1648347000,0,0,,
B,1648347600,0,0,,
B,1648348200,0,0,,
B,1648348800,0,0,,
B,1648349400,0,0,,
B,1648350000,0,0,,
B,1648350600,0,0,,
B,1648351200,0,0,,
B,1648351800,0,0,,
B,1648352400,0,0,,
B,1648353000,0,0,,
B,1648353600,0,0,,
B,1648354200,0,0,,
B,1648354800,0,0,,
B,1648355400,0,0,,
B,1648356000,0,0,,
B,1648356600,0,0,,
B,1648357260,0,60,,
B,1648357860,0,0,,
B,1648358460,0,0,,
B,1648359060,0,0,,
B,1648359660,0,0,,
B,1648360260,0,0,,
B,1648360860,0,0,,
B,1648361460,0,0,,
B,1648362060,0,0,,
B,1648362660,0,0,,
B,1648363260,0,0,,
B,1648363860,0,0,,
B,1648364460,0,0,,
B,1648365060,0,0,,
B,1648365660,0,0,,
B,1648366260,0,0,,
B,1648366860,0,0,,
B,1648367460,0,0,,
B,1648368060,0,0,,
B,1648368660,0,0,,
B,1648369260,0,0,,
B,1648369860,0,0,,
B,1648370460,0,0,,
B,1648371060,0,0,,
B,1648371660,0,0,,
B,1648372260,0,0,,
B,1648372860,0,0,,
B,1648373460,0,0,,
B,1648374060,0,0,,
B,1648374660,0,0,,
B,1648375320,0,60,,
B,1648375920,0,0,,
B,1648376520,0,0,,
B,1648377120,0,0,,
B,1648377720,0,0,,
B,1648378320,0,0,,
B,1648378920,0,0,,
B,1648379520,0,0,,
B,1648380120,0,0,,
B,1648380720,0,0,,
B,1648381320,0,0,,
B,1648381920,0,0,,
B,1648382520,0,0,,
B,1648383120,0,0,,
B,1648383720,0,0,,
B,1648384320,0,0,,
B,1648384920,0,0,,
B,1648385520,0,0,,
B,1648386120,0,0,,
B,1648386720,0,0,,
B,1648387320,0,0,,
B,1648387920,0,0,,
B,1648388520,0,0,,
B,1648389120,0,0,,
B,1648389720,0,0,,
B,1648390320,0,0,,
B,1648390920,0,0,,
B,1648391520,0,0,,
B,1648392180,0,60,,
B,1648392780,0,0,,
B,1648393380,0,0,,
B,1648393980,0,0,,
B,1648394580,0,0,,
B,1648395180,0,0,,
B,1648395780,0,0,,
B,1648396380,0,0,,
B,1648396980,0,0,,
B,1648397580,0,0,,
B,1648398180,0,0,,
B,1648398780,0,0,,
B,1648399380,0,0,,
B,1648399980,0,0,,
B,1648400580,0,0,,
B,1648401180,0,0,,
B,1648401780,0,0,,
B,1648402380,0,0,,
B,1648402980,0,0,,
B,1648403580,0,0,,
B,1648404180,0,0,,
B,1648404780,0,0,,
B,1648405380,0,0,,
B,1648405980,0,0,,
B,1648406580,0,0,,
B,1648407180,0,0,,
B,1648407780,0,0,,
B,1648408380,0,0,,
B,1648408980,0,0,,
B,1648409580,0,0,,
B,1648410180,0,0,,
B,1648410780,0,0,,
B,1648411380,0,0,,
B,1648411980,0,0,,
B,1648412580,0,0,,
B,1648413180,0,0,,
B,1648413780,0,0,,
B,1648414380,0,0,,
B,1648414980,0,0,,
B,1648415580,0,0,,
B,1648416180,0,0,,
B,1648416780,0,0,,
B,1648417380,0,0,,
B,1648417980,0,0,,
B,1648418580,0,0,,
B,1648419240,0,60,,
B,1648419840,0,0,,
B,1648420440,0,0,,
B,1648421040,0,0,,
B,1648421640,0,0,,
B,1648422240,0,0,,
B,1648422840,0,0,,
B,1648423440,0,0,,
B,1648424040,0,0,,
B,1648424640,0,0,,
B,1648425240,0,0,,
B,1648425840,0,0,,
B,1648426440,0,0,,
B,1648427040,0,0,,
B,1648427640,0,0,,
B,1648428240,0,0,,
B,1648428840,0,0,,
B,1648429440,0,0,,
B,1648430040,0,0,,
B,1648430640,0,0,,
B,1648431240,0,0,,
B,1648431840,0,0,,
B,1648432440,0,0,,
B,1648433040,0,0,,
B,1648433640,0,0,,
B,1648434240,0,0,,
B,1648434840,0,0,,
B,1648435440,0,0,,
B,1648436040,0,0,,
B,1648436640,0,0,,
B,1648437240,0,0,,
B,1648437840,0,0,,
B,1648438440,0,0,,
B,1648439040,0,0,,
B,1648439640,0,0,,
B,1648440240,0,0,,
B,1648440900,0,60,,
B,1648441500,0,0,,
B,1648442100,0,0,,
B,1648442700,0,0,,
B,1648443300,0,0,,
B,1648443900,0,0,,
B,1648444500,0,0,,
B,1648445100,0,0,,
B,1648445700,0,0,,
B,1648446300,0,0,,
B,1648446900,0,0,,
B,1648447500,0,0,,
B,1648448100,0,0,,
B,1648448700,0,0,,
B,1648449300,0,0,,
B,1648449900,0,0,,
B,1648450500,0,0,,
B,1648451100,0,0,,
B,1648451700,0,0,,
B,1648452300,0,0,,
B,1648452900,0,0,,
B,1648453500,0,0,,
B,1648454100,0,0,,
B,1648454700,0,0,,
B,1648455300,0,0,,
B,1648455900,0,0,,
B,1648456500,0,0,,
B,1648457100,0,0,,
B,1648457700,0,0,,
B,1648458300,0,0,,
B,1648458900,0,0,,
B,1648459500,0,0,,
B,1648460100,0,0,,
B,1648460700,0,0,,
B,1648461300,0,0,,
B,1648461900,0,0,,
B,1648462560,0,60,,
B,1648463160,0,0,,
B,1648463760,0,0,,
B,1648464360,0,0,,
B,1648465200,0,240,,
B,1648465800,0,0,,
B,1648466400,0,0,,
B,1648467000,0,0,,
B,1648467600,0,0,,
B,1648468200,0,0,,
B,1648468800,0,0,,
B,1648469400,0,0,,
B,1648470000,0,0,,
B,1648470600,0,0,,
B,1648471200,0,0,,
B,1648471800,0,0,,
B,1648472460,0,60,,
B,1648473060,0,0,,
B,1648473660,0,0,,
B,1648474260,0,0,,
B,1648474860,0,0,,
B,1648475460,0,0,,
B,1648476060,0,0,,
B,1648476900,0,240,,
B,1648477500,0,0,,
B,1648478100,0,0,,
B,1648478700,0,0,,
B,1648479540,0,240,,
B,1648480140,0,0,,
B,1648480980,0,240,,
B,1648481760,0,180,,
B,1648482360,0,0,,
B,1648482960,0,0,,
B,1648483620,0,60,,
B,1648484220,0,0,,
B,1648485000,0,180,,
B,1648485600,0,0,,
B,1648486200,0,0,,
B,1648486800,0,0,,
B,1648487400,0,0,,
B,1648488000,0,0,,
B,1648488600,0,0,,
B,1648489200,0,0,,
B,1648489800,0,0,,
B,1648490400,0,0,,
B,1648491000,0,0,,
B,1648491600,0,0,,
B,1648492200,0,0,,
B,1648492800,0,0,,
B,1648493400,0,0,,
B,1648494000,0,0,,
B,1648494600,0,0,,
B,1648495200,0,0,,
B,1648495800,0,0,,
B,1648496460,0,60,,
B,1648497060,0,0,,
B,1648497660,0,0,,
B,1648498260,0,0,,
B,1648498860,0,0,,
B,1648499460,0,0,,
B,1648500060,0,0,,
B,1648500660,0,0,,
B,1648501260,0,0,,
B,1648501860,0,0,,
B,1648502460,0,0,,
B,1648503060,0,0,,
B,1648503660,0,0,,
B,1648504260,0,0,,
B,1648504860,0,0,,
B,1648505460,0,0,,
B,1648506060,0,0,,
B,1648506660,0,0,,
B,1648507260,0,0,,
B,1648507860,0,0,,
B,1648508460,0,0,,
B,1648509060,0,0,,
B,1648509660,0,0,,
B,1648510260,0,0,,
B,1648510860,0,0,,
B,1648511460,0,0,,
B,1648512060,0,0,,
B,1648512660,0,0,,
B,1648513260,0,0,,
B,1648513860,0,0,,
B,1648514460,0,0,,
B,1648515060,0,0,,
B,1648515660,0,0,,
B,1648516260,0,0,,
B,1648516860,0,0,,
B,1648517460,0,0,,
B,1648518060,0,0,,
B,1648518720,0,60,,
B,1648519320,0,0,,
B,1648519920,0,0,,
B,1648520520,0,0,,
B,1648521120,0,0,,
B,1648521720,0,0,,
B,1648522320,0,0,,
B,1648522920,0,0,,
B,1648523520,0,0,,
B,1648524120,0,0,,
B,1648524720,0,0,,
B,1648525320,0,0,,
B,1648525920,0,0,,
B,1648526520,0,0,,
B,1648527120,0,0,,
B,1648527720,0,0,,
B,1648528320,0,0,,
B,1648528920,0,0,,
B,1648529520,0,0,,
B,1648530120,0,0,,
B,1648530720,0,0,,
B,1648531320,0,0,,
B,1648531920,0,0,,
B,1648532520,0,0,,
B,1648533120,0,0,,
B,1648533720,0,0,,
B,1648534320,0,0,,
B,1648534920,0,0,,
B,1648535520,0,0,,
B,1648536120,0,0,,
B,1648536720,0,0,,
B,1648537320,0,0,,
B,1648537920,0,0,,
B,1648538520,0,0,,
B,1648539180,0,60,,
B,1648539960,0,180,,
B,1648540560,0,0,,
B,1648541160,0,0,,
B,1648541760,0,0,,
B,1648542360,0,0,,
B,1648542960,0,0,,
B,1648543560,0,0,,
B,1648544160,0,0,,
B,1648544760,0,0,,
B,1648545360,0,0,,
B,1648545960,0,0,,
B,1648546620,0,60,,
B,1648547220,0,0,,
B,1648547820,0,0,,
B,1648548420,0,0,,
B,1648549020,0,0,,
B,1648549620,0,0,,
B,1648550220,0,0,,
B,1648550820,0,0,,
B,1648551420,0,0,,
B,1648552020,0,0,,
B,1648552620,0,0,,
B,1648553220,0,0,,
B,1648553820,0,0,,
B,1648554420,0,0,,
B,1648555020,0,0,,
B,1648555860,0,240,,
B,1648556460,0,0,,
B,1648557060,0,0,,
B,1648557660,0,0,,
B,1648558260,0,0,,
B,1648559160,0,300,,
B,1648559760,0,0,,
B,1648560360,0,0,,
B,1648560960,0,0,,
B,1648561560,0,0,,
B,1648562160,0,0,,
B,1648562820,0,60,,
B,1648563420,0,0,,
B,1648564020,0,0,,
B,1648564620,0,0,,
B,1648565220,0,0,,
B,1648565820,0,0,,
B,1648567320,0,900,,
B,1648567920,0,0,,
B,1648568520,0,0,,
B,1648569600,0,480,,
B,1648570200,0,0,,
B,1648570800,0,0,,
B,1648571400,0,0,,
B,1648572000,0,0,,
B,1648572840,0,240,,
B,1648573440,0,0,,
B,1648574100,0,60,,
B,1648574700,0,0,,
B,1648575300,0,0,,
B,1648575900,0,0,,
B,1648576500,0,0,,
B,1648577100,0,0,,
B,1648577700,0,0,,
B,1648578300,0,0,,
B,1648578900,0,0,,
B,1648579500,0,0,,
B,1648580100,0,0,,
B,1648580700,0,0,,
B,1648581300,0,0,,
B,1648581900,0,0,,
B,1648582500,0,0,,
B,1648583100,0,0,,
B,1648583700,0,0,,
B,1648584300,0,0,,
B,1648584900,0,0,,
B,1648585500,0,0,,
B,1648586100,0,0,,
B,1648586700,0,0,,
B,1648587300,0,0,,
B,1648587900,0,0,,
B,1648588500,0,0,,
B,1648589100,0,0,,
B,1648589700,0,0,,
B,1648590300,0,0,,
B,1648590900,0,0,,
B,1648591500,0,0,,
B,1648592100,0,0,,
B,1648592700,0,0,,
B,1648593300,0,0,,
B,1648593900,0,0,,
B,1648594500,0,0,,
B,1648595100,0,0,,
B,1648595700,0,0,,
B,1648596300,0,0,,
B,1648596900,0,0,,
B,1648597500,0,0,,
B,1648598100,0,0,,
B,1648598700,0,0,,
B,1648599300,0,0,,
B,1648599900,0,0,,
B,1648600500,0,0,,
B,1648601160,0,60,,
B,1648601760,0,0,,
B,1648602360,0,0,,
B,1648602960,0,0,,
B,1648603560,0,0,,
B,1648604160,0,0,,
B,1648604760,0,0,,
B,1648605360,0,0,,
B,1648605960,0,0,,
B,1648606560,0,0,,
B,1648607160,0,0,,
B,1648607760,0,0,,
B,1648608360,0,0,,
B,1648608960,0,0,,
B,1648609560,0,0,,
B,1648610160,0,0,,
B,1648610760,0,0,,
B,1648611360,0,0,,
B,1648611960,0,0,,
B,1648612560,0,0,,
B,1648613160,0,0,,
B,1648613760,0,0,,
B,1648614360,0,0,,
B,1648614960,0,0,,
B,1648615560,0,0,,
B,1648616160,0,0,,
B,1648616760,0,0,,
B,1648617360,0,0,,
B,1648617960,0,0,,
B,1648618560,0,0,,
B,1648619160,0,0,,
B,1648619760,0,0,,
B,1648620360,0,0,,
B,1648620960,0,0,,
B,1648621560,0,0,,
B,1648622160,0,0,,
B,1648622760,0,0,,
B,1648623360,0,0,,
B,1648623960,0,0,,
B,1648624560,0,0,,
B,1648625160,0,0,,
B,1648625760,0,0,,
B,1648626420,0,60,,
B,1648627200,0,180,,
B,1648627860,0,60,,
B,1648628460,0,0,,
B,1648629240,0,180,,
B,1648630080,0,240,,
B,1648630680,0,0,,
B,1648631460,0,180,,
B,1648632120,0,60,,
B,1648632720,0,0,,
B,1648633320,0,0,,
B,1648633920,0,0,,
B,1648634520,0,0,,
B,1648635120,0,0,,
B,1648635720,0,0,,
B,1648636560,0,240,,
B,1648637460,0,300,,
B,1648638060,0,0,,
B,1648638660,0,0,,
B,1648639260,0,0,,
B,1648639860,0,0,,
B,1648640460,0,0,,
B,1648641240,0,180,,
B,1648641840,0,0,,
B,1648642440,0,0,,
B,1648643040,0,0,,
B,1648643700,0,60,,
B,1648644300,0,0,,
B,1648644900,0,0,,
B,1648645500,0,0,,
B,1648646100,0,0,,
B,1648646700,0,0,,
B,1648647300,0,0,,
B,1648647900,0,0,,
B,1648648500,0,0,,
B,1648649160,0,60,,
B,1648649760,0,0,,
B,1648650360,0,0,,
B,1648651200,0,240,,
B,1648652100,0,300,,
B,1648652880,0,180,,
B,1648653720,0,240,,
B,1648654680,0,360,,
B,1648655280,0,0,,
B,1648655880,0,0,,
B,1648656480,0,0,,
B,1648657080,0,0,,
B,1648657680,0,0,,
B,1648658280,1,0,,
B,1648658880,1,0,,
B,1648659720,1,240,,
B,1648660320,1,0,,
B,1648660920,1,0,,
B,1648661520,1,0,,
B,1648662120,1,0,,
B,1648662720,1,0,,
B,1648663320,1,0,,
B,1648663920,1,0,,
B,1648664520,1,0,,
B,1648665120,1,0,,
B,1648665780,1,60,,
B,1648666380,1,0,,
B,1648666980,1,0,,
B,1648671180,1,3600,,
B,1648671780,1,0,,
B,1648672380,1,0,,
B,1648672980,1,0,,
B,1648673580,0,0,,
B,1648674180,0,0,,
B,1648674780,0,0,,
B,1648675380,0,0,,
B,1648675980,0,0,,
B,1648676580,0,0,,
B,1648677180,0,0,,
B,1648677780,0,0,,
B,1648678380,0,0,,
B,1648678980,0,0,,
B,1648679640,0,60,,
B,1648680240,0,0,,
B,1648680840,0,0,,
B,1648681440,0,0,,
B,1648682040,0,0,,
B,1648682640,0,0,,
B,1648683240,0,0,,
B,1648683840,0,0,,
B,1648684440,0,0,,
B,1648685040,0,0,,
B,1648685640,0,0,,
B,1648686240,0,0,,
B,1648686840,0,0,,
B,1648687440,0,0,,
B,1648688040,0,0,,
B,1648688640,0,0,,
B,1648689240,0,0,,
B,1648689840,0,0,,
B,1648690440,0,0,,
B,1648691040,0,0,,
B,1648691640,0,0,,
B,1648692240,0,0,,
B,1648692840,0,0,,
B,1648693440,0,0,,
B,1648694040,0,0,,
B,1648694640,0,0,,
B,1648695240,0,0,,
B,1648695840,0,0,,
B,1648696440,0,0,,
B,1648697040,0,0,,
B,1648697640,0,0,,
B,1648698240,0,0,,
B,1648698840,0,0,,
B,1648699440,0,0,,
B,1648700040,0,0,,
B,1648700640,0,0,,
B,1648701300,0,60,,
B,1648701900,0,0,,
B,1648702500,0,0,,
B,1648703100,0,0,,
B,1648703700,0,0,,
B,1648704300,0,0,,
B,1648704900,0,0,,
B,1648705500,0,0,,
B,1648706100,0,0,,
B,1648706700,0,0,,
B,1648707300,0,0,,
B,1648707900,0,0,,
B,1648708500,0,0,,
B,1648709100,0,0,,
B,1648709700,0,0,,
B,1648710300,0,0,,
B,1648710900,0,0,,
B,1648711500,0,0,,
B,1648712100,0,0,,
B,1648712880,0,180,,
B,1648713480,0,0,,
B,1648714080,0,0,,
B,1648714680,0,0,,
B,1648715280,0,0,,
B,1648715880,0,0,,
B,1648716480,0,0,,
B,1648717320,0,240,,
B,1648717920,0,0,,
B,1648718520,0,0,,
B,1648719120,0,0,,
B,1648719720,0,0,,
B,1648720320,0,0,,
B,1648721280,0,360,,
B,1648722120,0,240,,
B,1648722960,0,240,,
B,1648723860,0,300,,
B,1648724460,0,0,,
B,1648725060,0,0,,
B,1648725660,0,0,,
B,1648726260,0,0,,
B,1648726920,1,60,,
B,1648727520,0,0,,
B,1648728180,0,60,,
B,1648728780,0,0,,
B,1648729380,0,0,,
B,1648729980,0,0,,
B,1648730580,0,0,,
B,1648731180,0,0,,
B,1648731780,0,0,,
B,1648732380,0,0,,
B,1648732980,0,0,,
B,1648733580,0,0,,
B,1648734180,0,0,,
B,1648734780,0,0,,
B,1648735380,0,0,,
B,1648735980,0,0,,
B,1648736580,0,0,,
B,1648737180,0,0,,
B,1648737780,0,0,,
B,1648738440,0,60,,
B,1648739040,0,0,,
B,1648739640,0,0,,
B,1648740240,0,0,,
B,1648740840,0,0,,
B,1648741440,0,0,,
B,1648742040,0,0,,
B,1648742640,0,0,,
B,1648743240,0,0,,
B,1648743840,0,0,,
B,1648744440,0,0,,
B,1648745040,0,0,,
B,1648745640,0,0,,
B,1648746240,0,0,,
B,1648746840,0,0,,
B,1648747440,0,0,,
B,1648748040,0,0,,
B,1648748640,0,0,,
B,1648749240,0,0,,
B,1648749840,0,0,,
B,1648750440,0,0,,
B,1648751040,0,0,,
B,1648751640,0,0,,
B,1648752240,0,0,,
B,1648752840,0,0,,
B,1648753440,0,0,,
B,1648754040,0,0,,
B,1648754640,0,0,,
B,1648755240,0,0,,
B,1648755840,0,0,,
B,1648756440,0,0,,
B,1648757100,0,60,,
B,1648757700,0,0,,
B,1648758300,0,0,,
B,1648758900,0,0,,
B,1648759500,0,0,,
B,1648760100,0,0,,
B,1648760700,0,0,,
B,1648761300,0,0,,
B,1648761900,0,0,,
B,1648762500,0,0,,
B,1648763100,0,0,,
B,1648763700,0,0,,
B,1648764300,0,0,,
B,1648764900,0,0,,
B,1648765500,0,0,,
B,1648766100,0,0,,
B,1648766700,0,0,,
B,1648767300,0,0,,
B,1648767900,0,0,,
B,1648768500,0,0,,
B,1648769100,0,0,,
B,1648769700,0,0,,
B,1648770300,0,0,,
B,1648770900,0,0,,
B,1648771500,0,0,,
B,1648772100,0,0,,
B,1648772700,0,0,,
B,1648773300,0,0,,
B,1648773900,0,0,,
B,1648774500,0,0,,
B,1648775100,0,0,,
B,1648775700,0,0,,
B,1648776300,0,0,,
B,1648776900,0,0,,
B,1648777500,0,0,,
B,1648778100,0,0,,
B,1648778700,0,0,,
B,1648779300,0,0,,
B,1648779900,0,0,,
B,1648780500,0,0,,
B,1648781100,0,0,,
B,1648781700,0,0,,
B,1648782300,0,0,,
B,1648782960,0,60,,
B,1648783560,0,0,,
B,1648784160,0,0,,
B,1648784760,0,0,,
B,1648785360,0,0,,
B,1648785960,0,0,,
B,1648786560,0,0,,
B,1648787160,0,0,,
B,1648787760,0,0,,
B,1648788360,0,0,,
B,1648788960,0,0,,
B,1648789560,0,0,,
B,1648790160,0,0,,
B,1648790760,0,0,,
B,1648791360,0,0,,
B,1648791960,0,0,,
B,1648792560,0,0,,
B,1648793160,0,0,,
B,1648793760,0,0,,
B,1648794360,0,0,,
B,1648794960,0,0,,
B,1648795560,0,0,,
B,1648796160,0,0,,
B,1648796760,0,0,,
B,1648797360,0,0,,
B,1648797960,0,0,,
B,1648798560,0,0,,
B,1648799160,0,0,,
B,1648799760,0,0,,
B,1648800360,0,0,,
B,1648800960,0,0,,
B,1648801560,0,0,,
B,1648802160,0,0,,
B,1648802760,0,0,,
B,1648803360,0,0,,
B,1648803960,0,0,,
B,1648804620,0,60,,
B,1648805220,0,0,,
B,1648805820,0,0,,
B,1648806420,0,0,,
B,1648807020,0,0,,
B,1648807620,0,0,,
B,1648808220,0,0,,
B,1648808820,0,0,,
B,1648809420,0,0,,
B,1648810020,0,0,,
B,1648810620,0,0,,
B,1648811220,0,0,,
B,1648811820,0,0,,
B,1648812420,0,0,,
B,1648813020,0,0,,
B,1648813620,0,0,,
B,1648814220,0,0,,
B,1648814820,0,0,,
B,1648815420,0,0,,
B,1648816020,0,0,,
B,1648816620,0,0,,
B,1648817220,0,0,,
B,1648817820,0,0,,
B,1648818420,0,0,,
B,1648819020,0,0,,
B,1648819620,0,0,,
B,1648820220,0,0,,
B,1648820820,0,0,,
B,1648821420,0,0,,
B,1648822020,0,0,,
B,1648822620,0,0,,
B,1648823220,0,0,,
B,1648823820,0,0,,
B,1648824420,0,0,,
B,1648825020,0,0,,
B,1648825620,0,0,,
B,1648826220,0,0,,
B,1648826820,0,0,,
B,1648827420,0,0,,
B,1648828080,0,60,,
B,1648828680,0,0,,
B,1648829280,0,0,,
B,1648829880,0,0,,
B,1648830480,0,0,,
B,1648831080,0,0,,
B,1648831680,0,0,,
B,1648832280,0,0,,
B,1648832880,0,0,,
B,1648833480,0,0,,
B,1648834080,0,0,,
B,1648834680,0,0,,
B,1648835280,0,0,,
B,1648835880,0,0,,
B,1648836480,0,0,,
B,1648837080,0,0,,
B,1648837680,0,0,,
B,1648838280,0,0,,
B,1648838880,0,0,,
B,1648839480,0,0,,
B,1648840080,0,0,,
B,1648840680,0,0,,
B,1648841280,0,0,,
B,1648841880,1,0,,
B,1648842480,1,0,,
B,1648843080,1,0,,
B,1648843680,1,0,,
B,1648844280,1,0,,
B,1648844880,1,0,,
B,1648845480,1,0,,
B,1648846080,1,0,,
B,1648846680,1,0,,
B,1648847280,1,0,,
B,1648847880,1,0,,
B,1648848480,1,0,,
B,1648849080,1,0,,
B,1648849740,1,60,,
B,1648850340,1,0,,
B,1648850940,1,0,,
B,1648851540,1,0,,
B,1648852140,1,0,,
B,1648852740,1,0,,
B,1648853340,1,0,,
B,1648853940,1,0,,
B,1648854540,1,0,,
B,1648855140,1,0,,
B,1648855740,1,0,,
B,1648856340,1,0,,
B,1648856940,1,0,,
B,1648857540,1,0,,
B,1648858140,1,0,,
B,1648858740,1,0,,
B,1648859340,1,0,,
B,1648859940,1,0,,
B,1648860540,1,0,,
B,1648861140,1,0,,
B,1648861740,1,0,,
B,1648862340,1,0,,
B,1648862940,1,0,,
B,1648863540,1,0,,
B,1648864140,1,0,,
B,1648864740,1,0,,
B,1648865340,1,0,,
B,1648865940,1,0,,
B,1648866540,1,0,,
B,1648867140,1,0,,
B,1648867740,1,0,,
B,1648868340,1,0,,
B,1648868940,1,0,,
B,1648869540,1,0,,
B,1648870140,0,0,,
B,1648870740,0,0,,
B,1648871340,1,0,,
B,1648871940,1,0,,
B,1648872540,1,0,,
B,1648873140,1,0,,
B,1648873740,1,0,,
B,1648874340,1,0,,
B,1648874940,1,0,,
B,1648875600,1,60,,
B,1648876200,1,0,,
B,1648876800,1,0,,
B,1648877400,1,0,,
B,1648878000,1,0,,
B,1648878600,1,0,,
B,1648879200,1,0,,
B,1648879800,1,0,,
B,1648880400,1,0,,
B,1648881000,1,0,,
B,1648881600,1,0,,
B,1648882200,1,0,,
B,1648882800,1,0,,
B,1648883400,1,0,,
B,1648884000,1,0,,
B,1648884600,1,0,,
B,1648885200,1,0,,
B,1648885800,1,0,,
B,1648886400,1,0,,
B,1648887000,0,0,,
B,1648887600,0,0,,
B,1648888200,0,0,,
B,1648888800,0,0,,
B,1648889400,0,0,,
B,1648890000,0,0,,
B,1648890600,0,0,,
B,1648891200,0,0,,
B,1648891800,0,0,,
B,1648892400,0,0,,
B,1648893000,0,0,,
B,1648893600,0,0,,
B,1648894200,0,0,,
B,1648894800,0,0,,
B,1648895400,0,0,,
B,1648896000,0,0,,
B,1648900680,0,4080,,
B,1648901340,0,60,,
B,1648901940,0,0,,
B,1648902540,0,0,,
B,1648903140,0,0,,
B,1648903740,0,0,,
B,1648904340,0,0,,
B,1648904940,0,0,,
B,1648905540,0,0,,
B,1648906140,0,0,,
B,1648906740,0,0,,
B,1648907340,0,0,,
B,1648907940,0,0,,
B,1648908540,0,0,,
B,1648909140,0,0,,
B,1648909740,0,0,,
B,1648910340,0,0,,
B,1648910940,0,0,,
B,1648911540,0,0,,
B,1648912140,0,0,,
B,1648912740,0,0,,
B,1648913340,0,0,,
B,1648913940,0,0,,
B,1648914540,0,0,,
B,1648915140,0,0,,
B,1648915740,0,0,,
B,1648916340,0,0,,
B,1648916940,0,0,,
B,1648917540,0,0,,
B,1648918140,0,0,,
B,1648918740,0,0,,
B,1648919340,0,0,,
B,1648919940,0,0,,
B,1648920540,0,0,,
B,1648921140,0,0,,
B,1648921740,0,0,,
B,1648922340,0,0,,
B,1648922940,0,0,,
B,1648923540,0,0,,
B,1648924140,0,0,,
B,1648924740,0,0,,
B,1648925340,0,0,,
B,1648926000,0,60,,
B,1648926540,0,0,,
B,1648927140,0,0,,
B,1648927800,0,60,,
B,1648928400,0,0,,
B,1648929000,0,0,,
B,1648929600,0,0,,
B,1648930200,0,0,,
B,1648930800,0,0,,
B,1648931400,0,0,,
B,1648932000,0,0,,
B,1648932600,0,0,,
B,1648933200,0,0,,
B,1648933800,0,0,,
B,1648934400,0,0,,
B,1648935000,0,0,,
B,1648935600,0,0,,
B,1648936200,0,0,,
B,1648936800,0,0,,
B,1648937400,0,0,,
B,1648938000,0,0,,
B,1648938600,0,0,,
B,1648939200,0,0,,
B,1648939800,0,0,,
B,1648940400,0,0,,
B,1648941000,0,0,,
B,1648941600,1,0,,
B,1648942200,1,0,,
B,1648942800,1,0,,
B,1648943400,1,0,,
B,1648944000,1,0,,
B,1648944600,1,0,,
B,1648945200,1,0,,
B,1648945800,1,0,,
B,1648946400,1,0,,
B,1648947000,1,0,,
B,1648947600,1,0,,
B,1648948200,1,0,,
B,1648948800,1,0,,
B,1648949460,1,60,,
B,1648950060,1,0,,
B,1648950660,1,0,,
B,1648951260,1,0,,
B,1648951860,1,0,,
B,1648952460,1,0,,
B,1648953060,1,0,,
B,1648953660,1,0,,
B,1648954260,1,0,,
B,1648954860,1,0,,
B,1648955460,1,0,,
B,1648956060,1,0,,
B,1648956660,1,0,,
B,1648957260,1,0,,
B,1648957860,1,0,,
B,1648958460,1,0,,
B,1648959060,1,0,,
B,1648959660,1,0,,
B,1648960260,1,0,,
B,1648960860,1,0,,
B,1648961460,1,0,,
B,1648962060,1,0,,
B,1648962660,1,0,,
B,1648963260,1,0,,
B,1648963860,1,0,,
B,1648964460,1,0,,
B,1648965060,1,0,,
B,1648965660,1,0,,
B,1648966260,1,0,,
B,1648966860,1,0,,
B,1648967460,1,0,,
B,1648968060,1,0,,
B,1648968660,1,0,,
B,1648969260,1,0,,
B,1648969860,1,0,,
B,1648970460,1,0,,
B,1648971060,1,0,,
B,1648971660,1,0,,
B,1648972260,1,0,,
B,1648972860,1,0,,
B,1648973460,1,0,,
B,1648974060,1,0,,
B,1648974660,1,0,,
B,1648975320,1,60,,
B,1648975920,1,0,,
B,1648976520,0,0,,
B,1648977120,0,0,,
B,1648977720,0,0,,
B,1648978320,0,0,,
B,1648978920,0,0,,
B,1648979520,0,0,,
B,1648980120,0,0,,
B,1648980720,0,0,,
B,1648981320,0,0,,
B,1648981920,0,0,,
B,1648982520,0,0,,
B,1648983120,0,0,,
B,1648983720,0,0,,
B,1648984320,0,0,,
B,1648984920,0,0,,
B,1648985520,0,0,,
B,1648986120,0,0,,
B,1648986720,0,0,,
B,1648987320,0,0,,
B,1648987920,0,0,,
B,1648988520,0,0,,
B,1648989120,0,0,,
B,1648989720,0,0,,
B,1648990320,0,0,,
B,1648990920,0,0,,
B,1648991520,0,0,,
B,1648992120,0,0,,
B,1648992720,0,0,,
B,1648993320,0,0,,
B,1648993920,0,0,,
B,1648994520,0,0,,
B,1648995120,0,0,,
B,1648995720,0,0,,
B,1648996380,0,60,,
B,1648996980,0,0,,
B,1648997580,0,0,,
B,1648998180,0,0,,
B,1648998780,0,0,,
B,1648999380,0,0,,
B,1648999980,0,0,,
B,1649000580,0,0,,
B,1649001180,0,0,,
B,1649001780,0,0,,
B,1649002380,0,0,,
B,1649002980,0,0,,
B,1649003580,0,0,,
B,1649004180,0,0,,
B,1649004780,0,0,,
B,1649005440,0,60,,
B,1649006040,0,0,,
B,1649006640,0,0,,
B,1649007240,0,0,,
B,1649007840,0,0,,
B,1649008440,0,0,,
B,1649009040,0,0,,
B,1649009640,1,0,,
B,1649010240,0,0,,
B,1649010840,0,0,,
B,1649011440,0,0,,
B,1649012040,0,0,,
B,1649012640,0,0,,
B,1649013240,0,0,,
B,1649013840,0,0,,
B,1649014440,0,0,,
B,1649015040,0,0,,
B,1649015640,0,0,,
B,1649016240,0,0,,
B,1649016840,0,0,,
B,1649017440,0,0,,
B,1649018040,0,0,,
B,1649018640,0,0,,
B,1649019240,0,0,,
B,1649019840,0,0,,
B,1649020440,0,0,,
B,1649021040,0,0,,
B,1649021640,0,0,,
B,1649022240,0,0,,
B,1649022840,0,0,,
B,1649023440,0,0,,
B,1649024040,0,0,,
B,1649024640,0,0,,
B,1649025240,0,0,,
B,1649025840,0,0,,
B,1649026440,0,0,,
B,1649027040,0,0,,
B,1649027700,0,60,,
B,1649028300,0,0,,
B,1649028900,0,0,,
B,1649029500,0,0,,
B,1649030100,0,0,,
B,1649030700,0,0,,
B,1649031300,0,0,,
B,1649031900,0,0,,
B,1649032500,0,0,,
B,1649033100,0,0,,
B,1649033700,0,0,,
B,1649034300,0,0,,
B,1649034900,0,0,,
B,1649035500,0,0,,
B,1649036100,0,0,,
B,1649036700,0,0,,
B,1649037300,0,0,,
B,1649037900,0,0,,
B,1649038500,0,0,,
B,1649039100,0,0,,
B,1649039700,0,0,,
B,1649040300,0,0,,
B,1649040900,0,0,,
B,1649041500,0,0,,
B,1649042100,0,0,,
B,1649042700,0,0,,
B,1649043300,0,0,,
B,1649043900,0,0,,
B,1649044500,0,0,,
B,1649045100,0,0,,
B,1649045700,0,0,,
B,1649046300,0,0,,
B,1649046900,0,0,,
B,1649047500,0,0,,
B,1649048100,0,0,,
B,1649048700,0,0,,
B,1649049300,0,0,,
B,1649049900,1,0,,
B,1649050500,1,0,,
B,1649051100,1,0,,
B,1649051700,1,0,,
B,1649052300,1,0,,
B,1649052900,1,0,,
B,1649053560,0,60,,
B,1649054160,0,0,,
B,1649054760,0,0,,
B,1649055360,0,0,,
B,1649055960,1,0,,
B,1649056560,1,0,,
B,1649057160,1,0,,
B,1649057760,1,0,,
B,1649058360,1,0,,
B,1649058960,1,0,,
B,1649059560,1,0,,
B,1649060160,1,0,,
B,1649060760,1,0,,
B,1649061360,1,0,,
B,1649061960,1,0,,
B,1649062560,1,0,,
B,1649063220,1,60,,
B,1649063820,1,0,,
B,1649064420,1,0,,
B,1649065020,1,0,,
B,1649065620,1,0,,
B,1649066220,1,0,,
B,1649066820,1,0,,
B,1649067420,1,0,,
B,1649068020,1,0,,
B,1649068620,1,0,,
B,1649069220,1,0,,
B,1649069820,1,0,,
B,1649070420,1,0,,
B,1649071020,1,0,,
B,1649071620,1,0,,
B,1649072220,1,0,,
B,1649072820,1,0,,
B,1649073420,1,0,,
B,1649074020,1,0,,
B,1649074620,1,0,,
B,1649075220,1,0,,
B,1649075820,1,0,,
B,1649076420,1,0,,
B,1649077020,1,0,,
B,1649077620,1,0,,
B,1649078220,1,0,,
B,1649078820,1,0,,
B,1649079420,1,0,,
B,1649080020,1,0,,
B,1649080680,1,60,,
B,1649081280,1,0,,
B,1649081880,1,0,,
B,1649082480,1,0,,
B,1649083080,1,0,,
B,1649083680,1,0,,
B,1649084280,1,0,,
B,1649084880,1,0,,
B,1649085480,1,0,,
B,1649086080,1,0,,
B,1649086680,1,0,,
B,1649087280,1,0,,
B,1649087880,1,0,,
B,1649088480,1,0,,
B,1649089080,1,0,,
B,1649089680,1,0,,
B,1649090280,1,0,,
B,1649090880,1,0,,
B,1649091480,1,0,,
B,1649092080,1,0,,
B,1649092680,1,0,,
B,1649093280,1,0,,
B,1649093880,1,0,,
B,1649094480,1,0,,
B,1649095080,1,0,,
B,1649095680,1,0,,
B,1649096280,1,0,,
B,1649096880,1,0,,
B,1649097480,1,0,,
B,1649098080,1,0,,
B,1649098680,1,0,,
B,1649099280,1,0,,
B,1649099880,1,0,,
B,1649100480,1,0,,
B,1649101080,1,0,,
B,1649101680,1,0,,
B,1649102280,1,0,,
B,1649102880,1,0,,
B,1649103480,1,0,,
B,1649104080,1,0,,
B,1649104740,1,60,,
B,1649105340,1,0,,
B,1649105940,1,0,,
B,1649106540,1,0,,
B,1649107140,1,0,,
B,1649107740,1,0,,
B,1649108340,1,0,,
B,1649108940,1,0,,
B,1649109540,1,0,,
B,1649110140,1,0,,
B,1649110740,1,0,,
B,1649111340,0,0,,
B,1649111940,0,0,,
B,1649112540,0,0,,
B,1649113140,0,0,,
B,1649113740,0,0,,
B,1649114340,0,0,,
B,1649114940,0,0,,
B,1649115540,0,0,,
B,1649116140,0,0,,
B,1649116740,0,0,,
B,1649117340,0,0,,
B,1649117940,0,0,,
B,1649118540,0,0,,
B,1649119140,0,0,,
B,1649119740,0,0,,
B,1649120340,0,0,,
B,1649120940,0,0,,
B,1649121540,0,0,,
B,1649122140,0,0,,
B,1649122740,0,0,,
B,1649123340,0,0,,
B,1649123940,0,0,,
B,1649124540,0,0,,
B,1649125140,0,0,,
B,1649125740,0,0,,
B,1649126340,0,0,,
B,1649126940,0,0,,
B,1649127540,0,0,,
B,1649128140,0,0,,
B,1649128740,0,0,,
B,1649129400,0,60,,
B,1649130000,0,0,,
B,1649130600,0,0,,
B,1649131200,0,0,,
B,1649131800,0,0,,
B,1649132400,0,0,,
B,1649133000,0,0,,
B,1649133600,0,0,,
B,1649134200,0,0,,
B,1649134800,0,0,,
B,1649135400,0,0,,
B,1649136000,0,0,,
B,1649136600,0,0,,
B,1649137200,0,0,,
B,1649137800,0,0,,
B,1649138400,0,0,,
B,1649139000,0,0,,
B,1649139600,0,0,,
B,1649140200,0,0,,
B,1649140800,0,0,,
B,1649141400,0,0,,
B,1649142000,0,0,,
B,1649142600,0,0,,
B,1649143200,0,0,,
B,1649143800,0,0,,
B,1649144400,0,0,,
B,1649145000,0,0,,
B,1649145600,0,0,,
B,1649146200,0,0,,
B,1649146800,0,0,,
B,1649147400,0,0,,
B,1649148000,0,0,,
B,1649148600,0,0,,
B,1649149200,0,0,,
B,1649149800,0,0,,
B,1649150400,0,0,,
B,1649151000,0,0,,
B,1649151600,0,0,,
B,1649152200,0,0,,
B,1649152800,0,0,,
B,1649153460,0,60,,
B,1649154060,0,0,,
B,1649154660,0,0,,
B,1649155260,0,0,,
B,1649155860,0,0,,
B,1649156520,0,60,,
B,1649157360,0,240,,
B,1649157960,0,0,,
B,1649158560,0,0,,
B,1649159160,0,0,,
B,1649159760,0,0,,
B,1649160660,0,300,,
B,1649161560,0,300,,
B,1649162640,0,480,,
B,1649163240,0,0,,
B,1649163840,0,0,,
B,1649164620,0,180,,
B,1649165220,0,0,,
B,1649166000,0,180,,
B,1649166600,0,0,,
B,1649167200,0,0,,
B,1649167800,0,0,,
B,1649168400,0,0,,
B,1649169000,0,0,,
B,1649169600,0,0,,
B,1649170200,0,0,,
B,1649170800,0,0,,
B,1649171400,0,0,,
B,1649172000,0,0,,
B,1649172600,0,0,,
B,1649173200,0,0,,
B,1649173800,0,0,,
B,1649174400,0,0,,
B,1649175000,0,0,,
B,1649175600,0,0,,
B,1649176200,0,0,,
B,1649176800,0,0,,
B,1649177400,0,0,,
B,1649178000,0,0,,
B,1649178600,0,0,,
B,1649179260,0,60,,
B,1649179860,0,0,,
B,1649180460,0,0,,
B,1649181060,0,0,,
B,1649181660,0,0,,
B,1649182260,0,0,,
B,1649182860,0,0,,
B,1649183460,0,0,,
B,1649184060,0,0,,
B,1649184660,0,0,,
B,1649185260,0,0,,
B,1649185860,0,0,,
B,1649186460,0,0,,
B,1649187060,0,0,,
B,1649187660,0,0,,
B,1649188260,0,0,,
B,1649188860,0,0,,
B,1649189460,0,0,,
B,1649190060,0,0,,
B,1649190660,0,0,,
B,1649191260,0,0,,
B,1649191860,0,0,,
B,1649192460,0,0,,
B,1649193120,0,60,,
B,1649193720,0,0,,
B,1649194320,0,0,,
B,1649194920,0,0,,
B,1649195520,0,0,,
B,1649196120,0,0,,
B,1649196720,0,0,,
B,1649197320,0,0,,
B,1649197920,0,0,,
B,1649198520,0,0,,
B,1649199120,0,0,,
B,1649199720,0,0,,
B,1649200320,0,0,,
B,1649200920,0,0,,
B,1649201520,0,0,,
B,1649202120,0,0,,
B,1649202720,0,0,,
B,1649203320,0,0,,
B,1649203920,0,0,,
B,1649204520,0,0,,
B,1649205120,0,0,,
B,1649205720,0,0,,
B,1649206320,0,0,,
B,1649206920,0,0,,
B,1649207520,0,0,,
B,1649208120,0,0,,
B,1649208720,0,0,,
B,1649209320,0,0,,
B,1649209920,0,0,,
B,1649210520,0,0,,
B,1649211120,0,0,,
B,1649211720,0,0,,
B,1649212320,0,0,,
B,1649212920,0,0,,
B,1649213520,0,0,,
B,1649214120,0,0,,
B,1649214780,0,60,,
B,1649215380,0,0,,
B,1649215980,0,0,,
B,1649216580,0,0,,
B,1649217180,0,0,,
B,1649217780,0,0,,
B,1649218380,0,0,,
B,1649218980,0,0,,
B,1649219580,0,0,,
B,1649220180,0,0,,
B,1649220780,0,0,,
B,1649221380,0,0,,
B,1649221980,0,0,,
B,1649222580,0,0,,
B,1649223180,0,0,,
B,1649223780,0,0,,
B,1649224380,0,0,,
B,1649224980,0,0,,
B,1649225580,0,0,,
B,1649226180,0,0,,
B,1649226780,0,0,,
B,1649227380,0,0,,
B,1649227980,0,0,,
B,1649228580,0,0,,
B,1649229180,0,0,,
B,1649229780,0,0,,
B,1649230380,0,0,,
B,1649231280,0,300,,
B,1649232360,0,480,,
B,1649232960,0,0,,
B,1649233560,0,0,,
B,1649234160,0,0,,
B,1649234760,0,0,,
B,1649235360,0,0,,
B,1649235960,0,0,,
B,1649236560,0,0,,
B,1649237160,0,0,,
B,1649237760,0,0,,
B,1649238360,0,0,,
B,1649238960,0,0,,
B,1649239560,0,0,,
B,1649240160,0,0,,
B,1649240760,0,0,,
B,1649241360,0,0,,
B,1649241960,0,0,,
B,1649242560,0,0,,
B,1649243160,0,0,,
B,1649243760,0,0,,
B,1649244360,0,0,,
B,1649244960,0,0,,
B,1649245560,0,0,,
B,1649246160,0,0,,
B,1649246820,0,60,,
B,1649247420,0,0,,
B,1649248020,0,0,,
B,1649248620,0,0,,
B,1649249220,0,0,,
B,1649249820,0,0,,
B,1649250420,0,0,,
B,1649251020,0,0,,
B,1649251620,0,0,,
B,1649252220,0,0,,
B,1649252820,0,0,,
B,1649253420,0,0,,
B,1649254020,0,0,,
B,1649254620,0,0,,
B,1649255220,0,0,,
B,1649255820,0,0,,
B,1649256420,0,0,,
B,1649257020,0,0,,
B,1649257620,0,0,,
B,1649258220,0,0,,
B,1649258820,0,0,,
B,1649259420,0,0,,
B,1649260020,0,0,,
B,1649260620,0,0,,
B,1649261220,0,0,,
B,1649261820,0,0,,
B,1649262420,0,0,,
B,1649263020,0,0,,
B,1649263620,0,0,,
B,1649264220,0,0,,
B,1649264820,0,0,,
B,1649265420,0,0,,
B,1649266020,0,0,,
B,1649266620,0,0,,
B,1649267220,0,0,,
B,1649267820,0,0,,
B,1649268420,0,0,,
B,1649269320,0,300,,
B,1649269920,0,0,,
B,1649270520,0,0,,
B,1649271120,0,0,,
B,1649271720,0,0,,
B,1649272980,0,660,,
B,1649274420,0,840,,
B,1649275020,0,0,,
B,1649275620,0,0,,
B,1649276220,0,0,,
B,1649276820,0,0,,
B,1649277420,0,0,,
B,1649278020,0,0,,
B,1649278740,0,120,,
B,1649279340,0,0,,
B,1649279940,0,0,,
B,1649280600,0,60,,
B,1649281380,0,180,,
B,1649282040,0,60,,
B,1649282640,0,0,,
B,1649283240,0,0,,
B,1649283840,0,0,,
B,1649284440,0,0,,
B,1649285040,0,0,,
B,1649285640,0,0,,
B,1649286240,0,0,,
B,1649286840,0,0,,
B,1649287440,0,0,,
B,1649288040,0,0,,
B,1649288640,0,0,,
B,1649289240,0,0,,
B,1649289840,0,0,,
B,1649290440,0,0,,
B,1649291040,0,0,,
B,1649291640,0,0,,
B,1649292240,0,0,,
B,1649292840,0,0,,
B,1649293440,0,0,,
B,1649294040,0,0,,
B,1649294640,0,0,,
B,1649295300,0,60,,
B,1649295900,0,0,,
B,1649296500,0,0,,
B,1649297100,0,0,,
B,1649297700,0,0,,
B,1649298300,0,0,,
B,1649298900,0,0,,
B,1649299500,0,0,,
B,1649300100,0,0,,
B,1649300700,0,0,,
B,1649301300,0,0,,
B,1649301900,0,0,,
B,1649302500,0,0,,
B,1649303100,0,0,,
B,1649303700,0,0,,
B,1649304300,0,0,,
B,1649304900,0,0,,
B,1649305500,0,0,,
B,1649306160,0,60,,
B,1649306760,0,0,,
B,1649307360,0,0,,
B,1649307960,0,0,,
B,1649308560,0,0,,
B,1649309160,0,0,,
B,1649309760,0,0,,
B,1649310360,0,0,,
B,1649310960,0,0,,
B,1649311560,0,0,,
B,1649312160,0,0,,
B,1649312760,0,0,,
B,1649313360,0,0,,
B,1649313960,0,0,,
B,1649314560,0,0,,
B,1649315160,0,0,,
B,1649315760,0,0,,
B,1649316420,0,60,,
B,1649317020,0,0,,
B,1649317800,0,180,,
B,1649318400,0,0,,
B,1649319000,0,0,,
B,1649319600,0,0,,
B,1649320200,0,0,,
B,1649320800,0,0,,
B,1649321400,0,0,,
B,1649322240,0,240,,
B,1649322840,0,0,,
B,1649323440,0,0,,
B,1649324220,0,180,,
B,1649324820,0,0,,
B,1649325660,0,240,,
B,1649326740,0,480,,
B,1649327340,0,0,,
B,1649328420,0,480,,
B,1649329020,0,0,,
B,1649329980,0,360,,
B,1649330580,0,0,,
B,1649331180,0,0,,
B,1649331780,0,0,,
B,1649332380,0,0,,
B,1649332980,0,0,,
B,1649333580,0,0,,
B,1649334180,0,0,,
B,1649334780,0,0,,
B,1649335440,0,60,,
B,1649336040,0,0,,
B,1649336640,0,0,,
B,1649337240,0,0,,
B,1649337840,0,0,,
B,1649338440,0,0,,
B,1649339040,0,0,,
B,1649339640,0,0,,
B,1649340240,0,0,,
B,1649340840,0,0,,
B,1649341440,0,0,,
B,1649342040,0,0,,
B,1649342640,0,0,,
B,1649343240,0,0,,
B,1649343840,0,0,,
B,1649344500,0,60,,
B,1649345280,0,180,,
B,1649345880,0,0,,
B,1649346480,0,0,,
B,1649347560,0,480,,
B,1649348220,0,60,,
B,1649348820,0,0,,
B,1649349420,0,0,,
B,1649350260,0,240,,
B,1649351040,0,180,,
B,1649351640,0,0,,
B,1649352240,0,0,,
B,1649352900,0,60,,
B,1649353740,0,240,,
B,1649354340,0,0,,
B,1649354940,0,0,,
B,1649355780,0,240,,
B,1649356380,0,0,,
B,1649356980,0,0,,
B,1649357580,0,0,,
B,1649358180,0,0,,
B,1649358840,0,60,,
B,1649359440,0,0,,
B,1649360040,0,0,,
B,1649360640,0,0,,
B,1649361240,0,0,,
B,1649361840,0,0,,
B,1649362440,0,0,,
B,1649363040,0,0,,
B,1649363640,0,0,,
B,1649364240,0,0,,
B,1649364840,0,0,,
B,1649365440,0,0,,
B,1649366040,0,0,,
B,1649366640,0,0,,
B,1649367240,0,0,,
B,1649367840,0,0,,
B,1649368440,0,0,,
B,1649369040,0,0,,
B,1649369640,0,0,,
B,1649370240,0,0,,
B,1649370840,0,0,,
B,1649371440,0,0,,
B,1649372040,0,0,,
B,1649372640,0,0,,
B,1649373240,0,0,,
B,1649373840,0,0,,
B,1649374440,0,0,,
B,1649375040,0,0,,
B,1649375640,0,0,,
B,1649376300,0,60,,
B,1649376900,0,0,,
B,1649377500,0,0,,
B,1649378100,0,0,,
B,1649378700,0,0,,
B,1649379300,0,0,,
B,1649379900,0,0,,
B,1649380500,0,0,,
B,1649381100,0,0,,
B,1649381700,0,0,,
B,1649382300,0,0,,
B,1649382900,0,0,,
B,1649383500,0,0,,
B,1649384100,0,0,,
B,1649384700,0,0,,
B,1649385300,0,0,,
B,1649385900,0,0,,
B,1649386500,0,0,,
B,1649387100,0,0,,
B,1649387700,0,0,,
B,1649388300,0,0,,
B,1649388900,0,0,,
B,1649389500,1,0,,
B,1649390100,1,0,,
B,1649390700,1,0,,
B,1649391300,1,0,,
B,1649391900,1,0,,
B,1649392500,1,0,,
B,1649393100,1,0,,
B,1649393700,1,0,,
B,1649394300,1,0,,
B,1649394900,1,0,,
B,1649395500,1,0,,
B,1649396100,1,0,,
B,1649396700,1,0,,
B,1649397300,1,0,,
B,1649397900,1,0,,
B,1649398500,1,0,,
B,1649399100,1,0,,
B,1649399760,1,60,,
B,1649400360,1,0,,
B,1649400960,1,0,,
B,1649401560,1,0,,
B,1649402160,1,0,,
B,1649402760,1,0,,
B,1649403360,1,0,,
B,1649403960,0,0,,
B,1649404560,0,0,,
B,1649405160,0,0,,
B,1649405760,0,0,,
B,1649406360,0,0,,
B,1649406960,0,0,,
B,1649407560,0,0,,
B,1649408160,0,0,,
B,1649408760,0,0,,
B,1649409360,0,0,,
B,1649409960,0,0,,
B,1649410560,0,0,,
B,1649411160,0,0,,
B,1649412240,0,480,,
B,1649413020,0,180,,
B,1649413620,0,0,,
B,1649414220,0,0,,
B,1649414820,0,0,,
B,1649415420,0,0,,
B,1649416020,0,0,,
B,1649416620,0,0,,
B,1649417400,0,180,,
B,1649418240,0,240,,
B,1649418840,0,0,,
B,1649419440,0,0,,
B,1649420040,0,0,,
B,1649420640,0,0,,
B,1649421240,0,0,,
B,1649421840,0,0,,
B,1649422440,0,0,,
B,1649423460,0,420,,
B,1649424120,0,60,,
B,1649424720,0,0,,
B,1649425620,0,300,,
B,1649426460,0,240,,
B,1649427060,0,0,,
B,1649427840,0,180,,
B,1649428560,0,120,,
B,1649429160,0,0,,
B,1649430000,0,240,,
B,1649430840,0,240,,
B,1649431440,0,0,,
B,1649432460,0,420,,
B,1649433300,0,240,,
B,1649434080,0,180,,
B,1649434680,0,0,,
B,1649435700,0,420,,
B,1649436300,0,0,,
B,1649436960,0,60,,
B,1649438040,0,480,,
B,1649438880,0,240,,
B,1649439480,0,0,,
B,1649440740,0,660,,
B,1649441340,0,0,,
B,1649441940,0,0,,
B,1649442540,0,0,,
B,1649443140,0,0,,
B,1649443740,0,0,,
B,1649444340,0,0,,
B,1649444940,0,0,,
B,1649445540,0,0,,
B,1649446140,0,0,,
B,1649446740,0,0,,
B,1649447340,0,0,,
B,1649447940,0,0,,
B,1649448540,0,0,,
B,1649449140,0,0,,
B,1649449740,0,0,,
B,1649450340,0,0,,
B,1649450940,0,0,,
B,1649451540,0,0,,
B,1649452140,0,0,,
B,1649452740,0,0,,
B,1649453340,0,0,,
B,1649453940,0,0,,
B,1649454540,0,0,,
B,1649455140,0,0,,
B,1649455740,0,0,,
B,1649456340,0,0,,
B,1649456940,0,0,,
B,1649457540,0,0,,
B,1649458140,0,0,,
B,1649458740,0,0,,
B,1649459340,0,0,,
B,1649459940,0,0,,
B,1649460540,0,0,,
B,1649461140,0,0,,
B,1649461740,0,0,,
B,1649462340,0,0,,
B,1649462940,0,0,,
B,1649463540,0,0,,
B,1649464140,0,0,,
B,1649464740,0,0,,
B,1649465340,0,0,,
B,1649466000,0,60,,
B,1649466600,0,0,,
B,1649467200,0,0,,
B,1649467800,0,0,,
B,1649468400,0,0,,
B,1649469000,0,0,,
B,1649469600,0,0,,
B,1649470200,0,0,,
B,1649470800,0,0,,
B,1649471400,0,0,,
B,1649472000,0,0,,
B,1649472600,0,0,,
B,1649473200,0,0,,
B,1649473800,0,0,,
B,1649474400,0,0,,
B,1649475000,0,0,,
B,1649475600,0,0,,
B,1649476200,0,0,,
B,1649476800,0,0,,
B,1649477400,0,0,,
B,1649478000,0,0,,
B,1649478600,0,0,,
B,1649479200,0,0,,
B,1649479800,0,0,,
B,1649480400,0,0,,
B,1649481000,0,0,,
B,1649481600,0,0,,
B,1649482200,0,0,,
B,1649482800,0,0,,
B,1649483400,0,0,,
B,1649484000,0,0,,
B,1649484660,0,60,,
B,1649485260,0,0,,
B,1649485860,0,0,,
B,1649486460,0,0,,
B,1649487060,0,0,,
B,1649487660,0,0,,
B,1649488260,0,0,,
B,1649488860,0,0,,
B,1649489460,0,0,,
B,1649490060,0,0,,
B,1649490660,0,0,,
B,1649491260,0,0,,
B,1649491860,0,0,,
B,1649492460,0,0,,
B,1649493060,0,0,,
B,1649493660,0,0,,
B,1649494260,0,0,,
B,1649494860,0,0,,
B,1649495460,0,0,,
B,1649496060,0,0,,
B,1649496720,0,60,,
B,1649497320,0,0,,
B,1649497920,0,0,,
B,1649498520,0,0,,
B,1649499120,0,0,,
B,1649499720,0,0,,
B,1649500320,0,0,,
B,1649500920,0,0,,
B,1649501520,0,0,,
B,1649502120,0,0,,
B,1649502720,0,0,,
B,1649503320,0,0,,
B,1649503920,0,0,,
B,1649504520,0,0,,
B,1649505120,0,0,,
B,1649505720,0,0,,
B,1649506320,0,0,,
B,1649506920,0,0,,
B,1649507520,0,0,,
B,1649508120,0,0,,
B,1649508720,0,0,,
B,1649509320,0,0,,
B,1649509920,0,0,,
B,1649510520,0,0,,
B,1649511120,0,0,,
B,1649511720,0,0,,
B,1649512320,0,0,,
B,1649512920,0,0,,
B,1649513580,0,60,,
B,1649514180,0,0,,
B,1649514780,0,0,,
B,1649515380,0,0,,
B,1649515980,0,0,,
B,1649516580,0,0,,
B,1649517180,0,0,,
B,1649517780,0,0,,
B,1649518380,0,0,,
B,1649518980,0,0,,
B,1649519580,0,0,,
B,1649520180,0,0,,
B,1649520780,0,0,,
B,1649521380,0,0,,
B,1649521980,0,0,,
B,1649522580,0,0,,
B,1649523180,0,0,,
B,1649523780,0,0,,
B,1649524380,0,0,,
B,1649524980,0,0,,
B,1649525580,0,0,,
B,1649526180,0,0,,
B,1649526780,0,0,,
B,1649527380,0,0,,
B,1649527980,0,0,,
B,1649528580,0,0,,
B,1649529180,0,0,,
B,1649529780,0,0,,
B,1649530380,0,0,,
B,1649530980,0,0,,
B,1649531580,0,0,,
B,1649532180,0,0,,
B,1649532780,0,0,,
B,1649533380,0,0,,
B,1649533980,0,0,,
B,1649534580,0,0,,
B,1649535180,0,0,,
B,1649535840,0,60,,
B,1649536440,0,0,,
B,1649537040,0,0,,
B,1649537640,0,0,,
B,1649538240,0,0,,
B,1649538840,0,0,,
B,1649539440,0,0,,
B,1649540040,0,0,,
B,1649540640,0,0,,
B,1649541240,0,0,,
B,1649541840,0,0,,
B,1649542440,0,0,,
B,1649543040,0,0,,
B,1649543640,0,0,,
B,1649544240,0,0,,
B,1649544840,0,0,,
B,1649545440,1,0,,
B,1649546040,1,0,,
B,1649546640,1,0,,
B,1649547240,1,0,,
B,1649547840,1,0,,
B,1649548440,1,0,,
B,1649549040,1,0,,
B,1649549640,1,0,,
B,1649550240,1,0,,
B,1649550840,1,0,,
B,1649551440,1,0,,
B,1649552040,1,0,,
B,1649552640,1,0,,
B,1649553240,1,0,,
B,1649553840,1,0,,
B,1649554440,1,0,,
B,1649555040,1,0,,
B,1649555640,1,0,,
B,1649556240,1,0,,
B,1649556840,1,0,,
B,1649557440,1,0,,
B,1649558040,1,0,,
B,1649558640,1,0,,
B,1649559240,1,0,,
B,1649559840,1,0,,
B,1649560440,1,0,,
B,1649561100,1,60,,
B,1649561640,1,0,,
B,1649562300,1,60,,
B,1649562900,1,0,,
B,1649563500,1,0,,
B,1649564100,1,0,,
B,1649564700,1,0,,
B,1649565300,1,0,,
B,1649565900,1,0,,
B,1649566500,1,0,,
B,1649567100,1,0,,
B,1649567700,1,0,,
B,1649568300,1,0,,
B,1649568900,1,0,,
B,1649569500,1,0,,
B,1649570100,1,0,,
B,1649570700,1,0,,
B,1649571300,1,0,,
B,1649571900,1,0,,
B,1649572500,1,0,,
B,1649573100,1,0,,
B,1649573700,1,0,,
B,1649574300,1,0,,
B,1649574900,1,0,,
B,1649575500,1,0,,
B,1649576100,0,0,,
B,1649576700,0,0,,
B,1649577300,0,0,,
B,1649577900,0,0,,
B,1649578500,0,0,,
B,1649579100,0,0,,
B,1649579700,0,0,,
B,1649580300,0,0,,
B,1649580900,0,0,,
B,1649581500,0,0,,
B,1649582100,0,0,,
B,1649582700,0,0,,
B,1649583300,0,0,,
B,1649583900,0,0,,
B,1649584500,0,0,,
B,1649585100,0,0,,
B,1649585700,0,0,,
B,1649586300,0,0,,
B,1649586900,0,0,,
B,1649587500,0,0,,
B,1649588160,0,60,,
B,1649588760,0,0,,
B,1649589360,0,0,,
B,1649589960,0,0,,
B,1649590560,0,0,,
B,1649591160,0,0,,
B,1649591760,0,0,,
B,1649592360,0,0,,
B,1649592960,0,0,,
B,1649593560,0,0,,
B,1649594160,0,0,,
B,1649594760,0,0,,
B,1649595360,0,0,,
B,1649595960,0,0,,
B,1649596560,0,0,,
B,1649597160,0,0,,
B,1649597760,0,0,,
B,1649598360,0,0,,
B,1649598960,0,0,,
B,1649599560,0,0,,
B,1649600160,0,0,,
B,1649600760,0,0,,
B,1649601360,0,0,,
B,1649601960,0,0,,
B,1649602560,0,0,,
B,1649603160,0,0,,
B,1649603760,0,0,,
B,1649604360,0,0,,
B,1649604960,0,0,,
B,1649605560,0,0,,
B,1649606160,0,0,,
B,1649606760,0,0,,
B,1649607360,0,0,,
B,1649607960,0,0,,
B,1649608560,0,0,,
B,1649609160,0,0,,
B,1649609760,0,0,,
B,1649610360,0,0,,
B,1649611020,0,60,,
B,1649611620,0,0,,
B,1649612220,0,0,,
B,1649612820,0,0,,
B,1649613420,0,0,,
B,1649614020,0,0,,
B,1649614620,0,0,,
B,1649615220,0,0,,
B,1649615820,0,0,,
B,1649616420,0,0,,
B,1649617020,0,0,,
B,1649617620,0,0,,
B,1649618220,0,0,,
B,1649618820,0,0,,
B,1649619420,0,0,,
B,1649620020,0,0,,
B,1649620620,0,0,,
B,1649621220,0,0,,
B,1649621820,0,0,,
B,1649622420,0,0,,
B,1649623020,0,0,,
B,1649623620,0,0,,
B,1649624220,0,0,,
B,1649624820,0,0,,
B,1649625420,0,0,,
B,1649626020,0,0,,
B,1649626620,0,0,,
B,1649627220,0,0,,
B,1649627820,0,0,,
B,1649628420,0,0,,
B,1649629020,0,0,,
B,1649629620,0,0,,
B,1649630220,0,0,,
B,1649630820,0,0,,
B,1649631420,0,0,,
B,1649632020,0,0,,
B,1649632620,0,0,,
B,1649633220,0,0,,
B,1649633820,0,0,,
B,1649634480,0,60,,
B,1649635080,0,0,,
B,1649635680,0,0,,
B,1649636280,0,0,,
B,1649636880,0,0,,
B,1649637480,0,0,,
B,1649638080,0,0,,
B,1649638680,0,0,,
B,1649639280,0,0,,
B,1649639880,0,0,,
B,1649640480,0,0,,
B,1649641140,0,60,,
B,1649641740,0,0,,
B,1649642340,0,0,,
B,1649642940,0,0,,
B,1649643540,0,0,,
B,1649644140,0,0,,
B,1649644920,0,180,,
B,1649645580,0,60,,
B,1649646180,0,0,,
B,1649646780,0,0,,
B,1649647380,0,0,,
B,1649647980,0,0,,
B,1649648580,0,0,,
B,1649649180,0,0,,
B,1649649780,0,0,,
B,1649650380,0,0,,
B,1649650980,0,0,,
B,1649651580,0,0,,
B,1649652180,0,0,,
B,1649652780,0,0,,
B,1649653380,0,0,,
B,1649653980,0,0,,
B,1649654580,0,0,,
B,1649655180,0,0,,
B,1649655780,0,0,,
B,1649656560,0,180,,
B,1649657160,0,0,,
B,1649657760,0,0,,
B,1649658360,0,0,,
B,1649658960,0,0,,
B,1649659560,0,0,,
B,1649660160,0,0,,
B,1649660760,0,0,,
B,1649661360,0,0,,
B,1649661960,0,0,,
B,1649662620,0,60,,
B,1649663220,0,0,,
B,1649664000,0,180,,
B,1649664600,0,0,,
B,1649665200,0,0,,
B,1649665800,0,0,,
B,1649666400,0,0,,
B,1649667000,0,0,,
B,1649667600,0,0,,
B,1649668200,0,0,,
B,1649668800,0,0,,
B,1649669400,0,0,,
B,1649670000,0,0,,
B,1649670600,0,0,,
B,1649671200,0,0,,
B,1649671800,0,0,,
B,1649672400,0,0,,
B,1649673000,0,0,,
B,1649673600,0,0,,
B,1649674260,0,60,,
B,1649674860,0,0,,
B,1649675640,0,180,,
B,1649676240,0,0,,
B,1649676840,0,0,,
B,1649677440,0,0,,
B,1649678040,0,0,,
B,1649678640,0,0,,
B,1649679240,0,0,,
B,1649679840,0,0,,
B,1649680440,0,0,,
B,1649681040,0,0,,
B,1649681640,0,0,,
B,1649682240,0,0,,
B,1649682840,0,0,,
B,1649683440,0,0,,
B,1649684040,0,0,,
B,1649684640,0,0,,
B,1649685240,0,0,,
B,1649685900,0,60,,
B,1649686500,0,0,,
B,1649687100,0,0,,
B,1649687700,0,0,,
B,1649688300,0,0,,
B,1649688900,0,0,,
B,1649689500,0,0,,
B,1649690100,0,0,,
B,1649690700,0,0,,
B,1649691300,0,0,,
B,1649691900,0,0,,
B,1649692500,0,0,,
B,1649693100,0,0,,
B,1649693700,0,0,,
B,1649694300,0,0,,
B,1649694900,0,0,,
B,1649695500,0,0,,
B,1649696100,0,0,,
B,1649696700,0,0,,
B,1649697300,0,0,,
B,1649697900,0,0,,
B,1649698500,0,0,,
B,1649699100,0,0,,
B,1649699700,0,0,,
B,1649700300,0,0,,
B,1649700900,0,0,,
B,1649701500,0,0,,
B,1649702100,0,0,,
B,1649702700,0,0,,
B,1649703300,1,0,,
B,1649703900,1,0,,
B,1649704560,1,60,,
B,1649705160,1,0,,
B,1649705760,1,0,,
B,1649706360,1,0,,
B,1649706960,0,0,,
B,1649707560,0,0,,
B,1649708160,1,0,,
B,1649708760,1,0,,
B,1649709360,1,0,,
B,1649709960,1,0,,
B,1649710560,1,0,,
B,1649711160,1,0,,
B,1649711760,1,0,,
B,1649712360,1,0,,
B,1649712960,1,0,,
B,1649713560,1,0,,
B,1649714160,1,0,,
B,1649714760,1,0,,
B,1649715360,1,0,,
B,1649715960,1,0,,
B,1649716560,1,0,,
B,1649717160,1,0,,
B,1649717760,1,0,,
B,1649718360,1,0,,
B,1649718960,1,0,,
B,1649719560,1,0,,
B,1649720160,1,0,,
B,1649720760,1,0,,
B,1649721360,1,0,,
B,1649721960,1,0,,
B,1649722560,1,0,,
B,1649723160,1,0,,
B,1649723760,1,0,,
B,1649724360,1,0,,
B,1649724960,1,0,,
B,1649725560,1,0,,
B,1649726160,1,0,,
B,1649726760,1,0,,
B,1649727360,1,0,,
B,1649727960,1,0,,
B,1649728560,0,0,,
B,1649729160,0,0,,
B,1649729760,0,0,,
B,1649730420,0,60,,
B,1649731020,1,0,,
B,1649731620,0,0,,
B,1649732220,0,0,,
B,1649732820,0,0,,
B,1649733420,0,0,,
B,1649734020,0,0,,
B,1649734620,0,0,,
B,1649735220,0,0,,
B,1649735820,0,0,,
B,1649736420,0,0,,
B,1649737020,0,0,,
B,1649737620,0,0,,
B,1649738220,0,0,,
B,1649738820,0,0,,
B,1649739420,0,0,,
B,1649740020,0,0,,
B,1649740620,0,0,,
B,1649741220,0,0,,
B,1649741820,0,0,,
B,1649742420,0,0,,
B,1649743020,0,0,,
B,1649743620,0,0,,
B,1649744220,0,0,,
B,1649744820,0,0,,
B,1649745420,1,0,,
B,1649746020,1,0,,
B,1649746620,1,0,,
B,1649747220,1,0,,
B,1649747820,1,0,,
B,1649748420,1,0,,
B,1649749020,0,0,,
B,1649749620,0,0,,
B,1649750220,0,0,,
B,1649750820,0,0,,
B,1649751420,0,0,,
B,1649752020,0,0,,
B,1649752620,0,0,,
B,1649753220,0,0,,
B,1649753820,0,0,,
B,1649754420,0,0,,
B,1649755020,0,0,,
B,1649755620,0,0,,
B,1649756280,0,60,,
B,1649756880,0,0,,
B,1649757480,0,0,,
B,1649758080,0,0,,
B,1649758680,0,0,,
B,1649759280,0,0,,
B,1649759880,0,0,,
B,1649760480,0,0,,
B,1649761080,0,0,,
B,1649761680,0,0,,
B,1649762280,0,0,,
B,1649762880,0,0,,
B,1649763480,0,0,,
B,1649764080,0,0,,
B,1649764740,0,60,,
B,1649765340,0,0,,
B,1649765940,0,0,,
B,1649766540,0,0,,
B,1649767140,0,0,,
B,1649767740,0,0,,
B,1649768340,0,0,,
B,1649768940,0,0,,
B,1649769540,0,0,,
B,1649770140,0,0,,
B,1649770740,0,0,,
B,1649771400,0,60,,
B,1649772000,0,0,,
B,1649772600,0,0,,
B,1649773200,0,0,,
B,1649773800,0,0,,
B,1649774400,0,0,,
B,1649775000,0,0,,
B,1649775600,0,0,,
B,1649776200,0,0,,
B,1649776800,0,0,,
B,1649777400,0,0,,
B,1649778000,0,0,,
B,1649778600,0,0,,
B,1649779200,0,0,,
B,1649779800,0,0,,
B,1649780400,0,0,,
B,1649781000,0,0,,
B,1649781600,0,0,,
B,1649782200,0,0,,
B,1649782800,0,0,,
B,1649783400,0,0,,
B,1649784000,0,0,,
B,1649784600,0,0,,
B,1649785200,0,0,,
B,1649785800,0,0,,
B,1649786400,0,0,,
B,1649787000,0,0,,
B,1649787600,0,0,,
B,1649788260,0,60,,
B,1649788860,0,0,,
B,1649789460,0,0,,
B,1649790060,0,0,,
B,1649790660,0,0,,
B,1649791260,0,0,,
B,1649791860,0,0,,
B,1649792460,0,0,,
B,1649793060,0,0,,
B,1649793660,0,0,,
B,1649794260,0,0,,
B,1649794860,0,0,,
B,1649795460,0,0,,
B,1649796060,0,0,,
B,1649796660,0,0,,
B,1649797260,0,0,,
B,1649797860,0,0,,
B,1649798460,0,0,,
B,1649799060,0,0,,
B,1649799660,0,0,,
B,1649800260,0,0,,
B,1649800860,0,0,,
B,1649801460,0,0,,
B,1649802060,0,0,,
B,1649802660,0,0,,
B,1649803260,0,0,,
B,1649803860,0,0,,
B,1649804520,0,60,,
B,1649805120,0,0,,
B,1649805720,0,0,,
B,1649806320,0,0,,
B,1649806920,0,0,,
B,1649807520,0,0,,
B,1649808120,0,0,,
B,1649808720,0,0,,
B,1649809320,0,0,,
B,1649809920,0,0,,
B,1649810520,0,0,,
B,1649811120,0,0,,
B,1649811720,0,0,,
B,1649812320,0,0,,
B,1649812920,0,0,,
B,1649813520,0,0,,
B,1649814120,0,0,,
B,1649814720,0,0,,
B,1649815320,0,0,,
B,1649815920,0,0,,
B,1649816520,0,0,,
B,1649817120,0,0,,
B,1649817720,0,0,,
B,1649818320,0,0,,
B,1649818920,0,0,,
B,1649819520,0,0,,
B,1649820120,0,0,,
B,1649820720,0,0,,
B,1649821320,0,0,,
B,1649821920,0,0,,
B,1649822580,0,60,,
B,1649823180,0,0,,
B,1649823780,0,0,,
B,1649824380,0,0,,
B,1649824980,0,0,,
B,1649825580,0,0,,
B,1649826180,0,0,,
B,1649826780,0,0,,
B,1649827380,0,0,,
B,1649827980,0,0,,
B,1649828580,0,0,,
B,1649829180,0,0,,
B,1649829780,0,0,,
B,1649830380,0,0,,
B,1649830980,0,0,,
B,1649831580,0,0,,
B,1649832180,0,0,,
B,1649832780,0,0,,
B,1649833380,0,0,,
B,1649833980,0,0,,
B,1649834580,0,0,,
B,1649835180,0,0,,
B,1649835780,0,0,,
B,1649836380,0,0,,
B,1649836980,0,0,,
B,1649837580,0,0,,
B,1649838180,0,0,,
B,1649838780,0,0,,
B,1649839380,0,0,,
B,1649839980,0,0,,
B,1649840580,0,0,,
B,1649841180,0,0,,
B,1649842020,0,240,,
B,1649843580,0,960,,
B,1649844900,0,720,,
B,1649845500,0,0,,
B,1649846100,0,0,,
B,1649846880,0,180,,
B,1649847600,0,120,,
B,1649848380,0,180,,
B,1649849040,0,60,,
B,1649849640,0,0,,
B,1649850240,0,0,,
B,1649850840,0,0,,
B,1649851440,0,0,,
B,1649852040,0,0,,
B,1649852640,0,0,,
B,1649853240,0,0,,
B,1649853840,0,0,,
B,1649854440,0,0,,
B,1649855100,0,60,,
B,1649855700,0,0,,
B,1649856300,0,0,,
B,1649856900,0,0,,
B,1649857500,0,0,,
B,1649858100,0,0,,
B,1649858700,0,0,,
B,1649859300,0,0,,
B,1649859900,0,0,,
B,1649860680,0,180,,
B,1649861280,0,0,,
B,1649861880,0,0,,
B,1649862720,0,240,,
B,1649863380,0,60,,
B,1649863980,0,0,,
B,1649864580,0,0,,
B,1649865180,0,0,,
B,1649865780,0,0,,
B,1649866380,0,0,,
B,1649866980,0,0,,
B,1649868000,0,420,,
B,1649868660,0,60,,
B,1649869260,0,0,,
B,1649869860,0,0,,
B,1649870460,0,0,,
B,1649871060,0,0,,
B,1649871660,0,0,,
B,1649872260,0,0,,
B,1649872860,0,0,,
B,1649873460,0,0,,
B,1649874120,0,60,,
B,1649874720,0,0,,
B,1649875320,0,0,,
B,1649876220,0,300,,
B,1649876820,0,0,,
B,1649877420,0,0,,
B,1649878020,0,0,,
B,1649878620,0,0,,
B,1649879220,0,0,,
B,1649879880,0,60,,
B,1649880480,0,0,,
B,1649881080,0,0,,
B,1649881680,0,0,,
B,1649882280,0,0,,
B,1649882880,0,0,,
B,1649883480,0,0,,
B,1649884080,0,0,,
B,1649884680,0,0,,
B,1649885280,0,0,,
B,1649885880,0,0,,
B,1649886480,0,0,,
B,1649887080,0,0,,
B,1649887680,0,0,,
B,1649888280,0,0,,
B,1649888880,0,0,,
B,1649889480,0,0,,
B,1649890080,0,0,,
B,1649890680,0,0,,
B,1649891280,0,0,,
B,1649891880,0,0,,
B,1649892480,0,0,,
B,1649893080,0,0,,
B,1649893680,0,0,,
B,1649894280,0,0,,
B,1649894880,0,0,,
B,1649895480,0,0,,
B,1649896080,0,0,,
B,1649896680,0,0,,
B,1649897340,0,60,,
B,1649897940,0,0,,
B,1649898540,0,0,,
B,1649899140,0,0,,
B,1649899740,0,0,,
B,1649900340,0,0,,
B,1649900940,0,0,,
B,1649901540,0,0,,
B,1649902140,0,0,,
B,1649902740,0,0,,
B,1649903340,0,0,,
B,1649903940,0,0,,
B,1649904540,0,0,,
B,1649905140,0,0,,
B,1649905740,0,0,,
B,1649906340,0,0,,
B,1649906940,0,0,,
B,1649907540,0,0,,
B,1649908140,0,0,,
B,1649908740,0,0,,
B,1649909340,0,0,,
B,1649909940,0,0,,
B,1649910540,0,0,,
B,1649911140,0,0,,
B,1649911800,0,60,,
B,1649912400,0,0,,
B,1649913000,0,0,,
B,1649913600,0,0,,
B,1649914200,0,0,,
B,1649914800,0,0,,
B,1649915400,0,0,,
B,1649916000,0,0,,
B,1649916600,0,0,,
B,1649917200,0,0,,
B,1649917800,0,0,,
B,1649918400,0,0,,
B,1649919000,0,0,,
B,1649919600,0,0,,
B,1649920200,0,0,,
B,1649920800,0,0,,
B,1649921400,0,0,,
B,1649922000,0,0,,
B,1649922600,0,0,,
B,1649923200,0,0,,
B,1649923800,0,0,,
B,1649924400,0,0,,
B,1649925000,0,0,,
B,1649925600,0,0,,
B,1649926200,0,0,,
B,1649926860,0,60,,
B,1649927400,0,0,,
B,1649928000,0,0,,
B,1649928600,0,0,,
B,1649929260,0,60,,
B,1649929860,0,0,,
B,1649930460,0,0,,
B,1649931060,0,0,,
B,1649931660,0,0,,
B,1649932260,0,0,,
B,1649932860,0,0,,
B,1649933460,0,0,,
B,1649934060,0,0,,
B,1649934660,0,0,,
B,1649935260,0,0,,
B,1649935860,0,0,,
B,1649936880,0,420,,
B,1649937660,0,180,,
B,1649938260,0,0,,
B,1649939160,0,300,,
B,1649939760,0,0,,
B,1649940360,0,0,,
B,1649940960,0,0,,
B,1649941620,0,60,,
B,1649942220,0,0,,
B,1649942880,0,60,,
B,1649943480,0,0,,
B,1649944140,0,60,,
B,1649944920,0,180,,
B,1649945940,0,420,,
B,1649946540,0,0,,
B,1649947200,0,60,,
B,1649947800,0,0,,
B,1649948640,0,240,,
B,1649949240,0,0,,
B,1649949840,0,0,,
B,1649950440,0,0,,
B,1649951220,0,180,,
B,1649951820,0,0,,
B,1649952720,0,300,,
B,1649953320,0,0,,
B,1649953920,0,0,,
B,1649954700,0,180,,
B,1649955300,0,0,,
B,1649955900,0,0,,
B,1649956500,0,0,,
B,1649957100,0,0,,
B,1649957700,0,0,,
B,1649958300,0,0,,
B,1649958900,0,0,,
B,1649959500,0,0,,
B,1649960100,0,0,,
B,1649960700,0,0,,
B,1649961300,0,0,,
B,1649961960,0,60,,
B,1649962560,0,0,,
B,1649963160,0,0,,
B,1649963760,0,0,,
B,1649964360,0,0,,
B,1649964960,0,0,,
B,1649965560,0,0,,
B,1649966160,0,0,,
B,1649966760,0,0,,
B,1649967360,0,0,,
B,1649967960,0,0,,
B,1649968560,0,0,,
B,1649969160,0,0,,
B,1649969760,0,0,,
B,1649970360,0,0,,
B,1649970960,0,0,,
B,1649971560,0,0,,
B,1649972160,0,0,,
B,1649972760,0,0,,
B,1649973360,0,0,,
B,1649973960,0,0,,
B,1649974560,0,0,,
B,1649975160,0,0,,
B,1649975760,0,0,,
B,1649976360,0,0,,
B,1649976960,0,0,,
B,1649977560,0,0,,
B,1649978160,0,0,,
B,1649978760,0,0,,
B,1649979360,0,0,,
B,1649979960,0,0,,
B,1649980560,0,0,,
B,1649981160,0,0,,
B,1649981760,0,0,,
B,1649982360,0,0,,
B,1649982960,0,0,,
B,1649983560,0,0,,
B,1649984160,0,0,,
B,1649984760,0,0,,
B,1649985360,0,0,,
B,1649985960,0,0,,
B,1649986560,0,0,,
B,1649987160,0,0,,
B,1649987820,0,60,,
B,1649988420,0,0,,
B,1649989020,0,0,,
B,1649989620,0,0,,
B,1649990220,0,0,,
B,1649990820,0,0,,
B,1649991420,0,0,,
B,1649992020,0,0,,
B,1649992620,0,0,,
B,1649993220,0,0,,
B,1649993820,0,0,,
B,1649994420,0,0,,
B,1649995020,0,0,,
B,1649995620,0,0,,
B,1649996220,0,0,,
B,1649996820,0,0,,
B,1649997420,0,0,,
B,1649998020,0,0,,
B,1649998620,0,0,,
B,1649999220,0,0,,
B,1649999820,0,0,,
B,1650000420,0,0,,
B,1650001020,0,0,,
B,1650001620,0,0,,
B,1650002220,0,0,,
B,1650002820,0,0,,
B,1650003420,0,0,,
B,1650004020,0,0,,
B,1650004620,0,0,,
B,1650005220,0,0,,
B,1650005820,0,0,,
B,1650006420,0,0,,
B,1650007020,0,0,,
B,1650007620,0,0,,
B,1650008220,0,0,,
B,1650008820,0,0,,
B,1650009420,0,0,,
B,1650010020,0,0,,
B,1650010620,0,0,,
B,1650011220,0,0,,
B,1650011820,0,0,,
B,1650012420,0,0,,
B,1650013020,0,0,,
B,1650013680,0,60,,
B,1650014280,0,0,,
B,1650014880,0,0,,
B,1650015480,0,0,,
B,1650016080,0,0,,
B,1650016680,0,0,,
B,1650017280,0,0,,
B,1650017880,0,0,,
B,1650018480,0,0,,
B,1650019080,0,0,,
B,1650019680,0,0,,
B,1650020280,0,0,,
B,1650020880,0,0,,
B,1650021480,0,0,,
B,1650022080,0,0,,
B,1650022680,0,0,,
B,1650023280,0,0,,
B,1650023880,0,0,,
B,1650024480,0,0,,
B,1650025080,0,0,,
B,1650025680,0,0,,
B,1650026280,0,0,,
B,1650026940,0,60,,
B,1650028020,0,480,,
B,1650028920,0,300,,
B,1650029820,0,300,,
B,1650030420,0,0,,
B,1650031020,0,0,,
B,1650031620,0,0,,
B,1650032220,0,0,,
B,1650032820,0,0,,
B,1650033420,0,0,,
B,1650034020,0,0,,
B,1650034620,0,0,,
B,1650035220,0,0,,
B,1650035820,0,0,,
B,1650036480,0,60,,
B,1650037080,0,0,,
B,1650037680,0,0,,
B,1650038280,0,0,,
B,1650038880,0,0,,
B,1650039480,0,0,,
B,1650040080,0,0,,
B,1650040680,0,0,,
B,1650041280,0,0,,
B,1650041880,0,0,,
B,1650042480,0,0,,
B,1650043080,0,0,,
B,1650043680,0,0,,
B,1650044280,0,0,,
B,1650044880,0,0,,
B,1650045480,0,0,,
B,1650046080,0,0,,
B,1650046680,0,0,,
B,1650047280,0,0,,
B,1650047880,0,0,,
B,1650048480,0,0,,
B,1650049080,0,0,,
B,1650049680,0,0,,
B,1650050280,0,0,,
B,1650050880,0,0,,
B,1650051480,0,0,,
B,1650052080,0,0,,
B,1650052680,0,0,,
B,1650053280,0,0,,
B,1650053880,0,0,,
B,1650054480,0,0,,
B,1650055080,0,0,,
B,1650055680,0,0,,
B,1650056280,0,0,,
B,1650056880,1,0,,
B,1650057480,1,0,,
B,1650058080,1,0,,
B,1650058680,1,0,,
B,1650059280,1,0,,
B,1650059880,1,0,,
B,1650060480,1,0,,
B,1650061080,1,0,,
B,1650061680,1,0,,
B,1650062340,0,60,,
B,1650062940,0,0,,
B,1650063540,0,0,,
B,1650064140,0,0,,
B,1650064740,0,0,,
B,1650065340,0,0,,
B,1650065940,0,0,,
B,1650066540,0,0,,
B,1650067140,0,0,,
B,1650067740,0,0,,
B,1650068340,0,0,,
B,1650068940,0,0,,
B,1650069540,0,0,,
B,1650070140,0,0,,
B,1650070740,0,0,,
B,1650071340,0,0,,
B,1650071940,0,0,,
B,1650072540,0,0,,
B,1650073140,0,0,,
B,1650073740,0,0,,
B,1650074340,0,0,,
B,1650074940,0,0,,
B,1650075540,0,0,,
B,1650076140,0,0,,
B,1650076740,0,0,,
B,1650077340,0,0,,
B,1650077940,0,0,,
B,1650078540,0,0,,
B,1650079140,0,0,,
B,1650079740,0,0,,
B,1650080340,0,0,,
B,1650080940,0,0,,
B,1650081540,0,0,,
B,1650082140,0,0,,
B,1650082740,0,0,,
B,1650083340,0,0,,
B,1650084000,0,60,,
B,1650084600,0,0,,
B,1650085200,0,0,,
B,1650085800,0,0,,
B,1650086400,0,0,,
B,1650087000,0,0,,
B,1650087600,0,0,,
B,1650088200,0,0,,
B,1650088800,0,0,,
B,1650089400,0,0,,
B,1650090000,0,0,,
B,1650090600,0,0,,
B,1650091200,0,0,,
B,1650091800,0,0,,
B,1650092400,0,0,,
B,1650093000,0,0,,
B,1650093600,0,0,,
B,1650094200,0,0,,
B,1650094800,0,0,,
B,1650095400,0,0,,
B,1650096000,0,0,,
B,1650096600,0,0,,
B,1650097200,0,0,,
B,1650097800,0,0,,
B,1650098400,0,0,,
B,1650099000,0,0,,
B,1650099600,0,0,,
B,1650100200,0,0,,
B,1650100800,0,0,,
B,1650101400,0,0,,
B,1650102000,0,0,,
B,1650102600,0,0,,
B,1650103200,0,0,,
B,1650103800,0,0,,
B,1650104400,0,0,,
B,1650105000,0,0,,
B,1650105600,0,0,,
B,1650106200,0,0,,
B,1650106800,0,0,,
B,1650107640,0,240,,
B,1650108240,0,0,,
B,1650108840,0,0,,
B,1650109440,0,0,,
B,1650110040,0,0,,
B,1650110640,0,0,,
B,1650111240,0,0,,
B,1650112020,0,180,,
B,1650112620,0,0,,
B,1650113280,0,60,,
B,1650113820,0,0,,
B,1650114480,0,60,,
B,1650115080,0,0,,
B,1650115680,0,0,,
B,1650116460,0,180,,
B,1650117240,0,180,,
B,1650117900,0,60,,
B,1650118440,0,0,,
B,1650119100,0,60,,
B,1650120360,0,660,,
B,1650121740,0,780,,
B,1650122580,0,240,,
B,1650123180,0,0,,
B,1650123780,0,0,,
B,1650124440,0,60,,
B,1650125220,0,180,,
B,1650127080,0,1260,,
B,1650128460,0,780,,
B,1650129660,0,600,,
B,1650130260,0,0,,
B,1650131340,0,480,,
B,1650132180,0,240,,
B,1650132780,0,0,,
B,1650133380,0,0,,
B,1650133980,0,0,,
B,1650135060,0,480,,
B,1650135660,0,0,,
B,1650136500,0,240,,
B,1650137100,0,0,,
B,1650137700,0,0,,
B,1650138300,0,0,,
B,1650138900,0,0,,
B,1650139500,0,0,,
B,1650140100,0,0,,
B,1650140700,0,0,,
B,1650141300,0,0,,
B,1650141900,0,0,,
B,1650142500,0,0,,
B,1650143100,0,0,,
B,1650143700,0,0,,
B,1650144300,0,0,,
B,1650144900,0,0,,
B,1650145500,0,0,,
B,1650146100,0,0,,
B,1650146760,0,60,,
B,1650147360,0,0,,
B,1650147960,0,0,,
B,1650148560,0,0,,
B,1650149160,0,0,,
B,1650149760,0,0,,
B,1650150360,0,0,,
B,1650151200,0,240,,
B,1650151800,0,0,,
B,1650152400,0,0,,
B,1650153000,0,0,,
B,1650153600,0,0,,
B,1650154200,0,0,,
B,1650154800,0,0,,
B,1650155400,0,0,,
B,1650156000,0,0,,
B,1650156600,0,0,,
B,1650157200,0,0,,
B,1650157800,0,0,,
B,1650158400,0,0,,
B,1650159000,0,0,,
B,1650159600,0,0,,
B,1650160200,0,0,,
B,1650160800,0,0,,
B,1650161400,0,0,,
B,1650162000,0,0,,
B,1650162600,0,0,,
B,1650163200,0,0,,
B,1650163800,0,0,,
B,1650164400,0,0,,
B,1650165000,0,0,,
B,1650165600,0,0,,
B,1650166200,0,0,,
B,1650166800,0,0,,
B,1650167400,0,0,,
B,1650168000,0,0,,
B,1650168600,0,0,,
B,1650169200,0,0,,
B,1650169800,0,0,,
B,1650170400,0,0,,
B,1650171000,0,0,,
B,1650171600,0,0,,
B,1650172200,0,0,,
B,1650172800,0,0,,
B,1650173400,0,0,,
B,1650174000,0,0,,
B,1650174600,0,0,,
B,1650175200,0,0,,
B,1650175800,0,0,,
B,1650176400,0,0,,
B,1650177060,0,60,,
B,1650177660,0,0,,
B,1650178260,0,0,,
B,1650178860,0,0,,
B,1650179460,0,0,,
B,1650180060,0,0,,
B,1650180660,0,0,,
B,1650181260,0,0,,
B,1650181860,0,0,,
B,1650182460,0,0,,
B,1650183060,0,0,,
B,1650183660,0,0,,
B,1650184260,0,0,,
B,1650184860,0,0,,
B,1650185700,0,240,,
B,1650186300,0,0,,
B,1650186900,0,0,,
B,1650187500,0,0,,
B,1650188100,0,0,,
B,1650188700,0,0,,
B,1650189300,0,0,,
B,1650189900,0,0,,
B,1650190500,0,0,,
B,1650191100,0,0,,
B,1650191700,0,0,,
B,1650192300,0,0,,
B,1650192900,0,0,,
B,1650193500,0,0,,
B,1650194280,0,180,,
B,1650194880,0,0,,
B,1650195480,0,0,,
B,1650196080,0,0,,
B,1650196680,0,0,,
B,1650197280,0,0,,
B,1650198060,0,180,,
B,1650198660,0,0,,
B,1650199500,0,240,,
B,1650200100,0,0,,
B,1650200700,0,0,,
B,1650201300,0,0,,
B,1650202140,0,240,,
B,1650203160,0,420,,
B,1650204240,0,480,,
B,1650204840,0,0,,
B,1650205680,0,240,,
B,1650206280,0,0,,
B,1650206880,0,0,,
B,1650207480,0,0,,
B,1650208080,0,0,,
B,1650208680,0,0,,
B,1650209280,0,0,,
B,1650209880,0,0,,
B,1650210720,0,240,,
B,1650211920,0,600,,
B,1650212820,0,300,,
B,1650213420,0,0,,
B,1650214020,0,0,,
B,1650215040,0,420,,
B,1650215640,0,0,,
B,1650216480,0,240,,
B,1650217320,0,240,,
B,1650218100,0,180,,
B,1650218880,0,180,,
B,1650219840,0,360,,
B,1650220440,0,0,,
B,1650221280,0,240,,
B,1650221880,0,0,,
B,1650222480,0,0,,
B,1650223080,0,0,,
B,1650223680,0,0,,
B,1650224280,0,0,,
B,1650224880,0,0,,
B,1650225480,0,0,,
B,1650226080,0,0,,
B,1650226680,0,0,,
B,1650227280,0,0,,
B,1650227880,0,0,,
B,1650228480,0,0,,
B,1650229080,0,0,,
B,1650229680,0,0,,
B,1650230340,0,60,,
B,1650230940,0,0,,
B,1650231540,1,0,,
B,1650232140,1,0,,
B,1650232740,1,0,,
B,1650233340,1,0,,
B,1650233940,1,0,,
B,1650234540,1,0,,
B,1650235140,1,0,,
B,1650235740,1,0,,
B,1650236340,1,0,,
B,1650236940,1,0,,
B,1650237540,1,0,,
B,1650238140,1,0,,
B,1650238740,1,0,,
B,1650239340,1,0,,
B,1650239940,1,0,,
B,1650240540,1,0,,
B,1650241140,1,0,,
B,1650241740,0,0,,
B,1650242340,0,0,,
B,1650242940,0,0,,
B,1650243540,0,0,,
B,1650244320,0,180,,
B,1650244920,0,0,,
B,1650245520,0,0,,
B,1650246120,0,0,,
B,1650246720,0,0,,
B,1650247320,0,0,,
B,1650247920,0,0,,
B,1650248520,0,0,,
B,1650249120,0,0,,
B,1650249720,0,0,,
B,1650250320,0,0,,
B,1650250920,0,0,,
B,1650251520,0,0,,
B,1650252120,0,0,,
B,1650252720,0,0,,
B,1650253320,0,0,,
B,1650253920,0,0,,
B,1650254520,0,0,,
B,1650255120,0,0,,
B,1650255720,0,0,,
B,1650256320,0,0,,
B,1650256920,0,0,,
B,1650257520,0,0,,
B,1650258120,0,0,,
B,1650258720,0,0,,
B,1650259320,0,0,,
B,1650259920,0,0,,
B,1650260520,0,0,,
B,1650261120,0,0,,
B,1650261720,0,0,,
B,1650262320,0,0,,
B,1650262920,0,0,,
B,1650263520,0,0,,
B,1650264120,0,0,,
B,1650264780,0,60,,
B,1650265380,0,0,,
B,1650265980,0,0,,
B,1650266580,0,0,,
B,1650267180,0,0,,
B,1650267780,0,0,,
B,1650268380,0,0,,
B,1650268980,0,0,,
B,1650269580,0,0,,
B,1650270180,0,0,,
B,1650270780,0,0,,
B,1650271560,0,180,,
B,1650272160,0,0,,
B,1650272760,0,0,,
B,1650273360,0,0,,
B,1650273960,0,0,,
B,1650274560,0,0,,
B,1650275160,0,0,,
B,1650275760,0,0,,
B,1650276360,0,0,,
B,1650276960,0,0,,
B,1650277560,0,0,,
B,1650278160,0,0,,
B,1650278760,0,0,,
B,1650279360,0,0,,
B,1650279960,0,0,,
B,1650280560,0,0,,
B,1650281160,0,0,,
B,1650281760,0,0,,
B,1650282360,0,0,,
B,1650282960,0,0,,
B,1650283560,0,0,,
B,1650284160,0,0,,
B,1650284760,0,0,,
B,1650285360,0,0,,
B,1650285960,0,0,,
B,1650286560,0,0,,
B,1650287400,0,240,,
B,1650288360,0,360,,
B,1650288960,0,0,,
B,1650290040,0,480,,
B,1650290640,0,0,,
B,1650291240,0,0,,
B,1650292260,0,420,,
B,1650293520,0,660,,
B,1650294120,0,0,,
B,1650294720,0,0,,
B,1650295320,0,0,,
B,1650295980,0,60,,
B,1650296580,0,0,,
B,1650297180,0,0,,
B,1650297780,0,0,,
B,1650298380,0,0,,
B,1650298980,0,0,,
B,1650299580,0,0,,
B,1650300180,0,0,,
B,1650300780,0,0,,
B,1650301380,0,0,,
B,1650301980,0,0,,
B,1650302580,0,0,,
B,1650303180,0,0,,
B,1650303780,0,0,,
B,1650304380,0,0,,
B,1650304980,0,0,,
B,1650305580,0,0,,
B,1650306180,0,0,,
B,1650306780,0,0,,
B,1650307380,0,0,,
B,1650307980,0,0,,
B,1650308580,0,0,,
B,1650309180,0,0,,
B,1650309780,0,0,,
B,1650310380,0,0,,
B,1650310980,0,0,,
B,1650311580,0,0,,
B,1650312180,0,0,,
B,1650312780,0,0,,
B,1650313380,0,0,,
B,1650313980,0,0,,
B,1650314580,0,0,,
B,1650315180,0,0,,
B,1650315780,0,0,,
B,1650316380,0,0,,
B,1650316980,0,0,,
B,1650317580,0,0,,
B,1650318240,0,60,,
B,1650318840,0,0,,
B,1650319440,0,0,,
B,1650320040,0,0,,
B,1650320640,0,0,,
B,1650321240,0,0,,
B,1650321840,0,0,,
B,1650322440,0,0,,
B,1650323040,0,0,,
B,1650323640,0,0,,
B,1650324240,0,0,,
B,1650324840,0,0,,
B,1650325440,0,0,,
B,1650326040,0,0,,
B,1650326640,0,0,,
B,1650327240,0,0,,
B,1650327840,0,0,,
B,1650328440,0,0,,
B,1650329040,0,0,,
B,1650329640,0,0,,
B,1650330240,0,0,,
B,1650330840,0,0,,
B,1650331440,0,0,,
B,1650332040,0,0,,
B,1650332640,0,0,,
B,1650333240,0,0,,
B,1650333840,1,0,,
B,1650334440,1,0,,
B,1650335040,1,0,,
B,1650335640,1,0,,
B,1650336240,1,0,,
B,1650336840,1,0,,
B,1650337440,1,0,,
B,1650338040,1,0,,
B,1650338640,1,0,,
B,1650339240,1,0,,
B,1650339840,1,0,,
B,1650340440,1,0,,
B,1650341040,1,0,,
B,1650341640,1,0,,
B,1650342240,1,0,,
B,1650342840,1,0,,
B,1650343440,1,0,,
B,1650344100,1,60,,
B,1650344700,1,0,,
B,1650345300,1,0,,
B,1650345900,1,0,,
B,1650346500,1,0,,
B,1650347100,1,0,,
B,1650347700,1,0,,
B,1650348300,1,0,,
B,1650348900,1,0,,
B,1650349500,1,0,,
B,1650350100,1,0,,
B,1650350700,1,0,,
B,1650351300,1,0,,
B,1650351900,1,0,,
B,1650352500,1,0,,
B,1650353100,1,0,,
B,1650353700,1,0,,
B,1650354480,0,180,,
B,1650355080,0,0,,
B,1650355980,0,300,,
B,1650356580,0,0,,
B,1650357180,0,0,,
B,1650357780,0,0,,
B,1650358380,0,0,,
B,1650358980,0,0,,
B,1650359820,0,240,,
B,1650360420,0,0,,
B,1650361020,0,0,,
B,1650361860,0,240,,
B,1650362700,0,240,,
B,1650363300,0,0,,
B,1650363900,0,0,,
B,1650364500,0,0,,
B,1650365100,0,0,,
B,1650366180,0,480,,
B,1650366840,0,60,,
B,1650367440,0,0,,
B,1650368040,0,0,,
B,1650368640,0,0,,
B,1650369240,0,0,,
B,1650369840,0,0,,
B,1650370440,0,0,,
B,1650371280,0,240,,
B,1650371880,0,0,,
B,1650372540,0,60,,
B,1650373380,0,240,,
B,1650373980,0,0,,
B,1650374760,0,180,,
B,1650375600,0,240,,
B,1650376200,0,0,,
B,1650376800,0,0,,
B,1650377400,0,0,,
B,1650378000,0,0,,
B,1650378600,0,0,,
B,1650379200,0,0,,
B,1650379860,0,60,,
B,1650381180,0,720,,
B,1650382440,0,660,,
B,1650383400,0,360,,
B,1650384360,0,360,,
B,1650384960,0,0,,
B,1650385560,0,0,,
B,1650386160,0,0,,
B,1650449040,0,62280,,
B,1650449640,0,0,,
B,1650450240,0,0,,
B,1650450840,0,0,,
B,1650451440,0,0,,
B,1650452040,0,0,,
B,1650452640,0,0,,
B,1650453240,0,0,,
B,1650453900,0,60,,
B,1650454500,0,0,,
B,1650455100,0,0,,
B,1650455700,0,0,,
B,1650456300,0,0,,
B,1650456900,0,0,,
B,1650457500,0,0,,
B,1650458100,0,0,,
B,1650458700,0,0,,
B,1650459300,0,0,,
B,1650459900,0,0,,
B,1650460500,0,0,,
B,1650461100,0,0,,
B,1650461700,0,0,,
B,1650462300,0,0,,
B,1650462900,0,0,,
B,1650463500,0,0,,
B,1650464100,0,0,,
B,1650464700,0,0,,
B,1650465300,0,0,,
B,1650465900,0,0,,
B,1650466500,0,0,,
B,1650467100,0,0,,
B,1650467700,0,0,,
B,1650468300,0,0,,
B,1650468900,0,0,,
B,1650469500,0,0,,
B,1650470100,0,0,,
B,1650470700,0,0,,
B,1650471360,0,60,,
B,1650472260,0,300,,
B,1650472860,0,0,,
B,1650473460,0,0,,
B,1650474060,0,0,,
B,1650474660,0,0,,
B,1650475260,0,0,,
B,1650475860,0,0,,
B,1650476460,0,0,,
B,1650477060,0,0,,
B,1650477660,0,0,,
B,1650478260,0,0,,
B,1650478860,0,0,,
B,1650479460,0,0,,
B,1650480060,0,0,,
B,1650480660,0,0,,
B,1650481260,0,0,,
B,1650481860,0,0,,
B,1650482460,0,0,,
B,1650483060,0,0,,
B,1650483660,0,0,,
B,1650484260,0,0,,
B,1650484860,0,0,,
B,1650485460,0,0,,
B,1650486060,1,0,,
B,1650486960,1,300,,
B,1650487800,0,240,,
B,1650488400,0,0,,
B,1650489000,1,0,,
B,1650489840,1,240,,
B,1650490440,1,0,,
B,1650491040,1,0,,
B,1650491640,1,0,,
B,1650492240,1,0,,
B,1650492900,0,60,,
B,1650493500,0,0,,
B,1650494100,0,0,,
B,1650494700,0,0,,
B,1650495300,0,0,,
B,1650495900,0,0,,
B,1650496500,0,0,,
B,1650497100,0,0,,
B,1650497700,0,0,,
B,1650498300,0,0,,
B,1650498900,0,0,,
B,1650499500,0,0,,
B,1650500100,0,0,,
B,1650500700,0,0,,
B,1650501300,0,0,,
B,1650501900,0,0,,
B,1650502500,0,0,,
B,1650503100,0,0,,
B,1650503700,0,0,,
B,1650504300,0,0,,
B,1650504900,0,0,,
B,1650505500,0,0,,
B,1650506100,0,0,,
B,1650506700,0,0,,
B,1650507300,0,0,,
B,1650507900,0,0,,
B,1650508500,0,0,,
B,1650509100,0,0,,
B,1650509700,0,0,,
B,1650510300,0,0,,
B,1650510900,0,0,,
B,1650511500,0,0,,
B,1650512100,0,0,,
B,1650512700,0,0,,
B,1650513300,0,0,,
B,1650513960,0,60,,
B,1650514560,0,0,,
B,1650515160,0,0,,
B,1650515760,0,0,,
B,1650516360,0,0,,
B,1650516960,0,0,,
B,1650517560,0,0,,
B,1650518160,0,0,,
B,1650518760,0,0,,
B,1650519360,0,0,,
B,1650520140,0,180,,
B,1650520740,0,0,,
B,1650521340,0,0,,
B,1650521940,0,0,,
B,1650522600,0,60,,
B,1650523200,0,0,,
B,1650523800,0,0,,
B,1650524400,0,0,,
B,1650525000,0,0,,
B,1650525600,0,0,,
B,1650526200,0,0,,
B,1650526800,0,0,,
B,1650527700,0,300,,
B,1650528300,0,0,,
B,1650528900,0,0,,
B,1650529500,0,0,,
B,1650530100,0,0,,
B,1650530700,0,0,,
B,1650531360,0,60,,
B,1650531960,0,0,,
B,1650532560,0,0,,
B,1650533160,0,0,,
B,1650533760,0,0,,
B,1650534360,0,0,,
B,1650534960,0,0,,
B,1650535560,0,0,,
B,1650536160,0,0,,
B,1650536760,0,0,,
B,1650537360,0,0,,
B,1650538200,0,240,,
B,1650538800,0,0,,
B,1650539700,0,300,,
B,1650540900,0,600,,
B,1650541500,0,0,,
B,1650543480,0,1380,,
B,1650544140,0,60,,
B,1650544860,0,120,,
B,1650546600,0,1140,,
B,1650547440,0,240,,
B,1650548700,0,660,,
B,1650549780,0,480,,
B,1650550440,0,60,,
B,1650551040,0,0,,
B,1650553920,0,2280,,
B,1650556260,0,1740,,
B,1650557280,0,420,,
B,1650558600,0,720,,
B,1650559920,0,720,,
B,1650560520,0,0,,
B,1650561120,0,0,,
B,1650561720,0,0,,
B,1650562320,0,0,,
B,1650562920,0,0,,
B,1650563520,0,0,,
B,1650564120,0,0,,
B,1650564720,0,0,,
B,1650565320,0,0,,
B,1650565920,0,0,,
B,1650566520,0,0,,
B,1650567120,0,0,,
B,1650567720,0,0,,
B,1650568320,0,0,,
B,1650568920,0,0,,
B,1650569520,0,0,,
B,1650570120,1,0,,
B,1650570720,1,0,,
B,1650571320,1,0,,
B,1650571920,1,0,,
B,1650572520,1,0,,
B,1650573120,0,0,,
B,1650573720,0,0,,
B,1650574320,0,0,,
B,1650574920,0,0,,
B,1650575520,0,0,,
B,1650576120,0,0,,
B,1650576780,0,60,,
B,1650577380,0,0,,
B,1650577980,0,0,,
B,1650578580,0,0,,
B,1650579180,0,0,,
B,1650579780,0,0,,
B,1650580380,0,0,,
B,1650580980,0,0,,
B,1650581580,0,0,,
B,1650582180,0,0,,
B,1650582780,0,0,,
B,1650583380,0,0,,
B,1650583980,0,0,,
B,1650584580,0,0,,
B,1650585180,0,0,,
B,1650585780,0,0,,
B,1650586380,0,0,,
B,1650586980,0,0,,
B,1650587580,0,0,,
B,1650588180,0,0,,
B,1650588780,0,0,,
B,1650589380,0,0,,
B,1650589980,0,0,,
B,1650590580,0,0,,
B,1650591180,0,0,,
B,1650591780,0,0,,
B,1650592380,0,0,,
B,1650592980,0,0,,
B,1650593640,0,60,,
B,1650594240,0,0,,
B,1650594840,0,0,,
B,1650595440,0,0,,
B,1650596040,0,0,,
B,1650596640,0,0,,
B,1650597240,0,0,,
B,1650597840,0,0,,
B,1650598440,0,0,,
B,1650599040,0,0,,
B,1650599640,0,0,,
B,1650600240,0,0,,
B,1650600840,0,0,,
B,1650601440,0,0,,
B,1650602040,0,0,,
B,1650602640,0,0,,
B,1650603240,0,0,,
B,1650603840,0,0,,
B,1650604440,0,0,,
B,1650605040,0,0,,
B,1650605640,0,0,,
B,1650606240,0,0,,
B,1650606840,0,0,,
B,1650607500,0,60,,
B,1650608100,0,0,,
B,1650608700,0,0,,
B,1650609300,0,0,,
B,1650609900,0,0,,
B,1650610500,0,0,,
B,1650611100,0,0,,
B,1650611700,1,0,,
B,1650612300,0,0,,
B,1650612900,0,0,,
B,1650613500,0,0,,
B,1650614100,0,0,,
B,1650614700,0,0,,
B,1650615300,0,0,,
B,1650615900,0,0,,
B,1650616500,0,0,,
B,1650617100,0,0,,
B,1650617700,0,0,,
B,1650618300,0,0,,
B,1650618900,0,0,,
B,1650619500,0,0,,
B,1650620100,0,0,,
B,1650620700,0,0,,
B,1650621300,0,0,,
B,1650621900,0,0,,
B,1650622500,0,0,,
B,1650623100,0,0,,
B,1650623760,0,60,,
B,1650624360,0,0,,
B,1650624960,0,0,,
B,1650625560,0,0,,
B,1650626160,0,0,,
B,1650626760,0,0,,
B,1650627360,0,0,,
B,1650628440,0,480,,
B,1650629040,0,0,,
B,1650629640,0,0,,
B,1650630360,0,120,,
B,1650630960,0,0,,
B,1650631740,0,180,,
B,1650632340,0,0,,
B,1650633000,0,60,,
B,1650634020,0,420,,
B,1650634620,0,0,,
B,1650635220,0,0,,
B,1650635820,0,0,,
B,1650636420,0,0,,
B,1650637020,0,0,,
B,1650637620,0,0,,
B,1650638220,0,0,,
B,1650638820,0,0,,
B,1650639420,0,0,,
B,1650640020,0,0,,
B,1650640680,0,60,,
B,1650641280,0,0,,
B,1650641880,0,0,,
B,1650642480,0,0,,
B,1650643080,0,0,,
B,1650643680,0,0,,
B,1650644280,0,0,,
B,1650644880,0,0,,
B,1650645480,0,0,,
B,1650646080,0,0,,
B,1650646680,0,0,,
B,1650647280,0,0,,
B,1650647880,0,0,,
B,1650648480,0,0,,
B,1650649080,0,0,,
B,1650649680,0,0,,
B,1650650280,0,0,,
B,1650650880,0,0,,
B,1650651540,0,60,,
B,1650652140,0,0,,
B,1650652740,0,0,,
B,1650653340,0,0,,
B,1650653940,0,0,,
B,1650654540,0,0,,
B,1650655140,0,0,,
B,1650655740,0,0,,
B,1650656340,0,0,,
B,1650656940,0,0,,
B,1650657540,0,0,,
B,1650658140,0,0,,
B,1650658740,0,0,,
B,1650659340,0,0,,
B,1650659940,0,0,,
B,1650660540,0,0,,
B,1650661140,0,0,,
B,1650661740,0,0,,
B,1650662340,0,0,,
B,1650662940,0,0,,
B,1650663540,0,0,,
B,1650664140,0,0,,
B,1650664740,0,0,,
B,1650665340,0,0,,
B,1650665940,0,0,,
B,1650666540,0,0,,
B,1650667140,0,0,,
B,1650667740,0,0,,
B,1650668340,0,0,,
B,1650668940,0,0,,
B,1650669540,0,0,,
B,1650670140,0,0,,
B,1650670740,0,0,,
B,1650671340,0,0,,
B,1650671940,0,0,,
B,1650672600,0,60,,
B,1650673200,0,0,,
B,1650673800,0,0,,
B,1650674400,0,0,,
B,1650675000,0,0,,
B,1650675600,0,0,,
B,1650676200,0,0,,
B,1650676800,0,0,,
B,1650677400,0,0,,
B,1650678000,0,0,,
B,1650678600,0,0,,
B,1650679200,0,0,,
B,1650679800,0,0,,
B,1650680400,0,0,,
B,1650681000,0,0,,
B,1650681600,0,0,,
B,1650682200,0,0,,
B,1650682800,0,0,,
B,1650683400,0,0,,
B,1650684000,0,0,,
B,1650684600,0,0,,
B,1650685200,0,0,,
B,1650685800,0,0,,
B,1650686400,0,0,,
B,1650687000,0,0,,
B,1650687600,0,0,,
B,1650688200,0,0,,
B,1650688800,0,0,,
B,1650689400,0,0,,
B,1650690000,0,0,,
B,1650690600,0,0,,
B,1650691200,0,0,,
B,1650691800,0,0,,
B,1650692400,0,0,,
B,1650693000,0,0,,
B,1650693600,0,0,,
B,1650694200,0,0,,
B,1650694800,0,0,,
B,1650695400,0,0,,
B,1650696000,0,0,,
B,1650696600,0,0,,
B,1650697200,0,0,,
B,1650697800,0,0,,
B,1650698460,0,60,,
B,1650699060,0,0,,
B,1650699660,0,0,,
B,1650700260,0,0,,
B,1650700860,0,0,,
B,1650701460,0,0,,
B,1650702060,0,0,,
B,1650702660,0,0,,
B,1650703260,0,0,,
B,1650703860,0,0,,
B,1650704460,0,0,,
B,1650705060,0,0,,
B,1650705660,0,0,,
B,1650706260,0,0,,
B,1650706860,0,0,,
B,1650707460,0,0,,
B,1650708060,0,0,,
B,1650708660,0,0,,
B,1650709260,0,0,,
B,1650709860,0,0,,
B,1650710460,0,0,,
B,1650711060,0,0,,
B,1650711660,0,0,,
B,1650712260,0,0,,
B,1650712860,0,0,,
B,1650717060,0,3600,,
B,1650717660,0,0,,
B,1650718260,0,0,,
B,1650718860,0,0,,
B,1650719460,0,0,,
B,1650720060,0,0,,
B,1650720660,0,0,,
B,1650721260,0,0,,
B,1650721860,0,0,,
B,1650722460,0,0,,
B,1650723060,0,0,,
B,1650723660,0,0,,
B,1650724260,0,0,,
B,1650724860,0,0,,
B,1650725460,0,0,,
B,1650726060,0,0,,
B,1650726660,0,0,,
B,1650727260,0,0,,
B,1650727860,0,0,,
B,1650728460,0,0,,
B,1650729060,0,0,,
B,1650729660,0,0,,
B,1650730320,0,60,,
B,1650730920,0,0,,
B,1650731520,0,0,,
B,1650732120,0,0,,
B,1650732720,0,0,,
B,1650733320,0,0,,
B,1650733920,0,0,,
B,1650734520,0,0,,
B,1650735120,0,0,,
B,1650735720,0,0,,
B,1650736320,0,0,,
B,1650736920,0,0,,
B,1650737520,0,0,,
B,1650738120,0,0,,
B,1650738720,0,0,,
B,1650739320,0,0,,
B,1650739920,0,0,,
B,1650740520,0,0,,
B,1650741120,0,0,,
B,1650741720,0,0,,
B,1650742320,0,0,,
B,1650742920,0,0,,
B,1650743520,0,0,,
B,1650744120,0,0,,
B,1650744720,0,0,,
B,1650745320,0,0,,
B,1650745920,0,0,,
B,1650746520,0,0,,
B,1650747120,0,0,,
B,1650747720,0,0,,
B,1650748320,0,0,,
B,1650748920,0,0,,
B,1650749580,0,60,,
B,1650750180,0,0,,
B,1650750780,0,0,,
B,1650751380,0,0,,
B,1650751980,0,0,,
B,1650752580,0,0,,
B,1650753180,0,0,,
B,1650753780,0,0,,
B,1650754380,0,0,,
B,1650754980,0,0,,
B,1650755580,0,0,,
B,1650756180,0,0,,
B,1650756780,0,0,,
B,1650757380,0,0,,
B,1650757980,0,0,,
B,1650758580,0,0,,
B,1650759180,0,0,,
B,1650759780,0,0,,
B,1650760380,0,0,,
B,1650760980,0,0,,
B,1650761580,0,0,,
B,1650762180,0,0,,
B,1650762780,0,0,,
B,1650763380,0,0,,
B,1650763980,0,0,,
B,1650764580,0,0,,
B,1650765180,0,0,,
B,1650765780,0,0,,
B,1650766380,0,0,,
B,1650766980,0,0,,
B,1650767580,0,0,,
B,1650768180,0,0,,
B,1650768780,0,0,,
B,1650769380,0,0,,
B,1650769980,0,0,,
B,1650770640,0,60,,
B,1650771240,0,0,,
B,1650771840,0,0,,
B,1650772440,0,0,,
B,1650773040,0,0,,
B,1650773640,0,0,,
B,1650774240,0,0,,
B,1650774840,0,0,,
B,1650775440,0,0,,
B,1650776040,0,0,,
B,1650776640,0,0,,
B,1650777240,0,0,,
B,1650777840,0,0,,
B,1650778440,0,0,,
B,1650779040,0,0,,
B,1650779640,0,0,,
B,1650780240,0,0,,
B,1650780840,0,0,,
B,1650781440,0,0,,
B,1650782040,0,0,,
B,1650782640,0,0,,
B,1650783240,0,0,,
B,1650783840,0,0,,
B,1650784440,0,0,,
B,1650785040,0,0,,
B,1650785640,0,0,,
B,1650786240,0,0,,
B,1650786840,0,0,,
B,1650787440,0,0,,
B,1650788040,0,0,,
B,1650788640,0,0,,
B,1650789240,0,0,,
B,1650789840,0,0,,
B,1650790440,0,0,,
B,1650791040,0,0,,
B,1650791640,0,0,,
B,1650792240,0,0,,
B,1650792840,0,0,,
B,1650793440,0,0,,
B,1650794040,0,0,,
B,1650794640,0,0,,
B,1650795240,0,0,,
B,1650795840,0,0,,
B,1650796500,0,60,,
B,1650797100,0,0,,
B,1650797700,0,0,,
B,1650798300,0,0,,
B,1650798900,0,0,,
B,1650799500,0,0,,
B,1650800100,0,0,,
B,1650800700,0,0,,
B,1650801300,0,0,,
B,1650801900,0,0,,
B,1650802500,0,0,,
B,1650803100,0,0,,
B,1650803700,0,0,,
B,1650804300,0,0,,
B,1650804900,0,0,,
B,1650805500,0,0,,
B,1650806100,0,0,,
B,1650806700,0,0,,
B,1650807300,0,0,,
B,1650807900,0,0,,
B,1650808500,0,0,,
B,1650809100,0,0,,
B,1650809700,0,0,,
B,1650813900,0,3600,,
B,1650814500,0,0,,
B,1650815100,0,0,,
B,1650815700,0,0,,
B,1650816300,0,0,,
B,1650816900,0,0,,
B,1650817500,0,0,,
B,1650818100,0,0,,
B,1650818700,0,0,,
B,1650819300,0,0,,
B,1650819900,0,0,,
B,1650820500,0,0,,
B,1650821100,0,0,,
B,1650821700,0,0,,
B,1650822300,0,0,,
B,1650822900,0,0,,
B,1650823500,0,0,,
B,1650824100,0,0,,
B,1650824700,0,0,,
B,1650825300,0,0,,
B,1650825900,0,0,,
B,1650826500,0,0,,
B,1650827100,0,0,,
B,1650827700,0,0,,
B,1650828300,0,0,,
B,1650828900,0,0,,
B,1650829500,0,0,,
B,1650830100,0,0,,
B,1650830760,0,60,,
B,1650831360,0,0,,
B,1650831960,0,0,,
B,1650832560,0,0,,
B,1650833160,0,0,,
B,1650833760,0,0,,
B,1650834360,0,0,,
B,1650834960,0,0,,
B,1650835560,0,0,,
B,1650836160,0,0,,
B,1650836760,0,0,,
B,1650837360,0,0,,
B,1650837960,0,0,,
B,1650838560,0,0,,
B,1650839160,0,0,,
B,1650839820,0,60,,
B,1650840420,0,0,,
B,1650841020,0,0,,
B,1650841620,0,0,,
B,1650842220,0,0,,
B,1650842820,0,0,,
B,1650843420,0,0,,
B,1650844020,0,0,,
B,1650844620,0,0,,
B,1650845220,0,0,,
B,1650845820,0,0,,
B,1650846420,0,0,,
B,1650847020,0,0,,
B,1650847620,0,0,,
B,1650848220,0,0,,
B,1650848820,0,0,,
B,1650849420,0,0,,
B,1650850020,0,0,,
B,1650850620,0,0,,
B,1650851220,0,0,,
B,1650851820,0,0,,
B,1650852420,0,0,,
B,1650853020,0,0,,
B,1650853620,0,0,,
B,1650854220,0,0,,
B,1650854820,0,0,,
B,1650855420,0,0,,
B,1650856020,0,0,,
B,1650856680,0,60,,
B,1650857280,0,0,,
B,1650857880,0,0,,
B,1650858480,0,0,,
B,1650859080,0,0,,
B,1650859680,0,0,,
B,1650860280,0,0,,
B,1650860880,0,0,,
B,1650861480,0,0,,
B,1650862080,0,0,,
B,1650862680,0,0,,
B,1650863280,0,0,,
B,1650863880,0,0,,
B,1650864480,0,0,,
B,1650865080,0,0,,
B,1650865680,0,0,,
B,1650866280,0,0,,
B,1650866880,0,0,,
B,1650867480,0,0,,
B,1650868080,1,0,,
B,1650868680,1,0,,
B,1650869280,1,0,,
B,1650869880,1,0,,
B,1650870480,1,0,,
B,1650871080,1,0,,
B,1650871680,1,0,,
B,1650872280,1,0,,
B,1650872940,1,60,,
B,1650873540,0,0,,
B,1650874140,0,0,,
B,1650874740,0,0,,
B,1650875340,0,0,,
B,1650875940,0,0,,
B,1650876540,0,0,,
B,1650877200,0,60,,
B,1650877800,0,0,,
B,1650878400,0,0,,
B,1650879000,0,0,,
B,1650879600,0,0,,
B,1650880200,0,0,,
B,1650880980,0,180,,
B,1650881580,0,0,,
B,1650882240,0,60,,
B,1650882840,0,0,,
B,1650883440,0,0,,
B,1650884040,0,0,,
B,1650884820,0,180,,
B,1650885420,0,0,,
B,1650886080,0,60,,
B,1650886680,0,0,,
B,1650887580,0,300,,
B,1650888240,0,60,,
B,1650888840,0,0,,
B,1650889440,0,0,,
B,1650890040,0,0,,
B,1650890880,0,240,,
B,1650891540,0,60,,
B,1650892440,0,300,,
B,1650893040,0,0,,
B,1650893940,0,300,,
B,1650894660,0,120,,
B,1650895800,0,540,,
B,1650896400,0,0,,
B,1650897060,0,60,,
B,1650897660,0,0,,
B,1650898320,0,60,,
B,1650899040,0,120,,
B,1650899760,0,120,,
B,1650900780,0,420,,
B,1650901380,0,0,,
B,1650902280,0,300,,
B,1650903120,0,240,,
B,1650903900,0,180,,
B,1650904500,0,0,,
B,1650905400,0,300,,
B,1650906000,0,0,,
B,1650906600,0,0,,
B,1650907440,0,240,,
B,1650908040,0,0,,
B,1650908880,0,240,,
B,1650909480,0,0,,
B,1650910080,0,0,,
B,1650910680,0,0,,
B,1650911280,0,0,,
B,1650911880,0,0,,
B,1650912480,0,0,,
B,1650913080,0,0,,
B,1650913680,1,0,,
B,1650914280,1,0,,
B,1650914880,1,0,,
B,1650915480,1,0,,
B,1650916080,1,0,,
B,1650916680,1,0,,
B,1650917280,1,0,,
B,1650917880,1,0,,
B,1650918480,0,0,,
B,1650919080,0,0,,
B,1650919680,0,0,,
B,1650920280,0,0,,
B,1650920880,0,0,,
B,1650921480,0,0,,
B,1650922080,1,0,,
B,1650922680,1,0,,
B,1650923280,1,0,,
B,1650923880,1,0,,
B,1650924480,1,0,,
B,1650925080,1,0,,
B,1650925680,1,0,,
B,1650926280,1,0,,
B,1650926880,1,0,,
B,1650927480,1,0,,
B,1650928140,1,60,,
B,1650928740,1,0,,
B,1650929340,1,0,,
B,1650929940,1,0,,
B,1650930540,0,0,,
B,1650931140,0,0,,
B,1650931740,0,0,,
B,1650932340,0,0,,
B,1650932940,0,0,,
B,1650933540,0,0,,
B,1650934140,0,0,,
B,1650934740,0,0,,
B,1650935340,0,0,,
B,1650935940,0,0,,
B,1650936540,0,0,,
B,1650937140,0,0,,
B,1650937740,0,0,,
B,1650938340,0,0,,
B,1650938940,0,0,,
B,1650939540,0,0,,
B,1650940140,0,0,,
B,1650940740,0,0,,
B,1650941340,0,0,,
B,1650941940,0,0,,
B,1650942540,0,0,,
B,1650943140,0,0,,
B,1650943740,0,0,,
B,1650944340,0,0,,
B,1650944940,0,0,,
B,1650945540,0,0,,
B,1650946140,0,0,,
B,1650946740,0,0,,
B,1650947340,0,0,,
B,1650947940,0,0,,
B,1650948540,0,0,,
B,1650949140,0,0,,
B,1650949740,0,0,,
B,1650950340,0,0,,
B,1650950940,0,0,,
B,1650951540,0,0,,
B,1650952140,0,0,,
B,1650952740,0,0,,
B,1650953340,0,0,,
B,1650954000,0,60,,
B,1650954600,0,0,,
B,1650955200,0,0,,
B,1650955800,0,0,,
B,1650956400,0,0,,
B,1650957000,0,0,,
B,1650957600,0,0,,
B,1650958200,0,0,,
B,1650958800,0,0,,
B,1650959400,0,0,,
B,1650960000,0,0,,
B,1650960600,0,0,,
B,1650961200,0,0,,
B,1650961800,0,0,,
B,1650963060,0,660,,
B,1650964080,0,420,,
B,1650964680,0,0,,
B,1650965520,0,240,,
B,1650966120,0,0,,
B,1650966720,0,0,,
B,1650967320,0,0,,
B,1650968160,0,240,,
B,1650968760,0,0,,
B,1650969360,0,0,,
B,1650970440,0,480,,
B,1650971040,0,0,,
B,1650971640,0,0,,
B,1650972300,0,60,,
B,1650972900,0,0,,
B,1650973500,0,0,,
B,1650974100,0,0,,
B,1650975000,0,300,,
B,1650975600,0,0,,
B,1650976500,0,300,,
B,1650977160,0,60,,
B,1650978000,0,240,,
B,1650979200,0,600,,
B,1650980520,0,720,,
B,1650981780,0,660,,
B,1650982560,0,180,,
B,1650983760,0,600,,
B,1650984420,0,60,,
B,1650985200,0,180,,
B,1650986700,0,900,,
B,1650987360,0,60,,
B,1650987960,0,0,,
B,1650988560,0,0,,
B,1650989160,0,0,,
B,1650989760,0,0,,
B,1650990360,0,0,,
B,1650990960,0,0,,
B,1650991560,0,0,,
B,1650992220,0,60,,
B,1650992820,0,0,,
B,1650993420,0,0,,
B,1650994020,0,0,,
B,1650994620,0,0,,
B,1650995220,0,0,,
B,1650995820,0,0,,
B,1650996420,0,0,,
B,1650997020,0,0,,
B,1650997620,0,0,,
B,1650998220,1,0,,
B,1650998820,1,0,,
B,1650999420,1,0,,
B,1651000020,1,0,,
B,1651000680,1,60,,
B,1651001280,1,0,,
B,1651001940,1,60,,
B,1651003500,1,960,,
B,1651004940,1,840,,
B,1651005540,0,0,,
B,1651006140,0,0,,
B,1651006740,0,0,,
B,1651007340,0,0,,
B,1651007940,0,0,,
B,1651008540,0,0,,
B,1651009140,0,0,,
B,1651009740,0,0,,
B,1651010340,0,0,,
B,1651010940,0,0,,
B,1651011540,0,0,,
B,1651012140,0,0,,
B,1651012740,0,0,,
B,1651013340,0,0,,
B,1651013940,0,0,,
B,1651014540,0,0,,
B,1651015140,0,0,,
B,1651015740,0,0,,
B,1651016340,0,0,,
B,1651016940,0,0,,
B,1651017540,0,0,,
B,1651018140,0,0,,
B,1651018740,0,0,,
B,1651019340,0,0,,
B,1651019940,0,0,,
B,1651020540,0,0,,
B,1651021140,0,0,,
B,1651021740,0,0,,
B,1651022340,0,0,,
B,1651022940,0,0,,
B,1651023600,0,60,,
B,1651024200,0,0,,
B,1651024800,0,0,,
B,1651025400,0,0,,
B,1651026000,0,0,,
B,1651026600,0,0,,
B,1651027200,0,0,,
B,1651027800,0,0,,
B,1651028400,0,0,,
B,1651029000,0,0,,
B,1651029600,0,0,,
B,1651030200,0,0,,
B,1651030800,0,0,,
B,1651031400,0,0,,
B,1651032000,0,0,,
B,1651032600,0,0,,
B,1651033200,0,0,,
B,1651033800,0,0,,
B,1651034400,0,0,,
B,1651035000,0,0,,
B,1651035600,0,0,,
B,1651036200,0,0,,
B,1651036800,0,0,,
B,1651037400,0,0,,
B,1651038000,0,0,,
B,1651038600,0,0,,
B,1651039200,0,0,,
B,1651039800,0,0,,
B,1651040400,0,0,,
B,1651041000,0,0,,
B,1651041600,0,0,,
B,1651042200,0,0,,
B,1651042800,0,0,,
B,1651043400,0,0,,
B,1651044000,0,0,,
B,1651044600,1,0,,
B,1651045260,0,60,,
B,1651045860,0,0,,
B,1651046460,0,0,,
B,1651047060,0,0,,
B,1651047660,0,0,,
B,1651048260,0,0,,
B,1651048860,0,0,,
B,1651049460,0,0,,
B,1651050060,0,0,,
B,1651050660,0,0,,
B,1651051260,0,0,,
B,1651051860,0,0,,
B,1651052460,0,0,,
B,1651053060,0,0,,
B,1651053720,0,60,,
B,1651054560,0,240,,
B,1651055160,0,0,,
B,1651055820,0,60,,
B,1651056420,0,0,,
B,1651057020,0,0,,
B,1651057680,0,60,,
B,1651058580,0,300,,
B,1651059240,0,60,,
B,1651059840,0,0,,
B,1651060440,0,0,,
B,1651061040,0,0,,
B,1651061640,0,0,,
B,1651062240,0,0,,
B,1651062840,0,0,,
B,1651063500,0,60,,
B,1651067820,1,3720,,
B,1651068420,0,0,,
B,1651069080,0,60,,
B,1651069680,0,0,,
B,1651070280,0,0,,
B,1651070940,0,60,,
B,1651071540,0,0,,
B,1651072140,0,0,,
B,1651072800,0,60,,
B,1651073400,0,0,,
B,1651074000,0,0,,
B,1651074600,0,0,,
B,1651075380,0,180,,
B,1651076220,0,240,,
B,1651076820,0,0,,
B,1651077420,0,0,,
B,1651078080,0,60,,
B,1651078680,0,0,,
B,1651079280,0,0,,
B,1651079880,0,0,,
B,1651080480,0,0,,
B,1651081080,0,0,,
B,1651081680,0,0,,
B,1651082280,0,0,,
B,1651082880,0,0,,
B,1651083480,0,0,,
B,1651084080,0,0,,
B,1651084680,1,0,,
B,1651085280,1,0,,
B,1651085880,1,0,,
B,1651086480,1,0,,
B,1651087080,1,0,,
B,1651087800,1,120,,
B,1651088400,1,0,,
B,1651089000,0,0,,
B,1651089600,0,0,,
B,1651090200,0,0,,
B,1651090800,0,0,,
B,1651091400,0,0,,
B,1651092000,0,0,,
B,1651092600,1,0,,
B,1651093200,1,0,,
B,1651093800,1,0,,
B,1651094400,1,0,,
B,1651095000,1,0,,
B,1651095600,1,0,,
B,1651096200,1,0,,
B,1651096800,1,0,,
B,1651097400,1,0,,
B,1651098000,1,0,,
B,1651098600,1,0,,
B,1651099200,1,0,,
B,1651099800,1,0,,
B,1651100400,0,0,,
B,1651101000,0,0,,
B,1651101600,0,0,,
B,1651102200,0,0,,
B,1651102800,0,0,,
B,1651103400,0,0,,
B,1651104060,0,60,,
B,1651104660,0,0,,
B,1651105260,0,0,,
B,1651105860,0,0,,
B,1651106460,0,0,,
B,1651107060,0,0,,
B,1651107660,0,0,,
B,1651108260,0,0,,
B,1651108860,0,0,,
B,1651109460,0,0,,
B,1651110060,0,0,,
B,1651110660,0,0,,
B,1651111260,0,0,,
B,1651111860,0,0,,
B,1651112460,0,0,,
B,1651113060,0,0,,
B,1651113660,0,0,,
B,1651114260,0,0,,
B,1651114860,0,0,,
B,1651115460,0,0,,
B,1651116060,0,0,,
B,1651116660,0,0,,
B,1651117260,0,0,,
B,1651117860,0,0,,
B,1651118460,0,0,,
B,1651119060,0,0,,
B,1651119660,0,0,,
B,1651120260,0,0,,
B,1651120860,0,0,,
B,1651121460,0,0,,
B,1651122060,0,0,,
B,1651122660,0,0,,
B,1651123260,0,0,,
B,1651123860,0,0,,
B,1651124460,0,0,,
B,1651125060,0,0,,
B,1651125660,0,0,,
B,1651126320,0,60,,
B,1651126920,0,0,,
B,1651127520,0,0,,
B,1651128120,0,0,,
B,1651128720,0,0,,
B,1651129320,0,0,,
B,1651129920,0,0,,
B,1651130520,0,0,,
B,1651131120,0,0,,
B,1651131720,0,0,,
B,1651132320,0,0,,
B,1651132920,0,0,,
B,1651133520,0,0,,
B,1651134120,0,0,,
B,1651134720,0,0,,
B,1651135320,0,0,,
B,1651135920,0,0,,
B,1651136520,0,0,,
B,1651137120,0,0,,
B,1651137720,0,0,,
B,1651138320,0,0,,
B,1651138920,0,0,,
B,1651139520,0,0,,
B,1651140120,0,0,,
B,1651140720,0,0,,
B,1651141320,0,0,,
B,1651141920,0,0,,
B,1651142520,0,0,,
B,1651143120,0,0,,
B,1651143720,0,0,,
B,1651144320,0,0,,
B,1651144920,0,0,,
B,1651145520,0,0,,
B,1651146120,0,0,,
B,1651146720,0,0,,
B,1651147320,0,0,,
B,1651147920,0,0,,
B,1651148520,0,0,,
B,1651149120,0,0,,
B,1651149720,0,0,,
B,1651150320,0,0,,
B,1651150920,0,0,,
B,1651151520,0,0,,
B,1651152120,0,0,,
B,1651152720,0,0,,
B,1651153380,0,60,,
B,1651153980,0,0,,
B,1651154580,0,0,,
B,1651155180,0,0,,
B,1651155780,0,0,,
B,1651156380,0,0,,
B,1651156980,0,0,,
B,1651157580,0,0,,
B,1651158240,0,60,,
B,1651158840,0,0,,
B,1651159440,0,0,,
B,1651160040,0,0,,
B,1651160700,0,60,,
B,1651161360,0,60,,
B,1651161960,0,0,,
B,1651162560,0,0,,
B,1651163160,0,0,,
B,1651163820,0,60,,
B,1651164420,0,0,,
B,1651165020,0,0,,
B,1651165620,0,0,,
B,1651166220,0,0,,
B,1651166820,0,0,,
B,1651167420,0,0,,
B,1651168020,0,0,,
B,1651168620,0,0,,
B,1651169220,0,0,,
B,1651169820,1,0,,
B,1651170420,1,0,,
B,1651171020,1,0,,
B,1651171620,1,0,,
B,1651172280,1,60,,
B,1651172880,1,0,,
B,1651173480,1,0,,
B,1651174080,1,0,,
B,1651174680,1,0,,
B,1651175280,1,0,,
B,1651175880,1,0,,
B,1651176480,1,0,,
B,1651177080,1,0,,
B,1651177680,1,0,,
B,1651178280,1,0,,
B,1651178880,1,0,,
B,1651179480,1,0,,
B,1651180080,1,0,,
B,1651180680,1,0,,
B,1651181280,1,0,,
B,1651181880,1,0,,
B,1651182480,1,0,,
B,1651183080,1,0,,
B,1651183680,1,0,,
B,1651184280,1,0,,
B,1651184880,1,0,,
B,1651185480,1,0,,
B,1651186080,1,0,,
B,1651186740,1,60,,
B,1651187340,1,0,,
B,1651187940,1,0,,
B,1651188540,1,0,,
B,1651189140,1,0,,
B,1651189740,1,0,,
B,1651190340,1,0,,
B,1651190940,1,0,,
B,1651191540,1,0,,
B,1651192140,1,0,,
B,1651192740,1,0,,
B,1651193340,1,0,,
B,1651193940,1,0,,
B,1651194540,1,0,,
B,1651195140,1,0,,
B,1651195740,1,0,,
B,1651196340,1,0,,
B,1651196940,1,0,,
B,1651197540,1,0,,
B,1651198140,1,0,,
B,1651198740,1,0,,
B,1651199340,1,0,,
B,1651199940,1,0,,
B,1651200540,1,0,,
B,1651201140,1,0,,
B,1651201740,1,0,,
B,1651202340,1,0,,
B,1651202940,1,0,,
B,1651203540,1,0,,
B,1651204140,1,0,,
B,1651204740,1,0,,
B,1651205340,1,0,,
B,1651205940,1,0,,
B,1651206540,1,0,,
B,1651207140,1,0,,
B,1651207740,1,0,,
B,1651208400,1,60,,
B,1651209000,1,0,,
B,1651209600,1,0,,
B,1651210200,1,0,,
B,1651210800,1,0,,
B,1651211400,1,0,,
B,1651212000,1,0,,
B,1651212600,1,0,,
B,1651213200,1,0,,
B,1651213800,1,0,,
B,1651214400,1,0,,
B,1651215000,1,0,,
B,1651215600,1,0,,
B,1651216200,1,0,,
B,1651216800,1,0,,
B,1651217400,1,0,,
B,1651218000,1,0,,
B,1651218600,1,0,,
B,1651219200,0,0,,
B,1651219800,0,0,,
B,1651220400,0,0,,
B,1651221000,0,0,,
B,1651221600,0,0,,
B,1651222200,0,0,,
B,1651222800,0,0,,
B,1651223400,0,0,,
B,1651224000,0,0,,
B,1651224600,0,0,,
B,1651225200,0,0,,
B,1651225800,0,0,,
B,1651226400,0,0,,
B,1651227000,0,0,,
B,1651227600,0,0,,
B,1651228200,0,0,,
B,1651228860,0,60,,
B,1651229460,0,0,,
B,1651230060,0,0,,
B,1651230660,0,0,,
B,1651231260,0,0,,
B,1651231860,0,0,,
B,1651232460,0,0,,
B,1651233060,0,0,,
B,1651233660,0,0,,
B,1651234560,0,300,,
B,1651235160,0,0,,
B,1651235760,0,0,,
B,1651236360,0,0,,
B,1651237020,0,60,,
B,1651237800,0,180,,
B,1651238400,0,0,,
B,1651239300,0,300,,
B,1651240440,0,540,,
B,1651241340,0,300,,
B,1651242420,0,480,,
B,1651243200,0,180,,
B,1651244220,0,420,,
B,1651245780,0,960,,
B,1651248000,0,1620,,
B,1651248840,0,240,,
B,1651250580,0,1140,,
B,1651251720,0,540,,
B,1651252320,0,0,,
B,1651254960,0,2040,,
B,1651255980,0,420,,
B,1651257240,0,660,,
B,1651258320,0,480,,
B,1651259700,0,780,,
B,1651260300,0,0,,
B,1651260900,0,0,,
B,1651261740,0,240,,
B,1651262340,0,0,,
B,1651262940,0,0,,
B,1651263780,0,240,,
B,1651264380,0,0,,
B,1651264980,0,0,,
B,1651265580,0,0,,
B,1651266180,0,0,,
B,1651266780,1,0,,
B,1651267380,1,0,,
B,1651267980,1,0,,
B,1651268580,1,0,,
B,1651269180,1,0,,
B,1651269780,1,0,,
B,1651270380,1,0,,
B,1651271040,1,60,,
B,1651271640,1,0,,
B,1651272240,1,0,,
B,1651272840,1,0,,
B,1651273440,1,0,,
B,1651274040,1,0,,
B,1651274640,1,0,,
B,1651275240,1,0,,
B,1651275840,1,0,,
B,1651276440,1,0,,
B,1651277040,1,0,,
B,1651277640,1,0,,
B,1651278240,1,0,,
B,1651278840,1,0,,
B,1651279440,1,0,,
B,1651280040,1,0,,
B,1651280640,1,0,,
B,1651281240,1,0,,
B,1651281840,1,0,,
B,1651282440,1,0,,
B,1651283040,1,0,,
B,1651283700,1,60,,
B,1651284300,1,0,,
B,1651284900,1,0,,
B,1651285500,1,0,,
B,1651286100,1,0,,
B,1651286700,1,0,,
B,1651287300,1,0,,
B,1651287900,1,0,,
B,1651288500,1,0,,
B,1651289100,1,0,,
B,1651289700,1,0,,
B,1651290300,1,0,,
B,1651290900,1,0,,
B,1651291500,1,0,,
B,1651292100,1,0,,
B,1651292700,1,0,,
B,1651293300,1,0,,
B,1651293900,1,0,,
B,1651294500,0,0,,
B,1651295100,0,0,,
B,1651295700,0,0,,
B,1651296300,0,0,,
B,1651296900,0,0,,
B,1651297500,0,0,,
B,1651298280,0,180,,
B,1651298880,0,0,,
B,1651299480,0,0,,
B,1651300260,0,180,,
B,1651300860,0,0,,
B,1651301460,0,0,,
B,1651302060,0,0,,
B,1651302660,1,0,,
B,1651303260,1,0,,
B,1651303860,1,0,,
B,1651304460,1,0,,
B,1651305060,0,0,,
B,1651305660,0,0,,
B,1651306320,0,60,,
B,1651306920,0,0,,
B,1651307520,0,0,,
B,1651308360,0,240,,
B,1651309200,0,240,,
B,1651309800,0,0,,
B,1651310400,0,0,,
B,1651311060,0,60,,
B,1651311660,0,0,,
B,1651312260,0,0,,
B,1651313040,0,180,,
B,1651313640,0,0,,
B,1651314240,0,0,,
B,1651314840,0,0,,
B,1651315440,0,0,,
B,1651316040,0,0,,
B,1651316640,0,0,,
B,1651317240,0,0,,
B,1651317900,0,60,,
B,1651318500,0,0,,
B,1651319100,0,0,,
B,1651319700,0,0,,
B,1651320300,0,0,,
B,1651320900,0,0,,
B,1651321500,0,0,,
B,1651322100,0,0,,
B,1651322700,0,0,,
B,1651323360,0,60,,
B,1651323960,0,0,,
B,1651324980,0,420,,
B,1651325580,0,0,,
B,1651326180,0,0,,
B,1651326780,0,0,,
B,1651327380,0,0,,
B,1651328040,0,60,,
B,1651328640,0,0,,
B,1651329240,0,0,,
B,1651329840,0,0,,
B,1651330440,0,0,,
B,1651331400,0,360,,
B,1651332000,0,0,,
B,1651332600,0,0,,
B,1651333200,0,0,,
B,1651333800,0,0,,
B,1651334400,0,0,,
B,1651335000,0,0,,
B,1651335600,0,0,,
B,1651336500,0,300,,
B,1651337100,0,0,,
B,1651337880,0,180,,
B,1651338480,0,0,,
B,1651339080,0,0,,
B,1651339680,0,0,,
B,1651340280,0,0,,
B,1651340880,0,0,,
B,1651341480,0,0,,
B,1651342080,0,0,,
B,1651342680,0,0,,
B,1651343280,0,0,,
B,1651343880,0,0,,
B,1651344480,0,0,,
B,1651345080,0,0,,
B,1651345680,0,0,,
B,1651346280,0,0,,
B,1651346880,0,0,,
B,1651347540,0,60,,
B,1651348140,0,0,,
B,1651348740,0,0,,
B,1651349340,0,0,,
B,1651349940,0,0,,
B,1651350540,0,0,,
B,1651351140,0,0,,
B,1651351740,0,0,,
B,1651352340,0,0,,
B,1651352940,0,0,,
B,1651353540,0,0,,
B,1651354140,0,0,,
B,1651354740,0,0,,
B,1651355340,0,0,,
B,1651355940,0,0,,
B,1651356540,0,0,,
B,1651357140,0,0,,
B,1651357740,0,0,,
B,1651358340,0,0,,
B,1651358940,0,0,,
B,1651359540,0,0,,
B,1651360140,0,0,,
B,1651360740,0,0,,
B,1651361340,0,0,,
B,1651361940,0,0,,
B,1651362540,0,0,,
C,1648149600,1,0,,
C,1648150200,1,0,,
C,1648150800,1,0,,
C,1648151400,1,0,,
C,1648152000,1,0,,
C,1648152660,1,60,,
C,1648153260,1,0,,
C,1648153860,1,0,,
C,1648154460,1,0,,
C,1648155060,1,0,,
C,1648155660,1,0,,
C,1648156260,1,0,,
C,1648156860,1,0,,
C,1648157460,1,0,,
C,1648158060,1,0,,
C,1648158660,1,0,,
C,1648159260,1,0,,
C,1648159860,1,0,,
C,1648160460,1,0,,
C,1648161060,1,0,,
C,1648161660,1,0,,
C,1648162260,1,0,,
C,1648162860,1,0,,
C,1648163460,1,0,,
C,1648164060,1,0,,
C,1648164660,1,0,,
C,1648165260,1,0,,
C,1648165860,1,0,,
C,1648166460,1,0,,
C,1648167060,1,0,,
C,1648167660,1,0,,
C,1648168260,1,0,,
C,1648168860,1,0,,
C,1648169460,1,0,,
C,1648170060,1,0,,
C,1648170660,1,0,,
C,1648171260,1,0,,
C,1648171860,1,0,,
C,1648172460,1,0,,
C,1648173060,1,0,,
C,1648173660,1,0,,
C,1648174260,1,0,,
C,1648174860,1,0,,
C,1648175460,1,0,,
C,1648176060,1,0,,
C,1648176660,1,0,,
C,1648177260,1,0,,
C,1648177860,1,0,,
C,1648178460,1,0,,
C,1648179120,1,60,,
C,1648179720,1,0,,
C,1648180320,1,0,,
C,1648180920,1,0,,
C,1648181520,1,0,,
C,1648182120,1,0,,
C,1648182720,1,0,,
C,1648183320,1,0,,
C,1648183920,1,0,,
C,1648184520,1,0,,
C,1648185120,1,0,,
C,1648185720,1,0,,
C,1648186320,1,0,,
C,1648186920,1,0,,
C,1648187520,1,0,,
C,1648188120,1,0,,
C,1648188720,1,0,,
C,1648189320,0,0,,
C,1648189920,0,0,,
C,1648190520,0,0,,
C,1648191120,0,0,,
C,1648191720,0,0,,
C,1648192320,0,0,,
C,1648192920,0,0,,
C,1648193520,0,0,,
C,1648194120,0,0,,
C,1648194720,0,0,,
C,1648195320,0,0,,
C,1648195920,0,0,,
C,1648196520,0,0,,
C,1648197120,0,0,,
C,1648197720,0,0,,
C,1648198320,0,0,,
C,1648198920,0,0,,
C,1648199520,0,0,,
C,1648200120,0,0,,
C,1648200720,0,0,,
C,1648201320,0,0,,
C,1648201920,0,0,,
C,1648202580,0,60,,
C,1648203180,0,0,,
C,1648203780,0,0,,
C,1648204380,0,0,,
C,1648204980,0,0,,
C,1648205580,0,0,,
C,1648206180,0,0,,
C,1648206780,0,0,,
C,1648207380,0,0,,
C,1648207980,0,0,,
C,1648208580,0,0,,
C,1648209180,0,0,,
C,1648209780,0,0,,
C,1648210380,0,0,,
C,1648210980,0,0,,
C,1648211580,0,0,,
C,1648212180,0,0,,
C,1648212780,0,0,,
C,1648213380,0,0,,
C,1648213980,0,0,,
C,1648214580,0,0,,
C,1648215180,0,0,,
C,1648215780,0,0,,
C,1648216380,0,0,,
C,1648216980,0,0,,
C,1648217580,0,0,,
C,1648218180,0,0,,
C,1648218780,0,0,,
C,1648219380,0,0,,
C,1648220040,0,60,,
C,1648220640,0,0,,
C,1648221240,0,0,,
C,1648221840,0,0,,
C,1648222440,0,0,,
C,1648223040,0,0,,
C,1648223700,0,60,,
C,1648224300,0,0,,
C,1648224900,0,0,,
C,1648225500,0,0,,
C,1648226100,0,0,,
C,1648226760,0,60,,
C,1648227360,0,0,,
C,1648227960,0,0,,
C,1648228560,0,0,,
C,1648229160,0,0,,
C,1648229760,0,0,,
C,1648230360,0,0,,
C,1648230960,0,0,,
C,1648231560,0,0,,
C,1648232160,0,0,,
C,1648232760,0,0,,
C,1648233360,0,0,,
C,1648233960,0,0,,
C,1648234560,0,0,,
C,1648235160,0,0,,
C,1648235760,0,0,,
C,1648236420,0,60,,
C,1648237020,0,0,,
C,1648237620,0,0,,
C,1648238220,0,0,,
C,1648238820,0,0,,
C,1648239420,0,0,,
C,1648240020,0,0,,
C,1648240620,0,0,,
C,1648241220,0,0,,
C,1648241820,0,0,,
C,1648242420,0,0,,
C,1648243020,0,0,,
C,1648243620,0,0,,
C,1648244220,0,0,,
C,1648244820,0,0,,
C,1648245420,0,0,,
C,1648246020,0,0,,
C,1648246620,0,0,,
C,1648247220,0,0,,
C,1648247820,0,0,,
C,1648248420,0,0,,
C,1648249020,0,0,,
C,1648249620,0,0,,
C,1648250220,0,0,,
C,1648250820,0,0,,
C,1648251420,0,0,,
C,1648252020,0,0,,
C,1648252620,1,0,,
C,1648253220,1,0,,
C,1648253820,1,0,,
C,1648254420,1,0,,
C,1648255020,1,0,,
C,1648255620,1,0,,
C,1648256220,1,0,,
C,1648256820,1,0,,
C,1648257420,1,0,,
C,1648258020,1,0,,
C,1648258620,1,0,,
C,1648259220,1,0,,
C,1648259820,1,0,,
C,1648260420,1,0,,
C,1648261020,1,0,,
C,1648261620,1,0,,
C,1648262220,1,0,,
C,1648262880,1,60,,
C,1648263480,1,0,,
C,1648264080,1,0,,
C,1648264680,1,0,,
C,1648265280,1,0,,
C,1648265880,1,0,,
C,1648266480,1,0,,
C,1648267080,1,0,,
C,1648267680,1,0,,
C,1648268280,0,0,,
C,1648268880,0,0,,
C,1648269480,0,0,,
C,1648270080,0,0,,
C,1648270680,0,0,,
C,1648271280,0,0,,
C,1648271880,0,0,,
C,1648272480,0,0,,
C,1648273080,0,0,,
C,1648273680,0,0,,
C,1648274280,0,0,,
C,1648274880,0,0,,
C,1648275480,0,0,,
C,1648276080,0,0,,
C,1648276680,0,0,,
C,1648277280,1,0,,
C,1648277880,0,0,,
C,1648278480,0,0,,
C,1648279080,0,0,,
C,1648279680,0,0,,
C,1648280280,0,0,,
C,1648280880,0,0,,
C,1648281480,0,0,,
C,1648282080,0,0,,
C,1648282680,0,0,,
C,1648283280,0,0,,
C,1648283880,0,0,,
C,1648284480,0,0,,
C,1648285140,0,60,,
C,1648285740,0,0,,
C,1648286340,0,0,,
C,1648286940,0,0,,
C,1648287540,0,0,,
C,1648288140,0,0,,
C,1648288740,0,0,,
C,1648289340,0,0,,
C,1648289940,0,0,,
C,1648290540,0,0,,
C,1648291140,0,0,,
C,1648291740,0,0,,
C,1648292340,0,0,,
C,1648292940,0,0,,
C,1648293540,0,0,,
C,1648294140,0,0,,
C,1648294740,0,0,,
C,1648295340,0,0,,
C,1648295940,0,0,,
C,1648296540,0,0,,
C,1648297140,0,0,,
C,1648297740,0,0,,
C,1648298340,0,0,,
C,1648298940,0,0,,
C,1648299540,0,0,,
C,1648300140,0,0,,
C,1648300740,0,0,,
C,1648301340,0,0,,
C,1648301940,0,0,,
C,1648302540,0,0,,
C,1648303140,0,0,,
C,1648303740,0,0,,
C,1648304340,0,0,,
C,1648304940,0,0,,
C,1648305540,0,0,,
C,1648306140,0,0,,
C,1648306740,0,0,,
C,1648307400,0,60,,
C,1648308000,0,0,,
C,1648308600,0,0,,
C,1648309200,0,0,,
C,1648309800,0,0,,
C,1648310400,0,0,,
C,1648311000,0,0,,
C,1648311600,0,0,,
C,1648312200,0,0,,
C,1648312800,0,0,,
C,1648313400,0,0,,
C,1648314000,0,0,,
C,1648314600,0,0,,
C,1648315200,0,0,,
C,1648315800,1,0,,
C,1648316400,0,0,,
C,1648317000,1,0,,
C,1648317600,1,0,,
C,1648318200,1,0,,
C,1648318800,1,0,,
C,1648319400,1,0,,
C,1648320000,1,0,,
C,1648320600,1,0,,
C,1648321200,1,0,,
C,1648321800,1,0,,
C,1648322400,1,0,,
C,1648323000,1,0,,
C,1648323600,1,0,,
C,1648324200,1,0,,
C,1648324800,1,0,,
C,1648325400,1,0,,
C,1648326000,1,0,,
C,1648326600,1,0,,
C,1648327200,1,0,,
C,1648327800,1,0,,
C,1648328400,1,0,,
C,1648329000,1,0,,
C,1648329600,1,0,,
C,1648330200,1,0,,
C,1648330800,1,0,,
C,1648331400,1,0,,
C,1648332000,1,0,,
C,1648332600,1,0,,
C,1648333200,1,0,,
C,1648333800,1,0,,
C,1648334460,1,60,,
C,1648335060,1,0,,
C,1648335660,1,0,,
C,1648336260,1,0,,
C,1648336860,1,0,,
C,1648337460,1,0,,
C,1648338060,1,0,,
C,1648338660,1,0,,
C,1648339260,1,0,,
C,1648339860,1,0,,
C,1648340460,1,0,,
C,1648341060,1,0,,
C,1648341660,1,0,,
C,1648342260,1,0,,
C,1648342860,1,0,,
C,1648343460,1,0,,
C,1648344060,1,0,,
C,1648344660,1,0,,
C,1648345260,1,0,,
C,1648345860,1,0,,
C,1648346460,1,0,,
C,1648347060,1,0,,
C,1648347660,1,0,,
C,1648348260,1,0,,
C,1648348860,1,0,,
C,1648349460,1,0,,
C,1648350060,1,0,,
C,1648350660,1,0,,
C,1648351260,1,0,,
C,1648351860,1,0,,
C,1648352460,1,0,,
C,1648353060,1,0,,
C,1648353660,1,0,,
C,1648354260,1,0,,
C,1648354860,1,0,,
C,1648355460,1,0,,
C,1648356060,1,0,,
C,1648356660,1,0,,
C,1648357260,1,0,,
C,1648357860,1,0,,
C,1648358460,1,0,,
C,1648359060,1,0,,
C,1648359660,0,0,,
C,1648360260,1,0,,
C,1648360920,1,60,,
C,1648361520,1,0,,
C,1648362120,0,0,,
C,1648362720,0,0,,
C,1648363320,0,0,,
C,1648363920,0,0,,
C,1648364520,0,0,,
C,1648365120,0,0,,
C,1648365720,0,0,,
C,1648366320,0,0,,
C,1648366920,0,0,,
C,1648367520,0,0,,
C,1648368120,0,0,,
C,1648368720,0,0,,
C,1648369320,0,0,,
C,1648369920,0,0,,
C,1648370520,0,0,,
C,1648371120,0,0,,
C,1648371720,0,0,,
C,1648372320,0,0,,
C,1648372920,0,0,,
C,1648373520,0,0,,
C,1648374120,0,0,,
C,1648374720,0,0,,
C,1648375320,0,0,,
C,1648375920,0,0,,
C,1648376520,0,0,,
C,1648377120,0,0,,
C,1648377720,0,0,,
C,1648378320,0,0,,
C,1648378920,0,0,,
C,1648379520,0,0,,
C,1648380120,0,0,,
C,1648380720,0,0,,
C,1648381320,0,0,,
C,1648381920,0,0,,
C,1648382520,0,0,,
C,1648383120,0,0,,
C,1648383720,0,0,,
C,1648384320,0,0,,
C,1648384920,0,0,,
C,1648385520,0,0,,
C,1648386120,0,0,,
C,1648386720,0,0,,
C,1648387380,0,60,,
C,1648387980,0,0,,
C,1648388580,0,0,,
C,1648389180,0,0,,
C,1648389780,0,0,,
C,1648390380,0,0,,
C,1648390980,0,0,,
C,1648391580,0,0,,
C,1648392180,0,0,,
C,1648392780,0,0,,
C,1648393380,0,0,,
C,1648393980,0,0,,
C,1648394580,0,0,,
C,1648395180,0,0,,
C,1648395780,0,0,,
C,1648396380,0,0,,
C,1648396980,0,0,,
C,1648397580,0,0,,
C,1648398180,0,0,,
C,1648398780,0,0,,
C,1648399380,0,0,,
C,1648399980,0,0,,
C,1648400580,0,0,,
C,1648401180,0,0,,
C,1648401780,0,0,,
C,1648402380,0,0,,
C,1648402980,0,0,,
C,1648403580,0,0,,
C,1648404180,0,0,,
C,1648404780,0,0,,
C,1648405380,0,0,,
C,1648405980,0,0,,
C,1648406580,1,0,,
C,1648407180,1,0,,
C,1648407780,1,0,,
C,1648408380,1,0,,
C,1648408980,1,0,,
C,1648409580,1,0,,
C,1648410180,1,0,,
C,1648410780,1,0,,
C,1648411380,1,0,,
C,1648411980,1,0,,
C,1648412580,1,0,,
C,1648413180,1,0,,
C,1648413840,1,60,,
C,1648414440,1,0,,
C,1648415040,1,0,,
C,1648415640,1,0,,
C,1648416240,1,0,,
C,1648416840,1,0,,
C,1648417440,1,0,,
C,1648418040,1,0,,
C,1648418640,1,0,,
C,1648419240,1,0,,
C,1648419840,1,0,,
C,1648420440,0,0,,
C,1648421040,0,0,,
C,1648421640,0,0,,
C,1648422240,0,0,,
C,1648422840,0,0,,
C,1648423440,0,0,,
C,1648424040,0,0,,
C,1648424640,0,0,,
C,1648425240,0,0,,
C,1648425840,0,0,,
C,1648426440,0,0,,
C,1648427040,0,0,,
C,1648427640,0,0,,
C,1648428240,0,0,,
C,1648428840,0,0,,
C,1648429440,0,0,,
C,1648430040,0,0,,
C,1648430640,0,0,,
C,1648431240,0,0,,
C,1648431840,0,0,,
C,1648432440,0,0,,
C,1648433040,0,0,,
C,1648433640,0,0,,
C,1648434240,0,0,,
C,1648434840,0,0,,
C,1648435440,0,0,,
C,1648436040,0,0,,
C,1648436640,0,0,,
C,1648437240,0,0,,
C,1648437840,0,0,,
C,1648438440,0,0,,
C,1648439040,0,0,,
C,1648439640,0,0,,
C,1648440300,0,60,,
C,1648440900,0,0,,
C,1648441500,0,0,,
C,1648442100,0,0,,
C,1648442700,0,0,,
C,1648443300,0,0,,
C,1648443900,1,0,,
C,1648444500,1,0,,
C,1648445100,1,0,,
C,1648445700,1,0,,
C,1648446300,1,0,,
C,1648446900,1,0,,
C,1648447500,0,0,,
C,1648448100,0,0,,
C,1648448700,0,0,,
C,1648449300,0,0,,
C,1648449900,0,0,,
C,1648450500,0,0,,
C,1648451100,0,0,,
C,1648451700,0,0,,
C,1648452300,0,0,,
C,1648452900,0,0,,
C,1648453500,0,0,,
C,1648454100,0,0,,
C,1648454700,0,0,,
C,1648455300,0,0,,
C,1648455900,0,0,,
C,1648456500,0,0,,
C,1648457100,0,0,,
C,1648457700,0,0,,
C,1648458300,0,0,,
C,1648458900,0,0,,
C,1648459500,0,0,,
C,1648460160,0,60,,
C,1648460760,0,0,,
C,1648461360,0,0,,
C,1648461960,0,0,,
C,1648462560,0,0,,
C,1648463160,0,0,,
C,1648463760,0,0,,
C,1648464360,0,0,,
C,1648464960,0,0,,
C,1648465560,0,0,,
C,1648466220,0,60,,
C,1648466820,0,0,,
C,1648467420,0,0,,
C,1648468020,0,0,,
C,1648468620,0,0,,
C,1648469220,0,0,,
C,1648469820,0,0,,
C,1648470420,0,0,,
C,1648471020,0,0,,
C,1648471620,0,0,,
C,1648472220,0,0,,
C,1648472820,0,0,,
C,1648473420,0,0,,
C,1648474020,0,0,,
C,1648474620,0,0,,
C,1648475220,0,0,,
C,1648475820,0,0,,
C,1648476420,0,0,,
C,1648477020,0,0,,
C,1648477620,0,0,,
C,1648478220,0,0,,
C,1648478820,0,0,,
C,1648479420,0,0,,
C,1648480020,0,0,,
C,1648480620,0,0,,
C,1648481220,0,0,,
C,1648481820,0,0,,
C,1648482420,0,0,,
C,1648483080,0,60,,
C,1648483680,0,0,,
C,1648484280,0,0,,
C,1648484880,0,0,,
C,1648485480,0,0,,
C,1648486080,0,0,,
C,1648486680,0,0,,
C,1648487280,0,0,,
C,1648487880,0,0,,
C,1648488480,0,0,,
C,1648489080,0,0,,
C,1648489680,0,0,,
C,1648490280,0,0,,
C,1648490880,0,0,,
C,1648491480,0,0,,
C,1648492080,0,0,,
C,1648492680,0,0,,
C,1648493280,0,0,,
C,1648493880,0,0,,
C,1648494480,0,0,,
C,1648495080,0,0,,
C,1648495680,0,0,,
C,1648496280,0,0,,
C,1648496880,0,0,,
C,1648497480,0,0,,
C,1648498080,0,0,,
C,1648498680,0,0,,
C,1648499280,0,0,,
C,1648499940,0,60,,
C,1648500540,0,0,,
C,1648501140,0,0,,
C,1648501740,0,0,,
C,1648502340,0,0,,
C,1648502940,0,0,,
C,1648503540,0,0,,
C,1648504140,0,0,,
C,1648504740,0,0,,
C,1648505340,0,0,,
C,1648505940,0,0,,
C,1648506540,0,0,,
C,1648507140,0,0,,
C,1648507740,0,0,,
C,1648508340,0,0,,
C,1648508940,0,0,,
C,1648509540,0,0,,
C,1648510140,0,0,,
C,1648510740,0,0,,
C,1648511340,0,0,,
C,1648511940,0,0,,
C,1648512540,0,0,,
C,1648513140,0,0,,
C,1648513740,0,0,,
C,1648514340,0,0,,
C,1648514940,0,0,,
C,1648515540,0,0,,
C,1648516140,0,0,,
C,1648516740,0,0,,
C,1648517340,0,0,,
C,1648517940,0,0,,
C,1648518540,0,0,,
C,1648519140,0,0,,
C,1648519740,0,0,,
C,1648520340,0,0,,
C,1648520940,0,0,,
C,1648521540,0,0,,
C,1648522140,0,0,,
C,1648522740,0,0,,
C,1648523340,0,0,,
C,1648523940,0,0,,
C,1648524540,0,0,,
C,1648525140,0,0,,
C,1648525740,0,0,,
C,1648526400,0,60,,
C,1648527000,0,0,,
C,1648527600,0,0,,
C,1648528200,0,0,,
C,1648528800,0,0,,
C,1648529400,0,0,,
C,1648530000,0,0,,
C,1648530600,0,0,,
C,1648531200,0,0,,
C,1648531800,0,0,,
C,1648532400,0,0,,
C,1648533000,0,0,,
C,1648533600,0,0,,
C,1648534200,0,0,,
C,1648534800,0,0,,
C,1648535400,0,0,,
C,1648536000,0,0,,
C,1648536600,0,0,,
C,1648537200,0,0,,
C,1648537800,0,0,,
C,1648538400,0,0,,
C,1648539000,0,0,,
C,1648539600,0,0,,
C,1648540200,0,0,,
C,1648540800,0,0,,
C,1648541400,0,0,,
C,1648542000,0,0,,
C,1648542600,0,0,,
C,1648543200,0,0,,
C,1648543860,0,60,,
C,1648544460,0,0,,
C,1648545060,0,0,,
C,1648545660,0,0,,
C,1648546260,0,0,,
C,1648546860,0,0,,
C,1648547460,0,0,,
C,1648548060,0,0,,
C,1648548660,0,0,,
C,1648549260,0,0,,
C,1648549860,0,0,,
C,1648550460,0,0,,
C,1648551060,0,0,,
C,1648551660,0,0,,
C,1648552260,0,0,,
C,1648552860,0,0,,
C,1648553520,0,60,,
C,1648554120,0,0,,
C,1648554720,0,0,,
C,1648555320,0,0,,
C,1648555920,0,0,,
C,1648556520,0,0,,
C,1648557120,0,0,,
C,1648557720,0,0,,
C,1648558320,0,0,,
C,1648558920,0,0,,
C,1648559520,0,0,,
C,1648560120,0,0,,
C,1648560720,0,0,,
C,1648561320,0,0,,
C,1648561980,0,60,,
C,1648562580,0,0,,
C,1648563180,0,0,,
C,1648563780,0,0,,
C,1648564380,0,0,,
C,1648564980,0,0,,
C,1648565580,0,0,,
C,1648566180,0,0,,
C,1648566780,0,0,,
C,1648567380,0,0,,
C,1648567980,0,0,,
C,1648568580,0,0,,
C,1648569180,0,0,,
C,1648569780,0,0,,
C,1648570380,0,0,,
C,1648570980,0,0,,
C,1648571580,0,0,,
C,1648572180,0,0,,
C,1648572780,0,0,,
C,1648573380,0,0,,
C,1648573980,0,0,,
C,1648574580,0,0,,
C,1648575180,0,0,,
C,1648575780,0,0,,
C,1648576380,0,0,,
C,1648576980,0,0,,
C,1648577580,0,0,,
C,1648578240,0,60,,
C,1648578840,0,0,,
C,1648579440,0,0,,
C,1648580040,0,0,,
C,1648580640,0,0,,
C,1648581240,0,0,,
C,1648581840,0,0,,
C,1648582440,0,0,,
C,1648583040,0,0,,
C,1648583640,0,0,,
C,1648584240,0,0,,
C,1648584840,0,0,,
C,1648585440,0,0,,
C,1648586040,0,0,,
C,1648586640,0,0,,
C,1648587240,0,0,,
C,1648587840,0,0,,
C,1648588440,0,0,,
C,1648589040,0,0,,
C,1648589640,0,0,,
C,1648590240,0,0,,
C,1648590840,0,0,,
C,1648591440,0,0,,
C,1648592040,0,0,,
C,1648592640,0,0,,
C,1648593240,0,0,,
C,1648593840,0,0,,
C,1648594440,0,0,,
C,1648595040,0,0,,
C,1648595640,0,0,,
C,1648596240,0,0,,
C,1648596840,0,0,,
C,1648597440,0,0,,
C,1648598040,0,0,,
C,1648598640,0,0,,
C,1648599240,0,0,,
C,1648599840,0,0,,
C,1648600440,0,0,,
C,1648601040,0,0,,
C,1648601640,0,0,,
C,1648602240,0,0,,
C,1648602840,0,0,,
C,1648603440,0,0,,
C,1648604040,0,0,,
C,1648604640,0,0,,
C,1648605300,0,60,,
C,1648605900,0,0,,
C,1648606500,0,0,,
C,1648607100,0,0,,
C,1648607700,0,0,,
C,1648608300,0,0,,
C,1648608900,0,0,,
C,1648609500,0,0,,
C,1648610100,0,0,,
C,1648610700,0,0,,
C,1648611300,0,0,,
C,1648611900,0,0,,
C,1648612500,0,0,,
C,1648613100,0,0,,
C,1648613700,0,0,,
C,1648614300,0,0,,
C,1648614900,0,0,,
C,1648615500,0,0,,
C,1648616100,0,0,,
C,1648616700,0,0,,
C,1648617300,0,0,,
C,1648617900,0,0,,
C,1648618500,0,0,,
C,1648619100,0,0,,
C,1648619700,0,0,,
C,1648620300,0,0,,
C,1648620900,0,0,,
C,1648621500,0,0,,
C,1648622100,0,0,,
C,1648622700,0,0,,
C,1648623300,0,0,,
C,1648623900,0,0,,
C,1648624500,0,0,,
C,1648625100,0,0,,
C,1648625700,0,0,,
C,1648626300,0,0,,
C,1648626900,0,0,,
C,1648627500,0,0,,
C,1648628100,0,0,,
C,1648628700,0,0,,
C,1648629300,0,0,,
C,1648629900,0,0,,
C,1648630500,0,0,,
C,1648631100,0,0,,
C,1648631760,0,60,,
C,1648632360,0,0,,
C,1648632960,0,0,,
C,1648633560,0,0,,
C,1648634160,0,0,,
C,1648634760,0,0,,
C,1648635360,0,0,,
C,1648635960,0,0,,
C,1648636560,0,0,,
C,1648637160,0,0,,
C,1648637760,0,0,,
C,1648638360,0,0,,
C,1648638960,0,0,,
C,1648639560,0,0,,
C,1648640160,0,0,,
C,1648640760,0,0,,
C,1648641360,0,0,,
C,1648641960,0,0,,
C,1648642620,0,60,,
C,1648643220,0,0,,
C,1648643820,0,0,,
C,1648644420,0,0,,
C,1648645020,0,0,,
C,1648645620,0,0,,
C,1648646220,0,0,,
C,1648646820,0,0,,
C,1648647420,0,0,,
C,1648648020,0,0,,
C,1648648620,0,0,,
C,1648649220,0,0,,
C,1648649820,0,0,,
C,1648650420,0,0,,
C,1648651020,0,0,,
C,1648651620,0,0,,
C,1648652220,0,0,,
C,1648652820,0,0,,
C,1648653420,0,0,,
C,1648654020,0,0,,
C,1648654620,0,0,,
C,1648655220,0,0,,
C,1648655820,0,0,,
C,1648656420,0,0,,
C,1648657020,0,0,,
C,1648657620,0,0,,
C,1648658220,0,0,,
C,1648658820,0,0,,
C,1648659420,0,0,,
C,1648660020,0,0,,
C,1648660680,0,60,,
C,1648661280,0,0,,
C,1648661880,0,0,,
C,1648662480,0,0,,
C,1648663080,0,0,,
C,1648663680,0,0,,
C,1648664280,0,0,,
C,1648664880,0,0,,
C,1648665480,0,0,,
C,1648666080,0,0,,
C,1648666680,0,0,,
C,1648667280,0,0,,
C,1648671540,0,3660,,
C,1648672140,0,0,,
C,1648672740,0,0,,
C,1648673340,0,0,,
C,1648673940,0,0,,
C,1648674540,0,0,,
C,1648675140,0,0,,
C,1648675740,0,0,,
C,1648676340,0,0,,
C,1648676940,0,0,,
C,1648677540,0,0,,
C,1648678140,0,0,,
C,1648678740,0,0,,
C,1648679340,0,0,,
C,1648679940,0,0,,
C,1648680540,0,0,,
C,1648681140,0,0,,
C,1648681740,0,0,,
C,1648682340,0,0,,
C,1648682940,0,0,,
C,1648683540,0,0,,
C,1648684140,0,0,,
C,1648684740,0,0,,
C,1648685340,0,0,,
C,1648685940,0,0,,
C,1648686540,0,0,,
C,1648687140,0,0,,
C,1648687740,0,0,,
C,1648688340,0,0,,
C,1648688940,0,0,,
C,1648689540,0,0,,
C,1648690140,0,0,,
C,1648690740,0,0,,
C,1648691340,0,0,,
C,1648691940,0,0,,
C,1648692540,0,0,,
C,1648693140,0,0,,
C,1648693740,0,0,,
C,1648694340,0,0,,
C,1648694940,0,0,,
C,1648695540,0,0,,
C,1648696200,0,60,,
C,1648696800,0,0,,
C,1648697400,0,0,,
C,1648698000,0,0,,
C,1648698600,0,0,,
C,1648699200,0,0,,
C,1648699800,0,0,,
C,1648700400,0,0,,
C,1648701000,0,0,,
C,1648701600,0,0,,
C,1648702200,0,0,,
C,1648702800,0,0,,
C,1648703400,0,0,,
C,1648704000,0,0,,
C,1648704600,0,0,,
C,1648705200,0,0,,
C,1648705800,0,0,,
C,1648706400,0,0,,
C,1648707000,0,0,,
C,1648707600,0,0,,
C,1648708200,0,0,,
C,1648708800,0,0,,
C,1648709400,0,0,,
C,1648710000,0,0,,
C,1648710600,0,0,,
C,1648711200,0,0,,
C,1648711800,0,0,,
C,1648712400,0,0,,
C,1648713000,0,0,,
C,1648713600,0,0,,
C,1648714200,0,0,,
C,1648714800,0,0,,
C,1648715400,0,0,,
C,1648716000,0,0,,
C,1648716600,0,0,,
C,1648717200,0,0,,
C,1648717800,0,0,,
C,1648718400,0,0,,
C,1648719000,0,0,,
C,1648719600,0,0,,
C,1648720200,0,0,,
C,1648720800,0,0,,
C,1648721400,0,0,,
C,1648722000,0,0,,
C,1648722600,0,0,,
C,1648723200,0,0,,
C,1648723860,0,60,,
C,1648724460,0,0,,
C,1648725060,0,0,,
C,1648725660,0,0,,
C,1648726260,0,0,,
C,1648726860,0,0,,
C,1648727460,0,0,,
C,1648728060,0,0,,
C,1648728660,0,0,,
C,1648729260,0,0,,
C,1648729860,0,0,,
C,1648730460,0,0,,
C,1648731060,0,0,,
C,1648731660,0,0,,
C,1648732260,0,0,,
C,1648732860,0,0,,
C,1648733460,0,0,,
C,1648734060,0,0,,
C,1648734660,0,0,,
C,1648735260,0,0,,
C,1648735860,0,0,,
C,1648736460,0,0,,
C,1648737060,0,0,,
C,1648737660,0,0,,
C,1648738320,0,60,,
C,1648738920,0,0,,
C,1648739520,0,0,,
C,1648740120,0,0,,
C,1648740720,0,0,,
C,1648741320,0,0,,
C,1648741920,0,0,,
C,1648742520,0,0,,
C,1648743120,0,0,,
C,1648743720,0,0,,
C,1648744320,0,0,,
C,1648744920,0,0,,
C,1648745520,0,0,,
C,1648746120,0,0,,
C,1648746720,0,0,,
C,1648747320,0,0,,
C,1648747920,0,0,,
C,1648748520,0,0,,
C,1648749120,0,0,,
C,1648749720,0,0,,
C,1648750320,0,0,,
C,1648750920,0,0,,
C,1648751520,0,0,,
C,1648752120,0,0,,
C,1648752720,0,0,,
C,1648753320,1,0,,
C,1648753920,0,0,,
C,1648754520,0,0,,
C,1648755120,0,0,,
C,1648755720,0,0,,
C,1648756380,0,60,,
C,1648756980,0,0,,
C,1648757580,0,0,,
C,1648758180,0,0,,
C,1648758780,0,0,,
C,1648759380,0,0,,
C,1648759980,0,0,,
C,1648760580,0,0,,
C,1648761180,0,0,,
C,1648761780,0,0,,
C,1648762380,0,0,,
C,1648762980,0,0,,
C,1648763580,0,0,,
C,1648764180,0,0,,
C,1648764780,0,0,,
C,1648765380,0,0,,
C,1648765980,0,0,,
C,1648766580,0,0,,
C,1648767180,0,0,,
C,1648767780,0,0,,
C,1648768380,0,0,,
C,1648768980,0,0,,
C,1648769580,0,0,,
C,1648770180,0,0,,
C,1648770780,0,0,,
C,1648771380,0,0,,
C,1648771980,0,0,,
C,1648772580,0,0,,
C,1648773180,0,0,,
C,1648773780,0,0,,
C,1648774380,0,0,,
C,1648774980,0,0,,
C,1648775580,0,0,,
C,1648776180,0,0,,
C,1648776780,0,0,,
C,1648777380,0,0,,
C,1648777980,0,0,,
C,1648778580,0,0,,
C,1648779180,0,0,,
C,1648779780,0,0,,
C,1648780380,0,0,,
C,1648780980,0,0,,
C,1648781580,0,0,,
C,1648782180,0,0,,
C,1648782840,0,60,,
C,1648783440,0,0,,
C,1648784040,0,0,,
C,1648784640,0,0,,
C,1648785240,0,0,,
C,1648785840,0,0,,
C,1648786440,0,0,,
C,1648787040,0,0,,
C,1648787640,0,0,,
C,1648788240,0,0,,
C,1648788840,0,0,,
C,1648789440,0,0,,
C,1648790040,0,0,,
C,1648790640,0,0,,
C,1648791240,0,0,,
C,1648791840,0,0,,
C,1648792440,0,0,,
C,1648793040,0,0,,
C,1648793640,0,0,,
C,1648794240,0,0,,
C,1648794840,0,0,,
C,1648795440,0,0,,
C,1648796040,0,0,,
C,1648796640,0,0,,
C,1648797240,0,0,,
C,1648797840,0,0,,
C,1648798440,0,0,,
C,1648799040,0,0,,
C,1648799640,0,0,,
C,1648800240,0,0,,
C,1648800840,0,0,,
C,1648801440,0,0,,
C,1648802040,0,0,,
C,1648802640,0,0,,
C,1648803240,0,0,,
C,1648803840,0,0,,
C,1648804500,0,60,,
C,1648805100,0,0,,
C,1648805700,0,0,,
C,1648806300,0,0,,
C,1648806900,0,0,,
C,1648807500,0,0,,
C,1648808100,0,0,,
C,1648808700,0,0,,
C,1648809300,0,0,,
C,1648809900,0,0,,
C,1648810500,0,0,,
C,1648811100,0,0,,
C,1648811700,0,0,,
C,1648812300,0,0,,
C,1648812900,0,0,,
C,1648813500,0,0,,
C,1648814100,0,0,,
C,1648814700,0,0,,
C,1648815300,0,0,,
C,1648815900,0,0,,
C,1648816500,0,0,,
C,1648817100,0,0,,
C,1648817700,0,0,,
C,1648818300,0,0,,
C,1648818900,0,0,,
C,1648819500,0,0,,
C,1648820100,0,0,,
C,1648820700,0,0,,
C,1648821300,0,0,,
C,1648821960,0,60,,
C,1648822560,0,0,,
C,1648823160,0,0,,
C,1648823760,0,0,,
C,1648824360,0,0,,
C,1648824960,0,0,,
C,1648825560,0,0,,
C,1648826160,0,0,,
C,1648826760,0,0,,
C,1648827360,0,0,,
C,1648827960,0,0,,
C,1648828560,0,0,,
C,1648829160,0,0,,
C,1648829760,0,0,,
C,1648830360,0,0,,
C,1648831020,0,60,,
C,1648831620,0,0,,
C,1648832220,0,0,,
C,1648832820,0,0,,
C,1648833420,0,0,,
C,1648834020,0,0,,
C,1648834620,0,0,,
C,1648835220,0,0,,
C,1648835820,0,0,,
C,1648836420,1,0,,
C,1648837020,1,0,,
C,1648837620,1,0,,
C,1648838220,1,0,,
C,1648838820,1,0,,
C,1648839420,1,0,,
C,1648840020,0,0,,
C,1648840620,0,0,,
C,1648841220,1,0,,
C,1648841820,1,0,,
C,1648842420,1,0,,
C,1648843020,1,0,,
C,1648843620,1,0,,
C,1648844220,1,0,,
C,1648844820,1,0,,
C,1648845420,1,0,,
C,1648846020,1,0,,
C,1648846620,1,0,,
C,1648847220,1,0,,
C,1648847820,1,0,,
C,1648848420,1,0,,
C,1648849020,1,0,,
C,1648849620,1,0,,
C,1648850220,1,0,,
C,1648850820,1,0,,
C,1648851420,1,0,,
C,1648852020,1,0,,
C,1648852620,1,0,,
C,1648853220,1,0,,
C,1648853820,1,0,,
C,1648854420,1,0,,
C,1648855020,0,0,,
C,1648855620,1,0,,
C,1648856220,0,0,,
C,1648856820,1,0,,
C,1648857420,0,0,,
C,1648858080,0,60,,
C,1648858680,0,0,,
C,1648859280,0,0,,
C,1648859880,0,0,,
C,1648860480,0,0,,
C,1648861080,0,0,,
C,1648861680,0,0,,
C,1648862280,0,0,,
C,1648862880,0,0,,
C,1648863480,0,0,,
C,1648864080,0,0,,
C,1648864680,0,0,,
C,1648865280,0,0,,
C,1648865880,0,0,,
C,1648866480,0,0,,
C,1648867080,0,0,,
C,1648867680,0,0,,
C,1648868280,0,0,,
C,1648868880,0,0,,
C,1648869480,0,0,,
C,1648870080,0,0,,
C,1648870680,0,0,,
C,1648871280,0,0,,
C,1648871880,0,0,,
C,1648872480,0,0,,
C,1648873080,0,0,,
C,1648873680,0,0,,
C,1648874280,0,0,,
C,1648874880,0,0,,
C,1648875480,0,0,,
C,1648876080,0,0,,
C,1648876680,1,0,,
C,1648877280,1,0,,
C,1648877880,0,0,,
C,1648878480,0,0,,
C,1648879080,0,0,,
C,1648879680,0,0,,
C,1648880280,0,0,,
C,1648880880,0,0,,
C,1648881480,0,0,,
C,1648882080,0,0,,
C,1648882680,0,0,,
C,1648883280,0,0,,
C,1648883940,0,60,,
C,1648884540,0,0,,
C,1648885140,0,0,,
C,1648885740,0,0,,
C,1648886340,0,0,,
C,1648886940,0,0,,
C,1648887540,0,0,,
C,1648888140,0,0,,
C,1648888740,0,0,,
C,1648889340,0,0,,
C,1648889940,0,0,,
C,1648890540,0,0,,
C,1648891140,0,0,,
C,1648891740,0,0,,
C,1648892340,0,0,,
C,1648892940,0,0,,
C,1648893540,0,0,,
C,1648894140,0,0,,
C,1648894740,0,0,,
C,1648895340,0,0,,
C,1648895940,0,0,,
C,1648900620,0,4080,,
C,1648901220,1,0,,
C,1648901820,1,0,,
C,1648902420,0,0,,
C,1648903020,0,0,,
C,1648903620,0,0,,
C,1648904220,0,0,,
C,1648904820,0,0,,
C,1648905420,0,0,,
C,1648906020,0,0,,
C,1648906620,0,0,,
C,1648907220,0,0,,
C,1648907820,0,0,,
C,1648908420,0,0,,
C,1648909020,0,0,,
C,1648909620,0,0,,
C,1648910220,0,0,,
C,1648910820,0,0,,
C,1648911420,0,0,,
C,1648912020,0,0,,
C,1648912620,0,0,,
C,1648913220,0,0,,
C,1648913820,0,0,,
C,1648914480,0,60,,
C,1648915080,0,0,,
C,1648915680,0,0,,
C,1648916280,0,0,,
C,1648916880,0,0,,
C,1648917480,1,0,,
C,1648918080,1,0,,
C,1648918680,1,0,,
C,1648919280,1,0,,
C,1648919880,1,0,,
C,1648920480,1,0,,
C,1648921080,1,0,,
C,1648921680,1,0,,
C,1648922280,1,0,,
C,1648922880,0,0,,
C,1648923480,0,0,,
C,1648924080,0,0,,
C,1648924680,0,0,,
C,1648925280,0,0,,
C,1648925880,0,0,,
C,1648926480,0,0,,
C,1648927080,1,0,,
C,1648927680,1,0,,
C,1648928280,1,0,,
C,1648928880,1,0,,
C,1648929480,1,0,,
C,1648930080,1,0,,
C,1648930680,1,0,,
C,1648931280,0,0,,
C,1648931880,1,0,,
C,1648932480,1,0,,
C,1648933080,1,0,,
C,1648933680,1,0,,
C,1648934280,1,0,,
C,1648934880,1,0,,
C,1648935480,1,0,,
C,1648936140,1,60,,
C,1648936740,1,0,,
C,1648937340,1,0,,
C,1648937940,1,0,,
C,1648938540,1,0,,
C,1648939140,1,0,,
C,1648939740,1,0,,
C,1648940340,1,0,,
C,1648940940,1,0,,
C,1648941540,1,0,,
C,1648942140,1,0,,
C,1648942740,1,0,,
C,1648943340,1,0,,
C,1648943940,1,0,,
C,1648944540,1,0,,
C,1648945140,1,0,,
C,1648945740,1,0,,
C,1648946340,1,0,,
C,1648946940,0,0,,
C,1648947540,1,0,,
C,1648948140,1,0,,
C,1648948740,1,0,,
C,1648949340,1,0,,
C,1648949940,0,0,,
C,1648950540,1,0,,
C,1648951140,1,0,,
C,1648951740,1,0,,
C,1648952340,1,0,,
C,1648952940,1,0,,
C,1648953540,1,0,,
C,1648954140,1,0,,
C,1648954740,1,0,,
C,1648955340,1,0,,
C,1648955940,1,0,,
C,1648956540,1,0,,
C,1648957140,0,0,,
C,1648957740,1,0,,
C,1648958340,1,0,,
C,1648958940,1,0,,
C,1648959540,1,0,,
C,1648960140,1,0,,
C,1648960740,1,0,,
C,1648961340,1,0,,
C,1648962000,1,60,,
C,1648962600,1,0,,
C,1648963200,1,0,,
C,1648963800,1,0,,
C,1648964400,0,0,,
C,1648965000,0,0,,
C,1648965600,0,0,,
C,1648966200,0,0,,
C,1648966800,0,0,,
C,1648967400,0,0,,
C,1648968000,0,0,,
C,1648968600,0,0,,
C,1648969200,0,0,,
C,1648969800,0,0,,
C,1648970400,0,0,,
C,1648971000,0,0,,
C,1648971600,0,0,,
C,1648972200,0,0,,
C,1648972800,0,0,,
C,1648973400,0,0,,
C,1648974000,0,0,,
C,1648974600,0,0,,
C,1648975200,0,0,,
C,1648975800,0,0,,
C,1648976400,0,0,,
C,1648977000,0,0,,
C,1648977600,0,0,,
C,1648978200,0,0,,
C,1648978800,0,0,,
C,1648979400,0,0,,
C,1648980000,0,0,,
C,1648980600,0,0,,
C,1648981200,0,0,,
C,1648981800,0,0,,
C,1648982400,0,0,,
C,1648983000,0,0,,
C,1648983600,0,0,,
C,1648984200,0,0,,
C,1648984800,0,0,,
C,1648985400,1,0,,
C,1648986000,0,0,,
C,1648986600,0,0,,
C,1648987200,1,0,,
C,1648987860,1,60,,
C,1648988460,0,0,,
C,1648989060,0,0,,
C,1648989660,1,0,,
C,1648990260,1,0,,
C,1648990860,1,0,,
C,1648991460,0,0,,
C,1648992060,0,0,,
C,1648992660,0,0,,
C,1648993260,0,0,,
C,1648993860,0,0,,
C,1648994460,0,0,,
C,1648995060,0,0,,
C,1648995660,0,0,,
C,1648996260,0,0,,
C,1648996860,0,0,,
C,1648997460,0,0,,
C,1648998060,0,0,,
C,1648998660,0,0,,
C,1648999260,0,0,,
C,1648999860,0,0,,
C,1649000460,0,0,,
C,1649001060,0,0,,
C,1649001660,1,0,,
C,1649002260,1,0,,
C,1649002860,1,0,,
C,1649003460,1,0,,
C,1649004060,1,0,,
C,1649004660,1,0,,
C,1649005260,1,0,,
C,1649005860,0,0,,
C,1649006460,0,0,,
C,1649007060,1,0,,
C,1649007660,0,0,,
C,1649008260,0,0,,
C,1649008860,1,0,,
C,1649009460,1,0,,
C,1649010060,1,0,,
C,1649010660,1,0,,
C,1649011260,1,0,,
C,1649011860,1,0,,
C,1649012460,1,0,,
C,1649013060,1,0,,
C,1649013720,1,60,,
C,1649014320,1,0,,
C,1649014920,1,0,,
C,1649015520,1,0,,
C,1649016120,1,0,,
C,1649016720,1,0,,
C,1649017320,1,0,,
C,1649017920,1,0,,
C,1649018520,1,0,,
C,1649019120,1,0,,
C,1649019720,0,0,,
C,1649020320,0,0,,
C,1649020920,0,0,,
C,1649021520,0,0,,
C,1649022120,0,0,,
C,1649022720,0,0,,
C,1649023320,0,0,,
C,1649023920,1,0,,
C,1649024520,0,0,,
C,1649025120,0,0,,
C,1649025720,0,0,,
C,1649026320,0,0,,
C,1649026920,0,0,,
C,1649027520,0,0,,
C,1649028120,0,0,,
C,1649028720,0,0,,
C,1649029320,0,0,,
C,1649029920,0,0,,
C,1649030520,0,0,,
C,1649031120,0,0,,
C,1649031720,0,0,,
C,1649032320,0,0,,
C,1649032920,0,0,,
C,1649033520,0,0,,
C,1649034120,0,0,,
C,1649034720,0,0,,
C,1649035320,0,0,,
C,1649035920,0,0,,
C,1649036520,0,0,,
C,1649037120,0,0,,
C,1649037720,0,0,,
C,1649038320,0,0,,
C,1649038920,0,0,,
C,1649039520,0,0,,
C,1649040180,0,60,,
C,1649040780,0,0,,
C,1649041380,0,0,,
C,1649041980,0,0,,
C,1649042580,0,0,,
C,1649043180,0,0,,
C,1649043780,0,0,,
C,1649044380,0,0,,
C,1649044980,0,0,,
C,1649045580,0,0,,
C,1649046180,0,0,,
C,1649046780,0,0,,
C,1649047380,0,0,,
C,1649047980,0,0,,
C,1649048580,0,0,,
C,1649049180,0,0,,
C,1649049780,0,0,,
C,1649050380,0,0,,
C,1649050980,1,0,,
C,1649051580,0,0,,
C,1649052180,0,0,,
C,1649052780,0,0,,
C,1649053380,0,0,,
C,1649053980,0,0,,
C,1649054580,0,0,,
C,1649055180,0,0,,
C,1649055780,0,0,,
C,1649056380,0,0,,
C,1649056980,0,0,,
C,1649057580,0,0,,
C,1649058180,0,0,,
C,1649058780,0,0,,
C,1649059380,0,0,,
C,1649059980,0,0,,
C,1649060580,0,0,,
C,1649061180,0,0,,
C,1649061780,0,0,,
C,1649062380,0,0,,
C,1649062980,0,0,,
C,1649063580,0,0,,
C,1649064180,0,0,,
C,1649064840,0,60,,
C,1649065440,0,0,,
C,1649066040,0,0,,
C,1649066640,0,0,,
C,1649067240,1,0,,
C,1649067840,1,0,,
C,1649068440,1,0,,
C,1649069040,1,0,,
C,1649069640,0,0,,
C,1649070240,0,0,,
C,1649070840,0,0,,
C,1649071440,0,0,,
C,1649072040,0,0,,
C,1649072640,0,0,,
C,1649073240,0,0,,
C,1649073840,0,0,,
C,1649074440,0,0,,
C,1649075040,0,0,,
C,1649075640,0,0,,
C,1649076240,0,0,,
C,1649076840,0,0,,
C,1649077440,0,0,,
C,1649078040,0,0,,
C,1649078640,0,0,,
C,1649079240,0,0,,
C,1649079840,0,0,,
C,1649080440,0,0,,
C,1649081040,0,0,,
C,1649081640,1,0,,
C,1649082240,1,0,,
C,1649082840,1,0,,
C,1649083440,0,0,,
C,1649084040,0,0,,
C,1649084640,0,0,,
C,1649085300,0,60,,
C,1649085900,1,0,,
C,1649086500,1,0,,
C,1649087100,0,0,,
C,1649087700,0,0,,
C,1649088300,0,0,,
C,1649088900,0,0,,
C,1649089500,0,0,,
C,1649090100,0,0,,
C,1649090700,0,0,,
C,1649091300,0,0,,
C,1649091900,0,0,,
C,1649092500,0,0,,
C,1649093100,0,0,,
C,1649093700,0,0,,
C,1649094300,0,0,,
C,1649094900,0,0,,
C,1649095500,0,0,,
C,1649096100,0,0,,
C,1649096700,0,0,,
C,1649097300,0,0,,
C,1649097900,0,0,,
C,1649098500,0,0,,
C,1649099100,0,0,,
C,1649099700,0,0,,
C,1649100300,0,0,,
C,1649100900,1,0,,
C,1649101500,1,0,,
C,1649102100,1,0,,
C,1649102700,0,0,,
C,1649103300,0,0,,
C,1649103900,0,0,,
C,1649104500,0,0,,
C,1649105100,0,0,,
C,1649105700,0,0,,
C,1649106300,0,0,,
C,1649106900,0,0,,
C,1649107500,0,0,,
C,1649108100,0,0,,
C,1649108700,0,0,,
C,1649109300,0,0,,
C,1649109900,0,0,,
C,1649110500,0,0,,
C,1649111100,0,0,,
C,1649111760,0,60,,
C,1649112360,0,0,,
C,1649112960,0,0,,
C,1649113560,0,0,,
C,1649114160,0,0,,
C,1649114760,0,0,,
C,1649115360,0,0,,
C,1649115960,0,0,,
C,1649116560,0,0,,
C,1649117160,0,0,,
C,1649117760,0,0,,
C,1649118360,0,0,,
C,1649118960,0,0,,
C,1649119560,0,0,,
C,1649120160,0,0,,
C,1649120760,0,0,,
C,1649121360,0,0,,
C,1649121960,0,0,,
C,1649122560,0,0,,
C,1649123160,0,0,,
C,1649123760,0,0,,
C,1649124360,0,0,,
C,1649124960,0,0,,
C,1649125560,0,0,,
C,1649126160,0,0,,
C,1649126760,0,0,,
C,1649127360,0,0,,
C,1649127960,0,0,,
C,1649128560,0,0,,
C,1649129160,0,0,,
C,1649129760,0,0,,
C,1649130360,0,0,,
C,1649130960,0,0,,
C,1649131560,0,0,,
C,1649132160,0,0,,
C,1649132760,0,0,,
C,1649133360,0,0,,
C,1649133960,0,0,,
C,1649134560,0,0,,
C,1649135160,0,0,,
C,1649135760,0,0,,
C,1649136360,0,0,,
C,1649136960,0,0,,
C,1649137620,0,60,,
C,1649138220,0,0,,
C,1649138820,0,0,,
C,1649139420,0,0,,
C,1649140020,0,0,,
C,1649140620,0,0,,
C,1649141220,0,0,,
C,1649141820,0,0,,
C,1649142420,0,0,,
C,1649143020,0,0,,
C,1649143620,0,0,,
C,1649144220,0,0,,
C,1649144820,0,0,,
C,1649145420,0,0,,
C,1649146020,0,0,,
C,1649146620,0,0,,
C,1649147220,0,0,,
C,1649147820,0,0,,
C,1649148420,0,0,,
C,1649149020,0,0,,
C,1649149620,0,0,,
C,1649150220,0,0,,
C,1649150820,0,0,,
C,1649151420,0,0,,
C,1649152020,0,0,,
C,1649152620,0,0,,
C,1649153220,0,0,,
C,1649153820,0,0,,
C,1649154420,0,0,,
C,1649155020,0,0,,
C,1649155620,0,0,,
C,1649156220,0,0,,
C,1649156820,0,0,,
C,1649157420,0,0,,
C,1649158020,0,0,,
C,1649158620,0,0,,
C,1649159220,0,0,,
C,1649159820,0,0,,
C,1649160420,0,0,,
C,1649161020,0,0,,
C,1649161620,0,0,,
C,1649162220,0,0,,
C,1649162820,0,0,,
C,1649163420,0,0,,
C,1649164020,0,0,,
C,1649164620,0,0,,
C,1649165280,0,60,,
C,1649165880,0,0,,
C,1649166480,0,0,,
C,1649167080,0,0,,
C,1649167680,0,0,,
C,1649168280,0,0,,
C,1649168880,0,0,,
C,1649169480,0,0,,
C,1649170080,0,0,,
C,1649170680,0,0,,
C,1649171280,0,0,,
C,1649171880,0,0,,
C,1649172480,0,0,,
C,1649173080,0,0,,
C,1649173680,0,0,,
C,1649174280,0,0,,
C,1649174880,0,0,,
C,1649175480,0,0,,
C,1649176080,0,0,,
C,1649176680,0,0,,
C,1649177280,0,0,,
C,1649177880,0,0,,
C,1649178480,0,0,,
C,1649179080,0,0,,
C,1649179680,0,0,,
C,1649180280,0,0,,
C,1649180880,0,0,,
C,1649181480,0,0,,
C,1649182080,0,0,,
C,1649182680,0,0,,
C,1649183280,0,0,,
C,1649183880,0,0,,
C,1649184480,0,0,,
C,1649185080,0,0,,
C,1649185680,0,0,,
C,1649186280,0,0,,
C,1649186880,0,0,,
C,1649187480,0,0,,
C,1649188080,0,0,,
C,1649188680,0,0,,
C,1649189280,0,0,,
C,1649189880,0,0,,
C,1649190480,0,0,,
C,1649191080,0,0,,
C,1649191680,0,0,,
C,1649192340,0,60,,
C,1649192940,0,0,,
C,1649193540,0,0,,
C,1649194140,0,0,,
C,1649194740,0,0,,
C,1649195340,0,0,,
C,1649195940,0,0,,
C,1649196540,0,0,,
C,1649197140,0,0,,
C,1649197740,0,0,,
C,1649198340,0,0,,
C,1649198940,0,0,,
C,1649199540,0,0,,
C,1649200140,0,0,,
C,1649200740,0,0,,
C,1649201340,0,0,,
C,1649201940,0,0,,
C,1649202540,0,0,,
C,1649203140,0,0,,
C,1649203740,0,0,,
C,1649204340,0,0,,
C,1649204940,0,0,,
C,1649205540,0,0,,
C,1649206140,0,0,,
C,1649206740,0,0,,
C,1649207340,0,0,,
C,1649207940,0,0,,
C,1649208540,0,0,,
C,1649209140,0,0,,
C,1649209740,0,0,,
C,1649210340,0,0,,
C,1649210940,0,0,,
C,1649211540,0,0,,
C,1649212140,0,0,,
C,1649212740,0,0,,
C,1649213340,0,0,,
C,1649213940,0,0,,
C,1649214540,0,0,,
C,1649215140,0,0,,
C,1649215740,0,0,,
C,1649216340,0,0,,
C,1649216940,0,0,,
C,1649217540,0,0,,
C,1649218140,0,0,,
C,1649218800,0,60,,
C,1649219400,0,0,,
C,1649220000,0,0,,
C,1649220600,0,0,,
C,1649221200,0,0,,
C,1649221800,0,0,,
C,1649222400,0,0,,
C,1649223000,0,0,,
C,1649223600,0,0,,
C,1649224200,0,0,,
C,1649224800,0,0,,
C,1649225400,0,0,,
C,1649226000,0,0,,
C,1649226600,0,0,,
C,1649227200,0,0,,
C,1649227800,0,0,,
C,1649228400,0,0,,
C,1649229000,0,0,,
C,1649229600,0,0,,
C,1649230200,0,0,,
C,1649230800,0,0,,
C,1649231400,0,0,,
C,1649232000,0,0,,
C,1649232600,0,0,,
C,1649233200,0,0,,
C,1649233800,0,0,,
C,1649234400,0,0,,
C,1649235000,0,0,,
C,1649235600,0,0,,
C,1649236200,0,0,,
C,1649236800,0,0,,
C,1649237400,0,0,,
C,1649238000,0,0,,
C,1649238600,0,0,,
C,1649239200,0,0,,
C,1649239800,0,0,,
C,1649240400,0,0,,
C,1649241000,0,0,,
C,1649241600,0,0,,
C,1649242200,0,0,,
C,1649242800,0,0,,
C,1649243400,0,0,,
C,1649244000,0,0,,
C,1649244600,0,0,,
C,1649245200,0,0,,
C,1649245860,0,60,,
C,1649246460,0,0,,
C,1649247060,0,0,,
C,1649247660,0,0,,
C,1649248260,0,0,,
C,1649248860,0,0,,
C,1649249460,0,0,,
C,1649250060,0,0,,
C,1649250660,0,0,,
C,1649251260,0,0,,
C,1649251860,0,0,,
C,1649252460,0,0,,
C,1649253060,0,0,,
C,1649253660,0,0,,
C,1649254260,0,0,,
C,1649254860,0,0,,
C,1649255460,0,0,,
C,1649256060,0,0,,
C,1649256660,0,0,,
C,1649257260,0,0,,
C,1649257860,0,0,,
C,1649258460,0,0,,
C,1649259060,0,0,,
C,1649259660,0,0,,
C,1649260260,0,0,,
C,1649260860,0,0,,
C,1649261460,0,0,,
C,1649262060,0,0,,
C,1649262660,0,0,,
C,1649263260,0,0,,
C,1649263860,0,0,,
C,1649264460,0,0,,
C,1649265060,0,0,,
C,1649265660,0,0,,
C,1649266260,0,0,,
C,1649266860,0,0,,
C,1649267460,0,0,,
C,1649268060,0,0,,
C,1649268660,0,0,,
C,1649269260,0,0,,
C,1649269860,0,0,,
C,1649270460,0,0,,
C,1649271060,0,0,,
C,1649271660,0,0,,
C,1649272260,0,0,,
C,1649272920,0,60,,
C,1649273520,0,0,,
C,1649274120,0,0,,
C,1649274720,0,0,,
C,1649275320,0,0,,
C,1649275920,0,0,,
C,1649276520,0,0,,
C,1649277120,0,0,,
C,1649277720,0,0,,
C,1649278320,0,0,,
C,1649278920,0,0,,
C,1649279520,0,0,,
C,1649280120,0,0,,
C,1649280720,0,0,,
C,1649281320,0,0,,
C,1649281920,0,0,,
C,1649282520,0,0,,
C,1649283120,0,0,,
C,1649283720,0,0,,
C,1649284320,0,0,,
C,1649284920,0,0,,
C,1649285520,0,0,,
C,1649286120,0,0,,
C,1649286720,0,0,,
C,1649287320,0,0,,
C,1649287920,0,0,,
C,1649288520,0,0,,
C,1649289120,0,0,,
C,1649289720,0,0,,
C,1649290320,0,0,,
C,1649290920,0,0,,
C,1649291520,0,0,,
C,1649292120,0,0,,
C,1649292720,0,0,,
C,1649293320,0,0,,
C,1649293920,0,0,,
C,1649294520,0,0,,
C,1649295120,0,0,,
C,1649295720,0,0,,
C,1649296320,0,0,,
C,1649296920,0,0,,
C,1649297520,0,0,,
C,1649298120,0,0,,
C,1649298720,0,0,,
C,1649299380,0,60,,
C,1649299980,0,0,,
C,1649300580,0,0,,
C,1649301180,0,0,,
C,1649301780,0,0,,
C,1649302380,0,0,,
C,1649302980,0,0,,
C,1649303580,0,0,,
C,1649304180,0,0,,
C,1649304780,0,0,,
C,1649305380,0,0,,
C,1649305980,0,0,,
C,1649306580,0,0,,
C,1649307180,0,0,,
C,1649307780,0,0,,
C,1649308380,0,0,,
C,1649308980,0,0,,
C,1649309580,0,0,,
C,1649310180,0,0,,
C,1649310780,0,0,,
C,1649311380,0,0,,
C,1649311980,0,0,,
C,1649312580,0,0,,
C,1649313180,0,0,,
C,1649313780,0,0,,
C,1649314380,0,0,,
C,1649314980,0,0,,
C,1649315580,0,0,,
C,1649316180,0,0,,
C,1649316780,0,0,,
C,1649317380,0,0,,
C,1649317980,0,0,,
C,1649318580,0,0,,
C,1649319180,0,0,,
C,1649319780,0,0,,
C,1649320380,0,0,,
C,1649320980,0,0,,
C,1649321580,0,0,,
C,1649322180,0,0,,
C,1649322780,0,0,,
C,1649323380,0,0,,
C,1649323980,0,0,,
C,1649324580,0,0,,
C,1649325240,0,60,,
C,1649325840,0,0,,
C,1649326440,0,0,,
C,1649327040,0,0,,
C,1649327640,0,0,,
C,1649328240,0,0,,
C,1649328840,0,0,,
C,1649329440,0,0,,
C,1649330040,0,0,,
C,1649330640,0,0,,
C,1649331240,1,0,,
C,1649331840,1,0,,
C,1649332440,1,0,,
C,1649333040,0,0,,
C,1649333640,0,0,,
C,1649334240,0,0,,
C,1649334840,0,0,,
C,1649335440,0,0,,
C,1649336040,0,0,,
C,1649336640,0,0,,
C,1649337240,0,0,,
C,1649337840,0,0,,
C,1649338440,0,0,,
C,1649339040,0,0,,
C,1649339640,0,0,,
C,1649340240,0,0,,
C,1649340840,0,0,,
C,1649341440,0,0,,
C,1649342040,0,0,,
C,1649342640,0,0,,
C,1649343240,0,0,,
C,1649343840,0,0,,
C,1649344440,0,0,,
C,1649345040,0,0,,
C,1649345640,0,0,,
C,1649346240,0,0,,
C,1649346840,0,0,,
C,1649347440,0,0,,
C,1649348040,0,0,,
C,1649348640,0,0,,
C,1649349240,0,0,,
C,1649349840,0,0,,
C,1649350440,0,0,,
C,1649351040,0,0,,
C,1649351640,0,0,,
C,1649352240,0,0,,
C,1649352840,0,0,,
C,1649353440,0,0,,
C,1649354100,0,60,,
C,1649354700,0,0,,
C,1649355300,0,0,,
C,1649355900,0,0,,
C,1649356500,0,0,,
C,1649357100,0,0,,
C,1649357700,0,0,,
C,1649358300,0,0,,
C,1649358900,0,0,,
C,1649359500,0,0,,
C,1649360100,0,0,,
C,1649360700,0,0,,
C,1649361300,0,0,,
C,1649361900,0,0,,
C,1649362500,0,0,,
C,1649363100,0,0,,
C,1649363700,0,0,,
C,1649364300,0,0,,
C,1649364900,0,0,,
C,1649365500,0,0,,
C,1649366100,0,0,,
C,1649366700,0,0,,
C,1649367300,0,0,,
C,1649367900,0,0,,
C,1649368500,0,0,,
C,1649369100,0,0,,
C,1649369700,0,0,,
C,1649370300,0,0,,
C,1649370900,0,0,,
C,1649371500,0,0,,
C,1649372100,0,0,,
C,1649372700,0,0,,
C,1649373300,0,0,,
C,1649373900,0,0,,
C,1649374500,0,0,,
C,1649375100,0,0,,
C,1649375700,0,0,,
C,1649376300,0,0,,
C,1649376900,0,0,,
C,1649377500,0,0,,
C,1649378100,0,0,,
C,1649378700,0,0,,
C,1649379300,0,0,,
C,1649379900,0,0,,
C,1649380560,0,60,,
C,1649381160,0,0,,
C,1649381760,0,0,,
C,1649382360,0,0,,
C,1649382960,0,0,,
C,1649383560,0,0,,
C,1649384160,0,0,,
C,1649384760,0,0,,
C,1649385360,0,0,,
C,1649385960,0,0,,
C,1649386560,0,0,,
C,1649387160,0,0,,
C,1649387760,0,0,,
C,1649388360,0,0,,
C,1649388960,0,0,,
C,1649389560,0,0,,
C,1649390160,0,0,,
C,1649390760,0,0,,
C,1649391360,0,0,,
C,1649391960,0,0,,
C,1649392560,0,0,,
C,1649393160,0,0,,
C,1649393760,0,0,,
C,1649394360,0,0,,
C,1649394960,0,0,,
C,1649395560,0,0,,
C,1649396160,0,0,,
C,1649396760,0,0,,
C,1649397360,0,0,,
C,1649397960,0,0,,
C,1649398560,0,0,,
C,1649399160,0,0,,
C,1649399760,0,0,,
C,1649400360,0,0,,
C,1649400960,0,0,,
C,1649401560,0,0,,
C,1649402160,0,0,,
C,1649402760,0,0,,
C,1649403360,0,0,,
C,1649403960,0,0,,
C,1649404560,0,0,,
C,1649405160,0,0,,
C,1649405760,0,0,,
C,1649406360,0,0,,
C,1649407020,0,60,,
C,1649407620,0,0,,
C,1649408220,0,0,,
C,1649408820,0,0,,
C,1649409420,0,0,,
C,1649410020,0,0,,
C,1649410620,0,0,,
C,1649411220,0,0,,
C,1649411820,0,0,,
C,1649412420,0,0,,
C,1649413020,0,0,,
C,1649413620,0,0,,
C,1649414220,0,0,,
C,1649414820,0,0,,
C,1649415420,0,0,,
C,1649416020,0,0,,
C,1649416620,0,0,,
C,1649417220,0,0,,
C,1649417820,0,0,,
C,1649418420,0,0,,
C,1649419020,0,0,,
C,1649419620,0,0,,
C,1649420220,0,0,,
C,1649420820,0,0,,
C,1649421420,0,0,,
C,1649422020,0,0,,
C,1649422620,0,0,,
C,1649423220,0,0,,
C,1649423820,0,0,,
C,1649424420,0,0,,
C,1649425020,0,0,,
C,1649425620,0,0,,
C,1649426220,0,0,,
C,1649426820,0,0,,
C,1649427420,0,0,,
C,1649428020,0,0,,
C,1649428620,0,0,,
C,1649429280,0,60,,
C,1649429880,0,0,,
C,1649430480,0,0,,
C,1649431080,0,0,,
C,1649431680,0,0,,
C,1649432280,0,0,,
C,1649432880,0,0,,
C,1649433480,0,0,,
C,1649434080,0,0,,
C,1649434680,0,0,,
C,1649435280,0,0,,
C,1649435880,0,0,,
C,1649436480,0,0,,
C,1649437080,0,0,,
C,1649437680,0,0,,
C,1649438280,0,0,,
C,1649438880,0,0,,
C,1649439540,0,60,,
C,1649440140,0,0,,
C,1649440740,0,0,,
C,1649441340,0,0,,
C,1649441940,0,0,,
C,1649442540,0,0,,
C,1649443140,0,0,,
C,1649443740,0,0,,
C,1649444340,0,0,,
C,1649444940,0,0,,
C,1649445540,0,0,,
C,1649446140,0,0,,
C,1649446740,0,0,,
C,1649447340,0,0,,
C,1649447940,0,0,,
C,1649448540,0,0,,
C,1649449140,0,0,,
C,1649449740,0,0,,
C,1649450340,0,0,,
C,1649450940,0,0,,
C,1649451540,0,0,,
C,1649452140,0,0,,
C,1649452740,0,0,,
C,1649453340,0,0,,
C,1649453940,0,0,,
C,1649454540,0,0,,
C,1649455140,0,0,,
C,1649455740,0,0,,
C,1649456340,0,0,,
C,1649456940,0,0,,
C,1649457540,0,0,,
C,1649458140,0,0,,
C,1649458740,0,0,,
C,1649459340,0,0,,
C,1649459940,0,0,,
C,1649460540,0,0,,
C,1649461140,0,0,,
C,1649461740,0,0,,
C,1649462340,0,0,,
C,1649462940,0,0,,
C,1649463540,0,0,,
C,1649464140,0,0,,
C,1649464740,0,0,,
C,1649465340,0,0,,
C,1649466000,0,60,,
C,1649466600,0,0,,
C,1649467200,0,0,,
C,1649467800,0,0,,
C,1649468400,0,0,,
C,1649469000,0,0,,
C,1649469600,0,0,,
C,1649470200,0,0,,
C,1649470800,0,0,,
C,1649471400,0,0,,
C,1649472000,0,0,,
C,1649472600,0,0,,
C,1649473200,0,0,,
C,1649473800,0,0,,
C,1649474400,0,0,,
C,1649475000,0,0,,
C,1649475600,0,0,,
C,1649476200,0,0,,
C,1649476800,0,0,,
C,1649477400,0,0,,
C,1649478000,0,0,,
C,1649478600,0,0,,
C,1649479200,0,0,,
C,1649479800,0,0,,
C,1649480400,0,0,,
C,1649481000,0,0,,
C,1649481600,0,0,,
C,1649482200,0,0,,
C,1649482800,0,0,,
C,1649483400,0,0,,
C,1649484000,0,0,,
C,1649484600,0,0,,
C,1649485200,0,0,,
C,1649485800,0,0,,
C,1649486400,0,0,,
C,1649487000,0,0,,
C,1649487600,0,0,,
C,1649488200,0,0,,
C,1649488800,0,0,,
C,1649489400,0,0,,
C,1649490000,0,0,,
C,1649490600,0,0,,
C,1649491200,0,0,,
C,1649491860,0,60,,
C,1649492460,0,0,,
C,1649493060,0,0,,
C,1649493660,0,0,,
C,1649494260,0,0,,
C,1649494860,0,0,,
C,1649495460,0,0,,
C,1649496060,0,0,,
C,1649496660,0,0,,
C,1649497260,0,0,,
C,1649497860,0,0,,
C,1649498460,0,0,,
C,1649499060,0,0,,
C,1649499660,0,0,,
C,1649500260,0,0,,
C,1649500860,0,0,,
C,1649501460,0,0,,
C,1649502060,0,0,,
C,1649502660,0,0,,
C,1649503260,0,0,,
C,1649503860,1,0,,
C,1649504460,1,0,,
C,1649505060,0,0,,
C,1649505660,0,0,,
C,1649506260,0,0,,
C,1649506860,0,0,,
C,1649507460,0,0,,
C,1649508060,0,0,,
C,1649508660,0,0,,
C,1649509260,0,0,,
C,1649509860,0,0,,
C,1649510460,0,0,,
C,1649511060,0,0,,
C,1649511660,0,0,,
C,1649512260,0,0,,
C,1649512860,0,0,,
C,1649513460,0,0,,
C,1649514060,0,0,,
C,1649514660,0,0,,
C,1649515260,0,0,,
C,1649515860,0,0,,
C,1649516460,0,0,,
C,1649517060,0,0,,
C,1649517660,0,0,,
C,1649518320,0,60,,
C,1649518920,0,0,,
C,1649519520,0,0,,
C,1649520120,0,0,,
C,1649520720,0,0,,
C,1649521320,0,0,,
C,1649521920,0,0,,
C,1649522520,0,0,,
C,1649523120,0,0,,
C,1649523720,0,0,,
C,1649524320,0,0,,
C,1649524920,0,0,,
C,1649525520,0,0,,
C,1649526120,0,0,,
C,1649526720,0,0,,
C,1649527320,0,0,,
C,1649527920,0,0,,
C,1649528520,0,0,,
C,1649529120,0,0,,
C,1649529720,0,0,,
C,1649530320,0,0,,
C,1649530920,0,0,,
C,1649531520,0,0,,
C,1649532120,1,0,,
C,1649532720,1,0,,
C,1649533320,0,0,,
C,1649533920,0,0,,
C,1649534520,0,0,,
C,1649535120,1,0,,
C,1649535720,1,0,,
C,1649536320,1,0,,
C,1649536920,1,0,,
C,1649537520,1,0,,
C,1649538120,1,0,,
C,1649538720,1,0,,
C,1649539320,1,0,,
C,1649539920,1,0,,
C,1649540520,1,0,,
C,1649541120,1,0,,
C,1649541720,1,0,,
C,1649542320,1,0,,
C,1649542920,1,0,,
C,1649543520,1,0,,
C,1649544180,1,60,,
C,1649544780,1,0,,
C,1649545380,1,0,,
C,1649545980,1,0,,
C,1649546580,0,0,,
C,1649547180,0,0,,
C,1649547780,0,0,,
C,1649548380,0,0,,
C,1649548980,0,0,,
C,1649549580,0,0,,
C,1649550180,0,0,,
C,1649550780,0,0,,
C,1649551380,0,0,,
C,1649551980,0,0,,
C,1649552580,0,0,,
C,1649553180,0,0,,
C,1649553780,0,0,,
C,1649554380,0,0,,
C,1649554980,0,0,,
C,1649555580,0,0,,
C,1649556180,0,0,,
C,1649556780,0,0,,
C,1649557380,0,0,,
C,1649557980,0,0,,
C,1649558580,0,0,,
C,1649559180,0,0,,
C,1649559780,0,0,,
C,1649560380,0,0,,
C,1649560980,0,0,,
C,1649561580,0,0,,
C,1649562180,0,0,,
C,1649562780,0,0,,
C,1649563380,0,0,,
C,1649563980,0,0,,
C,1649564580,0,0,,
C,1649565180,0,0,,
C,1649565780,0,0,,
C,1649566380,0,0,,
C,1649566980,0,0,,
C,1649567580,0,0,,
C,1649568180,1,0,,
C,1649568780,1,0,,
C,1649569380,0,0,,
C,1649569980,0,0,,
C,1649570640,0,60,,
C,1649571240,0,0,,
C,1649571840,0,0,,
C,1649572440,0,0,,
C,1649573040,0,0,,
C,1649573640,0,0,,
C,1649574240,0,0,,
C,1649574840,0,0,,
C,1649575440,0,0,,
C,1649576040,0,0,,
C,1649576640,0,0,,
C,1649577240,0,0,,
C,1649577840,0,0,,
C,1649578440,0,0,,
C,1649579040,0,0,,
C,1649579640,0,0,,
C,1649580240,0,0,,
C,1649580840,0,0,,
C,1649581440,0,0,,
C,1649582040,0,0,,
C,1649582640,0,0,,
C,1649583240,0,0,,
C,1649583840,0,0,,
C,1649584440,0,0,,
C,1649585040,0,0,,
C,1649585640,0,0,,
C,1649586240,0,0,,
C,1649586840,0,0,,
C,1649587440,0,0,,
C,1649588040,0,0,,
C,1649588640,0,0,,
C,1649589240,0,0,,
C,1649589840,0,0,,
C,1649590440,1,0,,
C,1649591040,1,0,,
C,1649591640,0,0,,
C,1649592240,0,0,,
C,1649592840,0,0,,
C,1649593440,0,0,,
C,1649594040,0,0,,
C,1649594640,0,0,,
C,1649595240,0,0,,
C,1649595900,0,60,,
C,1649596440,0,0,,
C,1649597100,0,60,,
C,1649597700,0,0,,
C,1649598300,0,0,,
C,1649598900,0,0,,
C,1649599500,0,0,,
C,1649600100,0,0,,
C,1649600700,0,0,,
C,1649601300,0,0,,
C,1649601900,0,0,,
C,1649602500,0,0,,
C,1649603100,0,0,,
C,1649603700,0,0,,
C,1649604300,0,0,,
C,1649604900,0,0,,
C,1649605500,0,0,,
C,1649606100,0,0,,
C,1649606700,0,0,,
C,1649607300,0,0,,
C,1649607900,0,0,,
C,1649608500,0,0,,
C,1649609100,0,0,,
C,1649609700,0,0,,
C,1649610300,0,0,,
C,1649610900,0,0,,
C,1649611500,0,0,,
C,1649612100,0,0,,
C,1649612700,0,0,,
C,1649613300,0,0,,
C,1649613900,0,0,,
C,1649614500,0,0,,
C,1649615100,0,0,,
C,1649615700,0,0,,
C,1649616300,0,0,,
C,1649616900,0,0,,
C,1649617500,0,0,,
C,1649618100,0,0,,
C,1649618700,0,0,,
C,1649619300,0,0,,
C,1649619900,0,0,,
C,1649620500,0,0,,
C,1649621100,0,0,,
C,1649621700,0,0,,
C,1649622300,0,0,,
C,1649622900,0,0,,
C,1649623560,0,60,,
C,1649624160,0,0,,
C,1649624760,0,0,,
C,1649625360,0,0,,
C,1649625960,0,0,,
C,1649626560,0,0,,
C,1649627160,0,0,,
C,1649627760,0,0,,
C,1649628360,0,0,,
C,1649628960,0,0,,
C,1649629560,0,0,,
C,1649630160,0,0,,
C,1649630760,0,0,,
C,1649631360,0,0,,
C,1649631960,0,0,,
C,1649632560,0,0,,
C,1649633160,0,0,,
C,1649633760,0,0,,
C,1649634360,0,0,,
C,1649634960,0,0,,
C,1649635560,0,0,,
C,1649636160,0,0,,
C,1649636760,0,0,,
C,1649637360,0,0,,
C,1649637960,0,0,,
C,1649638560,0,0,,
C,1649639160,0,0,,
C,1649639760,0,0,,
C,1649640360,0,0,,
C,1649640960,0,0,,
C,1649641560,0,0,,
C,1649642160,0,0,,
C,1649642760,0,0,,
C,1649643360,0,0,,
C,1649643960,0,0,,
C,1649644560,0,0,,
C,1649645220,0,60,,
C,1649645820,0,0,,
C,1649646420,0,0,,
C,1649647020,0,0,,
C,1649647620,0,0,,
C,1649648220,0,0,,
C,1649648820,0,0,,
C,1649649420,0,0,,
C,1649650020,0,0,,
C,1649650620,0,0,,
C,1649651220,0,0,,
C,1649651820,0,0,,
C,1649652420,0,0,,
C,1649653020,0,0,,
C,1649653620,0,0,,
C,1649654220,0,0,,
C,1649654820,0,0,,
C,1649655420,0,0,,
C,1649656020,0,0,,
C,1649656620,0,0,,
C,1649657220,0,0,,
C,1649657820,0,0,,
C,1649658420,0,0,,
C,1649659020,0,0,,
C,1649659620,0,0,,
C,1649660220,0,0,,
C,1649660820,0,0,,
C,1649661420,0,0,,
C,1649662020,0,0,,
C,1649662620,0,0,,
C,1649663220,0,0,,
C,1649663820,0,0,,
C,1649664420,0,0,,
C,1649665020,0,0,,
C,1649665620,0,0,,
C,1649666220,0,0,,
C,1649666820,0,0,,
C,1649667420,0,0,,
C,1649668020,0,0,,
C,1649668620,0,0,,
C,1649669220,0,0,,
C,1649669820,0,0,,
C,1649670420,0,0,,
C,1649671080,0,60,,
C,1649671680,0,0,,
C,1649672280,0,0,,
C,1649672880,0,0,,
C,1649673480,0,0,,
C,1649674080,0,0,,
C,1649674680,0,0,,
C,1649675280,0,0,,
C,1649675880,0,0,,
C,1649676480,0,0,,
C,1649677080,0,0,,
C,1649677680,0,0,,
C,1649678280,0,0,,
C,1649678880,0,0,,
C,1649679480,0,0,,
C,1649680080,0,0,,
C,1649680680,0,0,,
C,1649681280,0,0,,
C,1649681880,0,0,,
C,1649682480,0,0,,
C,1649683080,0,0,,
C,1649683680,0,0,,
C,1649684280,0,0,,
C,1649684880,0,0,,
C,1649685480,0,0,,
C,1649686080,0,0,,
C,1649686680,0,0,,
C,1649687280,0,0,,
C,1649687880,0,0,,
C,1649688480,0,0,,
C,1649689080,0,0,,
C,1649689680,0,0,,
C,1649690280,0,0,,
C,1649690880,0,0,,
C,1649691540,0,60,,
C,1649692080,0,0,,
C,1649692680,0,0,,
C,1649693280,0,0,,
C,1649693880,0,0,,
C,1649694540,0,60,,
C,1649695140,0,0,,
C,1649695740,0,0,,
C,1649696340,0,0,,
C,1649696940,0,0,,
C,1649697540,0,0,,
C,1649698140,0,0,,
C,1649698740,0,0,,
C,1649699340,0,0,,
C,1649699940,0,0,,
C,1649700540,0,0,,
C,1649701140,0,0,,
C,1649701740,0,0,,
C,1649702340,0,0,,
C,1649702940,0,0,,
C,1649703540,0,0,,
C,1649704140,0,0,,
C,1649704740,0,0,,
C,1649705340,0,0,,
C,1649705940,0,0,,
C,1649706540,0,0,,
C,1649707140,0,0,,
C,1649707740,0,0,,
C,1649708340,0,0,,
C,1649708940,1,0,,
C,1649709540,1,0,,
C,1649710140,1,0,,
C,1649710740,0,0,,
C,1649711340,1,0,,
C,1649711940,1,0,,
C,1649712540,1,0,,
C,1649713140,1,0,,
C,1649713740,1,0,,
C,1649714340,1,0,,
C,1649714940,1,0,,
C,1649715540,1,0,,
C,1649716140,1,0,,
C,1649716740,1,0,,
C,1649717340,1,0,,
C,1649717940,1,0,,
C,1649718540,1,0,,
C,1649719140,1,0,,
C,1649719740,0,0,,
C,1649720340,0,0,,
C,1649720940,0,0,,
C,1649721600,0,60,,
C,1649722200,0,0,,
C,1649722800,0,0,,
C,1649723400,0,0,,
C,1649724000,0,0,,
C,1649724600,0,0,,
C,1649725200,0,0,,
C,1649725800,0,0,,
C,1649726400,0,0,,
C,1649727000,0,0,,
C,1649727600,0,0,,
C,1649728200,0,0,,
C,1649728800,0,0,,
C,1649729400,0,0,,
C,1649730000,0,0,,
C,1649730600,0,0,,
C,1649731200,0,0,,
C,1649731800,0,0,,
C,1649732400,0,0,,
C,1649733000,0,0,,
C,1649733600,0,0,,
C,1649734200,0,0,,
C,1649734800,0,0,,
C,1649735400,0,0,,
C,1649736000,0,0,,
C,1649736600,0,0,,
C,1649737200,0,0,,
C,1649737800,0,0,,
C,1649738400,0,0,,
C,1649739000,0,0,,
C,1649739600,0,0,,
C,1649740200,0,0,,
C,1649740800,0,0,,
C,1649741400,0,0,,
C,1649742000,0,0,,
C,1649742600,0,0,,
C,1649743200,0,0,,
C,1649743800,0,0,,
C,1649744400,0,0,,
C,1649745000,0,0,,
C,1649745600,0,0,,
C,1649746200,0,0,,
C,1649746860,0,60,,
C,1649747460,0,0,,
C,1649748060,0,0,,
C,1649748660,0,0,,
C,1649749260,0,0,,
C,1649749860,0,0,,
C,1649750460,0,0,,
C,1649751060,0,0,,
C,1649751660,0,0,,
C,1649752260,0,0,,
C,1649752860,0,0,,
C,1649753460,0,0,,
C,1649754060,0,0,,
C,1649754660,0,0,,
C,1649755260,0,0,,
C,1649755860,0,0,,
C,1649756460,0,0,,
C,1649757060,0,0,,
C,1649757660,0,0,,
C,1649758260,0,0,,
C,1649758860,0,0,,
C,1649759460,0,0,,
C,1649760060,0,0,,
C,1649760660,0,0,,
C,1649761260,0,0,,
C,1649761860,0,0,,
C,1649762460,0,0,,
C,1649763060,0,0,,
C,1649763660,0,0,,
C,1649764260,0,0,,
C,1649764920,0,60,,
C,1649765520,0,0,,
C,1649766120,0,0,,
C,1649766720,0,0,,
C,1649767320,0,0,,
C,1649767920,0,0,,
C,1649768520,0,0,,
C,1649769120,0,0,,
C,1649769720,0,0,,
C,1649770320,0,0,,
C,1649770920,0,0,,
C,1649771520,0,0,,
C,1649772120,0,0,,
C,1649772720,0,0,,
C,1649773320,0,0,,
C,1649773920,0,0,,
C,1649774520,0,0,,
C,1649775120,0,0,,
C,1649775720,0,0,,
C,1649776320,0,0,,
C,1649776920,0,0,,
C,1649777520,0,0,,
C,1649778120,0,0,,
C,1649778720,0,0,,
C,1649779320,0,0,,
C,1649779920,0,0,,
C,1649780520,0,0,,
C,1649781120,0,0,,
C,1649781720,0,0,,
C,1649782320,0,0,,
C,1649782920,0,0,,
C,1649783520,0,0,,
C,1649784120,0,0,,
C,1649784720,0,0,,
C,1649785320,0,0,,
C,1649785920,0,0,,
C,1649786520,0,0,,
C,1649787120,0,0,,
C,1649787720,0,0,,
C,1649788320,0,0,,
C,1649788920,0,0,,
C,1649789520,0,0,,
C,1649790120,0,0,,
C,1649790720,0,0,,
C,1649791380,0,60,,
C,1649791980,0,0,,
C,1649792580,0,0,,
C,1649793180,0,0,,
C,1649793780,0,0,,
C,1649794380,0,0,,
C,1649794980,0,0,,
C,1649795580,0,0,,
C,1649796180,0,0,,
C,1649796780,0,0,,
C,1649797380,0,0,,
C,1649797980,0,0,,
C,1649798580,0,0,,
C,1649799180,0,0,,
C,1649799780,0,0,,
C,1649800380,0,0,,
C,1649800980,0,0,,
C,1649801580,0,0,,
C,1649802180,0,0,,
C,1649802780,0,0,,
C,1649803380,0,0,,
C,1649803980,0,0,,
C,1649804580,0,0,,
C,1649805180,0,0,,
C,1649805780,0,0,,
C,1649806380,0,0,,
C,1649806980,0,0,,
C,1649807580,0,0,,
C,1649808180,0,0,,
C,1649808780,0,0,,
C,1649809380,0,0,,
C,1649809980,0,0,,
C,1649810580,0,0,,
C,1649811180,0,0,,
C,1649811780,0,0,,
C,1649812380,0,0,,
C,1649812980,0,0,,
C,1649813580,0,0,,
C,1649814180,0,0,,
C,1649814780,0,0,,
C,1649815380,0,0,,
C,1649815980,0,0,,
C,1649816580,0,0,,
C,1649817180,0,0,,
C,1649817780,0,0,,
C,1649818440,0,60,,
C,1649819040,0,0,,
C,1649819640,0,0,,
C,1649820240,0,0,,
C,1649820840,0,0,,
C,1649821440,0,0,,
C,1649822040,0,0,,
C,1649822640,0,0,,
C,1649823240,0,0,,
C,1649823840,0,0,,
C,1649824440,0,0,,
C,1649825040,0,0,,
C,1649825640,0,0,,
C,1649826240,0,0,,
C,1649826840,0,0,,
C,1649827440,0,0,,
C,1649828040,0,0,,
C,1649828640,0,0,,
C,1649829240,0,0,,
C,1649829840,0,0,,
C,1649830440,0,0,,
C,1649831040,0,0,,
C,1649831640,0,0,,
C,1649832240,0,0,,
C,1649832840,0,0,,
C,1649833440,0,0,,
C,1649834040,0,0,,
C,1649834640,0,0,,
C,1649835240,0,0,,
C,1649835840,0,0,,
C,1649836440,0,0,,
C,1649837040,0,0,,
C,1649837640,0,0,,
C,1649838240,0,0,,
C,1649838840,0,0,,
C,1649839440,0,0,,
C,1649840100,0,60,,
C,1649840700,0,0,,
C,1649841300,0,0,,
C,1649841900,0,0,,
C,1649842500,0,0,,
C,1649843100,0,0,,
C,1649843700,0,0,,
C,1649844300,0,0,,
C,1649844900,0,0,,
C,1649845500,0,0,,
C,1649846100,0,0,,
C,1649846700,0,0,,
C,1649847300,0,0,,
C,1649847900,0,0,,
C,1649848500,0,0,,
C,1649849100,0,0,,
C,1649849700,0,0,,
C,1649850300,0,0,,
C,1649850900,0,0,,
C,1649851500,0,0,,
C,1649852100,0,0,,
C,1649852700,0,0,,
C,1649853300,0,0,,
C,1649853900,0,0,,
C,1649854500,0,0,,
C,1649855160,0,60,,
C,1649855760,0,0,,
C,1649856360,0,0,,
C,1649856960,0,0,,
C,1649857560,0,0,,
C,1649858160,0,0,,
C,1649858760,0,0,,
C,1649859360,0,0,,
C,1649859960,0,0,,
C,1649860560,0,0,,
C,1649861160,0,0,,
C,1649861760,0,0,,
C,1649862360,0,0,,
C,1649862960,0,0,,
C,1649863560,0,0,,
C,1649864220,0,60,,
C,1649864820,0,0,,
C,1649865420,0,0,,
C,1649866020,0,0,,
C,1649866620,0,0,,
C,1649867220,0,0,,
C,1649867820,0,0,,
C,1649868420,0,0,,
C,1649869080,0,60,,
C,1649869680,0,0,,
C,1649870280,0,0,,
C,1649870880,0,0,,
C,1649871480,0,0,,
C,1649872080,0,0,,
C,1649872680,0,0,,
C,1649873280,0,0,,
C,1649873880,0,0,,
C,1649874480,0,0,,
C,1649875080,0,0,,
C,1649875680,0,0,,
C,1649876280,0,0,,
C,1649876880,0,0,,
C,1649877480,0,0,,
C,1649878080,0,0,,
C,1649878680,0,0,,
C,1649879280,0,0,,
C,1649879940,1,60,,
C,1649880540,1,0,,
C,1649881140,1,0,,
C,1649881740,1,0,,
C,1649882340,1,0,,
C,1649882940,1,0,,
C,1649883540,1,0,,
C,1649884140,1,0,,
C,1649884740,1,0,,
C,1649885340,1,0,,
C,1649885940,1,0,,
C,1649886540,1,0,,
C,1649887140,0,0,,
C,1649887740,0,0,,
C,1649888340,1,0,,
C,1649888940,1,0,,
C,1649889540,1,0,,
C,1649890140,1,0,,
C,1649890740,1,0,,
C,1649891340,1,0,,
C,1649891940,0,0,,
C,1649892540,0,0,,
C,1649893140,0,0,,
C,1649893740,0,0,,
C,1649894340,0,0,,
C,1649894940,0,0,,
C,1649895540,0,0,,
C,1649896140,0,0,,
C,1649896740,0,0,,
C,1649897340,0,0,,
C,1649897940,0,0,,
C,1649898540,0,0,,
C,1649899140,0,0,,
C,1649899740,0,0,,
C,1649900340,0,0,,
C,1649900940,0,0,,
C,1649901540,0,0,,
C,1649902140,0,0,,
C,1649902740,0,0,,
C,1649903340,0,0,,
C,1649903940,0,0,,
C,1649904540,0,0,,
C,1649905140,0,0,,
C,1649905740,0,0,,
C,1649906340,0,0,,
C,1649906940,0,0,,
C,1649907600,0,60,,
C,1649908200,0,0,,
C,1649908800,0,0,,
C,1649909400,0,0,,
C,1649910000,0,0,,
C,1649910600,0,0,,
C,1649911200,0,0,,
C,1649911800,0,0,,
C,1649912400,0,0,,
C,1649913000,0,0,,
C,1649913600,0,0,,
C,1649914200,0,0,,
C,1649914800,0,0,,
C,1649915400,0,0,,
C,1649916000,0,0,,
C,1649916600,0,0,,
C,1649917200,0,0,,
C,1649917800,0,0,,
C,1649918400,0,0,,
C,1649919000,0,0,,
C,1649919600,0,0,,
C,1649920200,0,0,,
C,1649920800,0,0,,
C,1649921400,0,0,,
C,1649922000,0,0,,
C,1649922600,0,0,,
C,1649923200,0,0,,
C,1649923800,0,0,,
C,1649924400,0,0,,
C,1649925000,0,0,,
C,1649925600,0,0,,
C,1649926200,0,0,,
C,1649926800,0,0,,
C,1649927400,0,0,,
C,1649928000,0,0,,
C,1649928600,0,0,,
C,1649929200,0,0,,
C,1649929860,0,60,,
C,1649930460,0,0,,
C,1649931060,0,0,,
C,1649931660,0,0,,
C,1649932260,0,0,,
C,1649932860,0,0,,
C,1649933460,0,0,,
C,1649934060,0,0,,
C,1649934660,0,0,,
C,1649935260,0,0,,
C,1649935860,0,0,,
C,1649936460,0,0,,
C,1649937060,0,0,,
C,1649937660,0,0,,
C,1649938320,0,60,,
C,1649938920,0,0,,
C,1649939520,0,0,,
C,1649940120,0,0,,
C,1649940720,0,0,,
C,1649941320,0,0,,
C,1649941920,0,0,,
C,1649942520,0,0,,
C,1649943120,0,0,,
C,1649943720,0,0,,
C,1649944320,0,0,,
C,1649944920,0,0,,
C,1649945520,0,0,,
C,1649946120,0,0,,
C,1649946720,0,0,,
C,1649947320,0,0,,
C,1649947920,0,0,,
C,1649948520,0,0,,
C,1649949120,0,0,,
C,1649949720,0,0,,
C,1649950320,0,0,,
C,1649950920,0,0,,
C,1649951520,0,0,,
C,1649952120,0,0,,
C,1649952720,0,0,,
C,1649953320,0,0,,
C,1649953920,0,0,,
C,1649954640,0,120,,
C,1649955240,0,0,,
C,1649955840,0,0,,
C,1649956440,0,0,,
C,1649957040,0,0,,
C,1649957640,0,0,,
C,1649958240,0,0,,
C,1649958840,0,0,,
C,1649959440,0,0,,
C,1649960040,0,0,,
C,1649960640,0,0,,
C,1649961240,0,0,,
C,1649961840,0,0,,
C,1649962440,0,0,,
C,1649963040,0,0,,
C,1649963640,0,0,,
C,1649964240,0,0,,
C,1649964840,0,0,,
C,1649965500,0,60,,
C,1649966040,0,0,,
C,1649966640,0,0,,
C,1649967300,0,60,,
C,1649967900,0,0,,
C,1649968500,0,0,,
C,1649969100,0,0,,
C,1649969700,0,0,,
C,1649970300,0,0,,
C,1649970900,0,0,,
C,1649971500,0,0,,
C,1649972100,0,0,,
C,1649972700,0,0,,
C,1649973300,0,0,,
C,1649973900,0,0,,
C,1649974500,0,0,,
C,1649975100,0,0,,
C,1649975700,0,0,,
C,1649976300,0,0,,
C,1649976900,0,0,,
C,1649977500,0,0,,
C,1649978100,0,0,,
C,1649978700,0,0,,
C,1649979300,0,0,,
C,1649979900,0,0,,
C,1649980500,0,0,,
C,1649981100,0,0,,
C,1649981700,0,0,,
C,1649982300,0,0,,
C,1649982900,0,0,,
C,1649983500,0,0,,
C,1649984100,0,0,,
C,1649984700,0,0,,
C,1649985300,0,0,,
C,1649985900,0,0,,
C,1649986500,0,0,,
C,1649987100,0,0,,
C,1649987700,0,0,,
C,1649988300,0,0,,
C,1649988900,0,0,,
C,1649989500,0,0,,
C,1649990100,0,0,,
C,1649990700,0,0,,
C,1649991300,0,0,,
C,1649991900,0,0,,
C,1649992560,0,60,,
C,1649993160,0,0,,
C,1649993760,0,0,,
C,1649994360,0,0,,
C,1649994960,0,0,,
C,1649995560,0,0,,
C,1649996160,0,0,,
C,1649996760,0,0,,
C,1649997360,0,0,,
C,1649997960,0,0,,
C,1649998560,0,0,,
C,1649999160,0,0,,
C,1649999760,0,0,,
C,1650000360,0,0,,
C,1650000960,0,0,,
C,1650001560,0,0,,
C,1650002160,0,0,,
C,1650002760,0,0,,
C,1650003360,0,0,,
C,1650003960,0,0,,
C,1650004560,0,0,,
C,1650005160,0,0,,
C,1650005760,0,0,,
C,1650006360,0,0,,
C,1650006960,0,0,,
C,1650007560,0,0,,
C,1650008160,0,0,,
C,1650008760,0,0,,
C,1650009360,0,0,,
C,1650009960,0,0,,
C,1650010560,0,0,,
C,1650011160,0,0,,
C,1650011760,0,0,,
C,1650012360,0,0,,
C,1650012960,0,0,,
C,1650013560,0,0,,
C,1650014160,0,0,,
C,1650014760,0,0,,
C,1650015360,0,0,,
C,1650015960,0,0,,
C,1650016560,0,0,,
C,1650017160,0,0,,
C,1650017760,0,0,,
C,1650018360,0,0,,
C,1650019020,0,60,,
C,1650019620,0,0,,
C,1650020220,0,0,,
C,1650020820,0,0,,
C,1650021420,0,0,,
C,1650022020,0,0,,
C,1650022620,0,0,,
C,1650023220,1,0,,
C,1650023820,1,0,,
C,1650024420,1,0,,
C,1650025020,1,0,,
C,1650025620,1,0,,
C,1650026220,0,0,,
C,1650026820,0,0,,
C,1650027420,0,0,,
C,1650028020,0,0,,
C,1650028620,0,0,,
C,1650029220,0,0,,
C,1650029820,0,0,,
C,1650030420,0,0,,
C,1650031020,0,0,,
C,1650031620,0,0,,
C,1650032220,0,0,,
C,1650032820,0,0,,
C,1650033420,0,0,,
C,1650034020,0,0,,
C,1650034620,0,0,,
C,1650035220,0,0,,
C,1650035820,0,0,,
C,1650036420,0,0,,
C,1650037020,0,0,,
C,1650037620,0,0,,
C,1650038220,0,0,,
C,1650038820,0,0,,
C,1650039420,0,0,,
C,1650040020,0,0,,
C,1650040680,0,60,,
C,1650041280,0,0,,
C,1650041880,0,0,,
C,1650042480,0,0,,
C,1650043080,0,0,,
C,1650043680,0,0,,
C,1650044280,0,0,,
C,1650044880,0,0,,
C,1650045540,0,60,,
C,1650046140,0,0,,
C,1650046740,0,0,,
C,1650047340,0,0,,
C,1650047940,0,0,,
C,1650048540,0,0,,
C,1650049140,0,0,,
C,1650049740,0,0,,
C,1650050340,0,0,,
C,1650050940,1,0,,
C,1650051540,1,0,,
C,1650052140,1,0,,
C,1650052740,1,0,,
C,1650053340,0,0,,
C,1650053940,1,0,,
C,1650054540,1,0,,
C,1650055140,1,0,,
C,1650055740,1,0,,
C,1650056340,1,0,,
C,1650056940,1,0,,
C,1650057540,1,0,,
C,1650058140,0,0,,
C,1650058740,1,0,,
C,1650059340,0,0,,
C,1650059940,0,0,,
C,1650060540,0,0,,
C,1650061140,0,0,,
C,1650061740,0,0,,
C,1650062340,0,0,,
C,1650062940,0,0,,
C,1650063540,0,0,,
C,1650064140,0,0,,
C,1650064740,0,0,,
C,1650065340,0,0,,
C,1650065940,0,0,,
C,1650066540,0,0,,
C,1650067140,0,0,,
C,1650067740,0,0,,
C,1650068340,0,0,,
C,1650068940,0,0,,
C,1650069540,0,0,,
C,1650070140,0,0,,
C,1650070740,0,0,,
C,1650071340,0,0,,
C,1650072000,0,60,,
C,1650072600,0,0,,
C,1650073200,0,0,,
C,1650073800,0,0,,
C,1650074400,0,0,,
C,1650075000,0,0,,
C,1650075600,0,0,,
C,1650076200,0,0,,
C,1650076800,0,0,,
C,1650077400,0,0,,
C,1650078000,0,0,,
C,1650078600,0,0,,
C,1650079200,0,0,,
C,1650079800,0,0,,
C,1650080400,0,0,,
C,1650081000,0,0,,
C,1650081600,0,0,,
C,1650082200,0,0,,
C,1650082800,0,0,,
C,1650083400,0,0,,
C,1650084000,0,0,,
C,1650084600,0,0,,
C,1650085200,0,0,,
C,1650085800,0,0,,
C,1650086400,0,0,,
C,1650087000,0,0,,
C,1650087600,0,0,,
C,1650088200,0,0,,
C,1650088800,0,0,,
C,1650089400,0,0,,
C,1650090000,0,0,,
C,1650090600,0,0,,
C,1650091200,0,0,,
C,1650091800,0,0,,
C,1650092400,0,0,,
C,1650093000,0,0,,
C,1650093600,0,0,,
C,1650094200,0,0,,
C,1650094800,0,0,,
C,1650095400,0,0,,
C,1650096000,0,0,,
C,1650096600,0,0,,
C,1650097200,0,0,,
C,1650097860,0,60,,
C,1650098460,0,0,,
C,1650099060,0,0,,
C,1650099660,0,0,,
C,1650100260,0,0,,
C,1650100860,0,0,,
C,1650101460,0,0,,
C,1650102060,0,0,,
C,1650102660,0,0,,
C,1650103260,0,0,,
C,1650103860,0,0,,
C,1650104460,0,0,,
C,1650105060,0,0,,
C,1650105660,0,0,,
C,1650106260,0,0,,
C,1650106860,0,0,,
C,1650107460,0,0,,
C,1650108060,0,0,,
C,1650108660,0,0,,
C,1650109260,0,0,,
C,1650109860,1,0,,
C,1650110460,1,0,,
C,1650111060,1,0,,
C,1650111720,1,60,,
C,1650112320,1,0,,
C,1650112920,0,0,,
C,1650113520,0,0,,
C,1650114120,0,0,,
C,1650114720,0,0,,
C,1650115320,0,0,,
C,1650115920,0,0,,
C,1650116520,0,0,,
C,1650117120,0,0,,
C,1650117720,0,0,,
C,1650118320,0,0,,
C,1650118920,0,0,,
C,1650119520,0,0,,
C,1650120180,0,60,,
C,1650120780,0,0,,
C,1650121380,0,0,,
C,1650121980,0,0,,
C,1650122580,0,0,,
C,1650123180,0,0,,
C,1650123780,0,0,,
C,1650124380,0,0,,
C,1650124980,0,0,,
C,1650125580,0,0,,
C,1650126180,0,0,,
C,1650126780,0,0,,
C,1650127380,0,0,,
C,1650127980,0,0,,
C,1650128580,0,0,,
C,1650129180,0,0,,
C,1650129780,0,0,,
C,1650130380,0,0,,
C,1650130980,0,0,,
C,1650131580,0,0,,
C,1650132180,0,0,,
C,1650132780,0,0,,
C,1650133380,0,0,,
C,1650133980,0,0,,
C,1650134580,0,0,,
C,1650135180,0,0,,
C,1650135780,1,0,,
C,1650136380,1,0,,
C,1650136980,1,0,,
C,1650137580,1,0,,
C,1650138180,1,0,,
C,1650138780,1,0,,
C,1650139380,1,0,,
C,1650139980,0,0,,
C,1650140580,0,0,,
C,1650141180,0,0,,
C,1650141780,0,0,,
C,1650142440,0,60,,
C,1650143040,0,0,,
C,1650143640,0,0,,
C,1650144240,0,0,,
C,1650144840,0,0,,
C,1650145440,0,0,,
C,1650146040,0,0,,
C,1650146640,0,0,,
C,1650147240,0,0,,
C,1650147840,0,0,,
C,1650148440,0,0,,
C,1650149040,0,0,,
C,1650149640,0,0,,
C,1650150240,0,0,,
C,1650150840,0,0,,
C,1650151440,0,0,,
C,1650152040,0,0,,
C,1650152640,0,0,,
C,1650153240,0,0,,
C,1650153840,0,0,,
C,1650154440,0,0,,
C,1650155040,0,0,,
C,1650155640,0,0,,
C,1650156240,0,0,,
C,1650156840,0,0,,
C,1650157440,0,0,,
C,1650158040,0,0,,
C,1650158640,0,0,,
C,1650159240,0,0,,
C,1650159900,0,60,,
C,1650160500,0,0,,
C,1650161100,0,0,,
C,1650161700,0,0,,
C,1650162300,0,0,,
C,1650162900,0,0,,
C,1650163500,0,0,,
C,1650164100,0,0,,
C,1650164700,0,0,,
C,1650165300,1,0,,
C,1650165900,0,0,,
C,1650166500,0,0,,
C,1650167100,0,0,,
C,1650167700,0,0,,
C,1650168300,0,0,,
C,1650168900,0,0,,
C,1650169500,0,0,,
C,1650170100,0,0,,
C,1650170700,0,0,,
C,1650171300,0,0,,
C,1650171900,0,0,,
C,1650172500,0,0,,
C,1650173100,0,0,,
C,1650173700,0,0,,
C,1650174300,0,0,,
C,1650174900,0,0,,
C,1650175500,0,0,,
C,1650176100,0,0,,
C,1650176700,0,0,,
C,1650177300,0,0,,
C,1650177900,0,0,,
C,1650178500,0,0,,
C,1650179100,0,0,,
C,1650179700,0,0,,
C,1650180300,0,0,,
C,1650180900,0,0,,
C,1650181500,0,0,,
C,1650182100,0,0,,
C,1650182700,0,0,,
C,1650183300,0,0,,
C,1650183900,0,0,,
C,1650184500,0,0,,
C,1650185100,0,0,,
C,1650185700,0,0,,
C,1650186360,0,60,,
C,1650186960,0,0,,
C,1650187560,0,0,,
C,1650188160,0,0,,
C,1650188760,0,0,,
C,1650189360,0,0,,
C,1650189960,0,0,,
C,1650190560,0,0,,
C,1650191160,0,0,,
C,1650191760,0,0,,
C,1650192360,0,0,,
C,1650192960,0,0,,
C,1650193560,0,0,,
C,1650194160,0,0,,
C,1650194760,0,0,,
C,1650195360,0,0,,
C,1650195960,0,0,,
C,1650196560,1,0,,
C,1650197160,1,0,,
C,1650197760,1,0,,
C,1650198360,1,0,,
C,1650198960,0,0,,
C,1650199560,0,0,,
C,1650200160,0,0,,
C,1650200760,0,0,,
C,1650201360,0,0,,
C,1650201960,0,0,,
C,1650202560,0,0,,
C,1650203160,0,0,,
C,1650203820,0,60,,
C,1650204420,0,0,,
C,1650205020,0,0,,
C,1650205620,0,0,,
C,1650206220,0,0,,
C,1650206820,0,0,,
C,1650207420,0,0,,
C,1650208020,0,0,,
C,1650208620,0,0,,
C,1650209220,0,0,,
C,1650209820,0,0,,
C,1650210420,0,0,,
C,1650211020,0,0,,
C,1650211620,0,0,,
C,1650212220,0,0,,
C,1650212820,0,0,,
C,1650213420,0,0,,
C,1650214020,0,0,,
C,1650214620,0,0,,
C,1650215220,0,0,,
C,1650215820,0,0,,
C,1650216420,0,0,,
C,1650217020,0,0,,
C,1650217620,0,0,,
C,1650218220,0,0,,
C,1650218820,0,0,,
C,1650219420,0,0,,
C,1650220020,0,0,,
C,1650220620,0,0,,
C,1650221220,0,0,,
C,1650221820,0,0,,
C,1650222420,0,0,,
C,1650223020,0,0,,
C,1650223620,0,0,,
C,1650224220,0,0,,
C,1650224820,0,0,,
C,1650225420,0,0,,
C,1650226080,0,60,,
C,1650226680,0,0,,
C,1650227280,0,0,,
C,1650227880,0,0,,
C,1650228480,0,0,,
C,1650229080,0,0,,
C,1650229680,0,0,,
C,1650230280,0,0,,
C,1650230880,0,0,,
C,1650231480,0,0,,
C,1650232080,0,0,,
C,1650232680,0,0,,
C,1650233280,1,0,,
C,1650233880,1,0,,
C,1650234480,1,0,,
C,1650235080,1,0,,
C,1650235680,1,0,,
C,1650236280,1,0,,
C,1650236880,1,0,,
C,1650237480,1,0,,
C,1650238080,1,0,,
C,1650238680,1,0,,
C,1650239280,0,0,,
C,1650239880,0,0,,
C,1650240480,0,0,,
C,1650241080,0,0,,
C,1650241680,0,0,,
C,1650242280,0,0,,
C,1650242880,0,0,,
C,1650243480,0,0,,
C,1650244080,0,0,,
C,1650244680,0,0,,
C,1650245280,0,0,,
C,1650245880,0,0,,
C,1650246480,0,0,,
C,1650247080,0,0,,
C,1650247680,0,0,,
C,1650248280,0,0,,
C,1650248880,0,0,,
C,1650249480,0,0,,
C,1650250080,0,0,,
C,1650250680,0,0,,
C,1650251280,0,0,,
C,1650251940,0,60,,
C,1650252540,0,0,,
C,1650253140,0,0,,
C,1650253740,0,0,,
C,1650254340,0,0,,
C,1650254940,0,0,,
C,1650255540,0,0,,
C,1650256140,0,0,,
C,1650256740,0,0,,
C,1650257340,0,0,,
C,1650257940,0,0,,
C,1650258540,0,0,,
C,1650259140,0,0,,
C,1650259740,0,0,,
C,1650260340,0,0,,
C,1650260940,0,0,,
C,1650261540,0,0,,
C,1650262140,0,0,,
C,1650262740,0,0,,
C,1650263340,0,0,,
C,1650263940,0,0,,
C,1650264540,0,0,,
C,1650265140,0,0,,
C,1650265740,0,0,,
C,1650266340,0,0,,
C,1650266940,0,0,,
C,1650267540,0,0,,
C,1650268140,0,0,,
C,1650268740,0,0,,
C,1650269340,0,0,,
C,1650269940,0,0,,
C,1650270540,0,0,,
C,1650271140,0,0,,
C,1650271740,0,0,,
C,1650272340,0,0,,
C,1650272940,0,0,,
C,1650273540,0,0,,
C,1650274200,0,60,,
C,1650274800,0,0,,
C,1650275400,0,0,,
C,1650276000,0,0,,
C,1650276600,0,0,,
C,1650277200,0,0,,
C,1650277800,0,0,,
C,1650278400,0,0,,
C,1650279000,0,0,,
C,1650279600,0,0,,
C,1650280200,0,0,,
C,1650280800,0,0,,
C,1650281400,0,0,,
C,1650282000,0,0,,
C,1650282600,0,0,,
C,1650283200,0,0,,
C,1650283800,0,0,,
C,1650284400,0,0,,
C,1650285000,0,0,,
C,1650285600,0,0,,
C,1650286200,0,0,,
C,1650286800,0,0,,
C,1650287400,0,0,,
C,1650288000,0,0,,
C,1650288600,0,0,,
C,1650289200,0,0,,
C,1650289800,0,0,,
C,1650290400,0,0,,
C,1650291000,0,0,,
C,1650291600,0,0,,
C,1650292200,0,0,,
C,1650292800,0,0,,
C,1650293400,0,0,,
C,1650294000,0,0,,
C,1650294600,0,0,,
C,1650295200,0,0,,
C,1650295800,0,0,,
C,1650296460,0,60,,
C,1650297060,0,0,,
C,1650297660,0,0,,
C,1650298260,0,0,,
C,1650298860,0,0,,
C,1650299460,0,0,,
C,1650300060,0,0,,
C,1650300660,0,0,,
C,1650301260,0,0,,
C,1650301860,0,0,,
C,1650302460,0,0,,
C,1650303060,0,0,,
C,1650303660,0,0,,
C,1650304260,0,0,,
C,1650304860,0,0,,
C,1650305460,0,0,,
C,1650306060,0,0,,
C,1650306660,0,0,,
C,1650307260,0,0,,
C,1650307860,0,0,,
C,1650308460,0,0,,
C,1650309060,0,0,,
C,1650309660,0,0,,
C,1650310260,0,0,,
C,1650310860,0,0,,
C,1650311460,0,0,,
C,1650312060,0,0,,
C,1650312660,0,0,,
C,1650313260,0,0,,
C,1650313860,0,0,,
C,1650314460,0,0,,
C,1650315060,0,0,,
C,1650315660,0,0,,
C,1650316260,0,0,,
C,1650316860,0,0,,
C,1650317460,0,0,,
C,1650318060,0,0,,
C,1650318660,0,0,,
C,1650319260,0,0,,
C,1650319920,0,60,,
C,1650320520,0,0,,
C,1650321120,0,0,,
C,1650321720,0,0,,
C,1650322320,0,0,,
C,1650322920,0,0,,
C,1650323520,0,0,,
C,1650324120,0,0,,
C,1650324720,0,0,,
C,1650325320,0,0,,
C,1650325920,0,0,,
C,1650326520,0,0,,
C,1650327120,0,0,,
C,1650327720,0,0,,
C,1650328320,0,0,,
C,1650328920,0,0,,
C,1650329520,0,0,,
C,1650330120,0,0,,
C,1650330720,0,0,,
C,1650331320,0,0,,
C,1650331920,0,0,,
C,1650332520,0,0,,
C,1650333120,0,0,,
C,1650333720,0,0,,
C,1650334320,0,0,,
C,1650334920,0,0,,
C,1650335520,0,0,,
C,1650336120,0,0,,
C,1650336720,0,0,,
C,1650337320,0,0,,
C,1650337920,0,0,,
C,1650338520,0,0,,
C,1650339120,0,0,,
C,1650339720,0,0,,
C,1650340380,0,60,,
C,1650340980,0,0,,
C,1650341580,0,0,,
C,1650342180,0,0,,
C,1650342780,0,0,,
C,1650343380,0,0,,
C,1650343980,0,0,,
C,1650344580,0,0,,
C,1650345180,0,0,,
C,1650345780,0,0,,
C,1650346380,0,0,,
C,1650346980,0,0,,
C,1650347580,0,0,,
C,1650348180,0,0,,
C,1650348780,0,0,,
C,1650349380,0,0,,
C,1650349980,0,0,,
C,1650350580,0,0,,
C,1650351180,0,0,,
C,1650351780,0,0,,
C,1650352380,0,0,,
C,1650352980,0,0,,
C,1650353580,0,0,,
C,1650354180,0,0,,
C,1650354780,0,0,,
C,1650355380,0,0,,
C,1650355980,0,0,,
C,1650356580,0,0,,
C,1650357180,0,0,,
C,1650357840,0,60,,
C,1650358440,0,0,,
C,1650359040,0,0,,
C,1650359640,0,0,,
C,1650360240,0,0,,
C,1650360840,0,0,,
C,1650361440,0,0,,
C,1650362040,0,0,,
C,1650362640,0,0,,
C,1650363240,0,0,,
C,1650363840,0,0,,
C,1650364440,0,0,,
C,1650365040,0,0,,
C,1650365640,0,0,,
C,1650366240,0,0,,
C,1650366840,0,0,,
C,1650367440,0,0,,
C,1650368040,0,0,,
C,1650368640,0,0,,
C,1650369240,0,0,,
C,1650369840,0,0,,
C,1650370440,0,0,,
C,1650371040,0,0,,
C,1650371640,0,0,,
C,1650372240,0,0,,
C,1650372840,0,0,,
C,1650373440,0,0,,
C,1650374040,0,0,,
C,1650374640,0,0,,
C,1650375240,0,0,,
C,1650375840,0,0,,
C,1650376440,0,0,,
C,1650377040,0,0,,
C,1650377640,0,0,,
C,1650378240,0,0,,
C,1650378840,0,0,,
C,1650379440,0,0,,
C,1650380100,0,60,,
C,1650380700,0,0,,
C,1650381300,0,0,,
C,1650381900,0,0,,
C,1650382500,0,0,,
C,1650383100,0,0,,
C,1650383700,0,0,,
C,1650384300,0,0,,
C,1650384900,0,0,,
C,1650385500,0,0,,
C,1650386100,0,0,,
C,1650386700,0,0,,
C,1650449580,0,62280,,
C,1650450180,0,0,,
C,1650450780,0,0,,
C,1650451380,0,0,,
C,1650451980,0,0,,
C,1650452580,0,0,,
C,1650453180,0,0,,
C,1650453780,0,0,,
C,1650454380,0,0,,
C,1650454980,0,0,,
C,1650455580,0,0,,
C,1650456180,0,0,,
C,1650456780,1,0,,
C,1650457380,1,0,,
C,1650457980,1,0,,
C,1650458580,0,0,,
C,1650459180,0,0,,
C,1650459780,0,0,,
C,1650460380,0,0,,
C,1650460980,0,0,,
C,1650461640,0,60,,
C,1650462240,0,0,,
C,1650462840,0,0,,
C,1650463440,0,0,,
C,1650464040,0,0,,
C,1650464640,0,0,,
C,1650465240,0,0,,
C,1650465840,0,0,,
C,1650466440,0,0,,
C,1650467040,0,0,,
C,1650467640,0,0,,
C,1650468240,0,0,,
C,1650468840,0,0,,
C,1650469440,0,0,,
C,1650470040,0,0,,
C,1650470640,0,0,,
C,1650471240,0,0,,
C,1650471840,0,0,,
C,1650472440,0,0,,
C,1650473040,0,0,,
C,1650473640,0,0,,
C,1650474240,0,0,,
C,1650474840,0,0,,
C,1650475440,0,0,,
C,1650476040,0,0,,
C,1650476640,0,0,,
C,1650477240,0,0,,
C,1650477840,0,0,,
C,1650478440,0,0,,
C,1650479040,0,0,,
C,1650479640,0,0,,
C,1650480300,0,60,,
C,1650480900,0,0,,
C,1650481500,0,0,,
C,1650482100,0,0,,
C,1650482700,0,0,,
C,1650483300,0,0,,
C,1650483900,0,0,,
C,1650484500,0,0,,
C,1650485100,0,0,,
C,1650485700,0,0,,
C,1650486300,0,0,,
C,1650486900,0,0,,
C,1650487500,0,0,,
C,1650488100,0,0,,
C,1650488700,0,0,,
C,1650489300,0,0,,
C,1650489900,0,0,,
C,1650490500,0,0,,
C,1650491100,0,0,,
C,1650491700,0,0,,
C,1650492300,0,0,,
C,1650492900,0,0,,
C,1650493500,0,0,,
C,1650494100,0,0,,
C,1650494700,0,0,,
C,1650495300,0,0,,
C,1650495900,0,0,,
C,1650496500,0,0,,
C,1650497100,0,0,,
C,1650497700,0,0,,
C,1650498300,0,0,,
C,1650498900,0,0,,
C,1650499500,0,0,,
C,1650500100,0,0,,
C,1650500700,0,0,,
C,1650501300,0,0,,
C,1650501900,0,0,,
C,1650502500,0,0,,
C,1650503100,0,0,,
C,1650503700,0,0,,
C,1650504300,0,0,,
C,1650504900,0,0,,
C,1650505560,0,60,,
C,1650506160,0,0,,
C,1650506760,0,0,,
C,1650507360,0,0,,
C,1650507960,0,0,,
C,1650508560,0,0,,
C,1650509160,0,0,,
C,1650509760,0,0,,
C,1650510360,0,0,,
C,1650510960,0,0,,
C,1650511560,0,0,,
C,1650512160,0,0,,
C,1650512760,0,0,,
C,1650513360,0,0,,
C,1650513960,0,0,,
C,1650514560,0,0,,
C,1650515160,0,0,,
C,1650515760,0,0,,
C,1650516360,0,0,,
C,1650516960,0,0,,
C,1650517560,0,0,,
C,1650518160,0,0,,
C,1650518760,0,0,,
C,1650519360,0,0,,
C,1650519960,0,0,,
C,1650520560,0,0,,
C,1650521160,0,0,,
C,1650521760,0,0,,
C,1650522360,0,0,,
C,1650522960,0,0,,
C,1650523560,0,0,,
C,1650524160,0,0,,
C,1650524760,0,0,,
C,1650525360,0,0,,
C,1650525960,0,0,,
C,1650526560,0,0,,
C,1650527160,0,0,,
C,1650527760,0,0,,
C,1650528360,0,0,,
C,1650528960,0,0,,
C,1650529560,0,0,,
C,1650530160,0,0,,
C,1650530760,0,0,,
C,1650531420,0,60,,
C,1650532020,0,0,,
C,1650532620,0,0,,
C,1650533220,0,0,,
C,1650533820,0,0,,
C,1650534420,0,0,,
C,1650535020,0,0,,
C,1650535620,0,0,,
C,1650536220,0,0,,
C,1650536820,0,0,,
C,1650537420,0,0,,
C,1650538020,0,0,,
C,1650538620,0,0,,
C,1650539220,0,0,,
C,1650539820,0,0,,
C,1650540420,0,0,,
C,1650541020,0,0,,
C,1650541620,0,0,,
C,1650542220,0,0,,
C,1650542820,0,0,,
C,1650543420,0,0,,
C,1650544020,1,0,,
C,1650544620,1,0,,
C,1650545280,0,60,,
C,1650545880,0,0,,
C,1650546480,0,0,,
C,1650547080,0,0,,
C,1650547680,0,0,,
C,1650548280,0,0,,
C,1650548880,0,0,,
C,1650549480,0,0,,
C,1650550080,0,0,,
C,1650550680,0,0,,
C,1650551280,0,0,,
C,1650551880,0,0,,
C,1650552480,0,0,,
C,1650553080,0,0,,
C,1650553680,0,0,,
C,1650554280,0,0,,
C,1650554880,0,0,,
C,1650555480,0,0,,
C,1650556080,0,0,,
C,1650556680,0,0,,
C,1650557280,0,0,,
C,1650557880,0,0,,
C,1650558480,0,0,,
C,1650559080,0,0,,
C,1650559680,0,0,,
C,1650560280,0,0,,
C,1650560880,0,0,,
C,1650561480,0,0,,
C,1650562080,0,0,,
C,1650562680,0,0,,
C,1650563280,0,0,,
C,1650563880,0,0,,
C,1650564480,0,0,,
C,1650565080,0,0,,
C,1650565680,0,0,,
C,1650566280,0,0,,
C,1650566880,0,0,,
C,1650567480,0,0,,
C,1650568080,0,0,,
C,1650568680,0,0,,
C,1650569280,0,0,,
C,1650569880,0,0,,
C,1650570480,0,0,,
C,1650571080,0,0,,
C,1650571680,0,0,,
C,1650572340,0,60,,
C,1650572940,0,0,,
C,1650573540,0,0,,
C,1650574140,0,0,,
C,1650574740,0,0,,
C,1650575340,0,0,,
C,1650575940,0,0,,
C,1650576540,0,0,,
C,1650577140,0,0,,
C,1650577740,0,0,,
C,1650578340,0,0,,
C,1650578940,0,0,,
C,1650579540,0,0,,
C,1650580140,0,0,,
C,1650580740,0,0,,
C,1650581340,0,0,,
C,1650581940,0,0,,
C,1650582540,0,0,,
C,1650583140,0,0,,
C,1650583740,0,0,,
C,1650584340,0,0,,
C,1650584940,0,0,,
C,1650585540,0,0,,
C,1650586140,0,0,,
C,1650586740,0,0,,
C,1650587340,0,0,,
C,1650587940,0,0,,
C,1650588540,0,0,,
C,1650589140,0,0,,
C,1650589740,0,0,,
C,1650590340,0,0,,
C,1650590940,0,0,,
C,1650591540,0,0,,
C,1650592140,0,0,,
C,1650592740,0,0,,
C,1650593340,0,0,,
C,1650593940,0,0,,
C,1650594540,0,0,,
C,1650595140,0,0,,
C,1650595740,0,0,,
C,1650596340,0,0,,
C,1650596940,0,0,,
C,1650597540,0,0,,
C,1650598200,0,60,,
C,1650598800,0,0,,
C,1650599400,0,0,,
C,1650600000,0,0,,
C,1650600600,0,0,,
C,1650601200,0,0,,
C,1650601800,0,0,,
C,1650602400,0,0,,
C,1650603000,0,0,,
C,1650603600,0,0,,
C,1650604200,0,0,,
C,1650604800,0,0,,
C,1650605400,0,0,,
C,1650606000,0,0,,
C,1650606600,0,0,,
C,1650607200,0,0,,
C,1650607800,0,0,,
C,1650608400,0,0,,
C,1650609000,0,0,,
C,1650609600,0,0,,
C,1650610200,0,0,,
C,1650610800,0,0,,
C,1650611400,0,0,,
C,1650612000,0,0,,
C,1650612600,0,0,,
C,1650613200,0,0,,
C,1650613800,0,0,,
C,1650614400,0,0,,
C,1650615000,0,0,,
C,1650615600,0,0,,
C,1650616200,0,0,,
C,1650616800,0,0,,
C,1650617400,0,0,,
C,1650618000,0,0,,
C,1650618600,0,0,,
C,1650619200,0,0,,
C,1650619800,0,0,,
C,1650620400,0,0,,
C,1650621000,0,0,,
C,1650621600,0,0,,
C,1650622200,0,0,,
C,1650622800,0,0,,
C,1650623400,0,0,,
C,1650624060,0,60,,
C,1650624660,0,0,,
C,1650625260,0,0,,
C,1650625860,0,0,,
C,1650626460,1,0,,
C,1650627060,1,0,,
C,1650627660,0,0,,
C,1650628260,0,0,,
C,1650628860,0,0,,
C,1650629460,1,0,,
C,1650630060,0,0,,
C,1650630660,0,0,,
C,1650631260,0,0,,
C,1650631860,0,0,,
C,1650632460,0,0,,
C,1650633060,0,0,,
C,1650633660,0,0,,
C,1650634260,0,0,,
C,1650634860,1,0,,
C,1650635460,0,0,,
C,1650636060,0,0,,
C,1650636660,0,0,,
C,1650637260,0,0,,
C,1650637860,0,0,,
C,1650638460,0,0,,
C,1650639060,0,0,,
C,1650639660,0,0,,
C,1650640260,0,0,,
C,1650640860,0,0,,
C,1650641460,0,0,,
C,1650642060,0,0,,
C,1650642660,0,0,,
C,1650643260,0,0,,
C,1650643860,0,0,,
C,1650644460,0,0,,
C,1650645060,0,0,,
C,1650645660,0,0,,
C,1650646260,0,0,,
C,1650646860,0,0,,
C,1650647460,0,0,,
C,1650648060,0,0,,
C,1650648660,0,0,,
C,1650649260,0,0,,
C,1650649860,0,0,,
C,1650650460,0,0,,
C,1650651120,0,60,,
C,1650651720,0,0,,
C,1650652320,0,0,,
C,1650652920,0,0,,
C,1650653520,0,0,,
C,1650654120,0,0,,
C,1650654720,0,0,,
C,1650655320,0,0,,
C,1650655920,0,0,,
C,1650656520,0,0,,
C,1650657120,0,0,,
C,1650657720,0,0,,
C,1650658320,0,0,,
C,1650658920,0,0,,
C,1650659520,0,0,,
C,1650660120,0,0,,
C,1650660720,0,0,,
C,1650661320,0,0,,
C,1650661920,0,0,,
C,1650662520,0,0,,
C,1650663120,0,0,,
C,1650663720,0,0,,
C,1650664320,0,0,,
C,1650664920,0,0,,
C,1650665520,0,0,,
C,1650666120,0,0,,
C,1650666720,0,0,,
C,1650667320,0,0,,
C,1650667920,0,0,,
C,1650668520,0,0,,
C,1650669120,0,0,,
C,1650669720,0,0,,
C,1650670320,0,0,,
C,1650670920,0,0,,
C,1650671520,0,0,,
C,1650672120,0,0,,
C,1650672720,0,0,,
C,1650673380,0,60,,
C,1650673980,0,0,,
C,1650674580,0,0,,
C,1650675180,0,0,,
C,1650675780,0,0,,
C,1650676380,0,0,,
C,1650676980,0,0,,
C,1650677580,0,0,,
C,1650678180,0,0,,
C,1650678780,0,0,,
C,1650679380,0,0,,
C,1650679980,0,0,,
C,1650680580,0,0,,
C,1650681180,0,0,,
C,1650681780,0,0,,
C,1650682380,0,0,,
C,1650682980,0,0,,
C,1650683580,0,0,,
C,1650684180,0,0,,
C,1650684780,0,0,,
C,1650685380,0,0,,
C,1650685980,0,0,,
C,1650686580,0,0,,
C,1650687180,0,0,,
C,1650687780,0,0,,
C,1650688380,0,0,,
C,1650688980,0,0,,
C,1650689580,0,0,,
C,1650690180,0,0,,
C,1650690780,0,0,,
C,1650691380,0,0,,
C,1650691980,0,0,,
C,1650692580,0,0,,
C,1650693180,0,0,,
C,1650693780,0,0,,
C,1650694380,0,0,,
C,1650694980,0,0,,
C,1650695580,0,0,,
C,1650696180,0,0,,
C,1650696780,0,0,,
C,1650697380,0,0,,
C,1650698040,0,60,,
C,1650698640,0,0,,
C,1650699240,0,0,,
C,1650699840,0,0,,
C,1650700440,0,0,,
C,1650701040,0,0,,
C,1650701640,0,0,,
C,1650702240,0,0,,
C,1650702840,0,0,,
C,1650703440,0,0,,
C,1650704040,0,0,,
C,1650704640,0,0,,
C,1650705240,0,0,,
C,1650705840,0,0,,
C,1650706440,0,0,,
C,1650707040,0,0,,
C,1650707640,0,0,,
C,1650708240,0,0,,
C,1650708840,0,0,,
C,1650709440,0,0,,
C,1650710040,0,0,,
C,1650710640,0,0,,
C,1650711240,0,0,,
C,1650711840,0,0,,
C,1650712440,0,0,,
C,1650713040,0,0,,
C,1650717240,0,3600,,
C,1650717840,0,0,,
C,1650718440,0,0,,
C,1650719040,0,0,,
C,1650719640,0,0,,
C,1650720240,0,0,,
C,1650720840,0,0,,
C,1650721440,0,0,,
C,1650722040,0,0,,
C,1650722640,0,0,,
C,1650723240,0,0,,
C,1650723840,0,0,,
C,1650724440,0,0,,
C,1650725040,0,0,,
C,1650725640,0,0,,
C,1650726240,0,0,,
C,1650726840,0,0,,
C,1650727440,0,0,,
C,1650728040,0,0,,
C,1650728640,0,0,,
C,1650729240,0,0,,
C,1650729840,0,0,,
C,1650730440,0,0,,
C,1650731040,0,0,,
C,1650731640,0,0,,
C,1650732240,0,0,,
C,1650732840,0,0,,
C,1650733500,0,60,,
C,1650734100,0,0,,
C,1650734700,0,0,,
C,1650735300,0,0,,
C,1650735900,0,0,,
C,1650736500,0,0,,
C,1650737100,0,0,,
C,1650737700,0,0,,
C,1650738300,0,0,,
C,1650738900,0,0,,
C,1650739500,0,0,,
C,1650740100,0,0,,
C,1650740700,0,0,,
C,1650741300,0,0,,
C,1650741900,0,0,,
C,1650742500,0,0,,
C,1650743100,0,0,,
C,1650743700,0,0,,
C,1650744300,0,0,,
C,1650744900,0,0,,
C,1650745500,0,0,,
C,1650746100,0,0,,
C,1650746700,0,0,,
C,1650747300,0,0,,
C,1650747900,0,0,,
C,1650748500,0,0,,
C,1650749100,0,0,,
C,1650749700,0,0,,
C,1650750300,0,0,,
C,1650750900,0,0,,
C,1650751500,0,0,,
C,1650752100,0,0,,
C,1650752700,0,0,,
C,1650753300,0,0,,
C,1650753900,0,0,,
C,1650754500,0,0,,
C,1650755100,0,0,,
C,1650755700,0,0,,
C,1650756300,0,0,,
C,1650756900,0,0,,
C,1650757500,0,0,,
C,1650758160,0,60,,
C,1650758760,0,0,,
C,1650759360,0,0,,
C,1650759960,0,0,,
C,1650760560,0,0,,
C,1650761160,0,0,,
C,1650761760,0,0,,
C,1650762360,0,0,,
C,1650762960,0,0,,
C,1650763560,0,0,,
C,1650764160,0,0,,
C,1650764760,0,0,,
C,1650765360,0,0,,
C,1650765960,0,0,,
C,1650766560,0,0,,
C,1650767160,0,0,,
C,1650767760,0,0,,
C,1650768360,0,0,,
C,1650768960,0,0,,
C,1650769560,0,0,,
C,1650770160,0,0,,
C,1650770760,0,0,,
C,1650771360,0,0,,
C,1650771960,0,0,,
C,1650772560,0,0,,
C,1650773160,0,0,,
C,1650773760,0,0,,
C,1650774360,0,0,,
C,1650774960,0,0,,
C,1650775560,0,0,,
C,1650776160,0,0,,
C,1650776760,0,0,,
C,1650777360,0,0,,
C,1650777960,0,0,,
C,1650778560,0,0,,
C,1650779220,0,60,,
C,1650779820,0,0,,
C,1650780420,0,0,,
C,1650781020,0,0,,
C,1650781620,0,0,,
C,1650782220,0,0,,
C,1650782820,0,0,,
C,1650783420,0,0,,
C,1650784020,0,0,,
C,1650784620,0,0,,
C,1650785220,0,0,,
C,1650785820,0,0,,
C,1650786420,0,0,,
C,1650787020,0,0,,
C,1650787620,0,0,,
C,1650788220,0,0,,
C,1650788820,0,0,,
C,1650789420,0,0,,
C,1650790020,0,0,,
C,1650790620,0,0,,
C,1650791220,0,0,,
C,1650791820,0,0,,
C,1650792420,0,0,,
C,1650793020,0,0,,
C,1650793620,0,0,,
C,1650794220,0,0,,
C,1650794820,0,0,,
C,1650795420,0,0,,
C,1650796020,0,0,,
C,1650796620,0,0,,
C,1650797220,0,0,,
C,1650797820,0,0,,
C,1650798420,0,0,,
C,1650799020,0,0,,
C,1650799620,0,0,,
C,1650800220,0,0,,
C,1650800820,0,0,,
C,1650801420,0,0,,
C,1650802020,0,0,,
C,1650802620,0,0,,
C,1650803220,0,0,,
C,1650803820,0,0,,
C,1650804420,1,0,,
C,1650805080,1,60,,
C,1650805680,0,0,,
C,1650806280,1,0,,
C,1650806880,0,0,,
C,1650807480,0,0,,
C,1650808080,0,0,,
C,1650808680,0,0,,
C,1650809280,0,0,,
C,1650809880,0,0,,
C,1650814020,0,3540,,
C,1650814620,0,0,,
C,1650815220,0,0,,
C,1650815820,0,0,,
C,1650816420,0,0,,
C,1650817020,0,0,,
C,1650817620,0,0,,
C,1650818220,0,0,,
C,1650818820,0,0,,
C,1650819420,0,0,,
C,1650820020,0,0,,
C,1650820620,0,0,,
C,1650821220,0,0,,
C,1650821820,0,0,,
C,1650822480,0,60,,
C,1650823080,0,0,,
C,1650823680,0,0,,
C,1650824280,0,0,,
C,1650824880,0,0,,
C,1650825480,0,0,,
C,1650826080,0,0,,
C,1650826680,0,0,,
C,1650827280,0,0,,
C,1650827880,0,0,,
C,1650828480,0,0,,
C,1650829080,0,0,,
C,1650829680,0,0,,
C,1650830280,0,0,,
C,1650830880,0,0,,
C,1650831480,0,0,,
C,1650832080,0,0,,
C,1650832680,0,0,,
C,1650833280,0,0,,
C,1650833880,0,0,,
C,1650834480,0,0,,
C,1650835080,0,0,,
C,1650835680,0,0,,
C,1650836280,0,0,,
C,1650836880,0,0,,
C,1650837480,0,0,,
C,1650838080,0,0,,
C,1650838680,0,0,,
C,1650839280,0,0,,
C,1650839880,0,0,,
C,1650840480,0,0,,
C,1650841080,0,0,,
C,1650841680,0,0,,
C,1650842280,0,0,,
C,1650842880,0,0,,
C,1650843480,0,0,,
C,1650844080,0,0,,
C,1650844680,0,0,,
C,1650845280,0,0,,
C,1650845880,0,0,,
C,1650846480,0,0,,
C,1650847080,0,0,,
C,1650847680,0,0,,
C,1650848340,0,60,,
C,1650848940,0,0,,
C,1650849540,0,0,,
C,1650850140,0,0,,
C,1650850740,0,0,,
C,1650851340,0,0,,
C,1650851940,0,0,,
C,1650852540,0,0,,
C,1650853140,0,0,,
C,1650853740,0,0,,
C,1650854340,0,0,,
C,1650854940,0,0,,
C,1650855540,0,0,,
C,1650856140,0,0,,
C,1650856740,0,0,,
C,1650857340,0,0,,
C,1650857940,0,0,,
C,1650858540,0,0,,
C,1650859140,0,0,,
C,1650859740,0,0,,
C,1650860340,0,0,,
C,1650860940,0,0,,
C,1650861540,0,0,,
C,1650862140,0,0,,
C,1650862740,0,0,,
C,1650863340,0,0,,
C,1650863940,0,0,,
C,1650864540,0,0,,
C,1650865140,0,0,,
C,1650865740,0,0,,
C,1650866340,0,0,,
C,1650866940,0,0,,
C,1650867540,0,0,,
C,1650868140,0,0,,
C,1650868740,0,0,,
C,1650869340,0,0,,
C,1650869940,0,0,,
C,1650870540,0,0,,
C,1650871140,0,0,,
C,1650871740,0,0,,
C,1650872340,0,0,,
C,1650872940,0,0,,
C,1650873540,0,0,,
C,1650874200,0,60,,
C,1650874800,0,0,,
C,1650875400,0,0,,
C,1650876000,0,0,,
C,1650876600,0,0,,
C,1650877200,0,0,,
C,1650877800,0,0,,
C,1650878400,0,0,,
C,1650879000,0,0,,
C,1650879660,0,60,,
C,1650880260,0,0,,
C,1650880860,0,0,,
C,1650881460,0,0,,
C,1650882060,0,0,,
C,1650882660,0,0,,
C,1650883260,0,0,,
C,1650883860,0,0,,
C,1650884460,0,0,,
C,1650885060,0,0,,
C,1650885660,0,0,,
C,1650886260,0,0,,
C,1650886860,0,0,,
C,1650887460,0,0,,
C,1650888060,0,0,,
C,1650888660,0,0,,
C,1650889260,0,0,,
C,1650889920,1,60,,
C,1650890520,1,0,,
C,1650891120,1,0,,
C,1650891720,1,0,,
C,1650892320,0,0,,
C,1650892920,0,0,,
C,1650893520,0,0,,
C,1650894120,0,0,,
C,1650894720,0,0,,
C,1650895380,0,60,,
C,1650895980,0,0,,
C,1650896580,0,0,,
C,1650897180,0,0,,
C,1650897780,0,0,,
C,1650898500,0,120,,
C,1650899160,0,60,,
C,1650900240,0,480,,
C,1650900840,0,0,,
C,1650901440,0,0,,
C,1650902040,0,0,,
C,1650902640,0,0,,
C,1650903240,0,0,,
C,1650903840,0,0,,
C,1650904440,0,0,,
C,1650905100,0,60,,
C,1650905700,0,0,,
C,1650906300,0,0,,
C,1650906900,0,0,,
C,1650907500,0,0,,
C,1650908100,0,0,,
C,1650908700,0,0,,
C,1650909300,0,0,,
C,1650909900,0,0,,
C,1650910500,0,0,,
C,1650911100,0,0,,
C,1650911700,0,0,,
C,1650912300,0,0,,
C,1650912900,0,0,,
C,1650913500,0,0,,
C,1650914100,0,0,,
C,1650914700,0,0,,
C,1650915300,0,0,,
C,1650915960,0,60,,
C,1650916560,0,0,,
C,1650917160,0,0,,
C,1650917760,0,0,,
C,1650918360,0,0,,
C,1650918960,0,0,,
C,1650919560,0,0,,
C,1650920160,0,0,,
C,1650920760,0,0,,
C,1650921360,1,0,,
C,1650921960,0,0,,
C,1650922560,0,0,,
C,1650923160,0,0,,
C,1650923760,0,0,,
C,1650924360,0,0,,
C,1650924960,0,0,,
C,1650925560,0,0,,
C,1650926160,0,0,,
C,1650926760,0,0,,
C,1650927360,0,0,,
C,1650927960,0,0,,
C,1650928560,0,0,,
C,1650929160,0,0,,
C,1650929760,0,0,,
C,1650930360,0,0,,
C,1650930960,0,0,,
C,1650931560,0,0,,
C,1650932160,0,0,,
C,1650932760,0,0,,
C,1650933360,0,0,,
C,1650933960,0,0,,
C,1650934560,0,0,,
C,1650935160,0,0,,
C,1650935760,0,0,,
C,1650936360,0,0,,
C,1650936960,0,0,,
C,1650937560,0,0,,
C,1650938160,0,0,,
C,1650938760,0,0,,
C,1650939360,0,0,,
C,1650939960,0,0,,
C,1650940560,0,0,,
C,1650941160,0,0,,
C,1650941820,0,60,,
C,1650942420,0,0,,
C,1650943020,0,0,,
C,1650943620,0,0,,
C,1650944220,0,0,,
C,1650944820,0,0,,
C,1650945420,0,0,,
C,1650946020,0,0,,
C,1650946620,0,0,,
C,1650947220,0,0,,
C,1650947820,0,0,,
C,1650948420,0,0,,
C,1650949020,0,0,,
C,1650949620,0,0,,
C,1650950220,0,0,,
C,1650950820,0,0,,
C,1650951420,0,0,,
C,1650952020,0,0,,
C,1650952620,0,0,,
C,1650953220,0,0,,
C,1650953820,0,0,,
C,1650954420,0,0,,
C,1650955020,0,0,,
C,1650955620,0,0,,
C,1650956220,0,0,,
C,1650956820,0,0,,
C,1650957420,0,0,,
C,1650958020,0,0,,
C,1650958620,0,0,,
C,1650959220,0,0,,
C,1650959820,0,0,,
C,1650960420,0,0,,
C,1650961020,0,0,,
C,1650961620,0,0,,
C,1650962220,0,0,,
C,1650962820,0,0,,
C,1650963480,0,60,,
C,1650964080,0,0,,
C,1650964680,0,0,,
C,1650965280,0,0,,
C,1650965880,0,0,,
C,1650966480,0,0,,
C,1650967080,0,0,,
C,1650967680,0,0,,
C,1650968280,0,0,,
C,1650968880,0,0,,
C,1650969480,0,0,,
C,1650970080,0,0,,
C,1650970680,0,0,,
C,1650971280,0,0,,
C,1650971880,0,0,,
C,1650972480,0,0,,
C,1650973080,0,0,,
C,1650973680,0,0,,
C,1650974280,0,0,,
C,1650974880,0,0,,
C,1650975480,0,0,,
C,1650976080,1,0,,
C,1650976680,1,0,,
C,1650977280,1,0,,
C,1650977880,1,0,,
C,1650978540,1,60,,
C,1650979140,0,0,,
C,1650979740,0,0,,
C,1650980340,0,0,,
C,1650980940,0,0,,
C,1650981540,0,0,,
C,1650982140,0,0,,
C,1650982740,0,0,,
C,1650983340,0,0,,
C,1650984000,0,60,,
C,1650984600,0,0,,
C,1650985200,0,0,,
C,1650985800,0,0,,
C,1650986400,0,0,,
C,1650987000,0,0,,
C,1650987600,0,0,,
C,1650988200,0,0,,
C,1650988860,0,60,,
C,1650989460,0,0,,
C,1650990060,0,0,,
C,1650990660,0,0,,
C,1650991260,0,0,,
C,1650991860,0,0,,
C,1650992460,0,0,,
C,1650993060,0,0,,
C,1650993660,0,0,,
C,1650994260,0,0,,
C,1650994860,0,0,,
C,1650995460,0,0,,
C,1650996060,0,0,,
C,1650996660,0,0,,
C,1650997260,0,0,,
C,1650997860,0,0,,
C,1650998460,0,0,,
C,1650999060,0,0,,
C,1650999660,0,0,,
C,1651000260,0,0,,
C,1651000860,0,0,,
C,1651001460,0,0,,
C,1651002060,0,0,,
C,1651002660,0,0,,
C,1651003260,0,0,,
C,1651003860,0,0,,
C,1651004460,0,0,,
C,1651005060,0,0,,
C,1651005660,0,0,,
C,1651006260,0,0,,
C,1651006860,0,0,,
C,1651007460,0,0,,
C,1651008120,0,60,,
C,1651008720,0,0,,
C,1651009320,0,0,,
C,1651009920,0,0,,
C,1651010520,0,0,,
C,1651011120,0,0,,
C,1651011720,0,0,,
C,1651012320,0,0,,
C,1651012920,0,0,,
C,1651013520,0,0,,
C,1651014120,0,0,,
C,1651014720,0,0,,
C,1651015320,0,0,,
C,1651015920,0,0,,
C,1651016520,0,0,,
C,1651017120,0,0,,
C,1651017720,0,0,,
C,1651018320,0,0,,
C,1651018920,0,0,,
C,1651019520,0,0,,
C,1651020120,0,0,,
C,1651020720,0,0,,
C,1651021320,0,0,,
C,1651021920,0,0,,
C,1651022520,0,0,,
C,1651023120,0,0,,
C,1651023720,0,0,,
C,1651024320,0,0,,
C,1651024920,0,0,,
C,1651025520,0,0,,
C,1651026120,0,0,,
C,1651026720,0,0,,
C,1651027320,0,0,,
C,1651027920,0,0,,
C,1651028520,0,0,,
C,1651029120,0,0,,
C,1651029720,0,0,,
C,1651030320,0,0,,
C,1651030920,0,0,,
C,1651031520,0,0,,
C,1651032120,0,0,,
C,1651032720,0,0,,
C,1651033320,0,0,,
C,1651033920,0,0,,
C,1651034580,0,60,,
C,1651035180,0,0,,
C,1651035780,0,0,,
C,1651036380,0,0,,
C,1651036980,0,0,,
C,1651037580,0,0,,
C,1651038180,0,0,,
C,1651038780,0,0,,
C,1651039380,0,0,,
C,1651039980,0,0,,
C,1651040580,0,0,,
C,1651041180,0,0,,
C,1651041780,0,0,,
C,1651042380,0,0,,
C,1651042980,0,0,,
C,1651043580,0,0,,
C,1651044180,0,0,,
C,1651044780,0,0,,
C,1651045380,0,0,,
C,1651045980,0,0,,
C,1651046580,0,0,,
C,1651047180,0,0,,
C,1651047780,0,0,,
C,1651048380,0,0,,
C,1651048980,0,0,,
C,1651049580,0,0,,
C,1651050180,0,0,,
C,1651050780,0,0,,
C,1651051380,0,0,,
C,1651051980,0,0,,
C,1651052580,0,0,,
C,1651053180,0,0,,
C,1651053780,0,0,,
C,1651054380,0,0,,
C,1651054980,0,0,,
C,1651055640,0,60,,
C,1651056240,0,0,,
C,1651056960,0,120,,
C,1651057560,0,0,,
C,1651058280,0,120,,
C,1651058880,0,0,,
C,1651059480,0,0,,
C,1651060080,0,0,,
C,1651060680,0,0,,
C,1651061340,0,60,,
C,1651061940,0,0,,
C,1651062540,0,0,,
C,1651063140,0,0,,
C,1651063800,0,60,,
C,1651068120,0,3720,,
C,1651068720,0,0,,
C,1651069380,0,60,,
C,1651069980,0,0,,
C,1651070580,0,0,,
C,1651071180,0,0,,
C,1651071780,0,0,,
C,1651072440,0,60,,
C,1651073040,0,0,,
C,1651073640,0,0,,
C,1651074240,0,0,,
C,1651074900,0,60,,
C,1651075560,0,60,,
C,1651076280,0,120,,
C,1651076880,0,0,,
C,1651077480,0,0,,
C,1651078140,0,60,,
C,1651078680,0,0,,
C,1651079340,0,60,,
C,1651079940,0,0,,
C,1651080540,0,0,,
C,1651081140,0,0,,
C,1651081740,0,0,,
C,1651082340,0,0,,
C,1651082940,1,0,,
C,1651083540,1,0,,
C,1651084140,1,0,,
C,1651084740,1,0,,
C,1651085400,1,60,,
C,1651086000,1,0,,
C,1651086600,0,0,,
C,1651087200,0,0,,
C,1651087860,0,60,,
C,1651088460,0,0,,
C,1651089060,0,0,,
C,1651089660,0,0,,
C,1651090260,0,0,,
C,1651090860,0,0,,
C,1651091460,0,0,,
C,1651092060,0,0,,
C,1651092660,0,0,,
C,1651093260,0,0,,
C,1651093860,0,0,,
C,1651094460,0,0,,
C,1651095060,0,0,,
C,1651095720,0,60,,
C,1651096320,0,0,,
C,1651096920,0,0,,
C,1651097520,0,0,,
C,1651098120,0,0,,
C,1651098720,0,0,,
C,1651099320,0,0,,
C,1651099920,0,0,,
C,1651100520,0,0,,
C,1651101120,0,0,,
C,1651101720,0,0,,
C,1651102320,0,0,,
C,1651102920,0,0,,
C,1651103520,0,0,,
C,1651104120,0,0,,
C,1651104720,0,0,,
C,1651105320,0,0,,
C,1651105920,0,0,,
C,1651106520,0,0,,
C,1651107120,0,0,,
C,1651107720,0,0,,
C,1651108320,0,0,,
C,1651108920,0,0,,
C,1651109520,0,0,,
C,1651110120,0,0,,
C,1651110720,0,0,,
C,1651111320,0,0,,
C,1651111920,0,0,,
C,1651112520,0,0,,
C,1651113120,0,0,,
C,1651113720,0,0,,
C,1651114320,0,0,,
C,1651114920,0,0,,
C,1651115520,0,0,,
C,1651116120,0,0,,
C,1651116720,0,0,,
C,1651117320,0,0,,
C,1651117980,0,60,,
C,1651118580,0,0,,
C,1651119180,0,0,,
C,1651119780,0,0,,
C,1651120380,0,0,,
C,1651120980,0,0,,
C,1651121580,0,0,,
C,1651122180,0,0,,
C,1651122780,0,0,,
C,1651123380,0,0,,
C,1651123980,0,0,,
C,1651124580,0,0,,
C,1651125180,0,0,,
C,1651125780,0,0,,
C,1651126380,0,0,,
C,1651126980,0,0,,
C,1651127580,0,0,,
C,1651128180,0,0,,
C,1651128780,0,0,,
C,1651129380,0,0,,
C,1651129980,0,0,,
C,1651130580,0,0,,
C,1651131180,0,0,,
C,1651131780,0,0,,
C,1651132380,0,0,,
C,1651132980,0,0,,
C,1651133580,0,0,,
C,1651134180,0,0,,
C,1651134840,0,60,,
C,1651135380,0,0,,
C,1651136040,0,60,,
C,1651136640,0,0,,
C,1651137240,0,0,,
C,1651137840,0,0,,
C,1651138440,0,0,,
C,1651139040,0,0,,
C,1651139640,0,0,,
C,1651140240,0,0,,
C,1651140840,0,0,,
C,1651141440,0,0,,
C,1651142040,0,0,,
C,1651142640,0,0,,
C,1651143240,0,0,,
C,1651143840,0,0,,
C,1651144440,0,0,,
C,1651145040,0,0,,
C,1651145640,0,0,,
C,1651146240,0,0,,
C,1651146840,0,0,,
C,1651147440,0,0,,
C,1651148040,0,0,,
C,1651148640,0,0,,
C,1651149240,0,0,,
C,1651149840,0,0,,
C,1651150440,0,0,,
C,1651151040,0,0,,
C,1651151640,0,0,,
C,1651152240,0,0,,
C,1651152840,0,0,,
C,1651153500,0,60,,
C,1651154100,0,0,,
C,1651154700,0,0,,
C,1651155300,0,0,,
C,1651155900,0,0,,
C,1651156500,0,0,,
C,1651157100,0,0,,
C,1651157700,0,0,,
C,1651158300,0,0,,
C,1651158900,0,0,,
C,1651159560,0,60,,
C,1651160160,0,0,,
C,1651160760,0,0,,
C,1651161360,0,0,,
C,1651161960,0,0,,
C,1651162560,0,0,,
C,1651163160,0,0,,
C,1651163760,0,0,,
C,1651164360,0,0,,
C,1651164960,0,0,,
C,1651165680,0,120,,
C,1651166280,0,0,,
C,1651166880,0,0,,
C,1651167480,0,0,,
C,1651168080,0,0,,
C,1651168680,0,0,,
C,1651169280,0,0,,
C,1651169880,0,0,,
C,1651170480,0,0,,
C,1651171080,0,0,,
C,1651171680,0,0,,
C,1651172280,0,0,,
C,1651172880,0,0,,
C,1651173480,0,0,,
C,1651174080,0,0,,
C,1651174680,0,0,,
C,1651175280,0,0,,
C,1651175880,0,0,,
C,1651176480,0,0,,
C,1651177080,0,0,,
C,1651177680,0,0,,
C,1651178340,0,60,,
C,1651178940,0,0,,
C,1651179540,0,0,,
C,1651180140,0,0,,
C,1651180740,0,0,,
C,1651181340,0,0,,
C,1651181940,0,0,,
C,1651182540,0,0,,
C,1651183140,0,0,,
C,1651183740,0,0,,
C,1651184340,0,0,,
C,1651184940,0,0,,
C,1651185540,0,0,,
C,1651186140,0,0,,
C,1651186740,0,0,,
C,1651187340,0,0,,
C,1651187940,0,0,,
C,1651188540,0,0,,
C,1651189140,0,0,,
C,1651189740,0,0,,
C,1651190340,0,0,,
C,1651190940,0,0,,
C,1651191540,0,0,,
C,1651192140,0,0,,
C,1651192740,0,0,,
C,1651193340,0,0,,
C,1651193940,0,0,,
C,1651194540,0,0,,
C,1651195140,0,0,,
C,1651195740,0,0,,
C,1651196340,0,0,,
C,1651196940,0,0,,
C,1651197540,0,0,,
C,1651198140,0,0,,
C,1651198740,0,0,,
C,1651199340,0,0,,
C,1651199940,0,0,,
C,1651200540,0,0,,
C,1651201140,0,0,,
C,1651201740,0,0,,
C,1651202340,0,0,,
C,1651202940,0,0,,
C,1651203540,0,0,,
C,1651204200,0,60,,
C,1651204800,0,0,,
C,1651205400,0,0,,
C,1651206000,0,0,,
C,1651206600,0,0,,
C,1651207200,0,0,,
C,1651207800,1,0,,
C,1651208400,1,0,,
C,1651209000,0,0,,
C,1651209600,0,0,,
C,1651210200,0,0,,
C,1651210800,0,0,,
C,1651211400,0,0,,
C,1651212000,0,0,,
C,1651212600,0,0,,
C,1651213200,0,0,,
C,1651213800,0,0,,
C,1651214400,0,0,,
C,1651215000,0,0,,
C,1651215600,0,0,,
C,1651216200,0,0,,
C,1651216800,0,0,,
C,1651217400,0,0,,
C,1651218000,0,0,,
C,1651218600,0,0,,
C,1651219200,0,0,,
C,1651219800,0,0,,
C,1651220400,0,0,,
C,1651221000,0,0,,
C,1651221600,0,0,,
C,1651222200,0,0,,
C,1651222800,0,0,,
C,1651223400,0,0,,
C,1651224000,0,0,,
C,1651224600,0,0,,
C,1651225200,0,0,,
C,1651225800,0,0,,
C,1651226400,0,0,,
C,1651227000,0,0,,
C,1651227600,0,0,,
C,1651228200,0,0,,
C,1651228860,0,60,,
C,1651229460,0,0,,
C,1651230060,0,0,,
C,1651230660,0,0,,
C,1651231260,0,0,,
C,1651231860,0,0,,
C,1651232460,0,0,,
C,1651233060,0,0,,
C,1651233660,0,0,,
C,1651234260,0,0,,
C,1651234860,0,0,,
C,1651235460,0,0,,
C,1651236120,0,60,,
C,1651236720,0,0,,
C,1651237320,0,0,,
C,1651237920,0,0,,
C,1651238520,0,0,,
C,1651239120,0,0,,
C,1651239720,0,0,,
C,1651240320,0,0,,
C,1651240920,0,0,,
C,1651241520,0,0,,
C,1651242120,0,0,,
C,1651242780,0,60,,
C,1651243380,0,0,,
C,1651243980,0,0,,
C,1651244580,0,0,,
C,1651245180,0,0,,
C,1651245780,0,0,,
C,1651246380,0,0,,
C,1651246980,0,0,,
C,1651247580,0,0,,
C,1651248180,0,0,,
C,1651248780,0,0,,
C,1651249380,0,0,,
C,1651249980,0,0,,
C,1651250580,0,0,,
C,1651251180,0,0,,
C,1651251780,0,0,,
C,1651252380,0,0,,
C,1651252980,0,0,,
C,1651253580,0,0,,
C,1651254180,0,0,,
C,1651254780,0,0,,
C,1651255380,0,0,,
C,1651255980,0,0,,
C,1651256580,0,0,,
C,1651257180,0,0,,
C,1651257780,0,0,,
C,1651258440,0,60,,
C,1651259040,0,0,,
C,1651259640,0,0,,
C,1651260240,0,0,,
C,1651260840,0,0,,
C,1651261440,0,0,,
C,1651262040,0,0,,
C,1651262640,0,0,,
C,1651263240,0,0,,
C,1651263840,0,0,,
C,1651264440,0,0,,
C,1651265040,0,0,,
C,1651265640,0,0,,
C,1651266240,0,0,,
C,1651266840,0,0,,
C,1651267440,0,0,,
C,1651268040,0,0,,
C,1651268640,0,0,,
C,1651269240,0,0,,
C,1651269840,0,0,,
C,1651270440,0,0,,
C,1651271040,0,0,,
C,1651271640,0,0,,
C,1651272240,0,0,,
C,1651272840,0,0,,
C,1651273440,0,0,,
C,1651274040,0,0,,
C,1651274640,1,0,,
C,1651275240,1,0,,
C,1651275840,1,0,,
C,1651276440,1,0,,
C,1651277040,1,0,,
C,1651277700,1,60,,
C,1651278300,1,0,,
C,1651278900,1,0,,
C,1651279500,1,0,,
C,1651280100,1,0,,
C,1651280700,1,0,,
C,1651281300,1,0,,
C,1651281900,1,0,,
C,1651282500,1,0,,
C,1651283100,1,0,,
C,1651283700,1,0,,
C,1651284300,1,0,,
C,1651284900,1,0,,
C,1651285500,1,0,,
C,1651286100,1,0,,
C,1651286700,1,0,,
C,1651287300,1,0,,
C,1651287900,0,0,,
C,1651288500,0,0,,
C,1651289100,0,0,,
C,1651289700,0,0,,
C,1651290300,0,0,,
C,1651290900,0,0,,
C,1651291500,0,0,,
C,1651292100,0,0,,
C,1651292700,0,0,,
C,1651293300,0,0,,
C,1651293900,0,0,,
C,1651294500,0,0,,
C,1651295100,0,0,,
C,1651295700,0,0,,
C,1651296300,0,0,,
C,1651296900,0,0,,
C,1651297500,0,0,,
C,1651298100,0,0,,
C,1651298700,0,0,,
C,1651299300,0,0,,
C,1651299900,0,0,,
C,1651300500,0,0,,
C,1651301100,0,0,,
C,1651301700,0,0,,
C,1651302300,0,0,,
C,1651302960,0,60,,
C,1651303560,0,0,,
C,1651304160,0,0,,
C,1651304760,0,0,,
C,1651305360,0,0,,
C,1651305960,0,0,,
C,1651306560,0,0,,
C,1651307160,0,0,,
C,1651307760,0,0,,
C,1651308360,0,0,,
C,1651308960,0,0,,
C,1651309560,0,0,,
C,1651310160,0,0,,
C,1651310760,0,0,,
C,1651311360,0,0,,
C,1651311960,0,0,,
C,1651312560,0,0,,
C,1651313160,0,0,,
C,1651313760,0,0,,
C,1651314360,0,0,,
C,1651314960,0,0,,
C,1651315560,0,0,,
C,1651316160,0,0,,
C,1651316760,0,0,,
C,1651317420,0,60,,
C,1651318020,0,0,,
C,1651318620,0,0,,
C,1651319220,0,0,,
C,1651319820,0,0,,
C,1651320420,0,0,,
C,1651321020,0,0,,
C,1651321620,0,0,,
C,1651322220,0,0,,
C,1651322820,0,0,,
C,1651323420,0,0,,
C,1651324020,0,0,,
C,1651324620,0,0,,
C,1651325220,0,0,,
C,1651325820,0,0,,
C,1651326420,0,0,,
C,1651327020,0,0,,
C,1651327620,0,0,,
C,1651328280,0,60,,
C,1651328880,0,0,,
C,1651329480,0,0,,
C,1651330080,0,0,,
C,1651330680,0,0,,
C,1651331280,0,0,,
C,1651331880,0,0,,
C,1651332480,0,0,,
C,1651333080,0,0,,
C,1651333680,0,0,,
C,1651334280,0,0,,
C,1651334880,0,0,,
C,1651335480,0,0,,
C,1651336080,0,0,,
C,1651336680,0,0,,
C,1651337280,0,0,,
C,1651337880,0,0,,
C,1651338480,0,0,,
C,1651339080,0,0,,
C,1651339680,0,0,,
C,1651340280,0,0,,
C,1651340880,0,0,,
C,1651341480,0,0,,
C,1651342080,0,0,,
C,1651342680,0,0,,
C,1651343340,0,60,,
C,1651343940,0,0,,
C,1651344540,0,0,,
C,1651345140,0,0,,
C,1651345740,0,0,,
C,1651346340,0,0,,
C,1651346940,0,0,,
C,1651347540,0,0,,
C,1651348140,0,0,,
C,1651348740,0,0,,
C,1651349340,0,0,,
C,1651349940,0,0,,
C,1651350540,0,0,,
C,1651351140,0,0,,
C,1651351740,0,0,,
C,1651352340,0,0,,
C,1651352940,0,0,,
C,1651353540,1,0,,
C,1651354140,1,0,,
C,1651354740,1,0,,
C,1651355340,1,0,,
C,1651355940,1,0,,
C,1651356540,1,0,,
C,1651357140,1,0,,
C,1651357740,1,0,,
C,1651358340,1,0,,
C,1651358940,1,0,,
C,1651359540,1,0,,
C,1651360140,1,0,,
C,1651360740,1,0,,
C,1651361340,0,0,,
C,1651361940,0,0,,
C,1651362540,0,0,,
D,1648147500,0,0,,
D,1648148100,0,0,,
D,1648148700,1,0,,
D,1648149300,1,0,,
D,1648149900,1,0,,
D,1648150500,1,0,,
D,1648151100,1,0,,
D,1648151700,0,0,,
D,1648152300,1,0,,
D,1648152900,1,0,,
D,1648153500,1,0,,
D,1648154100,1,0,,
D,1648154700,1,0,,
D,1648155300,1,0,,
D,1648155900,1,0,,
D,1648156500,1,0,,
D,1648157100,1,0,,
D,1648157700,1,0,,
D,1648158360,1,60,,
D,1648158960,1,0,,
D,1648159560,1,0,,
D,1648160160,1,0,,
D,1648160760,1,0,,
D,1648161360,1,0,,
D,1648161960,1,0,,
D,1648162560,1,0,,
D,1648163160,1,0,,
D,1648163760,1,0,,
D,1648164360,1,0,,
D,1648164960,1,0,,
D,1648165560,1,0,,
D,1648166160,1,0,,
D,1648166760,1,0,,
D,1648167360,1,0,,
D,1648167960,1,0,,
D,1648168560,1,0,,
D,1648169160,1,0,,
D,1648169760,1,0,,
D,1648170360,1,0,,
D,1648170960,1,0,,
D,1648171560,1,0,,
D,1648172160,1,0,,
D,1648172760,1,0,,
D,1648173360,1,0,,
D,1648173960,1,0,,
D,1648174560,1,0,,
D,1648175160,1,0,,
D,1648175760,1,0,,
D,1648176360,1,0,,
D,1648176960,1,0,,
D,1648177560,1,0,,
D,1648178160,1,0,,
D,1648178760,1,0,,
D,1648179360,1,0,,
D,1648180020,1,60,,
D,1648180620,1,0,,
D,1648181220,1,0,,
D,1648181820,1,0,,
D,1648182420,1,0,,
D,1648183020,1,0,,
D,1648183620,1,0,,
D,1648184220,1,0,,
D,1648184820,1,0,,
D,1648185420,1,0,,
D,1648186020,1,0,,
D,1648186620,1,0,,
D,1648187220,1,0,,
D,1648187820,1,0,,
D,1648188420,1,0,,
D,1648189020,1,0,,
D,1648189620,1,0,,
D,1648190220,1,0,,
D,1648190820,1,0,,
E,1648147440,0,0,,
E,1648148040,0,0,,
E,1648148640,0,0,,
E,1648149240,0,0,,
E,1648149840,0,0,,
E,1648150440,0,0,,
E,1648151040,0,0,,
E,1648151640,0,0,,
E,1648152240,0,0,,
E,1648152840,0,0,,
E,1648153440,0,0,,
E,1648154040,0,0,,
E,1648154640,0,0,,
E,1648155240,1,0,,
E,1648155840,1,0,,
E,1648156440,1,0,,
E,1648157040,1,0,,
E,1648157640,1,0,,
E,1648158240,1,0,,
E,1648158840,1,0,,
E,1648159440,1,0,,
E,1648160040,1,0,,
E,1648160640,1,0,,
E,1648161240,1,0,,
E,1648161840,1,0,,
E,1648162440,1,0,,
E,1648163040,1,0,,
E,1648163640,1,0,,
E,1648164240,1,0,,
E,1648164840,1,0,,
E,1648165440,1,0,,
E,1648166040,1,0,,
E,1648166640,1,0,,
E,1648167240,1,0,,
E,1648167840,1,0,,
E,1648168440,1,0,,
E,1648169040,1,0,,
E,1648169640,1,0,,
E,1648170240,1,0,,
E,1648170840,0,0,,
E,1648171440,0,0,,
E,1648172040,0,0,,
E,1648172640,0,0,,
E,1648173300,0,60,,
E,1648173900,0,0,,
E,1648174500,0,0,,
E,1648175100,0,0,,
E,1648175700,0,0,,
E,1648176300,0,0,,
E,1648176900,0,0,,
E,1648177500,0,0,,
E,1648178100,0,0,,
E,1648178700,0,0,,
E,1648179300,0,0,,
E,1648179900,0,0,,
E,1648180500,0,0,,
E,1648181100,0,0,,
E,1648181700,0,0,,
E,1648182300,0,0,,
E,1648182900,0,0,,
E,1648183500,0,0,,
E,1648184100,0,0,,
E,1648184700,0,0,,
E,1648185300,0,0,,
E,1648185900,0,0,,
E,1648186500,0,0,,
E,1648187100,0,0,,
E,1648187700,0,0,,
E,1648188300,0,0,,
E,1648188900,0,0,,
E,1648189500,0,0,,
E,1648190100,0,0,,
E,1648190700,0,0,,
E,1648191300,0,0,,
E,1648191900,0,0,,
E,1648192500,0,0,,
E,1648193100,0,0,,
E,1648193700,0,0,,
E,1648194300,0,0,,
E,1648194900,0,0,,
E,1648195500,0,0,,
E,1648196100,0,0,,
E,1648196700,0,0,,
E,1648197300,0,0,,
E,1648197900,0,0,,
E,1648198500,0,0,,
E,1648199160,0,60,,
E,1648199760,0,0,,
E,1648200360,0,0,,
E,1648200960,0,0,,
E,1648201560,0,0,,
E,1648202160,0,0,,
E,1648202760,0,0,,
E,1648203360,0,0,,
E,1648203960,0,0,,
E,1648204560,0,0,,
E,1648205160,0,0,,
E,1648205760,0,0,,
E,1648206360,0,0,,
E,1648206960,0,0,,
E,1648207560,0,0,,
E,1648208160,0,0,,
E,1648208760,0,0,,
E,1648209360,0,0,,
E,1648209960,0,0,,
E,1648210560,0,0,,
E,1648211160,0,0,,
E,1648211760,0,0,,
E,1648212360,0,0,,
E,1648212960,0,0,,
E,1648213560,0,0,,
E,1648214160,0,0,,
E,1648214760,0,0,,
E,1648215360,0,0,,
E,1648215960,0,0,,
E,1648216560,0,0,,
E,1648217160,0,0,,
E,1648217760,0,0,,
E,1648218360,0,0,,
E,1648218960,0,0,,
E,1648219560,0,0,,
E,1648220160,0,0,,
E,1648220760,0,0,,
E,1648221360,0,0,,
E,1648221960,0,0,,
E,1648222560,0,0,,
E,1648223160,0,0,,
E,1648223760,0,0,,
E,1648224360,0,0,,
E,1648224960,0,0,,
E,1648225560,0,0,,
E,1648226160,0,0,,
E,1648226760,0,0,,
E,1648227360,0,0,,
E,1648227960,0,0,,
E,1648228560,0,0,,
E,1648229160,0,0,,
E,1648229760,0,0,,
E,1648230360,0,0,,
E,1648231020,0,60,,
E,1648231620,0,0,,
E,1648232220,0,0,,
E,1648232820,0,0,,
E,1648233420,0,0,,
E,1648234020,0,0,,
E,1648234620,0,0,,
E,1648235220,0,0,,
E,1648235820,1,0,,
E,1648236420,1,0,,
E,1648237020,1,0,,
E,1648237620,1,0,,
E,1648238220,1,0,,
E,1648238820,1,0,,
E,1648239420,1,0,,
E,1648240020,1,0,,
E,1648240620,1,0,,
E,1648241220,1,0,,
E,1648241820,1,0,,
E,1648242420,1,0,,
E,1648243020,1,0,,
E,1648243620,1,0,,
E,1648244220,1,0,,
E,1648244820,1,0,,
E,1648245420,1,0,,
E,1648246020,1,0,,
E,1648246620,1,0,,
E,1648247220,1,0,,
E,1648247820,1,0,,
E,1648248420,1,0,,
E,1648249020,1,0,,
E,1648249620,1,0,,
E,1648250220,1,0,,
E,1648250820,1,0,,
E,1648251420,1,0,,
E,1648252020,1,0,,
E,1648252620,1,0,,
E,1648253220,1,0,,
E,1648253820,1,0,,
E,1648254420,1,0,,
E,1648255020,0,0,,
E,1648255620,0,0,,
E,1648256220,0,0,,
E,1648256820,1,0,,
E,1648257420,1,0,,
E,1648258020,1,0,,
E,1648258620,1,0,,
E,1648259220,1,0,,
E,1648259880,1,60,,
E,1648260480,1,0,,
E,1648261080,1,0,,
E,1648261680,1,0,,
E,1648262280,0,0,,
E,1648262880,0,0,,
E,1648263480,0,0,,
E,1648264080,0,0,,
E,1648264680,0,0,,
E,1648265280,0,0,,
E,1648265880,0,0,,
E,1648266480,0,0,,
E,1648267080,0,0,,
E,1648267680,0,0,,
E,1648268280,0,0,,
E,1648268880,0,0,,
E,1648269480,0,0,,
E,1648270080,0,0,,
E,1648270680,0,0,,
E,1648271280,0,0,,
E,1648271880,0,0,,
E,1648272480,0,0,,
E,1648273080,0,0,,
E,1648273680,0,0,,
E,1648274280,0,0,,
E,1648274880,0,0,,
E,1648275480,0,0,,
E,1648276080,0,0,,
E,1648276680,0,0,,
E,1648277280,1,0,,
E,1648277880,0,0,,
E,1648278480,0,0,,
E,1648279080,0,0,,
E,1648279680,0,0,,
E,1648280280,0,0,,
E,1648280880,0,0,,
E,1648281480,0,0,,
E,1648282080,0,0,,
E,1648282680,0,0,,
E,1648283280,0,0,,
E,1648283880,0,0,,
E,1648284480,0,0,,
E,1648285080,0,0,,
E,1648285680,0,0,,
E,1648286340,0,60,,
E,1648286940,0,0,,
E,1648287540,0,0,,
E,1648288140,0,0,,
E,1648288740,0,0,,
E,1648289340,0,0,,
E,1648289940,0,0,,
E,1648290540,0,0,,
E,1648291140,0,0,,
E,1648291740,0,0,,
E,1648292340,0,0,,
E,1648292940,0,0,,
E,1648293540,0,0,,
E,1648294140,0,0,,
E,1648294740,0,0,,
E,1648295340,0,0,,
E,1648295940,0,0,,
E,1648296540,0,0,,
E,1648297140,0,0,,
E,1648297740,0,0,,
E,1648298340,0,0,,
E,1648298940,0,0,,
E,1648299540,0,0,,
E,1648300140,0,0,,
E,1648300740,0,0,,
E,1648301340,0,0,,
E,1648301940,0,0,,
E,1648302540,0,0,,
E,1648303140,0,0,,
E,1648303740,0,0,,
E,1648304340,0,0,,
E,1648304940,0,0,,
E,1648305540,0,0,,
E,1648306140,0,0,,
E,1648306740,0,0,,
E,1648307340,0,0,,
E,1648307940,0,0,,
E,1648308540,0,0,,
E,1648309140,0,0,,
E,1648309740,0,0,,
E,1648310340,0,0,,
E,1648311000,0,60,,
E,1648311600,0,0,,
E,1648312200,0,0,,
E,1648312800,0,0,,
E,1648313400,0,0,,
E,1648314000,0,0,,
E,1648314600,0,0,,
E,1648315200,0,0,,
E,1648315800,0,0,,
E,1648316400,0,0,,
E,1648317000,0,0,,
E,1648317600,0,0,,
E,1648318200,0,0,,
E,1648318800,0,0,,
E,1648319400,1,0,,
E,1648320000,1,0,,
E,1648320600,1,0,,
E,1648321200,1,0,,
E,1648321800,1,0,,
E,1648322400,1,0,,
E,1648323000,1,0,,
E,1648323600,1,0,,
E,1648324200,1,0,,
E,1648324800,1,0,,
E,1648325400,1,0,,
E,1648326000,1,0,,
E,1648326600,1,0,,
E,1648327200,1,0,,
E,1648327800,1,0,,
E,1648328400,1,0,,
E,1648329000,1,0,,
E,1648329600,1,0,,
E,1648330200,1,0,,
E,1648330800,1,0,,
E,1648331400,1,0,,
E,1648332000,1,0,,
E,1648332600,1,0,,
E,1648333200,1,0,,
E,1648333800,1,0,,
E,1648334400,1,0,,
E,1648335000,1,0,,
E,1648335600,1,0,,
E,1648336200,1,0,,
E,1648336800,1,0,,
E,1648337400,1,0,,
E,1648338000,1,0,,
E,1648338600,1,0,,
E,1648339200,1,0,,
E,1648339860,1,60,,
E,1648340460,1,0,,
E,1648341060,1,0,,
E,1648341660,1,0,,
E,1648342260,1,0,,
E,1648342860,1,0,,
E,1648343460,1,0,,
E,1648344060,1,0,,
E,1648344660,1,0,,
E,1648345260,1,0,,
E,1648345860,1,0,,
E,1648346460,1,0,,
E,1648347060,1,0,,
E,1648347660,1,0,,
E,1648348260,1,0,,
E,1648348860,1,0,,
E,1648349460,1,0,,
E,1648350060,1,0,,
E,1648350660,1,0,,
E,1648351260,1,0,,
E,1648351860,1,0,,
E,1648352460,1,0,,
E,1648353060,1,0,,
E,1648353660,1,0,,
E,1648354260,1,0,,
E,1648354860,1,0,,
E,1648355460,1,0,,
E,1648356060,1,0,,
E,1648356660,1,0,,
E,1648357260,1,0,,
E,1648357860,1,0,,
E,1648358460,1,0,,
E,1648359060,1,0,,
E,1648359660,1,0,,
E,1648360260,1,0,,
E,1648360860,1,0,,
E,1648361460,0,0,,
E,1648362060,0,0,,
E,1648362660,0,0,,
E,1648363260,0,0,,
E,1648363860,0,0,,
E,1648364460,0,0,,
E,1648365060,0,0,,
E,1648365660,0,0,,
E,1648366320,0,60,,
E,1648366920,0,0,,
E,1648367520,0,0,,
E,1648368120,0,0,,
E,1648368720,0,0,,
E,1648369320,0,0,,
E,1648369920,0,0,,
E,1648370520,0,0,,
E,1648371120,0,0,,
E,1648371720,0,0,,
E,1648372320,0,0,,
E,1648372920,0,0,,
E,1648373520,0,0,,
E,1648374120,0,0,,
E,1648374720,0,0,,
E,1648375320,0,0,,
E,1648375920,0,0,,
E,1648376520,0,0,,
E,1648377120,0,0,,
E,1648377720,0,0,,
E,1648378320,0,0,,
E,1648378920,0,0,,
E,1648379520,0,0,,
E,1648380120,0,0,,
E,1648380720,0,0,,
E,1648381320,0,0,,
E,1648381920,0,0,,
E,1648382520,0,0,,
E,1648383120,0,0,,
E,1648383720,0,0,,
E,1648384320,0,0,,
E,1648384920,0,0,,
E,1648385520,0,0,,
E,1648386120,0,0,,
E,1648386720,0,0,,
E,1648387320,0,0,,
E,1648387920,0,0,,
E,1648388520,0,0,,
E,1648389120,0,0,,
E,1648389720,0,0,,
E,1648390320,0,0,,
E,1648390920,0,0,,
E,1648391520,0,0,,
E,1648392120,0,0,,
E,1648392720,0,0,,
E,1648393380,0,60,,
E,1648393980,0,0,,
E,1648394580,0,0,,
E,1648395180,0,0,,
E,1648395780,0,0,,
E,1648396380,0,0,,
E,1648396980,0,0,,
E,1648397580,0,0,,
E,1648398180,0,0,,
E,1648398780,0,0,,
E,1648399380,0,0,,
E,1648399980,0,0,,
E,1648400580,1,0,,
E,1648401180,0,0,,
E,1648401780,0,0,,
E,1648402380,0,0,,
E,1648402980,0,0,,
E,1648403580,0,0,,
E,1648404180,0,0,,
E,1648404780,0,0,,
E,1648405380,0,0,,
E,1648405980,1,0,,
E,1648406580,0,0,,
E,1648407180,0,0,,
E,1648407780,0,0,,
E,1648408380,0,0,,
E,1648408980,0,0,,
E,1648409580,0,0,,
E,1648410180,0,0,,
E,1648410780,0,0,,
E,1648411380,0,0,,
E,1648411980,0,0,,
E,1648412580,0,0,,
E,1648413180,0,0,,
E,1648413780,0,0,,
E,1648414380,0,0,,
E,1648414980,0,0,,
E,1648415580,0,0,,
E,1648416180,0,0,,
E,1648416780,0,0,,
E,1648417380,0,0,,
E,1648417980,0,0,,
E,1648418580,0,0,,
E,1648419180,0,0,,
E,1648419780,0,0,,
E,1648420380,0,0,,
E,1648421040,0,60,,
E,1648421640,0,0,,
E,1648422240,0,0,,
E,1648422840,0,0,,
E,1648423440,0,0,,
E,1648424040,0,0,,
E,1648424640,0,0,,
E,1648425240,0,0,,
E,1648425840,0,0,,
E,1648426440,0,0,,
E,1648427040,0,0,,
E,1648427640,0,0,,
E,1648428240,0,0,,
E,1648428840,0,0,,
E,1648429440,0,0,,
E,1648430040,0,0,,
E,1648430640,0,0,,
E,1648431240,0,0,,
E,1648431840,0,0,,
E,1648432440,0,0,,
E,1648433040,0,0,,
E,1648433640,0,0,,
E,1648434240,0,0,,
E,1648434840,0,0,,
E,1648435440,0,0,,
E,1648436040,0,0,,
E,1648436640,0,0,,
E,1648437240,0,0,,
E,1648437840,0,0,,
E,1648438440,0,0,,
E,1648439040,0,0,,
E,1648439640,0,0,,
E,1648440240,0,0,,
E,1648440840,0,0,,
E,1648441440,0,0,,
E,1648442040,0,0,,
E,1648442640,0,0,,
E,1648443240,0,0,,
E,1648443840,0,0,,
E,1648444440,0,0,,
E,1648445040,0,0,,
E,1648445640,0,0,,
E,1648446240,0,0,,
E,1648446900,0,60,,
E,1648447500,0,0,,
E,1648448100,0,0,,
E,1648448700,0,0,,
E,1648449300,0,0,,
E,1648449900,0,0,,
E,1648450500,0,0,,
E,1648451100,0,0,,
E,1648451700,0,0,,
E,1648452300,0,0,,
E,1648452900,0,0,,
E,1648453500,0,0,,
E,1648454100,0,0,,
E,1648454700,0,0,,
E,1648455300,0,0,,
E,1648455900,0,0,,
E,1648456500,0,0,,
E,1648457100,0,0,,
E,1648457700,0,0,,
E,1648458300,0,0,,
E,1648458900,0,0,,
E,1648459500,0,0,,
E,1648460100,0,0,,
E,1648460700,0,0,,
E,1648461300,0,0,,
E,1648461900,0,0,,
E,1648462500,0,0,,
E,1648463100,0,0,,
E,1648463700,0,0,,
E,1648464300,0,0,,
E,1648464900,0,0,,
E,1648465500,0,0,,
E,1648466100,0,0,,
E,1648466700,0,0,,
E,1648467300,0,0,,
E,1648467900,0,0,,
E,1648468500,0,0,,
E,1648469100,0,0,,
E,1648469700,0,0,,
E,1648470300,0,0,,
E,1648470900,0,0,,
E,1648471500,0,0,,
E,1648472100,0,0,,
E,1648472700,0,0,,
E,1648473300,0,0,,
E,1648473900,0,0,,
E,1648474500,0,0,,
E,1648475100,0,0,,
E,1648475700,0,0,,
E,1648476360,0,60,,
E,1648476960,0,0,,
E,1648477560,0,0,,
E,1648478160,0,0,,
E,1648478760,0,0,,
E,1648479360,0,0,,
E,1648479960,0,0,,
E,1648480560,0,0,,
E,1648481160,0,0,,
E,1648481760,0,0,,
E,1648482360,0,0,,
E,1648482960,0,0,,
E,1648483560,0,0,,
E,1648484160,0,0,,
E,1648484760,0,0,,
E,1648485360,0,0,,
E,1648485960,0,0,,
E,1648486560,0,0,,
E,1648487160,0,0,,
E,1648487760,0,0,,
E,1648488360,0,0,,
E,1648488960,0,0,,
E,1648489560,0,0,,
E,1648490160,0,0,,
E,1648490760,0,0,,
E,1648491360,0,0,,
E,1648491960,0,0,,
E,1648492560,0,0,,
E,1648493160,0,0,,
E,1648493760,0,0,,
E,1648494360,0,0,,
E,1648494960,0,0,,
E,1648495560,0,0,,
E,1648496160,0,0,,
E,1648496760,0,0,,
E,1648497360,0,0,,
E,1648497960,0,0,,
E,1648498560,0,0,,
E,1648499160,0,0,,
E,1648499760,0,0,,
E,1648500360,0,0,,
E,1648500960,0,0,,
E,1648501560,0,0,,
E,1648502160,0,0,,
E,1648502760,0,0,,
E,1648503360,0,0,,
E,1648503960,0,0,,
E,1648504560,0,0,,
E,1648505160,0,0,,
E,1648505820,0,60,,
E,1648506420,0,0,,
E,1648507020,0,0,,
E,1648507620,0,0,,
E,1648508220,0,0,,
E,1648508820,0,0,,
E,1648509420,0,0,,
E,1648510020,0,0,,
E,1648510620,0,0,,
E,1648511220,0,0,,
E,1648511820,0,0,,
E,1648512420,0,0,,
E,1648513020,0,0,,
E,1648513620,0,0,,
E,1648514220,0,0,,
E,1648514820,0,0,,
E,1648515420,0,0,,
E,1648516020,0,0,,
E,1648516620,0,0,,
E,1648517220,0,0,,
E,1648517820,0,0,,
E,1648518420,0,0,,
E,1648519020,0,0,,
E,1648519620,0,0,,
E,1648520220,0,0,,
E,1648520820,0,0,,
E,1648521420,0,0,,
E,1648522020,0,0,,
E,1648522620,0,0,,
E,1648523220,0,0,,
E,1648523820,0,0,,
E,1648524420,0,0,,
E,1648525020,0,0,,
E,1648525620,0,0,,
E,1648526220,0,0,,
E,1648526820,0,0,,
E,1648527420,0,0,,
E,1648528020,0,0,,
E,1648528620,0,0,,
E,1648529220,0,0,,
E,1648529820,0,0,,
E,1648530420,0,0,,
E,1648531020,0,0,,
E,1648531620,0,0,,
E,1648532280,0,60,,
E,1648532880,0,0,,
E,1648533480,0,0,,
E,1648534080,0,0,,
E,1648534680,0,0,,
E,1648535280,0,0,,
E,1648535880,0,0,,
E,1648536480,0,0,,
E,1648537080,0,0,,
E,1648537680,0,0,,
E,1648538280,0,0,,
E,1648538880,0,0,,
E,1648539480,0,0,,
E,1648540080,0,0,,
E,1648540680,0,0,,
E,1648541280,0,0,,
E,1648541880,0,0,,
E,1648542480,0,0,,
E,1648543080,0,0,,
E,1648543680,0,0,,
E,1648544280,0,0,,
E,1648544880,0,0,,
E,1648545480,0,0,,
E,1648546080,0,0,,
E,1648546680,0,0,,
E,1648547280,0,0,,
E,1648547880,0,0,,
E,1648548480,0,0,,
E,1648549080,0,0,,
E,1648549680,0,0,,
E,1648550280,0,0,,
E,1648550880,0,0,,
E,1648551480,0,0,,
E,1648552080,0,0,,
E,1648552680,0,0,,
E,1648553280,0,0,,
E,1648553880,0,0,,
E,1648554480,0,0,,
E,1648555080,0,0,,
E,1648555680,0,0,,
E,1648556280,0,0,,
E,1648556880,0,0,,
E,1648557480,0,0,,
E,1648558080,0,0,,
E,1648558680,0,0,,
E,1648559280,0,0,,
E,1648559880,0,0,,
E,1648560480,0,0,,
E,1648561140,0,60,,
E,1648561740,0,0,,
E,1648562340,0,0,,
E,1648562940,0,0,,
E,1648563540,0,0,,
E,1648564140,0,0,,
E,1648564740,0,0,,
E,1648565340,0,0,,
E,1648565940,0,0,,
E,1648566540,0,0,,
E,1648567140,0,0,,
E,1648567740,0,0,,
E,1648568340,0,0,,
E,1648568940,0,0,,
E,1648569540,0,0,,
E,1648570140,0,0,,
E,1648570740,0,0,,
E,1648571340,0,0,,
E,1648571940,0,0,,
E,1648572540,0,0,,
E,1648573140,0,0,,
E,1648573740,0,0,,
E,1648574340,0,0,,
E,1648574940,0,0,,
E,1648575540,0,0,,
E,1648576140,0,0,,
E,1648576740,0,0,,
E,1648577340,0,0,,
E,1648577940,0,0,,
E,1648578540,0,0,,
E,1648579140,0,0,,
E,1648579740,0,0,,
E,1648580340,0,0,,
E,1648580940,0,0,,
E,1648581540,0,0,,
E,1648582140,0,0,,
E,1648582740,0,0,,
E,1648583340,0,0,,
E,1648583940,0,0,,
E,1648584540,0,0,,
E,1648585140,0,0,,
E,1648585740,0,0,,
E,1648586340,0,0,,
E,1648586940,0,0,,
E,1648587540,0,0,,
E,1648588140,0,0,,
E,1648588740,0,0,,
E,1648589400,0,60,,
E,1648590000,0,0,,
E,1648590600,0,0,,
E,1648591200,0,0,,
E,1648591800,0,0,,
E,1648592400,0,0,,
E,1648593000,0,0,,
E,1648593600,0,0,,
E,1648594200,0,0,,
E,1648594800,0,0,,
E,1648595400,0,0,,
E,1648596000,0,0,,
E,1648596600,0,0,,
E,1648597200,0,0,,
E,1648597800,0,0,,
E,1648598400,0,0,,
E,1648599000,0,0,,
E,1648599600,0,0,,
E,1648600200,0,0,,
E,1648600800,0,0,,
E,1648601400,0,0,,
E,1648602000,0,0,,
E,1648602600,0,0,,
E,1648603200,0,0,,
E,1648603800,0,0,,
E,1648604400,0,0,,
E,1648605000,0,0,,
E,1648605600,0,0,,
E,1648606200,0,0,,
E,1648606800,0,0,,
E,1648607400,0,0,,
E,1648608000,0,0,,
E,1648608600,0,0,,
E,1648609200,0,0,,
E,1648609800,0,0,,
E,1648610400,0,0,,
E,1648611000,0,0,,
E,1648611600,0,0,,
E,1648612200,0,0,,
E,1648612800,0,0,,
E,1648613400,0,0,,
E,1648614000,0,0,,
E,1648614600,0,0,,
E,1648615200,0,0,,
E,1648615800,0,0,,
E,1648616460,0,60,,
E,1648617060,0,0,,
E,1648617660,0,0,,
E,1648618260,0,0,,
E,1648618860,0,0,,
E,1648619460,0,0,,
E,1648620060,0,0,,
E,1648620660,0,0,,
E,1648621260,0,0,,
E,1648621860,0,0,,
E,1648622460,0,0,,
E,1648623060,0,0,,
E,1648623660,0,0,,
E,1648624260,0,0,,
E,1648624860,0,0,,
E,1648625460,0,0,,
E,1648626060,0,0,,
E,1648626660,0,0,,
E,1648627260,0,0,,
E,1648627860,0,0,,
E,1648628460,0,0,,
E,1648629060,0,0,,
E,1648629660,0,0,,
E,1648630260,0,0,,
E,1648630860,0,0,,
E,1648631460,0,0,,
E,1648632060,0,0,,
E,1648632660,0,0,,
E,1648633260,0,0,,
E,1648633860,0,0,,
E,1648634460,0,0,,
E,1648635060,0,0,,
E,1648635660,0,0,,
E,1648636260,0,0,,
E,1648636860,0,0,,
E,1648637460,0,0,,
E,1648638060,0,0,,
E,1648638660,0,0,,
E,1648639260,0,0,,
E,1648639860,0,0,,
E,1648640460,0,0,,
E,1648641060,0,0,,
E,1648641660,0,0,,
E,1648642260,0,0,,
E,1648642860,0,0,,
E,1648643460,0,0,,
E,1648644060,0,0,,
E,1648644720,0,60,,
E,1648645320,0,0,,
E,1648645920,0,0,,
E,1648646520,0,0,,
E,1648647120,0,0,,
E,1648647720,0,0,,
E,1648648320,0,0,,
E,1648648920,0,0,,
E,1648649520,0,0,,
E,1648650120,0,0,,
E,1648650720,0,0,,
E,1648651320,0,0,,
E,1648651920,0,0,,
E,1648652520,0,0,,
E,1648653120,0,0,,
E,1648653720,0,0,,
E,1648654320,0,0,,
E,1648654920,0,0,,
E,1648655520,0,0,,
E,1648656120,0,0,,
E,1648656720,0,0,,
E,1648657320,0,0,,
E,1648657920,0,0,,
E,1648658520,0,0,,
E,1648659120,0,0,,
E,1648659720,0,0,,
E,1648660320,0,0,,
E,1648660920,0,0,,
E,1648661520,0,0,,
E,1648662120,0,0,,
E,1648662720,0,0,,
E,1648663320,0,0,,
E,1648663920,0,0,,
E,1648664520,0,0,,
E,1648665120,0,0,,
E,1648665720,0,0,,
E,1648666320,0,0,,
E,1648666920,0,0,,
E,1648667520,0,0,,
E,1648671780,0,3660,,
E,1648672380,0,0,,
E,1648672980,0,0,,
E,1648673580,0,0,,
E,1648674180,0,0,,
E,1648674780,0,0,,
E,1648675380,0,0,,
E,1648675980,0,0,,
E,1648676580,0,0,,
E,1648677180,0,0,,
E,1648677780,0,0,,
E,1648678380,0,0,,
E,1648678980,0,0,,
E,1648679580,0,0,,
E,1648680180,0,0,,
E,1648680780,0,0,,
E,1648681380,0,0,,
E,1648681980,0,0,,
E,1648682580,0,0,,
E,1648683180,0,0,,
E,1648683780,0,0,,
E,1648684380,0,0,,
E,1648684980,0,0,,
E,1648685580,0,0,,
E,1648686180,0,0,,
E,1648686780,0,0,,
E,1648687380,0,0,,
E,1648687980,0,0,,
E,1648688580,0,0,,
E,1648689180,0,0,,
E,1648689780,0,0,,
E,1648690380,0,0,,
E,1648691040,0,60,,
E,1648691640,0,0,,
E,1648692240,0,0,,
E,1648692840,0,0,,
E,1648693440,0,0,,
E,1648694040,0,0,,
E,1648694640,0,0,,
E,1648695240,0,0,,
E,1648695840,0,0,,
E,1648696440,0,0,,
E,1648697040,0,0,,
E,1648697640,0,0,,
E,1648698240,0,0,,
E,1648698840,0,0,,
E,1648699440,0,0,,
E,1648700040,0,0,,
E,1648700640,0,0,,
E,1648701240,0,0,,
E,1648701840,0,0,,
E,1648702440,0,0,,
E,1648703040,0,0,,
E,1648703640,0,0,,
E,1648704240,0,0,,
E,1648704840,0,0,,
E,1648705440,0,0,,
E,1648706040,0,0,,
E,1648706640,0,0,,
E,1648707240,0,0,,
E,1648707840,0,0,,
E,1648708440,0,0,,
E,1648709040,0,0,,
E,1648709640,0,0,,
E,1648710240,0,0,,
E,1648710840,0,0,,
E,1648711440,0,0,,
E,1648712040,0,0,,
E,1648712640,0,0,,
E,1648713240,0,0,,
E,1648713840,0,0,,
E,1648714440,0,0,,
E,1648715040,0,0,,
E,1648715640,0,0,,
E,1648716240,0,0,,
E,1648716840,0,0,,
E,1648717500,0,60,,
E,1648718100,0,0,,
E,1648718700,0,0,,
E,1648719300,0,0,,
E,1648719900,0,0,,
E,1648720500,0,0,,
E,1648721100,0,0,,
E,1648721700,0,0,,
E,1648722300,0,0,,
E,1648722900,0,0,,
E,1648723500,0,0,,
E,1648724100,0,0,,
E,1648724700,0,0,,
E,1648725300,0,0,,
E,1648725900,0,0,,
E,1648726500,0,0,,
E,1648727100,0,0,,
E,1648727700,0,0,,
E,1648728300,0,0,,
E,1648728900,0,0,,
E,1648729500,0,0,,
E,1648730100,0,0,,
E,1648730700,0,0,,
E,1648731300,0,0,,
E,1648731900,0,0,,
E,1648732500,0,0,,
E,1648733100,0,0,,
E,1648733700,0,0,,
E,1648734300,0,0,,
E,1648734900,0,0,,
E,1648735500,0,0,,
E,1648736100,0,0,,
E,1648736700,0,0,,
E,1648737300,0,0,,
E,1648737900,0,0,,
E,1648738500,0,0,,
E,1648739100,0,0,,
E,1648739700,0,0,,
E,1648740300,0,0,,
E,1648740900,0,0,,
E,1648741500,0,0,,
E,1648742100,0,0,,
E,1648742700,0,0,,
E,1648743300,0,0,,
E,1648743900,0,0,,
E,1648744500,0,0,,
E,1648745100,0,0,,
E,1648745700,1,0,,
E,1648746300,0,0,,
E,1648746960,0,60,,
E,1648747560,0,0,,
E,1648748160,0,0,,
E,1648748760,0,0,,
E,1648749360,0,0,,
E,1648749960,0,0,,
E,1648750560,0,0,,
E,1648751160,0,0,,
E,1648751760,0,0,,
E,1648752360,0,0,,
E,1648752960,0,0,,
E,1648753560,0,0,,
E,1648754160,0,0,,
E,1648754760,0,0,,
E,1648755360,0,0,,
E,1648755960,0,0,,
E,1648756560,0,0,,
E,1648757160,0,0,,
E,1648757760,0,0,,
E,1648758360,0,0,,
E,1648758960,0,0,,
E,1648759560,0,0,,
E,1648760160,0,0,,
E,1648760760,0,0,,
E,1648761360,0,0,,
E,1648761960,0,0,,
E,1648762560,0,0,,
E,1648763160,0,0,,
E,1648763760,0,0,,
E,1648764360,0,0,,
E,1648764960,0,0,,
E,1648765560,0,0,,
E,1648766160,0,0,,
E,1648766760,0,0,,
E,1648767360,0,0,,
E,1648767960,0,0,,
E,1648768560,0,0,,
E,1648769160,0,0,,
E,1648769760,0,0,,
E,1648770360,0,0,,
E,1648770960,0,0,,
E,1648771560,0,0,,
E,1648772160,0,0,,
E,1648772760,0,0,,
E,1648773420,0,60,,
E,1648774020,0,0,,
E,1648774620,0,0,,
E,1648775220,0,0,,
E,1648775820,0,0,,
E,1648776420,0,0,,
E,1648777020,0,0,,
E,1648777620,0,0,,
E,1648778220,0,0,,
E,1648778820,0,0,,
E,1648779420,0,0,,
E,1648780020,0,0,,
E,1648780620,0,0,,
E,1648781220,0,0,,
E,1648781820,0,0,,
E,1648782420,0,0,,
E,1648783020,0,0,,
E,1648783620,0,0,,
E,1648784220,0,0,,
E,1648784820,0,0,,
E,1648785420,0,0,,
E,1648786020,0,0,,
E,1648786620,0,0,,
E,1648787220,0,0,,
E,1648787820,0,0,,
E,1648788420,0,0,,
E,1648789020,0,0,,
E,1648789620,0,0,,
E,1648790220,0,0,,
E,1648790820,0,0,,
E,1648791420,0,0,,
E,1648792020,0,0,,
E,1648792620,0,0,,
E,1648793220,0,0,,
E,1648793820,0,0,,
E,1648794420,0,0,,
E,1648795020,0,0,,
E,1648795620,0,0,,
E,1648796220,0,0,,
E,1648796820,0,0,,
E,1648797420,0,0,,
E,1648798020,0,0,,
E,1648798620,0,0,,
E,1648799280,0,60,,
E,1648799880,0,0,,
E,1648800480,0,0,,
E,1648801080,0,0,,
E,1648801680,0,0,,
E,1648802280,0,0,,
E,1648802880,0,0,,
E,1648803480,0,0,,
E,1648804080,0,0,,
E,1648804680,0,0,,
E,1648805280,0,0,,
E,1648805880,0,0,,
E,1648806480,0,0,,
E,1648807080,0,0,,
E,1648807680,0,0,,
E,1648808280,0,0,,
E,1648808880,0,0,,
E,1648809480,0,0,,
E,1648810080,0,0,,
E,1648810680,0,0,,
E,1648811280,0,0,,
E,1648811880,0,0,,
E,1648812480,0,0,,
E,1648813080,0,0,,
E,1648813680,0,0,,
E,1648814280,0,0,,
E,1648814880,0,0,,
E,1648815480,0,0,,
E,1648816080,0,0,,
E,1648816680,0,0,,
E,1648817280,0,0,,
E,1648817880,0,0,,
E,1648818480,0,0,,
E,1648819080,0,0,,
E,1648819680,0,0,,
E,1648820280,0,0,,
E,1648820880,0,0,,
E,1648821480,0,0,,
E,1648822080,0,0,,
E,1648822680,0,0,,
E,1648823280,0,0,,
E,1648823880,0,0,,
E,1648824480,0,0,,
E,1648825080,0,0,,
E,1648825680,0,0,,
E,1648826280,0,0,,
E,1648826940,0,60,,
E,1648827540,0,0,,
E,1648828140,0,0,,
E,1648828740,0,0,,
E,1648829340,0,0,,
E,1648829940,0,0,,
E,1648830540,0,0,,
E,1648831140,0,0,,
E,1648831740,0,0,,
E,1648832340,0,0,,
E,1648832940,0,0,,
E,1648833540,0,0,,
E,1648834140,0,0,,
E,1648834740,0,0,,
E,1648835340,0,0,,
E,1648835940,0,0,,
E,1648836540,0,0,,
E,1648837140,0,0,,
E,1648837740,0,0,,
E,1648838340,0,0,,
E,1648838940,0,0,,
E,1648839540,0,0,,
E,1648840140,0,0,,
E,1648840740,0,0,,
E,1648841340,0,0,,
E,1648841940,0,0,,
E,1648842540,0,0,,
E,1648843140,0,0,,
E,1648843740,0,0,,
E,1648844340,0,0,,
E,1648844940,0,0,,
E,1648845540,0,0,,
E,1648846140,0,0,,
E,1648846740,0,0,,
E,1648847340,0,0,,
E,1648847940,0,0,,
E,1648848540,0,0,,
E,1648849140,0,0,,
E,1648849740,0,0,,
E,1648850340,0,0,,
E,1648850940,0,0,,
E,1648851540,0,0,,
E,1648852140,0,0,,
E,1648852740,0,0,,
E,1648853340,0,0,,
E,1648854000,0,60,,
E,1648854600,0,0,,
E,1648855200,0,0,,
E,1648855800,0,0,,
E,1648856400,0,0,,
E,1648857000,0,0,,
E,1648857600,0,0,,
E,1648858200,0,0,,
E,1648858800,0,0,,
E,1648859400,0,0,,
E,1648860000,0,0,,
E,1648860600,0,0,,
E,1648861200,0,0,,
E,1648861800,0,0,,
E,1648862400,0,0,,
E,1648863000,0,0,,
E,1648863600,0,0,,
E,1648864200,0,0,,
E,1648864800,0,0,,
E,1648865400,0,0,,
E,1648866000,0,0,,
E,1648866600,0,0,,
E,1648867200,0,0,,
E,1648867800,0,0,,
E,1648868400,0,0,,
E,1648869000,0,0,,
E,1648869600,0,0,,
E,1648870200,0,0,,
E,1648870800,0,0,,
E,1648871400,0,0,,
E,1648872000,0,0,,
E,1648872600,0,0,,
E,1648873200,0,0,,
E,1648873800,1,0,,
E,1648874400,1,0,,
E,1648875000,1,0,,
E,1648875600,0,0,,
E,1648876200,1,0,,
E,1648876800,1,0,,
E,1648877400,1,0,,
E,1648878000,1,0,,
E,1648878600,1,0,,
E,1648879200,1,0,,
E,1648879860,1,60,,
E,1648880460,1,0,,
E,1648881060,1,0,,
E,1648881660,1,0,,
E,1648882260,1,0,,
E,1648882860,1,0,,
E,1648883460,1,0,,
E,1648884060,1,0,,
E,1648884660,1,0,,
E,1648885260,1,0,,
E,1648885860,0,0,,
E,1648886460,0,0,,
E,1648887060,0,0,,
E,1648887660,0,0,,
E,1648888260,0,0,,
E,1648888860,0,0,,
E,1648889460,0,0,,
E,1648890060,0,0,,
E,1648890660,0,0,,
E,1648891260,0,0,,
E,1648891860,0,0,,
E,1648892460,0,0,,
E,1648893060,0,0,,
E,1648893660,0,0,,
E,1648894260,0,0,,
E,1648894860,0,0,,
E,1648895460,0,0,,
E,1648896060,0,0,,
E,1648900740,0,4080,,
E,1648901340,0,0,,
E,1648901940,0,0,,
E,1648902540,0,0,,
E,1648903140,0,0,,
E,1648903740,0,0,,
E,1648904340,0,0,,
E,1648904940,0,0,,
E,1648905540,0,0,,
E,1648906200,0,60,,
E,1648906800,0,0,,
E,1648907400,0,0,,
E,1648908000,0,0,,
E,1648908600,0,0,,
E,1648909200,0,0,,
E,1648909800,0,0,,
E,1648910400,0,0,,
E,1648911000,0,0,,
E,1648911600,0,0,,
E,1648912200,0,0,,
E,1648912800,0,0,,
E,1648913400,0,0,,
E,1648914000,0,0,,
E,1648914600,0,0,,
E,1648915200,0,0,,
E,1648915800,0,0,,
E,1648916400,0,0,,
E,1648917000,0,0,,
E,1648917600,0,0,,
E,1648918200,0,0,,
E,1648918800,0,0,,
E,1648919400,0,0,,
E,1648920000,0,0,,
E,1648920600,0,0,,
E,1648921200,0,0,,
E,1648921800,0,0,,
E,1648922400,0,0,,
E,1648923000,0,0,,
E,1648923600,0,0,,
E,1648924200,0,0,,
E,1648924800,0,0,,
E,1648925400,0,0,,
E,1648926000,0,0,,
E,1648926600,0,0,,
E,1648927200,0,0,,
E,1648927800,0,0,,
E,1648928400,0,0,,
E,1648929000,0,0,,
E,1648929600,0,0,,
E,1648930200,0,0,,
E,1648930800,0,0,,
E,1648931400,0,0,,
E,1648932060,0,60,,
E,1648932660,0,0,,
E,1648933260,0,0,,
E,1648933860,0,0,,
E,1648934460,0,0,,
E,1648935060,0,0,,
E,1648935660,0,0,,
E,1648936260,0,0,,
E,1648936860,0,0,,
E,1648937460,0,0,,
E,1648938060,0,0,,
E,1648938660,0,0,,
E,1648939260,0,0,,
E,1648939860,0,0,,
E,1648940460,0,0,,
E,1648941060,0,0,,
E,1648941660,0,0,,
E,1648942260,0,0,,
E,1648942860,1,0,,
E,1648943460,1,0,,
E,1648944060,0,0,,
E,1648944660,0,0,,
E,1648945260,1,0,,
E,1648945860,1,0,,
E,1648946460,1,0,,
E,1648947060,1,0,,
E,1648947660,1,0,,
E,1648948260,1,0,,
E,1648948860,1,0,,
E,1648949460,1,0,,
E,1648950060,1,0,,
E,1648950660,1,0,,
E,1648951260,1,0,,
E,1648951860,1,0,,
E,1648952460,1,0,,
E,1648953060,1,0,,
E,1648953660,1,0,,
E,1648954260,1,0,,
E,1648954860,1,0,,
E,1648955460,1,0,,
E,1648956060,1,0,,
E,1648956660,1,0,,
E,1648957260,1,0,,
E,1648957920,1,60,,
E,1648958520,1,0,,
E,1648959120,1,0,,
E,1648959720,1,0,,
E,1648960320,1,0,,
E,1648960920,1,0,,
E,1648961520,1,0,,
E,1648962120,1,0,,
E,1648962720,1,0,,
E,1648963320,1,0,,
E,1648963920,1,0,,
E,1648964520,1,0,,
E,1648965120,1,0,,
E,1648965720,1,0,,
E,1648966320,1,0,,
E,1648966920,1,0,,
E,1648967520,1,0,,
E,1648968120,1,0,,
E,1648968720,1,0,,
E,1648969320,1,0,,
E,1648969920,1,0,,
E,1648970520,1,0,,
E,1648971120,1,0,,
E,1648971720,1,0,,
E,1648972320,1,0,,
E,1648972920,0,0,,
E,1648973520,0,0,,
E,1648974120,0,0,,
E,1648974720,0,0,,
E,1648975320,0,0,,
E,1648975920,0,0,,
E,1648976520,0,0,,
E,1648977120,0,0,,
E,1648977720,0,0,,
E,1648978320,0,0,,
E,1648978920,0,0,,
E,1648979520,0,0,,
E,1648980120,0,0,,
E,1648980720,0,0,,
E,1648981320,0,0,,
E,1648981920,0,0,,
E,1648982520,0,0,,
E,1648983120,0,0,,
E,1648983780,0,60,,
E,1648984380,0,0,,
E,1648984980,0,0,,
E,1648985580,0,0,,
E,1648986180,0,0,,
E,1648986780,0,0,,
E,1648987380,0,0,,
E,1648987980,0,0,,
E,1648988580,0,0,,
E,1648989180,0,0,,
E,1648989780,0,0,,
E,1648990380,0,0,,
E,1648990980,0,0,,
E,1648991580,0,0,,
E,1648992180,0,0,,
E,1648992780,0,0,,
E,1648993380,0,0,,
E,1648993980,0,0,,
E,1648994580,0,0,,
E,1648995180,0,0,,
E,1648995780,0,0,,
E,1648996380,0,0,,
E,1648996980,0,0,,
E,1648997580,0,0,,
E,1648998180,0,0,,
E,1648998780,0,0,,
E,1648999380,0,0,,
E,1648999980,0,0,,
E,1649000580,0,0,,
E,1649001180,0,0,,
E,1649001780,0,0,,
E,1649002380,0,0,,
E,1649002980,0,0,,
E,1649003580,0,0,,
E,1649004180,0,0,,
E,1649004780,0,0,,
E,1649005380,0,0,,
E,1649005980,0,0,,
E,1649006580,0,0,,
E,1649007180,0,0,,
E,1649007780,0,0,,
E,1649008380,0,0,,
E,1649008980,0,0,,
E,1649009580,0,0,,
E,1649010240,0,60,,
E,1649010840,0,0,,
E,1649011440,0,0,,
E,1649012040,0,0,,
E,1649012640,0,0,,
E,1649013240,1,0,,
E,1649013840,1,0,,
E,1649014440,1,0,,
E,1649015040,1,0,,
E,1649015640,1,0,,
E,1649016240,1,0,,
E,1649016840,1,0,,
E,1649017440,1,0,,
E,1649018040,0,0,,
E,1649018640,0,0,,
E,1649019240,0,0,,
E,1649019840,0,0,,
E,1649020440,0,0,,
E,1649021040,0,0,,
E,1649021640,0,0,,
E,1649022240,0,0,,
E,1649022840,0,0,,
E,1649023440,0,0,,
E,1649024040,0,0,,
E,1649024640,0,0,,
E,1649025240,0,0,,
E,1649025840,0,0,,
E,1649026440,0,0,,
E,1649027040,0,0,,
E,1649027640,0,0,,
E,1649028240,0,0,,
E,1649028840,0,0,,
E,1649029440,0,0,,
E,1649030040,0,0,,
E,1649030640,0,0,,
E,1649031240,0,0,,
E,1649031840,0,0,,
E,1649032440,0,0,,
E,1649033040,0,0,,
E,1649033640,0,0,,
E,1649034240,0,0,,
E,1649034840,0,0,,
E,1649035440,0,0,,
E,1649036100,0,60,,
E,1649036700,0,0,,
E,1649037300,0,0,,
E,1649037900,0,0,,
E,1649038500,0,0,,
E,1649039100,0,0,,
E,1649039700,0,0,,
E,1649040300,0,0,,
E,1649040900,0,0,,
E,1649041500,0,0,,
E,1649042100,0,0,,
E,1649042700,0,0,,
E,1649043300,0,0,,
E,1649043900,0,0,,
E,1649044500,0,0,,
E,1649045100,0,0,,
E,1649045700,0,0,,
E,1649046300,0,0,,
E,1649046900,0,0,,
E,1649047500,0,0,,
E,1649048100,0,0,,
E,1649048700,0,0,,
E,1649049300,0,0,,
E,1649049900,0,0,,
E,1649050500,0,0,,
E,1649051100,1,0,,
E,1649051700,1,0,,
E,1649052300,1,0,,
E,1649052900,0,0,,
E,1649053500,0,0,,
E,1649054100,0,0,,
E,1649054700,0,0,,
E,1649055300,1,0,,
E,1649055900,1,0,,
E,1649056500,1,0,,
E,1649057100,1,0,,
E,1649057700,1,0,,
E,1649058300,1,0,,
E,1649058900,1,0,,
E,1649059500,1,0,,
E,1649060100,1,0,,
E,1649060700,1,0,,
E,1649061300,1,0,,
E,1649061900,1,0,,
E,1649062560,1,60,,
E,1649063160,1,0,,
E,1649063760,1,0,,
E,1649064360,1,0,,
E,1649064960,1,0,,
E,1649065560,1,0,,
E,1649066160,1,0,,
E,1649066760,1,0,,
E,1649067360,1,0,,
E,1649067960,1,0,,
E,1649068560,1,0,,
E,1649069160,1,0,,
E,1649069760,1,0,,
E,1649070360,1,0,,
E,1649070960,1,0,,
E,1649071560,1,0,,
E,1649072160,1,0,,
E,1649072760,1,0,,
E,1649073360,1,0,,
E,1649073960,1,0,,
E,1649074560,1,0,,
E,1649075160,1,0,,
E,1649075760,1,0,,
E,1649076360,1,0,,
E,1649076960,1,0,,
E,1649077560,1,0,,
E,1649078160,1,0,,
E,1649078760,1,0,,
E,1649079360,1,0,,
E,1649079960,1,0,,
E,1649080560,1,0,,
E,1649081160,1,0,,
E,1649081760,1,0,,
E,1649082360,1,0,,
E,1649082960,1,0,,
E,1649083560,1,0,,
E,1649084160,1,0,,
E,1649084760,1,0,,
E,1649085360,1,0,,
E,1649085960,1,0,,
E,1649086560,1,0,,
E,1649087160,1,0,,
E,1649087760,1,0,,
E,1649088360,1,0,,
E,1649088960,1,0,,
E,1649089560,1,0,,
E,1649090220,1,60,,
E,1649090820,1,0,,
E,1649091420,1,0,,
E,1649092020,1,0,,
E,1649092620,1,0,,
E,1649093220,1,0,,
E,1649093820,1,0,,
E,1649094420,1,0,,
E,1649095020,0,0,,
E,1649095620,0,0,,
E,1649096220,1,0,,
E,1649096820,1,0,,
E,1649097420,1,0,,
E,1649098020,1,0,,
E,1649098620,1,0,,
E,1649099220,1,0,,
E,1649099820,1,0,,
E,1649100420,0,0,,
E,1649101020,0,0,,
E,1649101620,0,0,,
E,1649102220,0,0,,
E,1649102820,0,0,,
E,1649103420,0,0,,
E,1649104020,0,0,,
E,1649104620,0,0,,
E,1649105220,0,0,,
E,1649105820,0,0,,
E,1649106420,0,0,,
E,1649107020,0,0,,
E,1649107620,0,0,,
E,1649108220,0,0,,
E,1649108820,0,0,,
E,1649109420,0,0,,
E,1649110020,0,0,,
E,1649110620,0,0,,
E,1649111220,0,0,,
E,1649111820,0,0,,
E,1649112420,0,0,,
E,1649113020,0,0,,
E,1649113620,0,0,,
E,1649114220,0,0,,
E,1649114820,0,0,,
E,1649115420,0,0,,
E,1649116020,0,0,,
E,1649116680,0,60,,
E,1649117280,0,0,,
E,1649117880,0,0,,
E,1649118480,0,0,,
E,1649119080,0,0,,
E,1649119680,0,0,,
E,1649120280,0,0,,
E,1649120880,0,0,,
E,1649121480,0,0,,
E,1649122080,0,0,,
E,1649122680,0,0,,
E,1649123280,0,0,,
E,1649123880,0,0,,
E,1649124480,0,0,,
E,1649125080,0,0,,
E,1649125680,0,0,,
E,1649126280,0,0,,
E,1649126880,0,0,,
E,1649127480,0,0,,
E,1649128080,0,0,,
E,1649128680,0,0,,
E,1649129280,0,0,,
E,1649129880,0,0,,
E,1649130480,0,0,,
E,1649131080,0,0,,
E,1649131680,0,0,,
E,1649132280,0,0,,
E,1649132880,0,0,,
E,1649133480,0,0,,
E,1649134080,0,0,,
E,1649134680,0,0,,
E,1649135280,0,0,,
E,1649135880,0,0,,
E,1649136480,0,0,,
E,1649137080,0,0,,
E,1649137680,0,0,,
E,1649138280,0,0,,
E,1649138880,0,0,,
E,1649139480,0,0,,
E,1649140080,0,0,,
E,1649140680,0,0,,
E,1649141280,0,0,,
E,1649141880,0,0,,
E,1649142540,0,60,,
E,1649143140,0,0,,
E,1649143740,0,0,,
E,1649144340,0,0,,
E,1649144940,0,0,,
E,1649145540,0,0,,
E,1649146140,0,0,,
E,1649146740,0,0,,
E,1649147340,0,0,,
E,1649147940,0,0,,
E,1649148540,0,0,,
E,1649149140,0,0,,
E,1649149740,0,0,,
E,1649150340,0,0,,
E,1649150940,0,0,,
E,1649151540,0,0,,
E,1649152140,0,0,,
E,1649152740,0,0,,
E,1649153340,0,0,,
E,1649153940,0,0,,
E,1649154540,0,0,,
E,1649155140,0,0,,
E,1649155740,0,0,,
E,1649156340,0,0,,
E,1649156940,0,0,,
E,1649157540,0,0,,
E,1649158140,0,0,,
E,1649158740,0,0,,
E,1649159340,0,0,,
E,1649159940,0,0,,
E,1649160540,0,0,,
E,1649161140,0,0,,
E,1649161740,0,0,,
E,1649162340,0,0,,
E,1649162940,0,0,,
E,1649163540,0,0,,
E,1649164140,0,0,,
E,1649164740,0,0,,
E,1649165340,0,0,,
E,1649165940,0,0,,
E,1649166540,0,0,,
E,1649167140,0,0,,
E,1649167740,0,0,,
E,1649168340,0,0,,
E,1649168940,0,0,,
E,1649169540,0,0,,
E,1649170200,0,60,,
E,1649170800,0,0,,
E,1649171400,0,0,,
E,1649172000,0,0,,
E,1649172600,0,0,,
E,1649173200,0,0,,
E,1649173800,0,0,,
E,1649174400,0,0,,
E,1649175000,0,0,,
E,1649175600,0,0,,
E,1649176200,0,0,,
E,1649176800,0,0,,
E,1649177400,0,0,,
E,1649178000,0,0,,
E,1649178600,0,0,,
E,1649179200,0,0,,
E,1649179800,0,0,,
E,1649180400,0,0,,
E,1649181000,0,0,,
E,1649181600,0,0,,
E,1649182200,0,0,,
E,1649182800,0,0,,
E,1649183400,0,0,,
E,1649184000,0,0,,
E,1649184600,0,0,,
E,1649185200,0,0,,
E,1649185800,0,0,,
E,1649186400,0,0,,
E,1649187000,0,0,,
E,1649187600,0,0,,
E,1649188200,0,0,,
E,1649188800,0,0,,
E,1649189400,0,0,,
E,1649190000,0,0,,
E,1649190600,0,0,,
E,1649191200,0,0,,
E,1649191800,0,0,,
E,1649192400,0,0,,
E,1649193060,0,60,,
E,1649193660,0,0,,
E,1649194260,0,0,,
E,1649194860,0,0,,
E,1649195460,0,0,,
E,1649196060,0,0,,
E,1649196660,0,0,,
E,1649197260,0,0,,
E,1649197860,0,0,,
E,1649198460,0,0,,
E,1649199060,0,0,,
E,1649199660,0,0,,
E,1649200260,0,0,,
E,1649200860,0,0,,
E,1649201460,0,0,,
E,1649202060,0,0,,
E,1649202660,0,0,,
E,1649203260,0,0,,
E,1649203860,0,0,,
E,1649204460,0,0,,
E,1649205060,0,0,,
E,1649205660,0,0,,
E,1649206260,0,0,,
E,1649206860,0,0,,
E,1649207460,0,0,,
E,1649208060,0,0,,
E,1649208660,0,0,,
E,1649209260,0,0,,
E,1649209860,0,0,,
E,1649210460,0,0,,
E,1649211060,0,0,,
E,1649211660,0,0,,
E,1649212260,0,0,,
E,1649212860,0,0,,
E,1649213460,0,0,,
E,1649214060,0,0,,
E,1649214660,0,0,,
E,1649215260,0,0,,
E,1649215860,0,0,,
E,1649216460,0,0,,
E,1649217060,0,0,,
E,1649217660,0,0,,
E,1649218260,0,0,,
E,1649218860,0,0,,
E,1649219520,0,60,,
E,1649220120,0,0,,
E,1649220720,0,0,,
E,1649221320,0,0,,
E,1649221920,0,0,,
E,1649222520,0,0,,
E,1649223120,0,0,,
E,1649223720,0,0,,
E,1649224320,0,0,,
E,1649224920,0,0,,
E,1649225520,0,0,,
E,1649226120,0,0,,
E,1649226720,0,0,,
E,1649227320,0,0,,
E,1649227920,0,0,,
E,1649228520,0,0,,
E,1649229120,0,0,,
E,1649229720,0,0,,
E,1649230320,0,0,,
E,1649230920,0,0,,
E,1649231520,0,0,,
E,1649232120,0,0,,
E,1649232720,0,0,,
E,1649233320,0,0,,
E,1649233920,0,0,,
E,1649234520,0,0,,
E,1649235120,0,0,,
E,1649235720,0,0,,
E,1649236320,0,0,,
E,1649236920,0,0,,
E,1649237520,0,0,,
E,1649238120,0,0,,
E,1649238720,0,0,,
E,1649239320,0,0,,
E,1649239920,0,0,,
E,1649240520,0,0,,
E,1649241120,0,0,,
E,1649241720,0,0,,
E,1649242320,0,0,,
E,1649242920,0,0,,
E,1649243520,0,0,,
E,1649244120,0,0,,
E,1649244720,0,0,,
E,1649245320,0,0,,
E,1649245980,0,60,,
E,1649246580,0,0,,
E,1649247180,0,0,,
E,1649247780,0,0,,
E,1649248380,0,0,,
E,1649248980,0,0,,
E,1649249580,0,0,,
E,1649250180,0,0,,
E,1649250780,0,0,,
E,1649251380,0,0,,
E,1649251980,0,0,,
E,1649252580,0,0,,
E,1649253180,0,0,,
E,1649253780,0,0,,
E,1649254380,0,0,,
E,1649254980,0,0,,
E,1649255580,0,0,,
E,1649256180,0,0,,
E,1649256780,0,0,,
E,1649257380,0,0,,
E,1649257980,0,0,,
E,1649258580,0,0,,
E,1649259180,0,0,,
E,1649259780,0,0,,
E,1649260380,0,0,,
E,1649260980,0,0,,
E,1649261580,0,0,,
E,1649262180,0,0,,
E,1649262780,0,0,,
E,1649263380,0,0,,
E,1649263980,0,0,,
E,1649264580,0,0,,
E,1649265180,0,0,,
E,1649265780,0,0,,
E,1649266380,0,0,,
E,1649266980,0,0,,
E,1649267580,0,0,,
E,1649268180,0,0,,
E,1649268840,0,60,,
E,1649269440,0,0,,
E,1649270040,0,0,,
E,1649270640,0,0,,
E,1649271240,0,0,,
E,1649271840,0,0,,
E,1649272440,0,0,,
E,1649273040,0,0,,
E,1649273640,0,0,,
E,1649274240,0,0,,
E,1649274840,0,0,,
E,1649275440,0,0,,
E,1649276040,0,0,,
E,1649276640,0,0,,
E,1649277240,0,0,,
E,1649277840,0,0,,
E,1649278440,0,0,,
E,1649279040,0,0,,
E,1649279640,0,0,,
E,1649280240,0,0,,
E,1649280840,0,0,,
E,1649281440,0,0,,
E,1649282040,0,0,,
E,1649282640,0,0,,
E,1649283240,0,0,,
E,1649283840,0,0,,
E,1649284440,0,0,,
E,1649285040,0,0,,
E,1649285640,0,0,,
E,1649286240,0,0,,
E,1649286840,0,0,,
E,1649287440,0,0,,
E,1649288040,0,0,,
E,1649288640,0,0,,
E,1649289240,0,0,,
E,1649289840,0,0,,
E,1649290440,0,0,,
E,1649291040,0,0,,
E,1649291640,0,0,,
E,1649292240,0,0,,
E,1649292840,0,0,,
E,1649293440,0,0,,
E,1649294040,0,0,,
E,1649294640,0,0,,
E,1649295300,0,60,,
E,1649295900,0,0,,
E,1649296500,0,0,,
E,1649297100,0,0,,
E,1649297700,0,0,,
E,1649298300,0,0,,
E,1649298900,0,0,,
E,1649299500,0,0,,
E,1649300100,0,0,,
E,1649300700,0,0,,
E,1649301300,0,0,,
E,1649301900,0,0,,
E,1649302500,0,0,,
E,1649303100,0,0,,
E,1649303700,0,0,,
E,1649304300,0,0,,
E,1649304900,0,0,,
E,1649305500,0,0,,
E,1649306100,0,0,,
E,1649306700,0,0,,
E,1649307300,0,0,,
E,1649307900,0,0,,
E,1649308500,0,0,,
E,1649309100,0,0,,
E,1649309700,0,0,,
E,1649310300,0,0,,
E,1649310900,0,0,,
E,1649311500,0,0,,
E,1649312100,0,0,,
E,1649312700,0,0,,
E,1649313300,0,0,,
E,1649313900,0,0,,
E,1649314500,0,0,,
E,1649315100,0,0,,
E,1649315700,0,0,,
E,1649316300,0,0,,
E,1649316900,0,0,,
E,1649317500,0,0,,
E,1649318100,0,0,,
E,1649318700,0,0,,
E,1649319300,0,0,,
E,1649319900,0,0,,
E,1649320500,0,0,,
E,1649321160,0,60,,
E,1649321760,0,0,,
E,1649322360,0,0,,
E,1649322960,0,0,,
E,1649323560,0,0,,
E,1649324160,0,0,,
E,1649324760,0,0,,
E,1649325360,0,0,,
E,1649325960,0,0,,
E,1649326560,0,0,,
E,1649327160,0,0,,
E,1649327760,0,0,,
E,1649328360,0,0,,
E,1649328960,0,0,,
E,1649329560,0,0,,
E,1649330160,0,0,,
E,1649330760,0,0,,
E,1649331360,0,0,,
E,1649331960,0,0,,
E,1649332560,0,0,,
E,1649333160,0,0,,
E,1649333760,0,0,,
E,1649334360,0,0,,
E,1649334960,0,0,,
E,1649335560,0,0,,
E,1649336160,0,0,,
E,1649336760,0,0,,
E,1649337360,0,0,,
E,1649337960,0,0,,
E,1649338560,0,0,,
E,1649339160,0,0,,
E,1649339760,0,0,,
E,1649340360,0,0,,
E,1649340960,0,0,,
E,1649341560,0,0,,
E,1649342160,0,0,,
E,1649342760,0,0,,
E,1649343360,0,0,,
E,1649343960,0,0,,
E,1649344560,0,0,,
E,1649345160,0,0,,
E,1649345760,0,0,,
E,1649346360,0,0,,
E,1649346960,0,0,,
E,1649347560,0,0,,
E,1649348160,0,0,,
E,1649348760,0,0,,
E,1649349360,0,0,,
E,1649350020,0,60,,
E,1649350620,0,0,,
E,1649351220,0,0,,
E,1649351820,0,0,,
E,1649352420,0,0,,
E,1649353020,0,0,,
E,1649353620,0,0,,
E,1649354220,0,0,,
E,1649354820,0,0,,
E,1649355420,0,0,,
E,1649356020,0,0,,
E,1649356620,0,0,,
E,1649357220,0,0,,
E,1649357820,0,0,,
E,1649358420,0,0,,
E,1649359020,0,0,,
E,1649359620,0,0,,
E,1649360220,0,0,,
E,1649360820,0,0,,
E,1649361420,0,0,,
E,1649362020,0,0,,
E,1649362620,0,0,,
E,1649363220,0,0,,
E,1649363820,0,0,,
E,1649364420,0,0,,
E,1649365020,0,0,,
E,1649365620,0,0,,
E,1649366220,0,0,,
E,1649366820,0,0,,
E,1649367420,0,0,,
E,1649368020,0,0,,
E,1649368620,0,0,,
E,1649369220,0,0,,
E,1649369820,0,0,,
E,1649370420,0,0,,
E,1649371020,0,0,,
E,1649371620,0,0,,
E,1649372220,0,0,,
E,1649372820,0,0,,
E,1649373420,0,0,,
E,1649374020,0,0,,
E,1649374620,0,0,,
E,1649375220,0,0,,
E,1649375820,0,0,,
E,1649376480,0,60,,
E,1649377080,0,0,,
E,1649377680,0,0,,
E,1649378280,0,0,,
E,1649378880,0,0,,
E,1649379480,0,0,,
E,1649380080,0,0,,
E,1649380680,0,0,,
E,1649381280,0,0,,
E,1649381880,0,0,,
E,1649382480,0,0,,
E,1649383080,0,0,,
E,1649383680,0,0,,
E,1649384280,0,0,,
E,1649384880,0,0,,
E,1649385480,0,0,,
E,1649386080,0,0,,
E,1649386680,0,0,,
E,1649387280,0,0,,
E,1649387880,0,0,,
E,1649388480,0,0,,
E,1649389080,1,0,,
E,1649389680,1,0,,
E,1649390280,1,0,,
E,1649390880,1,0,,
E,1649391480,1,0,,
E,1649392080,1,0,,
E,1649392680,1,0,,
E,1649393280,1,0,,
E,1649393880,1,0,,
E,1649394480,1,0,,
E,1649395080,1,0,,
E,1649395680,1,0,,
E,1649396280,1,0,,
E,1649396880,1,0,,
E,1649397480,1,0,,
E,1649398080,1,0,,
E,1649398680,1,0,,
E,1649399280,1,0,,
E,1649399880,1,0,,
E,1649400480,1,0,,
E,1649401080,1,0,,
E,1649401680,1,0,,
E,1649402280,1,0,,
E,1649402940,1,60,,
E,1649403540,1,0,,
E,1649404140,1,0,,
E,1649404740,1,0,,
E,1649405340,1,0,,
E,1649405940,1,0,,
E,1649406540,1,0,,
E,1649407140,1,0,,
E,1649407740,0,0,,
E,1649408340,0,0,,
E,1649408940,0,0,,
E,1649409540,0,0,,
E,1649410140,0,0,,
E,1649410740,0,0,,
E,1649411340,0,0,,
E,1649411940,0,0,,
E,1649412540,0,0,,
E,1649413140,0,0,,
E,1649413740,0,0,,
E,1649414340,0,0,,
E,1649414940,0,0,,
E,1649415540,0,0,,
E,1649416140,0,0,,
E,1649416740,0,0,,
E,1649417340,0,0,,
E,1649417940,0,0,,
E,1649418540,0,0,,
E,1649419140,0,0,,
E,1649419740,0,0,,
E,1649420340,0,0,,
E,1649420940,0,0,,
E,1649421540,0,0,,
E,1649422140,0,0,,
E,1649422740,0,0,,
E,1649423340,0,0,,
E,1649423940,0,0,,
E,1649424540,0,0,,
E,1649425140,0,0,,
E,1649425740,0,0,,
E,1649426340,0,0,,
E,1649426940,0,0,,
E,1649427540,0,0,,
E,1649428140,0,0,,
E,1649428740,0,0,,
E,1649429340,0,0,,
E,1649429940,0,0,,
E,1649430600,0,60,,
E,1649431200,0,0,,
E,1649431800,0,0,,
E,1649432400,0,0,,
E,1649433000,0,0,,
E,1649433600,0,0,,
E,1649434200,0,0,,
E,1649434800,0,0,,
E,1649435400,0,0,,
E,1649436000,0,0,,
E,1649436600,0,0,,
E,1649437200,0,0,,
E,1649437800,0,0,,
E,1649438400,0,0,,
E,1649439000,0,0,,
E,1649439600,0,0,,
E,1649440200,0,0,,
E,1649440800,0,0,,
E,1649441400,0,0,,
E,1649442000,0,0,,
E,1649442600,0,0,,
E,1649443200,0,0,,
E,1649443800,0,0,,
E,1649444400,0,0,,
E,1649445000,0,0,,
E,1649445600,0,0,,
E,1649446200,0,0,,
E,1649446800,0,0,,
E,1649447400,0,0,,
E,1649448000,0,0,,
E,1649448600,0,0,,
E,1649449200,0,0,,
E,1649449800,0,0,,
E,1649450400,0,0,,
E,1649451000,0,0,,
E,1649451600,0,0,,
E,1649452200,0,0,,
E,1649452800,0,0,,
E,1649453400,0,0,,
E,1649454000,0,0,,
E,1649454600,0,0,,
E,1649455200,0,0,,
E,1649455800,0,0,,
E,1649456400,0,0,,
E,1649457000,0,0,,
E,1649457660,0,60,,
E,1649458260,0,0,,
E,1649458860,0,0,,
E,1649459460,0,0,,
E,1649460060,0,0,,
E,1649460660,0,0,,
E,1649461260,0,0,,
E,1649461860,0,0,,
E,1649462460,0,0,,
E,1649463060,0,0,,
E,1649463660,0,0,,
E,1649464260,0,0,,
E,1649464860,0,0,,
E,1649465460,0,0,,
E,1649466060,0,0,,
E,1649466660,0,0,,
E,1649467260,0,0,,
E,1649467860,0,0,,
E,1649468460,0,0,,
E,1649469060,0,0,,
E,1649469660,0,0,,
E,1649470260,0,0,,
E,1649470860,0,0,,
E,1649471460,0,0,,
E,1649472060,0,0,,
E,1649472660,0,0,,
E,1649473260,0,0,,
E,1649473860,0,0,,
E,1649474460,0,0,,
E,1649475060,0,0,,
E,1649475660,0,0,,
E,1649476260,0,0,,
E,1649476860,0,0,,
E,1649477460,0,0,,
E,1649478060,0,0,,
E,1649478660,0,0,,
E,1649479260,0,0,,
E,1649479860,0,0,,
E,1649480460,0,0,,
E,1649481060,0,0,,
E,1649481660,0,0,,
E,1649482260,0,0,,
E,1649482860,0,0,,
E,1649483520,0,60,,
E,1649484120,0,0,,
E,1649484720,0,0,,
E,1649485320,0,0,,
E,1649485920,0,0,,
E,1649486520,0,0,,
E,1649487120,0,0,,
E,1649487720,0,0,,
E,1649488320,0,0,,
E,1649488920,0,0,,
E,1649489520,0,0,,
E,1649490120,0,0,,
E,1649490720,0,0,,
E,1649491320,0,0,,
E,1649491920,0,0,,
E,1649492520,0,0,,
E,1649493120,0,0,,
E,1649493720,0,0,,
E,1649494320,0,0,,
E,1649494920,0,0,,
E,1649495520,0,0,,
E,1649496120,0,0,,
E,1649496720,0,0,,
E,1649497320,0,0,,
E,1649497920,0,0,,
E,1649498520,0,0,,
E,1649499120,0,0,,
E,1649499720,0,0,,
E,1649500320,0,0,,
E,1649500920,0,0,,
E,1649501520,0,0,,
E,1649502120,0,0,,
E,1649502720,0,0,,
E,1649503320,0,0,,
E,1649503920,0,0,,
E,1649504520,0,0,,
E,1649505120,0,0,,
E,1649505720,0,0,,
E,1649506320,0,0,,
E,1649506920,0,0,,
E,1649507520,0,0,,
E,1649508120,0,0,,
E,1649508720,0,0,,
E,1649509380,0,60,,
E,1649509980,0,0,,
E,1649510580,0,0,,
E,1649511180,0,0,,
E,1649511780,0,0,,
E,1649512380,0,0,,
E,1649512980,0,0,,
E,1649513580,0,0,,
E,1649514180,0,0,,
E,1649514780,0,0,,
E,1649515380,0,0,,
E,1649515980,0,0,,
E,1649516580,0,0,,
E,1649517180,0,0,,
E,1649517780,0,0,,
E,1649518380,0,0,,
E,1649518980,0,0,,
E,1649519580,0,0,,
E,1649520180,0,0,,
E,1649520780,0,0,,
E,1649521380,0,0,,
E,1649521980,0,0,,
E,1649522580,0,0,,
E,1649523180,0,0,,
E,1649523780,0,0,,
E,1649524380,0,0,,
E,1649524980,0,0,,
E,1649525580,0,0,,
E,1649526180,0,0,,
E,1649526780,0,0,,
E,1649527380,0,0,,
E,1649527980,0,0,,
E,1649528580,0,0,,
E,1649529180,0,0,,
E,1649529780,0,0,,
E,1649530380,0,0,,
E,1649530980,0,0,,
E,1649531580,1,0,,
E,1649532180,1,0,,
E,1649532780,1,0,,
E,1649533380,1,0,,
E,1649533980,1,0,,
E,1649534580,1,0,,
E,1649535180,1,0,,
E,1649535840,1,60,,
E,1649536440,1,0,,
E,1649537040,1,0,,
E,1649537640,1,0,,
E,1649538240,1,0,,
E,1649538840,1,0,,
E,1649539440,1,0,,
E,1649540040,1,0,,
E,1649540640,1,0,,
E,1649541240,1,0,,
E,1649541840,1,0,,
E,1649542440,1,0,,
E,1649543040,1,0,,
E,1649543640,1,0,,
E,1649544240,1,0,,
E,1649544840,1,0,,
E,1649545440,1,0,,
E,1649546040,1,0,,
E,1649546640,1,0,,
E,1649547240,1,0,,
E,1649547840,1,0,,
E,1649548440,1,0,,
E,1649549040,1,0,,
E,1649549640,1,0,,
E,1649550240,1,0,,
E,1649550840,1,0,,
E,1649551440,1,0,,
E,1649552040,1,0,,
E,1649552640,1,0,,
E,1649553240,1,0,,
E,1649553840,1,0,,
E,1649554440,1,0,,
E,1649555040,1,0,,
E,1649555640,1,0,,
E,1649556240,1,0,,
E,1649556840,1,0,,
E,1649557440,1,0,,
E,1649558040,1,0,,
E,1649558640,1,0,,
E,1649559240,1,0,,
E,1649559840,1,0,,
E,1649560440,1,0,,
E,1649561040,1,0,,
E,1649561640,1,0,,
E,1649562300,1,60,,
E,1649562900,1,0,,
E,1649563500,1,0,,
E,1649564100,1,0,,
E,1649564700,1,0,,
E,1649565300,1,0,,
E,1649565900,1,0,,
E,1649566500,1,0,,
E,1649567100,1,0,,
E,1649567700,1,0,,
E,1649568300,1,0,,
E,1649568900,1,0,,
E,1649569500,1,0,,
E,1649570100,1,0,,
E,1649570700,1,0,,
E,1649571300,1,0,,
E,1649571900,1,0,,
E,1649572500,1,0,,
E,1649573100,1,0,,
E,1649573700,1,0,,
E,1649574300,1,0,,
E,1649574900,1,0,,
E,1649575500,1,0,,
E,1649576100,1,0,,
E,1649576700,1,0,,
E,1649577300,1,0,,
E,1649577900,1,0,,
E,1649578500,0,0,,
E,1649579100,0,0,,
E,1649579700,0,0,,
E,1649580300,0,0,,
E,1649580900,0,0,,
E,1649581500,0,0,,
E,1649582100,0,0,,
E,1649582700,0,0,,
E,1649583300,0,0,,
E,1649583900,0,0,,
E,1649584500,0,0,,
E,1649585100,0,0,,
E,1649585700,0,0,,
E,1649586300,0,0,,
E,1649586900,0,0,,
E,1649587500,0,0,,
E,1649588160,0,60,,
E,1649588760,0,0,,
E,1649589360,0,0,,
E,1649589960,0,0,,
E,1649590560,0,0,,
E,1649591160,0,0,,
E,1649591760,0,0,,
E,1649592360,0,0,,
E,1649592960,0,0,,
E,1649593560,0,0,,
E,1649594160,0,0,,
E,1649594760,0,0,,
E,1649595360,0,0,,
E,1649595960,0,0,,
E,1649596560,0,0,,
E,1649597160,0,0,,
E,1649597760,0,0,,
E,1649598360,0,0,,
E,1649598960,0,0,,
E,1649599560,0,0,,
E,1649600160,0,0,,
E,1649600760,0,0,,
E,1649601360,0,0,,
E,1649601960,0,0,,
E,1649602560,0,0,,
E,1649603160,0,0,,
E,1649603760,0,0,,
E,1649604360,0,0,,
E,1649604960,0,0,,
E,1649605560,0,0,,
E,1649606160,0,0,,
E,1649606760,0,0,,
E,1649607360,0,0,,
E,1649607960,0,0,,
E,1649608560,0,0,,
E,1649609160,0,0,,
E,1649609760,0,0,,
E,1649610360,0,0,,
E,1649610960,0,0,,
E,1649611560,0,0,,
E,1649612160,0,0,,
E,1649612760,0,0,,
E,1649613360,0,0,,
E,1649613960,0,0,,
E,1649614560,0,0,,
E,1649615220,1,60,,
E,1649615820,1,0,,
E,1649616420,1,0,,
E,1649617020,1,0,,
E,1649617620,1,0,,
E,1649618220,1,0,,
E,1649618820,1,0,,
E,1649619420,1,0,,
E,1649620020,1,0,,
E,1649620620,1,0,,
E,1649621220,1,0,,
E,1649621820,1,0,,
E,1649622420,1,0,,
E,1649623020,1,0,,
E,1649623620,1,0,,
E,1649624220,1,0,,
E,1649624820,1,0,,
E,1649625420,1,0,,
E,1649626020,1,0,,
E,1649626620,1,0,,
E,1649627220,1,0,,
E,1649627820,1,0,,
E,1649628420,1,0,,
E,1649629020,1,0,,
E,1649629620,1,0,,
E,1649630220,0,0,,
E,1649630820,0,0,,
E,1649631420,0,0,,
E,1649632020,0,0,,
E,1649632620,0,0,,
E,1649633220,0,0,,
E,1649633820,0,0,,
E,1649634420,0,0,,
E,1649635020,0,0,,
E,1649635620,0,0,,
E,1649636220,0,0,,
E,1649636820,0,0,,
E,1649637420,0,0,,
E,1649638020,0,0,,
E,1649638620,0,0,,
E,1649639220,0,0,,
E,1649639820,0,0,,
E,1649640420,0,0,,
E,1649641080,0,60,,
E,1649641680,0,0,,
E,1649642280,0,0,,
E,1649642880,0,0,,
E,1649643480,0,0,,
E,1649644080,0,0,,
E,1649644680,0,0,,
E,1649645280,0,0,,
E,1649645880,0,0,,
E,1649646480,0,0,,
E,1649647080,0,0,,
E,1649647680,0,0,,
E,1649648280,0,0,,
E,1649648880,0,0,,
E,1649649480,0,0,,
E,1649650080,0,0,,
E,1649650680,0,0,,
E,1649651280,1,0,,
E,1649651880,1,0,,
E,1649652480,1,0,,
E,1649653080,1,0,,
E,1649653680,0,0,,
E,1649654280,0,0,,
E,1649654880,0,0,,
E,1649655480,0,0,,
E,1649656080,1,0,,
E,1649656680,1,0,,
E,1649657280,0,0,,
E,1649657880,0,0,,
E,1649658480,0,0,,
E,1649659080,0,0,,
E,1649659680,0,0,,
E,1649660280,0,0,,
E,1649660880,0,0,,
E,1649661480,0,0,,
E,1649662080,0,0,,
E,1649662740,0,60,,
E,1649663340,0,0,,
E,1649663940,0,0,,
E,1649664540,0,0,,
E,1649665140,0,0,,
E,1649665740,0,0,,
E,1649666340,0,0,,
E,1649666940,0,0,,
E,1649667540,0,0,,
E,1649668140,0,0,,
E,1649668740,0,0,,
E,1649669340,0,0,,
E,1649669940,0,0,,
E,1649670540,0,0,,
E,1649671140,0,0,,
E,1649671740,0,0,,
E,1649672340,0,0,,
E,1649672940,0,0,,
E,1649673540,0,0,,
E,1649674140,0,0,,
E,1649674740,0,0,,
E,1649675340,0,0,,
E,1649675940,0,0,,
E,1649676540,0,0,,
E,1649677140,0,0,,
E,1649677740,0,0,,
E,1649678340,0,0,,
E,1649678940,0,0,,
E,1649679540,0,0,,
E,1649680140,0,0,,
E,1649680740,0,0,,
E,1649681340,0,0,,
E,1649681940,0,0,,
E,1649682540,0,0,,
E,1649683140,0,0,,
E,1649683740,0,0,,
E,1649684340,0,0,,
E,1649684940,0,0,,
E,1649685540,0,0,,
E,1649686140,0,0,,
E,1649686800,0,60,,
E,1649687400,0,0,,
E,1649688000,0,0,,
E,1649688600,0,0,,
E,1649689200,0,0,,
E,1649689800,0,0,,
E,1649690400,0,0,,
E,1649691000,0,0,,
E,1649691600,0,0,,
E,1649692200,0,0,,
E,1649692800,0,0,,
E,1649693400,0,0,,
E,1649694000,0,0,,
E,1649694600,0,0,,
E,1649695200,0,0,,
E,1649695800,0,0,,
E,1649696400,0,0,,
E,1649697000,0,0,,
E,1649697600,0,0,,
E,1649698200,0,0,,
E,1649698800,0,0,,
E,1649699400,0,0,,
E,1649700000,0,0,,
E,1649700600,0,0,,
E,1649701200,0,0,,
E,1649701800,0,0,,
E,1649702400,0,0,,
E,1649703000,0,0,,
E,1649703600,0,0,,
E,1649704200,0,0,,
E,1649704800,0,0,,
E,1649705400,0,0,,
E,1649706000,0,0,,
E,1649706600,0,0,,
E,1649707200,0,0,,
E,1649707800,0,0,,
E,1649708400,0,0,,
E,1649709000,0,0,,
E,1649709600,0,0,,
E,1649710200,0,0,,
E,1649710800,1,0,,
E,1649711400,1,0,,
E,1649712000,1,0,,
E,1649712600,1,0,,
E,1649713260,1,60,,
E,1649713860,1,0,,
E,1649714460,1,0,,
E,1649715060,1,0,,
E,1649715660,1,0,,
E,1649716260,1,0,,
E,1649716860,1,0,,
E,1649717460,1,0,,
E,1649718060,1,0,,
E,1649718660,1,0,,
E,1649719260,1,0,,
E,1649719860,1,0,,
E,1649720460,1,0,,
E,1649721060,1,0,,
E,1649721660,1,0,,
E,1649722260,1,0,,
E,1649722860,1,0,,
E,1649723460,1,0,,
E,1649724060,1,0,,
E,1649724660,1,0,,
E,1649725260,1,0,,
E,1649725860,1,0,,
E,1649726460,0,0,,
E,1649727060,0,0,,
E,1649727660,0,0,,
E,1649728260,0,0,,
E,1649728860,0,0,,
E,1649729460,0,0,,
E,1649730060,0,0,,
E,1649730660,0,0,,
E,1649731260,0,0,,
E,1649731860,0,0,,
E,1649732460,0,0,,
E,1649733060,0,0,,
E,1649733660,0,0,,
E,1649734260,0,0,,
E,1649734860,0,0,,
E,1649735460,0,0,,
E,1649736060,0,0,,
E,1649736660,0,0,,
E,1649737260,0,0,,
E,1649737860,0,0,,
E,1649738460,0,0,,
E,1649739120,0,60,,
E,1649739720,0,0,,
E,1649740320,0,0,,
E,1649740920,0,0,,
E,1649741520,0,0,,
E,1649742120,0,0,,
E,1649742720,0,0,,
E,1649743320,0,0,,
E,1649743920,0,0,,
E,1649744520,0,0,,
E,1649745120,0,0,,
E,1649745720,1,0,,
E,1649746320,1,0,,
E,1649746920,1,0,,
E,1649747520,1,0,,
E,1649748120,1,0,,
E,1649748720,0,0,,
E,1649749320,0,0,,
E,1649749920,0,0,,
E,1649750520,0,0,,
E,1649751120,0,0,,
E,1649751720,0,0,,
E,1649752320,0,0,,
E,1649752920,0,0,,
E,1649753520,0,0,,
E,1649754120,0,0,,
E,1649754720,0,0,,
E,1649755320,0,0,,
E,1649755920,0,0,,
E,1649756520,0,0,,
E,1649757120,0,0,,
E,1649757720,0,0,,
E,1649758320,0,0,,
E,1649758920,0,0,,
E,1649759520,0,0,,
E,1649760120,0,0,,
E,1649760720,0,0,,
E,1649761320,0,0,,
E,1649761920,0,0,,
E,1649762520,0,0,,
E,1649763120,0,0,,
E,1649763720,0,0,,
E,1649764320,0,0,,
E,1649764920,0,0,,
E,1649765580,0,60,,
E,1649766180,0,0,,
E,1649766780,0,0,,
E,1649767380,0,0,,
E,1649767980,0,0,,
E,1649768580,0,0,,
E,1649769180,0,0,,
E,1649769780,0,0,,
E,1649770380,0,0,,
E,1649770980,0,0,,
E,1649771580,0,0,,
E,1649772180,0,0,,
E,1649772780,0,0,,
E,1649773380,0,0,,
E,1649773980,0,0,,
E,1649774580,0,0,,
E,1649775180,0,0,,
E,1649775780,0,0,,
E,1649776380,0,0,,
E,1649776980,0,0,,
E,1649777580,0,0,,
E,1649778180,0,0,,
E,1649778780,0,0,,
E,1649779380,0,0,,
E,1649779980,0,0,,
E,1649780580,0,0,,
E,1649781180,0,0,,
E,1649781780,0,0,,
E,1649782380,0,0,,
E,1649782980,0,0,,
E,1649783580,0,0,,
E,1649784180,0,0,,
E,1649784780,0,0,,
E,1649785380,0,0,,
E,1649785980,0,0,,
E,1649786580,0,0,,
E,1649787180,0,0,,
E,1649787780,0,0,,
E,1649788380,0,0,,
E,1649788980,0,0,,
E,1649789580,0,0,,
E,1649790180,0,0,,
E,1649790780,0,0,,
E,1649791380,0,0,,
E,1649791980,0,0,,
E,1649792640,0,60,,
E,1649793240,0,0,,
E,1649793840,0,0,,
E,1649794440,0,0,,
E,1649795040,0,0,,
E,1649795640,0,0,,
E,1649796240,0,0,,
E,1649796840,0,0,,
E,1649797440,0,0,,
E,1649798040,0,0,,
E,1649798640,0,0,,
E,1649799240,0,0,,
E,1649799840,0,0,,
E,1649800440,0,0,,
E,1649801040,0,0,,
E,1649801640,0,0,,
E,1649802240,0,0,,
E,1649802840,0,0,,
E,1649803440,0,0,,
E,1649804040,0,0,,
E,1649804640,0,0,,
E,1649805240,0,0,,
E,1649805840,0,0,,
E,1649806440,0,0,,
E,1649807040,0,0,,
E,1649807640,0,0,,
E,1649808240,0,0,,
E,1649808840,0,0,,
E,1649809440,0,0,,
E,1649810040,0,0,,
E,1649810640,0,0,,
E,1649811240,0,0,,
E,1649811840,0,0,,
E,1649812440,0,0,,
E,1649813040,0,0,,
E,1649813640,0,0,,
E,1649814240,0,0,,
E,1649814840,0,0,,
E,1649815440,0,0,,
E,1649816040,0,0,,
E,1649816640,0,0,,
E,1649817240,0,0,,
E,1649817840,0,0,,
E,1649818500,0,60,,
E,1649819100,0,0,,
E,1649819700,0,0,,
E,1649820300,0,0,,
E,1649820900,0,0,,
E,1649821500,0,0,,
E,1649822100,0,0,,
E,1649822700,0,0,,
E,1649823300,0,0,,
E,1649823900,0,0,,
E,1649824500,0,0,,
E,1649825100,0,0,,
E,1649825700,0,0,,
E,1649826300,0,0,,
E,1649826900,0,0,,
E,1649827500,0,0,,
E,1649828100,0,0,,
E,1649828700,0,0,,
E,1649829300,0,0,,
E,1649829900,0,0,,
E,1649830500,0,0,,
E,1649831100,0,0,,
E,1649831700,0,0,,
E,1649832300,0,0,,
E,1649832900,0,0,,
E,1649833500,0,0,,
E,1649834100,0,0,,
E,1649834700,0,0,,
E,1649835300,0,0,,
E,1649835900,0,0,,
E,1649836500,0,0,,
E,1649837100,0,0,,
E,1649837700,0,0,,
E,1649838300,0,0,,
E,1649838900,0,0,,
E,1649839500,0,0,,
E,1649840100,0,0,,
E,1649840700,0,0,,
E,1649841300,0,0,,
E,1649841900,0,0,,
E,1649842500,0,0,,
E,1649843100,0,0,,
E,1649843700,0,0,,
E,1649844300,0,0,,
E,1649844960,0,60,,
E,1649845560,0,0,,
E,1649846160,0,0,,
E,1649846760,0,0,,
E,1649847360,0,0,,
E,1649847960,0,0,,
E,1649848560,0,0,,
E,1649849160,0,0,,
E,1649849760,0,0,,
E,1649850360,0,0,,
E,1649850960,0,0,,
E,1649851560,0,0,,
E,1649852160,0,0,,
E,1649852760,0,0,,
E,1649853360,0,0,,
E,1649853960,0,0,,
E,1649854560,0,0,,
E,1649855160,0,0,,
E,1649855760,0,0,,
E,1649856360,0,0,,
E,1649856960,0,0,,
E,1649857560,0,0,,
E,1649858160,0,0,,
E,1649858760,0,0,,
E,1649859360,0,0,,
E,1649859960,0,0,,
E,1649860560,0,0,,
E,1649861160,0,0,,
E,1649861760,0,0,,
E,1649862360,0,0,,
E,1649862960,0,0,,
E,1649863560,0,0,,
E,1649864160,0,0,,
E,1649864760,0,0,,
E,1649865360,0,0,,
E,1649865960,0,0,,
E,1649866560,0,0,,
E,1649867160,0,0,,
E,1649867760,0,0,,
E,1649868360,0,0,,
E,1649868960,0,0,,
E,1649869560,0,0,,
E,1649870160,0,0,,
E,1649870760,0,0,,
E,1649871360,0,0,,
E,1649871960,0,0,,
E,1649872560,0,0,,
E,1649873160,0,0,,
E,1649873820,0,60,,
E,1649874420,0,0,,
E,1649875020,0,0,,
E,1649875620,0,0,,
E,1649876220,0,0,,
E,1649876820,0,0,,
E,1649877420,0,0,,
E,1649878020,0,0,,
E,1649878620,0,0,,
E,1649879220,0,0,,
E,1649879820,0,0,,
E,1649880420,0,0,,
E,1649881020,0,0,,
E,1649881620,0,0,,
E,1649882220,0,0,,
E,1649882820,0,0,,
E,1649883420,0,0,,
E,1649884020,0,0,,
E,1649884620,0,0,,
E,1649885220,0,0,,
E,1649885820,0,0,,
E,1649886420,0,0,,
E,1649887020,0,0,,
E,1649887620,0,0,,
E,1649888220,0,0,,
E,1649888820,0,0,,
E,1649889420,0,0,,
E,1649890020,0,0,,
E,1649890620,0,0,,
E,1649891220,0,0,,
E,1649891820,0,0,,
E,1649892420,0,0,,
E,1649893020,0,0,,
E,1649893620,0,0,,
E,1649894220,0,0,,
E,1649894820,0,0,,
E,1649895420,0,0,,
E,1649896020,0,0,,
E,1649896620,0,0,,
E,1649897220,0,0,,
E,1649897820,0,0,,
E,1649898480,0,60,,
E,1649899080,0,0,,
E,1649899680,0,0,,
E,1649900280,0,0,,
E,1649900880,0,0,,
E,1649901480,0,0,,
E,1649902080,0,0,,
E,1649902680,0,0,,
E,1649903280,0,0,,
E,1649903880,0,0,,
E,1649904480,0,0,,
E,1649905080,0,0,,
E,1649905680,0,0,,
E,1649906280,0,0,,
E,1649906880,0,0,,
E,1649907480,0,0,,
E,1649908080,0,0,,
E,1649908680,0,0,,
E,1649909280,0,0,,
E,1649909880,0,0,,
E,1649910480,0,0,,
E,1649911080,0,0,,
E,1649911680,0,0,,
E,1649912280,0,0,,
E,1649912880,0,0,,
E,1649913480,0,0,,
E,1649914080,0,0,,
E,1649914680,0,0,,
E,1649915280,0,0,,
E,1649915880,0,0,,
E,1649916480,0,0,,
E,1649917080,0,0,,
E,1649917680,0,0,,
E,1649918280,0,0,,
E,1649918880,0,0,,
E,1649919480,0,0,,
E,1649920080,0,0,,
E,1649920680,0,0,,
E,1649921280,0,0,,
E,1649921880,0,0,,
E,1649922480,0,0,,
E,1649923080,0,0,,
E,1649923680,0,0,,
E,1649924280,0,0,,
E,1649924880,0,0,,
E,1649925480,0,0,,
E,1649926140,0,60,,
E,1649926740,0,0,,
E,1649927340,0,0,,
E,1649927940,0,0,,
E,1649928540,0,0,,
E,1649929140,0,0,,
E,1649929740,0,0,,
E,1649930340,0,0,,
E,1649930940,0,0,,
E,1649931540,0,0,,
E,1649932140,0,0,,
E,1649932740,0,0,,
E,1649933340,0,0,,
E,1649933940,0,0,,
E,1649934540,0,0,,
E,1649935140,0,0,,
E,1649935740,0,0,,
E,1649936340,0,0,,
E,1649936940,0,0,,
E,1649937540,0,0,,
E,1649938140,0,0,,
E,1649938740,0,0,,
E,1649939340,0,0,,
E,1649939940,0,0,,
E,1649940540,0,0,,
E,1649941140,0,0,,
E,1649941740,0,0,,
E,1649942340,0,0,,
E,1649942940,0,0,,
E,1649943540,0,0,,
E,1649944140,0,0,,
E,1649944740,0,0,,
E,1649945340,0,0,,
E,1649945940,0,0,,
E,1649946540,0,0,,
E,1649947140,0,0,,
E,1649947740,0,0,,
E,1649948340,0,0,,
E,1649948940,0,0,,
E,1649949540,0,0,,
E,1649950140,0,0,,
E,1649950740,0,0,,
E,1649951340,0,0,,
E,1649951940,0,0,,
E,1649952540,0,0,,
E,1649953140,0,0,,
E,1649953800,0,60,,
E,1649954400,0,0,,
E,1649955000,0,0,,
E,1649955600,0,0,,
E,1649956200,0,0,,
E,1649956800,0,0,,
E,1649957400,0,0,,
E,1649958000,0,0,,
E,1649958600,0,0,,
E,1649959200,0,0,,
E,1649959800,0,0,,
E,1649960400,0,0,,
E,1649961000,0,0,,
E,1649961600,0,0,,
E,1649962200,0,0,,
E,1649962800,0,0,,
E,1649963400,0,0,,
E,1649964000,0,0,,
E,1649964600,0,0,,
E,1649965200,0,0,,
E,1649965800,0,0,,
E,1649966400,0,0,,
E,1649967000,0,0,,
E,1649967600,0,0,,
E,1649968200,0,0,,
E,1649968800,0,0,,
E,1649969400,0,0,,
E,1649970000,0,0,,
E,1649970600,0,0,,
E,1649971200,0,0,,
E,1649971800,0,0,,
E,1649972400,0,0,,
E,1649973000,0,0,,
E,1649973600,0,0,,
E,1649974200,0,0,,
E,1649974800,0,0,,
E,1649975400,0,0,,
E,1649976000,0,0,,
E,1649976600,0,0,,
E,1649977200,0,0,,
E,1649977800,0,0,,
E,1649978400,0,0,,
E,1649979000,0,0,,
E,1649979600,0,0,,
E,1649980260,0,60,,
E,1649980860,0,0,,
E,1649981460,0,0,,
E,1649982060,0,0,,
E,1649982660,0,0,,
E,1649983260,0,0,,
E,1649983860,0,0,,
E,1649984460,0,0,,
E,1649985060,0,0,,
E,1649985660,0,0,,
E,1649986260,0,0,,
E,1649986860,0,0,,
E,1649987460,0,0,,
E,1649988060,0,0,,
E,1649988660,0,0,,
E,1649989260,0,0,,
E,1649989860,0,0,,
E,1649990460,0,0,,
E,1649991060,0,0,,
E,1649991660,0,0,,
E,1649992260,0,0,,
E,1649992860,0,0,,
E,1649993460,0,0,,
E,1649994060,0,0,,
E,1649994660,0,0,,
E,1649995260,0,0,,
E,1649995860,0,0,,
E,1649996460,0,0,,
E,1649997060,0,0,,
E,1649997660,0,0,,
E,1649998260,0,0,,
E,1649998860,0,0,,
E,1649999460,0,0,,
E,1650000060,0,0,,
E,1650000660,0,0,,
E,1650001260,0,0,,
E,1650001920,0,60,,
E,1650002520,0,0,,
E,1650003120,0,0,,
E,1650003720,0,0,,
E,1650004320,0,0,,
E,1650004920,0,0,,
E,1650005520,0,0,,
E,1650006120,0,0,,
E,1650006720,0,0,,
E,1650007320,0,0,,
E,1650007920,0,0,,
E,1650008520,0,0,,
E,1650009120,0,0,,
E,1650009720,0,0,,
E,1650010320,0,0,,
E,1650010920,0,0,,
E,1650011520,0,0,,
E,1650012120,0,0,,
E,1650012720,0,0,,
E,1650013320,0,0,,
E,1650013920,0,0,,
E,1650014520,0,0,,
E,1650015120,0,0,,
E,1650015720,0,0,,
E,1650016320,0,0,,
E,1650016920,0,0,,
E,1650017520,0,0,,
E,1650018120,0,0,,
E,1650018720,0,0,,
E,1650019320,0,0,,
E,1650019920,0,0,,
E,1650020520,0,0,,
E,1650021120,0,0,,
E,1650021720,0,0,,
E,1650022320,0,0,,
E,1650022920,0,0,,
E,1650023520,0,0,,
E,1650024120,0,0,,
E,1650024720,0,0,,
E,1650025320,0,0,,
E,1650025920,0,0,,
E,1650026520,0,0,,
E,1650027120,0,0,,
E,1650027720,0,0,,
E,1650028380,0,60,,
E,1650028980,0,0,,
E,1650029580,0,0,,
E,1650030180,0,0,,
E,1650030780,0,0,,
E,1650031380,0,0,,
E,1650031980,0,0,,
E,1650032580,0,0,,
E,1650033180,0,0,,
E,1650033780,0,0,,
E,1650034380,0,0,,
E,1650034980,0,0,,
E,1650035580,0,0,,
E,1650036180,0,0,,
E,1650036780,0,0,,
E,1650037380,0,0,,
E,1650037980,0,0,,
E,1650038580,0,0,,
E,1650039180,0,0,,
E,1650039780,0,0,,
E,1650040380,0,0,,
E,1650040980,0,0,,
E,1650041580,0,0,,
E,1650042180,0,0,,
E,1650042780,0,0,,
E,1650043380,0,0,,
E,1650043980,0,0,,
E,1650044580,0,0,,
E,1650045180,0,0,,
E,1650045780,0,0,,
E,1650046380,0,0,,
E,1650046980,0,0,,
E,1650047580,0,0,,
E,1650048180,0,0,,
E,1650048780,0,0,,
E,1650049380,0,0,,
E,1650049980,0,0,,
E,1650050640,0,60,,
E,1650051240,0,0,,
E,1650051840,0,0,,
E,1650052440,1,0,,
E,1650053040,1,0,,
E,1650053640,1,0,,
E,1650054240,1,0,,
E,1650054840,1,0,,
E,1650055440,1,0,,
E,1650056040,1,0,,
E,1650056640,1,0,,
E,1650057240,1,0,,
E,1650057840,1,0,,
E,1650058440,1,0,,
E,1650059040,1,0,,
E,1650059640,1,0,,
E,1650060240,1,0,,
E,1650060840,1,0,,
E,1650061440,1,0,,
E,1650062040,1,0,,
E,1650062640,1,0,,
E,1650063240,1,0,,
E,1650063840,1,0,,
E,1650064440,1,0,,
E,1650065040,1,0,,
E,1650065640,0,0,,
E,1650066240,0,0,,
E,1650066840,1,0,,
E,1650067440,0,0,,
E,1650068040,0,0,,
E,1650068640,0,0,,
E,1650069240,0,0,,
E,1650069840,0,0,,
E,1650070440,0,0,,
E,1650071040,0,0,,
E,1650071640,0,0,,
E,1650072240,0,0,,
E,1650072840,0,0,,
E,1650073440,0,0,,
E,1650074040,0,0,,
E,1650074640,0,0,,
E,1650075240,0,0,,
E,1650075840,0,0,,
E,1650076500,0,60,,
E,1650077100,0,0,,
E,1650077700,0,0,,
E,1650078300,0,0,,
E,1650078900,0,0,,
E,1650079500,0,0,,
E,1650080100,0,0,,
E,1650080700,0,0,,
E,1650081300,0,0,,
E,1650081900,0,0,,
E,1650082500,0,0,,
E,1650083100,0,0,,
E,1650083700,0,0,,
E,1650084300,0,0,,
E,1650084900,0,0,,
E,1650085500,0,0,,
E,1650086100,0,0,,
E,1650086700,0,0,,
E,1650087300,0,0,,
E,1650087900,0,0,,
E,1650088500,0,0,,
E,1650089100,0,0,,
E,1650089700,0,0,,
E,1650090300,0,0,,
E,1650090900,0,0,,
E,1650091500,0,0,,
E,1650092100,0,0,,
E,1650092700,0,0,,
E,1650093300,0,0,,
E,1650093900,0,0,,
E,1650094500,0,0,,
E,1650095100,0,0,,
E,1650095700,0,0,,
E,1650096300,0,0,,
E,1650096900,0,0,,
E,1650097500,0,0,,
E,1650098100,0,0,,
E,1650098700,0,0,,
E,1650099300,0,0,,
E,1650099900,0,0,,
E,1650100500,0,0,,
E,1650101100,0,0,,
E,1650101700,0,0,,
E,1650102360,0,60,,
E,1650102960,0,0,,
E,1650103560,0,0,,
E,1650104160,0,0,,
E,1650104760,0,0,,
E,1650105360,0,0,,
E,1650105960,0,0,,
E,1650106560,0,0,,
E,1650107160,0,0,,
E,1650107760,0,0,,
E,1650108360,0,0,,
E,1650108960,0,0,,
E,1650109560,0,0,,
E,1650110160,0,0,,
E,1650110760,0,0,,
E,1650111360,0,0,,
E,1650111960,0,0,,
E,1650112560,0,0,,
E,1650113160,0,0,,
E,1650113760,0,0,,
E,1650114360,0,0,,
E,1650114960,0,0,,
E,1650115560,0,0,,
E,1650116160,0,0,,
E,1650116760,0,0,,
E,1650117360,0,0,,
E,1650117960,0,0,,
E,1650118560,0,0,,
E,1650119160,0,0,,
E,1650119760,0,0,,
E,1650120360,0,0,,
E,1650120960,0,0,,
E,1650121560,0,0,,
E,1650122160,0,0,,
E,1650122760,0,0,,
E,1650123360,0,0,,
E,1650123960,0,0,,
E,1650124560,0,0,,
E,1650125220,0,60,,
E,1650125820,0,0,,
E,1650126420,0,0,,
E,1650127020,0,0,,
E,1650127620,0,0,,
E,1650128220,0,0,,
E,1650128820,0,0,,
E,1650129420,0,0,,
E,1650130020,0,0,,
E,1650130620,0,0,,
E,1650131220,0,0,,
E,1650131820,0,0,,
E,1650132420,0,0,,
E,1650133020,0,0,,
E,1650133620,0,0,,
E,1650134220,0,0,,
E,1650134820,0,0,,
E,1650135420,0,0,,
E,1650136020,0,0,,
E,1650136620,0,0,,
E,1650137220,0,0,,
E,1650137820,0,0,,
E,1650138420,0,0,,
E,1650139020,0,0,,
E,1650139620,0,0,,
E,1650140220,0,0,,
E,1650140820,0,0,,
E,1650141420,0,0,,
E,1650142020,0,0,,
E,1650142620,0,0,,
E,1650143220,0,0,,
E,1650143820,0,0,,
E,1650144420,0,0,,
E,1650145020,0,0,,
E,1650145620,0,0,,
E,1650146220,0,0,,
E,1650146820,0,0,,
E,1650147420,0,0,,
E,1650148020,0,0,,
E,1650148620,0,0,,
E,1650149220,0,0,,
E,1650149820,0,0,,
E,1650150420,0,0,,
E,1650151020,0,0,,
E,1650151680,0,60,,
E,1650152280,0,0,,
E,1650152880,0,0,,
E,1650153480,0,0,,
E,1650154080,0,0,,
E,1650154680,0,0,,
E,1650155280,0,0,,
E,1650155880,0,0,,
E,1650156480,0,0,,
E,1650157080,0,0,,
E,1650157680,0,0,,
E,1650158280,0,0,,
E,1650158880,0,0,,
E,1650159480,0,0,,
E,1650160080,0,0,,
E,1650160680,0,0,,
E,1650161280,0,0,,
E,1650161880,0,0,,
E,1650162480,0,0,,
E,1650163080,0,0,,
E,1650163680,0,0,,
E,1650164280,0,0,,
E,1650164880,0,0,,
E,1650165480,0,0,,
E,1650166080,0,0,,
E,1650166680,0,0,,
E,1650167280,0,0,,
E,1650167880,0,0,,
E,1650168480,0,0,,
E,1650169080,0,0,,
E,1650169680,0,0,,
E,1650170280,0,0,,
E,1650170880,0,0,,
E,1650171480,0,0,,
E,1650172080,0,0,,
E,1650172680,0,0,,
E,1650173280,0,0,,
E,1650173880,0,0,,
E,1650174480,0,0,,
E,1650175080,0,0,,
E,1650175680,0,0,,
E,1650176280,0,0,,
E,1650176880,0,0,,
E,1650177540,0,60,,
E,1650178140,0,0,,
E,1650178740,0,0,,
E,1650179340,0,0,,
E,1650179940,0,0,,
E,1650180540,0,0,,
E,1650181140,0,0,,
E,1650181740,0,0,,
E,1650182340,0,0,,
E,1650182940,0,0,,
E,1650183540,0,0,,
E,1650184140,0,0,,
E,1650184740,0,0,,
E,1650185340,0,0,,
E,1650185940,0,0,,
E,1650186540,0,0,,
E,1650187140,0,0,,
E,1650187740,0,0,,
E,1650188340,0,0,,
E,1650188940,0,0,,
E,1650189540,0,0,,
E,1650190140,0,0,,
E,1650190740,0,0,,
E,1650191340,0,0,,
E,1650191940,0,0,,
E,1650192540,0,0,,
E,1650193140,0,0,,
E,1650193740,0,0,,
E,1650194340,0,0,,
E,1650194940,0,0,,
E,1650195540,0,0,,
E,1650196140,0,0,,
E,1650196740,0,0,,
E,1650197340,0,0,,
E,1650197940,0,0,,
E,1650198540,0,0,,
E,1650199140,0,0,,
E,1650199740,0,0,,
E,1650200340,0,0,,
E,1650200940,0,0,,
E,1650201540,0,0,,
E,1650202140,0,0,,
E,1650202740,0,0,,
E,1650203340,0,0,,
E,1650204000,0,60,,
E,1650204600,0,0,,
E,1650205200,0,0,,
E,1650205800,0,0,,
E,1650206400,0,0,,
E,1650207000,0,0,,
E,1650207600,0,0,,
E,1650208200,0,0,,
E,1650208800,0,0,,
E,1650209400,0,0,,
E,1650210000,0,0,,
E,1650210600,0,0,,
E,1650211200,0,0,,
E,1650211800,0,0,,
E,1650212400,0,0,,
E,1650213000,0,0,,
E,1650213600,0,0,,
E,1650214200,0,0,,
E,1650214800,0,0,,
E,1650215400,0,0,,
E,1650216000,0,0,,
E,1650216600,0,0,,
E,1650217200,0,0,,
E,1650217800,0,0,,
E,1650218400,0,0,,
E,1650219000,0,0,,
E,1650219600,0,0,,
E,1650220200,0,0,,
E,1650220800,0,0,,
E,1650221400,1,0,,
E,1650222000,1,0,,
E,1650222600,1,0,,
E,1650223200,1,0,,
E,1650223800,1,0,,
E,1650224400,1,0,,
E,1650225000,1,0,,
E,1650225600,1,0,,
E,1650226200,1,0,,
E,1650226800,1,0,,
E,1650227400,1,0,,
E,1650228000,1,0,,
E,1650228600,1,0,,
E,1650229200,1,0,,
E,1650229800,1,0,,
E,1650230400,1,0,,
E,1650231060,1,60,,
E,1650231660,1,0,,
E,1650232260,1,0,,
E,1650232860,1,0,,
E,1650233460,1,0,,
E,1650234060,1,0,,
E,1650234660,1,0,,
E,1650235260,1,0,,
E,1650235860,1,0,,
E,1650236460,1,0,,
E,1650237060,1,0,,
E,1650237660,1,0,,
E,1650238260,1,0,,
E,1650238860,1,0,,
E,1650239460,1,0,,
E,1650240060,1,0,,
E,1650240660,1,0,,
E,1650241260,1,0,,
E,1650241860,1,0,,
E,1650242460,1,0,,
E,1650243060,1,0,,
E,1650243660,1,0,,
E,1650244260,1,0,,
E,1650244860,1,0,,
E,1650245460,1,0,,
E,1650246060,1,0,,
E,1650246660,1,0,,
E,1650247260,1,0,,
E,1650247860,0,0,,
E,1650248460,1,0,,
E,1650249060,1,0,,
E,1650249660,1,0,,
E,1650250260,1,0,,
E,1650250860,1,0,,
E,1650251460,1,0,,
E,1650252060,0,0,,
E,1650252660,0,0,,
E,1650253260,0,0,,
E,1650253920,0,60,,
E,1650254520,0,0,,
E,1650255120,0,0,,
E,1650255720,0,0,,
E,1650256320,0,0,,
E,1650256920,0,0,,
E,1650257520,0,0,,
E,1650258120,0,0,,
E,1650258720,0,0,,
E,1650259320,0,0,,
E,1650259920,0,0,,
E,1650260520,0,0,,
E,1650261120,0,0,,
E,1650261720,0,0,,
E,1650262320,0,0,,
E,1650262920,0,0,,
E,1650263520,0,0,,
E,1650264120,0,0,,
E,1650264720,0,0,,
E,1650265320,0,0,,
E,1650265920,0,0,,
E,1650266520,0,0,,
E,1650267120,0,0,,
E,1650267720,0,0,,
E,1650268320,0,0,,
E,1650268920,0,0,,
E,1650269520,0,0,,
E,1650270120,0,0,,
E,1650270720,0,0,,
E,1650271320,0,0,,
E,1650271920,0,0,,
E,1650272520,0,0,,
E,1650273120,0,0,,
E,1650273720,0,0,,
E,1650274320,0,0,,
E,1650274920,0,0,,
E,1650275520,0,0,,
E,1650276120,0,0,,
E,1650276720,0,0,,
E,1650277320,0,0,,
E,1650277980,0,60,,
E,1650278580,0,0,,
E,1650279180,0,0,,
E,1650279780,0,0,,
E,1650280380,0,0,,
E,1650280980,0,0,,
E,1650281580,0,0,,
E,1650282180,0,0,,
E,1650282780,0,0,,
E,1650283380,0,0,,
E,1650283980,0,0,,
E,1650284580,0,0,,
E,1650285180,0,0,,
E,1650285780,0,0,,
E,1650286380,0,0,,
E,1650286980,0,0,,
E,1650287580,0,0,,
E,1650288180,0,0,,
E,1650288780,0,0,,
E,1650289380,0,0,,
E,1650289980,0,0,,
E,1650290580,0,0,,
E,1650291180,0,0,,
E,1650291780,0,0,,
E,1650292380,0,0,,
E,1650292980,0,0,,
E,1650293580,0,0,,
E,1650294180,0,0,,
E,1650294780,0,0,,
E,1650295380,0,0,,
E,1650295980,0,0,,
E,1650296580,0,0,,
E,1650297180,0,0,,
E,1650297780,0,0,,
E,1650298380,0,0,,
E,1650298980,0,0,,
E,1650299580,0,0,,
E,1650300180,0,0,,
E,1650300780,0,0,,
E,1650301440,0,60,,
E,1650302040,0,0,,
E,1650302640,0,0,,
E,1650303240,0,0,,
E,1650303840,0,0,,
E,1650304440,0,0,,
E,1650305040,0,0,,
E,1650305640,0,0,,
E,1650306240,0,0,,
E,1650306840,1,0,,
E,1650307440,1,0,,
E,1650308040,1,0,,
E,1650308640,1,0,,
E,1650309240,1,0,,
E,1650309840,1,0,,
E,1650310440,1,0,,
E,1650311040,1,0,,
E,1650311640,0,0,,
E,1650312240,0,0,,
E,1650312840,0,0,,
E,1650313440,0,0,,
E,1650314040,0,0,,
E,1650314640,0,0,,
E,1650315240,0,0,,
E,1650315840,0,0,,
E,1650316440,0,0,,
E,1650317040,0,0,,
E,1650317640,0,0,,
E,1650318240,0,0,,
E,1650318900,0,60,,
E,1650319500,0,0,,
E,1650320100,0,0,,
E,1650320700,0,0,,
E,1650321300,0,0,,
E,1650321900,0,0,,
E,1650322500,0,0,,
E,1650323100,0,0,,
E,1650323700,0,0,,
E,1650324300,0,0,,
E,1650324900,0,0,,
E,1650325500,0,0,,
E,1650326100,0,0,,
E,1650326700,0,0,,
E,1650327300,0,0,,
E,1650327900,0,0,,
E,1650328500,0,0,,
E,1650329100,1,0,,
E,1650329700,1,0,,
E,1650330300,1,0,,
E,1650330900,1,0,,
E,1650331500,1,0,,
E,1650332100,1,0,,
E,1650332700,1,0,,
E,1650333300,1,0,,
E,1650333900,1,0,,
E,1650334500,1,0,,
E,1650335100,1,0,,
E,1650335700,1,0,,
E,1650336300,1,0,,
E,1650336900,1,0,,
E,1650337500,1,0,,
E,1650338100,1,0,,
E,1650338700,1,0,,
E,1650339300,1,0,,
E,1650339900,1,0,,
E,1650340500,1,0,,
E,1650341100,1,0,,
E,1650341700,1,0,,
E,1650342300,1,0,,
E,1650342900,1,0,,
E,1650343500,1,0,,
E,1650344100,1,0,,
E,1650344760,1,60,,
E,1650345360,1,0,,
E,1650345960,1,0,,
E,1650346560,1,0,,
E,1650347160,1,0,,
E,1650347760,1,0,,
E,1650348360,1,0,,
E,1650348960,1,0,,
E,1650349560,1,0,,
E,1650350160,1,0,,
E,1650350760,1,0,,
E,1650351360,1,0,,
E,1650351960,1,0,,
E,1650352560,1,0,,
E,1650353160,1,0,,
E,1650353760,1,0,,
E,1650354360,0,0,,
E,1650354960,0,0,,
E,1650355560,0,0,,
E,1650356160,0,0,,
E,1650356760,0,0,,
E,1650357360,0,0,,
E,1650357960,0,0,,
E,1650358560,0,0,,
E,1650359160,0,0,,
E,1650359760,0,0,,
E,1650360360,0,0,,
E,1650360960,0,0,,
E,1650361560,0,0,,
E,1650362160,0,0,,
E,1650362760,0,0,,
E,1650363360,0,0,,
E,1650363960,0,0,,
E,1650364560,0,0,,
E,1650365160,0,0,,
E,1650365760,0,0,,
E,1650366360,0,0,,
E,1650366960,0,0,,
E,1650367560,0,0,,
E,1650368160,0,0,,
E,1650368760,0,0,,
E,1650369360,0,0,,
E,1650369960,0,0,,
E,1650370560,0,0,,
E,1650371220,0,60,,
E,1650371820,0,0,,
E,1650372420,0,0,,
E,1650373020,0,0,,
E,1650373620,0,0,,
E,1650374220,0,0,,
E,1650374820,0,0,,
E,1650375420,0,0,,
E,1650376020,0,0,,
E,1650376620,0,0,,
E,1650377220,0,0,,
E,1650377820,0,0,,
E,1650378420,0,0,,
E,1650379020,0,0,,
E,1650379620,0,0,,
E,1650380220,0,0,,
E,1650380820,0,0,,
E,1650381420,0,0,,
E,1650382020,0,0,,
E,1650382620,0,0,,
E,1650383220,0,0,,
E,1650383820,0,0,,
E,1650384420,0,0,,
E,1650385020,0,0,,
E,1650385620,0,0,,
E,1650386220,0,0,,
E,1650449100,0,62280,,
E,1650449700,0,0,,
E,1650450300,0,0,,
E,1650450900,0,0,,
E,1650451500,0,0,,
E,1650452100,0,0,,
E,1650452700,0,0,,
E,1650453300,0,0,,
E,1650453900,0,0,,
E,1650454500,0,0,,
E,1650455100,0,0,,
E,1650455700,0,0,,
E,1650456300,0,0,,
E,1650456900,0,0,,
E,1650457500,0,0,,
E,1650458100,0,0,,
E,1650458700,0,0,,
E,1650459300,0,0,,
E,1650459900,0,0,,
E,1650460500,0,0,,
E,1650461100,0,0,,
E,1650461700,0,0,,
E,1650462300,0,0,,
E,1650462900,0,0,,
E,1650463500,0,0,,
E,1650464100,0,0,,
E,1650464700,0,0,,
E,1650465300,0,0,,
E,1650465900,0,0,,
E,1650466500,0,0,,
E,1650467100,0,0,,
E,1650467760,0,60,,
E,1650468360,0,0,,
E,1650468960,0,0,,
E,1650469560,0,0,,
E,1650470160,0,0,,
E,1650470760,0,0,,
E,1650471360,0,0,,
E,1650471960,0,0,,
E,1650472560,0,0,,
E,1650473160,0,0,,
E,1650473760,0,0,,
E,1650474360,0,0,,
E,1650474960,0,0,,
E,1650475560,0,0,,
E,1650476160,0,0,,
E,1650476760,0,0,,
E,1650477360,0,0,,
E,1650477960,0,0,,
E,1650478560,0,0,,
E,1650479160,0,0,,
E,1650479760,0,0,,
E,1650480360,0,0,,
E,1650480960,0,0,,
E,1650481560,0,0,,
E,1650482160,0,0,,
E,1650482760,0,0,,
E,1650483360,0,0,,
E,1650483960,0,0,,
E,1650484560,0,0,,
E,1650485160,0,0,,
E,1650485760,0,0,,
E,1650486360,0,0,,
E,1650486960,0,0,,
E,1650487560,0,0,,
E,1650488160,0,0,,
E,1650488760,0,0,,
E,1650489360,0,0,,
E,1650489960,0,0,,
E,1650490560,0,0,,
E,1650491160,0,0,,
E,1650491760,0,0,,
E,1650492360,0,0,,
E,1650492960,0,0,,
E,1650493560,0,0,,
E,1650494220,0,60,,
E,1650494820,0,0,,
E,1650495420,0,0,,
E,1650496020,0,0,,
E,1650496620,0,0,,
E,1650497220,0,0,,
E,1650497820,0,0,,
E,1650498420,0,0,,
E,1650499020,0,0,,
E,1650499620,0,0,,
E,1650500220,0,0,,
E,1650500820,0,0,,
E,1650501420,0,0,,
E,1650502020,0,0,,
E,1650502620,0,0,,
E,1650503220,0,0,,
E,1650503820,0,0,,
E,1650504420,0,0,,
E,1650505020,0,0,,
E,1650505620,0,0,,
E,1650506220,0,0,,
E,1650506820,0,0,,
E,1650507420,0,0,,
E,1650508020,0,0,,
E,1650508620,0,0,,
E,1650509220,0,0,,
E,1650509820,0,0,,
E,1650510420,0,0,,
E,1650511020,0,0,,
E,1650511620,0,0,,
E,1650512220,0,0,,
E,1650512820,0,0,,
E,1650513420,0,0,,
E,1650514020,0,0,,
E,1650514620,0,0,,
E,1650515220,0,0,,
E,1650515820,0,0,,
E,1650516420,0,0,,
E,1650517020,0,0,,
E,1650517620,0,0,,
E,1650518220,0,0,,
E,1650518820,0,0,,
E,1650519480,0,60,,
E,1650520080,0,0,,
E,1650520680,0,0,,
E,1650521280,0,0,,
E,1650521880,0,0,,
E,1650522480,0,0,,
E,1650523080,0,0,,
E,1650523680,0,0,,
E,1650524280,0,0,,
E,1650524880,0,0,,
E,1650525480,0,0,,
E,1650526080,0,0,,
E,1650526680,0,0,,
E,1650527280,0,0,,
E,1650527880,0,0,,
E,1650528480,0,0,,
E,1650529080,0,0,,
E,1650529680,0,0,,
E,1650530280,0,0,,
E,1650530880,0,0,,
E,1650531480,0,0,,
E,1650532080,0,0,,
E,1650532680,0,0,,
E,1650533280,0,0,,
E,1650533880,0,0,,
E,1650534480,0,0,,
E,1650535080,0,0,,
E,1650535680,0,0,,
E,1650536280,0,0,,
E,1650536880,0,0,,
E,1650537480,0,0,,
E,1650538080,0,0,,
E,1650538680,0,0,,
E,1650539280,0,0,,
E,1650539880,0,0,,
E,1650540480,0,0,,
E,1650541080,0,0,,
E,1650541680,0,0,,
E,1650542280,0,0,,
E,1650542880,0,0,,
E,1650543480,0,0,,
E,1650544080,0,0,,
E,1650544680,0,0,,
E,1650545280,0,0,,
E,1650545880,0,0,,
E,1650546540,0,60,,
E,1650547140,0,0,,
E,1650547740,0,0,,
E,1650548340,0,0,,
E,1650548940,0,0,,
E,1650549540,0,0,,
E,1650550140,0,0,,
E,1650550740,0,0,,
E,1650551340,0,0,,
E,1650551940,0,0,,
E,1650552540,0,0,,
E,1650553140,0,0,,
E,1650553740,0,0,,
E,1650554340,0,0,,
E,1650554940,0,0,,
E,1650555540,0,0,,
E,1650556140,0,0,,
E,1650556740,0,0,,
E,1650557340,0,0,,
E,1650557940,0,0,,
E,1650558540,0,0,,
E,1650559140,0,0,,
E,1650559740,0,0,,
E,1650560340,0,0,,
E,1650560940,0,0,,
E,1650561540,0,0,,
E,1650562140,0,0,,
E,1650562740,0,0,,
E,1650563340,0,0,,
E,1650563940,0,0,,
E,1650564540,0,0,,
E,1650565140,0,0,,
E,1650565740,0,0,,
E,1650566340,0,0,,
E,1650566940,0,0,,
E,1650567540,0,0,,
E,1650568140,0,0,,
E,1650568740,1,0,,
E,1650569340,1,0,,
E,1650569940,1,0,,
E,1650570540,1,0,,
E,1650571140,1,0,,
E,1650571740,0,0,,
E,1650572340,0,0,,
E,1650572940,0,0,,
E,1650573600,0,60,,
E,1650574200,0,0,,
E,1650574800,0,0,,
E,1650575400,0,0,,
E,1650576000,0,0,,
E,1650576600,0,0,,
E,1650577200,0,0,,
E,1650577800,0,0,,
E,1650578400,0,0,,
E,1650579000,0,0,,
E,1650579600,0,0,,
E,1650580200,0,0,,
E,1650580800,0,0,,
E,1650581400,0,0,,
E,1650582000,0,0,,
E,1650582600,0,0,,
E,1650583200,0,0,,
E,1650583800,0,0,,
E,1650584400,0,0,,
E,1650585000,0,0,,
E,1650585600,0,0,,
E,1650586200,0,0,,
E,1650586800,0,0,,
E,1650587400,0,0,,
E,1650588000,0,0,,
E,1650588600,0,0,,
E,1650589200,0,0,,
E,1650589800,0,0,,
E,1650590400,0,0,,
E,1650591000,0,0,,
E,1650591600,0,0,,
E,1650592200,0,0,,
E,1650592800,0,0,,
E,1650593400,0,0,,
E,1650594000,0,0,,
E,1650594600,0,0,,
E,1650595200,0,0,,
E,1650595800,0,0,,
E,1650596400,0,0,,
E,1650597000,0,0,,
E,1650597600,0,0,,
E,1650598200,0,0,,
E,1650598800,0,0,,
E,1650599460,0,60,,
E,1650600060,0,0,,
E,1650600660,0,0,,
E,1650601260,0,0,,
E,1650601860,0,0,,
E,1650602460,0,0,,
E,1650603060,0,0,,
E,1650603660,0,0,,
E,1650604260,0,0,,
E,1650604860,0,0,,
E,1650605460,0,0,,
E,1650606060,0,0,,
E,1650606660,0,0,,
E,1650607260,0,0,,
E,1650607860,0,0,,
E,1650608460,0,0,,
E,1650609060,0,0,,
E,1650609660,0,0,,
E,1650610260,0,0,,
E,1650610860,0,0,,
E,1650611460,0,0,,
E,1650612060,0,0,,
E,1650612660,0,0,,
E,1650613260,0,0,,
E,1650613860,0,0,,
E,1650614460,0,0,,
E,1650615060,0,0,,
E,1650615660,0,0,,
E,1650616260,0,0,,
E,1650616860,0,0,,
E,1650617460,0,0,,
E,1650618060,0,0,,
E,1650618660,0,0,,
E,1650619260,0,0,,
E,1650619860,1,0,,
E,1650620460,1,0,,
E,1650621060,1,0,,
E,1650621660,1,0,,
E,1650622260,1,0,,
E,1650622860,1,0,,
E,1650623520,0,60,,
E,1650624120,0,0,,
E,1650624720,0,0,,
E,1650625320,0,0,,
E,1650625920,0,0,,
E,1650626520,0,0,,
E,1650627120,0,0,,
E,1650627720,0,0,,
E,1650628320,0,0,,
E,1650628920,0,0,,
E,1650629520,0,0,,
E,1650630120,0,0,,
E,1650630720,0,0,,
E,1650631320,0,0,,
E,1650631920,0,0,,
E,1650632520,0,0,,
E,1650633120,0,0,,
E,1650633720,0,0,,
E,1650634320,0,0,,
E,1650634920,0,0,,
E,1650635520,0,0,,
E,1650636120,0,0,,
E,1650636720,0,0,,
E,1650637320,0,0,,
E,1650637920,0,0,,
E,1650638520,0,0,,
E,1650639120,0,0,,
E,1650639720,0,0,,
E,1650640320,0,0,,
E,1650640920,0,0,,
E,1650641520,0,0,,
E,1650642120,0,0,,
E,1650642720,0,0,,
E,1650643320,0,0,,
E,1650643920,0,0,,
E,1650644520,0,0,,
E,1650645120,0,0,,
E,1650645720,0,0,,
E,1650646320,0,0,,
E,1650646920,0,0,,
E,1650647520,0,0,,
E,1650648120,0,0,,
E,1650648780,0,60,,
E,1650649380,0,0,,
E,1650649980,0,0,,
E,1650650580,0,0,,
E,1650651180,0,0,,
E,1650651780,0,0,,
E,1650652380,0,0,,
E,1650652980,0,0,,
E,1650653580,0,0,,
E,1650654180,0,0,,
E,1650654780,0,0,,
E,1650655380,0,0,,
E,1650655980,0,0,,
E,1650656580,0,0,,
E,1650657180,0,0,,
E,1650657780,0,0,,
E,1650658380,0,0,,
E,1650658980,0,0,,
E,1650659580,0,0,,
E,1650660180,0,0,,
E,1650660780,0,0,,
E,1650661380,0,0,,
E,1650661980,0,0,,
E,1650662580,0,0,,
E,1650663180,0,0,,
E,1650663780,0,0,,
E,1650664380,0,0,,
E,1650664980,0,0,,
E,1650665580,0,0,,
E,1650666180,0,0,,
E,1650666780,0,0,,
E,1650667380,0,0,,
E,1650667980,0,0,,
E,1650668580,0,0,,
E,1650669180,0,0,,
E,1650669780,0,0,,
E,1650670380,0,0,,
E,1650670980,0,0,,
E,1650671580,0,0,,
E,1650672180,0,0,,
E,1650672780,0,0,,
E,1650673380,0,0,,
E,1650674040,0,60,,
E,1650674640,0,0,,
E,1650675240,0,0,,
E,1650675840,0,0,,
E,1650676440,0,0,,
E,1650677040,0,0,,
E,1650677640,0,0,,
E,1650678240,0,0,,
E,1650678840,0,0,,
E,1650679440,0,0,,
E,1650680040,0,0,,
E,1650680640,0,0,,
E,1650681240,0,0,,
E,1650681840,0,0,,
E,1650682440,0,0,,
E,1650683040,0,0,,
E,1650683640,0,0,,
E,1650684240,0,0,,
E,1650684840,0,0,,
E,1650685440,0,0,,
E,1650686040,0,0,,
E,1650686640,0,0,,
E,1650687240,0,0,,
E,1650687840,0,0,,
E,1650688440,0,0,,
E,1650689040,0,0,,
E,1650689640,0,0,,
E,1650690240,0,0,,
E,1650690840,0,0,,
E,1650691440,0,0,,
E,1650692040,0,0,,
E,1650692640,0,0,,
E,1650693240,0,0,,
E,1650693840,0,0,,
E,1650694440,0,0,,
E,1650695040,0,0,,
E,1650695640,0,0,,
E,1650696240,0,0,,
E,1650696840,0,0,,
E,1650697440,0,0,,
E,1650698040,0,0,,
E,1650698640,0,0,,
E,1650699300,0,60,,
E,1650699900,0,0,,
E,1650700500,0,0,,
E,1650701100,0,0,,
E,1650701700,0,0,,
E,1650702300,0,0,,
E,1650702900,0,0,,
E,1650703500,0,0,,
E,1650704100,0,0,,
E,1650704700,0,0,,
E,1650705300,0,0,,
E,1650705900,0,0,,
E,1650706500,0,0,,
E,1650707100,0,0,,
E,1650707700,0,0,,
E,1650708300,0,0,,
E,1650708900,0,0,,
E,1650709500,0,0,,
E,1650710100,0,0,,
E,1650710700,0,0,,
E,1650711300,0,0,,
E,1650711900,0,0,,
E,1650712500,0,0,,
E,1650713100,0,0,,
E,1650717300,0,3600,,
E,1650717900,0,0,,
E,1650718500,0,0,,
E,1650719100,0,0,,
E,1650719700,0,0,,
E,1650720300,0,0,,
E,1650720900,0,0,,
E,1650721500,0,0,,
E,1650722100,0,0,,
E,1650722700,0,0,,
E,1650723300,0,0,,
E,1650723900,0,0,,
E,1650724500,0,0,,
E,1650725100,0,0,,
E,1650725700,0,0,,
E,1650726300,0,0,,
E,1650726900,0,0,,
E,1650727500,0,0,,
E,1650728100,0,0,,
E,1650728700,0,0,,
E,1650729300,0,0,,
E,1650729900,0,0,,
E,1650730500,0,0,,
E,1650731100,0,0,,
E,1650731700,0,0,,
E,1650732300,0,0,,
E,1650732900,0,0,,
E,1650733500,0,0,,
E,1650734100,0,0,,
E,1650734700,0,0,,
E,1650735300,0,0,,
E,1650735900,0,0,,
E,1650736500,0,0,,
E,1650737100,0,0,,
E,1650737760,0,60,,
E,1650738360,0,0,,
E,1650738960,0,0,,
E,1650739560,0,0,,
E,1650740160,0,0,,
E,1650740760,0,0,,
E,1650741360,0,0,,
E,1650741960,0,0,,
E,1650742560,0,0,,
E,1650743160,0,0,,
E,1650743760,0,0,,
E,1650744360,0,0,,
E,1650744960,0,0,,
E,1650745560,0,0,,
E,1650746160,0,0,,
E,1650746760,0,0,,
E,1650747360,0,0,,
E,1650747960,0,0,,
E,1650748560,0,0,,
E,1650749160,0,0,,
E,1650749760,0,0,,
E,1650750360,0,0,,
E,1650750960,0,0,,
E,1650751560,0,0,,
E,1650752160,0,0,,
E,1650752760,0,0,,
E,1650753360,0,0,,
E,1650753960,0,0,,
E,1650754560,0,0,,
E,1650755160,0,0,,
E,1650755760,0,0,,
E,1650756360,0,0,,
E,1650756960,0,0,,
E,1650757560,0,0,,
E,1650758160,0,0,,
E,1650758760,0,0,,
E,1650759420,0,60,,
E,1650760020,0,0,,
E,1650760620,0,0,,
E,1650761220,0,0,,
E,1650761820,0,0,,
E,1650762420,0,0,,
E,1650763020,0,0,,
E,1650763620,0,0,,
E,1650764220,0,0,,
E,1650764820,0,0,,
E,1650765420,0,0,,
E,1650766020,0,0,,
E,1650766620,0,0,,
E,1650767220,0,0,,
E,1650767820,0,0,,
E,1650768420,0,0,,
E,1650769020,0,0,,
E,1650769620,0,0,,
E,1650770220,0,0,,
E,1650770820,0,0,,
E,1650771420,0,0,,
E,1650772020,0,0,,
E,1650772620,0,0,,
E,1650773220,0,0,,
E,1650773820,0,0,,
E,1650774420,0,0,,
E,1650775020,0,0,,
E,1650775620,0,0,,
E,1650776220,0,0,,
E,1650776820,0,0,,
E,1650777420,0,0,,
E,1650778020,0,0,,
E,1650778620,0,0,,
E,1650779220,0,0,,
E,1650779820,0,0,,
E,1650780480,0,60,,
E,1650781080,0,0,,
E,1650781680,0,0,,
E,1650782280,0,0,,
E,1650782880,0,0,,
E,1650783480,0,0,,
E,1650784080,0,0,,
E,1650784680,0,0,,
E,1650785280,0,0,,
E,1650785880,0,0,,
E,1650786480,0,0,,
E,1650787080,0,0,,
E,1650787680,0,0,,
E,1650788280,0,0,,
E,1650788880,0,0,,
E,1650789480,0,0,,
E,1650790080,0,0,,
E,1650790680,0,0,,
E,1650791280,0,0,,
E,1650791880,0,0,,
E,1650792480,0,0,,
E,1650793080,0,0,,
E,1650793680,0,0,,
E,1650794280,0,0,,
E,1650794880,0,0,,
E,1650795480,0,0,,
E,1650796080,0,0,,
E,1650796680,0,0,,
E,1650797280,0,0,,
E,1650797880,0,0,,
E,1650798480,0,0,,
E,1650799080,0,0,,
E,1650799680,0,0,,
E,1650800280,0,0,,
E,1650800880,0,0,,
E,1650801480,0,0,,
E,1650802080,0,0,,
E,1650802680,0,0,,
E,1650803280,0,0,,
E,1650803880,0,0,,
E,1650804480,0,0,,
E,1650805080,0,0,,
E,1650805740,0,60,,
E,1650806340,0,0,,
E,1650806940,0,0,,
E,1650807540,0,0,,
E,1650808140,0,0,,
E,1650808740,0,0,,
E,1650809340,0,0,,
E,1650809940,0,0,,
E,1650814080,0,3540,,
E,1650814680,0,0,,
E,1650815280,0,0,,
E,1650815880,0,0,,
E,1650816480,0,0,,
E,1650817080,0,0,,
E,1650817680,0,0,,
E,1650818280,0,0,,
E,1650818880,0,0,,
E,1650819540,0,60,,
E,1650820140,0,0,,
E,1650820740,0,0,,
E,1650821340,0,0,,
E,1650821940,0,0,,
E,1650822540,0,0,,
E,1650823140,0,0,,
E,1650823740,0,0,,
E,1650824340,0,0,,
E,1650824940,0,0,,
E,1650825540,0,0,,
E,1650826140,0,0,,
E,1650826740,0,0,,
E,1650827340,0,0,,
E,1650827940,0,0,,
E,1650828540,0,0,,
E,1650829140,0,0,,
E,1650829740,0,0,,
E,1650830340,0,0,,
E,1650830940,0,0,,
E,1650831540,0,0,,
E,1650832140,0,0,,
E,1650832740,0,0,,
E,1650833340,0,0,,
E,1650833940,0,0,,
E,1650834540,0,0,,
E,1650835140,0,0,,
E,1650835740,0,0,,
E,1650836340,0,0,,
E,1650836940,0,0,,
E,1650837540,0,0,,
E,1650838140,0,0,,
E,1650838740,0,0,,
E,1650839340,0,0,,
E,1650839940,0,0,,
E,1650840540,0,0,,
E,1650841140,0,0,,
E,1650841740,0,0,,
E,1650842340,0,0,,
E,1650842940,0,0,,
E,1650843540,0,0,,
E,1650844140,0,0,,
E,1650844740,0,0,,
E,1650845400,0,60,,
E,1650846000,0,0,,
E,1650846600,0,0,,
E,1650847200,0,0,,
E,1650847800,0,0,,
E,1650848400,0,0,,
E,1650849000,0,0,,
E,1650849600,0,0,,
E,1650850200,0,0,,
E,1650850800,0,0,,
E,1650851400,0,0,,
E,1650852000,0,0,,
E,1650852600,0,0,,
E,1650853200,0,0,,
E,1650853800,0,0,,
E,1650854400,0,0,,
E,1650855000,0,0,,
E,1650855600,0,0,,
E,1650856200,0,0,,
E,1650856800,0,0,,
E,1650857400,0,0,,
E,1650858000,0,0,,
E,1650858600,0,0,,
E,1650859200,0,0,,
E,1650859800,0,0,,
E,1650860400,0,0,,
E,1650861000,0,0,,
E,1650861600,0,0,,
E,1650862200,0,0,,
E,1650862800,0,0,,
E,1650863400,0,0,,
E,1650864000,0,0,,
E,1650864600,0,0,,
E,1650865200,0,0,,
E,1650865800,0,0,,
E,1650866400,0,0,,
E,1650867000,0,0,,
E,1650867600,0,0,,
E,1650868200,0,0,,
E,1650868800,0,0,,
E,1650869400,0,0,,
E,1650870000,1,0,,
E,1650870600,1,0,,
E,1650871260,1,60,,
E,1650871860,1,0,,
E,1650872460,1,0,,
E,1650873060,1,0,,
E,1650873660,1,0,,
E,1650874260,1,0,,
E,1650874860,1,0,,
E,1650875460,0,0,,
E,1650876060,0,0,,
E,1650876660,0,0,,
E,1650877260,1,0,,
E,1650877860,0,0,,
E,1650878460,0,0,,
E,1650879060,0,0,,
E,1650879660,0,0,,
E,1650880260,0,0,,
E,1650880860,0,0,,
E,1650881460,0,0,,
E,1650882060,0,0,,
E,1650882660,0,0,,
E,1650883260,0,0,,
E,1650883860,0,0,,
E,1650884460,0,0,,
E,1650885060,0,0,,
E,1650885660,0,0,,
E,1650886260,0,0,,
E,1650886860,0,0,,
E,1650887460,0,0,,
E,1650888060,0,0,,
E,1650888660,0,0,,
E,1650889260,0,0,,
E,1650889860,0,0,,
E,1650890460,0,0,,
E,1650891060,0,0,,
E,1650891660,0,0,,
E,1650892260,0,0,,
E,1650892860,0,0,,
E,1650893460,0,0,,
E,1650894060,0,0,,
E,1650894660,0,0,,
E,1650895260,0,0,,
E,1650895860,0,0,,
E,1650896460,0,0,,
E,1650897060,0,0,,
E,1650897660,0,0,,
E,1650898260,0,0,,
E,1650898860,0,0,,
E,1650899460,0,0,,
E,1650900060,0,0,,
E,1650900660,0,0,,
E,1650901260,0,0,,
E,1650901860,0,0,,
E,1650902460,0,0,,
E,1650903120,0,60,,
E,1650903720,0,0,,
E,1650904320,0,0,,
E,1650904920,0,0,,
E,1650905520,0,0,,
E,1650906120,0,0,,
E,1650906720,0,0,,
E,1650907320,0,0,,
E,1650907920,0,0,,
E,1650908520,0,0,,
E,1650909120,0,0,,
E,1650909720,0,0,,
E,1650910320,0,0,,
E,1650910920,0,0,,
E,1650911520,0,0,,
E,1650912120,0,0,,
E,1650912720,0,0,,
E,1650913320,0,0,,
E,1650913920,0,0,,
E,1650914520,0,0,,
E,1650915120,0,0,,
E,1650915720,0,0,,
E,1650916320,0,0,,
E,1650916920,0,0,,
E,1650917520,0,0,,
E,1650918120,0,0,,
E,1650918720,0,0,,
E,1650919320,0,0,,
E,1650919920,0,0,,
E,1650920520,0,0,,
E,1650921120,0,0,,
E,1650921720,0,0,,
E,1650922320,0,0,,
E,1650922920,0,0,,
E,1650923520,0,0,,
E,1650924120,0,0,,
E,1650924720,0,0,,
E,1650925320,0,0,,
E,1650925920,0,0,,
E,1650926520,0,0,,
E,1650927120,0,0,,
E,1650927720,0,0,,
E,1650928320,0,0,,
E,1650928920,0,0,,
E,1650929520,0,0,,
E,1650930180,0,60,,
E,1650930780,0,0,,
E,1650931380,0,0,,
E,1650931980,0,0,,
E,1650932580,0,0,,
E,1650933180,0,0,,
E,1650933780,0,0,,
E,1650934380,0,0,,
E,1650934980,0,0,,
E,1650935580,0,0,,
E,1650936180,0,0,,
E,1650936780,0,0,,
E,1650937380,0,0,,
E,1650937980,0,0,,
E,1650938580,0,0,,
E,1650939180,0,0,,
E,1650939780,0,0,,
E,1650940380,0,0,,
E,1650940980,0,0,,
E,1650941580,0,0,,
E,1650942180,0,0,,
E,1650942780,0,0,,
E,1650943380,0,0,,
E,1650943980,0,0,,
E,1650944580,0,0,,
E,1650945180,0,0,,
E,1650945780,0,0,,
E,1650946380,0,0,,
E,1650946980,0,0,,
E,1650947580,0,0,,
E,1650948180,0,0,,
E,1650948780,0,0,,
E,1650949380,0,0,,
E,1650949980,0,0,,
E,1650950580,0,0,,
E,1650951180,0,0,,
E,1650951780,0,0,,
E,1650952380,0,0,,
E,1650952980,0,0,,
E,1650953580,0,0,,
E,1650954180,0,0,,
E,1650954780,0,0,,
E,1650955440,0,60,,
E,1650956040,0,0,,
E,1650956640,0,0,,
E,1650957240,0,0,,
E,1650957840,0,0,,
E,1650958440,0,0,,
E,1650959040,0,0,,
E,1650959640,0,0,,
E,1650960240,0,0,,
E,1650960840,0,0,,
E,1650961440,0,0,,
E,1650962040,0,0,,
E,1650962640,0,0,,
E,1650963240,0,0,,
E,1650963840,0,0,,
E,1650964440,0,0,,
E,1650965040,0,0,,
E,1650965640,0,0,,
E,1650966240,0,0,,
E,1650966840,0,0,,
E,1650967440,0,0,,
E,1650968040,0,0,,
E,1650968640,0,0,,
E,1650969240,0,0,,
E,1650969840,0,0,,
E,1650970440,0,0,,
E,1650971040,0,0,,
E,1650971640,0,0,,
E,1650972240,0,0,,
E,1650972840,0,0,,
E,1650973440,0,0,,
E,1650974040,0,0,,
E,1650974640,0,0,,
E,1650975240,0,0,,
E,1650975840,1,0,,
E,1650976440,0,0,,
E,1650977040,0,0,,
E,1650977640,0,0,,
E,1650978240,0,0,,
E,1650978840,0,0,,
E,1650979440,0,0,,
E,1650980040,0,0,,
E,1650980700,0,60,,
E,1650981300,0,0,,
E,1650981900,0,0,,
E,1650982500,0,0,,
E,1650983100,0,0,,
E,1650983700,0,0,,
E,1650984300,0,0,,
E,1650984900,0,0,,
E,1650985500,0,0,,
E,1650986100,0,0,,
E,1650986700,0,0,,
E,1650987300,0,0,,
E,1650987900,0,0,,
E,1650988500,0,0,,
E,1650989100,0,0,,
E,1650989700,0,0,,
E,1650990300,0,0,,
E,1650990900,0,0,,
E,1650991500,0,0,,
E,1650992100,0,0,,
E,1650992700,0,0,,
E,1650993300,0,0,,
E,1650993900,0,0,,
E,1650994500,0,0,,
E,1650995100,0,0,,
E,1650995700,0,0,,
E,1650996300,0,0,,
E,1650996900,0,0,,
E,1650997500,0,0,,
E,1650998100,0,0,,
E,1650998700,0,0,,
E,1650999300,0,0,,
E,1650999900,0,0,,
E,1651000500,0,0,,
E,1651001100,0,0,,
E,1651001700,0,0,,
E,1651002300,0,0,,
E,1651002900,0,0,,
E,1651003500,0,0,,
E,1651004100,0,0,,
E,1651004700,0,0,,
E,1651005300,0,0,,
E,1651005900,0,0,,
E,1651006500,0,0,,
E,1651007100,0,0,,
E,1651007700,0,0,,
E,1651008300,0,0,,
E,1651008900,0,0,,
E,1651009560,0,60,,
E,1651010160,0,0,,
E,1651010760,0,0,,
E,1651011360,0,0,,
E,1651011960,0,0,,
E,1651012560,0,0,,
E,1651013160,0,0,,
E,1651013760,0,0,,
E,1651014360,0,0,,
E,1651014960,0,0,,
E,1651015560,0,0,,
E,1651016160,0,0,,
E,1651016760,0,0,,
E,1651017360,0,0,,
E,1651017960,0,0,,
E,1651018560,0,0,,
E,1651019160,0,0,,
E,1651019760,0,0,,
E,1651020360,0,0,,
E,1651020960,0,0,,
E,1651021560,0,0,,
E,1651022160,0,0,,
E,1651022760,0,0,,
E,1651023360,0,0,,
E,1651023960,0,0,,
E,1651024560,0,0,,
E,1651025160,0,0,,
E,1651025760,0,0,,
E,1651026360,0,0,,
E,1651026960,0,0,,
E,1651027560,0,0,,
E,1651028160,0,0,,
E,1651028760,0,0,,
E,1651029360,0,0,,
E,1651029960,0,0,,
E,1651030560,0,0,,
E,1651031160,0,0,,
E,1651031760,0,0,,
E,1651032360,0,0,,
E,1651032960,0,0,,
E,1651033560,0,0,,
E,1651034160,0,0,,
E,1651034760,0,0,,
E,1651035420,0,60,,
E,1651036020,0,0,,
E,1651036620,0,0,,
E,1651037220,0,0,,
E,1651037820,0,0,,
E,1651038420,0,0,,
E,1651039020,0,0,,
E,1651039620,0,0,,
E,1651040220,0,0,,
E,1651040820,0,0,,
E,1651041420,0,0,,
E,1651042020,0,0,,
E,1651042620,0,0,,
E,1651043220,0,0,,
E,1651043820,0,0,,
E,1651044420,0,0,,
E,1651045020,0,0,,
E,1651045620,0,0,,
E,1651046220,0,0,,
E,1651046820,0,0,,
E,1651047420,0,0,,
E,1651048020,0,0,,
E,1651048620,0,0,,
E,1651049220,0,0,,
E,1651049820,0,0,,
E,1651050420,0,0,,
E,1651051020,0,0,,
E,1651051620,0,0,,
E,1651052220,0,0,,
E,1651052820,0,0,,
E,1651053420,0,0,,
E,1651054020,0,0,,
E,1651054620,0,0,,
E,1651055220,0,0,,
E,1651055820,0,0,,
E,1651056420,0,0,,
E,1651057020,0,0,,
E,1651057680,0,60,,
E,1651058280,0,0,,
E,1651058880,0,0,,
E,1651059480,0,0,,
E,1651060080,0,0,,
E,1651060680,0,0,,
E,1651061280,0,0,,
E,1651061880,0,0,,
E,1651062480,0,0,,
E,1651063080,0,0,,
E,1651063680,0,0,,
E,1651068060,0,3780,,
E,1651068660,0,0,,
E,1651069260,0,0,,
E,1651069860,0,0,,
E,1651070460,0,0,,
E,1651071060,0,0,,
E,1651071660,0,0,,
E,1651072260,0,0,,
E,1651072860,0,0,,
E,1651073460,0,0,,
E,1651074060,0,0,,
E,1651074660,0,0,,
E,1651075260,0,0,,
E,1651075860,0,0,,
E,1651076460,0,0,,
E,1651077060,0,0,,
E,1651077660,0,0,,
E,1651078260,0,0,,
E,1651078860,0,0,,
E,1651079460,0,0,,
E,1651080060,0,0,,
E,1651080660,0,0,,
E,1651081260,0,0,,
E,1651081860,0,0,,
E,1651082460,0,0,,
E,1651083060,0,0,,
E,1651083660,0,0,,
E,1651084260,0,0,,
E,1651084920,0,60,,
E,1651085460,0,0,,
E,1651086060,0,0,,
E,1651086660,0,0,,
E,1651087260,0,0,,
E,1651087920,0,60,,
E,1651088520,0,0,,
E,1651089120,0,0,,
E,1651089720,0,0,,
E,1651090320,0,0,,
E,1651090920,0,0,,
E,1651091520,0,0,,
E,1651092120,0,0,,
E,1651092720,0,0,,
E,1651093320,0,0,,
E,1651093920,0,0,,
E,1651094520,0,0,,
E,1651095120,0,0,,
E,1651095720,0,0,,
E,1651096320,0,0,,
E,1651096920,0,0,,
E,1651097520,0,0,,
E,1651098120,0,0,,
E,1651098720,0,0,,
E,1651099320,0,0,,
E,1651099920,0,0,,
E,1651100520,0,0,,
E,1651101120,0,0,,
E,1651101720,0,0,,
E,1651102320,0,0,,
E,1651102920,0,0,,
E,1651103520,0,0,,
E,1651104120,0,0,,
E,1651104720,0,0,,
E,1651105320,0,0,,
E,1651105920,0,0,,
E,1651106520,0,0,,
E,1651107120,0,0,,
E,1651107720,0,0,,
E,1651108320,0,0,,
E,1651108920,0,0,,
E,1651109520,0,0,,
E,1651110120,0,0,,
E,1651110720,0,0,,
E,1651111320,0,0,,
E,1651111920,0,0,,
E,1651112520,0,0,,
E,1651113120,0,0,,
E,1651113720,0,0,,
E,1651114320,0,0,,
E,1651114980,0,60,,
E,1651115580,0,0,,
E,1651116180,0,0,,
E,1651116780,0,0,,
E,1651117380,0,0,,
E,1651117980,0,0,,
E,1651118580,0,0,,
E,1651119180,0,0,,
E,1651119780,0,0,,
E,1651120380,0,0,,
E,1651120980,0,0,,
E,1651121580,0,0,,
E,1651122180,0,0,,
E,1651122780,0,0,,
E,1651123380,0,0,,
E,1651123980,0,0,,
E,1651124580,0,0,,
E,1651125180,0,0,,
E,1651125780,0,0,,
E,1651126380,0,0,,
E,1651126980,0,0,,
E,1651127580,0,0,,
E,1651128180,0,0,,
E,1651128780,0,0,,
E,1651129380,0,0,,
E,1651129980,0,0,,
E,1651130580,0,0,,
E,1651131180,0,0,,
E,1651131780,0,0,,
E,1651132380,0,0,,
E,1651132980,0,0,,
E,1651133580,0,0,,
E,1651134180,0,0,,
E,1651134780,0,0,,
E,1651135380,0,0,,
E,1651135980,0,0,,
E,1651136580,0,0,,
E,1651137180,0,0,,
E,1651137780,0,0,,
E,1651138380,0,0,,
E,1651138980,0,0,,
E,1651139580,0,0,,
E,1651140180,0,0,,
E,1651140780,0,0,,
E,1651141440,0,60,,
E,1651142040,0,0,,
E,1651142640,0,0,,
E,1651143240,0,0,,
E,1651143840,0,0,,
E,1651144440,0,0,,
E,1651145040,0,0,,
E,1651145640,0,0,,
E,1651146240,0,0,,
E,1651146840,0,0,,
E,1651147440,0,0,,
E,1651148040,0,0,,
E,1651148640,0,0,,
E,1651149240,0,0,,
E,1651149840,0,0,,
E,1651150440,0,0,,
E,1651151040,0,0,,
E,1651151640,0,0,,
E,1651152240,0,0,,
E,1651152840,0,0,,
E,1651153440,0,0,,
E,1651154040,0,0,,
E,1651154640,0,0,,
E,1651155240,0,0,,
E,1651155840,0,0,,
E,1651156440,0,0,,
E,1651157040,0,0,,
E,1651157640,0,0,,
E,1651158240,0,0,,
E,1651158840,0,0,,
E,1651159440,0,0,,
E,1651160040,0,0,,
E,1651160640,0,0,,
E,1651161300,0,60,,
E,1651161900,0,0,,
E,1651162500,0,0,,
E,1651163100,0,0,,
E,1651163700,0,0,,
E,1651164300,0,0,,
E,1651164900,0,0,,
E,1651165500,0,0,,
E,1651166100,0,0,,
E,1651166700,0,0,,
E,1651167300,0,0,,
E,1651167900,0,0,,
E,1651168500,0,0,,
E,1651169100,0,0,,
E,1651169700,0,0,,
E,1651170300,0,0,,
E,1651170900,0,0,,
E,1651171500,0,0,,
E,1651172100,0,0,,
E,1651172700,0,0,,
E,1651173300,0,0,,
E,1651173900,0,0,,
E,1651174500,0,0,,
E,1651175100,0,0,,
E,1651175700,0,0,,
E,1651176300,0,0,,
E,1651176900,0,0,,
E,1651177500,0,0,,
E,1651178100,0,0,,
E,1651178700,0,0,,
E,1651179300,0,0,,
E,1651179900,0,0,,
E,1651180500,0,0,,
E,1651181100,0,0,,
E,1651181700,0,0,,
E,1651182300,0,0,,
E,1651182900,0,0,,
E,1651183500,0,0,,
E,1651184100,0,0,,
E,1651184700,0,0,,
E,1651185300,0,0,,
E,1651185900,0,0,,
E,1651186500,0,0,,
E,1651187100,0,0,,
E,1651187700,0,0,,
E,1651188300,0,0,,
E,1651188960,0,60,,
E,1651189560,0,0,,
E,1651190160,0,0,,
E,1651190760,0,0,,
E,1651191360,0,0,,
E,1651191960,0,0,,
E,1651192560,0,0,,
E,1651193160,0,0,,
E,1651193760,0,0,,
E,1651194360,0,0,,
E,1651194960,0,0,,
E,1651195560,0,0,,
E,1651196160,0,0,,
E,1651196760,0,0,,
E,1651197360,0,0,,
E,1651197960,0,0,,
E,1651198560,0,0,,
E,1651199160,0,0,,
E,1651199760,0,0,,
E,1651200360,0,0,,
E,1651200960,0,0,,
E,1651201560,0,0,,
E,1651202160,0,0,,
E,1651202760,0,0,,
E,1651203360,0,0,,
E,1651203960,0,0,,
E,1651204560,0,0,,
E,1651205160,0,0,,
E,1651205760,0,0,,
E,1651206360,0,0,,
E,1651206960,0,0,,
E,1651207560,0,0,,
E,1651208160,0,0,,
E,1651208760,0,0,,
E,1651209360,0,0,,
E,1651209960,0,0,,
E,1651210560,0,0,,
E,1651211160,0,0,,
E,1651211760,0,0,,
E,1651212360,1,0,,
E,1651212960,1,0,,
E,1651213560,1,0,,
E,1651214160,1,0,,
E,1651214760,0,0,,
E,1651215420,0,60,,
E,1651216020,0,0,,
E,1651216620,0,0,,
E,1651217220,0,0,,
E,1651217820,0,0,,
E,1651218420,0,0,,
E,1651219020,0,0,,
E,1651219620,0,0,,
E,1651220220,0,0,,
E,1651220820,0,0,,
E,1651221420,0,0,,
E,1651222020,0,0,,
E,1651222620,0,0,,
E,1651223220,0,0,,
E,1651223820,0,0,,
E,1651224420,0,0,,
E,1651225020,0,0,,
E,1651225620,0,0,,
E,1651226220,0,0,,
E,1651226820,0,0,,
E,1651227420,0,0,,
E,1651228020,0,0,,
E,1651228620,0,0,,
E,1651229220,0,0,,
E,1651229820,0,0,,
E,1651230420,0,0,,
E,1651231020,0,0,,
E,1651231620,0,0,,
E,1651232220,0,0,,
E,1651232820,0,0,,
E,1651233420,0,0,,
E,1651234020,0,0,,
E,1651234620,0,0,,
E,1651235220,0,0,,
E,1651235820,0,0,,
E,1651236420,0,0,,
E,1651237020,0,0,,
E,1651237620,0,0,,
E,1651238220,0,0,,
E,1651238820,0,0,,
E,1651239420,0,0,,
E,1651240020,0,0,,
E,1651240620,0,0,,
E,1651241220,0,0,,
E,1651241880,0,60,,
E,1651242480,0,0,,
E,1651243080,0,0,,
E,1651243680,0,0,,
E,1651244280,0,0,,
E,1651244940,0,60,,
E,1651245540,0,0,,
E,1651246140,0,0,,
E,1651246740,0,0,,
E,1651247340,0,0,,
E,1651247940,0,0,,
E,1651248540,0,0,,
E,1651249140,0,0,,
E,1651249740,0,0,,
E,1651250340,0,0,,
E,1651250940,0,0,,
E,1651251540,0,0,,
E,1651252140,0,0,,
E,1651252740,0,0,,
E,1651253340,0,0,,
E,1651253940,0,0,,
E,1651254540,0,0,,
E,1651255140,0,0,,
E,1651255740,0,0,,
E,1651256340,0,0,,
E,1651256940,0,0,,
E,1651257540,0,0,,
E,1651258140,0,0,,
E,1651258740,0,0,,
E,1651259340,0,0,,
E,1651259940,0,0,,
E,1651260540,0,0,,
E,1651261140,0,0,,
E,1651261740,0,0,,
E,1651262340,0,0,,
E,1651262940,0,0,,
E,1651263540,0,0,,
E,1651264140,0,0,,
E,1651264740,0,0,,
E,1651265400,0,60,,
E,1651266000,0,0,,
E,1651266600,0,0,,
E,1651267200,0,0,,
E,1651267800,0,0,,
E,1651268400,0,0,,
E,1651269000,0,0,,
E,1651269600,0,0,,
E,1651270200,0,0,,
E,1651270800,0,0,,
E,1651271400,0,0,,
E,1651272000,0,0,,
E,1651272600,0,0,,
E,1651273200,0,0,,
E,1651273800,0,0,,
E,1651274400,0,0,,
E,1651275000,0,0,,
E,1651275600,0,0,,
E,1651276200,1,0,,
E,1651276800,1,0,,
E,1651277400,1,0,,
E,1651278000,1,0,,
E,1651278600,1,0,,
E,1651279200,1,0,,
E,1651279800,1,0,,
E,1651280400,1,0,,
E,1651281000,1,0,,
E,1651281600,1,0,,
E,1651282200,1,0,,
E,1651282800,1,0,,
E,1651283400,0,0,,
E,1651284000,0,0,,
E,1651284600,0,0,,
E,1651285200,0,0,,
E,1651285800,0,0,,
E,1651286400,0,0,,
E,1651287000,0,0,,
E,1651287600,0,0,,
E,1651288200,0,0,,
E,1651288800,0,0,,
E,1651289400,0,0,,
E,1651290000,0,0,,
E,1651290600,0,0,,
E,1651291200,0,0,,
E,1651291800,0,0,,
E,1651292460,0,60,,
E,1651293060,0,0,,
E,1651293660,0,0,,
E,1651294260,0,0,,
E,1651294860,0,0,,
E,1651295460,0,0,,
E,1651296060,0,0,,
E,1651296660,0,0,,
E,1651297260,0,0,,
E,1651297860,0,0,,
E,1651298460,0,0,,
E,1651299060,0,0,,
E,1651299660,0,0,,
E,1651300260,0,0,,
E,1651300860,0,0,,
E,1651301460,0,0,,
E,1651302060,0,0,,
E,1651302660,0,0,,
E,1651303260,0,0,,
E,1651303860,0,0,,
E,1651304460,0,0,,
E,1651305060,0,0,,
E,1651305660,0,0,,
E,1651306260,0,0,,
E,1651306860,0,0,,
E,1651307460,0,0,,
E,1651308060,0,0,,
E,1651308660,0,0,,
E,1651309260,0,0,,
E,1651309860,0,0,,
E,1651310460,0,0,,
E,1651311060,0,0,,
E,1651311660,0,0,,
E,1651312260,0,0,,
E,1651312860,0,0,,
E,1651313460,0,0,,
E,1651314060,0,0,,
E,1651314660,0,0,,
E,1651315260,0,0,,
E,1651315860,0,0,,
E,1651316460,0,0,,
E,1651317060,0,0,,
E,1651317660,0,0,,
E,1651318260,0,0,,
E,1651318920,0,60,,
E,1651319520,0,0,,
E,1651320120,0,0,,
E,1651320720,0,0,,
E,1651321320,0,0,,
E,1651321920,0,0,,
E,1651322520,0,0,,
E,1651323120,0,0,,
E,1651323720,0,0,,
E,1651324320,0,0,,
E,1651324920,0,0,,
E,1651325520,0,0,,
E,1651326120,0,0,,
E,1651326720,0,0,,
E,1651327320,0,0,,
E,1651327920,0,0,,
E,1651328520,0,0,,
E,1651329120,0,0,,
E,1651329720,0,0,,
E,1651330320,0,0,,
E,1651330980,0,60,,
E,1651331580,0,0,,
E,1651332180,0,0,,
E,1651332780,0,0,,
E,1651333380,0,0,,
E,1651333980,0,0,,
E,1651334580,0,0,,
E,1651335180,0,0,,
E,1651335780,0,0,,
E,1651336380,0,0,,
E,1651336980,0,0,,
E,1651337580,0,0,,
E,1651338180,0,0,,
E,1651338780,0,0,,
E,1651339380,0,0,,
E,1651339980,0,0,,
E,1651340580,0,0,,
E,1651341180,0,0,,
E,1651341780,0,0,,
E,1651342380,0,0,,
E,1651342980,0,0,,
E,1651343580,0,0,,
E,1651344240,0,60,,
E,1651344840,0,0,,
E,1651345440,0,0,,
E,1651346040,0,0,,
E,1651346640,0,0,,
E,1651347240,0,0,,
E,1651347840,0,0,,
E,1651348440,0,0,,
E,1651349040,0,0,,
E,1651349640,0,0,,
E,1651350240,0,0,,
E,1651350840,0,0,,
E,1651351440,0,0,,
E,1651352040,0,0,,
E,1651352640,0,0,,
E,1651353240,0,0,,
E,1651353840,0,0,,
E,1651354440,0,0,,
E,1651355040,0,0,,
E,1651355640,0,0,,
E,1651356240,0,0,,
E,1651356840,0,0,,
E,1651357440,0,0,,
E,1651358040,0,0,,
E,1651358640,0,0,,
E,1651359240,0,0,,
E,1651359840,0,0,,
E,1651360440,0,0,,
E,1651361040,0,0,,
E,1651361640,0,0,,
E,1651362240,0,0,,
E,1651362840,0,0,,
F,1648149660,1,0,,
F,1648150260,1,0,,
F,1648150860,1,0,,
F,1648151460,1,0,,
F,1648152060,1,0,,
F,1648152660,1,0,,
F,1648153260,0,0,,
F,1648153860,0,0,,
F,1648154460,1,0,,
F,1648155060,1,0,,
F,1648155660,1,0,,
F,1648156260,1,0,,
F,1648156860,1,0,,
F,1648157460,1,0,,
F,1648158060,1,0,,
F,1648158660,1,0,,
F,1648159260,1,0,,
F,1648159860,1,0,,
F,1648160460,1,0,,
F,1648161060,1,0,,
F,1648161660,0,0,,
F,1648162260,0,0,,
F,1648162860,0,0,,
F,1648163460,0,0,,
F,1648164060,0,0,,
F,1648164660,0,0,,
F,1648165320,0,60,,
F,1648165920,0,0,,
F,1648166520,0,0,,
F,1648167120,0,0,,
F,1648167720,0,0,,
F,1648168320,0,0,,
F,1648168920,0,0,,
F,1648169520,0,0,,
F,1648170120,0,0,,
F,1648170720,0,0,,
F,1648171320,0,0,,
F,1648171920,0,0,,
F,1648172520,0,0,,
F,1648173120,0,0,,
F,1648173720,0,0,,
F,1648174320,0,0,,
F,1648174920,0,0,,
F,1648175520,0,0,,
F,1648176120,0,0,,
F,1648176720,0,0,,
F,1648177320,0,0,,
F,1648177920,0,0,,
F,1648178520,0,0,,
F,1648179120,0,0,,
F,1648179720,0,0,,
F,1648180320,0,0,,
F,1648180920,0,0,,
F,1648181520,0,0,,
F,1648182120,0,0,,
F,1648182720,0,0,,
F,1648183320,0,0,,
F,1648183920,0,0,,
F,1648184520,0,0,,
F,1648185120,0,0,,
F,1648185720,0,0,,
F,1648186320,0,0,,
F,1648186920,0,0,,
F,1648187520,0,0,,
F,1648188120,0,0,,
F,1648188720,0,0,,
F,1648189320,0,0,,
F,1648189920,0,0,,
F,1648190520,0,0,,
F,1648191120,0,0,,
F,1648191780,0,60,,
F,1648192380,0,0,,
F,1648192980,0,0,,
F,1648193580,0,0,,
F,1648194180,0,0,,
F,1648194780,0,0,,
F,1648195380,0,0,,
F,1648195980,0,0,,
F,1648196580,0,0,,
F,1648197180,0,0,,
F,1648197780,0,0,,
F,1648198380,0,0,,
F,1648198980,0,0,,
F,1648199580,0,0,,
F,1648200180,0,0,,
F,1648200780,0,0,,
F,1648201380,0,0,,
F,1648201980,0,0,,
F,1648202580,0,0,,
F,1648203180,0,0,,
F,1648203780,0,0,,
F,1648204380,0,0,,
F,1648204980,0,0,,
F,1648205580,0,0,,
F,1648206180,0,0,,
F,1648206780,0,0,,
F,1648207380,0,0,,
F,1648207980,0,0,,
F,1648208580,0,0,,
F,1648209240,0,60,,
F,1648209780,0,0,,
F,1648210440,0,60,,
F,1648211040,0,0,,
F,1648211640,0,0,,
F,1648212240,0,0,,
F,1648212840,0,0,,
F,1648213440,0,0,,
F,1648214040,0,0,,
F,1648214640,0,0,,
F,1648215240,0,0,,
F,1648215840,0,0,,
F,1648216440,0,0,,
F,1648217040,1,0,,
F,1648217640,0,0,,
F,1648218240,1,0,,
F,1648218840,1,0,,
F,1648219440,1,0,,
F,1648220040,1,0,,
F,1648220640,1,0,,
F,1648221300,1,60,,
F,1648221900,1,0,,
F,1648222500,1,0,,
F,1648223160,1,60,,
F,1648223760,1,0,,
F,1648224360,1,0,,
F,1648224960,1,0,,
F,1648225620,1,60,,
F,1648226220,1,0,,
F,1648226820,1,0,,
F,1648227420,1,0,,
F,1648228020,1,0,,
F,1648228620,1,0,,
F,1648229220,1,0,,
F,1648229820,1,0,,
F,1648230420,1,0,,
F,1648231020,1,0,,
F,1648231620,1,0,,
F,1648232220,1,0,,
F,1648232820,1,0,,
F,1648233420,1,0,,
F,1648234020,1,0,,
F,1648234620,1,0,,
F,1648235220,1,0,,
F,1648235820,1,0,,
F,1648236420,1,0,,
F,1648237020,1,0,,
F,1648237620,1,0,,
F,1648238220,1,0,,
F,1648238820,1,0,,
F,1648239420,1,0,,
F,1648240080,1,60,,
F,1648240680,0,0,,
F,1648241280,0,0,,
F,1648241880,0,0,,
F,1648242480,0,0,,
F,1648243080,0,0,,
F,1648243680,0,0,,
F,1648244280,0,0,,
F,1648244880,0,0,,
F,1648245480,0,0,,
F,1648246080,0,0,,
F,1648246680,0,0,,
F,1648247280,0,0,,
F,1648247880,0,0,,
F,1648248480,0,0,,
F,1648249080,0,0,,
F,1648249680,0,0,,
F,1648250280,0,0,,
F,1648250880,0,0,,
F,1648251480,0,0,,
F,1648252080,0,0,,
F,1648252680,0,0,,
F,1648253280,0,0,,
F,1648253880,0,0,,
F,1648254480,0,0,,
F,1648255080,0,0,,
F,1648255680,0,0,,
F,1648256280,0,0,,
F,1648256880,0,0,,
F,1648257480,0,0,,
F,1648258080,0,0,,
F,1648258680,0,0,,
F,1648259280,0,0,,
F,1648259880,0,0,,
F,1648260480,0,0,,
F,1648261080,0,0,,
F,1648261680,0,0,,
F,1648262280,0,0,,
F,1648262880,0,0,,
F,1648263480,0,0,,
F,1648264080,0,0,,
F,1648264680,0,0,,
F,1648265280,0,0,,
F,1648265880,0,0,,
F,1648266480,0,0,,
F,1648267140,0,60,,
F,1648267740,0,0,,
F,1648268340,0,0,,
F,1648268940,0,0,,
F,1648269540,0,0,,
F,1648270140,0,0,,
F,1648270740,0,0,,
F,1648271340,0,0,,
F,1648271940,0,0,,
F,1648272540,0,0,,
F,1648273140,0,0,,
F,1648273740,0,0,,
F,1648274340,0,0,,
F,1648274940,0,0,,
F,1648275540,0,0,,
F,1648276140,0,0,,
F,1648276740,0,0,,
F,1648277340,0,0,,
F,1648277940,0,0,,
F,1648278540,0,0,,
F,1648279140,0,0,,
F,1648279740,0,0,,
F,1648280340,0,0,,
F,1648280940,0,0,,
F,1648281540,0,0,,
F,1648282140,0,0,,
F,1648282740,0,0,,
F,1648283340,0,0,,
F,1648283940,0,0,,
F,1648284540,0,0,,
F,1648285140,0,0,,
F,1648285740,0,0,,
F,1648286340,0,0,,
F,1648286940,0,0,,
F,1648287540,0,0,,
F,1648288140,0,0,,
F,1648288740,0,0,,
F,1648289340,0,0,,
F,1648289940,0,0,,
F,1648290540,0,0,,
F,1648291140,0,0,,
F,1648291740,0,0,,
F,1648292340,0,0,,
F,1648293000,0,60,,
F,1648293600,0,0,,
F,1648294200,0,0,,
F,1648294800,0,0,,
F,1648295400,0,0,,
F,1648296000,0,0,,
F,1648296600,0,0,,
F,1648297200,0,0,,
F,1648297800,0,0,,
F,1648298400,0,0,,
F,1648299000,0,0,,
F,1648299600,0,0,,
F,1648300200,0,0,,
F,1648300800,0,0,,
F,1648301400,0,0,,
F,1648302000,0,0,,
F,1648302600,0,0,,
F,1648303200,0,0,,
F,1648303800,0,0,,
F,1648304400,0,0,,
F,1648305000,0,0,,
F,1648305600,0,0,,
F,1648306200,0,0,,
F,1648306800,0,0,,
F,1648307400,0,0,,
F,1648308000,1,0,,
F,1648308600,1,0,,
F,1648309200,0,0,,
F,1648309800,0,0,,
F,1648310400,0,0,,
F,1648311000,0,0,,
F,1648311600,0,0,,
F,1648312200,0,0,,
F,1648312800,0,0,,
F,1648313400,0,0,,
F,1648314000,0,0,,
F,1648314600,0,0,,
F,1648315200,0,0,,
F,1648315800,0,0,,
F,1648316400,0,0,,
F,1648317000,1,0,,
F,1648317600,1,0,,
F,1648318200,1,0,,
F,1648318800,1,0,,
F,1648319400,1,0,,
F,1648320060,1,60,,
F,1648320660,1,0,,
F,1648321260,1,0,,
F,1648321860,1,0,,
F,1648322460,1,0,,
F,1648323060,1,0,,
F,1648323660,0,0,,
F,1648324260,0,0,,
F,1648324860,0,0,,
F,1648325460,0,0,,
F,1648326060,0,0,,
F,1648326660,0,0,,
F,1648327260,0,0,,
F,1648327860,0,0,,
F,1648328460,0,0,,
F,1648329060,0,0,,
F,1648329660,0,0,,
F,1648330260,0,0,,
F,1648330860,0,0,,
F,1648331460,0,0,,
F,1648332060,0,0,,
F,1648332660,0,0,,
F,1648333260,0,0,,
F,1648333860,0,0,,
F,1648334460,0,0,,
F,1648335060,0,0,,
F,1648335660,0,0,,
F,1648336260,0,0,,
F,1648336860,0,0,,
F,1648337460,0,0,,
F,1648338060,0,0,,
F,1648338660,0,0,,
F,1648339260,0,0,,
F,1648339860,0,0,,
F,1648340460,0,0,,
F,1648341060,0,0,,
F,1648341660,0,0,,
F,1648342260,0,0,,
F,1648342860,0,0,,
F,1648343460,0,0,,
F,1648344060,0,0,,
F,1648344660,0,0,,
F,1648345260,0,0,,
F,1648345920,0,60,,
F,1648346520,0,0,,
F,1648347120,0,0,,
F,1648347720,0,0,,
F,1648348320,0,0,,
F,1648348920,0,0,,
F,1648349520,0,0,,
F,1648350120,0,0,,
F,1648350720,0,0,,
F,1648351320,0,0,,
F,1648351920,0,0,,
F,1648352520,0,0,,
F,1648353120,0,0,,
F,1648353720,0,0,,
F,1648354320,0,0,,
F,1648354920,0,0,,
F,1648355520,0,0,,
F,1648356180,0,60,,
F,1648356780,0,0,,
F,1648357380,0,0,,
F,1648357980,0,0,,
F,1648358580,0,0,,
F,1648359180,0,0,,
F,1648359780,0,0,,
F,1648360380,0,0,,
F,1648360980,0,0,,
F,1648361580,0,0,,
F,1648362180,0,0,,
F,1648362780,0,0,,
F,1648363380,0,0,,
F,1648363980,0,0,,
F,1648364580,0,0,,
F,1648365180,0,0,,
F,1648365780,0,0,,
F,1648366380,0,0,,
F,1648366980,0,0,,
F,1648367580,0,0,,
F,1648368180,0,0,,
F,1648368780,0,0,,
F,1648369380,0,0,,
F,1648369980,0,0,,
F,1648370580,0,0,,
F,1648371180,0,0,,
F,1648371780,0,0,,
F,1648372380,0,0,,
F,1648372980,0,0,,
F,1648373580,0,0,,
F,1648374180,0,0,,
F,1648374780,0,0,,
F,1648375380,0,0,,
F,1648375980,0,0,,
F,1648376580,0,0,,
F,1648377180,0,0,,
F,1648377780,0,0,,
F,1648378380,0,0,,
F,1648378980,0,0,,
F,1648379580,0,0,,
F,1648380180,0,0,,
F,1648380780,0,0,,
F,1648381380,0,0,,
F,1648382040,0,60,,
F,1648382640,0,0,,
F,1648383240,0,0,,
F,1648383840,0,0,,
F,1648384440,0,0,,
F,1648385040,0,0,,
F,1648385640,0,0,,
F,1648386240,0,0,,
F,1648386840,0,0,,
F,1648387440,0,0,,
F,1648388040,1,0,,
F,1648388640,1,0,,
F,1648389240,1,0,,
F,1648389840,1,0,,
F,1648390440,1,0,,
F,1648391040,1,0,,
F,1648391640,1,0,,
F,1648392240,1,0,,
F,1648392840,1,0,,
F,1648393440,1,0,,
F,1648394040,1,0,,
F,1648394640,1,0,,
F,1648395240,1,0,,
F,1648395840,1,0,,
F,1648396440,1,0,,
F,1648397040,1,0,,
F,1648397640,1,0,,
F,1648398240,1,0,,
F,1648398840,1,0,,
F,1648399440,1,0,,
F,1648400040,1,0,,
F,1648400640,1,0,,
F,1648401240,1,0,,
F,1648401840,1,0,,
F,1648402440,1,0,,
F,1648403040,1,0,,
F,1648403640,1,0,,
F,1648404240,0,0,,
F,1648404840,1,0,,
F,1648405440,1,0,,
F,1648406040,1,0,,
F,1648406640,0,0,,
F,1648407240,0,0,,
F,1648407840,0,0,,
F,1648408440,0,0,,
F,1648409100,0,60,,
F,1648409700,0,0,,
F,1648410300,0,0,,
F,1648410900,0,0,,
F,1648411500,0,0,,
F,1648412100,0,0,,
F,1648412700,0,0,,
F,1648413300,0,0,,
F,1648413900,0,0,,
F,1648414500,0,0,,
F,1648415100,0,0,,
F,1648415700,0,0,,
F,1648416300,0,0,,
F,1648416900,0,0,,
F,1648417500,0,0,,
F,1648418100,0,0,,
F,1648418700,0,0,,
F,1648419300,0,0,,
F,1648419900,0,0,,
F,1648420500,0,0,,
F,1648421100,0,0,,
F,1648421700,0,0,,
F,1648422300,0,0,,
F,1648422900,0,0,,
F,1648423500,0,0,,
F,1648424100,0,0,,
F,1648424700,0,0,,
F,1648425300,0,0,,
F,1648425900,0,0,,
F,1648426500,0,0,,
F,1648427100,0,0,,
F,1648427700,0,0,,
F,1648428300,0,0,,
F,1648428900,0,0,,
F,1648429500,0,0,,
F,1648430100,0,0,,
F,1648430700,0,0,,
F,1648431300,0,0,,
F,1648431900,0,0,,
F,1648432500,0,0,,
F,1648433100,0,0,,
F,1648433700,0,0,,
F,1648434300,0,0,,
F,1648434900,0,0,,
F,1648435560,0,60,,
F,1648436160,0,0,,
F,1648436760,0,0,,
F,1648437360,0,0,,
F,1648437960,0,0,,
F,1648438560,0,0,,
F,1648439160,0,0,,
F,1648439760,0,0,,
F,1648440360,0,0,,
F,1648440960,0,0,,
F,1648441560,0,0,,
F,1648442160,0,0,,
F,1648442760,0,0,,
F,1648443360,0,0,,
F,1648443960,0,0,,
F,1648444560,0,0,,
F,1648445160,0,0,,
F,1648445760,0,0,,
F,1648446360,0,0,,
F,1648446960,0,0,,
F,1648447560,0,0,,
F,1648448160,0,0,,
F,1648448760,0,0,,
F,1648449360,0,0,,
F,1648449960,0,0,,
F,1648450560,0,0,,
F,1648451160,0,0,,
F,1648451760,0,0,,
F,1648452360,0,0,,
F,1648452960,0,0,,
F,1648453560,0,0,,
F,1648454160,0,0,,
F,1648454760,0,0,,
F,1648455360,0,0,,
F,1648455960,0,0,,
F,1648456560,0,0,,
F,1648457160,0,0,,
F,1648457760,0,0,,
F,1648458360,0,0,,
F,1648458960,0,0,,
F,1648459560,0,0,,
F,1648460220,0,60,,
F,1648460760,0,0,,
F,1648461420,0,60,,
F,1648462020,0,0,,
F,1648462620,0,0,,
F,1648463220,0,0,,
F,1648463820,0,0,,
F,1648464420,0,0,,
F,1648465020,0,0,,
F,1648465620,0,0,,
F,1648466220,0,0,,
F,1648466820,0,0,,
F,1648467420,0,0,,
F,1648468020,0,0,,
F,1648468620,0,0,,
F,1648469220,0,0,,
F,1648469820,0,0,,
F,1648470420,0,0,,
F,1648471020,0,0,,
F,1648471620,0,0,,
F,1648472220,0,0,,
F,1648472820,0,0,,
F,1648473420,0,0,,
F,1648474020,0,0,,
F,1648474620,0,0,,
F,1648475220,0,0,,
F,1648475820,0,0,,
F,1648476420,0,0,,
F,1648477020,0,0,,
F,1648477620,0,0,,
F,1648478220,0,0,,
F,1648478820,0,0,,
F,1648479480,0,60,,
F,1648480080,0,0,,
F,1648480680,0,0,,
F,1648481280,0,0,,
F,1648481880,0,0,,
F,1648482480,0,0,,
F,1648483080,0,0,,
F,1648483680,0,0,,
F,1648484280,0,0,,
F,1648484880,0,0,,
F,1648485480,0,0,,
F,1648486080,0,0,,
F,1648486680,0,0,,
F,1648487280,0,0,,
F,1648487880,0,0,,
F,1648488480,0,0,,
F,1648489080,0,0,,
F,1648489680,0,0,,
F,1648490280,0,0,,
F,1648490880,0,0,,
F,1648491480,0,0,,
F,1648492080,0,0,,
F,1648492680,0,0,,
F,1648493280,0,0,,
F,1648493880,0,0,,
F,1648494480,0,0,,
F,1648495140,0,60,,
F,1648495740,0,0,,
F,1648496340,0,0,,
F,1648496940,0,0,,
F,1648497540,0,0,,
F,1648498140,0,0,,
F,1648498740,0,0,,
F,1648499340,0,0,,
F,1648499940,0,0,,
F,1648500540,0,0,,
F,1648501140,0,0,,
F,1648501740,0,0,,
F,1648502340,0,0,,
F,1648502940,0,0,,
F,1648503540,0,0,,
F,1648504140,0,0,,
F,1648504740,0,0,,
F,1648505340,0,0,,
F,1648505940,0,0,,
F,1648506540,0,0,,
F,1648507140,0,0,,
F,1648507740,0,0,,
F,1648508340,0,0,,
F,1648508940,0,0,,
F,1648509540,0,0,,
F,1648510140,0,0,,
F,1648510740,0,0,,
F,1648511340,0,0,,
F,1648511940,0,0,,
F,1648512540,0,0,,
F,1648513140,0,0,,
F,1648513740,0,0,,
F,1648514340,0,0,,
F,1648514940,0,0,,
F,1648515540,0,0,,
F,1648516140,0,0,,
F,1648516740,0,0,,
F,1648517400,0,60,,
F,1648518000,0,0,,
F,1648518600,0,0,,
F,1648519200,0,0,,
F,1648519800,0,0,,
F,1648520400,0,0,,
F,1648521000,0,0,,
F,1648521600,0,0,,
F,1648522200,0,0,,
F,1648522800,0,0,,
F,1648523400,0,0,,
F,1648524000,0,0,,
F,1648524600,0,0,,
F,1648525200,0,0,,
F,1648525800,0,0,,
F,1648526400,0,0,,
F,1648527000,0,0,,
F,1648527600,0,0,,
F,1648528200,0,0,,
F,1648528800,0,0,,
F,1648529400,0,0,,
F,1648530000,0,0,,
F,1648530600,0,0,,
F,1648531200,0,0,,
F,1648531800,0,0,,
F,1648532400,0,0,,
F,1648533000,0,0,,
F,1648533600,0,0,,
F,1648534200,0,0,,
F,1648534800,0,0,,
F,1648535400,0,0,,
F,1648536000,0,0,,
F,1648536600,0,0,,
F,1648537200,0,0,,
F,1648537800,0,0,,
F,1648538400,0,0,,
F,1648539000,0,0,,
F,1648539600,0,0,,
F,1648540200,0,0,,
F,1648540800,0,0,,
F,1648541400,0,0,,
F,1648542000,0,0,,
F,1648542600,0,0,,
F,1648543260,0,60,,
F,1648543860,0,0,,
F,1648544460,0,0,,
F,1648545060,0,0,,
F,1648545660,0,0,,
F,1648546260,0,0,,
F,1648546860,0,0,,
F,1648547460,0,0,,
F,1648548060,0,0,,
F,1648548660,0,0,,
F,1648549260,0,0,,
F,1648549860,0,0,,
F,1648550460,0,0,,
F,1648551060,0,0,,
F,1648551660,0,0,,
F,1648552260,0,0,,
F,1648552920,0,60,,
F,1648553520,0,0,,
F,1648554120,0,0,,
F,1648554720,0,0,,
F,1648555320,0,0,,
F,1648555920,0,0,,
F,1648556520,0,0,,
F,1648557120,0,0,,
F,1648557720,0,0,,
F,1648558320,0,0,,
F,1648558920,0,0,,
F,1648559520,0,0,,
F,1648560120,0,0,,
F,1648560720,0,0,,
F,1648561320,0,0,,
F,1648561920,0,0,,
F,1648562520,0,0,,
F,1648563120,0,0,,
F,1648563720,0,0,,
F,1648564320,0,0,,
F,1648564920,0,0,,
F,1648565520,0,0,,
F,1648566120,0,0,,
F,1648566720,0,0,,
F,1648567320,0,0,,
F,1648567920,0,0,,
F,1648568520,0,0,,
F,1648569120,0,0,,
F,1648569720,0,0,,
F,1648570320,0,0,,
F,1648570920,0,0,,
F,1648571520,0,0,,
F,1648572120,0,0,,
F,1648572720,0,0,,
F,1648573380,0,60,,
F,1648573980,0,0,,
F,1648574580,0,0,,
F,1648575180,0,0,,
F,1648575780,0,0,,
F,1648576380,0,0,,
F,1648576980,0,0,,
F,1648577580,0,0,,
F,1648578180,0,0,,
F,1648578780,0,0,,
F,1648579380,0,0,,
F,1648579980,0,0,,
F,1648580580,0,0,,
F,1648581180,0,0,,
F,1648581780,0,0,,
F,1648582380,0,0,,
F,1648582980,0,0,,
F,1648583580,0,0,,
F,1648584180,0,0,,
F,1648584780,0,0,,
F,1648585380,0,0,,
F,1648585980,0,0,,
F,1648586580,0,0,,
F,1648587180,0,0,,
F,1648587780,0,0,,
F,1648588380,0,0,,
F,1648588980,0,0,,
F,1648589580,0,0,,
F,1648590180,0,0,,
F,1648590780,0,0,,
F,1648591380,0,0,,
F,1648591980,0,0,,
F,1648592580,0,0,,
F,1648593180,0,0,,
F,1648593780,0,0,,
F,1648594380,0,0,,
F,1648594980,0,0,,
F,1648595580,0,0,,
F,1648596180,0,0,,
F,1648596780,0,0,,
F,1648597380,0,0,,
F,1648597980,0,0,,
F,1648598580,0,0,,
F,1648599180,0,0,,
F,1648599780,0,0,,
F,1648600440,0,60,,
F,1648601040,0,0,,
F,1648601640,0,0,,
F,1648602240,0,0,,
F,1648602840,0,0,,
F,1648603440,0,0,,
F,1648604040,0,0,,
F,1648604640,0,0,,
F,1648605240,0,0,,
F,1648605840,0,0,,
F,1648606440,0,0,,
F,1648607040,0,0,,
F,1648607640,0,0,,
F,1648608240,0,0,,
F,1648608840,0,0,,
F,1648609440,0,0,,
F,1648610100,0,60,,
F,1648610700,0,0,,
F,1648611300,0,0,,
F,1648611900,0,0,,
F,1648612500,0,0,,
F,1648613100,0,0,,
F,1648613700,0,0,,
F,1648614300,0,0,,
F,1648614900,0,0,,
F,1648615500,0,0,,
F,1648616100,0,0,,
F,1648616700,0,0,,
F,1648617300,0,0,,
F,1648617900,0,0,,
F,1648618500,0,0,,
F,1648619100,0,0,,
F,1648619700,0,0,,
F,1648620300,0,0,,
F,1648620900,0,0,,
F,1648621500,0,0,,
F,1648622100,0,0,,
F,1648622700,0,0,,
F,1648623300,0,0,,
F,1648623900,0,0,,
F,1648624500,0,0,,
F,1648625100,0,0,,
F,1648625700,0,0,,
F,1648626300,0,0,,
F,1648626900,0,0,,
F,1648627500,0,0,,
F,1648628100,0,0,,
F,1648628700,0,0,,
F,1648629300,0,0,,
F,1648629900,0,0,,
F,1648630500,0,0,,
F,1648631100,0,0,,
F,1648631700,0,0,,
F,1648632300,0,0,,
F,1648632900,0,0,,
F,1648633500,0,0,,
F,1648634100,0,0,,
F,1648634700,0,0,,
F,1648635360,0,60,,
F,1648635960,0,0,,
F,1648636560,0,0,,
F,1648637160,0,0,,
F,1648637760,0,0,,
F,1648638360,0,0,,
F,1648638960,0,0,,
F,1648639560,0,0,,
F,1648640160,0,0,,
F,1648640760,0,0,,
F,1648641360,0,0,,
F,1648641960,0,0,,
F,1648642560,0,0,,
F,1648643160,0,0,,
F,1648643760,0,0,,
F,1648644360,0,0,,
F,1648644960,0,0,,
F,1648645560,0,0,,
F,1648646160,0,0,,
F,1648646760,0,0,,
F,1648647360,0,0,,
F,1648647960,0,0,,
F,1648648560,0,0,,
F,1648649160,0,0,,
F,1648649760,0,0,,
F,1648650360,0,0,,
F,1648650960,0,0,,
F,1648651560,0,0,,
F,1648652160,0,0,,
F,1648652760,0,0,,
F,1648653360,0,0,,
F,1648653960,0,0,,
F,1648654560,0,0,,
F,1648655160,0,0,,
F,1648655760,0,0,,
F,1648656360,0,0,,
F,1648656960,0,0,,
F,1648657560,0,0,,
F,1648658160,0,0,,
F,1648658760,0,0,,
F,1648659360,0,0,,
F,1648659960,0,0,,
F,1648660620,0,60,,
F,1648661220,0,0,,
F,1648661820,0,0,,
F,1648662420,0,0,,
F,1648663020,0,0,,
F,1648663620,0,0,,
F,1648664220,0,0,,
F,1648664820,0,0,,
F,1648665420,0,0,,
F,1648666020,0,0,,
F,1648666620,0,0,,
F,1648667220,0,0,,
F,1648671420,0,3600,,
F,1648672020,0,0,,
F,1648672620,0,0,,
F,1648673220,0,0,,
F,1648673880,0,60,,
F,1648674480,0,0,,
F,1648675080,0,0,,
F,1648675680,0,0,,
F,1648676280,0,0,,
F,1648676880,0,0,,
F,1648677480,0,0,,
F,1648678080,0,0,,
F,1648678680,0,0,,
F,1648679280,0,0,,
F,1648679880,0,0,,
F,1648680480,0,0,,
F,1648681080,0,0,,
F,1648681680,0,0,,
F,1648682280,0,0,,
F,1648682880,0,0,,
F,1648683480,0,0,,
F,1648684080,0,0,,
F,1648684680,0,0,,
F,1648685280,0,0,,
F,1648685880,0,0,,
F,1648686480,0,0,,
F,1648687080,0,0,,
F,1648687680,0,0,,
F,1648688280,0,0,,
F,1648688880,0,0,,
F,1648689480,0,0,,
F,1648690080,0,0,,
F,1648690680,0,0,,
F,1648691280,0,0,,
F,1648691880,0,0,,
F,1648692480,0,0,,
F,1648693080,0,0,,
F,1648693680,0,0,,
F,1648694280,0,0,,
F,1648694880,0,0,,
F,1648695480,0,0,,
F,1648696080,0,0,,
F,1648696680,0,0,,
F,1648697280,0,0,,
F,1648697880,0,0,,
F,1648698480,0,0,,
F,1648699080,0,0,,
F,1648699680,0,0,,
F,1648700340,0,60,,
F,1648700940,0,0,,
F,1648701540,0,0,,
F,1648702140,0,0,,
F,1648702740,0,0,,
F,1648703340,0,0,,
F,1648703940,0,0,,
F,1648704540,0,0,,
F,1648705140,0,0,,
F,1648705740,0,0,,
F,1648706340,0,0,,
F,1648706940,0,0,,
F,1648707540,0,0,,
F,1648708140,0,0,,
F,1648708740,0,0,,
F,1648709340,0,0,,
F,1648709940,0,0,,
F,1648710540,0,0,,
F,1648711140,0,0,,
F,1648711740,0,0,,
F,1648712340,0,0,,
F,1648712940,0,0,,
F,1648713540,0,0,,
F,1648714140,0,0,,
F,1648714740,0,0,,
F,1648715340,0,0,,
F,1648715940,0,0,,
F,1648716540,0,0,,
F,1648717140,0,0,,
F,1648717740,0,0,,
F,1648718340,0,0,,
F,1648718940,0,0,,
F,1648719540,0,0,,
F,1648720140,0,0,,
F,1648720740,0,0,,
F,1648721340,0,0,,
F,1648721940,0,0,,
F,1648722540,0,0,,
F,1648723140,0,0,,
F,1648723740,0,0,,
F,1648724340,0,0,,
F,1648724940,0,0,,
F,1648725540,0,0,,
F,1648726140,0,0,,
F,1648726740,0,0,,
F,1648727340,0,0,,
F,1648728000,0,60,,
F,1648728600,0,0,,
F,1648729200,0,0,,
F,1648729800,0,0,,
F,1648730400,0,0,,
F,1648731000,0,0,,
F,1648731600,0,0,,
F,1648732200,0,0,,
F,1648732800,0,0,,
F,1648733400,0,0,,
F,1648734000,0,0,,
F,1648734600,0,0,,
F,1648735200,0,0,,
F,1648735800,0,0,,
F,1648736400,0,0,,
F,1648737000,0,0,,
F,1648737600,0,0,,
F,1648738200,0,0,,
F,1648738800,0,0,,
F,1648739400,0,0,,
F,1648740000,0,0,,
F,1648740600,0,0,,
F,1648741200,0,0,,
F,1648741800,0,0,,
F,1648742400,0,0,,
F,1648743000,0,0,,
F,1648743600,0,0,,
F,1648744200,0,0,,
F,1648744800,0,0,,
F,1648745460,0,60,,
F,1648746060,0,0,,
F,1648746660,0,0,,
F,1648747260,0,0,,
F,1648747860,0,0,,
F,1648748460,0,0,,
F,1648749060,0,0,,
F,1648749660,0,0,,
F,1648750260,0,0,,
F,1648750860,0,0,,
F,1648751460,0,0,,
F,1648752060,0,0,,
F,1648752660,0,0,,
F,1648753260,0,0,,
F,1648753860,0,0,,
F,1648754460,0,0,,
F,1648755060,0,0,,
F,1648755660,0,0,,
F,1648756260,0,0,,
F,1648756860,0,0,,
F,1648757460,0,0,,
F,1648758060,0,0,,
F,1648758660,0,0,,
F,1648759260,0,0,,
F,1648759860,0,0,,
F,1648760460,0,0,,
F,1648761060,0,0,,
F,1648761660,0,0,,
F,1648762260,0,0,,
F,1648762860,0,0,,
F,1648763460,0,0,,
F,1648764060,0,0,,
F,1648764660,0,0,,
F,1648765260,0,0,,
F,1648765860,0,0,,
F,1648766460,0,0,,
F,1648767060,0,0,,
F,1648767660,0,0,,
F,1648768260,0,0,,
F,1648768920,0,60,,
F,1648769520,0,0,,
F,1648770120,0,0,,
F,1648770720,0,0,,
F,1648771320,0,0,,
F,1648771920,0,0,,
F,1648772520,0,0,,
F,1648773120,0,0,,
F,1648773720,0,0,,
F,1648774320,0,0,,
F,1648774920,0,0,,
F,1648775520,0,0,,
F,1648776120,0,0,,
F,1648776720,0,0,,
F,1648777320,0,0,,
F,1648777920,0,0,,
F,1648778520,0,0,,
F,1648779120,0,0,,
F,1648779720,0,0,,
F,1648780320,0,0,,
F,1648780920,0,0,,
F,1648781520,0,0,,
F,1648782120,0,0,,
F,1648782720,0,0,,
F,1648783320,0,0,,
F,1648783920,0,0,,
F,1648784520,0,0,,
F,1648785120,0,0,,
F,1648785720,0,0,,
F,1648786320,0,0,,
F,1648786920,0,0,,
F,1648787520,0,0,,
F,1648788120,0,0,,
F,1648788720,0,0,,
F,1648789320,0,0,,
F,1648789920,0,0,,
F,1648790520,0,0,,
F,1648791120,0,0,,
F,1648791720,0,0,,
F,1648792320,0,0,,
F,1648792920,0,0,,
F,1648793520,0,0,,
F,1648794120,0,0,,
F,1648794720,0,0,,
F,1648795380,0,60,,
F,1648795980,0,0,,
F,1648796580,0,0,,
F,1648797180,0,0,,
F,1648797780,0,0,,
F,1648798380,0,0,,
F,1648798980,0,0,,
F,1648799580,0,0,,
F,1648800180,0,0,,
F,1648800780,0,0,,
F,1648801380,0,0,,
F,1648801980,0,0,,
F,1648802580,0,0,,
F,1648803180,0,0,,
F,1648803780,0,0,,
F,1648804380,0,0,,
F,1648804980,0,0,,
F,1648805580,0,0,,
F,1648806180,0,0,,
F,1648806780,0,0,,
F,1648807380,0,0,,
F,1648807980,0,0,,
F,1648808580,0,0,,
F,1648809180,0,0,,
F,1648809780,0,0,,
F,1648810380,0,0,,
F,1648810980,0,0,,
F,1648811580,0,0,,
F,1648812180,0,0,,
F,1648812780,0,0,,
F,1648813380,0,0,,
F,1648813980,0,0,,
F,1648814580,0,0,,
F,1648815180,0,0,,
F,1648815780,0,0,,
F,1648816380,0,0,,
F,1648816980,0,0,,
F,1648817640,0,60,,
F,1648818240,0,0,,
F,1648818840,0,0,,
F,1648819440,0,0,,
F,1648820040,0,0,,
F,1648820640,0,0,,
F,1648821240,0,0,,
F,1648821840,0,0,,
F,1648822440,0,0,,
F,1648823040,0,0,,
F,1648823640,0,0,,
F,1648824240,0,0,,
F,1648824840,0,0,,
F,1648825440,0,0,,
F,1648826040,0,0,,
F,1648826640,0,0,,
F,1648827240,0,0,,
F,1648827840,0,0,,
F,1648828440,0,0,,
F,1648829040,0,0,,
F,1648829640,0,0,,
F,1648830240,0,0,,
F,1648830840,0,0,,
F,1648831500,0,60,,
F,1648832100,0,0,,
F,1648832700,0,0,,
F,1648833300,0,0,,
F,1648833900,0,0,,
F,1648834500,0,0,,
F,1648835100,0,0,,
F,1648835700,0,0,,
F,1648836300,0,0,,
F,1648836900,0,0,,
F,1648837500,0,0,,
F,1648838100,0,0,,
F,1648838700,0,0,,
F,1648839300,0,0,,
F,1648839900,0,0,,
F,1648840500,0,0,,
F,1648841100,0,0,,
F,1648841700,0,0,,
F,1648842300,0,0,,
F,1648842900,0,0,,
F,1648843500,0,0,,
F,1648844100,0,0,,
F,1648844700,0,0,,
F,1648845300,0,0,,
F,1648845900,0,0,,
F,1648846500,0,0,,
F,1648847100,0,0,,
F,1648847700,0,0,,
F,1648848300,0,0,,
F,1648848900,0,0,,
F,1648849500,0,0,,
F,1648850100,0,0,,
F,1648850700,0,0,,
F,1648851300,0,0,,
F,1648851900,0,0,,
F,1648852500,0,0,,
F,1648853100,0,0,,
F,1648853700,0,0,,
F,1648854300,0,0,,
F,1648854900,0,0,,
F,1648855500,0,0,,
F,1648856100,0,0,,
F,1648856700,0,0,,
F,1648857360,0,60,,
F,1648857960,0,0,,
F,1648858560,0,0,,
F,1648859160,0,0,,
F,1648859760,0,0,,
F,1648860360,0,0,,
F,1648860960,0,0,,
F,1648861560,0,0,,
F,1648862160,0,0,,
F,1648862760,0,0,,
F,1648863360,0,0,,
F,1648863960,0,0,,
F,1648864560,0,0,,
F,1648865160,0,0,,
F,1648865760,0,0,,
F,1648866360,0,0,,
F,1648866960,0,0,,
F,1648867560,0,0,,
F,1648868160,0,0,,
F,1648868760,0,0,,
F,1648869360,0,0,,
F,1648869960,0,0,,
F,1648870560,0,0,,
F,1648871160,0,0,,
F,1648871760,0,0,,
F,1648872360,0,0,,
F,1648872960,0,0,,
F,1648873560,0,0,,
F,1648874160,0,0,,
F,1648874760,0,0,,
F,1648875360,0,0,,
F,1648875960,0,0,,
F,1648876560,0,0,,
F,1648877160,1,0,,
F,1648877760,1,0,,
F,1648878360,0,0,,
F,1648878960,0,0,,
F,1648879560,0,0,,
F,1648880160,1,0,,
F,1648880760,1,0,,
F,1648881420,1,60,,
F,1648882020,1,0,,
F,1648882620,1,0,,
F,1648883220,1,0,,
F,1648883820,1,0,,
F,1648884420,1,0,,
F,1648885020,1,0,,
F,1648885620,0,0,,
F,1648886220,0,0,,
F,1648886820,0,0,,
F,1648887480,0,60,,
F,1648888080,0,0,,
F,1648888680,0,0,,
F,1648889280,0,0,,
F,1648889880,0,0,,
F,1648890480,0,0,,
F,1648891080,0,0,,
F,1648891680,0,0,,
F,1648892280,0,0,,
F,1648892880,0,0,,
F,1648893480,0,0,,
F,1648894080,0,0,,
F,1648894680,0,0,,
F,1648895280,0,0,,
F,1648895880,0,0,,
F,1648896480,0,0,,
F,1648901160,0,4080,,
F,1648901760,0,0,,
F,1648902360,0,0,,
F,1648902960,0,0,,
F,1648903560,0,0,,
F,1648904160,0,0,,
F,1648904760,0,0,,
F,1648905360,0,0,,
F,1648905960,0,0,,
F,1648906560,0,0,,
F,1648907160,0,0,,
F,1648907760,0,0,,
F,1648908360,0,0,,
F,1648908960,0,0,,
F,1648909560,0,0,,
F,1648910160,0,0,,
F,1648910760,0,0,,
F,1648911360,0,0,,
F,1648911960,0,0,,
F,1648912560,0,0,,
F,1648913160,0,0,,
F,1648913760,0,0,,
F,1648914360,0,0,,
F,1648914960,0,0,,
F,1648915560,0,0,,
F,1648916160,0,0,,
F,1648916760,0,0,,
F,1648917360,0,0,,
F,1648918020,0,60,,
F,1648918620,0,0,,
F,1648919220,0,0,,
F,1648919820,0,0,,
F,1648920420,0,0,,
F,1648921020,0,0,,
F,1648921620,0,0,,
F,1648922220,0,0,,
F,1648922820,0,0,,
F,1648923420,0,0,,
F,1648924020,0,0,,
F,1648924620,0,0,,
F,1648925220,0,0,,
F,1648925820,0,0,,
F,1648926420,0,0,,
F,1648927020,0,0,,
F,1648927620,0,0,,
F,1648928220,0,0,,
F,1648928820,0,0,,
F,1648929420,0,0,,
F,1648930020,0,0,,
F,1648930620,0,0,,
F,1648931220,0,0,,
F,1648931820,0,0,,
F,1648932420,0,0,,
F,1648933020,0,0,,
F,1648933620,0,0,,
F,1648934220,0,0,,
F,1648934820,0,0,,
F,1648935420,0,0,,
F,1648936020,0,0,,
F,1648936620,0,0,,
F,1648937220,0,0,,
F,1648937820,0,0,,
F,1648938420,0,0,,
F,1648939020,0,0,,
F,1648939620,0,0,,
F,1648940220,0,0,,
F,1648940820,0,0,,
F,1648941420,0,0,,
F,1648942020,0,0,,
F,1648942620,0,0,,
F,1648943220,0,0,,
F,1648943880,0,60,,
F,1648944480,0,0,,
F,1648945080,0,0,,
F,1648945680,1,0,,
F,1648946280,1,0,,
F,1648946880,1,0,,
F,1648947480,1,0,,
F,1648948080,1,0,,
F,1648948680,1,0,,
F,1648949280,0,0,,
F,1648949880,0,0,,
F,1648950480,0,0,,
F,1648951080,0,0,,
F,1648951680,1,0,,
F,1648952280,1,0,,
F,1648952880,1,0,,
F,1648953480,1,0,,
F,1648954080,1,0,,
F,1648954680,1,0,,
F,1648955280,1,0,,
F,1648955880,1,0,,
F,1648956480,1,0,,
F,1648957080,0,0,,
F,1648957680,1,0,,
F,1648958280,1,0,,
F,1648958880,1,0,,
F,1648959480,1,0,,
F,1648960080,1,0,,
F,1648960680,1,0,,
F,1648961280,1,0,,
F,1648961880,1,0,,
F,1648962480,1,0,,
F,1648963080,1,0,,
F,1648963680,1,0,,
F,1648964280,1,0,,
F,1648964880,1,0,,
F,1648965480,1,0,,
F,1648966080,1,0,,
F,1648966680,1,0,,
F,1648967280,1,0,,
F,1648967880,1,0,,
F,1648968480,1,0,,
F,1648969080,1,0,,
F,1648969740,1,60,,
F,1648970340,1,0,,
F,1648970940,1,0,,
F,1648971540,1,0,,
F,1648972140,1,0,,
F,1648972740,1,0,,
F,1648973340,1,0,,
F,1648973940,0,0,,
F,1648974540,0,0,,
F,1648975140,0,0,,
F,1648975740,0,0,,
F,1648976340,0,0,,
F,1648976940,0,0,,
F,1648977540,0,0,,
F,1648978140,0,0,,
F,1648978740,0,0,,
F,1648979340,0,0,,
F,1648979940,0,0,,
F,1648980540,0,0,,
F,1648981140,0,0,,
F,1648981740,0,0,,
F,1648982340,0,0,,
F,1648982940,0,0,,
F,1648983540,0,0,,
F,1648984140,0,0,,
F,1648984740,0,0,,
F,1648985340,0,0,,
F,1648985940,0,0,,
F,1648986540,0,0,,
F,1648987140,0,0,,
F,1648987740,0,0,,
F,1648988340,0,0,,
F,1648988940,0,0,,
F,1648989540,0,0,,
F,1648990140,0,0,,
F,1648990740,0,0,,
F,1648991340,0,0,,
F,1648991940,0,0,,
F,1648992540,0,0,,
F,1648993140,0,0,,
F,1648993740,0,0,,
F,1648994340,0,0,,
F,1648994940,0,0,,
F,1648995600,0,60,,
F,1648996200,0,0,,
F,1648996800,0,0,,
F,1648997400,0,0,,
F,1648998000,0,0,,
F,1648998600,0,0,,
F,1648999200,0,0,,
F,1648999800,0,0,,
F,1649000400,0,0,,
F,1649001000,0,0,,
F,1649001600,0,0,,
F,1649002200,0,0,,
F,1649002800,0,0,,
F,1649003400,0,0,,
F,1649004000,0,0,,
F,1649004600,0,0,,
F,1649005200,0,0,,
F,1649005800,0,0,,
F,1649006400,0,0,,
F,1649007000,0,0,,
F,1649007600,0,0,,
F,1649008200,0,0,,
F,1649008800,0,0,,
F,1649009400,0,0,,
F,1649010000,0,0,,
F,1649010600,0,0,,
F,1649011200,0,0,,
F,1649011800,0,0,,
F,1649012400,0,0,,
F,1649013000,0,0,,
F,1649013600,0,0,,
F,1649014200,0,0,,
F,1649014800,0,0,,
F,1649015400,0,0,,
F,1649016000,0,0,,
F,1649016600,0,0,,
F,1649017200,0,0,,
F,1649017800,0,0,,
F,1649018400,0,0,,
F,1649019000,0,0,,
F,1649019600,0,0,,
F,1649020200,0,0,,
F,1649020800,0,0,,
F,1649021400,0,0,,
F,1649022000,0,0,,
F,1649022660,0,60,,
F,1649023260,0,0,,
F,1649023860,0,0,,
F,1649024460,0,0,,
F,1649025060,0,0,,
F,1649025660,0,0,,
F,1649026260,0,0,,
F,1649026860,0,0,,
F,1649027460,0,0,,
F,1649028060,0,0,,
F,1649028660,0,0,,
F,1649029260,0,0,,
F,1649029860,0,0,,
F,1649030460,0,0,,
F,1649031060,0,0,,
F,1649031660,0,0,,
F,1649032260,0,0,,
F,1649032860,0,0,,
F,1649033460,0,0,,
F,1649034060,0,0,,
F,1649034660,0,0,,
F,1649035260,0,0,,
F,1649035860,0,0,,
F,1649036460,0,0,,
F,1649037060,0,0,,
F,1649037660,0,0,,
F,1649038260,0,0,,
F,1649038860,0,0,,
F,1649039460,0,0,,
F,1649040060,0,0,,
F,1649040660,0,0,,
F,1649041260,0,0,,
F,1649041860,0,0,,
F,1649042460,0,0,,
F,1649043060,0,0,,
F,1649043660,0,0,,
F,1649044260,0,0,,
F,1649044860,0,0,,
F,1649045460,0,0,,
F,1649046060,0,0,,
F,1649046660,0,0,,
F,1649047260,0,0,,
F,1649047860,0,0,,
F,1649048520,0,60,,
F,1649049120,0,0,,
F,1649049720,0,0,,
F,1649050320,0,0,,
F,1649050920,0,0,,
F,1649051520,0,0,,
F,1649052120,0,0,,
F,1649052720,1,0,,
F,1649053320,1,0,,
F,1649053920,0,0,,
F,1649054520,1,0,,
F,1649055120,1,0,,
F,1649055720,1,0,,
F,1649056320,1,0,,
F,1649056920,1,0,,
F,1649057520,1,0,,
F,1649058120,1,0,,
F,1649058720,1,0,,
F,1649059320,1,0,,
F,1649059920,1,0,,
F,1649060520,1,0,,
F,1649061120,1,0,,
F,1649061720,1,0,,
F,1649062320,1,0,,
F,1649062920,1,0,,
F,1649063520,1,0,,
F,1649064120,1,0,,
F,1649064720,1,0,,
F,1649065320,1,0,,
F,1649065920,1,0,,
F,1649066520,1,0,,
F,1649067120,1,0,,
F,1649067720,1,0,,
F,1649068320,1,0,,
F,1649068920,1,0,,
F,1649069520,1,0,,
F,1649070120,1,0,,
F,1649070720,1,0,,
F,1649071320,1,0,,
F,1649071920,1,0,,
F,1649072520,1,0,,
F,1649073120,1,0,,
F,1649073720,1,0,,
F,1649074320,1,0,,
F,1649074980,1,60,,
F,1649075580,1,0,,
F,1649076180,1,0,,
F,1649076780,1,0,,
F,1649077380,1,0,,
F,1649077980,1,0,,
F,1649078580,1,0,,
F,1649079180,1,0,,
F,1649079780,1,0,,
F,1649080380,1,0,,
F,1649080980,1,0,,
F,1649081580,1,0,,
F,1649082180,1,0,,
F,1649082780,1,0,,
F,1649083380,1,0,,
F,1649083980,1,0,,
F,1649084580,1,0,,
F,1649085180,1,0,,
F,1649085780,1,0,,
F,1649086380,1,0,,
F,1649086980,1,0,,
F,1649087580,1,0,,
F,1649088180,1,0,,
F,1649088780,1,0,,
F,1649089380,1,0,,
F,1649089980,1,0,,
F,1649090580,1,0,,
F,1649091180,1,0,,
F,1649091780,1,0,,
F,1649092380,1,0,,
F,1649092980,1,0,,
F,1649093580,1,0,,
F,1649094180,1,0,,
F,1649094780,1,0,,
F,1649095380,1,0,,
F,1649095980,1,0,,
F,1649096580,1,0,,
F,1649097180,1,0,,
F,1649097780,1,0,,
F,1649098380,1,0,,
F,1649098980,1,0,,
F,1649099580,1,0,,
F,1649100180,1,0,,
F,1649100780,1,0,,
F,1649101380,1,0,,
F,1649101980,1,0,,
F,1649102640,1,60,,
F,1649103240,1,0,,
F,1649103840,1,0,,
F,1649104440,1,0,,
F,1649105040,1,0,,
F,1649105640,0,0,,
F,1649106240,0,0,,
F,1649106840,0,0,,
F,1649107440,0,0,,
F,1649108040,0,0,,
F,1649108640,0,0,,
F,1649109240,0,0,,
F,1649109840,0,0,,
F,1649110440,0,0,,
F,1649111040,0,0,,
F,1649111640,0,0,,
F,1649112240,0,0,,
F,1649112840,0,0,,
F,1649113440,0,0,,
F,1649114040,0,0,,
F,1649114640,0,0,,
F,1649115240,0,0,,
F,1649115840,0,0,,
F,1649116440,0,0,,
F,1649117040,0,0,,
F,1649117640,0,0,,
F,1649118240,0,0,,
F,1649118840,0,0,,
F,1649119440,0,0,,
F,1649120040,0,0,,
F,1649120640,0,0,,
F,1649121240,0,0,,
F,1649121840,0,0,,
F,1649122440,0,0,,
F,1649123040,0,0,,
F,1649123640,0,0,,
F,1649124240,0,0,,
F,1649124840,0,0,,
F,1649125440,0,0,,
F,1649126040,0,0,,
F,1649126640,0,0,,
F,1649127240,0,0,,
F,1649127840,0,0,,
F,1649128500,0,60,,
F,1649129100,0,0,,
F,1649129700,0,0,,
F,1649130300,0,0,,
F,1649130900,0,0,,
F,1649131500,0,0,,
F,1649132100,0,0,,
F,1649132700,0,0,,
F,1649133300,0,0,,
F,1649133900,0,0,,
F,1649134500,0,0,,
F,1649135100,0,0,,
F,1649135700,0,0,,
F,1649136300,0,0,,
F,1649136900,0,0,,
F,1649137500,0,0,,
F,1649138100,0,0,,
F,1649138700,0,0,,
F,1649139300,0,0,,
F,1649139900,0,0,,
F,1649140500,0,0,,
F,1649141100,0,0,,
F,1649141700,0,0,,
F,1649142300,0,0,,
F,1649142900,0,0,,
F,1649143500,0,0,,
F,1649144100,0,0,,
F,1649144700,0,0,,
F,1649145300,0,0,,
F,1649145900,0,0,,
F,1649146500,0,0,,
F,1649147100,0,0,,
F,1649147700,0,0,,
F,1649148300,0,0,,
F,1649148900,0,0,,
F,1649149500,0,0,,
F,1649150100,0,0,,
F,1649150700,0,0,,
F,1649151300,0,0,,
F,1649151900,0,0,,
F,1649152500,0,0,,
F,1649153100,0,0,,
F,1649153700,0,0,,
F,1649154360,0,60,,
F,1649154960,0,0,,
F,1649155560,0,0,,
F,1649156160,0,0,,
F,1649156760,0,0,,
F,1649157360,0,0,,
F,1649157960,0,0,,
F,1649158560,0,0,,
F,1649159160,0,0,,
F,1649159760,0,0,,
F,1649160360,0,0,,
F,1649160960,0,0,,
F,1649161560,0,0,,
F,1649162160,0,0,,
F,1649162760,0,0,,
F,1649163360,0,0,,
F,1649163960,0,0,,
F,1649164560,0,0,,
F,1649165160,0,0,,
F,1649165760,0,0,,
F,1649166360,0,0,,
F,1649166960,0,0,,
F,1649167560,0,0,,
F,1649168160,0,0,,
F,1649168760,0,0,,
F,1649169360,0,0,,
F,1649169960,0,0,,
F,1649170560,0,0,,
F,1649171160,0,0,,
F,1649171760,0,0,,
F,1649172360,0,0,,
F,1649172960,0,0,,
F,1649173560,0,0,,
F,1649174160,0,0,,
F,1649174760,0,0,,
F,1649175360,0,0,,
F,1649175960,0,0,,
F,1649176560,0,0,,
F,1649177160,0,0,,
F,1649177760,0,0,,
F,1649178420,0,60,,
F,1649179020,0,0,,
F,1649179620,0,0,,
F,1649180220,0,0,,
F,1649180820,0,0,,
F,1649181420,0,0,,
F,1649182020,0,0,,
F,1649182620,0,0,,
F,1649183220,0,0,,
F,1649183820,0,0,,
F,1649184420,0,0,,
F,1649185020,0,0,,
F,1649185620,0,0,,
F,1649186220,0,0,,
F,1649186820,0,0,,
F,1649187420,0,0,,
F,1649188020,0,0,,
F,1649188620,0,0,,
F,1649189220,0,0,,
F,1649189820,0,0,,
F,1649190420,0,0,,
F,1649191020,0,0,,
F,1649191620,0,0,,
F,1649192220,0,0,,
F,1649192820,0,0,,
F,1649193420,0,0,,
F,1649194020,0,0,,
F,1649194620,0,0,,
F,1649195220,0,0,,
F,1649195820,0,0,,
F,1649196420,0,0,,
F,1649197020,0,0,,
F,1649197620,0,0,,
F,1649198220,0,0,,
F,1649198820,0,0,,
F,1649199420,0,0,,
F,1649200020,0,0,,
F,1649200620,0,0,,
F,1649201220,0,0,,
F,1649201820,0,0,,
F,1649202420,0,0,,
F,1649203020,0,0,,
F,1649203620,0,0,,
F,1649204220,0,0,,
F,1649204820,0,0,,
F,1649205480,0,60,,
F,1649206080,0,0,,
F,1649206680,0,0,,
F,1649207280,0,0,,
F,1649207880,0,0,,
F,1649208480,0,0,,
F,1649209080,0,0,,
F,1649209680,0,0,,
F,1649210280,0,0,,
F,1649210880,0,0,,
F,1649211480,0,0,,
F,1649212080,0,0,,
F,1649212680,0,0,,
F,1649213280,0,0,,
F,1649213880,0,0,,
F,1649214480,0,0,,
F,1649215080,0,0,,
F,1649215680,0,0,,
F,1649216280,0,0,,
F,1649216880,0,0,,
F,1649217480,0,0,,
F,1649218080,0,0,,
F,1649218680,0,0,,
F,1649219280,0,0,,
F,1649219880,0,0,,
F,1649220480,0,0,,
F,1649221080,0,0,,
F,1649221680,0,0,,
F,1649222280,0,0,,
F,1649222880,0,0,,
F,1649223480,0,0,,
F,1649224080,0,0,,
F,1649224680,0,0,,
F,1649225280,0,0,,
F,1649225880,0,0,,
F,1649226480,0,0,,
F,1649227080,0,0,,
F,1649227680,0,0,,
F,1649228280,0,0,,
F,1649228880,0,0,,
F,1649229480,0,0,,
F,1649230080,0,0,,
F,1649230680,0,0,,
F,1649231340,0,60,,
F,1649231940,0,0,,
F,1649232540,0,0,,
F,1649233140,0,0,,
F,1649233740,0,0,,
F,1649234340,0,0,,
F,1649234940,1,0,,
F,1649235540,1,0,,
F,1649236140,1,0,,
F,1649236740,0,0,,
F,1649237340,0,0,,
F,1649237940,0,0,,
F,1649238540,0,0,,
F,1649239140,0,0,,
F,1649239740,0,0,,
F,1649240340,0,0,,
F,1649240940,0,0,,
F,1649241540,0,0,,
F,1649242140,0,0,,
F,1649242740,0,0,,
F,1649243340,0,0,,
F,1649243940,0,0,,
F,1649244540,0,0,,
F,1649245140,0,0,,
F,1649245740,0,0,,
F,1649246340,0,0,,
F,1649246940,0,0,,
F,1649247540,0,0,,
F,1649248140,0,0,,
F,1649248740,0,0,,
F,1649249340,0,0,,
F,1649249940,0,0,,
F,1649250540,0,0,,
F,1649251140,0,0,,
F,1649251740,0,0,,
F,1649252340,0,0,,
F,1649252940,0,0,,
F,1649253540,0,0,,
F,1649254140,0,0,,
F,1649254740,0,0,,
F,1649255340,0,0,,
F,1649255940,0,0,,
F,1649256540,0,0,,
F,1649257140,0,0,,
F,1649257740,0,0,,
F,1649258400,0,60,,
F,1649259000,0,0,,
F,1649259600,0,0,,
F,1649260200,0,0,,
F,1649260800,0,0,,
F,1649261400,0,0,,
F,1649262000,0,0,,
F,1649262600,0,0,,
F,1649263200,0,0,,
F,1649263800,0,0,,
F,1649264400,0,0,,
F,1649265000,0,0,,
F,1649265600,0,0,,
F,1649266200,0,0,,
F,1649266800,0,0,,
F,1649267400,0,0,,
F,1649268000,0,0,,
F,1649268600,0,0,,
F,1649269200,0,0,,
F,1649269800,0,0,,
F,1649270400,0,0,,
F,1649271000,0,0,,
F,1649271600,0,0,,
F,1649272200,0,0,,
F,1649272800,0,0,,
F,1649273400,0,0,,
F,1649274000,0,0,,
F,1649274600,0,0,,
F,1649275200,0,0,,
F,1649275800,0,0,,
F,1649276400,0,0,,
F,1649277000,0,0,,
F,1649277600,0,0,,
F,1649278200,0,0,,
F,1649278800,0,0,,
F,1649279400,0,0,,
F,1649280000,0,0,,
F,1649280600,0,0,,
F,1649281260,0,60,,
F,1649281860,0,0,,
F,1649282460,1,0,,
F,1649283060,0,0,,
F,1649283660,0,0,,
F,1649284260,0,0,,
F,1649284860,0,0,,
F,1649285460,0,0,,
F,1649286060,0,0,,
F,1649286660,0,0,,
F,1649287260,0,0,,
F,1649287860,0,0,,
F,1649288460,0,0,,
F,1649289060,0,0,,
F,1649289660,0,0,,
F,1649290260,0,0,,
F,1649290860,0,0,,
F,1649291460,0,0,,
F,1649292060,0,0,,
F,1649292660,0,0,,
F,1649293260,0,0,,
F,1649293860,0,0,,
F,1649294460,0,0,,
F,1649295060,0,0,,
F,1649295660,0,0,,
F,1649296260,0,0,,
F,1649296860,0,0,,
F,1649297460,0,0,,
F,1649298060,0,0,,
F,1649298660,0,0,,
F,1649299260,0,0,,
F,1649299860,0,0,,
F,1649300460,0,0,,
F,1649301060,0,0,,
F,1649301660,0,0,,
F,1649302260,0,0,,
F,1649302860,0,0,,
F,1649303460,0,0,,
F,1649304060,0,0,,
F,1649304660,0,0,,
F,1649305260,0,0,,
F,1649305860,0,0,,
F,1649306460,0,0,,
F,1649307120,0,60,,
F,1649307720,0,0,,
F,1649308320,0,0,,
F,1649308920,0,0,,
F,1649309520,0,0,,
F,1649310120,0,0,,
F,1649310720,0,0,,
F,1649311320,0,0,,
F,1649311920,0,0,,
F,1649312520,0,0,,
F,1649313120,0,0,,
F,1649313720,0,0,,
F,1649314320,0,0,,
F,1649314920,0,0,,
F,1649315520,0,0,,
F,1649316120,0,0,,
F,1649316720,0,0,,
F,1649317320,0,0,,
F,1649317920,0,0,,
F,1649318520,0,0,,
F,1649319120,0,0,,
F,1649319720,0,0,,
F,1649320320,0,0,,
F,1649320920,0,0,,
F,1649321520,0,0,,
F,1649322120,0,0,,
F,1649322720,0,0,,
F,1649323320,0,0,,
F,1649323920,0,0,,
F,1649324520,0,0,,
F,1649325120,0,0,,
F,1649325720,0,0,,
F,1649326320,0,0,,
F,1649326920,0,0,,
F,1649327520,0,0,,
F,1649328120,0,0,,
F,1649328720,0,0,,
F,1649329320,0,0,,
F,1649329920,0,0,,
F,1649330520,0,0,,
F,1649331120,0,0,,
F,1649331720,0,0,,
F,1649332320,0,0,,
F,1649332920,0,0,,
F,1649333520,0,0,,
F,1649334180,0,60,,
F,1649334780,0,0,,
F,1649335380,0,0,,
F,1649335980,0,0,,
F,1649336580,0,0,,
F,1649337180,0,0,,
F,1649337780,0,0,,
F,1649338380,0,0,,
F,1649338980,0,0,,
F,1649339580,0,0,,
F,1649340180,0,0,,
F,1649340780,0,0,,
F,1649341380,0,0,,
F,1649341980,0,0,,
F,1649342580,0,0,,
F,1649343180,0,0,,
F,1649343780,0,0,,
F,1649344380,0,0,,
F,1649344980,0,0,,
F,1649345580,0,0,,
F,1649346180,0,0,,
F,1649346780,0,0,,
F,1649347380,0,0,,
F,1649347980,0,0,,
F,1649348580,0,0,,
F,1649349180,0,0,,
F,1649349780,0,0,,
F,1649350380,0,0,,
F,1649350980,0,0,,
F,1649351580,0,0,,
F,1649352180,0,0,,
F,1649352780,0,0,,
F,1649353380,0,0,,
F,1649353980,0,0,,
F,1649354580,0,0,,
F,1649355180,0,0,,
F,1649355780,0,0,,
F,1649356380,0,0,,
F,1649356980,0,0,,
F,1649357580,0,0,,
F,1649358240,0,60,,
F,1649358840,0,0,,
F,1649359440,0,0,,
F,1649360040,0,0,,
F,1649360640,0,0,,
F,1649361240,0,0,,
F,1649361840,0,0,,
F,1649362440,0,0,,
F,1649363040,0,0,,
F,1649363640,0,0,,
F,1649364240,0,0,,
F,1649364840,0,0,,
F,1649365440,0,0,,
F,1649366040,0,0,,
F,1649366640,0,0,,
F,1649367240,0,0,,
F,1649367840,0,0,,
F,1649368440,0,0,,
F,1649369040,0,0,,
F,1649369640,0,0,,
F,1649370240,0,0,,
F,1649370840,0,0,,
F,1649371440,0,0,,
F,1649372040,0,0,,
F,1649372640,0,0,,
F,1649373240,0,0,,
F,1649373840,0,0,,
F,1649374440,0,0,,
F,1649375040,0,0,,
F,1649375640,0,0,,
F,1649376240,0,0,,
F,1649376840,0,0,,
F,1649377440,0,0,,
F,1649378040,0,0,,
F,1649378640,0,0,,
F,1649379240,0,0,,
F,1649379840,0,0,,
F,1649380440,0,0,,
F,1649381040,0,0,,
F,1649381640,0,0,,
F,1649382240,0,0,,
F,1649382840,0,0,,
F,1649383440,0,0,,
F,1649384040,0,0,,
F,1649384700,0,60,,
F,1649385300,0,0,,
F,1649385900,0,0,,
F,1649386500,0,0,,
F,1649387100,0,0,,
F,1649387700,0,0,,
F,1649388300,0,0,,
F,1649388900,1,0,,
F,1649389500,1,0,,
F,1649390100,1,0,,
F,1649390700,1,0,,
F,1649391300,1,0,,
F,1649391900,1,0,,
F,1649392500,1,0,,
F,1649393100,1,0,,
F,1649393700,1,0,,
F,1649394300,1,0,,
F,1649394900,1,0,,
F,1649395500,1,0,,
F,1649396100,1,0,,
F,1649396700,1,0,,
F,1649397300,1,0,,
F,1649397900,1,0,,
F,1649398500,1,0,,
F,1649399100,1,0,,
F,1649399700,1,0,,
F,1649400300,1,0,,
F,1649400900,1,0,,
F,1649401500,1,0,,
F,1649402100,1,0,,
F,1649402700,1,0,,
F,1649403300,1,0,,
F,1649403900,1,0,,
F,1649404500,1,0,,
F,1649405100,1,0,,
F,1649405700,1,0,,
F,1649406300,1,0,,
F,1649406900,1,0,,
F,1649407500,0,0,,
F,1649408100,0,0,,
F,1649408700,0,0,,
F,1649409300,0,0,,
F,1649409900,0,0,,
F,1649410560,0,60,,
F,1649411160,0,0,,
F,1649411760,0,0,,
F,1649412360,0,0,,
F,1649412960,0,0,,
F,1649413560,0,0,,
F,1649414160,0,0,,
F,1649414760,0,0,,
F,1649415360,0,0,,
F,1649415960,0,0,,
F,1649416560,0,0,,
F,1649417160,0,0,,
F,1649417760,0,0,,
F,1649418360,0,0,,
F,1649418960,0,0,,
F,1649419560,0,0,,
F,1649420160,0,0,,
F,1649420760,0,0,,
F,1649421360,0,0,,
F,1649421960,0,0,,
F,1649422560,0,0,,
F,1649423160,0,0,,
F,1649423760,0,0,,
F,1649424360,0,0,,
F,1649424960,0,0,,
F,1649425560,0,0,,
F,1649426160,0,0,,
F,1649426760,0,0,,
F,1649427360,0,0,,
F,1649427960,0,0,,
F,1649428560,0,0,,
F,1649429160,0,0,,
F,1649429760,0,0,,
F,1649430360,0,0,,
F,1649430960,0,0,,
F,1649431560,0,0,,
F,1649432160,0,0,,
F,1649432760,0,0,,
F,1649433360,0,0,,
F,1649433960,0,0,,
F,1649434620,0,60,,
F,1649435220,0,0,,
F,1649435820,0,0,,
F,1649436420,0,0,,
F,1649437020,0,0,,
F,1649437620,0,0,,
F,1649438220,0,0,,
F,1649438820,0,0,,
F,1649439420,0,0,,
F,1649440020,0,0,,
F,1649440620,0,0,,
F,1649441220,0,0,,
F,1649441820,0,0,,
F,1649442420,0,0,,
F,1649443020,0,0,,
F,1649443620,0,0,,
F,1649444220,1,0,,
F,1649444820,1,0,,
F,1649445420,0,0,,
F,1649446020,1,0,,
F,1649446620,1,0,,
F,1649447220,1,0,,
F,1649447820,1,0,,
F,1649448420,1,0,,
F,1649449020,1,0,,
F,1649449620,1,0,,
F,1649450220,1,0,,
F,1649450820,1,0,,
F,1649451420,1,0,,
F,1649452020,1,0,,
F,1649452620,1,0,,
F,1649453220,1,0,,
F,1649453820,1,0,,
F,1649454420,1,0,,
F,1649455020,1,0,,
F,1649455620,0,0,,
F,1649456220,0,0,,
F,1649456820,0,0,,
F,1649457420,0,0,,
F,1649458020,0,0,,
F,1649458620,0,0,,
F,1649459220,0,0,,
F,1649459820,0,0,,
F,1649460420,0,0,,
F,1649461080,0,60,,
F,1649461680,0,0,,
F,1649462280,0,0,,
F,1649462880,0,0,,
F,1649463480,0,0,,
F,1649464080,0,0,,
F,1649464680,0,0,,
F,1649465280,0,0,,
F,1649465880,0,0,,
F,1649466480,0,0,,
F,1649467080,0,0,,
F,1649467680,0,0,,
F,1649468280,0,0,,
F,1649468880,0,0,,
F,1649469480,0,0,,
F,1649470080,0,0,,
F,1649470680,0,0,,
F,1649471280,0,0,,
F,1649471880,0,0,,
F,1649472480,0,0,,
F,1649473080,0,0,,
F,1649473680,0,0,,
F,1649474280,0,0,,
F,1649474880,0,0,,
F,1649475480,0,0,,
F,1649476080,0,0,,
F,1649476680,0,0,,
F,1649477280,0,0,,
F,1649477880,0,0,,
F,1649478480,0,0,,
F,1649479080,0,0,,
F,1649479680,0,0,,
F,1649480280,0,0,,
F,1649480880,0,0,,
F,1649481480,0,0,,
F,1649482080,0,0,,
F,1649482680,0,0,,
F,1649483280,0,0,,
F,1649483880,0,0,,
F,1649484480,0,0,,
F,1649485080,0,0,,
F,1649485680,0,0,,
F,1649486340,0,60,,
F,1649486940,0,0,,
F,1649487540,0,0,,
F,1649488140,0,0,,
F,1649488740,0,0,,
F,1649489340,0,0,,
F,1649489940,0,0,,
F,1649490540,0,0,,
F,1649491140,0,0,,
F,1649491740,0,0,,
F,1649492340,0,0,,
F,1649492940,0,0,,
F,1649493540,0,0,,
F,1649494140,0,0,,
F,1649494740,0,0,,
F,1649495340,0,0,,
F,1649495940,0,0,,
F,1649496540,0,0,,
F,1649497140,0,0,,
F,1649497740,0,0,,
F,1649498340,0,0,,
F,1649498940,0,0,,
F,1649499540,0,0,,
F,1649500140,0,0,,
F,1649500740,0,0,,
F,1649501340,0,0,,
F,1649501940,0,0,,
F,1649502540,0,0,,
F,1649503140,0,0,,
F,1649503740,0,0,,
F,1649504340,0,0,,
F,1649504940,0,0,,
F,1649505540,0,0,,
F,1649506140,0,0,,
F,1649506740,0,0,,
F,1649507340,0,0,,
F,1649507940,0,0,,
F,1649508540,0,0,,
F,1649509140,0,0,,
F,1649509740,0,0,,
F,1649510340,0,0,,
F,1649510940,0,0,,
F,1649511540,0,0,,
F,1649512140,0,0,,
F,1649512740,0,0,,
F,1649513400,0,60,,
F,1649514000,0,0,,
F,1649514600,0,0,,
F,1649515200,0,0,,
F,1649515800,0,0,,
F,1649516400,0,0,,
F,1649517000,0,0,,
F,1649517600,0,0,,
F,1649518200,0,0,,
F,1649518800,0,0,,
F,1649519400,0,0,,
F,1649520000,0,0,,
F,1649520600,0,0,,
F,1649521200,0,0,,
F,1649521800,0,0,,
F,1649522400,0,0,,
F,1649523000,0,0,,
F,1649523600,0,0,,
F,1649524200,0,0,,
F,1649524800,0,0,,
F,1649525400,0,0,,
F,1649526000,0,0,,
F,1649526600,0,0,,
F,1649527200,0,0,,
F,1649527800,0,0,,
F,1649528400,0,0,,
F,1649529000,0,0,,
F,1649529600,0,0,,
F,1649530200,0,0,,
F,1649530800,0,0,,
F,1649531400,0,0,,
F,1649532000,0,0,,
F,1649532600,0,0,,
F,1649533200,0,0,,
F,1649533800,0,0,,
F,1649534400,0,0,,
F,1649535000,0,0,,
F,1649535600,0,0,,
F,1649536200,0,0,,
F,1649536800,0,0,,
F,1649537400,0,0,,
F,1649538000,0,0,,
F,1649538600,0,0,,
F,1649539260,0,60,,
F,1649539860,0,0,,
F,1649540460,0,0,,
F,1649541060,0,0,,
F,1649541660,0,0,,
F,1649542260,0,0,,
F,1649542860,0,0,,
F,1649543460,0,0,,
F,1649544060,0,0,,
F,1649544660,0,0,,
F,1649545260,0,0,,
F,1649545860,0,0,,
F,1649546460,1,0,,
F,1649547060,1,0,,
F,1649547660,1,0,,
F,1649548260,1,0,,
F,1649548860,1,0,,
F,1649549460,1,0,,
F,1649550060,1,0,,
F,1649550660,1,0,,
F,1649551260,1,0,,
F,1649551860,1,0,,
F,1649552460,1,0,,
F,1649553060,1,0,,
F,1649553660,1,0,,
F,1649554260,1,0,,
F,1649554860,1,0,,
F,1649555460,1,0,,
F,1649556060,1,0,,
F,1649556660,1,0,,
F,1649557260,1,0,,
F,1649557860,1,0,,
F,1649558460,1,0,,
F,1649559060,1,0,,
F,1649559660,1,0,,
F,1649560260,1,0,,
F,1649560860,1,0,,
F,1649561460,1,0,,
F,1649562060,1,0,,
F,1649562660,1,0,,
F,1649563260,1,0,,
F,1649563860,1,0,,
F,1649564460,1,0,,
F,1649565060,1,0,,
F,1649565720,1,60,,
F,1649566320,1,0,,
F,1649566920,1,0,,
F,1649567520,1,0,,
F,1649568120,1,0,,
F,1649568720,1,0,,
F,1649569320,1,0,,
F,1649569920,1,0,,
F,1649570520,0,0,,
F,1649571120,0,0,,
F,1649571720,0,0,,
F,1649572320,0,0,,
F,1649572920,0,0,,
F,1649573520,0,0,,
F,1649574120,0,0,,
F,1649574720,0,0,,
F,1649575320,0,0,,
F,1649575920,0,0,,
F,1649576520,0,0,,
F,1649577120,0,0,,
F,1649577720,0,0,,
F,1649578320,0,0,,
F,1649578920,0,0,,
F,1649579520,0,0,,
F,1649580120,0,0,,
F,1649580720,0,0,,
F,1649581320,0,0,,
F,1649581920,0,0,,
F,1649582520,0,0,,
F,1649583120,0,0,,
F,1649583720,0,0,,
F,1649584320,0,0,,
F,1649584920,0,0,,
F,1649585520,0,0,,
F,1649586120,0,0,,
F,1649586720,0,0,,
F,1649587320,0,0,,
F,1649587920,0,0,,
F,1649588520,0,0,,
F,1649589120,0,0,,
F,1649589720,0,0,,
F,1649590320,0,0,,
F,1649590920,0,0,,
F,1649591580,0,60,,
F,1649592180,0,0,,
F,1649592780,0,0,,
F,1649593380,0,0,,
F,1649593980,0,0,,
F,1649594580,0,0,,
F,1649595180,0,0,,
F,1649595780,0,0,,
F,1649596380,0,0,,
F,1649596980,0,0,,
F,1649597580,0,0,,
F,1649598180,0,0,,
F,1649598780,0,0,,
F,1649599380,0,0,,
F,1649599980,0,0,,
F,1649600580,0,0,,
F,1649601180,0,0,,
F,1649601780,0,0,,
F,1649602380,0,0,,
F,1649602980,0,0,,
F,1649603580,0,0,,
F,1649604180,0,0,,
F,1649604780,0,0,,
F,1649605380,0,0,,
F,1649605980,0,0,,
F,1649606580,0,0,,
F,1649607180,0,0,,
F,1649607780,0,0,,
F,1649608380,0,0,,
F,1649608980,0,0,,
F,1649609580,0,0,,
F,1649610180,0,0,,
F,1649610780,0,0,,
F,1649611380,0,0,,
F,1649611980,0,0,,
F,1649612580,0,0,,
F,1649613180,0,0,,
F,1649613780,0,0,,
F,1649614380,0,0,,
F,1649614980,0,0,,
F,1649615580,0,0,,
F,1649616180,0,0,,
F,1649616780,0,0,,
F,1649617380,0,0,,
F,1649617980,0,0,,
F,1649618640,0,60,,
F,1649619240,0,0,,
F,1649619840,0,0,,
F,1649620440,0,0,,
F,1649621040,0,0,,
F,1649621640,0,0,,
F,1649622240,0,0,,
F,1649622840,0,0,,
F,1649623440,0,0,,
F,1649624040,0,0,,
F,1649624640,0,0,,
F,1649625240,0,0,,
F,1649625840,0,0,,
F,1649626440,0,0,,
F,1649627040,0,0,,
F,1649627640,0,0,,
F,1649628240,0,0,,
F,1649628840,0,0,,
F,1649629440,0,0,,
F,1649630040,0,0,,
F,1649630640,0,0,,
F,1649631240,0,0,,
F,1649631840,0,0,,
F,1649632440,0,0,,
F,1649633040,0,0,,
F,1649633640,0,0,,
F,1649634240,0,0,,
F,1649634840,0,0,,
F,1649635440,0,0,,
F,1649636040,0,0,,
F,1649636640,0,0,,
F,1649637240,0,0,,
F,1649637840,0,0,,
F,1649638440,0,0,,
F,1649639040,0,0,,
F,1649639640,0,0,,
F,1649640240,0,0,,
F,1649640840,0,0,,
F,1649641440,0,0,,
F,1649642040,0,0,,
F,1649642640,0,0,,
F,1649643240,0,0,,
F,1649643840,0,0,,
F,1649644500,0,60,,
F,1649645100,0,0,,
F,1649645700,0,0,,
F,1649646300,0,0,,
F,1649646900,0,0,,
F,1649647500,0,0,,
F,1649648100,0,0,,
F,1649648700,0,0,,
F,1649649300,0,0,,
F,1649649900,0,0,,
F,1649650500,0,0,,
F,1649651100,0,0,,
F,1649651700,0,0,,
F,1649652300,0,0,,
F,1649652900,0,0,,
F,1649653500,0,0,,
F,1649654100,0,0,,
F,1649654700,0,0,,
F,1649655300,0,0,,
F,1649655900,0,0,,
F,1649656500,0,0,,
F,1649657100,0,0,,
F,1649657700,0,0,,
F,1649658300,0,0,,
F,1649658900,0,0,,
F,1649659500,0,0,,
F,1649660100,0,0,,
F,1649660700,0,0,,
F,1649661300,0,0,,
F,1649661900,0,0,,
F,1649662500,0,0,,
F,1649663100,0,0,,
F,1649663700,0,0,,
F,1649664300,0,0,,
F,1649664900,0,0,,
F,1649665500,0,0,,
F,1649666100,0,0,,
F,1649666700,0,0,,
F,1649667300,0,0,,
F,1649667900,0,0,,
F,1649668500,0,0,,
F,1649669100,0,0,,
F,1649669700,0,0,,
F,1649670360,0,60,,
F,1649670960,0,0,,
F,1649671560,0,0,,
F,1649672160,0,0,,
F,1649672760,0,0,,
F,1649673360,0,0,,
F,1649673960,0,0,,
F,1649674560,0,0,,
F,1649675160,0,0,,
F,1649675760,0,0,,
F,1649676360,0,0,,
F,1649676960,0,0,,
F,1649677560,0,0,,
F,1649678160,0,0,,
F,1649678760,0,0,,
F,1649679360,0,0,,
F,1649679960,0,0,,
F,1649680560,0,0,,
F,1649681160,0,0,,
F,1649681760,0,0,,
F,1649682360,0,0,,
F,1649682960,0,0,,
F,1649683560,0,0,,
F,1649684160,0,0,,
F,1649684760,0,0,,
F,1649685360,0,0,,
F,1649685960,0,0,,
F,1649686560,0,0,,
F,1649687160,0,0,,
F,1649687760,0,0,,
F,1649688360,0,0,,
F,1649689020,0,60,,
F,1649689620,0,0,,
F,1649690220,0,0,,
F,1649690820,0,0,,
F,1649691420,0,0,,
F,1649692020,0,0,,
F,1649692620,0,0,,
F,1649693220,0,0,,
F,1649693820,0,0,,
F,1649694420,0,0,,
F,1649695020,0,0,,
F,1649695620,0,0,,
F,1649696220,0,0,,
F,1649696820,0,0,,
F,1649697420,0,0,,
F,1649698020,0,0,,
F,1649698620,0,0,,
F,1649699220,0,0,,
F,1649699820,0,0,,
F,1649700420,0,0,,
F,1649701020,0,0,,
F,1649701620,0,0,,
F,1649702220,0,0,,
F,1649702820,0,0,,
F,1649703420,0,0,,
F,1649704020,0,0,,
F,1649704620,0,0,,
F,1649705220,0,0,,
F,1649705820,0,0,,
F,1649706420,0,0,,
F,1649707080,0,60,,
F,1649707680,0,0,,
F,1649708280,0,0,,
F,1649708880,0,0,,
F,1649709480,0,0,,
F,1649710080,0,0,,
F,1649710680,0,0,,
F,1649711280,0,0,,
F,1649711880,0,0,,
F,1649712480,0,0,,
F,1649713080,0,0,,
F,1649713680,0,0,,
F,1649714280,0,0,,
F,1649714880,0,0,,
F,1649715480,0,0,,
F,1649716080,0,0,,
F,1649716680,0,0,,
F,1649717280,0,0,,
F,1649717880,0,0,,
F,1649718480,0,0,,
F,1649719080,0,0,,
F,1649719680,0,0,,
F,1649720280,0,0,,
F,1649720880,0,0,,
F,1649721480,0,0,,
F,1649722080,0,0,,
F,1649722680,0,0,,
F,1649723280,0,0,,
F,1649723880,0,0,,
F,1649724480,0,0,,
F,1649725080,0,0,,
F,1649725680,0,0,,
F,1649726280,0,0,,
F,1649726880,0,0,,
F,1649727480,0,0,,
F,1649728080,0,0,,
F,1649728680,0,0,,
F,1649729340,0,60,,
F,1649729940,0,0,,
F,1649730540,0,0,,
F,1649731140,0,0,,
F,1649731740,0,0,,
F,1649732340,0,0,,
F,1649732940,0,0,,
F,1649733540,0,0,,
F,1649734140,0,0,,
F,1649734740,0,0,,
F,1649735340,0,0,,
F,1649735940,0,0,,
F,1649736540,0,0,,
F,1649737140,0,0,,
F,1649737740,0,0,,
F,1649738340,0,0,,
F,1649738940,0,0,,
F,1649739540,0,0,,
F,1649740140,0,0,,
F,1649740740,0,0,,
F,1649741340,0,0,,
F,1649741940,0,0,,
F,1649742540,0,0,,
F,1649743140,0,0,,
F,1649743740,0,0,,
F,1649744340,0,0,,
F,1649744940,0,0,,
F,1649745540,0,0,,
F,1649746140,0,0,,
F,1649746740,0,0,,
F,1649747340,0,0,,
F,1649747940,0,0,,
F,1649748540,0,0,,
F,1649749140,0,0,,
F,1649749740,0,0,,
F,1649750340,0,0,,
F,1649750940,0,0,,
F,1649751540,0,0,,
F,1649752140,0,0,,
F,1649752740,0,0,,
F,1649753340,0,0,,
F,1649753940,0,0,,
F,1649754540,0,0,,
F,1649755200,0,60,,
F,1649755800,0,0,,
F,1649756400,0,0,,
F,1649757000,0,0,,
F,1649757600,0,0,,
F,1649758200,0,0,,
F,1649758800,0,0,,
F,1649759400,0,0,,
F,1649760000,0,0,,
F,1649760600,0,0,,
F,1649761200,0,0,,
F,1649761800,0,0,,
F,1649762400,0,0,,
F,1649763000,0,0,,
F,1649763600,0,0,,
F,1649764200,0,0,,
F,1649764800,0,0,,
F,1649765400,0,0,,
F,1649766000,0,0,,
F,1649766600,0,0,,
F,1649767200,0,0,,
F,1649767800,0,0,,
F,1649768400,0,0,,
F,1649769000,0,0,,
F,1649769600,0,0,,
F,1649770200,0,0,,
F,1649770800,0,0,,
F,1649771460,0,60,,
F,1649772060,0,0,,
F,1649772660,0,0,,
F,1649773260,0,0,,
F,1649773860,0,0,,
F,1649774460,0,0,,
F,1649775060,0,0,,
F,1649775660,0,0,,
F,1649776260,0,0,,
F,1649776860,0,0,,
F,1649777460,0,0,,
F,1649778060,0,0,,
F,1649778660,0,0,,
F,1649779260,0,0,,
F,1649779860,0,0,,
F,1649780460,0,0,,
F,1649781060,0,0,,
F,1649781660,0,0,,
F,1649782260,0,0,,
F,1649782860,0,0,,
F,1649783460,0,0,,
F,1649784060,0,0,,
F,1649784660,0,0,,
F,1649785260,0,0,,
F,1649785860,0,0,,
F,1649786460,0,0,,
F,1649787060,0,0,,
F,1649787660,0,0,,
F,1649788260,0,0,,
F,1649788860,0,0,,
F,1649789460,0,0,,
F,1649790060,0,0,,
F,1649790660,0,0,,
F,1649791260,0,0,,
F,1649791920,0,60,,
F,1649792520,0,0,,
F,1649793120,0,0,,
F,1649793720,0,0,,
F,1649794320,0,0,,
F,1649794920,0,0,,
F,1649795520,0,0,,
F,1649796120,0,0,,
F,1649796720,0,0,,
F,1649797320,0,0,,
F,1649797920,0,0,,
F,1649798520,0,0,,
F,1649799120,0,0,,
F,1649799720,0,0,,
F,1649800320,0,0,,
F,1649800920,0,0,,
F,1649801520,0,0,,
F,1649802120,0,0,,
F,1649802720,0,0,,
F,1649803320,0,0,,
F,1649803920,0,0,,
F,1649804520,0,0,,
F,1649805120,0,0,,
F,1649805720,0,0,,
F,1649806320,0,0,,
F,1649806920,0,0,,
F,1649807520,0,0,,
F,1649808120,0,0,,
F,1649808720,0,0,,
F,1649809320,0,0,,
F,1649809920,0,0,,
F,1649810520,0,0,,
F,1649811120,0,0,,
F,1649811720,0,0,,
F,1649812320,0,0,,
F,1649812920,0,0,,
F,1649813580,0,60,,
F,1649814180,0,0,,
F,1649814780,0,0,,
F,1649815380,0,0,,
F,1649815980,0,0,,
F,1649816580,0,0,,
F,1649817180,0,0,,
F,1649817780,0,0,,
F,1649818380,0,0,,
F,1649818980,0,0,,
F,1649819580,0,0,,
F,1649820180,0,0,,
F,1649820780,0,0,,
F,1649821380,0,0,,
F,1649821980,0,0,,
F,1649822580,0,0,,
F,1649823180,0,0,,
F,1649823780,0,0,,
F,1649824380,0,0,,
F,1649824980,0,0,,
F,1649825580,0,0,,
F,1649826180,0,0,,
F,1649826780,0,0,,
F,1649827380,0,0,,
F,1649827980,0,0,,
F,1649828580,0,0,,
F,1649829180,0,0,,
F,1649829780,0,0,,
F,1649830380,0,0,,
F,1649830980,0,0,,
F,1649831580,0,0,,
F,1649832180,0,0,,
F,1649832780,0,0,,
F,1649833380,0,0,,
F,1649833980,0,0,,
F,1649834580,0,0,,
F,1649835180,0,0,,
F,1649835780,0,0,,
F,1649836380,0,0,,
F,1649836980,0,0,,
F,1649837580,0,0,,
F,1649838180,0,0,,
F,1649838780,0,0,,
F,1649839440,0,60,,
F,1649840040,0,0,,
F,1649840640,0,0,,
F,1649841240,0,0,,
F,1649841840,0,0,,
F,1649842440,0,0,,
F,1649843040,0,0,,
F,1649843640,0,0,,
F,1649844240,0,0,,
F,1649844840,0,0,,
F,1649845440,0,0,,
F,1649846040,0,0,,
F,1649846640,0,0,,
F,1649847240,0,0,,
F,1649847840,0,0,,
F,1649848440,0,0,,
F,1649849040,0,0,,
F,1649849640,0,0,,
F,1649850240,0,0,,
F,1649850840,0,0,,
F,1649851440,0,0,,
F,1649852040,0,0,,
F,1649852640,0,0,,
F,1649853240,0,0,,
F,1649853840,0,0,,
F,1649854440,0,0,,
F,1649855040,0,0,,
F,1649855640,0,0,,
F,1649856240,0,0,,
F,1649856840,0,0,,
F,1649857440,0,0,,
F,1649858100,0,60,,
F,1649858700,0,0,,
F,1649859300,0,0,,
F,1649859900,0,0,,
F,1649860500,0,0,,
F,1649861100,0,0,,
F,1649861700,0,0,,
F,1649862300,0,0,,
F,1649862900,0,0,,
F,1649863500,0,0,,
F,1649864100,0,0,,
F,1649864700,0,0,,
F,1649865300,0,0,,
F,1649865900,0,0,,
F,1649866560,0,60,,
F,1649867100,0,0,,
F,1649867760,0,60,,
F,1649868360,0,0,,
F,1649868960,0,0,,
F,1649869560,0,0,,
F,1649870160,0,0,,
F,1649870820,0,60,,
F,1649871420,0,0,,
F,1649872020,0,0,,
F,1649872620,0,0,,
F,1649873220,0,0,,
F,1649873820,0,0,,
F,1649874420,0,0,,
F,1649875020,0,0,,
F,1649875620,0,0,,
F,1649876220,0,0,,
F,1649876880,0,60,,
F,1649877480,0,0,,
F,1649878080,0,0,,
F,1649878680,0,0,,
F,1649879280,0,0,,
F,1649879880,0,0,,
F,1649880480,0,0,,
F,1649881080,0,0,,
F,1649881680,0,0,,
F,1649882280,0,0,,
F,1649882880,0,0,,
F,1649883480,0,0,,
F,1649884080,0,0,,
F,1649884680,0,0,,
F,1649885280,0,0,,
F,1649885880,0,0,,
F,1649886480,0,0,,
F,1649887080,0,0,,
F,1649887680,0,0,,
F,1649888280,0,0,,
F,1649888880,0,0,,
F,1649889480,0,0,,
F,1649890080,0,0,,
F,1649890680,0,0,,
F,1649891280,0,0,,
F,1649891880,0,0,,
F,1649892480,0,0,,
F,1649893080,0,0,,
F,1649893680,0,0,,
F,1649894280,0,0,,
F,1649894880,0,0,,
F,1649895480,0,0,,
F,1649896080,0,0,,
F,1649896680,0,0,,
F,1649897340,0,60,,
F,1649897940,0,0,,
F,1649898540,0,0,,
F,1649899140,0,0,,
F,1649899740,0,0,,
F,1649900340,0,0,,
F,1649900940,0,0,,
F,1649901540,0,0,,
F,1649902140,0,0,,
F,1649902740,0,0,,
F,1649903340,0,0,,
F,1649903940,0,0,,
F,1649904540,0,0,,
F,1649905140,0,0,,
F,1649905740,0,0,,
F,1649906340,0,0,,
F,1649906940,0,0,,
F,1649907540,0,0,,
F,1649908140,0,0,,
F,1649908740,0,0,,
F,1649909340,0,0,,
F,1649909940,0,0,,
F,1649910540,0,0,,
F,1649911140,0,0,,
F,1649911740,0,0,,
F,1649912340,0,0,,
F,1649912940,0,0,,
F,1649913540,0,0,,
F,1649914140,0,0,,
F,1649914740,0,0,,
F,1649915340,0,0,,
F,1649916000,0,60,,
F,1649916600,0,0,,
F,1649917200,0,0,,
F,1649917800,0,0,,
F,1649918400,0,0,,
F,1649919000,0,0,,
F,1649919600,0,0,,
F,1649920200,0,0,,
F,1649920800,0,0,,
F,1649921400,0,0,,
F,1649922000,0,0,,
F,1649922600,0,0,,
F,1649923200,0,0,,
F,1649923800,0,0,,
F,1649924400,0,0,,
F,1649925000,0,0,,
F,1649925600,0,0,,
F,1649926200,0,0,,
F,1649926800,0,0,,
F,1649927400,0,0,,
F,1649928000,0,0,,
F,1649928600,0,0,,
F,1649929200,0,0,,
F,1649929800,0,0,,
F,1649930400,0,0,,
F,1649931000,0,0,,
F,1649931600,0,0,,
F,1649932260,0,60,,
F,1649932860,0,0,,
F,1649933460,0,0,,
F,1649934060,0,0,,
F,1649934660,0,0,,
F,1649935260,0,0,,
F,1649935860,0,0,,
F,1649936460,0,0,,
F,1649937060,0,0,,
F,1649937660,0,0,,
F,1649938260,0,0,,
F,1649938860,0,0,,
F,1649939460,0,0,,
F,1649940060,0,0,,
F,1649940660,0,0,,
F,1649941260,0,0,,
F,1649941860,0,0,,
F,1649942460,0,0,,
F,1649943060,0,0,,
F,1649943660,0,0,,
F,1649944260,0,0,,
F,1649944860,0,0,,
F,1649945460,0,0,,
F,1649946060,0,0,,
F,1649946660,0,0,,
F,1649947260,0,0,,
F,1649947920,0,60,,
F,1649948520,0,0,,
F,1649949120,0,0,,
F,1649949720,0,0,,
F,1649950320,0,0,,
F,1649950920,0,0,,
F,1649951520,0,0,,
F,1649952120,0,0,,
F,1649952720,0,0,,
F,1649953320,0,0,,
F,1649953920,0,0,,
F,1649954520,0,0,,
F,1649955120,0,0,,
F,1649955720,0,0,,
F,1649956320,0,0,,
F,1649956920,0,0,,
F,1649957520,0,0,,
F,1649958120,0,0,,
F,1649958720,0,0,,
F,1649959320,0,0,,
F,1649959920,0,0,,
F,1649960520,0,0,,
F,1649961120,0,0,,
F,1649961720,0,0,,
F,1649962320,0,0,,
F,1649962920,0,0,,
F,1649963520,0,0,,
F,1649964120,0,0,,
F,1649964720,0,0,,
F,1649965320,0,0,,
F,1649965920,0,0,,
F,1649966520,0,0,,
F,1649967120,0,0,,
F,1649967720,0,0,,
F,1649968320,0,0,,
F,1649968920,0,0,,
F,1649969520,0,0,,
F,1649970120,0,0,,
F,1649970780,0,60,,
F,1649971380,0,0,,
F,1649971980,0,0,,
F,1649972580,0,0,,
F,1649973180,0,0,,
F,1649973780,0,0,,
F,1649974380,0,0,,
F,1649974980,0,0,,
F,1649975580,0,0,,
F,1649976180,0,0,,
F,1649976780,0,0,,
F,1649977380,0,0,,
F,1649977980,0,0,,
F,1649978580,0,0,,
F,1649979180,0,0,,
F,1649979780,0,0,,
F,1649980380,0,0,,
F,1649980980,0,0,,
F,1649981580,0,0,,
F,1649982180,0,0,,
F,1649982780,0,0,,
F,1649983380,0,0,,
F,1649983980,0,0,,
F,1649984580,0,0,,
F,1649985180,0,0,,
F,1649985780,0,0,,
F,1649986380,0,0,,
F,1649986980,0,0,,
F,1649987580,0,0,,
F,1649988180,0,0,,
F,1649988780,0,0,,
F,1649989380,0,0,,
F,1649989980,0,0,,
F,1649990580,0,0,,
F,1649991180,0,0,,
F,1649991780,0,0,,
F,1649992380,0,0,,
F,1649992980,0,0,,
F,1649993580,0,0,,
F,1649994180,0,0,,
F,1649994780,0,0,,
F,1649995380,0,0,,
F,1649995980,0,0,,
F,1649996640,0,60,,
F,1649997240,0,0,,
F,1649997840,0,0,,
F,1649998440,0,0,,
F,1649999040,0,0,,
F,1649999640,0,0,,
F,1650000240,0,0,,
F,1650000840,0,0,,
F,1650001440,0,0,,
F,1650002040,0,0,,
F,1650002640,0,0,,
F,1650003240,0,0,,
F,1650003840,0,0,,
F,1650004440,0,0,,
F,1650005040,0,0,,
F,1650005640,0,0,,
F,1650006240,0,0,,
F,1650006840,0,0,,
F,1650007440,0,0,,
F,1650008040,0,0,,
F,1650008640,0,0,,
F,1650009240,0,0,,
F,1650009840,0,0,,
F,1650010440,0,0,,
F,1650011040,0,0,,
F,1650011640,0,0,,
F,1650012240,0,0,,
F,1650012840,0,0,,
F,1650013440,0,0,,
F,1650014040,0,0,,
F,1650014640,0,0,,
F,1650015240,0,0,,
F,1650015840,0,0,,
F,1650016440,0,0,,
F,1650017040,0,0,,
F,1650017640,0,0,,
F,1650018300,0,60,,
F,1650018900,0,0,,
F,1650019500,0,0,,
F,1650020100,0,0,,
F,1650020700,0,0,,
F,1650021300,0,0,,
F,1650021900,0,0,,
F,1650022500,0,0,,
F,1650023100,0,0,,
F,1650023700,0,0,,
F,1650024300,0,0,,
F,1650024900,0,0,,
F,1650025500,0,0,,
F,1650026100,0,0,,
F,1650026700,0,0,,
F,1650027300,0,0,,
F,1650027900,0,0,,
F,1650028500,0,0,,
F,1650029100,0,0,,
F,1650029700,0,0,,
F,1650030300,0,0,,
F,1650030900,0,0,,
F,1650031500,0,0,,
F,1650032100,0,0,,
F,1650032700,0,0,,
F,1650033300,0,0,,
F,1650033900,0,0,,
F,1650034500,0,0,,
F,1650035100,0,0,,
F,1650035700,0,0,,
F,1650036300,0,0,,
F,1650036900,0,0,,
F,1650037500,0,0,,
F,1650038100,0,0,,
F,1650038700,0,0,,
F,1650039300,0,0,,
F,1650039900,0,0,,
F,1650040500,0,0,,
F,1650041100,0,0,,
F,1650041700,0,0,,
F,1650042300,0,0,,
F,1650042900,0,0,,
F,1650043500,0,0,,
F,1650044100,0,0,,
F,1650044700,0,0,,
F,1650045360,0,60,,
F,1650045960,0,0,,
F,1650046560,0,0,,
F,1650047160,0,0,,
F,1650047760,0,0,,
F,1650048360,0,0,,
F,1650048960,0,0,,
F,1650049560,0,0,,
F,1650050160,0,0,,
F,1650050760,0,0,,
F,1650051360,0,0,,
F,1650051960,0,0,,
F,1650052560,0,0,,
F,1650053160,0,0,,
F,1650053760,0,0,,
F,1650054360,0,0,,
F,1650054960,0,0,,
F,1650055560,0,0,,
F,1650056160,0,0,,
F,1650056760,0,0,,
F,1650057360,0,0,,
F,1650057960,0,0,,
F,1650058560,0,0,,
F,1650059160,0,0,,
F,1650059760,0,0,,
F,1650060360,0,0,,
F,1650060960,0,0,,
F,1650061560,0,0,,
F,1650062160,0,0,,
F,1650062760,0,0,,
F,1650063360,0,0,,
F,1650063960,0,0,,
F,1650064560,0,0,,
F,1650065160,0,0,,
F,1650065760,0,0,,
F,1650066360,0,0,,
F,1650066960,0,0,,
F,1650067560,0,0,,
F,1650068160,0,0,,
F,1650068760,0,0,,
F,1650069360,0,0,,
F,1650069960,0,0,,
F,1650070560,0,0,,
F,1650071220,0,60,,
F,1650071820,0,0,,
F,1650072420,0,0,,
F,1650073020,0,0,,
F,1650073620,0,0,,
F,1650074220,0,0,,
F,1650074820,0,0,,
F,1650075420,0,0,,
F,1650076020,0,0,,
F,1650076620,0,0,,
F,1650077220,0,0,,
F,1650077820,0,0,,
F,1650078420,0,0,,
F,1650079020,0,0,,
F,1650079620,0,0,,
F,1650080220,0,0,,
F,1650080820,0,0,,
F,1650081420,0,0,,
F,1650082020,0,0,,
F,1650082620,0,0,,
F,1650083220,0,0,,
F,1650083820,0,0,,
F,1650084420,0,0,,
F,1650085020,0,0,,
F,1650085620,0,0,,
F,1650086220,0,0,,
F,1650086820,0,0,,
F,1650087420,0,0,,
F,1650088020,0,0,,
F,1650088620,0,0,,
F,1650089220,0,0,,
F,1650089820,0,0,,
F,1650090420,0,0,,
F,1650091020,0,0,,
F,1650091620,0,0,,
F,1650092220,0,0,,
F,1650092820,0,0,,
F,1650093420,0,0,,
F,1650094020,0,0,,
F,1650094620,0,0,,
F,1650095220,0,0,,
F,1650095820,0,0,,
F,1650096420,0,0,,
F,1650097080,0,60,,
F,1650097680,0,0,,
F,1650098280,0,0,,
F,1650098880,0,0,,
F,1650099480,0,0,,
F,1650100080,0,0,,
F,1650100680,0,0,,
F,1650101280,0,0,,
F,1650101880,0,0,,
F,1650102480,0,0,,
F,1650103080,0,0,,
F,1650103680,0,0,,
F,1650104280,0,0,,
F,1650104880,0,0,,
F,1650105480,0,0,,
F,1650106080,0,0,,
F,1650106680,0,0,,
F,1650107280,0,0,,
F,1650107880,0,0,,
F,1650108480,0,0,,
F,1650109080,0,0,,
F,1650109680,0,0,,
F,1650110280,0,0,,
F,1650110880,0,0,,
F,1650111480,0,0,,
F,1650112080,0,0,,
F,1650112680,0,0,,
F,1650113280,0,0,,
F,1650113880,0,0,,
F,1650114480,0,0,,
F,1650115080,0,0,,
F,1650115680,0,0,,
F,1650116280,0,0,,
F,1650116880,0,0,,
F,1650117480,0,0,,
F,1650118080,0,0,,
F,1650118680,0,0,,
F,1650119280,0,0,,
F,1650119880,0,0,,
F,1650120480,0,0,,
F,1650121080,0,0,,
F,1650121680,0,0,,
F,1650122280,0,0,,
F,1650122880,0,0,,
F,1650123480,0,0,,
F,1650124140,0,60,,
F,1650124740,0,0,,
F,1650125340,0,0,,
F,1650125940,0,0,,
F,1650126540,0,0,,
F,1650127140,0,0,,
F,1650127740,0,0,,
F,1650128340,0,0,,
F,1650128940,0,0,,
F,1650129540,0,0,,
F,1650130140,0,0,,
F,1650130740,0,0,,
F,1650131340,0,0,,
F,1650131940,0,0,,
F,1650132540,0,0,,
F,1650133140,0,0,,
F,1650133740,0,0,,
F,1650134340,0,0,,
F,1650134940,0,0,,
F,1650135540,0,0,,
F,1650136140,0,0,,
F,1650136740,0,0,,
F,1650137340,0,0,,
F,1650137940,0,0,,
F,1650138540,0,0,,
F,1650139140,0,0,,
F,1650139740,0,0,,
F,1650140340,0,0,,
F,1650140940,0,0,,
F,1650141540,0,0,,
F,1650142140,0,0,,
F,1650142740,0,0,,
F,1650143340,0,0,,
F,1650143940,0,0,,
F,1650144540,0,0,,
F,1650145140,0,0,,
F,1650145740,0,0,,
F,1650146340,0,0,,
F,1650146940,0,0,,
F,1650147540,0,0,,
F,1650148140,0,0,,
F,1650148740,0,0,,
F,1650149340,0,0,,
F,1650149940,0,0,,
F,1650150600,0,60,,
F,1650151200,0,0,,
F,1650151800,0,0,,
F,1650152400,0,0,,
F,1650153000,0,0,,
F,1650153600,0,0,,
F,1650154200,0,0,,
F,1650154800,0,0,,
F,1650155400,0,0,,
F,1650156000,0,0,,
F,1650156600,0,0,,
F,1650157200,0,0,,
F,1650157800,0,0,,
F,1650158400,0,0,,
F,1650159000,0,0,,
F,1650159600,0,0,,
F,1650160200,0,0,,
F,1650160800,0,0,,
F,1650161400,0,0,,
F,1650162000,0,0,,
F,1650162600,0,0,,
F,1650163200,0,0,,
F,1650163800,0,0,,
F,1650164400,0,0,,
F,1650165000,0,0,,
F,1650165600,0,0,,
F,1650166200,0,0,,
F,1650166800,0,0,,
F,1650167400,0,0,,
F,1650168000,0,0,,
F,1650168600,0,0,,
F,1650169200,0,0,,
F,1650169800,0,0,,
F,1650170400,0,0,,
F,1650171000,0,0,,
F,1650171600,0,0,,
F,1650172200,0,0,,
F,1650172860,0,60,,
F,1650173460,0,0,,
F,1650174060,0,0,,
F,1650174660,0,0,,
F,1650175260,0,0,,
F,1650175860,0,0,,
F,1650176460,0,0,,
F,1650177060,0,0,,
F,1650177660,0,0,,
F,1650178260,0,0,,
F,1650178860,0,0,,
F,1650179460,0,0,,
F,1650180060,0,0,,
F,1650180660,0,0,,
F,1650181260,0,0,,
F,1650181860,0,0,,
F,1650182460,0,0,,
F,1650183060,0,0,,
F,1650183660,0,0,,
F,1650184260,0,0,,
F,1650184860,0,0,,
F,1650185460,0,0,,
F,1650186060,0,0,,
F,1650186660,0,0,,
F,1650187260,0,0,,
F,1650187860,0,0,,
F,1650188460,0,0,,
F,1650189060,0,0,,
F,1650189660,0,0,,
F,1650190260,0,0,,
F,1650190860,0,0,,
F,1650191460,0,0,,
F,1650192060,0,0,,
F,1650192660,0,0,,
F,1650193260,0,0,,
F,1650193860,0,0,,
F,1650194460,0,0,,
F,1650195060,0,0,,
F,1650195660,0,0,,
F,1650196260,0,0,,
F,1650196860,0,0,,
F,1650197460,0,0,,
F,1650198060,0,0,,
F,1650198720,0,60,,
F,1650199320,0,0,,
F,1650199920,0,0,,
F,1650200520,0,0,,
F,1650201120,0,0,,
F,1650201720,0,0,,
F,1650202320,0,0,,
F,1650202920,0,0,,
F,1650203520,0,0,,
F,1650204120,0,0,,
F,1650204720,0,0,,
F,1650205320,0,0,,
F,1650205920,0,0,,
F,1650206520,0,0,,
F,1650207120,0,0,,
F,1650207720,0,0,,
F,1650208320,0,0,,
F,1650208920,0,0,,
F,1650209520,0,0,,
F,1650210120,0,0,,
F,1650210720,0,0,,
F,1650211320,0,0,,
F,1650211920,0,0,,
F,1650212520,0,0,,
F,1650213120,0,0,,
F,1650213720,0,0,,
F,1650214320,0,0,,
F,1650214920,0,0,,
F,1650215520,0,0,,
F,1650216120,0,0,,
F,1650216780,0,60,,
F,1650217380,0,0,,
F,1650217980,0,0,,
F,1650218580,0,0,,
F,1650219180,0,0,,
F,1650219780,0,0,,
F,1650220380,0,0,,
F,1650220980,0,0,,
F,1650221580,0,0,,
F,1650222180,0,0,,
F,1650222780,0,0,,
F,1650223380,0,0,,
F,1650223980,0,0,,
F,1650224580,0,0,,
F,1650225180,0,0,,
F,1650225780,0,0,,
F,1650226380,0,0,,
F,1650226980,0,0,,
F,1650227580,0,0,,
F,1650228180,0,0,,
F,1650228780,0,0,,
F,1650229380,0,0,,
F,1650229980,0,0,,
F,1650230580,0,0,,
F,1650231180,0,0,,
F,1650231780,0,0,,
F,1650232380,0,0,,
F,1650232980,0,0,,
F,1650233580,0,0,,
F,1650234180,0,0,,
F,1650234780,0,0,,
F,1650235380,1,0,,
F,1650235980,1,0,,
F,1650236580,1,0,,
F,1650237180,1,0,,
F,1650237780,1,0,,
F,1650238380,1,0,,
F,1650238980,0,0,,
F,1650239580,0,0,,
F,1650240180,0,0,,
F,1650240780,0,0,,
F,1650241380,0,0,,
F,1650241980,0,0,,
F,1650242580,0,0,,
F,1650243240,0,60,,
F,1650243840,0,0,,
F,1650244440,0,0,,
F,1650245040,0,0,,
F,1650245640,0,0,,
F,1650246240,0,0,,
F,1650246840,0,0,,
F,1650247440,0,0,,
F,1650248040,0,0,,
F,1650248640,0,0,,
F,1650249240,0,0,,
F,1650249840,0,0,,
F,1650250440,0,0,,
F,1650251040,0,0,,
F,1650251640,0,0,,
F,1650252240,0,0,,
F,1650252840,0,0,,
F,1650253440,0,0,,
F,1650254040,0,0,,
F,1650254640,0,0,,
F,1650255240,0,0,,
F,1650255840,0,0,,
F,1650256440,0,0,,
F,1650257040,0,0,,
F,1650257640,0,0,,
F,1650258240,0,0,,
F,1650258840,0,0,,
F,1650259440,0,0,,
F,1650260040,0,0,,
F,1650260640,0,0,,
F,1650261240,0,0,,
F,1650261840,0,0,,
F,1650262440,0,0,,
F,1650263040,0,0,,
F,1650263640,0,0,,
F,1650264300,0,60,,
F,1650264900,0,0,,
F,1650265500,0,0,,
F,1650266100,0,0,,
F,1650266700,0,0,,
F,1650267300,0,0,,
F,1650267900,0,0,,
F,1650268500,0,0,,
F,1650269100,0,0,,
F,1650269700,0,0,,
F,1650270300,0,0,,
F,1650270900,0,0,,
F,1650271500,0,0,,
F,1650272100,0,0,,
F,1650272700,0,0,,
F,1650273300,0,0,,
F,1650273900,0,0,,
F,1650274500,0,0,,
F,1650275100,0,0,,
F,1650275700,0,0,,
F,1650276300,0,0,,
F,1650276900,0,0,,
F,1650277500,0,0,,
F,1650278100,0,0,,
F,1650278700,0,0,,
F,1650279300,0,0,,
F,1650279900,0,0,,
F,1650280500,0,0,,
F,1650281100,0,0,,
F,1650281700,0,0,,
F,1650282300,0,0,,
F,1650282900,0,0,,
F,1650283500,0,0,,
F,1650284100,0,0,,
F,1650284700,0,0,,
F,1650285300,0,0,,
F,1650285900,0,0,,
F,1650286500,0,0,,
F,1650287100,0,0,,
F,1650287700,0,0,,
F,1650288300,0,0,,
F,1650288900,0,0,,
F,1650289500,0,0,,
F,1650290100,0,0,,
F,1650290700,0,0,,
F,1650291360,0,60,,
F,1650291960,0,0,,
F,1650292560,0,0,,
F,1650293160,0,0,,
F,1650293760,0,0,,
F,1650294360,0,0,,
F,1650294960,0,0,,
F,1650295560,0,0,,
F,1650296160,0,0,,
F,1650296760,0,0,,
F,1650297360,0,0,,
F,1650297960,0,0,,
F,1650298560,0,0,,
F,1650299160,0,0,,
F,1650299760,0,0,,
F,1650300360,0,0,,
F,1650300960,0,0,,
F,1650301560,0,0,,
F,1650302160,0,0,,
F,1650302760,0,0,,
F,1650303360,0,0,,
F,1650303960,0,0,,
F,1650304560,0,0,,
F,1650305160,0,0,,
F,1650305760,0,0,,
F,1650306360,0,0,,
F,1650306960,0,0,,
F,1650307560,0,0,,
F,1650308160,0,0,,
F,1650308760,0,0,,
F,1650309360,0,0,,
F,1650309960,0,0,,
F,1650310560,0,0,,
F,1650311160,0,0,,
F,1650311760,0,0,,
F,1650312360,0,0,,
F,1650312960,0,0,,
F,1650313560,0,0,,
F,1650314160,0,0,,
F,1650314760,0,0,,
F,1650315360,0,0,,
F,1650315960,0,0,,
F,1650316560,0,0,,
F,1650317160,0,0,,
F,1650317820,0,60,,
F,1650318420,0,0,,
F,1650319020,0,0,,
F,1650319620,0,0,,
F,1650320220,0,0,,
F,1650320820,0,0,,
F,1650321420,0,0,,
F,1650322020,0,0,,
F,1650322620,0,0,,
F,1650323220,0,0,,
F,1650323820,0,0,,
F,1650324420,0,0,,
F,1650325020,0,0,,
F,1650325620,0,0,,
F,1650326220,0,0,,
F,1650326820,0,0,,
F,1650327420,0,0,,
F,1650328020,0,0,,
F,1650328620,0,0,,
F,1650329220,0,0,,
F,1650329820,0,0,,
F,1650330420,0,0,,
F,1650331020,0,0,,
F,1650331620,0,0,,
F,1650332220,0,0,,
F,1650332820,0,0,,
F,1650333420,0,0,,
F,1650334020,0,0,,
F,1650334620,0,0,,
F,1650335220,0,0,,
F,1650335820,0,0,,
F,1650336420,0,0,,
F,1650337020,0,0,,
F,1650337620,0,0,,
F,1650338220,0,0,,
F,1650338820,0,0,,
F,1650339420,0,0,,
F,1650340020,0,0,,
F,1650340620,0,0,,
F,1650341220,0,0,,
F,1650341820,0,0,,
F,1650342420,0,0,,
F,1650343020,0,0,,
F,1650343620,0,0,,
F,1650344280,0,60,,
F,1650344880,0,0,,
F,1650345480,0,0,,
F,1650346080,0,0,,
F,1650346680,0,0,,
F,1650347280,0,0,,
F,1650347880,1,0,,
F,1650348480,1,0,,
F,1650349080,1,0,,
F,1650349680,1,0,,
F,1650350280,1,0,,
F,1650350880,1,0,,
F,1650351480,1,0,,
F,1650352080,1,0,,
F,1650352680,1,0,,
F,1650353280,0,0,,
F,1650353880,0,0,,
F,1650354480,0,0,,
F,1650355080,0,0,,
F,1650355680,0,0,,
F,1650356280,0,0,,
F,1650356880,0,0,,
F,1650357480,0,0,,
F,1650358080,0,0,,
F,1650358680,0,0,,
F,1650359280,0,0,,
F,1650359880,0,0,,
F,1650360480,0,0,,
F,1650361080,0,0,,
F,1650361680,0,0,,
F,1650362280,0,0,,
F,1650362880,0,0,,
F,1650363480,0,0,,
F,1650364080,0,0,,
F,1650364680,0,0,,
F,1650365280,0,0,,
F,1650365940,0,60,,
F,1650366540,0,0,,
F,1650367140,0,0,,
F,1650367740,0,0,,
F,1650368340,0,0,,
F,1650368940,0,0,,
F,1650369540,0,0,,
F,1650370140,0,0,,
F,1650370740,0,0,,
F,1650371340,0,0,,
F,1650371940,0,0,,
F,1650372540,0,0,,
F,1650373140,0,0,,
F,1650373740,0,0,,
F,1650374340,0,0,,
F,1650374940,0,0,,
F,1650375540,0,0,,
F,1650376140,0,0,,
F,1650376740,0,0,,
F,1650377340,0,0,,
F,1650377940,0,0,,
F,1650378540,0,0,,
F,1650379140,0,0,,
F,1650379740,0,0,,
F,1650380340,0,0,,
F,1650380940,0,0,,
F,1650381540,0,0,,
F,1650382140,0,0,,
F,1650382740,0,0,,
F,1650383340,0,0,,
F,1650383940,0,0,,
F,1650384540,0,0,,
F,1650385140,0,0,,
F,1650385740,0,0,,
F,1650386340,0,0,,
F,1650449220,0,62280,,
F,1650449820,0,0,,
F,1650450420,0,0,,
F,1650451020,0,0,,
F,1650451620,0,0,,
F,1650452220,0,0,,
F,1650452820,0,0,,
F,1650453420,0,0,,
F,1650454020,0,0,,
F,1650454620,0,0,,
F,1650455220,0,0,,
F,1650455820,0,0,,
F,1650456420,0,0,,
F,1650457020,0,0,,
F,1650457620,0,0,,
F,1650458220,0,0,,
F,1650458820,0,0,,
F,1650459480,0,60,,
F,1650460080,0,0,,
F,1650460680,0,0,,
F,1650461280,0,0,,
F,1650461880,0,0,,
F,1650462480,0,0,,
F,1650463080,0,0,,
F,1650463680,0,0,,
F,1650464280,0,0,,
F,1650464880,0,0,,
F,1650465480,0,0,,
F,1650466080,0,0,,
F,1650466680,0,0,,
F,1650467280,0,0,,
F,1650467880,0,0,,
F,1650468480,0,0,,
F,1650469080,0,0,,
F,1650469680,0,0,,
F,1650470280,0,0,,
F,1650470880,0,0,,
F,1650471480,0,0,,
F,1650472080,0,0,,
F,1650472680,0,0,,
F,1650473280,0,0,,
F,1650473880,0,0,,
F,1650474480,0,0,,
F,1650475140,0,60,,
F,1650475740,0,0,,
F,1650476340,0,0,,
F,1650476940,0,0,,
F,1650477540,0,0,,
F,1650478140,0,0,,
F,1650478740,0,0,,
F,1650479340,0,0,,
F,1650479940,0,0,,
F,1650480540,0,0,,
F,1650481140,0,0,,
F,1650481740,0,0,,
F,1650482340,0,0,,
F,1650482940,0,0,,
F,1650483540,0,0,,
F,1650484140,0,0,,
F,1650484740,0,0,,
F,1650485340,0,0,,
F,1650485940,0,0,,
F,1650486540,0,0,,
F,1650487140,0,0,,
F,1650487740,0,0,,
F,1650488340,0,0,,
F,1650488940,0,0,,
F,1650489540,0,0,,
F,1650490140,0,0,,
F,1650490740,0,0,,
F,1650491340,0,0,,
F,1650491940,0,0,,
F,1650492600,0,60,,
F,1650493200,0,0,,
F,1650493800,0,0,,
F,1650494400,0,0,,
F,1650495000,0,0,,
F,1650495600,0,0,,
F,1650496200,0,0,,
F,1650496800,0,0,,
F,1650497400,0,0,,
F,1650498000,0,0,,
F,1650498600,0,0,,
F,1650499200,0,0,,
F,1650499800,0,0,,
F,1650500400,0,0,,
F,1650501000,0,0,,
F,1650501600,0,0,,
F,1650502200,0,0,,
F,1650502800,0,0,,
F,1650503400,0,0,,
F,1650504000,0,0,,
F,1650504600,0,0,,
F,1650505200,0,0,,
F,1650505800,0,0,,
F,1650506400,0,0,,
F,1650507000,0,0,,
F,1650507600,0,0,,
F,1650508200,0,0,,
F,1650508800,0,0,,
F,1650509400,0,0,,
F,1650510000,0,0,,
F,1650510600,0,0,,
F,1650511200,0,0,,
F,1650511800,0,0,,
F,1650512400,0,0,,
F,1650513000,0,0,,
F,1650513600,0,0,,
F,1650514200,0,0,,
F,1650514800,0,0,,
F,1650515400,0,0,,
F,1650516000,0,0,,
F,1650516600,0,0,,
F,1650517200,0,0,,
F,1650517860,0,60,,
F,1650518460,0,0,,
F,1650519060,0,0,,
F,1650519660,0,0,,
F,1650520260,0,0,,
F,1650520860,0,0,,
F,1650521460,0,0,,
F,1650522060,0,0,,
F,1650522660,0,0,,
F,1650523260,0,0,,
F,1650523860,0,0,,
F,1650524460,0,0,,
F,1650525060,0,0,,
F,1650525660,0,0,,
F,1650526260,0,0,,
F,1650526860,0,0,,
F,1650527460,0,0,,
F,1650528060,0,0,,
F,1650528660,0,0,,
F,1650529260,0,0,,
F,1650529860,0,0,,
F,1650530460,0,0,,
F,1650531060,0,0,,
F,1650531660,0,0,,
F,1650532260,0,0,,
F,1650532860,0,0,,
F,1650533460,0,0,,
F,1650534060,0,0,,
F,1650534660,0,0,,
F,1650535260,0,0,,
F,1650535860,0,0,,
F,1650536460,0,0,,
F,1650537060,0,0,,
F,1650537660,0,0,,
F,1650538260,1,0,,
F,1650538860,0,0,,
F,1650539460,0,0,,
F,1650540060,0,0,,
F,1650540660,0,0,,
F,1650541260,0,0,,
F,1650541860,0,0,,
F,1650542460,0,0,,
F,1650543060,0,0,,
F,1650543660,0,0,,
F,1650544260,0,0,,
F,1650544920,0,60,,
F,1650545520,0,0,,
F,1650546120,0,0,,
F,1650546720,0,0,,
F,1650547320,0,0,,
F,1650547920,0,0,,
F,1650548520,0,0,,
F,1650549120,0,0,,
F,1650549720,0,0,,
F,1650550320,0,0,,
F,1650550920,0,0,,
F,1650551520,0,0,,
F,1650552120,0,0,,
F,1650552720,0,0,,
F,1650553320,0,0,,
F,1650553920,0,0,,
F,1650554520,0,0,,
F,1650555120,0,0,,
F,1650555720,0,0,,
F,1650556320,0,0,,
F,1650556920,0,0,,
F,1650557520,0,0,,
F,1650558120,0,0,,
F,1650558720,0,0,,
F,1650559320,0,0,,
F,1650559920,0,0,,
F,1650560520,0,0,,
F,1650561120,0,0,,
F,1650561720,0,0,,
F,1650562320,0,0,,
F,1650562920,0,0,,
F,1650563520,0,0,,
F,1650564120,0,0,,
F,1650564720,0,0,,
F,1650565320,0,0,,
F,1650565920,0,0,,
F,1650566520,0,0,,
F,1650567120,0,0,,
F,1650567780,0,60,,
F,1650568380,0,0,,
F,1650568980,0,0,,
F,1650569580,0,0,,
F,1650570180,0,0,,
F,1650570780,0,0,,
F,1650571380,0,0,,
F,1650571980,0,0,,
F,1650572580,0,0,,
F,1650573180,0,0,,
F,1650573780,0,0,,
F,1650574380,0,0,,
F,1650574980,0,0,,
F,1650575580,0,0,,
F,1650576180,0,0,,
F,1650576780,0,0,,
F,1650577380,0,0,,
F,1650577980,0,0,,
F,1650578580,0,0,,
F,1650579180,0,0,,
F,1650579780,0,0,,
F,1650580380,0,0,,
F,1650580980,0,0,,
F,1650581580,0,0,,
F,1650582180,0,0,,
F,1650582780,0,0,,
F,1650583380,0,0,,
F,1650583980,0,0,,
F,1650584580,0,0,,
F,1650585180,0,0,,
F,1650585780,0,0,,
F,1650586380,0,0,,
F,1650586980,0,0,,
F,1650587580,0,0,,
F,1650588180,0,0,,
F,1650588780,0,0,,
F,1650589380,0,0,,
F,1650589980,0,0,,
F,1650590580,0,0,,
F,1650591180,0,0,,
F,1650591780,0,0,,
F,1650592380,0,0,,
F,1650592980,1,0,,
F,1650593640,1,60,,
F,1650594240,1,0,,
F,1650594840,1,0,,
F,1650595440,1,0,,
F,1650596040,1,0,,
F,1650596640,1,0,,
F,1650597240,1,0,,
F,1650597840,1,0,,
F,1650598440,1,0,,
F,1650599040,1,0,,
F,1650599640,1,0,,
F,1650600240,1,0,,
F,1650600840,1,0,,
F,1650601440,1,0,,
F,1650602040,1,0,,
F,1650602640,1,0,,
F,1650603240,1,0,,
F,1650603840,1,0,,
F,1650604440,1,0,,
F,1650605040,1,0,,
F,1650605640,1,0,,
F,1650606240,1,0,,
F,1650606840,1,0,,
F,1650607440,1,0,,
F,1650608040,1,0,,
F,1650608640,1,0,,
F,1650609240,1,0,,
F,1650609840,1,0,,
F,1650610440,1,0,,
F,1650611040,1,0,,
F,1650611640,1,0,,
F,1650612240,1,0,,
F,1650612840,1,0,,
F,1650613440,1,0,,
F,1650614040,1,0,,
F,1650614640,1,0,,
F,1650615240,1,0,,
F,1650615840,1,0,,
F,1650616440,1,0,,
F,1650617040,1,0,,
F,1650617640,1,0,,
F,1650618240,1,0,,
F,1650618900,1,60,,
F,1650619500,1,0,,
F,1650620100,1,0,,
F,1650620700,1,0,,
F,1650621300,1,0,,
F,1650621900,1,0,,
F,1650622500,1,0,,
F,1650623100,1,0,,
F,1650623700,1,0,,
F,1650624300,1,0,,
F,1650624900,1,0,,
F,1650625500,1,0,,
F,1650626100,1,0,,
F,1650626700,1,0,,
F,1650627300,1,0,,
F,1650627900,1,0,,
F,1650628500,1,0,,
F,1650629100,1,0,,
F,1650629700,1,0,,
F,1650630300,1,0,,
F,1650630900,1,0,,
F,1650631500,1,0,,
F,1650632100,1,0,,
F,1650632700,1,0,,
F,1650633300,1,0,,
F,1650633900,1,0,,
F,1650634500,1,0,,
F,1650635100,1,0,,
F,1650635700,1,0,,
F,1650636300,1,0,,
F,1650636900,1,0,,
F,1650637500,1,0,,
F,1650638100,1,0,,
F,1650638700,1,0,,
F,1650639300,1,0,,
F,1650639900,1,0,,
F,1650640500,1,0,,
F,1650641100,1,0,,
F,1650641700,1,0,,
F,1650642360,1,60,,
F,1650642960,1,0,,
F,1650643560,1,0,,
F,1650644160,1,0,,
F,1650644760,1,0,,
F,1650645360,1,0,,
F,1650645960,1,0,,
F,1650646560,1,0,,
F,1650647160,1,0,,
F,1650647760,1,0,,
F,1650648360,1,0,,
F,1650648960,1,0,,
F,1650649560,1,0,,
F,1650650160,1,0,,
F,1650650760,1,0,,
F,1650651360,1,0,,
F,1650651960,1,0,,
F,1650652560,1,0,,
F,1650653160,1,0,,
F,1650653760,1,0,,
F,1650654360,1,0,,
F,1650654960,1,0,,
F,1650655560,1,0,,
F,1650656160,1,0,,
F,1650656760,1,0,,
F,1650657360,1,0,,
F,1650657960,1,0,,
F,1650658560,1,0,,
F,1650659160,1,0,,
F,1650659760,1,0,,
F,1650660360,1,0,,
F,1650660960,1,0,,
F,1650661560,1,0,,
F,1650662160,1,0,,
F,1650662760,1,0,,
F,1650663360,0,0,,
F,1650663960,0,0,,
F,1650664560,0,0,,
F,1650665160,0,0,,
F,1650665760,0,0,,
F,1650666360,0,0,,
F,1650666960,0,0,,
F,1650667560,0,0,,
F,1650668220,0,60,,
F,1650668820,0,0,,
F,1650669420,0,0,,
F,1650670020,0,0,,
F,1650670620,0,0,,
F,1650671220,0,0,,
F,1650671820,0,0,,
F,1650672420,0,0,,
F,1650673020,0,0,,
F,1650673620,0,0,,
F,1650674220,0,0,,
F,1650674820,0,0,,
F,1650675420,0,0,,
F,1650676020,0,0,,
F,1650676620,0,0,,
F,1650677220,0,0,,
F,1650677820,0,0,,
F,1650678420,0,0,,
F,1650679020,0,0,,
F,1650679620,0,0,,
F,1650680220,0,0,,
F,1650680820,0,0,,
F,1650681420,0,0,,
F,1650682020,0,0,,
F,1650682620,0,0,,
F,1650683220,0,0,,
F,1650683820,0,0,,
F,1650684420,0,0,,
F,1650685020,0,0,,
F,1650685620,0,0,,
F,1650686220,0,0,,
F,1650686820,0,0,,
F,1650687420,0,0,,
F,1650688020,0,0,,
F,1650688620,0,0,,
F,1650689220,0,0,,
F,1650689820,0,0,,
F,1650690420,0,0,,
F,1650691020,0,0,,
F,1650691620,0,0,,
F,1650692220,0,0,,
F,1650692820,0,0,,
F,1650693480,0,60,,
F,1650694080,0,0,,
F,1650694680,0,0,,
F,1650695280,1,0,,
F,1650695880,1,0,,
F,1650696480,1,0,,
F,1650697080,1,0,,
F,1650697680,0,0,,
F,1650698280,1,0,,
F,1650698880,1,0,,
F,1650699480,1,0,,
F,1650700080,1,0,,
F,1650700680,1,0,,
F,1650701280,1,0,,
F,1650701880,1,0,,
F,1650702480,1,0,,
F,1650703080,1,0,,
F,1650703680,1,0,,
F,1650704280,1,0,,
F,1650704880,1,0,,
F,1650705480,1,0,,
F,1650706080,1,0,,
F,1650706680,1,0,,
F,1650707280,1,0,,
F,1650707880,1,0,,
F,1650708480,0,0,,
F,1650709080,0,0,,
F,1650709680,0,0,,
F,1650710280,0,0,,
F,1650710880,0,0,,
F,1650711480,0,0,,
F,1650712080,0,0,,
F,1650712680,0,0,,
F,1650713280,0,0,,
F,1650717480,0,3600,,
F,1650718080,0,0,,
F,1650718680,0,0,,
F,1650719280,0,0,,
F,1650719880,0,0,,
F,1650720480,0,0,,
F,1650721080,0,0,,
F,1650721680,0,0,,
F,1650722280,0,0,,
F,1650722880,0,0,,
F,1650723480,0,0,,
F,1650724080,0,0,,
F,1650724680,0,0,,
F,1650725280,0,0,,
F,1650725880,0,0,,
F,1650726480,0,0,,
F,1650727080,0,0,,
F,1650727680,0,0,,
F,1650728280,0,0,,
F,1650728880,0,0,,
F,1650729480,0,0,,
F,1650730080,0,0,,
F,1650730680,0,0,,
F,1650731280,0,0,,
F,1650731880,0,0,,
F,1650732480,0,0,,
F,1650733080,0,0,,
F,1650733680,0,0,,
F,1650734280,0,0,,
F,1650734880,0,0,,
F,1650735480,0,0,,
F,1650736140,0,60,,
F,1650736740,0,0,,
F,1650737340,0,0,,
F,1650737940,0,0,,
F,1650738540,0,0,,
F,1650739140,0,0,,
F,1650739740,0,0,,
F,1650740340,0,0,,
F,1650740940,0,0,,
F,1650741540,0,0,,
F,1650742140,0,0,,
F,1650742740,0,0,,
F,1650743340,0,0,,
F,1650743940,0,0,,
F,1650744540,0,0,,
F,1650745140,0,0,,
F,1650745740,0,0,,
F,1650746340,0,0,,
F,1650746940,0,0,,
F,1650747540,0,0,,
F,1650748140,0,0,,
F,1650748740,0,0,,
F,1650749340,0,0,,
F,1650749940,0,0,,
F,1650750540,0,0,,
F,1650751140,0,0,,
F,1650751740,0,0,,
F,1650752340,0,0,,
F,1650752940,0,0,,
F,1650753540,0,0,,
F,1650754140,0,0,,
F,1650754740,0,0,,
F,1650755340,0,0,,
F,1650755940,0,0,,
F,1650756540,0,0,,
F,1650757140,0,0,,
F,1650757740,0,0,,
F,1650758340,0,0,,
F,1650758940,0,0,,
F,1650759540,0,0,,
F,1650760140,0,0,,
F,1650760740,0,0,,
F,1650761340,0,0,,
F,1650762000,0,60,,
F,1650762600,0,0,,
F,1650763200,0,0,,
F,1650763800,0,0,,
F,1650764400,0,0,,
F,1650765000,0,0,,
F,1650765600,0,0,,
F,1650766200,0,0,,
F,1650766800,0,0,,
F,1650767400,0,0,,
F,1650768000,0,0,,
F,1650768600,0,0,,
F,1650769200,0,0,,
F,1650769800,0,0,,
F,1650770400,0,0,,
F,1650771000,0,0,,
F,1650771600,0,0,,
F,1650772200,0,0,,
F,1650772800,0,0,,
F,1650773400,0,0,,
F,1650774000,0,0,,
F,1650774600,0,0,,
F,1650775200,0,0,,
F,1650775800,0,0,,
F,1650776400,0,0,,
F,1650777000,0,0,,
F,1650777600,0,0,,
F,1650778200,0,0,,
F,1650778800,0,0,,
F,1650779400,0,0,,
F,1650780000,0,0,,
F,1650780600,0,0,,
F,1650781200,0,0,,
F,1650781800,0,0,,
F,1650782400,0,0,,
F,1650783000,0,0,,
F,1650783600,0,0,,
F,1650784200,0,0,,
F,1650784800,0,0,,
F,1650785400,0,0,,
F,1650786000,0,0,,
F,1650786600,0,0,,
F,1650787260,0,60,,
F,1650787860,0,0,,
F,1650788460,0,0,,
F,1650789060,0,0,,
F,1650789660,0,0,,
F,1650790260,0,0,,
F,1650790860,0,0,,
F,1650791460,0,0,,
F,1650792060,0,0,,
F,1650792660,0,0,,
F,1650793260,0,0,,
F,1650793860,0,0,,
F,1650794460,0,0,,
F,1650795060,0,0,,
F,1650795660,0,0,,
F,1650796260,0,0,,
F,1650796860,0,0,,
F,1650797460,0,0,,
F,1650798060,0,0,,
F,1650798660,0,0,,
F,1650799260,0,0,,
F,1650799860,0,0,,
F,1650800460,0,0,,
F,1650801060,0,0,,
F,1650801660,0,0,,
F,1650802260,0,0,,
F,1650802860,0,0,,
F,1650803460,0,0,,
F,1650804060,0,0,,
F,1650804660,0,0,,
F,1650805260,0,0,,
F,1650805860,0,0,,
F,1650806460,0,0,,
F,1650807060,0,0,,
F,1650807660,0,0,,
F,1650808260,0,0,,
F,1650808860,0,0,,
F,1650809460,0,0,,
F,1650813660,0,3600,,
F,1650814260,0,0,,
F,1650814860,0,0,,
F,1650815460,0,0,,
F,1650816060,0,0,,
F,1650816660,0,0,,
F,1650817260,0,0,,
F,1650817860,0,0,,
F,1650818460,0,0,,
F,1650819060,0,0,,
F,1650819660,0,0,,
F,1650820260,0,0,,
F,1650820860,0,0,,
F,1650821460,0,0,,
F,1650822060,0,0,,
F,1650822660,0,0,,
F,1650823260,0,0,,
F,1650823860,0,0,,
F,1650824460,0,0,,
F,1650825060,0,0,,
F,1650825660,0,0,,
F,1650826260,0,0,,
F,1650826860,0,0,,
F,1650827460,0,0,,
F,1650828060,0,0,,
F,1650828660,0,0,,
F,1650829260,0,0,,
F,1650829860,0,0,,
F,1650830520,0,60,,
F,1650831120,0,0,,
F,1650831720,0,0,,
F,1650832320,0,0,,
F,1650832920,0,0,,
F,1650833520,0,0,,
F,1650834120,0,0,,
F,1650834720,0,0,,
F,1650835320,0,0,,
F,1650835920,0,0,,
F,1650836520,0,0,,
F,1650837120,0,0,,
F,1650837720,0,0,,
F,1650838320,0,0,,
F,1650838920,0,0,,
F,1650839520,0,0,,
F,1650840120,0,0,,
F,1650840720,0,0,,
F,1650841320,0,0,,
F,1650841920,0,0,,
F,1650842520,0,0,,
F,1650843120,0,0,,
F,1650843720,0,0,,
F,1650844320,0,0,,
F,1650844920,0,0,,
F,1650845520,0,0,,
F,1650846120,0,0,,
F,1650846720,0,0,,
F,1650847320,0,0,,
F,1650847920,0,0,,
F,1650848520,0,0,,
F,1650849120,0,0,,
F,1650849720,0,0,,
F,1650850320,0,0,,
F,1650850920,0,0,,
F,1650851520,0,0,,
F,1650852120,0,0,,
F,1650852720,0,0,,
F,1650853320,0,0,,
F,1650853920,0,0,,
F,1650854520,0,0,,
F,1650855120,0,0,,
F,1650855720,0,0,,
F,1650856320,0,0,,
F,1650856980,0,60,,
F,1650857580,0,0,,
F,1650858180,0,0,,
F,1650858780,0,0,,
F,1650859380,0,0,,
F,1650859980,0,0,,
F,1650860580,0,0,,
F,1650861180,0,0,,
F,1650861780,0,0,,
F,1650862380,0,0,,
F,1650862980,0,0,,
F,1650863580,0,0,,
F,1650864180,0,0,,
F,1650864780,0,0,,
F,1650865380,0,0,,
F,1650865980,0,0,,
F,1650866580,0,0,,
F,1650867180,0,0,,
F,1650867780,0,0,,
F,1650868380,0,0,,
F,1650868980,0,0,,
F,1650869580,0,0,,
F,1650870180,0,0,,
F,1650870780,0,0,,
F,1650871380,0,0,,
F,1650871980,0,0,,
F,1650872580,0,0,,
F,1650873180,0,0,,
F,1650873780,0,0,,
F,1650874380,0,0,,
F,1650874980,0,0,,
F,1650875580,0,0,,
F,1650876240,0,60,,
F,1650876840,0,0,,
F,1650877440,0,0,,
F,1650878040,0,0,,
F,1650878640,0,0,,
F,1650879240,0,0,,
F,1650879840,0,0,,
F,1650880440,0,0,,
F,1650881040,0,0,,
F,1650881640,0,0,,
F,1650882240,0,0,,
F,1650882840,0,0,,
F,1650883440,0,0,,
F,1650884040,0,0,,
F,1650884640,0,0,,
F,1650885300,0,60,,
F,1650885900,0,0,,
F,1650886500,0,0,,
F,1650887160,0,60,,
F,1650887760,0,0,,
F,1650888360,0,0,,
F,1650888960,0,0,,
F,1650889560,0,0,,
F,1650890160,0,0,,
F,1650890760,0,0,,
F,1650891360,0,0,,
F,1650891960,0,0,,
F,1650892620,0,60,,
F,1650893220,0,0,,
F,1650893820,0,0,,
F,1650894480,0,60,,
F,1650895080,0,0,,
F,1650895740,0,60,,
F,1650896340,0,0,,
F,1650896940,0,0,,
F,1650897540,0,0,,
F,1650898200,0,60,,
F,1650898980,0,180,,
F,1650899580,0,0,,
F,1650900540,0,360,,
F,1650901140,0,0,,
F,1650901800,0,60,,
F,1650902400,0,0,,
F,1650903000,0,0,,
F,1650903600,0,0,,
F,1650904200,0,0,,
F,1650904860,0,60,,
F,1650905460,0,0,,
F,1650906060,0,0,,
F,1650906660,0,0,,
F,1650907260,0,0,,
F,1650907860,0,0,,
F,1650908460,0,0,,
F,1650909060,0,0,,
F,1650909660,0,0,,
F,1650910260,0,0,,
F,1650910860,0,0,,
F,1650911460,0,0,,
F,1650912060,0,0,,
F,1650912660,0,0,,
F,1650913260,0,0,,
F,1650913860,0,0,,
F,1650914460,0,0,,
F,1650915060,0,0,,
F,1650915660,0,0,,
F,1650916260,0,0,,
F,1650916860,0,0,,
F,1650917460,0,0,,
F,1650918060,0,0,,
F,1650918660,0,0,,
F,1650919260,0,0,,
F,1650919860,0,0,,
F,1650920460,0,0,,
F,1650921060,0,0,,
F,1650921660,0,0,,
F,1650922260,0,0,,
F,1650922860,0,0,,
F,1650923460,0,0,,
F,1650924060,0,0,,
F,1650924660,0,0,,
F,1650925260,0,0,,
F,1650925860,0,0,,
F,1650926460,0,0,,
F,1650927060,0,0,,
F,1650927660,0,0,,
F,1650928320,0,60,,
F,1650928920,0,0,,
F,1650929520,0,0,,
F,1650930120,0,0,,
F,1650930720,0,0,,
F,1650931320,0,0,,
F,1650931920,0,0,,
F,1650932520,0,0,,
F,1650933120,0,0,,
F,1650933720,0,0,,
F,1650934320,0,0,,
F,1650934920,0,0,,
F,1650935520,0,0,,
F,1650936120,0,0,,
F,1650936720,0,0,,
F,1650937320,0,0,,
F,1650937920,0,0,,
F,1650938520,0,0,,
F,1650939120,0,0,,
F,1650939720,0,0,,
F,1650940320,0,0,,
F,1650940920,0,0,,
F,1650941520,0,0,,
F,1650942120,0,0,,
F,1650942720,0,0,,
F,1650943320,0,0,,
F,1650943920,0,0,,
F,1650944520,0,0,,
F,1650945120,0,0,,
F,1650945720,0,0,,
F,1650946320,0,0,,
F,1650946920,0,0,,
F,1650947520,0,0,,
F,1650948120,0,0,,
F,1650948720,0,0,,
F,1650949320,0,0,,
F,1650949980,0,60,,
F,1650950580,0,0,,
F,1650951180,0,0,,
F,1650951780,0,0,,
F,1650952380,0,0,,
F,1650952980,0,0,,
F,1650953580,0,0,,
F,1650954180,0,0,,
F,1650954780,0,0,,
F,1650955380,0,0,,
F,1650955980,0,0,,
F,1650956580,0,0,,
F,1650957180,0,0,,
F,1650957780,0,0,,
F,1650958380,0,0,,
F,1650958980,0,0,,
F,1650959580,0,0,,
F,1650960180,0,0,,
F,1650960780,0,0,,
F,1650961380,0,0,,
F,1650961980,0,0,,
F,1650962580,0,0,,
F,1650963180,0,0,,
F,1650963780,0,0,,
F,1650964380,0,0,,
F,1650965040,0,60,,
F,1650965640,0,0,,
F,1650966240,0,0,,
F,1650966900,0,60,,
F,1650967500,0,0,,
F,1650968100,0,0,,
F,1650968700,0,0,,
F,1650969300,0,0,,
F,1650969900,0,0,,
F,1650970500,0,0,,
F,1650971100,0,0,,
F,1650971700,0,0,,
F,1650972300,0,0,,
F,1650972900,0,0,,
F,1650973560,0,60,,
F,1650974160,0,0,,
F,1650974760,0,0,,
F,1650975360,0,0,,
F,1650975960,0,0,,
F,1650976560,0,0,,
F,1650977160,0,0,,
F,1650977760,0,0,,
F,1650978360,0,0,,
F,1650978960,0,0,,
F,1650979560,0,0,,
F,1650980160,0,0,,
F,1650980820,0,60,,
F,1650981420,0,0,,
F,1650982020,0,0,,
F,1650982620,0,0,,
F,1650983220,0,0,,
F,1650983820,0,0,,
F,1650984420,0,0,,
F,1650985020,0,0,,
F,1650985620,0,0,,
F,1650986220,0,0,,
F,1650986820,0,0,,
F,1650987420,0,0,,
F,1650988020,0,0,,
F,1650988620,0,0,,
F,1650989220,0,0,,
F,1650989820,0,0,,
F,1650990420,0,0,,
F,1650991020,0,0,,
F,1650991620,0,0,,
F,1650992280,0,60,,
F,1650992820,0,0,,
F,1650993480,0,60,,
F,1650994080,0,0,,
F,1650994680,0,0,,
F,1650995280,0,0,,
F,1650995880,0,0,,
F,1650996480,0,0,,
F,1650997080,0,0,,
F,1650997680,0,0,,
F,1650998280,0,0,,
F,1650998880,0,0,,
F,1650999480,0,0,,
F,1651000080,0,0,,
F,1651000680,0,0,,
F,1651001280,0,0,,
F,1651001880,0,0,,
F,1651002480,0,0,,
F,1651003080,0,0,,
F,1651003680,0,0,,
F,1651004280,0,0,,
F,1651004880,0,0,,
F,1651005480,0,0,,
F,1651006080,0,0,,
F,1651006680,0,0,,
F,1651007280,0,0,,
F,1651007880,0,0,,
F,1651008480,0,0,,
F,1651009080,0,0,,
F,1651009680,0,0,,
F,1651010280,0,0,,
F,1651010880,0,0,,
F,1651011480,0,0,,
F,1651012080,0,0,,
F,1651012680,0,0,,
F,1651013280,0,0,,
F,1651013880,0,0,,
F,1651014480,0,0,,
F,1651015080,0,0,,
F,1651015680,0,0,,
F,1651016340,0,60,,
F,1651016940,0,0,,
F,1651017540,0,0,,
F,1651018140,0,0,,
F,1651018740,0,0,,
F,1651019340,0,0,,
F,1651019940,0,0,,
F,1651020540,0,0,,
F,1651021140,0,0,,
F,1651021740,0,0,,
F,1651022340,0,0,,
F,1651022940,0,0,,
F,1651023540,0,0,,
F,1651024140,0,0,,
F,1651024740,0,0,,
F,1651025340,0,0,,
F,1651025940,0,0,,
F,1651026540,0,0,,
F,1651027140,0,0,,
F,1651027740,0,0,,
F,1651028340,0,0,,
F,1651028940,0,0,,
F,1651029540,0,0,,
F,1651030140,0,0,,
F,1651030740,0,0,,
F,1651031340,0,0,,
F,1651031940,0,0,,
F,1651032540,0,0,,
F,1651033140,0,0,,
F,1651033800,0,60,,
F,1651034400,0,0,,
F,1651035000,0,0,,
F,1651035600,0,0,,
F,1651036200,0,0,,
F,1651036800,0,0,,
F,1651037400,0,0,,
F,1651038000,0,0,,
F,1651038600,0,0,,
F,1651039200,0,0,,
F,1651039800,0,0,,
F,1651040400,0,0,,
F,1651041000,0,0,,
F,1651041600,0,0,,
F,1651042200,0,0,,
F,1651042800,0,0,,
F,1651043400,0,0,,
F,1651044000,0,0,,
F,1651044600,0,0,,
F,1651045200,0,0,,
F,1651045800,0,0,,
F,1651046400,0,0,,
F,1651047000,0,0,,
F,1651047600,0,0,,
F,1651048200,0,0,,
F,1651048800,0,0,,
F,1651049400,0,0,,
F,1651050000,0,0,,
F,1651050600,0,0,,
F,1651051200,0,0,,
F,1651051800,0,0,,
F,1651052400,0,0,,
F,1651053000,0,0,,
F,1651053600,0,0,,
F,1651054200,0,0,,
F,1651054860,0,60,,
F,1651055460,0,0,,
F,1651056060,0,0,,
F,1651056720,0,60,,
F,1651057380,0,60,,
F,1651057980,0,0,,
F,1651058580,0,0,,
F,1651059240,0,60,,
F,1651059840,0,0,,
F,1651060440,0,0,,
F,1651061040,0,0,,
F,1651061640,0,0,,
F,1651062240,0,0,,
F,1651062960,0,120,,
F,1651063620,0,60,,
F,1651067940,0,3720,,
F,1651068540,0,0,,
F,1651069200,0,60,,
F,1651069800,0,0,,
F,1651070400,0,0,,
F,1651071000,0,0,,
F,1651071600,0,0,,
F,1651072200,0,0,,
F,1651072800,0,0,,
F,1651073400,0,0,,
F,1651074000,0,0,,
F,1651074600,0,0,,
F,1651075380,0,180,,
F,1651076100,0,120,,
F,1651076700,0,0,,
F,1651077300,0,0,,
F,1651077900,0,0,,
F,1651078500,0,0,,
F,1651079160,0,60,,
F,1651079760,0,0,,
F,1651080360,0,0,,
F,1651080960,0,0,,
F,1651081560,0,0,,
F,1651082160,0,0,,
F,1651082760,0,0,,
F,1651083360,0,0,,
F,1651083960,0,0,,
F,1651084560,0,0,,
F,1651085160,0,0,,
F,1651085760,0,0,,
F,1651086420,0,60,,
F,1651087020,0,0,,
F,1651087680,0,60,,
F,1651088280,0,0,,
F,1651088880,0,0,,
F,1651089480,0,0,,
F,1651090080,0,0,,
F,1651090680,0,0,,
F,1651091280,0,0,,
F,1651091880,0,0,,
F,1651092480,0,0,,
F,1651093080,0,0,,
F,1651093680,0,0,,
F,1651094280,0,0,,
F,1651094880,0,0,,
F,1651095480,0,0,,
F,1651096080,0,0,,
F,1651096680,0,0,,
F,1651097280,0,0,,
F,1651097880,0,0,,
F,1651098480,0,0,,
F,1651099080,0,0,,
F,1651099680,0,0,,
F,1651100280,0,0,,
F,1651100880,0,0,,
F,1651101480,0,0,,
F,1651102080,0,0,,
F,1651102680,0,0,,
F,1651103280,0,0,,
F,1651103880,0,0,,
F,1651104480,0,0,,
F,1651105080,0,0,,
F,1651105680,0,0,,
F,1651106280,0,0,,
F,1651106880,0,0,,
F,1651107480,0,0,,
F,1651108080,0,0,,
F,1651108680,0,0,,
F,1651109280,0,0,,
F,1651109880,0,0,,
F,1651110480,0,0,,
F,1651111080,0,0,,
F,1651111680,0,0,,
F,1651112280,0,0,,
F,1651112940,0,60,,
F,1651113540,0,0,,
F,1651114140,0,0,,
F,1651114740,0,0,,
F,1651115340,0,0,,
F,1651115940,0,0,,
F,1651116540,0,0,,
F,1651117140,0,0,,
F,1651117740,0,0,,
F,1651118340,0,0,,
F,1651118940,0,0,,
F,1651119540,0,0,,
F,1651120140,0,0,,
F,1651120740,0,0,,
F,1651121340,0,0,,
F,1651121940,0,0,,
F,1651122540,0,0,,
F,1651123140,0,0,,
F,1651123740,0,0,,
F,1651124340,0,0,,
F,1651124940,0,0,,
F,1651125540,0,0,,
F,1651126140,0,0,,
F,1651126740,0,0,,
F,1651127340,0,0,,
F,1651127940,0,0,,
F,1651128540,0,0,,
F,1651129140,0,0,,
F,1651129740,0,0,,
F,1651130400,0,60,,
F,1651131000,0,0,,
F,1651131600,0,0,,
F,1651132200,0,0,,
F,1651132800,0,0,,
F,1651133400,0,0,,
F,1651134000,0,0,,
F,1651134600,0,0,,
F,1651135200,0,0,,
F,1651135800,0,0,,
F,1651136400,0,0,,
F,1651137000,0,0,,
F,1651137600,0,0,,
F,1651138320,0,120,,
F,1651138920,0,0,,
F,1651139520,0,0,,
F,1651140120,0,0,,
F,1651140720,0,0,,
F,1651141320,0,0,,
F,1651141920,0,0,,
F,1651142520,0,0,,
F,1651143120,0,0,,
F,1651143720,0,0,,
F,1651144320,0,0,,
F,1651144920,0,0,,
F,1651145520,0,0,,
F,1651146120,0,0,,
F,1651146720,0,0,,
F,1651147320,0,0,,
F,1651147920,0,0,,
F,1651148520,0,0,,
F,1651149120,0,0,,
F,1651149720,0,0,,
F,1651150320,0,0,,
F,1651150920,0,0,,
F,1651151520,0,0,,
F,1651152120,0,0,,
F,1651152720,0,0,,
F,1651153320,0,0,,
F,1651153980,0,60,,
F,1651154580,0,0,,
F,1651155180,0,0,,
F,1651155780,0,0,,
F,1651156380,0,0,,
F,1651156980,0,0,,
F,1651157580,0,0,,
F,1651158180,0,0,,
F,1651158840,0,60,,
F,1651159440,0,0,,
F,1651160040,0,0,,
F,1651160640,0,0,,
F,1651161240,0,0,,
F,1651161840,0,0,,
F,1651162440,0,0,,
F,1651163040,0,0,,
F,1651163640,0,0,,
F,1651164300,0,60,,
F,1651164900,0,0,,
F,1651165500,0,0,,
F,1651166100,0,0,,
F,1651166700,0,0,,
F,1651167300,0,0,,
F,1651167900,0,0,,
F,1651168500,0,0,,
F,1651169100,0,0,,
F,1651169700,0,0,,
F,1651170300,0,0,,
F,1651170900,0,0,,
F,1651171500,0,0,,
F,1651172100,0,0,,
F,1651172700,0,0,,
F,1651173300,0,0,,
F,1651173900,0,0,,
F,1651174500,0,0,,
F,1651175100,0,0,,
F,1651175700,0,0,,
F,1651176300,0,0,,
F,1651176900,0,0,,
F,1651177500,0,0,,
F,1651178160,0,60,,
F,1651178760,0,0,,
F,1651179360,0,0,,
F,1651179960,0,0,,
F,1651180560,0,0,,
F,1651181160,0,0,,
F,1651181760,0,0,,
F,1651182360,0,0,,
F,1651182960,0,0,,
F,1651183560,0,0,,
F,1651184160,0,0,,
F,1651184760,0,0,,
F,1651185360,0,0,,
F,1651185960,0,0,,
F,1651186560,0,0,,
F,1651187160,0,0,,
F,1651187760,0,0,,
F,1651188360,0,0,,
F,1651188960,0,0,,
F,1651189560,0,0,,
F,1651190160,0,0,,
F,1651190760,0,0,,
F,1651191360,0,0,,
F,1651191960,0,0,,
F,1651192560,0,0,,
F,1651193160,0,0,,
F,1651193760,0,0,,
F,1651194360,0,0,,
F,1651194960,0,0,,
F,1651195560,0,0,,
F,1651196160,0,0,,
F,1651196760,0,0,,
F,1651197360,0,0,,
F,1651197960,0,0,,
F,1651198560,0,0,,
F,1651199160,0,0,,
F,1651199760,0,0,,
F,1651200360,0,0,,
F,1651200960,0,0,,
F,1651201560,0,0,,
F,1651202160,0,0,,
F,1651202760,0,0,,
F,1651203360,0,0,,
F,1651203960,0,0,,
F,1651204620,0,60,,
F,1651205220,0,0,,
F,1651205820,0,0,,
F,1651206420,0,0,,
F,1651207020,0,0,,
F,1651207620,0,0,,
F,1651208220,0,0,,
F,1651208820,0,0,,
F,1651209420,0,0,,
F,1651210020,0,0,,
F,1651210620,0,0,,
F,1651211220,0,0,,
F,1651211820,0,0,,
F,1651212420,0,0,,
F,1651213020,0,0,,
F,1651213620,0,0,,
F,1651214220,0,0,,
F,1651214820,0,0,,
F,1651215420,0,0,,
F,1651216020,0,0,,
F,1651216680,0,60,,
F,1651217280,0,0,,
F,1651217880,0,0,,
F,1651218480,0,0,,
F,1651219080,0,0,,
F,1651219680,0,0,,
F,1651220280,0,0,,
F,1651220880,0,0,,
F,1651221480,0,0,,
F,1651222080,0,0,,
F,1651222680,0,0,,
F,1651223280,0,0,,
F,1651223880,0,0,,
F,1651224480,0,0,,
F,1651225080,0,0,,
F,1651225680,0,0,,
F,1651226280,0,0,,
F,1651226880,0,0,,
F,1651227480,0,0,,
F,1651228080,0,0,,
F,1651228680,0,0,,
F,1651229280,0,0,,
F,1651229880,0,0,,
F,1651230480,0,0,,
F,1651231080,0,0,,
F,1651231680,0,0,,
F,1651232340,0,60,,
F,1651232940,0,0,,
F,1651233540,0,0,,
F,1651234140,0,0,,
F,1651234740,0,0,,
F,1651235340,0,0,,
F,1651235940,0,0,,
F,1651236540,0,0,,
F,1651237140,0,0,,
F,1651237740,0,0,,
F,1651238400,0,60,,
F,1651239000,0,0,,
F,1651239600,0,0,,
F,1651240200,0,0,,
F,1651240800,0,0,,
F,1651241400,0,0,,
F,1651242060,0,60,,
F,1651242660,0,0,,
F,1651243260,0,0,,
F,1651243860,0,0,,
F,1651244460,0,0,,
F,1651245060,0,0,,
F,1651245660,0,0,,
F,1651246260,0,0,,
F,1651246860,0,0,,
F,1651247460,0,0,,
F,1651248060,0,0,,
F,1651248720,0,60,,
F,1651249320,0,0,,
F,1651249920,0,0,,
F,1651250520,0,0,,
F,1651251120,0,0,,
F,1651251720,0,0,,
F,1651252320,0,0,,
F,1651252920,0,0,,
F,1651253520,0,0,,
F,1651254180,0,60,,
F,1651254780,0,0,,
F,1651255380,0,0,,
F,1651256040,0,60,,
F,1651256640,0,0,,
F,1651257240,0,0,,
F,1651257840,0,0,,
F,1651258440,0,0,,
F,1651259040,0,0,,
F,1651259640,0,0,,
F,1651260240,0,0,,
F,1651260840,0,0,,
F,1651261440,0,0,,
F,1651262040,0,0,,
F,1651262640,0,0,,
F,1651263240,0,0,,
F,1651263840,0,0,,
F,1651264440,0,0,,
F,1651265040,0,0,,
F,1651265640,0,0,,
F,1651266240,0,0,,
F,1651266840,0,0,,
F,1651267440,0,0,,
F,1651268040,0,0,,
F,1651268640,0,0,,
F,1651269240,0,0,,
F,1651269840,0,0,,
F,1651270440,0,0,,
F,1651271040,0,0,,
F,1651271640,0,0,,
F,1651272300,0,60,,
F,1651272900,0,0,,
F,1651273500,0,0,,
F,1651274100,0,0,,
F,1651274700,0,0,,
F,1651275300,0,0,,
F,1651275900,0,0,,
F,1651276500,0,0,,
F,1651277100,0,0,,
F,1651277700,0,0,,
F,1651278300,0,0,,
F,1651278900,0,0,,
F,1651279500,0,0,,
F,1651280100,0,0,,
F,1651280700,0,0,,
F,1651281300,0,0,,
F,1651281900,0,0,,
F,1651282500,0,0,,
F,1651283100,0,0,,
F,1651283700,0,0,,
F,1651284300,0,0,,
F,1651284900,0,0,,
F,1651285500,0,0,,
F,1651286100,0,0,,
F,1651286700,0,0,,
F,1651287300,0,0,,
F,1651287900,0,0,,
F,1651288500,0,0,,
F,1651289100,0,0,,
F,1651289700,0,0,,
F,1651290300,0,0,,
F,1651290900,0,0,,
F,1651291500,0,0,,
F,1651292100,0,0,,
F,1651292700,0,0,,
F,1651293300,0,0,,
F,1651293900,0,0,,
F,1651294560,0,60,,
F,1651295160,0,0,,
F,1651295760,0,0,,
F,1651296360,0,0,,
F,1651296960,0,0,,
F,1651297560,0,0,,
F,1651298160,0,0,,
F,1651298760,0,0,,
F,1651299360,0,0,,
F,1651299960,0,0,,
F,1651300560,0,0,,
F,1651301160,0,0,,
F,1651301760,0,0,,
F,1651302360,0,0,,
F,1651302960,0,0,,
F,1651303560,0,0,,
F,1651304160,0,0,,
F,1651304760,0,0,,
F,1651305360,0,0,,
F,1651305960,0,0,,
F,1651306560,0,0,,
F,1651307160,0,0,,
F,1651307760,0,0,,
F,1651308360,0,0,,
F,1651308960,0,0,,
F,1651309560,0,0,,
F,1651310160,0,0,,
F,1651310760,0,0,,
F,1651311360,0,0,,
F,1651311960,0,0,,
F,1651312560,0,0,,
F,1651313160,0,0,,
F,1651313760,0,0,,
F,1651314360,0,0,,
F,1651314960,0,0,,
F,1651315560,0,0,,
F,1651316220,0,60,,
F,1651316820,0,0,,
F,1651317420,0,0,,
F,1651318020,0,0,,
F,1651318620,0,0,,
F,1651319220,0,0,,
F,1651319820,0,0,,
F,1651320420,0,0,,
F,1651321020,0,0,,
F,1651321620,0,0,,
F,1651322220,0,0,,
F,1651322820,0,0,,
F,1651323420,0,0,,
F,1651324020,0,0,,
F,1651324620,0,0,,
F,1651325220,0,0,,
F,1651325820,0,0,,
F,1651326420,0,0,,
F,1651327020,0,0,,
F,1651327620,0,0,,
F,1651328220,0,0,,
F,1651328820,0,0,,
F,1651329420,0,0,,
F,1651330020,0,0,,
F,1651330620,0,0,,
F,1651331220,0,0,,
F,1651331820,0,0,,
F,1651332420,0,0,,
F,1651333020,0,0,,
F,1651333620,0,0,,
F,1651334220,0,0,,
F,1651334820,0,0,,
F,1651335420,0,0,,
F,1651336020,0,0,,
F,1651336620,0,0,,
F,1651337220,0,0,,
F,1651337820,0,0,,
F,1651338420,0,0,,
F,1651339020,0,0,,
F,1651339680,0,60,,
F,1651340280,0,0,,
F,1651340880,0,0,,
F,1651341480,0,0,,
F,1651342080,0,0,,
F,1651342680,0,0,,
F,1651343280,0,0,,
F,1651343880,0,0,,
F,1651344480,0,0,,
F,1651345080,0,0,,
F,1651345680,0,0,,
F,1651346280,0,0,,
F,1651346880,0,0,,
F,1651347480,0,0,,
F,1651348080,0,0,,
F,1651348680,0,0,,
F,1651349280,0,0,,
F,1651349880,0,0,,
F,1651350480,0,0,,
F,1651351080,0,0,,
F,1651351680,0,0,,
F,1651352280,0,0,,
F,1651352880,0,0,,
F,1651353480,0,0,,
F,1651354080,0,0,,
F,1651354680,0,0,,
F,1651355280,0,0,,
F,1651355880,0,0,,
F,1651356480,0,0,,
F,1651357080,0,0,,
F,1651357680,0,0,,
F,1651358280,0,0,,
F,1651358880,0,0,,
F,1651359480,0,0,,
F,1651360080,0,0,,
F,1651360680,0,0,,
F,1651361280,0,0,,
F,1651361880,0,0,,
F,1651362480,0,0,,
F,1651363080,0,0,,
G,1648150380,1,0,,
G,1648150980,1,0,,
G,1648151580,1,0,,
G,1648152180,1,0,,
G,1648152780,1,0,,
G,1648153380,1,0,,
G,1648154040,1,60,,
G,1648154640,1,0,,
G,1648155240,1,0,,
G,1648155840,1,0,,
G,1648156440,1,0,,
G,1648157040,1,0,,
G,1648157640,1,0,,
G,1648158240,1,0,,
G,1648158840,0,0,,
G,1648159440,0,0,,
G,1648160040,0,0,,
G,1648160640,0,0,,
G,1648161240,0,0,,
G,1648161840,0,0,,
G,1648162440,0,0,,
G,1648163040,0,0,,
G,1648163640,0,0,,
G,1648164240,0,0,,
G,1648164840,0,0,,
G,1648165440,0,0,,
G,1648166040,0,0,,
G,1648166640,0,0,,
G,1648167240,0,0,,
G,1648167840,0,0,,
G,1648168440,0,0,,
G,1648169040,0,0,,
G,1648169640,0,0,,
G,1648170240,0,0,,
G,1648170900,0,60,,
G,1648171500,0,0,,
G,1648172100,0,0,,
G,1648172700,0,0,,
G,1648173300,0,0,,
G,1648173900,0,0,,
G,1648174500,0,0,,
G,1648175100,0,0,,
G,1648175700,0,0,,
G,1648176300,0,0,,
G,1648176900,0,0,,
G,1648177500,0,0,,
G,1648178100,0,0,,
G,1648178700,0,0,,
G,1648179300,0,0,,
G,1648179900,0,0,,
G,1648180500,0,0,,
G,1648181100,0,0,,
G,1648181700,0,0,,
G,1648182300,0,0,,
G,1648182900,0,0,,
G,1648183500,0,0,,
G,1648184100,0,0,,
G,1648184700,0,0,,
G,1648185300,0,0,,
G,1648185960,0,60,,
G,1648186560,0,0,,
G,1648187160,0,0,,
G,1648187760,0,0,,
G,1648188360,0,0,,
G,1648188960,0,0,,
G,1648189560,0,0,,
G,1648190160,0,0,,
G,1648190760,0,0,,
H,1648253580,1,0,,
H,1648254180,1,0,,
H,1648254780,1,0,,
H,1648255380,1,0,,
H,1648255980,1,0,,
H,1648256580,1,0,,
H,1648257180,1,0,,
H,1648257780,1,0,,
H,1648258380,1,0,,
H,1648258980,1,0,,
H,1648259580,1,0,,
H,1648260180,1,0,,
H,1648260780,1,0,,
H,1648261380,1,0,,
H,1648261980,1,0,,
H,1648262580,1,0,,
H,1648263180,1,0,,
H,1648263780,0,0,,
H,1648264380,0,0,,
H,1648264980,1,0,,
H,1648265580,1,0,,
H,1648266180,1,0,,
H,1648266840,1,60,,
H,1648267440,1,0,,
H,1648268040,0,0,,
H,1648268640,0,0,,
H,1648269240,0,0,,
H,1648269840,0,0,,
H,1648270440,0,0,,
H,1648271040,0,0,,
H,1648271640,0,0,,
H,1648272240,0,0,,
H,1648272840,0,0,,
H,1648273440,0,0,,
H,1648274040,0,0,,
H,1648274640,0,0,,
H,1648275240,0,0,,
H,1648275840,0,0,,
H,1648276440,0,0,,
H,1648277040,0,0,,
H,1648277640,0,0,,
H,1648278240,0,0,,
H,1648278840,0,0,,
H,1648279440,0,0,,
H,1648280040,0,0,,
H,1648280640,0,0,,
H,1648281240,0,0,,
H,1648281840,0,0,,
H,1648282440,0,0,,
H,1648283040,0,0,,
H,1648283640,0,0,,
H,1648284240,0,0,,
H,1648284840,0,0,,
H,1648285440,0,0,,
H,1648286040,0,0,,
H,1648286640,0,0,,
H,1648287240,0,0,,
H,1648287840,0,0,,
H,1648288440,0,0,,
H,1648289040,0,0,,
H,1648289640,0,0,,
H,1648290240,0,0,,
H,1648290840,0,0,,
H,1648291440,0,0,,
H,1648292040,0,0,,
H,1648292700,0,60,,
H,1648293300,0,0,,
H,1648293900,0,0,,
H,1648294500,0,0,,
H,1648295100,0,0,,
H,1648295700,0,0,,
H,1648296300,0,0,,
H,1648296900,0,0,,
H,1648297500,0,0,,
H,1648298100,0,0,,
H,1648298700,0,0,,
H,1648299300,0,0,,
H,1648299900,0,0,,
H,1648300500,0,0,,
H,1648301100,0,0,,
H,1648301700,0,0,,
H,1648302300,0,0,,
H,1648302900,0,0,,
H,1648303500,0,0,,
H,1648304100,0,0,,
H,1648304700,0,0,,
H,1648305300,0,0,,
H,1648305900,0,0,,
H,1648306500,0,0,,
H,1648307100,0,0,,
H,1648307700,0,0,,
H,1648308300,0,0,,
H,1648308900,0,0,,
H,1648309500,0,0,,
H,1648310100,0,0,,
H,1648310700,0,0,,
H,1648311300,0,0,,
H,1648311900,0,0,,
H,1648312500,0,0,,
H,1648313100,0,0,,
H,1648313700,0,0,,
H,1648314300,0,0,,
H,1648314900,0,0,,
H,1648315500,0,0,,
H,1648316100,0,0,,
H,1648316700,0,0,,
H,1648317300,0,0,,
H,1648317900,0,0,,
H,1648318500,0,0,,
H,1648319100,0,0,,
H,1648319760,0,60,,
H,1648320360,0,0,,
H,1648320960,0,0,,
H,1648321560,0,0,,
H,1648322160,0,0,,
H,1648322760,0,0,,
H,1648323360,0,0,,
H,1648323960,0,0,,
H,1648324560,0,0,,
H,1648325160,0,0,,
H,1648325760,0,0,,
H,1648326360,0,0,,
H,1648326960,0,0,,
H,1648327560,0,0,,
H,1648328160,0,0,,
H,1648328760,0,0,,
H,1648329360,0,0,,
H,1648329960,0,0,,
H,1648330560,0,0,,
H,1648331160,0,0,,
H,1648331760,0,0,,
H,1648332360,0,0,,
H,1648332960,0,0,,
H,1648333560,0,0,,
H,1648334160,0,0,,
H,1648334760,0,0,,
H,1648335360,0,0,,
H,1648335960,0,0,,
H,1648336560,0,0,,
H,1648337160,0,0,,
H,1648337760,0,0,,
H,1648338360,0,0,,
H,1648338960,0,0,,
H,1648339560,0,0,,
H,1648340160,0,0,,
H,1648340760,0,0,,
H,1648341360,0,0,,
H,1648342020,0,60,,
H,1648342620,0,0,,
H,1648343220,0,0,,
H,1648343820,0,0,,
H,1648344420,0,0,,
H,1648345020,0,0,,
H,1648345620,0,0,,
H,1648346220,0,0,,
H,1648346820,0,0,,
H,1648347420,0,0,,
H,1648348020,0,0,,
H,1648348620,0,0,,
H,1648349220,0,0,,
H,1648349820,0,0,,
H,1648350420,0,0,,
H,1648351020,0,0,,
H,1648351620,0,0,,
H,1648352220,0,0,,
H,1648352820,0,0,,
H,1648353420,0,0,,
H,1648354020,0,0,,
H,1648354620,0,0,,
H,1648355220,0,0,,
H,1648355820,0,0,,
H,1648356420,0,0,,
H,1648357020,0,0,,
H,1648357620,0,0,,
H,1648358220,0,0,,
H,1648358820,0,0,,
H,1648359420,0,0,,
H,1648360020,0,0,,
H,1648360620,0,0,,
H,1648361220,0,0,,
H,1648361820,0,0,,
H,1648362420,0,0,,
H,1648363020,0,0,,
H,1648363620,0,0,,
H,1648364220,0,0,,
H,1648364820,0,0,,
H,1648365420,0,0,,
H,1648366020,0,0,,
H,1648366620,0,0,,
H,1648367220,0,0,,
H,1648367820,0,0,,
H,1648368480,0,60,,
H,1648369080,0,0,,
H,1648369680,0,0,,
H,1648370280,0,0,,
H,1648370880,0,0,,
H,1648371480,0,0,,
H,1648372080,0,0,,
H,1648372680,0,0,,
H,1648373280,0,0,,
H,1648373880,0,0,,
H,1648374480,0,0,,
H,1648375080,0,0,,
H,1648375680,0,0,,
H,1648376280,0,0,,
H,1648376880,0,0,,
H,1648377480,0,0,,
H,1648378080,0,0,,
H,1648378680,0,0,,
H,1648379280,0,0,,
H,1648379880,0,0,,
H,1648380480,0,0,,
H,1648381080,0,0,,
H,1648381680,0,0,,
H,1648382280,0,0,,
H,1648382880,0,0,,
H,1648383480,0,0,,
H,1648384080,0,0,,
H,1648384680,0,0,,
H,1648385280,0,0,,
H,1648385880,0,0,,
H,1648386480,0,0,,
H,1648387080,0,0,,
H,1648387680,0,0,,
H,1648388280,0,0,,
H,1648388880,0,0,,
H,1648389480,0,0,,
H,1648390080,0,0,,
H,1648390680,0,0,,
H,1648391280,0,0,,
H,1648391880,0,0,,
H,1648392480,0,0,,
H,1648393080,0,0,,
H,1648393800,0,120,,
H,1648394400,0,0,,
H,1648395000,0,0,,
H,1648395600,0,0,,
H,1648396200,0,0,,
H,1648396800,0,0,,
H,1648397400,0,0,,
H,1648398000,0,0,,
H,1648398600,0,0,,
H,1648399200,0,0,,
H,1648399800,0,0,,
H,1648400400,0,0,,
H,1648401000,0,0,,
H,1648401600,0,0,,
H,1648402200,0,0,,
H,1648402800,0,0,,
H,1648403400,0,0,,
H,1648404060,0,60,,
H,1648404660,0,0,,
H,1648405260,0,0,,
H,1648405860,0,0,,
H,1648406460,0,0,,
H,1648407060,0,0,,
H,1648407660,0,0,,
H,1648408260,0,0,,
H,1648408860,0,0,,
H,1648409460,0,0,,
H,1648410060,0,0,,
H,1648410660,0,0,,
H,1648411260,0,0,,
H,1648411860,0,0,,
H,1648412460,0,0,,
H,1648413060,0,0,,
H,1648413660,0,0,,
H,1648414260,0,0,,
H,1648414860,0,0,,
H,1648415460,0,0,,
H,1648416060,0,0,,
H,1648416660,0,0,,
H,1648417260,0,0,,
H,1648417860,0,0,,
H,1648418460,0,0,,
H,1648419060,0,0,,
H,1648419660,0,0,,
H,1648420260,0,0,,
H,1648420860,0,0,,
H,1648421460,0,0,,
H,1648422060,0,0,,
H,1648422660,0,0,,
H,1648423260,0,0,,
H,1648423860,0,0,,
H,1648424460,0,0,,
H,1648425060,0,0,,
H,1648425660,0,0,,
H,1648426260,0,0,,
H,1648426860,0,0,,
H,1648427460,0,0,,
H,1648428060,0,0,,
H,1648428660,0,0,,
H,1648429260,0,0,,
H,1648429860,0,0,,
H,1648430520,0,60,,
H,1648431120,0,0,,
H,1648431720,0,0,,
H,1648432320,0,0,,
H,1648432920,0,0,,
H,1648433520,0,0,,
H,1648434120,0,0,,
H,1648434720,0,0,,
H,1648435320,0,0,,
H,1648435920,0,0,,
H,1648436520,0,0,,
H,1648437120,0,0,,
H,1648437720,0,0,,
H,1648438320,0,0,,
H,1648438920,0,0,,
H,1648439520,0,0,,
H,1648440120,0,0,,
H,1648440720,0,0,,
H,1648441320,0,0,,
H,1648441920,0,0,,
H,1648442520,0,0,,
H,1648443120,0,0,,
H,1648443720,0,0,,
H,1648444320,0,0,,
H,1648444920,0,0,,
H,1648445520,0,0,,
H,1648446120,0,0,,
H,1648446720,0,0,,
H,1648447320,0,0,,
H,1648447920,0,0,,
H,1648448520,0,0,,
H,1648449120,0,0,,
H,1648449720,0,0,,
H,1648450320,0,0,,
H,1648450920,0,0,,
H,1648451520,0,0,,
H,1648452120,0,0,,
H,1648452720,0,0,,
H,1648453320,0,0,,
H,1648453920,0,0,,
H,1648454520,0,0,,
H,1648455180,0,60,,
H,1648455780,0,0,,
H,1648456380,0,0,,
H,1648456980,0,0,,
H,1648457580,0,0,,
H,1648458180,0,0,,
H,1648458780,0,0,,
H,1648459380,0,0,,
H,1648459980,0,0,,
H,1648460580,0,0,,
H,1648461180,0,0,,
H,1648461780,0,0,,
H,1648462380,0,0,,
H,1648462980,0,0,,
H,1648463580,0,0,,
H,1648464180,0,0,,
H,1648464780,0,0,,
H,1648465380,0,0,,
H,1648465980,0,0,,
H,1648466580,0,0,,
H,1648467180,0,0,,
H,1648467840,0,60,,
H,1648468440,0,0,,
H,1648469040,0,0,,
H,1648469640,0,0,,
H,1648470240,0,0,,
H,1648471020,0,180,,
H,1648471920,0,300,,
H,1648472520,0,0,,
H,1648473120,0,0,,
H,1648473720,0,0,,
H,1648474500,0,180,,
H,1648475280,0,180,,
H,1648475880,0,0,,
H,1648476780,0,300,,
H,1648477380,0,0,,
H,1648478040,0,60,,
H,1648478940,0,300,,
H,1648479840,0,300,,
H,1648480440,0,0,,
H,1648481580,0,540,,
H,1648482180,0,0,,
H,1648483140,0,360,,
H,1648483920,0,180,,
H,1648484820,0,300,,
H,1648485420,0,0,,
H,1648486020,0,0,,
H,1648486800,0,180,,
H,1648487400,0,0,,
H,1648488000,0,0,,
H,1648488600,0,0,,
H,1648489200,0,0,,
H,1648489860,0,60,,
H,1648490460,0,0,,
H,1648491300,0,240,,
H,1648491900,0,0,,
H,1648492500,0,0,,
H,1648493100,0,0,,
H,1648493700,0,0,,
H,1648494300,0,0,,
H,1648495080,0,180,,
H,1648495680,0,0,,
H,1648496280,0,0,,
H,1648496880,0,0,,
H,1648497480,0,0,,
H,1648498080,0,0,,
H,1648498680,0,0,,
H,1648499340,0,60,,
H,1648499940,0,0,,
H,1648500540,0,0,,
H,1648501140,0,0,,
H,1648501740,0,0,,
H,1648502340,0,0,,
H,1648502940,0,0,,
H,1648503540,0,0,,
H,1648504140,0,0,,
H,1648504740,0,0,,
H,1648505340,0,0,,
H,1648505940,0,0,,
H,1648506540,0,0,,
H,1648507140,0,0,,
H,1648507740,0,0,,
H,1648508340,0,0,,
H,1648508940,0,0,,
H,1648509540,0,0,,
H,1648510140,0,0,,
H,1648510740,0,0,,
H,1648511340,0,0,,
H,1648511940,0,0,,
H,1648512540,0,0,,
H,1648513140,0,0,,
H,1648513740,0,0,,
H,1648514340,0,0,,
H,1648514940,0,0,,
H,1648515540,0,0,,
H,1648516140,0,0,,
H,1648516740,0,0,,
H,1648517340,0,0,,
H,1648517940,0,0,,
H,1648518540,0,0,,
H,1648519140,0,0,,
H,1648519800,0,60,,
H,1648520400,0,0,,
H,1648521000,0,0,,
H,1648521600,0,0,,
H,1648522200,0,0,,
H,1648522800,0,0,,
H,1648523400,0,0,,
H,1648524000,0,0,,
H,1648524600,0,0,,
H,1648525200,0,0,,
H,1648525800,0,0,,
H,1648526400,0,0,,
H,1648527000,0,0,,
H,1648527600,0,0,,
H,1648528200,0,0,,
H,1648528800,0,0,,
H,1648529400,0,0,,
H,1648530000,0,0,,
H,1648530600,0,0,,
H,1648531200,0,0,,
H,1648531800,0,0,,
H,1648532400,0,0,,
H,1648533000,0,0,,
H,1648533600,0,0,,
H,1648534200,0,0,,
H,1648534800,0,0,,
H,1648535400,0,0,,
H,1648536000,0,0,,
H,1648536600,0,0,,
H,1648537200,0,0,,
H,1648537800,0,0,,
H,1648538460,0,60,,
H,1648539060,0,0,,
H,1648539660,0,0,,
H,1648540260,0,0,,
H,1648540860,0,0,,
H,1648541460,0,0,,
H,1648542060,0,0,,
H,1648542660,0,0,,
H,1648543260,0,0,,
H,1648543860,0,0,,
H,1648544460,0,0,,
H,1648545060,0,0,,
H,1648545660,0,0,,
H,1648546260,0,0,,
H,1648547280,0,420,,
H,1648548060,0,180,,
H,1648548660,0,0,,
H,1648549260,0,0,,
H,1648549860,0,0,,
H,1648550520,0,60,,
H,1648551060,0,0,,
H,1648551720,0,60,,
H,1648552800,0,480,,
H,1648553400,0,0,,
H,1648554720,0,720,,
H,1648557480,0,2160,,
H,1648560480,0,2400,,
H,1648561080,0,0,,
H,1648561740,0,60,,
H,1648562340,0,0,,
H,1648562940,0,0,,
H,1648563540,0,0,,
H,1648564140,0,0,,
H,1648564740,0,0,,
H,1648565340,0,0,,
H,1648566420,0,480,,
H,1648568280,0,1260,,
H,1648569000,0,120,,
H,1648569840,0,240,,
H,1648571280,0,840,,
H,1648572360,0,480,,
H,1648573320,0,360,,
H,1648574160,0,240,,
H,1648574760,0,0,,
H,1648575360,0,0,,
H,1648575960,0,0,,
H,1648576860,0,300,,
H,1648578000,0,540,,
H,1648578600,0,0,,
H,1648579200,0,0,,
H,1648579980,0,180,,
H,1648580580,0,0,,
H,1648581180,0,0,,
H,1648581780,0,0,,
H,1648582380,0,0,,
H,1648583040,0,60,,
H,1648583640,0,0,,
H,1648584420,0,180,,
H,1648585020,0,0,,
H,1648585620,0,0,,
H,1648586280,0,60,,
H,1648586880,0,0,,
H,1648587660,0,180,,
H,1648588260,0,0,,
H,1648588860,0,0,,
H,1648589460,0,0,,
H,1648590060,0,0,,
H,1648590660,0,0,,
H,1648591260,0,0,,
H,1648591860,0,0,,
H,1648592460,0,0,,
H,1648593300,0,240,,
H,1648593900,0,0,,
H,1648594500,0,0,,
H,1648595280,0,180,,
H,1648595880,0,0,,
H,1648596480,0,0,,
H,1648597080,0,0,,
H,1648597680,0,0,,
H,1648598280,0,0,,
H,1648599000,0,120,,
H,1648599600,0,0,,
H,1648600260,0,60,,
H,1648600860,0,0,,
H,1648601520,0,60,,
H,1648602120,0,0,,
H,1648602720,0,0,,
H,1648603320,0,0,,
H,1648603920,0,0,,
H,1648604520,0,0,,
H,1648605120,0,0,,
H,1648605960,0,240,,
H,1648606560,0,0,,
H,1648607340,0,180,,
H,1648607940,0,0,,
H,1648608540,0,0,,
H,1648609140,0,0,,
H,1648609740,0,0,,
H,1648610340,0,0,,
H,1648610940,0,0,,
H,1648611540,0,0,,
H,1648612140,0,0,,
H,1648612740,0,0,,
H,1648613340,0,0,,
H,1648613940,0,0,,
H,1648614540,0,0,,
H,1648615140,0,0,,
H,1648615800,0,60,,
H,1648616400,0,0,,
H,1648617000,0,0,,
H,1648617600,0,0,,
H,1648618200,0,0,,
H,1648618800,0,0,,
H,1648619400,0,0,,
H,1648620120,0,120,,
H,1648620720,0,0,,
H,1648621320,0,0,,
H,1648621920,0,0,,
H,1648622520,0,0,,
H,1648623180,0,60,,
H,1648623780,0,0,,
H,1648624620,0,240,,
H,1648625580,0,360,,
H,1648626180,0,0,,
H,1648626960,0,180,,
H,1648627800,0,240,,
H,1648628400,0,0,,
H,1648629000,0,0,,
H,1648629600,0,0,,
H,1648630380,0,180,,
H,1648630980,0,0,,
H,1648631580,0,0,,
H,1648632180,0,0,,
H,1648632840,0,60,,
H,1648633440,0,0,,
H,1648634280,0,240,,
H,1648634940,0,60,,
H,1648635540,0,0,,
H,1648636260,0,120,,
H,1648636860,0,0,,
H,1648637460,0,0,,
H,1648638240,0,180,,
H,1648639080,0,240,,
H,1648640040,0,360,,
H,1648640640,0,0,,
H,1648641240,0,0,,
H,1648641960,0,120,,
H,1648642740,0,180,,
H,1648643760,0,420,,
H,1648644360,0,0,,
H,1648644960,0,0,,
H,1648646400,0,840,,
H,1648649700,0,2700,,
H,1648652820,0,2520,,
H,1648654200,0,780,,
H,1648654800,0,0,,
H,1648655400,0,0,,
H,1648657440,0,1440,,
H,1648658040,1,0,,
H,1648658640,1,0,,
H,1648659720,1,480,,
H,1648660560,1,240,,
H,1648661940,1,780,,
H,1648662540,1,0,,
H,1648663980,1,840,,
H,1648664580,1,0,,
H,1648665180,1,0,,
H,1648665780,1,0,,
H,1648666380,1,0,,
H,1648667160,1,180,,
H,1648671360,1,3600,,
H,1648671960,1,0,,
H,1648672860,1,300,,
H,1648673520,1,60,,
H,1648674120,0,0,,
H,1648674960,0,240,,
H,1648675560,0,0,,
H,1648676400,0,240,,
H,1648677000,0,0,,
H,1648677600,0,0,,
H,1648678380,0,180,,
H,1648678980,0,0,,
H,1648679580,0,0,,
H,1648680180,0,0,,
H,1648680780,0,0,,
H,1648681440,0,60,,
H,1648682040,0,0,,
H,1648682640,0,0,,
H,1648683240,0,0,,
H,1648683840,0,0,,
H,1648684440,0,0,,
H,1648685040,0,0,,
H,1648685640,0,0,,
H,1648686240,0,0,,
H,1648686840,0,0,,
H,1648687440,0,0,,
H,1648688040,0,0,,
H,1648688640,0,0,,
H,1648689240,0,0,,
H,1648689840,0,0,,
H,1648690440,0,0,,
H,1648691040,0,0,,
H,1648691640,0,0,,
H,1648692240,0,0,,
H,1648692840,0,0,,
H,1648693440,0,0,,
H,1648694040,0,0,,
H,1648694640,0,0,,
H,1648695300,0,60,,
H,1648695900,0,0,,
H,1648696500,0,0,,
H,1648697100,0,0,,
H,1648697700,0,0,,
H,1648698300,0,0,,
H,1648698900,0,0,,
H,1648699500,0,0,,
H,1648700100,0,0,,
H,1648700700,0,0,,
H,1648701300,0,0,,
H,1648701900,0,0,,
H,1648702500,0,0,,
H,1648703100,0,0,,
H,1648703700,0,0,,
H,1648704300,0,0,,
H,1648704900,0,0,,
H,1648705500,0,0,,
H,1648706100,0,0,,
H,1648706880,0,180,,
H,1648707480,0,0,,
H,1648708080,0,0,,
H,1648708680,0,0,,
H,1648709280,0,0,,
H,1648710180,0,300,,
H,1648710840,0,60,,
H,1648711440,0,0,,
H,1648712040,0,0,,
H,1648712820,0,180,,
H,1648713600,1,180,,
H,1648714440,0,240,,
H,1648715100,0,60,,
H,1648715700,0,0,,
H,1648716300,0,0,,
H,1648716900,0,0,,
H,1648717500,0,0,,
H,1648718100,0,0,,
H,1648718700,0,0,,
H,1648719300,0,0,,
H,1648719900,0,0,,
H,1648720500,0,0,,
H,1648721100,0,0,,
H,1648721700,0,0,,
H,1648722540,0,240,,
H,1648723140,0,0,,
H,1648723740,0,0,,
H,1648724340,0,0,,
H,1648725540,0,600,,
H,1648726560,0,420,,
H,1648727160,0,0,,
H,1648727760,0,0,,
H,1648728360,0,0,,
H,1648728960,0,0,,
H,1648729560,0,0,,
H,1648730220,0,60,,
H,1648731060,0,240,,
H,1648732020,0,360,,
H,1648732620,0,0,,
H,1648733460,0,240,,
H,1649149800,1,415740,,
H,1649150400,0,0,,
H,1649151000,0,0,,
H,1649151600,0,0,,
H,1649152200,0,0,,
H,1649152800,0,0,,
H,1649153400,0,0,,
H,1649154000,0,0,,
H,1649154600,0,0,,
H,1649155200,0,0,,
H,1649155800,0,0,,
H,1649156460,0,60,,
H,1649157300,0,240,,
H,1649157900,0,0,,
H,1649158500,0,0,,
H,1649159100,0,0,,
H,1649159700,0,0,,
H,1649160600,0,300,,
H,1649161200,0,0,,
H,1649161800,0,0,,
H,1649162580,0,180,,
H,1649163420,0,240,,
H,1649164020,0,0,,
H,1649164620,0,0,,
H,1649165220,0,0,,
H,1649165880,0,60,,
H,1649166480,0,0,,
H,1649167080,0,0,,
H,1649167680,0,0,,
H,1649168280,0,0,,
H,1649168880,0,0,,
H,1649169480,0,0,,
H,1649170080,0,0,,
H,1649170680,0,0,,
H,1649171280,0,0,,
H,1649171880,0,0,,
H,1649172480,0,0,,
H,1649173080,0,0,,
H,1649173680,0,0,,
H,1649174280,0,0,,
H,1649174880,0,0,,
H,1649175480,0,0,,
H,1649176080,0,0,,
H,1649176680,0,0,,
H,1649177280,0,0,,
H,1649177880,0,0,,
H,1649178480,0,0,,
H,1649179080,0,0,,
H,1649179680,0,0,,
H,1649180280,0,0,,
H,1649180880,0,0,,
H,1649181480,0,0,,
H,1649182080,0,0,,
H,1649182680,0,0,,
H,1649183280,0,0,,
H,1649183880,0,0,,
H,1649184480,0,0,,
H,1649185080,0,0,,
H,1649185680,0,0,,
H,1649186340,0,60,,
H,1649186940,0,0,,
H,1649187540,0,0,,
H,1649188140,0,0,,
H,1649188740,0,0,,
H,1649189340,0,0,,
H,1649189940,0,0,,
H,1649190540,0,0,,
H,1649191140,0,0,,
H,1649191740,0,0,,
H,1649192340,0,0,,
H,1649192940,0,0,,
H,1649193540,0,0,,
H,1649194140,0,0,,
H,1649194740,0,0,,
H,1649195340,0,0,,
H,1649195940,0,0,,
H,1649196540,0,0,,
H,1649197140,0,0,,
H,1649197740,0,0,,
H,1649198340,0,0,,
H,1649198940,0,0,,
H,1649199540,0,0,,
H,1649200140,0,0,,
H,1649200740,0,0,,
H,1649201340,0,0,,
H,1649201940,0,0,,
H,1649202540,0,0,,
H,1649203140,0,0,,
H,1649203740,0,0,,
H,1649204340,0,0,,
H,1649204940,0,0,,
H,1649205540,0,0,,
H,1649206140,0,0,,
H,1649206800,0,60,,
H,1649207400,0,0,,
H,1649208000,0,0,,
H,1649208600,0,0,,
H,1649209200,0,0,,
H,1649209800,0,0,,
H,1649210400,0,0,,
H,1649211000,0,0,,
H,1649211600,0,0,,
H,1649212200,0,0,,
H,1649212800,0,0,,
H,1649213400,0,0,,
H,1649214000,0,0,,
H,1649214600,0,0,,
H,1649215200,0,0,,
H,1649215800,0,0,,
H,1649216400,0,0,,
H,1649217000,0,0,,
H,1649217600,0,0,,
H,1649218200,0,0,,
H,1649218800,0,0,,
H,1649219400,0,0,,
H,1649220000,0,0,,
H,1649220600,0,0,,
H,1649221200,0,0,,
H,1649221800,0,0,,
H,1649222400,0,0,,
H,1649223000,0,0,,
H,1649223600,0,0,,
H,1649224200,0,0,,
H,1649224800,0,0,,
H,1649225400,0,0,,
H,1649226000,0,0,,
H,1649226600,0,0,,
H,1649227200,0,0,,
H,1649227800,0,0,,
H,1649228400,0,0,,
H,1649229000,0,0,,
H,1649229600,0,0,,
H,1649230200,0,0,,
H,1649230800,0,0,,
H,1649231400,0,0,,
H,1649232000,0,0,,
H,1649232660,0,60,,
H,1649233260,0,0,,
H,1649233860,0,0,,
H,1649234460,0,0,,
H,1649235060,0,0,,
H,1649235660,0,0,,
H,1649236260,0,0,,
H,1649236860,0,0,,
H,1649237460,0,0,,
H,1649238060,0,0,,
H,1649238660,0,0,,
H,1649239260,0,0,,
H,1649239860,0,0,,
H,1649240460,0,0,,
H,1649241060,0,0,,
H,1649241660,0,0,,
H,1649242260,0,0,,
H,1649242860,0,0,,
H,1649243460,0,0,,
H,1649244240,0,180,,
H,1649244840,0,0,,
H,1649245440,0,0,,
H,1649246040,0,0,,
H,1649246640,0,0,,
H,1649247240,0,0,,
H,1649247840,0,0,,
H,1649248440,0,0,,
H,1649249040,0,0,,
H,1649249640,0,0,,
H,1649250240,0,0,,
H,1649250840,0,0,,
H,1649251440,0,0,,
H,1649252100,0,60,,
H,1649252700,0,0,,
H,1649253300,0,0,,
H,1649253900,0,0,,
H,1649254500,0,0,,
H,1649255100,0,0,,
H,1649255700,0,0,,
H,1649256300,0,0,,
H,1649256900,0,0,,
H,1649257500,0,0,,
H,1649258100,0,0,,
H,1649258700,0,0,,
H,1649259300,0,0,,
H,1649259900,0,0,,
H,1649260500,0,0,,
H,1649261100,0,0,,
H,1649261700,0,0,,
H,1649262300,0,0,,
H,1649262900,0,0,,
H,1649263500,0,0,,
H,1649264100,0,0,,
H,1649264700,0,0,,
H,1649265300,0,0,,
H,1649265900,0,0,,
H,1649266500,0,0,,
H,1649267100,0,0,,
H,1649267700,0,0,,
H,1649268300,0,0,,
H,1649268900,0,0,,
H,1649269500,0,0,,
H,1649270100,0,0,,
H,1649270700,0,0,,
H,1649271360,0,60,,
H,1649271960,0,0,,
H,1649272560,0,0,,
H,1649273160,0,0,,
H,1649273760,0,0,,
H,1649274360,0,0,,
H,1649274960,0,0,,
H,1649275560,0,0,,
H,1649276160,0,0,,
H,1649276760,0,0,,
H,1649277360,0,0,,
H,1649278140,0,180,,
H,1649278740,0,0,,
H,1649279640,0,300,,
H,1649280240,0,0,,
H,1649280840,0,0,,
H,1649281440,0,0,,
H,1649282040,0,0,,
H,1649282640,0,0,,
H,1649283240,0,0,,
H,1649283840,0,0,,
H,1649284500,0,60,,
H,1649285100,0,0,,
H,1649285700,0,0,,
H,1649286300,0,0,,
H,1649286900,0,0,,
H,1649287500,0,0,,
H,1649288100,0,0,,
H,1649288700,0,0,,
H,1649289300,0,0,,
H,1649289900,0,0,,
H,1649290500,0,0,,
H,1649291160,0,60,,
H,1649291760,0,0,,
H,1649292360,0,0,,
H,1649292960,0,0,,
H,1649293560,0,0,,
H,1649294160,0,0,,
H,1649294760,0,0,,
H,1649295360,0,0,,
H,1649295960,0,0,,
H,1649296560,0,0,,
H,1649297160,0,0,,
H,1649297760,0,0,,
H,1649298360,0,0,,
H,1649298960,0,0,,
H,1649299620,0,60,,
H,1649300220,0,0,,
H,1649300820,0,0,,
H,1649301420,0,0,,
H,1649302020,0,0,,
H,1649302620,0,0,,
H,1649303220,0,0,,
H,1649303820,0,0,,
H,1649304420,0,0,,
H,1649305020,0,0,,
H,1649305620,0,0,,
H,1649306220,0,0,,
H,1649306820,0,0,,
H,1649307420,0,0,,
H,1649308020,0,0,,
H,1649308620,0,0,,
H,1649309220,0,0,,
H,1649309820,0,0,,
H,1649310420,0,0,,
H,1649311020,0,0,,
H,1649311620,0,0,,
H,1649312280,0,60,,
H,1649312880,0,0,,
H,1649313480,0,0,,
H,1649314080,0,0,,
H,1649314680,0,0,,
H,1649315280,0,0,,
H,1649315880,0,0,,
H,1649316480,0,0,,
H,1649317080,0,0,,
H,1649317680,0,0,,
H,1649318280,0,0,,
H,1649318880,0,0,,
H,1649319480,0,0,,
H,1649320080,0,0,,
H,1649320680,0,0,,
H,1649321280,0,0,,
H,1649321880,0,0,,
H,1649322480,0,0,,
H,1649323080,0,0,,
H,1649323680,0,0,,
H,1649324280,0,0,,
H,1649324880,0,0,,
H,1649325480,0,0,,
H,1649326080,0,0,,
H,1649326680,0,0,,
H,1649327520,0,240,,
H,1649328120,0,0,,
H,1649328720,0,0,,
H,1649329320,0,0,,
H,1649329920,0,0,,
H,1649330520,0,0,,
H,1649331120,0,0,,
H,1649331720,0,0,,
H,1649332320,0,0,,
H,1649332920,0,0,,
H,1649333520,0,0,,
H,1649334120,0,0,,
H,1649334720,0,0,,
H,1649335320,0,0,,
H,1649335920,0,0,,
H,1649336520,0,0,,
H,1649337120,0,0,,
H,1649337720,0,0,,
H,1649338320,0,0,,
H,1649338920,0,0,,
H,1649339520,0,0,,
H,1649340120,0,0,,
H,1649340780,0,60,,
H,1649341380,0,0,,
H,1649341980,0,0,,
H,1649342580,0,0,,
H,1649343180,0,0,,
H,1649343780,0,0,,
H,1649344380,0,0,,
H,1649345280,0,300,,
H,1649345880,0,0,,
H,1649346480,0,0,,
H,1649347320,0,240,,
H,1649347980,0,60,,
H,1649348580,0,0,,
H,1649349180,0,0,,
H,1649349780,0,0,,
H,1649350380,0,0,,
H,1649351040,0,60,,
H,1649351700,0,60,,
H,1649352300,0,0,,
H,1649353200,0,300,,
H,1649353800,0,0,,
H,1649354400,0,0,,
H,1649355060,0,60,,
H,1649355660,0,0,,
H,1649356260,0,0,,
H,1649356860,0,0,,
H,1649357460,0,0,,
H,1649358060,0,0,,
H,1649358660,0,0,,
H,1649359260,0,0,,
H,1649359860,0,0,,
H,1649360460,0,0,,
H,1649361060,0,0,,
H,1649361660,0,0,,
H,1649362260,0,0,,
H,1649362860,0,0,,
H,1649363460,0,0,,
H,1649364060,0,0,,
H,1649364660,0,0,,
H,1649365260,0,0,,
H,1649365860,0,0,,
H,1649366460,0,0,,
H,1649367060,0,0,,
H,1649367660,0,0,,
H,1649368320,0,60,,
H,1649368920,0,0,,
H,1649369520,0,0,,
H,1649370120,0,0,,
H,1649370720,0,0,,
H,1649371320,0,0,,
H,1649371920,0,0,,
H,1649372520,0,0,,
H,1649373120,0,0,,
H,1649373720,0,0,,
H,1649374320,0,0,,
H,1649374920,0,0,,
H,1649375520,0,0,,
H,1649376120,0,0,,
H,1649376720,0,0,,
H,1649377320,0,0,,
H,1649377920,0,0,,
H,1649378520,0,0,,
H,1649379120,0,0,,
H,1649379720,0,0,,
H,1649380320,0,0,,
H,1649380920,0,0,,
H,1649381520,0,0,,
H,1649382120,0,0,,
H,1649382720,0,0,,
H,1649383320,0,0,,
H,1649383920,0,0,,
H,1649384520,0,0,,
H,1649385180,0,60,,
H,1649385780,0,0,,
H,1649386380,0,0,,
H,1649386980,0,0,,
H,1649387580,0,0,,
H,1649388180,0,0,,
H,1649388780,0,0,,
H,1649389380,1,0,,
H,1649389980,1,0,,
H,1649390580,1,0,,
H,1649391180,1,0,,
H,1649391780,1,0,,
H,1649392380,1,0,,
H,1649392980,1,0,,
H,1649393580,1,0,,
H,1649394180,1,0,,
H,1649394780,1,0,,
H,1649395380,1,0,,
H,1649395980,1,0,,
H,1649396580,1,0,,
H,1649397180,1,0,,
H,1649397780,1,0,,
H,1649398380,1,0,,
H,1649398980,1,0,,
H,1649399580,1,0,,
H,1649400180,1,0,,
H,1649400780,1,0,,
H,1649401380,0,0,,
H,1649401980,0,0,,
H,1649402640,0,60,,
H,1649403240,0,0,,
H,1649403840,0,0,,
H,1649404440,0,0,,
H,1649405040,0,0,,
H,1649405640,0,0,,
H,1649406240,0,0,,
H,1649406840,0,0,,
H,1649407440,0,0,,
H,1649408040,0,0,,
H,1649408640,0,0,,
H,1649409240,0,0,,
H,1649409840,0,0,,
H,1649410620,0,180,,
H,1649411220,0,0,,
H,1649411820,0,0,,
H,1649412420,0,0,,
H,1649413020,0,0,,
H,1649413620,0,0,,
H,1649414220,0,0,,
H,1649414820,0,0,,
H,1649415420,0,0,,
H,1649416020,0,0,,
H,1649416620,0,0,,
H,1649417220,0,0,,
H,1649417820,0,0,,
H,1649418420,0,0,,
H,1649419020,0,0,,
H,1649419680,0,60,,
H,1649420280,0,0,,
H,1649420880,0,0,,
H,1649421480,0,0,,
H,1649422080,0,0,,
H,1649422680,0,0,,
H,1649423280,0,0,,
H,1649423880,0,0,,
H,1649424480,0,0,,
H,1649425080,0,0,,
H,1649425680,0,0,,
H,1649426280,0,0,,
H,1649426880,0,0,,
H,1649427720,0,240,,
H,1649428500,0,180,,
H,1649429100,0,0,,
H,1649429700,0,0,,
H,1649430300,0,0,,
H,1649430960,0,60,,
H,1649431560,0,0,,
H,1649432160,0,0,,
H,1649433000,0,240,,
H,1649433780,0,180,,
H,1649434380,0,0,,
H,1649435280,0,300,,
H,1649435880,0,0,,
H,1649436480,0,0,,
H,1649437080,0,0,,
H,1649437680,0,0,,
H,1649438520,0,240,,
H,1649439120,0,0,,
H,1649439780,0,60,,
H,1649440380,0,0,,
H,1649440980,0,0,,
H,1649441580,1,0,,
H,1649442180,1,0,,
H,1649442780,1,0,,
H,1649443380,1,0,,
H,1649443980,1,0,,
H,1649444580,1,0,,
H,1649445180,1,0,,
H,1649445780,1,0,,
H,1649446380,1,0,,
H,1649446980,1,0,,
H,1649447580,1,0,,
H,1649448180,1,0,,
H,1649448780,1,0,,
H,1649449380,1,0,,
H,1649449980,1,0,,
H,1649450580,1,0,,
H,1649451180,1,0,,
H,1649451780,1,0,,
H,1649452380,1,0,,
H,1649452980,1,0,,
H,1649453580,0,0,,
H,1649454180,0,0,,
H,1649454780,0,0,,
H,1649455380,0,0,,
H,1649455980,0,0,,
H,1649456580,0,0,,
H,1649457180,0,0,,
H,1649457840,0,60,,
H,1649458440,0,0,,
H,1649459040,0,0,,
H,1649459640,0,0,,
H,1649460240,0,0,,
H,1649460840,0,0,,
H,1649461440,0,0,,
H,1649462040,0,0,,
H,1649462640,0,0,,
H,1649463240,0,0,,
H,1649463840,0,0,,
H,1649464440,0,0,,
H,1649465040,0,0,,
H,1649465640,0,0,,
H,1649466240,0,0,,
H,1649466840,0,0,,
H,1649467440,0,0,,
H,1649468040,0,0,,
H,1649468640,0,0,,
H,1649469240,0,0,,
H,1649469840,0,0,,
H,1649470440,0,0,,
H,1649471040,0,0,,
H,1649471640,0,0,,
H,1649472240,0,0,,
H,1649472840,0,0,,
H,1649473440,0,0,,
H,1649474040,0,0,,
H,1649474640,0,0,,
H,1649475240,0,0,,
H,1649475840,0,0,,
H,1649476440,0,0,,
H,1649477040,0,0,,
H,1649477640,0,0,,
H,1649478240,0,0,,
H,1649478840,0,0,,
H,1649479500,0,60,,
H,1649480100,0,0,,
H,1649480700,0,0,,
H,1649481300,0,0,,
H,1649481900,0,0,,
H,1649482500,0,0,,
H,1649483100,0,0,,
H,1649483700,0,0,,
H,1649484300,0,0,,
H,1649484900,0,0,,
H,1649485500,0,0,,
H,1649486100,0,0,,
H,1649486700,0,0,,
H,1649487300,0,0,,
H,1649487900,0,0,,
H,1649488500,0,0,,
H,1649489100,0,0,,
H,1649489700,0,0,,
H,1649490300,0,0,,
H,1649490900,0,0,,
H,1649491500,0,0,,
H,1649492100,0,0,,
H,1649492700,0,0,,
H,1649493300,0,0,,
H,1649493900,0,0,,
H,1649494500,0,0,,
H,1649495100,0,0,,
H,1649495700,0,0,,
H,1649496300,0,0,,
H,1649496960,0,60,,
H,1649497560,0,0,,
H,1649498160,0,0,,
H,1649498760,0,0,,
H,1649499360,0,0,,
H,1649499960,0,0,,
H,1649500560,0,0,,
H,1649501160,0,0,,
H,1649501760,0,0,,
H,1649502360,0,0,,
H,1649502960,0,0,,
H,1649503560,0,0,,
H,1649504160,0,0,,
H,1649504760,0,0,,
H,1649505360,0,0,,
H,1649505960,0,0,,
H,1649506560,0,0,,
H,1649507160,0,0,,
H,1649507760,0,0,,
H,1649508420,0,60,,
H,1649509020,0,0,,
H,1649509620,0,0,,
H,1649510220,0,0,,
H,1649510820,0,0,,
H,1649511420,0,0,,
H,1649512080,0,60,,
H,1649512680,0,0,,
H,1649513280,0,0,,
H,1649513880,0,0,,
H,1649514480,0,0,,
H,1649515080,0,0,,
H,1649515680,0,0,,
H,1649516280,0,0,,
H,1649516880,0,0,,
H,1649517480,0,0,,
H,1649518080,0,0,,
H,1649518920,0,240,,
H,1649519520,0,0,,
H,1649520120,0,0,,
H,1649520720,0,0,,
H,1649521320,0,0,,
H,1649521920,0,0,,
H,1649522520,0,0,,
H,1649523120,0,0,,
H,1649523720,0,0,,
H,1649524320,0,0,,
H,1649524920,0,0,,
H,1649525520,0,0,,
H,1649526120,0,0,,
H,1649526720,0,0,,
H,1649527320,0,0,,
H,1649527980,0,60,,
H,1649528580,0,0,,
H,1649529180,0,0,,
H,1649529780,0,0,,
H,1649530380,0,0,,
H,1649530980,0,0,,
H,1649531580,0,0,,
H,1649532180,0,0,,
H,1649532780,0,0,,
H,1649533380,0,0,,
H,1649533980,0,0,,
H,1649534580,0,0,,
H,1649535180,0,0,,
H,1649535780,0,0,,
H,1649536380,0,0,,
H,1649536980,0,0,,
H,1649537580,0,0,,
H,1649538180,0,0,,
H,1649538780,0,0,,
H,1649539380,0,0,,
H,1649539980,0,0,,
H,1649540580,0,0,,
H,1649541180,0,0,,
H,1649541780,0,0,,
H,1649542380,0,0,,
H,1649542980,0,0,,
H,1649543640,0,60,,
H,1649544300,0,60,,
H,1649544900,0,0,,
H,1649545500,0,0,,
H,1649546100,0,0,,
H,1649546700,0,0,,
H,1649547300,0,0,,
H,1649547900,1,0,,
H,1649548500,1,0,,
H,1649549160,1,60,,
H,1649549760,1,0,,
H,1649550360,1,0,,
H,1649550960,1,0,,
H,1649551560,1,0,,
H,1649552160,1,0,,
H,1649552760,1,0,,
H,1649553360,1,0,,
H,1649553960,1,0,,
H,1649554560,1,0,,
H,1649555160,1,0,,
H,1649555760,1,0,,
H,1649556360,1,0,,
H,1649556960,1,0,,
H,1649557560,1,0,,
H,1649558160,1,0,,
H,1649558760,1,0,,
H,1649559360,1,0,,
H,1649559960,1,0,,
H,1649560560,1,0,,
H,1649561160,1,0,,
H,1649561760,1,0,,
H,1649562420,1,60,,
H,1649563020,1,0,,
H,1649563620,1,0,,
H,1649564220,1,0,,
H,1649564820,1,0,,
H,1649565420,1,0,,
H,1649566020,1,0,,
H,1649566620,1,0,,
H,1649567220,1,0,,
H,1649567820,1,0,,
H,1649568420,1,0,,
H,1649569020,1,0,,
H,1649569620,1,0,,
H,1649570220,1,0,,
H,1649570820,1,0,,
H,1649571420,1,0,,
H,1649572020,0,0,,
H,1649572620,0,0,,
H,1649573220,0,0,,
H,1649573820,0,0,,
H,1649574420,0,0,,
H,1649575020,0,0,,
H,1649575680,0,60,,
H,1649576280,0,0,,
H,1649576880,0,0,,
H,1649577480,0,0,,
H,1649578080,0,0,,
H,1649578680,0,0,,
H,1649579280,0,0,,
H,1649579880,0,0,,
H,1649580480,0,0,,
H,1649581080,0,0,,
H,1649581680,0,0,,
H,1649582280,0,0,,
H,1649582880,0,0,,
H,1649583480,0,0,,
H,1649584080,0,0,,
H,1649584680,0,0,,
H,1649585280,0,0,,
H,1649585880,0,0,,
H,1649586480,0,0,,
H,1649587080,0,0,,
H,1649587680,0,0,,
H,1649588280,0,0,,
H,1649588880,0,0,,
H,1649589480,0,0,,
H,1649590080,0,0,,
H,1649590740,0,60,,
H,1649591340,0,0,,
H,1649592000,0,60,,
H,1649592600,0,0,,
H,1649593200,0,0,,
H,1649593800,0,0,,
H,1649594400,0,0,,
H,1649595000,0,0,,
H,1649595600,0,0,,
H,1649596200,0,0,,
H,1649596800,0,0,,
H,1649597400,0,0,,
H,1649598180,0,180,,
H,1649598780,0,0,,
H,1649599380,0,0,,
H,1649599980,0,0,,
H,1649600580,0,0,,
H,1649601180,0,0,,
H,1649601780,0,0,,
H,1649602620,0,240,,
H,1649603220,0,0,,
H,1649603820,0,0,,
H,1649604840,0,420,,
H,1649605440,0,0,,
H,1649606040,0,0,,
H,1649606640,0,0,,
H,1649607420,0,180,,
H,1649608020,0,0,,
H,1649608620,0,0,,
H,1649609220,0,0,,
H,1649609820,0,0,,
H,1649610420,0,0,,
H,1649611020,0,0,,
H,1649611620,0,0,,
H,1649612220,0,0,,
H,1649612820,0,0,,
H,1649613420,0,0,,
H,1649614020,0,0,,
H,1649614620,0,0,,
H,1649615220,0,0,,
H,1649615820,0,0,,
H,1649616420,0,0,,
H,1649617020,0,0,,
H,1649617620,0,0,,
H,1649618220,0,0,,
H,1649618820,0,0,,
H,1649619480,0,60,,
H,1649620080,0,0,,
H,1649620680,0,0,,
H,1649621280,0,0,,
H,1649621880,0,0,,
H,1649622480,0,0,,
H,1649623080,0,0,,
H,1649623680,0,0,,
H,1649624280,0,0,,
H,1649624880,0,0,,
H,1649625480,0,0,,
H,1649626080,0,0,,
H,1649626680,0,0,,
H,1649627280,0,0,,
H,1649627880,0,0,,
H,1649628480,0,0,,
H,1649629080,0,0,,
H,1649629680,0,0,,
H,1649630280,0,0,,
H,1649630880,0,0,,
H,1649631480,0,0,,
H,1649632080,0,0,,
H,1649632680,0,0,,
H,1649633280,0,0,,
H,1649633880,0,0,,
H,1649634480,0,0,,
H,1649635080,0,0,,
H,1649635680,0,0,,
H,1649636280,0,0,,
H,1649636880,0,0,,
H,1649637480,0,0,,
H,1649638080,0,0,,
H,1649638680,0,0,,
H,1649639280,0,0,,
H,1649639880,0,0,,
H,1649640480,0,0,,
H,1649641080,0,0,,
H,1649641680,0,0,,
H,1649642280,0,0,,
H,1649642880,0,0,,
H,1649643480,0,0,,
H,1649644080,0,0,,
H,1649644680,0,0,,
H,1649645280,0,0,,
H,1649645940,0,60,,
H,1649646540,0,0,,
H,1649647140,0,0,,
H,1649647740,0,0,,
H,1649648340,0,0,,
H,1649648940,0,0,,
H,1649649540,0,0,,
H,1649650140,0,0,,
H,1649650740,0,0,,
H,1649651340,0,0,,
H,1649651940,0,0,,
H,1649652540,0,0,,
H,1649653140,0,0,,
H,1649653740,0,0,,
H,1649654340,0,0,,
H,1649654940,0,0,,
H,1649655540,0,0,,
H,1649656140,0,0,,
H,1649656740,0,0,,
H,1649657340,0,0,,
H,1649657940,0,0,,
H,1649658540,0,0,,
H,1649659140,0,0,,
H,1649659740,0,0,,
H,1649660340,0,0,,
H,1649660940,0,0,,
H,1649661540,0,0,,
H,1649662140,0,0,,
H,1649662740,0,0,,
H,1649663340,0,0,,
H,1649663940,0,0,,
H,1649664540,0,0,,
H,1649665140,0,0,,
H,1649665740,0,0,,
H,1649666340,0,0,,
H,1649667000,0,60,,
H,1649667600,0,0,,
H,1649668200,0,0,,
H,1649668800,0,0,,
H,1649669400,0,0,,
H,1649670000,0,0,,
H,1649670600,0,0,,
H,1649671200,0,0,,
H,1649671800,0,0,,
H,1649672400,0,0,,
H,1649673000,0,0,,
H,1649673600,0,0,,
H,1649674200,0,0,,
H,1649674800,0,0,,
H,1649675580,0,180,,
H,1649676180,0,0,,
H,1649676780,0,0,,
H,1649677380,0,0,,
H,1649677980,0,0,,
H,1649678580,0,0,,
H,1649679180,0,0,,
H,1649679780,0,0,,
H,1649680380,0,0,,
H,1649680980,0,0,,
H,1649681640,0,60,,
H,1649682240,0,0,,
H,1649682840,0,0,,
H,1649683440,0,0,,
H,1649684040,0,0,,
H,1649684640,0,0,,
H,1649685240,0,0,,
H,1649685840,0,0,,
H,1649686440,0,0,,
H,1649687040,0,0,,
H,1649687640,0,0,,
H,1649688240,0,0,,
H,1649688840,0,0,,
H,1649689440,0,0,,
H,1649690340,0,300,,
H,1649690940,0,0,,
H,1649691540,0,0,,
H,1649692140,0,0,,
H,1649692740,0,0,,
H,1649693400,0,60,,
H,1649694000,0,0,,
H,1649694600,0,0,,
H,1649695200,0,0,,
H,1649695800,0,0,,
H,1649696400,0,0,,
H,1649697000,0,0,,
H,1649697600,0,0,,
H,1649698200,0,0,,
H,1649698800,0,0,,
H,1649699400,0,0,,
H,1649700000,0,0,,
H,1649700600,0,0,,
H,1649701260,0,60,,
H,1649701860,0,0,,
H,1649702460,0,0,,
H,1649703060,0,0,,
H,1649703660,0,0,,
H,1649704260,1,0,,
H,1649704860,1,0,,
H,1649705460,0,0,,
H,1649706060,0,0,,
H,1649706660,0,0,,
H,1649707260,0,0,,
H,1649707860,1,0,,
H,1649708460,1,0,,
H,1649709060,1,0,,
H,1649709660,1,0,,
H,1649710260,1,0,,
H,1649710860,1,0,,
H,1649711460,1,0,,
H,1649712060,1,0,,
H,1649712660,1,0,,
H,1649713260,1,0,,
H,1649713860,1,0,,
H,1649714460,1,0,,
H,1649715060,1,0,,
H,1649715660,1,0,,
H,1649716260,1,0,,
H,1649716860,1,0,,
H,1649717460,1,0,,
H,1649718060,1,0,,
H,1649718660,1,0,,
H,1649719260,1,0,,
H,1649719860,1,0,,
H,1649720460,1,0,,
H,1649721060,1,0,,
H,1649721660,1,0,,
H,1649722320,1,60,,
H,1649722920,1,0,,
H,1649723520,1,0,,
H,1649724120,1,0,,
H,1649724720,1,0,,
H,1649725320,1,0,,
H,1649725920,1,0,,
H,1649726520,1,0,,
H,1649727120,1,0,,
H,1649727720,1,0,,
H,1649728320,1,0,,
H,1649728920,1,0,,
H,1649729520,1,0,,
H,1649730120,1,0,,
H,1649730720,1,0,,
H,1649731320,1,0,,
H,1649731920,1,0,,
H,1649732520,0,0,,
H,1649733120,0,0,,
H,1649733720,0,0,,
H,1649734320,0,0,,
H,1649734920,0,0,,
H,1649735520,0,0,,
H,1649736120,0,0,,
H,1649736720,0,0,,
H,1649737320,0,0,,
H,1649737920,0,0,,
H,1649738520,0,0,,
H,1649739120,0,0,,
H,1649739720,0,0,,
H,1649740320,0,0,,
H,1649740920,1,0,,
H,1649741520,1,0,,
H,1649742120,1,0,,
H,1649742720,1,0,,
H,1649743320,1,0,,
H,1649743920,1,0,,
H,1649744520,1,0,,
H,1649745120,1,0,,
H,1649745720,1,0,,
H,1649746320,1,0,,
H,1649746920,1,0,,
H,1649747580,1,60,,
H,1649748180,1,0,,
H,1649748780,1,0,,
H,1649749380,1,0,,
H,1649749980,1,0,,
H,1649750580,1,0,,
H,1649751180,1,0,,
H,1649751780,1,0,,
H,1649752380,1,0,,
H,1649752980,1,0,,
H,1649753580,1,0,,
H,1649754180,1,0,,
H,1649755080,1,300,,
H,1649755620,1,0,,
H,1649756220,1,0,,
H,1649756940,1,120,,
H,1649758260,1,720,,
H,1649760000,0,1140,,
H,1649760900,0,300,,
H,1649761500,0,0,,
H,1649762400,0,300,,
H,1649763420,0,420,,
H,1649764140,0,120,,
H,1649764980,0,240,,
H,1649765760,0,180,,
H,1649766660,0,300,,
H,1649767260,0,0,,
H,1649767860,0,0,,
H,1649768880,0,420,,
H,1649769480,0,0,,
H,1649770140,0,60,,
H,1649770740,0,0,,
H,1649771340,0,0,,
H,1649772480,0,540,,
H,1649773440,0,360,,
H,1649774400,0,360,,
H,1649775000,0,0,,
H,1649775600,0,0,,
H,1649776560,0,360,,
H,1649777760,0,600,,
H,1649778600,0,240,,
H,1649779980,0,780,,
H,1649780640,0,60,,
H,1649781240,0,0,,
H,1649781840,0,0,,
H,1649782440,0,0,,
H,1649783040,0,0,,
H,1649783640,0,0,,
H,1649784240,0,0,,
H,1649784840,0,0,,
H,1649785440,0,0,,
H,1649786040,0,0,,
H,1649786640,0,0,,
H,1649787240,0,0,,
H,1649787840,0,0,,
H,1649788440,0,0,,
H,1649789040,0,0,,
H,1649789640,0,0,,
H,1649790240,0,0,,
H,1649790840,0,0,,
H,1649791440,0,0,,
H,1649792040,0,0,,
H,1649792640,0,0,,
H,1649793240,0,0,,
H,1649793840,0,0,,
H,1649794440,0,0,,
H,1649795040,0,0,,
H,1649795640,0,0,,
H,1649796240,0,0,,
H,1649796840,0,0,,
H,1649797500,0,60,,
H,1649798100,0,0,,
H,1649798700,0,0,,
H,1649799300,0,0,,
H,1649799900,0,0,,
H,1649800500,0,0,,
H,1649801100,0,0,,
H,1649801700,0,0,,
H,1649802300,0,0,,
H,1649802900,0,0,,
H,1649803500,0,0,,
H,1649804100,0,0,,
H,1649804700,0,0,,
H,1649805300,0,0,,
H,1649805900,0,0,,
H,1649806500,0,0,,
H,1649807100,0,0,,
H,1649807700,0,0,,
H,1649808300,0,0,,
H,1649808900,0,0,,
H,1649809500,0,0,,
H,1649810100,0,0,,
H,1649810700,0,0,,
H,1649811300,0,0,,
H,1649811900,0,0,,
H,1649812500,0,0,,
H,1649813100,0,0,,
H,1649813700,0,0,,
H,1649814300,0,0,,
H,1649814900,0,0,,
H,1649815500,0,0,,
H,1649816100,0,0,,
H,1649816700,0,0,,
H,1649817300,0,0,,
H,1649817900,0,0,,
H,1649818500,0,0,,
H,1649819100,0,0,,
H,1649819700,0,0,,
H,1649820300,0,0,,
H,1649820900,0,0,,
H,1649821500,0,0,,
H,1649822160,0,60,,
H,1649822760,0,0,,
H,1649823360,0,0,,
H,1649823960,0,0,,
H,1649824560,0,0,,
H,1649825160,0,0,,
H,1649825760,0,0,,
H,1649826360,0,0,,
H,1649826960,0,0,,
H,1649827560,0,0,,
H,1649828160,0,0,,
H,1649828760,0,0,,
H,1649829360,0,0,,
H,1649829960,0,0,,
H,1649830560,0,0,,
H,1649831160,0,0,,
H,1649831760,0,0,,
H,1649832360,0,0,,
H,1649832960,0,0,,
H,1649833560,0,0,,
H,1649834160,0,0,,
H,1649834760,0,0,,
H,1649835360,0,0,,
H,1649835960,0,0,,
H,1649836560,0,0,,
H,1649837160,0,0,,
H,1649837760,0,0,,
H,1649838360,0,0,,
H,1649838960,0,0,,
H,1649839560,0,0,,
H,1649840220,0,60,,
H,1649841000,0,180,,
H,1649841600,0,0,,
H,1649842200,0,0,,
H,1649842800,0,0,,
H,1649843400,0,0,,
H,1649844060,0,60,,
H,1649844660,0,0,,
H,1649845500,0,240,,
H,1649846100,0,0,,
H,1649846700,0,0,,
H,1649847540,0,240,,
H,1649848140,0,0,,
H,1649848740,0,0,,
H,1649849340,0,0,,
H,1649849940,0,0,,
H,1649850540,0,0,,
H,1649851140,0,0,,
H,1649851980,0,240,,
H,1649852580,0,0,,
H,1649853360,0,180,,
H,1649854320,0,360,,
H,1649854920,0,0,,
H,1649855520,0,0,,
H,1649856120,0,0,,
H,1649856720,0,0,,
H,1649857500,0,180,,
H,1649858940,0,840,,
H,1649859780,0,240,,
H,1649860860,0,480,,
H,1649861640,0,180,,
H,1649862480,0,240,,
H,1649863140,0,60,,
H,1649863740,0,0,,
H,1649864340,0,0,,
H,1649864940,0,0,,
H,1649865660,0,120,,
H,1649866260,0,0,,
H,1649866860,0,0,,
H,1649867520,0,60,,
H,1649868120,0,0,,
H,1649868720,0,0,,
H,1649869500,0,180,,
H,1649870160,0,60,,
H,1649870760,0,0,,
H,1649871600,0,240,,
H,1649872200,0,0,,
H,1649873280,0,480,,
H,1649873880,0,0,,
H,1649874480,0,0,,
H,1649875080,0,0,,
H,1649875740,0,60,,
H,1649876340,0,0,,
H,1649876940,0,0,,
H,1649877540,0,0,,
H,1649878140,0,0,,
H,1649878740,0,0,,
H,1649879340,0,0,,
H,1649879940,0,0,,
H,1649880540,0,0,,
H,1649881140,0,0,,
H,1649881740,0,0,,
H,1649882340,0,0,,
H,1649882940,0,0,,
H,1649883540,0,0,,
H,1649884140,0,0,,
H,1649884740,0,0,,
H,1649885340,0,0,,
H,1649885940,0,0,,
H,1649886540,0,0,,
H,1649887140,0,0,,
H,1649887740,0,0,,
H,1649888340,0,0,,
H,1649888940,0,0,,
H,1649889540,0,0,,
H,1649890140,0,0,,
H,1649890740,0,0,,
H,1649891340,0,0,,
H,1649891940,0,0,,
H,1649892540,0,0,,
H,1649893140,0,0,,
H,1649893800,0,60,,
H,1649894400,0,0,,
H,1649895000,0,0,,
H,1649895600,0,0,,
H,1649896200,0,0,,
H,1649896800,0,0,,
H,1649897400,0,0,,
H,1649898000,0,0,,
H,1649898600,0,0,,
H,1649899200,0,0,,
H,1649899800,0,0,,
H,1649900400,0,0,,
H,1649901000,0,0,,
H,1649901600,0,0,,
H,1649902260,0,60,,
H,1649902860,0,0,,
H,1649903460,0,0,,
H,1649904060,0,0,,
H,1649904660,0,0,,
H,1649905260,0,0,,
H,1649905860,0,0,,
H,1649906460,0,0,,
H,1649907060,0,0,,
H,1649907660,0,0,,
H,1649908260,0,0,,
H,1649908860,0,0,,
H,1649909460,0,0,,
H,1649910060,0,0,,
H,1649910660,0,0,,
H,1649911260,0,0,,
H,1649911860,0,0,,
H,1649912460,0,0,,
H,1649913060,0,0,,
H,1649913660,0,0,,
H,1649914260,0,0,,
H,1649914860,0,0,,
H,1649915460,0,0,,
H,1649916060,0,0,,
H,1649916660,0,0,,
H,1649917260,0,0,,
H,1649917860,0,0,,
H,1649918460,0,0,,
H,1649919060,0,0,,
H,1649919720,0,60,,
H,1649920320,0,0,,
H,1649920920,0,0,,
H,1649921520,0,0,,
H,1649922120,0,0,,
H,1649922720,0,0,,
H,1649923320,0,0,,
H,1649923920,0,0,,
H,1649924520,0,0,,
H,1649925120,0,0,,
H,1649925720,0,0,,
H,1649926320,0,0,,
H,1649926920,0,0,,
H,1649927520,0,0,,
H,1649928120,0,0,,
H,1649928720,0,0,,
H,1649929320,0,0,,
H,1649929920,0,0,,
H,1649930520,0,0,,
H,1649931120,0,0,,
H,1649931720,0,0,,
H,1649932320,0,0,,
H,1649933040,0,120,,
H,1649933640,0,0,,
H,1649934240,0,0,,
H,1649934840,0,0,,
H,1649935440,0,0,,
H,1649936040,0,0,,
H,1649936640,0,0,,
H,1649937240,0,0,,
H,1649937840,0,0,,
H,1649938440,0,0,,
H,1649939100,0,60,,
H,1649939700,0,0,,
H,1649940420,0,120,,
H,1649941020,0,0,,
H,1649941620,0,0,,
H,1649942220,0,0,,
H,1649942880,0,60,,
H,1649943480,0,0,,
H,1649944080,0,0,,
H,1649944680,0,0,,
H,1649945280,0,0,,
H,1649946120,0,240,,
H,1649947020,0,300,,
H,1649948100,0,480,,
H,1649948700,0,0,,
H,1649949660,0,360,,
H,1649951220,0,960,,
H,1649951820,0,0,,
H,1649952420,0,0,,
H,1649953020,0,0,,
H,1649953620,0,0,,
H,1649954520,0,300,,
H,1649955120,0,0,,
H,1649955720,0,0,,
H,1649956320,0,0,,
H,1649956920,0,0,,
H,1649957520,0,0,,
H,1649958120,0,0,,
H,1649958720,0,0,,
H,1649959320,0,0,,
H,1649959920,0,0,,
H,1649960520,0,0,,
H,1649961120,0,0,,
H,1649961720,0,0,,
H,1649962320,0,0,,
H,1649962920,0,0,,
H,1649963520,0,0,,
H,1649964120,0,0,,
H,1649964960,0,240,,
H,1649965560,0,0,,
H,1649966160,0,0,,
H,1649966760,0,0,,
H,1649967360,0,0,,
H,1649967960,0,0,,
H,1649968560,0,0,,
H,1649969400,0,240,,
H,1649970000,0,0,,
H,1649970600,0,0,,
H,1649971200,0,0,,
H,1649971800,0,0,,
H,1649972400,0,0,,
H,1649973000,0,0,,
H,1649973600,0,0,,
H,1649974200,0,0,,
H,1649974800,0,0,,
H,1649975460,0,60,,
H,1649976060,0,0,,
H,1649976660,0,0,,
H,1649977260,0,0,,
H,1649977860,0,0,,
H,1649978460,0,0,,
H,1649979060,0,0,,
H,1649979660,0,0,,
H,1649980260,0,0,,
H,1649980860,0,0,,
H,1649981460,0,0,,
H,1649982060,0,0,,
H,1649982660,0,0,,
H,1649983260,0,0,,
H,1649983860,0,0,,
H,1649984460,0,0,,
H,1649985120,0,60,,
H,1649985720,0,0,,
H,1649986320,0,0,,
H,1649986920,0,0,,
H,1649987520,0,0,,
H,1649988120,0,0,,
H,1649988720,0,0,,
H,1649989320,0,0,,
H,1649989920,0,0,,
H,1649990520,0,0,,
H,1649991120,0,0,,
H,1649991720,0,0,,
H,1649992560,0,240,,
H,1649993160,0,0,,
H,1649993760,0,0,,
H,1649994360,0,0,,
H,1649994960,0,0,,
H,1649995560,0,0,,
H,1649996160,0,0,,
H,1649996760,0,0,,
H,1649997360,0,0,,
H,1649998260,0,300,,
H,1649998860,0,0,,
H,1649999700,0,240,,
H,1650000420,0,120,,
H,1650001020,0,0,,
H,1650001680,0,60,,
H,1650002280,0,0,,
H,1650002880,0,0,,
H,1650003480,0,0,,
H,1650004080,0,0,,
H,1650004680,0,0,,
H,1650005280,0,0,,
H,1650005880,0,0,,
H,1650006480,0,0,,
H,1650007080,0,0,,
H,1650007680,0,0,,
H,1650008280,0,0,,
H,1650008880,0,0,,
H,1650009480,0,0,,
H,1650010080,0,0,,
H,1650010680,0,0,,
H,1650011280,0,0,,
H,1650011880,0,0,,
H,1650012480,0,0,,
H,1650013080,0,0,,
H,1650013680,0,0,,
H,1650014280,0,0,,
H,1650014880,0,0,,
H,1650015480,0,0,,
H,1650016080,0,0,,
H,1650016680,0,0,,
H,1650017280,0,0,,
H,1650017880,0,0,,
H,1650018600,0,120,,
H,1650019200,0,0,,
H,1650019800,0,0,,
H,1650020460,0,60,,
H,1650021060,0,0,,
H,1650021660,0,0,,
H,1650022260,0,0,,
H,1650022860,0,0,,
H,1650023460,0,0,,
H,1650024060,0,0,,
H,1650024660,0,0,,
H,1650025260,0,0,,
H,1650025860,0,0,,
H,1650026640,0,180,,
H,1650027240,0,0,,
H,1650027840,0,0,,
H,1650028680,0,240,,
H,1650029280,0,0,,
H,1650029880,0,0,,
H,1650030480,0,0,,
H,1650031080,0,0,,
H,1650031680,0,0,,
H,1650032280,0,0,,
H,1650032880,0,0,,
H,1650033480,0,0,,
H,1650034080,0,0,,
H,1650034680,0,0,,
H,1650035280,0,0,,
H,1650035880,0,0,,
H,1650036840,0,360,,
H,1650037440,0,0,,
H,1650038040,0,0,,
H,1650038640,0,0,,
H,1650039240,0,0,,
H,1650039840,0,0,,
H,1650040440,0,0,,
H,1650041040,0,0,,
H,1650041640,0,0,,
H,1650042240,0,0,,
H,1650043080,0,240,,
H,1650043680,0,0,,
H,1650044280,0,0,,
H,1650044880,0,0,,
H,1650045480,0,0,,
H,1650046080,0,0,,
H,1650046680,0,0,,
H,1650047280,0,0,,
H,1650047880,0,0,,
H,1650048480,0,0,,
H,1650049080,0,0,,
H,1650049740,0,60,,
H,1650050340,0,0,,
H,1650050940,0,0,,
H,1650051540,0,0,,
H,1650052140,0,0,,
H,1650052920,0,180,,
H,1650053520,0,0,,
H,1650054120,0,0,,
H,1650054720,0,0,,
H,1650055320,0,0,,
H,1650055920,0,0,,
H,1650056520,0,0,,
H,1650057120,0,0,,
H,1650057720,1,0,,
H,1650058320,1,0,,
H,1650058920,1,0,,
H,1650059520,1,0,,
H,1650060120,1,0,,
H,1650060720,1,0,,
H,1650061320,1,0,,
H,1650061920,1,0,,
H,1650062520,0,0,,
H,1650063360,0,240,,
H,1650063960,0,0,,
H,1650064620,0,60,,
H,1650065220,0,0,,
H,1650065820,0,0,,
H,1650066420,0,0,,
H,1650067020,0,0,,
H,1650067620,0,0,,
H,1650068220,0,0,,
H,1650068820,0,0,,
H,1650069420,0,0,,
H,1650070020,0,0,,
H,1650070620,0,0,,
H,1650071220,0,0,,
H,1650071820,0,0,,
H,1650072420,0,0,,
H,1650073020,0,0,,
H,1650073620,0,0,,
H,1650074220,0,0,,
H,1650074820,0,0,,
H,1650075420,0,0,,
H,1650076020,0,0,,
H,1650076620,0,0,,
H,1650077220,0,0,,
H,1650077820,0,0,,
H,1650078420,1,0,,
H,1650079020,1,0,,
H,1650079620,1,0,,
H,1650080220,1,0,,
H,1650080820,1,0,,
H,1650081420,1,0,,
H,1650082020,1,0,,
H,1650082620,1,0,,
H,1650083220,1,0,,
H,1650083820,1,0,,
H,1650084480,1,60,,
H,1650085080,1,0,,
H,1650085680,1,0,,
H,1650086280,0,0,,
H,1650086880,0,0,,
H,1650087480,0,0,,
H,1650088080,0,0,,
H,1650088680,0,0,,
H,1650089280,1,0,,
H,1650089880,0,0,,
H,1650090480,0,0,,
H,1650091080,0,0,,
H,1650091680,0,0,,
H,1650092280,0,0,,
H,1650092880,0,0,,
H,1650093480,0,0,,
H,1650094080,0,0,,
H,1650094680,0,0,,
H,1650095280,0,0,,
H,1650095880,0,0,,
H,1650096480,0,0,,
H,1650097080,0,0,,
H,1650097680,0,0,,
H,1650098280,0,0,,
H,1650098880,0,0,,
H,1650099480,0,0,,
H,1650100080,0,0,,
H,1650100680,0,0,,
H,1650101280,0,0,,
H,1650101940,0,60,,
H,1650102540,0,0,,
H,1650103140,0,0,,
H,1650103740,0,0,,
H,1650104340,0,0,,
H,1650104940,0,0,,
H,1650105540,0,0,,
H,1650106140,0,0,,
H,1650106740,0,0,,
H,1650107340,0,0,,
H,1650107940,0,0,,
H,1650108540,0,0,,
H,1650109140,0,0,,
H,1650109740,0,0,,
H,1650110340,0,0,,
H,1650110940,0,0,,
H,1650111540,0,0,,
H,1650112140,0,0,,
H,1650112740,0,0,,
H,1650113340,0,0,,
H,1650113940,0,0,,
H,1650114540,0,0,,
H,1650115200,0,60,,
H,1650115800,0,0,,
H,1650116400,0,0,,
H,1650117000,0,0,,
H,1650117600,0,0,,
H,1650118200,0,0,,
H,1650118800,0,0,,
H,1650119400,0,0,,
H,1650120000,0,0,,
H,1650120900,0,300,,
H,1650121500,0,0,,
H,1650122100,0,0,,
H,1650123000,0,300,,
H,1650123600,0,0,,
H,1650124200,0,0,,
H,1650124800,0,0,,
H,1650125400,0,0,,
H,1650126000,0,0,,
H,1650126840,0,240,,
H,1650127440,0,0,,
H,1650128040,0,0,,
H,1650128640,0,0,,
H,1650129240,0,0,,
H,1650130080,0,240,,
H,1650130680,0,0,,
H,1650131280,0,0,,
H,1650131880,0,0,,
H,1650132480,0,0,,
H,1650133080,0,0,,
H,1650133980,0,300,,
H,1650134760,0,180,,
H,1650135360,0,0,,
H,1650135960,0,0,,
H,1650136620,0,60,,
H,1650137160,0,0,,
H,1650138180,0,420,,
H,1650138780,0,0,,
H,1650139380,0,0,,
H,1650139980,0,0,,
H,1650140640,0,60,,
H,1650141240,0,0,,
H,1650141840,0,0,,
H,1650142440,0,0,,
H,1650143040,0,0,,
H,1650143640,0,0,,
H,1650144240,0,0,,
H,1650144840,0,0,,
H,1650145440,0,0,,
H,1650146040,0,0,,
H,1650146640,0,0,,
H,1650147240,0,0,,
H,1650147840,0,0,,
H,1650148440,0,0,,
H,1650149040,0,0,,
H,1650149640,0,0,,
H,1650150240,0,0,,
H,1650150840,0,0,,
H,1650151500,0,60,,
H,1650152100,0,0,,
H,1650152700,0,0,,
H,1650153300,0,0,,
H,1650153900,0,0,,
H,1650154500,0,0,,
H,1650155100,0,0,,
H,1650155700,0,0,,
H,1650156300,0,0,,
H,1650156900,0,0,,
H,1650157500,0,0,,
H,1650158100,0,0,,
H,1650158700,0,0,,
H,1650159300,0,0,,
H,1650159900,0,0,,
H,1650160500,0,0,,
H,1650161100,0,0,,
H,1650161700,0,0,,
H,1650162300,0,0,,
H,1650162900,0,0,,
H,1650163500,0,0,,
H,1650164160,0,60,,
H,1650164760,0,0,,
H,1650165360,0,0,,
H,1650165960,0,0,,
H,1650166560,0,0,,
H,1650167160,0,0,,
H,1650167760,0,0,,
H,1650168360,0,0,,
H,1650168960,0,0,,
H,1650169560,0,0,,
H,1650170160,0,0,,
H,1650170760,0,0,,
H,1650171360,0,0,,
H,1650171960,0,0,,
H,1650172560,0,0,,
H,1650173160,0,0,,
H,1650173760,0,0,,
H,1650174360,0,0,,
H,1650174960,0,0,,
H,1650175560,0,0,,
H,1650176220,0,60,,
H,1650176820,0,0,,
H,1650177420,0,0,,
H,1650178020,0,0,,
H,1650178620,0,0,,
H,1650179220,0,0,,
H,1650179820,0,0,,
H,1650180420,0,0,,
H,1650181020,0,0,,
H,1650181680,0,60,,
H,1650182280,0,0,,
H,1650182880,0,0,,
H,1650183480,0,0,,
H,1650184080,0,0,,
H,1650184680,0,0,,
H,1650185340,0,60,,
H,1650185940,0,0,,
H,1650186540,0,0,,
H,1650187140,0,0,,
H,1650187740,0,0,,
H,1650188340,0,0,,
H,1650189000,0,60,,
H,1650189600,0,0,,
H,1650190200,0,0,,
H,1650190800,0,0,,
H,1650191400,0,0,,
H,1650192000,0,0,,
H,1650192600,0,0,,
H,1650193200,0,0,,
H,1650193800,0,0,,
H,1650194400,0,0,,
H,1650195000,0,0,,
H,1650195600,0,0,,
H,1650196200,0,0,,
H,1650196800,0,0,,
H,1650197400,0,0,,
H,1650198000,0,0,,
H,1650198600,0,0,,
H,1650199260,0,60,,
H,1650199860,0,0,,
H,1650200460,0,0,,
H,1650201060,0,0,,
H,1650201660,0,0,,
H,1650202260,0,0,,
H,1650202860,0,0,,
H,1650203460,0,0,,
H,1650204060,0,0,,
H,1650204660,0,0,,
H,1650205260,0,0,,
H,1650205860,0,0,,
H,1650206640,0,180,,
H,1650207240,0,0,,
H,1650207840,0,0,,
H,1650208440,0,0,,
H,1650209040,0,0,,
H,1650209640,0,0,,
H,1650210240,0,0,,
H,1650210840,0,0,,
H,1650211440,0,0,,
H,1650212040,0,0,,
H,1650212640,0,0,,
H,1650213240,0,0,,
H,1650213840,0,0,,
H,1650214440,0,0,,
H,1650215040,0,0,,
H,1650215640,0,0,,
H,1650216240,0,0,,
H,1650216840,0,0,,
H,1650217500,0,60,,
H,1650218280,0,180,,
H,1650218880,0,0,,
H,1650219660,0,180,,
H,1650220260,0,0,,
H,1650220860,0,0,,
H,1650221460,0,0,,
H,1650222060,0,0,,
H,1650222660,0,0,,
H,1650223260,0,0,,
H,1650223860,0,0,,
H,1650224460,0,0,,
H,1650225060,0,0,,
H,1650225900,0,240,,
H,1650226500,0,0,,
H,1650227100,0,0,,
H,1650227700,0,0,,
H,1650228300,0,0,,
H,1650228900,0,0,,
H,1650229500,0,0,,
H,1650230100,0,0,,
H,1650230700,1,0,,
H,1650231300,1,0,,
H,1650231900,1,0,,
H,1650232500,1,0,,
H,1650233100,1,0,,
H,1650233700,1,0,,
H,1650234300,1,0,,
H,1650234900,1,0,,
H,1650235500,1,0,,
H,1650236100,1,0,,
H,1650236700,1,0,,
H,1650237300,1,0,,
H,1650237900,1,0,,
H,1650238500,1,0,,
H,1650239100,1,0,,
H,1650239700,1,0,,
H,1650240300,1,0,,
H,1650240900,1,0,,
H,1650241500,1,0,,
H,1650242100,1,0,,
H,1650242700,0,0,,
H,1650243360,0,60,,
H,1650243960,0,0,,
H,1650244560,0,0,,
H,1650245160,0,0,,
H,1650245760,0,0,,
H,1650246360,0,0,,
H,1650246960,0,0,,
H,1650247560,0,0,,
H,1650248160,0,0,,
H,1650248760,0,0,,
H,1650249360,0,0,,
H,1650249960,0,0,,
H,1650250560,0,0,,
H,1650251160,0,0,,
H,1650251760,0,0,,
H,1650252360,0,0,,
H,1650252960,0,0,,
H,1650253560,0,0,,
H,1650254160,0,0,,
H,1650254760,0,0,,
H,1650255360,0,0,,
H,1650255960,0,0,,
H,1650256560,0,0,,
H,1650257160,0,0,,
H,1650257760,0,0,,
H,1650258360,0,0,,
H,1650258960,0,0,,
H,1650259560,0,0,,
H,1650260160,0,0,,
H,1650260760,0,0,,
H,1650261360,0,0,,
H,1650261960,0,0,,
H,1650262560,0,0,,
H,1650263160,0,0,,
H,1650263760,0,0,,
H,1650264360,0,0,,
H,1650265020,0,60,,
H,1650265620,0,0,,
H,1650266220,0,0,,
H,1650266820,0,0,,
H,1650267420,0,0,,
H,1650268020,0,0,,
H,1650268620,0,0,,
H,1650269220,0,0,,
H,1650269820,0,0,,
H,1650270420,0,0,,
H,1650271020,0,0,,
H,1650271620,0,0,,
H,1650272220,0,0,,
H,1650272880,0,60,,
H,1650273480,0,0,,
H,1650274080,0,0,,
H,1650274680,0,0,,
H,1650275280,0,0,,
H,1650275880,0,0,,
H,1650276480,0,0,,
H,1650277080,0,0,,
H,1650277680,0,0,,
H,1650278280,0,0,,
H,1650278880,0,0,,
H,1650279480,0,0,,
H,1650280080,0,0,,
H,1650280680,0,0,,
H,1650281280,0,0,,
H,1650281880,0,0,,
H,1650282480,0,0,,
H,1650283080,0,0,,
H,1650283680,0,0,,
H,1650284280,0,0,,
H,1650284880,0,0,,
H,1650285480,0,0,,
H,1650286140,0,60,,
H,1650286740,0,0,,
H,1650287340,0,0,,
H,1650287940,0,0,,
H,1650288540,0,0,,
H,1650289140,0,0,,
H,1650289980,0,240,,
H,1650290580,0,0,,
H,1650291360,0,180,,
H,1650291960,0,0,,
H,1650292560,0,0,,
H,1650293160,0,0,,
H,1650293760,0,0,,
H,1650294360,0,0,,
H,1650294960,0,0,,
H,1650295560,0,0,,
H,1650296160,0,0,,
H,1650296760,0,0,,
H,1650297360,0,0,,
H,1650297960,0,0,,
H,1650298560,0,0,,
H,1650299160,0,0,,
H,1650299760,0,0,,
H,1650300360,0,0,,
H,1650300960,0,0,,
H,1650301560,0,0,,
H,1650302160,0,0,,
H,1650302820,0,60,,
H,1650303420,0,0,,
H,1650304020,0,0,,
H,1650304620,0,0,,
H,1650305220,0,0,,
H,1650305820,0,0,,
H,1650306420,0,0,,
H,1650307020,1,0,,
H,1650307620,1,0,,
H,1650308220,1,0,,
H,1650308820,1,0,,
H,1650309420,0,0,,
H,1650310020,0,0,,
H,1650310620,0,0,,
H,1650311220,0,0,,
H,1650311820,0,0,,
H,1650312420,0,0,,
H,1650313020,0,0,,
H,1650313620,0,0,,
H,1650314220,0,0,,
H,1650314820,0,0,,
H,1650315420,0,0,,
H,1650316020,0,0,,
H,1650316620,0,0,,
H,1650317220,0,0,,
H,1650317820,0,0,,
H,1650318420,0,0,,
H,1650319020,0,0,,
H,1650319620,0,0,,
H,1650320220,0,0,,
H,1650320820,0,0,,
H,1650321420,0,0,,
H,1650322020,0,0,,
H,1650322680,0,60,,
H,1650323280,0,0,,
H,1650323880,0,0,,
H,1650324540,0,60,,
H,1650325140,0,0,,
H,1650325740,0,0,,
H,1650326340,0,0,,
H,1650326940,0,0,,
H,1650327540,0,0,,
H,1650328140,0,0,,
H,1650328740,0,0,,
H,1650329340,0,0,,
H,1650329940,0,0,,
H,1650330540,0,0,,
H,1650331140,0,0,,
H,1650331740,0,0,,
H,1650332520,0,180,,
H,1650333120,0,0,,
H,1650333720,0,0,,
H,1650334320,0,0,,
H,1650334980,0,60,,
H,1650335580,0,0,,
H,1650336180,0,0,,
H,1650336780,1,0,,
H,1650337380,1,0,,
H,1650337980,1,0,,
H,1650338580,1,0,,
H,1650339180,1,0,,
H,1650339780,1,0,,
H,1650340380,1,0,,
H,1650340980,1,0,,
H,1650341580,1,0,,
H,1650342240,1,60,,
H,1650342840,1,0,,
H,1650343440,1,0,,
H,1650344040,1,0,,
H,1650344640,1,0,,
H,1650345240,1,0,,
H,1650345900,1,60,,
H,1650346500,1,0,,
H,1650347100,1,0,,
H,1650347700,1,0,,
H,1650348300,1,0,,
H,1650348900,1,0,,
H,1650349500,1,0,,
H,1650350100,1,0,,
H,1650350700,1,0,,
H,1650351300,1,0,,
H,1650351900,1,0,,
H,1650352500,1,0,,
H,1650353100,1,0,,
H,1650353700,0,0,,
H,1650354300,0,0,,
H,1650354900,0,0,,
H,1650355500,0,0,,
H,1650356100,0,0,,
H,1650356700,0,0,,
H,1650357300,0,0,,
H,1650357900,0,0,,
H,1650358500,0,0,,
H,1650359100,0,0,,
H,1650359700,0,0,,
H,1650360300,0,0,,
H,1650360900,0,0,,
H,1650361500,0,0,,
H,1650362160,0,60,,
H,1650362760,0,0,,
H,1650363360,0,0,,
H,1650363960,0,0,,
H,1650364560,0,0,,
H,1650365160,0,0,,
H,1650365760,0,0,,
H,1650366360,0,0,,
H,1650366960,0,0,,
H,1650367560,0,0,,
H,1650368160,0,0,,
H,1650368760,0,0,,
H,1650369360,0,0,,
H,1650369960,0,0,,
H,1650370560,0,0,,
H,1650371160,0,0,,
H,1650371760,0,0,,
H,1650372360,0,0,,
H,1650372960,0,0,,
H,1650373560,0,0,,
H,1650374160,0,0,,
H,1650374760,0,0,,
H,1650375360,0,0,,
H,1650375960,0,0,,
H,1650376560,0,0,,
H,1650377160,0,0,,
H,1650377760,0,0,,
H,1650378360,0,0,,
H,1650379020,0,60,,
H,1650379800,0,180,,
H,1650380400,0,0,,
H,1650381000,0,0,,
H,1650381600,0,0,,
H,1650382200,0,0,,
H,1650382800,0,0,,
H,1650383400,0,0,,
H,1650384000,0,0,,
H,1650384600,0,0,,
H,1650385200,0,0,,
H,1650385800,0,0,,
H,1650386400,0,0,,
H,1650449280,0,62280,,
H,1650449880,0,0,,
H,1650450480,0,0,,
H,1650451080,0,0,,
H,1650451680,0,0,,
H,1650452280,0,0,,
H,1650452880,0,0,,
H,1650453540,0,60,,
H,1650454140,0,0,,
H,1650454740,0,0,,
H,1650455340,0,0,,
H,1650455940,0,0,,
H,1650456540,0,0,,
H,1650457140,0,0,,
H,1650457740,0,0,,
H,1650458340,0,0,,
H,1650458940,0,0,,
H,1650459540,0,0,,
H,1650460140,0,0,,
H,1650460740,0,0,,
H,1650461340,0,0,,
H,1650461940,0,0,,
H,1650462540,0,0,,
H,1650463140,0,0,,
H,1650463740,0,0,,
H,1650464340,0,0,,
H,1650464940,0,0,,
H,1650465540,0,0,,
H,1650466140,0,0,,
H,1650466740,0,0,,
H,1650467340,0,0,,
H,1650467940,0,0,,
H,1650468540,0,0,,
H,1650469140,0,0,,
H,1650469740,0,0,,
H,1650470340,0,0,,
H,1650471000,0,60,,
H,1650471600,0,0,,
H,1650472500,0,300,,
H,1650473100,0,0,,
H,1650473940,0,240,,
H,1650474720,0,180,,
H,1650475320,0,0,,
H,1650475920,0,0,,
H,1650476520,0,0,,
H,1650477120,0,0,,
H,1650477720,0,0,,
H,1650478320,0,0,,
H,1650478920,0,0,,
H,1650479520,0,0,,
H,1650480180,1,60,,
H,1650480780,1,0,,
H,1650481380,1,0,,
H,1650482160,1,180,,
H,1650482760,1,0,,
H,1650483360,1,0,,
H,1650483960,1,0,,
H,1650484560,1,0,,
H,1650485400,1,240,,
H,1650486060,1,60,,
H,1650486660,1,0,,
H,1650487260,1,0,,
H,1650487860,1,0,,
H,1650488640,1,180,,
H,1650489240,1,0,,
H,1650489840,1,0,,
H,1650490620,1,180,,
H,1650491220,1,0,,
H,1650491820,1,0,,
H,1650492420,1,0,,
H,1650493020,1,0,,
H,1650493620,1,0,,
H,1650494220,1,0,,
H,1650494820,1,0,,
H,1650495420,1,0,,
H,1650496020,0,0,,
H,1650496620,0,0,,
H,1650497220,0,0,,
H,1650497880,0,60,,
H,1650498480,0,0,,
H,1650499080,0,0,,
H,1650499680,0,0,,
H,1650500280,0,0,,
H,1650500880,0,0,,
H,1650501480,0,0,,
H,1650502080,0,0,,
H,1650502680,0,0,,
H,1650503280,0,0,,
H,1650503880,0,0,,
H,1650504480,0,0,,
H,1650505080,0,0,,
H,1650505680,0,0,,
H,1650506280,0,0,,
H,1650506880,0,0,,
H,1650507480,0,0,,
H,1650508080,0,0,,
H,1650508680,0,0,,
H,1650509280,0,0,,
H,1650509880,0,0,,
H,1650510480,0,0,,
H,1650511080,0,0,,
H,1650511680,0,0,,
H,1650512280,0,0,,
H,1650512880,0,0,,
H,1650513480,0,0,,
H,1650514080,0,0,,
H,1650514680,0,0,,
H,1650515280,0,0,,
H,1650515880,0,0,,
H,1650516480,0,0,,
H,1650517080,0,0,,
H,1650517680,0,0,,
H,1650518280,0,0,,
H,1650518880,0,0,,
H,1650519480,0,0,,
H,1650520080,0,0,,
H,1650520920,0,240,,
H,1650521520,0,0,,
H,1650522120,0,0,,
H,1650522720,0,0,,
H,1650523560,0,240,,
H,1650524160,0,0,,
H,1650524820,0,60,,
H,1650525420,0,0,,
H,1650526020,0,0,,
H,1650526620,0,0,,
H,1650527400,0,180,,
H,1650528000,0,0,,
H,1650528600,0,0,,
H,1650529200,0,0,,
H,1650529800,0,0,,
H,1650530460,0,60,,
H,1650531060,0,0,,
H,1650531660,0,0,,
H,1650532260,0,0,,
H,1650532860,0,0,,
H,1650533520,0,60,,
H,1650534120,0,0,,
H,1650534720,0,0,,
H,1650535320,0,0,,
H,1650535920,0,0,,
H,1650536520,0,0,,
H,1650537120,0,0,,
H,1650537720,0,0,,
H,1650538320,0,0,,
H,1650538920,0,0,,
H,1650539520,0,0,,
H,1650540360,0,240,,
H,1650540960,0,0,,
H,1650541980,0,420,,
H,1650542760,0,180,,
H,1650543360,0,0,,
H,1650543960,0,0,,
H,1650544800,0,240,,
H,1650545640,0,240,,
H,1650546240,0,0,,
H,1650546840,0,0,,
H,1650547440,0,0,,
H,1650548040,0,0,,
H,1650548640,0,0,,
H,1650549240,0,0,,
H,1650549840,0,0,,
H,1650550440,0,0,,
H,1650551040,0,0,,
H,1650551880,0,240,,
H,1650552720,0,240,,
H,1650553680,0,360,,
H,1650554340,0,60,,
H,1650555180,0,240,,
H,1650555780,0,0,,
H,1650556440,0,60,,
H,1650557040,0,0,,
H,1650557640,0,0,,
H,1650558240,0,0,,
H,1650558840,0,0,,
H,1650559500,0,60,,
H,1650560100,0,0,,
H,1650560700,0,0,,
H,1650561300,0,0,,
H,1650561900,0,0,,
H,1650562500,0,0,,
H,1650563100,0,0,,
H,1650563700,0,0,,
H,1650564300,0,0,,
H,1650564900,0,0,,
H,1650565500,1,0,,
H,1650566100,1,0,,
H,1650566700,1,0,,
H,1650567300,1,0,,
H,1650567900,1,0,,
H,1650568500,1,0,,
H,1650569100,1,0,,
H,1650569700,1,0,,
H,1650570300,1,0,,
H,1650570900,0,0,,
H,1650571500,0,0,,
H,1650572100,0,0,,
H,1650572700,0,0,,
H,1650573300,0,0,,
H,1650573900,0,0,,
H,1650574500,0,0,,
H,1650575100,0,0,,
H,1650575700,0,0,,
H,1650576300,0,0,,
H,1650576900,0,0,,
H,1650577500,0,0,,
H,1650578160,0,60,,
H,1650578760,0,0,,
H,1650579360,0,0,,
H,1650579960,0,0,,
H,1650580560,0,0,,
H,1650581160,0,0,,
H,1650581760,0,0,,
H,1650582360,0,0,,
H,1650582960,0,0,,
H,1650583560,0,0,,
H,1650584160,0,0,,
H,1650584760,0,0,,
H,1650585360,0,0,,
H,1650585960,0,0,,
H,1650586560,0,0,,
H,1650587160,0,0,,
H,1650587760,0,0,,
H,1650588360,0,0,,
H,1650588960,0,0,,
H,1650589560,0,0,,
H,1650590160,0,0,,
H,1650590760,0,0,,
H,1650591360,0,0,,
H,1650591960,0,0,,
H,1650592560,0,0,,
H,1650593160,0,0,,
H,1650593760,0,0,,
H,1650594360,0,0,,
H,1650594960,0,0,,
H,1650595560,0,0,,
H,1650596160,0,0,,
H,1650596760,0,0,,
H,1650597360,0,0,,
H,1650597960,0,0,,
H,1650598560,0,0,,
H,1650599160,0,0,,
H,1650599760,0,0,,
H,1650600360,0,0,,
H,1650600960,0,0,,
H,1650601560,0,0,,
H,1650602160,0,0,,
H,1650602760,0,0,,
H,1650603420,0,60,,
H,1650604020,0,0,,
H,1650604620,0,0,,
H,1650605220,0,0,,
H,1650605820,0,0,,
H,1650606420,0,0,,
H,1650607020,0,0,,
H,1650607620,0,0,,
H,1650608220,0,0,,
H,1650608820,0,0,,
H,1650609420,0,0,,
H,1650610020,0,0,,
H,1650610620,0,0,,
H,1650611220,0,0,,
H,1650611820,0,0,,
H,1650612420,0,0,,
H,1650613020,0,0,,
H,1650613620,0,0,,
H,1650614220,0,0,,
H,1650614820,0,0,,
H,1650615420,0,0,,
H,1650616020,0,0,,
H,1650616620,0,0,,
H,1650617220,0,0,,
H,1650617820,0,0,,
H,1650618420,0,0,,
H,1650619020,0,0,,
H,1650619620,0,0,,
H,1650620280,0,60,,
H,1650620880,0,0,,
H,1650621480,0,0,,
H,1650622080,0,0,,
H,1650622680,0,0,,
H,1650623280,0,0,,
H,1650623880,0,0,,
H,1650624480,0,0,,
H,1650625080,0,0,,
H,1650625680,0,0,,
H,1650626280,0,0,,
H,1650626880,0,0,,
H,1650627480,0,0,,
H,1650628140,0,60,,
H,1650628740,0,0,,
H,1650629340,0,0,,
H,1650630000,0,60,,
H,1650630600,0,0,,
H,1650631320,0,120,,
H,1650631980,0,60,,
H,1650632580,0,0,,
H,1650633300,0,120,,
H,1650633900,0,0,,
H,1650634500,0,0,,
H,1650635100,0,0,,
H,1650635700,0,0,,
H,1650636300,0,0,,
H,1650636900,0,0,,
H,1650637500,0,0,,
H,1650638100,0,0,,
H,1650638700,0,0,,
H,1650639300,0,0,,
H,1650639900,0,0,,
H,1650640500,0,0,,
H,1650641100,0,0,,
H,1650641700,0,0,,
H,1650642300,0,0,,
H,1650642900,0,0,,
H,1650643500,0,0,,
H,1650644160,0,60,,
H,1650644760,0,0,,
H,1650645360,0,0,,
H,1650645960,0,0,,
H,1650646560,0,0,,
H,1650647160,0,0,,
H,1650647760,0,0,,
H,1650648360,0,0,,
H,1650648960,0,0,,
H,1650649560,0,0,,
H,1650650160,0,0,,
H,1650650760,0,0,,
H,1650651360,0,0,,
H,1650651960,0,0,,
H,1650652560,0,0,,
H,1650653160,0,0,,
H,1650653760,0,0,,
H,1650654360,0,0,,
H,1650654960,0,0,,
H,1650655560,0,0,,
H,1650656220,0,60,,
H,1650656820,0,0,,
H,1650657420,0,0,,
H,1650658020,0,0,,
H,1650658620,0,0,,
H,1650659220,0,0,,
H,1650659820,0,0,,
H,1650660420,0,0,,
H,1650661020,0,0,,
H,1650661620,0,0,,
H,1650662220,0,0,,
H,1650662820,0,0,,
H,1650663420,0,0,,
H,1650664020,0,0,,
H,1650664620,0,0,,
H,1650665220,0,0,,
H,1650665820,0,0,,
H,1650666420,0,0,,
H,1650667020,0,0,,
H,1650667620,0,0,,
H,1650668220,0,0,,
H,1650668820,0,0,,
H,1650669420,0,0,,
H,1650670020,0,0,,
H,1650670620,0,0,,
H,1650671220,0,0,,
H,1650671820,0,0,,
H,1650672420,0,0,,
H,1650673020,0,0,,
H,1650673620,0,0,,
H,1650674220,0,0,,
H,1650674820,0,0,,
H,1650675420,0,0,,
H,1650676020,0,0,,
H,1650676620,0,0,,
H,1650677220,0,0,,
H,1650677820,0,0,,
H,1650678420,0,0,,
H,1650679020,0,0,,
H,1650679620,0,0,,
H,1650680220,0,0,,
H,1650680820,0,0,,
H,1650681420,0,0,,
H,1650682080,0,60,,
H,1650682680,0,0,,
H,1650683280,0,0,,
H,1650683880,0,0,,
H,1650684480,0,0,,
H,1650685080,0,0,,
H,1650685680,0,0,,
H,1650686280,0,0,,
H,1650686880,0,0,,
H,1650687480,0,0,,
H,1650688080,0,0,,
H,1650688680,0,0,,
H,1650689280,0,0,,
H,1650689880,0,0,,
H,1650690480,0,0,,
H,1650691080,0,0,,
H,1650691680,0,0,,
H,1650692280,0,0,,
H,1650692880,0,0,,
H,1650693480,0,0,,
H,1650694080,0,0,,
H,1650694680,0,0,,
H,1650695280,0,0,,
H,1650695880,0,0,,
H,1650696480,0,0,,
H,1650697080,0,0,,
H,1650697680,0,0,,
H,1650698280,0,0,,
H,1650698880,0,0,,
H,1650699480,0,0,,
H,1650700080,0,0,,
H,1650700680,0,0,,
H,1650701280,0,0,,
H,1650701880,0,0,,
H,1650702480,0,0,,
H,1650703080,0,0,,
H,1650703680,0,0,,
H,1650704280,0,0,,
H,1650704880,0,0,,
H,1650705480,0,0,,
H,1650706080,0,0,,
H,1650706680,0,0,,
H,1650707340,0,60,,
H,1650707940,0,0,,
H,1650708540,0,0,,
H,1650709140,0,0,,
H,1650709740,0,0,,
H,1650710340,0,0,,
H,1650710940,0,0,,
H,1650711540,0,0,,
H,1650712140,0,0,,
H,1650712740,0,0,,
H,1650716880,0,3540,,
H,1650717480,0,0,,
H,1650718080,0,0,,
H,1650718680,0,0,,
H,1650719280,0,0,,
H,1650719880,0,0,,
H,1650720540,0,60,,
H,1650721140,0,0,,
H,1650721740,0,0,,
H,1650722340,0,0,,
H,1650722940,0,0,,
H,1650723540,0,0,,
H,1650724140,0,0,,
H,1650724740,0,0,,
H,1650725340,0,0,,
H,1650725940,0,0,,
H,1650726540,0,0,,
H,1650727140,0,0,,
H,1650727740,0,0,,
H,1650728340,0,0,,
H,1650728940,0,0,,
H,1650729540,0,0,,
H,1650730140,0,0,,
H,1650730740,0,0,,
H,1650731340,0,0,,
H,1650731940,0,0,,
H,1650732540,0,0,,
H,1650733140,0,0,,
H,1650733740,0,0,,
H,1650734340,0,0,,
H,1650734940,0,0,,
H,1650735540,0,0,,
H,1650736140,0,0,,
H,1650736740,0,0,,
H,1650737340,0,0,,
H,1650737940,0,0,,
H,1650738540,0,0,,
H,1650739140,0,0,,
H,1650739740,0,0,,
H,1650740340,0,0,,
H,1650740940,0,0,,
H,1650741540,0,0,,
H,1650742140,0,0,,
H,1650742740,0,0,,
H,1650743340,0,0,,
H,1650743940,0,0,,
H,1650744540,0,0,,
H,1650745140,0,0,,
H,1650745800,0,60,,
H,1650746400,0,0,,
H,1650747000,0,0,,
H,1650747600,0,0,,
H,1650748200,0,0,,
H,1650748800,0,0,,
H,1650749400,0,0,,
H,1650750000,0,0,,
H,1650750600,0,0,,
H,1650751200,0,0,,
H,1650751800,0,0,,
H,1650752400,0,0,,
H,1650753000,0,0,,
H,1650753600,0,0,,
H,1650754200,0,0,,
H,1650754800,0,0,,
H,1650755400,0,0,,
H,1650756000,0,0,,
H,1650756600,0,0,,
H,1650757200,0,0,,
H,1650757800,0,0,,
H,1650758400,0,0,,
H,1650759000,0,0,,
H,1650759600,0,0,,
H,1650760200,0,0,,
H,1650760800,0,0,,
H,1650761400,0,0,,
H,1650762000,0,0,,
H,1650762600,0,0,,
H,1650763200,0,0,,
H,1650763800,0,0,,
H,1650764400,0,0,,
H,1650765000,0,0,,
H,1650765600,0,0,,
H,1650766200,0,0,,
H,1650766800,0,0,,
H,1650767460,0,60,,
H,1650768060,0,0,,
H,1650768660,0,0,,
H,1650769260,0,0,,
H,1650769860,0,0,,
H,1650770460,0,0,,
H,1650771060,0,0,,
H,1650771660,0,0,,
H,1650772260,0,0,,
H,1650772860,0,0,,
H,1650773460,0,0,,
H,1650774060,0,0,,
H,1650774660,0,0,,
H,1650775260,0,0,,
H,1650775860,0,0,,
H,1650776460,0,0,,
H,1650777060,0,0,,
H,1650777660,0,0,,
H,1650778260,0,0,,
H,1650778860,0,0,,
H,1650779460,0,0,,
H,1650780060,0,0,,
H,1650780660,0,0,,
H,1650781260,0,0,,
H,1650781860,0,0,,
H,1650782460,0,0,,
H,1650783060,0,0,,
H,1650783660,0,0,,
H,1650784260,0,0,,
H,1650784860,0,0,,
H,1650785460,0,0,,
H,1650786060,0,0,,
H,1650786660,0,0,,
H,1650787260,0,0,,
H,1650787860,0,0,,
H,1650788520,0,60,,
H,1650789120,0,0,,
H,1650789720,0,0,,
H,1650790320,0,0,,
H,1650790920,0,0,,
H,1650791520,0,0,,
H,1650792120,0,0,,
H,1650792720,0,0,,
H,1650793320,0,0,,
H,1650793920,0,0,,
H,1650794520,0,0,,
H,1650795120,0,0,,
H,1650795720,0,0,,
H,1650796320,0,0,,
H,1650796920,0,0,,
H,1650797520,0,0,,
H,1650798120,0,0,,
H,1650798720,0,0,,
H,1650799320,0,0,,
H,1650799920,0,0,,
H,1650800520,0,0,,
H,1650801120,0,0,,
H,1650801720,0,0,,
H,1650802320,0,0,,
H,1650802920,0,0,,
H,1650803520,0,0,,
H,1650804120,0,0,,
H,1650804720,0,0,,
H,1650805320,0,0,,
H,1650805920,0,0,,
H,1650806520,0,0,,
H,1650807120,0,0,,
H,1650807720,0,0,,
H,1650808320,0,0,,
H,1650808920,0,0,,
H,1650809520,0,0,,
H,1650813720,0,3600,,
H,1650814320,0,0,,
H,1650814920,0,0,,
H,1650815520,0,0,,
H,1650816120,0,0,,
H,1650816720,0,0,,
H,1650817320,0,0,,
H,1650817920,0,0,,
H,1650818580,0,60,,
H,1650819180,0,0,,
H,1650819780,0,0,,
H,1650820380,0,0,,
H,1650820980,0,0,,
H,1650821580,0,0,,
H,1650822180,0,0,,
H,1650822780,0,0,,
H,1650823380,0,0,,
H,1650823980,0,0,,
H,1650824580,0,0,,
H,1650825180,0,0,,
H,1650825780,0,0,,
H,1650826380,0,0,,
H,1650826980,0,0,,
H,1650827580,0,0,,
H,1650828180,0,0,,
H,1650828780,0,0,,
H,1650829380,0,0,,
H,1650829980,0,0,,
H,1650830580,0,0,,
H,1650831180,0,0,,
H,1650831780,0,0,,
H,1650832380,0,0,,
H,1650832980,0,0,,
H,1650833580,0,0,,
H,1650834240,0,60,,
H,1650834840,0,0,,
H,1650835440,0,0,,
H,1650836040,0,0,,
H,1650836640,0,0,,
H,1650837240,0,0,,
H,1650837840,0,0,,
H,1650838440,0,0,,
H,1650839040,0,0,,
H,1650839640,0,0,,
H,1650840240,0,0,,
H,1650840840,0,0,,
H,1650841440,0,0,,
H,1650842040,0,0,,
H,1650842640,0,0,,
H,1650843240,0,0,,
H,1650843840,0,0,,
H,1650844440,0,0,,
H,1650845040,0,0,,
H,1650845640,0,0,,
H,1650846240,0,0,,
H,1650846840,0,0,,
H,1650847440,0,0,,
H,1650848040,0,0,,
H,1650848640,0,0,,
H,1650849240,0,0,,
H,1650849840,0,0,,
H,1650850440,0,0,,
H,1650851040,0,0,,
H,1650851640,0,0,,
H,1650852240,0,0,,
H,1650852840,0,0,,
H,1650853500,0,60,,
H,1650854100,0,0,,
H,1650854700,0,0,,
H,1650855300,0,0,,
H,1650855900,0,0,,
H,1650856500,0,0,,
H,1650857100,0,0,,
H,1650857700,0,0,,
H,1650858300,0,0,,
H,1650858900,0,0,,
H,1650859500,0,0,,
H,1650860100,0,0,,
H,1650860700,0,0,,
H,1650861300,0,0,,
H,1650861900,0,0,,
H,1650862500,0,0,,
H,1650863100,0,0,,
H,1650863700,0,0,,
H,1650864300,0,0,,
H,1650864900,0,0,,
H,1650865500,0,0,,
H,1650866100,0,0,,
H,1650866700,0,0,,
H,1650867300,0,0,,
H,1650867900,0,0,,
H,1650868500,0,0,,
H,1650869100,0,0,,
H,1650869700,0,0,,
H,1650870300,0,0,,
H,1650870900,0,0,,
H,1650871500,0,0,,
H,1650872100,0,0,,
H,1650872760,0,60,,
H,1650873360,0,0,,
H,1650873960,0,0,,
H,1650874560,0,0,,
H,1650875160,0,0,,
H,1650875760,0,0,,
H,1650876360,0,0,,
H,1650876960,0,0,,
H,1650877620,0,60,,
H,1650878220,0,0,,
H,1650878820,0,0,,
H,1650879420,0,0,,
H,1650880020,0,0,,
H,1650880860,0,240,,
H,1650881460,0,0,,
H,1650882060,0,0,,
H,1650882660,0,0,,
H,1650883260,0,0,,
H,1650883860,0,0,,
H,1650884760,0,300,,
H,1650885360,0,0,,
H,1650885960,0,0,,
H,1650886560,0,0,,
H,1650887460,0,300,,
H,1650888060,0,0,,
H,1650888660,0,0,,
H,1650889260,0,0,,
H,1650889860,0,0,,
H,1650890700,0,240,,
H,1650891300,0,0,,
H,1650892140,0,240,,
H,1650892740,0,0,,
H,1650893640,0,300,,
H,1650894240,0,0,,
H,1650894840,0,0,,
H,1650895740,0,300,,
H,1650896340,0,0,,
H,1650897000,0,60,,
H,1650897600,0,0,,
H,1650898260,0,60,,
H,1650899100,0,240,,
H,1650899700,0,0,,
H,1650900720,0,420,,
H,1650901380,0,60,,
H,1650902160,0,180,,
H,1650902760,0,0,,
H,1650903360,0,0,,
H,1650904200,0,240,,
H,1650904800,0,0,,
H,1650905640,0,240,,
H,1650906480,0,240,,
H,1650907080,0,0,,
H,1650907680,0,0,,
H,1650908280,0,0,,
H,1650908880,0,0,,
H,1650909480,0,0,,
H,1650910080,0,0,,
H,1650910680,1,0,,
H,1650911280,1,0,,
H,1650911880,1,0,,
H,1650912480,1,0,,
H,1650913080,1,0,,
H,1650913680,1,0,,
H,1650914280,1,0,,
H,1650914880,1,0,,
H,1650915480,1,0,,
H,1650916080,1,0,,
H,1650916680,1,0,,
H,1650917280,1,0,,
H,1650917880,1,0,,
H,1650918480,1,0,,
H,1650919080,1,0,,
H,1650919680,1,0,,
H,1650920280,1,0,,
H,1650920880,1,0,,
H,1650921480,1,0,,
H,1650922080,1,0,,
H,1650922680,1,0,,
H,1650923280,1,0,,
H,1650923880,1,0,,
H,1650924480,1,0,,
H,1650925080,1,0,,
H,1650925680,1,0,,
H,1650926280,1,0,,
H,1650926880,1,0,,
H,1650927480,1,0,,
H,1650928080,1,0,,
H,1650928740,1,60,,
H,1650929340,1,0,,
H,1650929940,1,0,,
H,1650930540,1,0,,
H,1650931140,1,0,,
H,1650931740,1,0,,
H,1650932340,1,0,,
H,1650932940,0,0,,
H,1650933540,0,0,,
H,1650934140,0,0,,
H,1650934740,0,0,,
H,1650935340,0,0,,
H,1650935940,0,0,,
H,1650936540,0,0,,
H,1650937140,0,0,,
H,1650937740,0,0,,
H,1650938340,0,0,,
H,1650938940,0,0,,
H,1650939540,0,0,,
H,1650940140,0,0,,
H,1650940740,0,0,,
H,1650941340,0,0,,
H,1650941940,0,0,,
H,1650942540,0,0,,
H,1650943140,0,0,,
H,1650943740,0,0,,
H,1650944340,0,0,,
H,1650944940,0,0,,
H,1650945540,0,0,,
H,1650946140,0,0,,
H,1650946740,0,0,,
H,1650947340,0,0,,
H,1650947940,0,0,,
H,1650948540,0,0,,
H,1650949140,0,0,,
H,1650949740,0,0,,
H,1650950340,0,0,,
H,1650950940,0,0,,
H,1650951540,0,0,,
H,1650952140,0,0,,
H,1650952740,0,0,,
H,1650953340,0,0,,
H,1650953940,0,0,,
H,1650954600,0,60,,
H,1650955200,0,0,,
H,1650955800,0,0,,
H,1650956400,0,0,,
H,1650957000,0,0,,
H,1650957600,0,0,,
H,1650958200,0,0,,
H,1650958800,0,0,,
H,1650959400,0,0,,
H,1650960000,0,0,,
H,1650960600,0,0,,
H,1650961200,0,0,,
H,1650961800,0,0,,
H,1650962400,0,0,,
H,1650963000,0,0,,
H,1650963600,0,0,,
H,1650964200,0,0,,
H,1650964800,0,0,,
H,1650965460,0,60,,
H,1650966060,0,0,,
H,1650966720,0,60,,
H,1650967320,0,0,,
H,1650967920,0,0,,
H,1650968520,0,0,,
H,1650969120,0,0,,
H,1650969720,0,0,,
H,1650970320,0,0,,
H,1650970920,0,0,,
H,1650971520,0,0,,
H,1650972300,0,180,,
H,1650972900,0,0,,
H,1650973560,0,60,,
H,1650974160,0,0,,
H,1650974760,0,0,,
H,1650975360,0,0,,
H,1650975960,0,0,,
H,1650976560,0,0,,
H,1650977160,0,0,,
H,1650977760,0,0,,
H,1650978360,0,0,,
H,1650978960,0,0,,
H,1650979620,0,60,,
H,1650980220,0,0,,
H,1650980820,0,0,,
H,1650981480,0,60,,
H,1650982080,0,0,,
H,1650982680,0,0,,
H,1650983280,0,0,,
H,1650983880,0,0,,
H,1650984480,0,0,,
H,1650985080,0,0,,
H,1650985680,0,0,,
H,1650986280,0,0,,
H,1650986880,0,0,,
H,1650987480,0,0,,
H,1650988080,0,0,,
H,1650988680,0,0,,
H,1650989280,0,0,,
H,1650989940,0,60,,
H,1650990540,0,0,,
H,1650991140,0,0,,
H,1650991740,0,0,,
H,1650992340,1,0,,
H,1650992940,1,0,,
H,1650993540,0,0,,
H,1650994140,0,0,,
H,1650994740,0,0,,
H,1650995340,1,0,,
H,1650995940,1,0,,
H,1650996540,1,0,,
H,1650997140,1,0,,
H,1650997740,1,0,,
H,1650998340,1,0,,
H,1650998940,1,0,,
H,1650999540,1,0,,
H,1651000140,1,0,,
H,1651000740,1,0,,
H,1651001340,1,0,,
H,1651002180,1,240,,
H,1651002840,1,60,,
H,1651003440,1,0,,
H,1651004040,1,0,,
H,1651004640,1,0,,
H,1651005240,1,0,,
H,1651005840,1,0,,
H,1651006440,1,0,,
H,1651007100,1,60,,
H,1651007700,1,0,,
H,1651008300,1,0,,
H,1651008900,1,0,,
H,1651009500,1,0,,
H,1651010100,1,0,,
H,1651010700,1,0,,
H,1651011300,1,0,,
H,1651011900,1,0,,
H,1651012500,1,0,,
H,1651013100,1,0,,
H,1651013700,1,0,,
H,1651014300,1,0,,
H,1651014900,1,0,,
H,1651015500,1,0,,
H,1651016100,1,0,,
H,1651016700,1,0,,
H,1651017300,1,0,,
H,1651017900,1,0,,
H,1651018500,1,0,,
H,1651019100,1,0,,
H,1651019700,1,0,,
H,1651020300,1,0,,
H,1651020900,1,0,,
H,1651021500,0,0,,
H,1651022100,0,0,,
H,1651022700,0,0,,
H,1651023300,0,0,,
H,1651023900,0,0,,
H,1651024500,0,0,,
H,1651025100,0,0,,
H,1651025700,0,0,,
H,1651026300,0,0,,
H,1651026900,0,0,,
H,1651027500,0,0,,
H,1651028100,0,0,,
H,1651028760,0,60,,
H,1651029360,0,0,,
H,1651029960,0,0,,
H,1651030560,0,0,,
H,1651031160,0,0,,
H,1651031760,0,0,,
H,1651032360,0,0,,
H,1651032960,0,0,,
H,1651033560,0,0,,
H,1651034160,0,0,,
H,1651034760,0,0,,
H,1651035360,0,0,,
H,1651035960,0,0,,
H,1651036560,0,0,,
H,1651037160,0,0,,
H,1651037760,0,0,,
H,1651038360,0,0,,
H,1651038960,0,0,,
H,1651039560,0,0,,
H,1651040160,0,0,,
H,1651040760,0,0,,
H,1651041360,0,0,,
H,1651041960,0,0,,
H,1651042560,0,0,,
H,1651043160,0,0,,
H,1651043760,0,0,,
H,1651044360,0,0,,
H,1651044960,0,0,,
H,1651045560,0,0,,
H,1651046160,0,0,,
H,1651046760,0,0,,
H,1651047360,0,0,,
H,1651047960,0,0,,
H,1651048560,0,0,,
H,1651049160,0,0,,
H,1651049760,0,0,,
H,1651050360,0,0,,
H,1651050960,0,0,,
H,1651051560,0,0,,
H,1651052160,0,0,,
H,1651052760,0,0,,
H,1651053420,0,60,,
H,1651054320,0,300,,
H,1651054920,0,0,,
H,1651055580,0,60,,
H,1651056240,0,60,,
H,1651056840,0,0,,
H,1651057500,0,60,,
H,1651058340,0,240,,
H,1651059000,0,60,,
H,1651059600,0,0,,
H,1651060200,0,0,,
H,1651060860,0,60,,
H,1651061460,0,0,,
H,1651062060,0,0,,
H,1651062720,0,60,,
H,1651063320,0,0,,
H,1651067700,0,3780,,
H,1651068300,0,0,,
H,1651068900,0,0,,
H,1651069500,0,0,,
H,1651070100,0,0,,
H,1651070700,0,0,,
H,1651071300,0,0,,
H,1651071900,0,0,,
H,1651072500,0,0,,
H,1651073100,0,0,,
H,1651073700,0,0,,
H,1651074360,0,60,,
H,1651074960,0,0,,
H,1651075620,0,60,,
H,1651076460,0,240,,
H,1651077060,0,0,,
H,1651077660,0,0,,
H,1651078260,0,0,,
H,1651078860,0,0,,
H,1651079460,0,0,,
H,1651080060,0,0,,
H,1651080660,0,0,,
H,1651081260,0,0,,
H,1651081860,0,0,,
H,1651082460,0,0,,
H,1651083060,0,0,,
H,1651083660,0,0,,
H,1651084260,0,0,,
H,1651084920,0,60,,
H,1651085520,0,0,,
H,1651086120,0,0,,
H,1651086720,0,0,,
H,1651087380,0,60,,
H,1651087980,0,0,,
H,1651088580,0,0,,
H,1651089180,0,0,,
H,1651089780,0,0,,
H,1651090380,0,0,,
H,1651090980,0,0,,
H,1651091640,0,60,,
H,1651092240,0,0,,
H,1651092840,0,0,,
H,1651093440,0,0,,
H,1651094040,0,0,,
H,1651094640,0,0,,
H,1651095240,0,0,,
H,1651095840,0,0,,
H,1651096440,0,0,,
H,1651097040,0,0,,
H,1651097640,0,0,,
H,1651098240,0,0,,
H,1651098840,0,0,,
H,1651099440,0,0,,
H,1651100040,0,0,,
H,1651100640,0,0,,
H,1651101240,0,0,,
H,1651101840,0,0,,
H,1651102440,0,0,,
H,1651103040,0,0,,
H,1651103640,0,0,,
H,1651104240,0,0,,
H,1651104840,0,0,,
H,1651105440,0,0,,
H,1651106040,0,0,,
H,1651106640,0,0,,
H,1651107240,0,0,,
H,1651107840,0,0,,
H,1651108440,0,0,,
H,1651109100,0,60,,
H,1651109700,0,0,,
H,1651110300,0,0,,
H,1651110900,0,0,,
H,1651111500,0,0,,
H,1651112100,0,0,,
H,1651112700,0,0,,
H,1651113300,0,0,,
H,1651113900,0,0,,
H,1651114500,0,0,,
H,1651115100,0,0,,
H,1651115700,0,0,,
H,1651116300,0,0,,
H,1651116900,0,0,,
H,1651117500,0,0,,
H,1651118160,0,60,,
H,1651118760,0,0,,
H,1651119360,0,0,,
H,1651119960,0,0,,
H,1651120560,0,0,,
H,1651121160,0,0,,
H,1651121760,0,0,,
H,1651122360,0,0,,
H,1651122960,0,0,,
H,1651123560,0,0,,
H,1651124160,0,0,,
H,1651124760,0,0,,
H,1651125360,0,0,,
H,1651125960,0,0,,
H,1651126560,0,0,,
H,1651127160,0,0,,
H,1651127760,0,0,,
H,1651128360,0,0,,
H,1651128960,0,0,,
H,1651129560,0,0,,
H,1651130160,0,0,,
H,1651130760,0,0,,
H,1651131420,0,60,,
H,1651132020,0,0,,
H,1651132620,0,0,,
H,1651133220,0,0,,
H,1651133820,0,0,,
H,1651134420,0,0,,
H,1651135020,0,0,,
H,1651135620,0,0,,
H,1651136220,0,0,,
H,1651136820,0,0,,
H,1651137420,0,0,,
H,1651138020,0,0,,
H,1651138620,0,0,,
H,1651139220,0,0,,
H,1651139820,0,0,,
H,1651140420,0,0,,
H,1651141020,0,0,,
H,1651141620,0,0,,
H,1651142220,0,0,,
H,1651142820,0,0,,
H,1651143420,0,0,,
H,1651144020,0,0,,
H,1651144620,0,0,,
H,1651145220,0,0,,
H,1651145820,0,0,,
H,1651146420,0,0,,
H,1651147020,0,0,,
H,1651147620,0,0,,
H,1651148220,0,0,,
H,1651148820,0,0,,
H,1651149420,0,0,,
H,1651150020,0,0,,
H,1651150620,0,0,,
H,1651151220,0,0,,
H,1651151820,0,0,,
H,1651152420,0,0,,
H,1651153020,0,0,,
H,1651153620,0,0,,
H,1651154220,0,0,,
H,1651154880,0,60,,
H,1651155480,0,0,,
H,1651156080,0,0,,
H,1651156740,0,60,,
H,1651157340,0,0,,
H,1651157940,0,0,,
H,1651158540,0,0,,
H,1651159140,0,0,,
H,1651159740,0,0,,
H,1651160340,0,0,,
H,1651160940,0,0,,
H,1651161540,0,0,,
H,1651162140,0,0,,
H,1651162740,0,0,,
H,1651163340,0,0,,
H,1651164000,0,60,,
H,1651164600,0,0,,
H,1651165200,0,0,,
H,1651165800,0,0,,
H,1651166400,0,0,,
H,1651167000,0,0,,
H,1651167600,0,0,,
H,1651168200,0,0,,
H,1651168800,0,0,,
H,1651169400,0,0,,
H,1651170000,1,0,,
H,1651170600,1,0,,
H,1651171200,1,0,,
H,1651171800,1,0,,
H,1651172400,1,0,,
H,1651173000,1,0,,
H,1651173600,1,0,,
H,1651174200,1,0,,
H,1651174800,1,0,,
H,1651175400,1,0,,
H,1651176000,1,0,,
H,1651176600,1,0,,
H,1651177200,1,0,,
H,1651177800,1,0,,
H,1651178400,1,0,,
H,1651179060,0,60,,
H,1651179660,0,0,,
H,1651180260,0,0,,
H,1651180860,0,0,,
H,1651181460,0,0,,
H,1651182060,0,0,,
H,1651182660,0,0,,
H,1651183260,1,0,,
H,1651183860,1,0,,
H,1651184460,0,0,,
H,1651185060,0,0,,
H,1651185660,0,0,,
H,1651186260,0,0,,
H,1651186860,0,0,,
H,1651187460,0,0,,
H,1651188060,0,0,,
H,1651188660,0,0,,
H,1651189260,0,0,,
H,1651189860,0,0,,
H,1651190460,0,0,,
H,1651191060,0,0,,
H,1651191660,0,0,,
H,1651192260,0,0,,
H,1651192860,0,0,,
H,1651193460,0,0,,
H,1651194060,0,0,,
H,1651194660,0,0,,
H,1651195260,0,0,,
H,1651195860,0,0,,
H,1651196460,0,0,,
H,1651197060,0,0,,
H,1651197660,0,0,,
H,1651198260,0,0,,
H,1651198860,0,0,,
H,1651199460,0,0,,
H,1651200060,0,0,,
H,1651200720,0,60,,
H,1651201320,0,0,,
H,1651201920,0,0,,
H,1651202520,0,0,,
H,1651203120,0,0,,
H,1651203720,0,0,,
H,1651204320,0,0,,
H,1651204920,0,0,,
H,1651205520,0,0,,
H,1651206120,0,0,,
H,1651206720,0,0,,
H,1651207320,0,0,,
H,1651207920,0,0,,
H,1651208520,0,0,,
H,1651209120,0,0,,
H,1651209720,0,0,,
H,1651210320,0,0,,
H,1651210920,1,0,,
H,1651211520,1,0,,
H,1651212120,1,0,,
H,1651212720,1,0,,
H,1651213320,1,0,,
H,1651213920,1,0,,
H,1651214520,1,0,,
H,1651215120,1,0,,
H,1651215720,1,0,,
H,1651216320,1,0,,
H,1651216920,1,0,,
H,1651217520,1,0,,
H,1651218120,1,0,,
H,1651218720,0,0,,
H,1651219320,0,0,,
H,1651219920,0,0,,
H,1651220520,0,0,,
H,1651221120,0,0,,
H,1651221780,0,60,,
H,1651222320,0,0,,
H,1651222980,0,60,,
H,1651223580,0,0,,
H,1651224180,0,0,,
H,1651224780,0,0,,
H,1651225380,0,0,,
H,1651225980,0,0,,
H,1651226580,0,0,,
H,1651227180,0,0,,
H,1651227780,0,0,,
H,1651228380,0,0,,
H,1651228980,0,0,,
H,1651229580,0,0,,
H,1651230180,0,0,,
H,1651230780,0,0,,
H,1651231380,0,0,,
H,1651231980,0,0,,
H,1651232580,0,0,,
H,1651233180,0,0,,
H,1651234080,0,300,,
H,1651234680,0,0,,
H,1651235280,0,0,,
H,1651235880,0,0,,
H,1651236480,0,0,,
H,1651237080,0,0,,
H,1651237920,0,240,,
H,1651238580,0,60,,
H,1651239600,0,420,,
H,1651240200,0,0,,
H,1651241100,0,300,,
H,1651241760,0,60,,
H,1651242600,0,240,,
H,1651243200,0,0,,
H,1651243800,0,0,,
H,1651244400,0,0,,
H,1651245060,0,60,,
H,1651245900,0,240,,
H,1651246800,0,300,,
H,1651247700,0,300,,
H,1651249140,0,840,,
H,1651249740,0,0,,
H,1651250400,0,60,,
H,1651251000,0,0,,
H,1651251600,0,0,,
H,1651252440,0,240,,
H,1651253040,0,0,,
H,1651253820,0,180,,
H,1651254420,0,0,,
H,1651255020,0,0,,
H,1651255620,0,0,,
H,1651256280,0,60,,
H,1651256880,0,0,,
H,1651257480,0,0,,
H,1651258080,0,0,,
H,1651258680,0,0,,
H,1651259340,0,60,,
H,1651259880,0,0,,
H,1651260480,0,0,,
H,1651261140,0,60,,
H,1651261740,0,0,,
H,1651262340,0,0,,
H,1651262940,0,0,,
H,1651263540,0,0,,
H,1651264140,0,0,,
H,1651264740,0,0,,
H,1651265340,0,0,,
H,1651265940,0,0,,
H,1651266540,0,0,,
H,1651267140,0,0,,
H,1651267740,0,0,,
H,1651268340,0,0,,
H,1651268940,0,0,,
H,1651269540,0,0,,
H,1651270140,0,0,,
H,1651270740,0,0,,
H,1651271340,0,0,,
H,1651271940,0,0,,
H,1651272540,1,0,,
H,1651273140,1,0,,
H,1651273740,1,0,,
H,1651274340,1,0,,
H,1651274940,1,0,,
H,1651275540,1,0,,
H,1651276140,1,0,,
H,1651276740,1,0,,
H,1651277400,1,60,,
H,1651278000,1,0,,
H,1651278600,1,0,,
H,1651279200,1,0,,
H,1651279800,1,0,,
H,1651280400,1,0,,
H,1651281000,1,0,,
H,1651281600,1,0,,
H,1651282200,1,0,,
H,1651282800,1,0,,
H,1651283400,1,0,,
H,1651284000,1,0,,
H,1651284600,1,0,,
H,1651285200,1,0,,
H,1651285800,1,0,,
H,1651286400,1,0,,
H,1651287000,1,0,,
H,1651287600,1,0,,
H,1651288200,1,0,,
H,1651288800,1,0,,
H,1651289400,0,0,,
H,1651290000,0,0,,
H,1651290600,0,0,,
H,1651291200,0,0,,
H,1651291800,0,0,,
H,1651292400,0,0,,
H,1651293000,0,0,,
H,1651293600,0,0,,
H,1651294200,0,0,,
H,1651294800,0,0,,
H,1651295400,0,0,,
H,1651296000,0,0,,
H,1651296600,0,0,,
H,1651297200,0,0,,
H,1651297860,0,60,,
H,1651298460,0,0,,
H,1651299060,0,0,,
H,1651299660,0,0,,
H,1651300260,0,0,,
H,1651300860,0,0,,
H,1651301460,0,0,,
H,1651302060,0,0,,
H,1651302660,0,0,,
H,1651303260,0,0,,
H,1651303860,0,0,,
H,1651304460,0,0,,
H,1651305060,0,0,,
H,1651305660,0,0,,
H,1651306260,0,0,,
H,1651306860,0,0,,
H,1651307460,0,0,,
H,1651308060,0,0,,
H,1651308660,0,0,,
H,1651309260,0,0,,
H,1651309860,0,0,,
H,1651310460,0,0,,
H,1651311060,0,0,,
H,1651311660,0,0,,
H,1651312260,0,0,,
H,1651312860,0,0,,
H,1651313460,0,0,,
H,1651314060,0,0,,
H,1651314660,0,0,,
H,1651315260,0,0,,
H,1651315920,0,60,,
H,1651316520,0,0,,
H,1651317120,0,0,,
H,1651317720,0,0,,
H,1651318320,0,0,,
H,1651318920,0,0,,
H,1651319520,0,0,,
H,1651320120,0,0,,
H,1651320720,0,0,,
H,1651321320,0,0,,
H,1651321920,0,0,,
H,1651322520,0,0,,
H,1651323120,0,0,,
H,1651323720,0,0,,
H,1651324320,0,0,,
H,1651324920,0,0,,
H,1651325520,0,0,,
H,1651326120,0,0,,
H,1651326720,0,0,,
H,1651327320,0,0,,
H,1651327920,0,0,,
H,1651328520,0,0,,
H,1651329120,0,0,,
H,1651329720,0,0,,
H,1651330320,0,0,,
H,1651330980,0,60,,
H,1651331820,0,240,,
H,1651332420,0,0,,
H,1651333020,0,0,,
H,1651333620,0,0,,
H,1651334220,0,0,,
H,1651334820,0,0,,
H,1651335420,0,0,,
H,1651336020,0,0,,
H,1651336620,0,0,,
H,1651337220,0,0,,
H,1651337820,0,0,,
H,1651338420,0,0,,
H,1651339020,0,0,,
H,1651339620,0,0,,
H,1651340220,0,0,,
H,1651340820,0,0,,
H,1651341420,0,0,,
H,1651342020,0,0,,
H,1651342620,0,0,,
H,1651343280,0,60,,
H,1651343880,0,0,,
H,1651344480,0,0,,
H,1651345080,0,0,,
H,1651345680,0,0,,
H,1651346280,0,0,,
H,1651346880,0,0,,
H,1651347480,0,0,,
H,1651348080,0,0,,
H,1651348680,0,0,,
H,1651349280,0,0,,
H,1651349880,0,0,,
H,1651350480,0,0,,
H,1651351080,0,0,,
H,1651351680,0,0,,
H,1651352280,0,0,,
H,1651352880,0,0,,
H,1651353480,0,0,,
H,1651354080,0,0,,
H,1651354680,0,0,,
H,1651355280,0,0,,
H,1651355880,0,0,,
H,1651356480,0,0,,
H,1651357080,0,0,,
H,1651357680,0,0,,
H,1651358280,0,0,,
H,1651358880,0,0,,
H,1651359480,0,0,,
H,1651360080,0,0,,
H,1651360680,0,0,,
H,1651361280,0,0,,
H,1651361880,0,0,,
H,1651362480,0,0,,
