device,windowEnd,alarm,coarse_missing_sec,rounds_in_range,max_gap_sec
A,1647716040,0,0,66,14
A,1647716640,0,0,66,15
A,1647717240,0,0,66,13
A,1647717840,0,0,66,12
A,1647718440,0,0,65,13
A,1647719040,0,0,66,13
A,1647719640,0,0,66,12
A,1647720240,0,0,66,15
A,1647720840,0,0,66,12
A,1647721440,0,0,66,12
A,1647722040,0,0,66,13
A,1647722640,0,0,66,15
A,1647723240,0,0,65,15
A,1647723840,0,0,66,17
A,1647724440,0,0,66,17
A,1647725040,0,0,66,13
A,1647725640,0,0,65,20
A,1647726240,0,0,66,11
A,1647726840,0,0,66,11
A,1647727440,0,0,66,12
A,1647728040,0,0,65,11
A,1647728640,0,0,66,11
A,1647729240,0,0,66,11
A,1647729840,0,0,66,11
A,1647730440,0,0,66,14
A,1647731040,0,0,66,11
A,1647731640,0,0,66,12
A,1647732240,0,0,65,12
A,1647732840,0,0,66,12
A,1647733440,0,0,66,13
A,1647734040,0,0,66,14
A,1647734700,0,60,71,19
A,1647735300,0,0,66,11
A,1647735900,0,0,66,11
A,1647736500,0,0,66,11
A,1647737100,0,0,65,11
A,1647737700,0,0,66,11
A,1647738300,0,0,66,11
A,1647738900,0,0,66,11
A,1647739500,0,0,66,12
A,1647740100,0,0,66,11
A,1647740700,0,0,66,12
A,1647741300,0,0,66,11
A,1647741900,0,0,65,14
A,1647742500,0,0,66,13
A,1647743100,0,0,66,13
A,1647743700,0,0,65,20
A,1647744300,0,0,65,20
A,1647744900,0,0,66,13
A,1647745500,0,0,66,12
A,1647746100,0,0,65,11
A,1647746700,0,0,66,11
A,1647747300,0,0,66,11
A,1647747900,0,0,66,12
A,1647748500,0,0,66,13
A,1647749100,0,0,66,18
A,1647749700,0,0,66,12
A,1647750300,0,0,66,13
A,1647750900,0,0,65,14
A,1647751500,0,0,66,14
A,1647752100,0,0,66,15
A,1647752700,0,0,66,16
A,1647753300,0,0,66,12
A,1647753900,0,0,66,12
A,1647754500,0,0,66,14
A,1647755160,0,60,71,13
A,1647755760,0,0,66,12
A,1647756360,0,0,66,17
A,1647756960,0,0,66,12
A,1647757560,0,0,66,12
A,1647758160,0,0,66,11
A,1647758760,0,0,66,11
A,1647759360,0,0,65,12
A,1647759960,0,0,65,11
A,1647760560,0,0,66,12
A,1647761160,0,0,66,14
A,1647761760,0,0,66,11
A,1647762360,0,0,66,12
A,1647762960,0,0,66,14
A,1647763560,0,0,66,11
A,1647764160,0,0,65,11
A,1647764760,0,0,66,11
A,1647765360,0,0,66,12
A,1647765960,0,0,66,11
A,1647766560,0,0,66,12
A,1647767160,0,0,66,12
A,1647767760,0,0,66,12
A,1647768360,0,0,65,13
A,1647768960,0,0,66,12
A,1647769560,0,0,66,12
A,1647770160,0,0,66,11
A,1647770760,0,0,66,14
A,1647771360,0,0,66,13
A,1647771960,0,0,66,11
A,1647772560,0,0,66,12
A,1647773160,0,0,66,15
A,1647773760,0,0,66,12
A,1647774360,0,0,66,13
A,1647774960,0,0,66,12
A,1647775560,0,0,66,13
A,1647776160,0,0,66,12
A,1647776760,0,0,66,14
A,1647777360,0,0,65,15
A,1647777960,0,0,66,13
A,1647778560,0,0,66,12
A,1647779160,0,0,66,12
A,1647779760,0,0,66,14
A,1647780360,0,0,66,13
A,1647780960,0,0,66,14
A,1647781620,0,60,71,17
A,1647782220,0,0,66,12
A,1647782820,0,0,66,13
A,1647783420,0,0,65,20
A,1647784020,0,0,66,12
A,1647784620,0,0,66,13
A,1647785220,0,0,66,11
A,1647785820,0,0,66,13
A,1647786420,0,0,65,16
A,1647787020,0,0,66,15
A,1647787620,0,0,66,16
A,1647788220,0,0,66,11
A,1647788820,0,0,66,12
A,1647789420,0,0,66,15
A,1647790020,0,0,66,15
A,1647790620,0,0,66,18
A,1647791220,0,0,65,18
A,1647791820,0,0,66,13
A,1647792420,0,0,66,13
A,1647793020,0,0,66,12
A,1647793620,0,0,66,12
A,1647794220,0,0,66,17
A,1647794820,0,0,66,15
A,1647795420,0,0,65,20
A,1647796020,0,0,65,13
A,1647796620,0,0,66,11
A,1647797220,0,0,66,14
A,1647797820,0,0,66,11
A,1647798420,0,0,66,13
A,1647799020,0,0,66,11
A,1647799620,0,0,66,11
A,1647800220,0,0,66,11
A,1647800880,0,60,71,12
A,1647801480,0,0,66,11
A,1647802080,0,0,66,11
A,1647802680,0,0,66,11
A,1647803280,0,0,66,11
A,1647803880,0,0,66,11
A,1647804480,0,0,66,11
A,1647805080,0,0,65,13
A,1647805680,0,0,66,14
A,1647806280,0,0,66,11
A,1647806880,0,0,66,13
A,1647807480,0,0,66,12
A,1647808080,0,0,66,12
A,1647808680,0,0,66,14
A,1647809280,0,0,66,13
A,1647809880,0,0,65,12
A,1647810480,0,0,66,14
A,1647811080,0,0,66,11
A,1647811680,0,0,66,11
A,1647812280,0,0,66,11
A,1647812880,0,0,66,11
A,1647813480,0,0,66,14
A,1647814080,0,0,65,11
A,1647814680,0,0,66,12
A,1647815280,0,0,66,11
A,1647815880,0,0,66,12
A,1647816480,0,0,66,11
A,1647817080,0,0,66,11
A,1647817680,0,0,66,11
A,1647818280,0,0,66,12
A,1647818880,0,0,65,11
A,1647819480,0,0,66,11
A,1647820080,0,0,66,12
A,1647820680,0,0,66,11
A,1647821280,0,0,66,11
A,1647821880,0,0,66,11
A,1647822480,0,0,66,11
A,1647823080,0,0,65,12
A,1647823680,0,0,66,11
A,1647824280,0,0,66,12
A,1647824880,0,0,66,11
A,1647825480,0,0,66,11
A,1647826080,0,0,66,11
A,1647826680,0,0,66,11
A,1647827280,0,0,66,11
A,1647827940,0,60,71,12
A,1647828540,0,0,66,11
A,1647829140,0,0,66,11
A,1647829740,0,0,66,11
A,1647830340,0,0,66,11
A,1647830940,0,0,66,11
A,1647831540,0,0,66,11
A,1647832140,0,0,65,14
A,1647832740,0,0,66,11
A,1647833340,0,0,66,11
A,1647833940,0,0,66,11
A,1647834540,0,0,66,11
A,1647835140,0,0,66,11
A,1647835740,0,0,66,11
A,1647836340,0,0,65,11
A,1647836940,0,0,66,11
A,1647837540,0,0,66,11
A,1647838140,0,0,66,11
A,1647838740,0,0,66,11
A,1647839340,0,0,66,11
A,1647839940,0,0,66,11
A,1647840540,0,0,66,12
A,1647841140,0,0,65,14
A,1647841740,0,0,66,13
A,1647842340,0,0,66,11
A,1647842940,0,0,66,11
A,1647843540,0,0,66,11
A,1647844140,0,0,66,12
A,1647844740,0,0,66,12
A,1647845340,0,0,65,11
A,1647845940,0,0,66,12
A,1647846540,0,0,66,14
A,1647847140,0,0,66,11
A,1647847740,0,0,66,11
A,1647848340,0,0,66,11
A,1647848940,0,0,66,13
A,1647849540,0,0,65,12
A,1647850140,0,0,66,13
A,1647850740,0,0,66,11
A,1647851340,0,0,66,12
A,1647851940,0,0,66,11
A,1647852540,0,0,66,11
A,1647853140,0,0,66,13
A,1647853740,0,0,66,15
A,1647854400,0,60,71,16
A,1647855000,0,0,66,16
A,1647855600,0,0,66,11
A,1647856200,0,0,66,11
A,1647856800,0,0,66,13
A,1647857400,0,0,66,14
A,1647858000,0,0,65,20
A,1647858600,0,0,65,11
A,1647859200,0,0,66,11
A,1647859800,0,0,66,11
A,1647860400,0,0,66,11
A,1647861000,0,0,66,11
A,1647861600,0,0,66,13
A,1647862200,0,0,66,14
A,1647862800,0,0,66,14
A,1647863400,0,0,65,16
A,1647864000,0,0,65,17
A,1647864600,0,0,66,11
A,1647865200,0,0,66,11
A,1647865800,0,0,66,12
A,1647866400,0,0,66,14
A,1647867000,0,0,66,13
A,1647867600,0,0,66,14
A,1647868200,0,0,66,14
A,1647868800,0,0,65,16
A,1647869400,0,0,66,14
A,1647870000,0,0,66,13
A,1647870600,0,0,66,12
A,1647871200,0,0,66,13
A,1647871800,0,0,66,17
A,1647872400,0,0,66,17
A,1647873000,0,0,66,14
A,1647873600,0,0,66,14
A,1647874320,0,120,71,45
A,1647874920,0,0,65,22
A,1647875520,0,0,66,12
A,1647876120,0,0,66,12
A,1647876720,0,0,66,13
A,1647877320,0,0,66,11
A,1647877920,0,0,66,13
A,1647878520,0,0,66,16
A,1647879120,0,0,65,12
A,1647879720,0,0,65,12
A,1647880320,0,0,63,30
A,1647880920,0,0,66,18
A,1647881520,0,0,66,15
A,1647882180,0,60,71,19
A,1647882780,0,0,66,23
A,1647883380,0,0,65,20
A,1647883980,0,0,66,15
A,1647884580,0,0,66,14
A,1647885180,0,0,65,12
A,1647885780,0,0,65,20
A,1647886380,0,0,66,18
A,1647886980,0,0,65,23
A,1647887580,0,0,66,15
A,1647888180,0,0,66,17
A,1647888780,0,0,66,17
A,1647889380,0,0,66,15
A,1647889980,0,0,65,15
A,1647890580,0,0,66,13
A,1647891180,0,0,66,12
A,1647891780,0,0,66,14
A,1647892380,0,0,66,14
A,1647892980,0,0,66,15
A,1647893580,0,0,66,13
A,1647894180,0,0,66,13
A,1647894840,0,60,71,11
A,1647895440,0,0,66,11
A,1647896040,0,0,66,14
A,1647896640,0,0,66,12
A,1647897240,0,0,66,12
A,1647897840,0,0,66,13
A,1647898440,0,0,66,14
A,1647899040,0,0,66,11
A,1647899640,0,0,65,11
A,1647900240,0,0,66,11
A,1647900840,0,0,66,12
A,1647901440,0,0,66,12
A,1647902040,0,0,66,13
A,1647902640,0,0,67,11
A,1647903240,0,0,66,12
A,1647903840,0,0,66,12
A,1647904440,0,0,65,11
A,1647905040,0,0,66,11
A,1647905640,0,0,66,11
A,1647906240,0,0,66,11
A,1647906840,0,0,66,14
A,1647907440,0,0,65,20
A,1647908040,0,0,64,14
A,1647908640,0,0,65,12
A,1647909240,0,0,65,12
A,1647909840,0,0,66,13
A,1647910440,0,0,66,12
A,1647911040,0,0,66,13
A,1647911640,0,0,66,11
A,1647912240,0,0,66,11
A,1647912840,0,0,66,12
A,1647913500,0,60,71,12
A,1647914100,0,0,66,12
A,1647914700,0,0,66,11
A,1647915300,0,0,66,13
A,1647915900,0,0,66,11
A,1647916500,0,0,66,11
A,1647917100,0,0,66,11
A,1647917700,0,0,65,11
A,1647918300,0,0,65,12
A,1647918900,0,0,66,11
A,1647919500,0,0,66,11
A,1647920100,0,0,66,11
A,1647920700,0,0,66,11
A,1647921300,0,0,66,11
A,1647921900,0,0,66,12
A,1647922500,0,0,65,12
A,1647923100,0,0,66,11
A,1647923700,0,0,66,11
A,1647924300,0,0,66,11
A,1647924900,0,0,66,11
A,1647925500,0,0,66,11
A,1647926100,0,0,66,12
A,1647926700,0,0,65,12
A,1647927300,0,0,66,11
A,1647927900,0,0,66,11
A,1647928500,0,0,66,11
A,1647929100,0,0,66,12
A,1647929700,0,0,66,12
A,1647930300,0,0,66,11
A,1647930900,0,0,66,12
A,1647931500,0,0,66,12
A,1647932100,0,0,66,11
A,1647932700,0,0,66,12
A,1647933300,0,0,66,11
A,1647933900,0,0,66,15
A,1647934500,0,0,66,12
A,1647935100,0,0,66,11
A,1647935700,0,0,65,12
A,1647936300,0,0,66,13
A,1647936900,0,0,66,13
A,1647937500,0,0,66,12
A,1647938100,0,0,66,13
A,1647938700,0,0,66,11
A,1647939300,0,0,66,11
A,1647939960,0,60,71,11
A,1647940560,0,0,65,19
A,1647941160,0,0,65,23
A,1647941760,0,0,66,18
A,1647942360,0,0,64,27
A,1647942960,0,0,66,14
A,1647943560,0,0,66,14
A,1647944160,0,0,66,11
A,1647944760,0,0,66,17
A,1647945360,0,0,66,13
A,1647945960,0,0,66,16
A,1647946560,0,0,66,16
A,1647947160,0,0,66,16
A,1647947760,0,0,65,20
A,1647948360,0,0,66,13
A,1647948960,0,0,66,15
A,1647949560,0,0,66,11
A,1647950160,0,0,66,12
A,1647950820,0,60,71,13
A,1647951420,0,0,66,11
A,1647952020,0,0,66,13
A,1647952620,0,0,66,11
A,1647953220,0,0,66,11
A,1647953820,0,0,66,11
A,1647954420,0,0,66,11
A,1647955020,0,0,66,12
A,1647955620,0,0,65,11
A,1647956220,0,0,66,15
A,1647956820,0,0,66,14
A,1647957420,0,0,66,14
A,1647958020,0,0,66,13
A,1647958620,0,0,66,13
A,1647959220,0,0,66,13
A,1647959820,0,0,65,20
A,1647960420,0,0,66,11
A,1647961020,0,0,65,15
A,1647961620,0,0,66,12
A,1647962220,0,0,66,13
A,1647962820,0,0,66,13
A,1647963420,0,0,66,15
A,1647964020,0,0,66,12
A,1647964620,0,0,66,16
A,1647965220,0,0,66,11
A,1647965820,0,0,65,11
A,1647966420,0,0,66,11
A,1647967020,0,0,66,12
A,1647967620,0,0,66,13
A,1647968220,0,0,66,11
A,1647968820,0,0,66,11
A,1647969420,0,0,66,12
A,1647970020,0,0,66,11
A,1647970620,0,0,66,13
A,1647971220,0,0,65,11
A,1647971820,1,0,66,11
A,1647972420,1,0,66,11
A,1647973020,1,0,66,13
A,1647973620,1,0,66,11
A,1647974220,1,0,66,13
A,1647974820,1,0,66,11
A,1647975420,0,0,66,13
A,1647976080,1,60,71,12
A,1647976680,0,0,65,16
A,1647977280,0,0,66,16
A,1647977880,0,0,66,15
A,1647978480,0,0,66,13
A,1647979080,0,0,66,11
A,1647979680,0,0,66,11
A,1647980280,0,0,66,11
A,1647980880,0,0,65,11
A,1647981480,0,0,66,11
A,1647982080,0,0,66,12
A,1647982680,0,0,66,12
A,1647983280,0,0,66,11
A,1647983880,0,0,66,11
A,1647984480,0,0,66,12
A,1647985080,0,0,66,11
A,1647985680,0,0,65,11
A,1647986280,0,0,66,11
A,1647986880,0,0,66,15
A,1647987480,0,0,66,12
A,1647988080,0,0,66,14
A,1647988680,0,0,66,14
A,1647989280,0,0,65,24
A,1647989880,0,0,66,11
A,1647990480,0,0,65,11
A,1647991080,0,0,66,16
A,1647991680,0,0,66,12
A,1647992280,0,0,66,12
A,1647992880,0,0,66,11
A,1647993480,0,0,66,13
A,1647994080,0,0,66,15
A,1647994680,0,0,66,15
A,1647995340,0,60,71,15
A,1647995940,0,0,66,12
A,1647996540,0,0,66,12
A,1647997140,0,0,66,13
A,1647997740,0,0,66,12
A,1647998340,0,0,66,12
A,1647998940,0,0,66,13
A,1647999540,0,0,64,21
A,1648000140,0,0,66,14
A,1648000740,0,0,66,14
A,1648001340,0,0,66,11
A,1648001940,0,0,66,13
A,1648002540,0,0,66,12
A,1648003140,0,0,66,14
A,1648003740,0,0,66,13
A,1648004340,0,0,66,13
A,1648004940,0,0,66,12
A,1648005540,0,0,66,12
A,1648006140,0,0,66,11
A,1648006740,0,0,66,12
A,1648007340,0,0,66,14
A,1648007940,0,0,66,11
A,1648008540,0,0,65,15
A,1648009140,0,0,66,11
A,1648009740,0,0,66,12
A,1648010340,0,0,66,11
A,1648010940,0,0,66,11
A,1648011540,0,0,66,12
A,1648012140,0,0,66,13
A,1648012740,0,0,65,11
A,1648013340,0,0,65,11
A,1648013940,0,0,66,12
A,1648014540,0,0,66,12
A,1648015140,0,0,66,11
A,1648015740,0,0,66,13
A,1648016340,0,0,66,11
A,1648017000,0,60,71,13
A,1648017600,0,0,66,11
A,1648018200,0,0,66,11
A,1648018800,0,0,66,12
A,1648019400,0,0,66,12
A,1648020000,0,0,66,13
A,1648020600,0,0,66,14
A,1648021200,0,0,66,17
A,1648021800,0,0,65,13
A,1648022400,0,0,66,17
A,1648023000,0,0,66,16
A,1648023600,0,0,66,17
A,1648024200,0,0,66,14
A,1648024800,0,0,65,15
A,1648025400,0,0,65,22
A,1648026000,0,0,65,11
A,1648026600,0,0,66,11
A,1648027200,0,0,66,11
A,1648027800,0,0,66,11
A,1648028400,0,0,66,12
A,1648029000,0,0,66,11
A,1648029600,0,0,66,12
A,1648030200,0,0,66,11
A,1648030800,0,0,65,11
A,1648031400,0,0,66,11
A,1648032000,0,0,66,12
A,1648032600,0,0,66,14
A,1648033260,0,60,66,67
A,1648033920,0,60,71,20
A,1648034460,0,0,61,16
A,1648035060,0,0,67,15
A,1648035660,0,0,66,14
A,1648036320,0,60,71,15
A,1648036920,0,0,66,15
A,1648037520,0,0,66,12
A,1648038120,0,0,66,15
A,1648038720,0,0,66,16
A,1648039320,0,0,66,13
A,1648039920,0,0,66,13
A,1648040520,0,0,67,12
A,1648041120,0,0,65,13
A,1648041720,0,0,66,16
A,1648042320,0,0,66,15
A,1648042920,0,0,66,16
A,1648043520,0,0,65,20
A,1648044120,0,0,66,16
A,1648044720,0,0,66,16
A,1648045320,0,0,66,14
A,1648045920,0,0,66,14
A,1648046520,0,0,65,14
A,1648047120,0,0,66,14
A,1648047720,0,0,66,15
A,1648048320,0,0,64,21
A,1648048980,1,60,69,28
A,1648049580,1,0,65,19
A,1648050180,1,0,66,16
A,1648050780,1,0,66,14
A,1648051380,1,0,66,15
A,1648051980,1,0,66,12
A,1648052580,1,0,65,17
A,1648053180,1,0,65,20
A,1648053780,1,0,65,18
A,1648054440,1,60,71,14
A,1648055040,1,0,65,19
A,1648055640,1,0,66,16
A,1648056240,1,0,64,30
A,1648056840,1,0,66,19
A,1648057440,0,0,67,16
A,1648058100,1,60,70,21
A,1648058700,1,0,66,14
A,1648059300,1,0,66,15
A,1648059900,1,0,63,24
A,1648060560,1,60,67,42
A,1648061160,1,0,66,15
A,1648061760,1,0,65,19
A,1648062360,1,0,66,12
A,1648062960,1,0,65,11
A,1648063560,1,0,65,14
A,1648064160,1,0,66,14
A,1648064760,1,0,66,11
A,1648065360,1,0,66,14
A,1648065960,1,0,66,11
A,1648066560,1,0,66,13
A,1648067160,1,0,66,11
A,1648067760,1,0,66,11
A,1648068360,1,0,65,11
A,1648068960,1,0,66,13
A,1648069560,1,0,66,13
A,1648070160,1,0,66,11
A,1648070760,1,0,66,11
A,1648071360,1,0,66,12
A,1648071960,1,0,66,11
A,1648072560,1,0,66,11
A,1648073220,1,60,71,13
A,1648073820,1,0,66,14
A,1648074420,1,0,66,13
A,1648075020,1,0,66,15
A,1648075620,1,0,66,17
A,1648076220,1,0,66,13
A,1648076820,1,0,65,20
A,1648077420,1,0,65,13
A,1648078020,1,0,65,15
A,1648078620,1,0,66,12
A,1648079220,1,0,66,12
A,1648079820,1,0,66,12
A,1648080420,1,0,66,13
A,1648081020,1,0,66,11
A,1648081620,1,0,66,11
A,1648082220,1,0,65,12
A,1648082820,1,0,66,11
A,1648083420,1,0,66,11
A,1648084020,1,0,66,11
A,1648084620,1,0,66,12
A,1648085220,1,0,66,13
A,1648085820,1,0,66,13
A,1648086420,1,0,65,13
A,1648087020,1,0,66,13
A,1648087620,1,0,66,12
A,1648088220,1,0,66,13
A,1648088820,1,0,66,16
A,1648089420,1,0,66,12
A,1648090020,1,0,66,13
A,1648090620,1,0,66,14
A,1648091220,1,0,65,15
A,1648091820,1,0,66,15
A,1648092420,1,0,66,15
A,1648093020,1,0,66,14
A,1648093620,1,0,66,14
A,1648094220,1,0,66,12
A,1648094880,1,60,72,12
A,1648095480,1,0,66,14
A,1648096080,0,0,66,14
A,1648096680,0,0,66,14
A,1648097280,0,0,66,14
A,1648097880,0,0,66,16
A,1648098480,0,0,66,13
A,1648099080,0,0,65,12
A,1648099680,0,0,65,11
A,1648100280,0,0,66,13
A,1648100880,0,0,66,13
A,1648101480,0,0,67,11
A,1648102080,0,0,66,11
A,1648102680,0,0,66,13
A,1648103280,0,0,66,11
A,1648103880,0,0,66,11
A,1648104480,0,0,65,11
A,1648105080,0,0,66,11
A,1648105680,0,0,66,11
A,1648106280,0,0,66,15
A,1648106880,0,0,66,13
A,1648107480,0,0,66,16
A,1648108080,0,0,66,12
A,1648108680,0,0,65,14
A,1648109280,0,0,66,14
A,1648109880,0,0,66,13
A,1648110480,0,0,66,11
A,1648111080,0,0,66,11
A,1648111680,0,0,65,20
A,1648112280,0,0,66,11
A,1648112940,0,60,71,13
A,1648113540,0,0,66,13
A,1648114140,0,0,66,12
A,1648114740,0,0,66,13
A,1648115340,0,0,66,11
A,1648115940,0,0,65,13
A,1648116540,0,0,66,14
A,1648117140,0,0,66,12
A,1648117740,0,0,65,20
A,1648118340,0,0,66,16
A,1648118940,0,0,65,22
A,1648119540,0,0,66,13
A,1648120140,0,0,66,11
A,1648120740,0,0,66,12
A,1648121340,0,0,66,12
A,1648121940,0,0,66,11
A,1648122540,0,0,65,11
A,1648123140,0,0,66,11
A,1648123740,0,0,66,13
A,1648124340,0,0,66,15
A,1648124940,0,0,66,13
A,1648125540,0,0,66,12
A,1648126140,0,0,66,14
A,1648126740,0,0,66,13
A,1648127340,0,0,65,11
A,1648127940,0,0,66,13
A,1648128540,0,0,66,13
A,1648129140,0,0,66,14
A,1648129740,0,0,66,15
A,1648130340,0,0,66,15
A,1648130940,0,0,66,15
A,1648131600,0,60,71,20
A,1648132200,0,0,65,12
A,1648132800,0,0,66,11
A,1648133400,0,0,66,15
A,1648134000,0,0,66,13
A,1648134600,0,0,66,11
A,1648135200,0,0,66,11
A,1648135800,0,0,66,12
A,1648136400,0,0,65,12
A,1648137000,0,0,65,12
A,1648137600,0,0,65,21
A,1648138200,0,0,65,21
A,1648138800,0,0,65,20
A,1648139460,0,60,71,20
A,1648140060,1,0,66,13
A,1648140660,1,0,65,26
A,1648141260,1,0,66,12
A,1648141860,1,0,66,14
A,1648142460,1,0,66,15
A,1648143060,1,0,65,18
A,1648143660,0,0,66,19
A,1648144260,0,0,66,15
A,1648144860,0,0,66,15
A,1648145460,1,0,66,14
A,1648146060,1,0,66,12
A,1648146660,1,0,67,16
A,1648147260,1,0,65,13
A,1648147860,1,0,65,13
A,1648148460,1,0,66,12
A,1648149060,1,0,66,13
A,1648149660,1,0,66,13
A,1648150260,1,0,66,12
A,1648150860,1,0,66,12
A,1648151460,1,0,66,11
A,1648152060,1,0,65,11
A,1648152660,1,0,66,15
A,1648153260,1,0,66,13
A,1648153860,1,0,66,13
A,1648154460,1,0,66,12
A,1648155060,1,0,66,12
A,1648155660,1,0,66,13
A,1648156260,1,0,66,14
A,1648156920,1,60,71,12
A,1648157520,1,0,66,15
A,1648158120,1,0,66,12
A,1648158720,1,0,66,12
A,1648159320,1,0,66,12
A,1648159920,1,0,66,12
A,1648160520,1,0,66,11
A,1648161120,1,0,65,15
A,1648161720,1,0,66,13
A,1648162320,1,0,66,11
A,1648162920,1,0,66,11
A,1648163520,1,0,66,13
A,1648164120,1,0,66,11
A,1648164720,1,0,66,11
A,1648165320,1,0,65,12
A,1648165920,1,0,66,11
A,1648166520,1,0,66,11
A,1648167120,1,0,66,11
A,1648167720,1,0,66,11
A,1648168320,1,0,66,14
A,1648168920,0,0,66,11
A,1648169520,0,0,65,14
A,1648170120,0,0,65,12
A,1648170720,0,0,66,14
A,1648171320,0,0,66,12
A,1648171920,0,0,66,14
A,1648172520,0,0,66,12
A,1648173120,0,0,65,12
A,1648173720,0,0,66,13
A,1648174320,0,0,65,12
A,1648174920,0,0,66,13
A,1648175520,0,0,66,11
A,1648176120,0,0,66,12
A,1648176720,0,0,66,15
A,1648177320,0,0,66,13
A,1648177920,0,0,66,12
A,1648178520,0,0,65,12
A,1648179120,0,0,66,11
A,1648179720,0,0,66,12
A,1648180320,0,0,66,12
A,1648180920,0,0,66,17
A,1648181520,0,0,66,14
A,1648182120,0,0,66,11
A,1648182780,0,60,71,11
A,1648183380,0,0,66,12
A,1648183980,0,0,66,13
A,1648184580,0,0,66,11
A,1648185180,0,0,66,11
A,1648185780,0,0,66,13
A,1648186380,0,0,66,11
A,1648186980,0,0,66,11
A,1648187580,0,0,65,12
A,1648188180,0,0,66,12
A,1648188780,0,0,66,11
A,1648189380,0,0,66,12
A,1648189980,0,0,66,11
A,1648190580,0,0,66,11
A,1648191180,0,0,66,12
A,1648191780,0,0,65,11
A,1648192380,0,0,66,11
A,1648192980,0,0,66,11
A,1648193580,0,0,66,11
A,1648194180,0,0,66,11
A,1648194780,0,0,66,11
A,1648195380,0,0,66,11
A,1648195980,0,0,65,12
A,1648196580,0,0,66,11
A,1648197180,0,0,66,11
A,1648197780,0,0,66,13
A,1648198380,0,0,66,14
A,1648198980,0,0,66,12
A,1648199580,0,0,66,12
A,1648200180,0,0,65,11
A,1648200780,0,0,65,13
A,1648201380,0,0,65,22
A,1648201980,0,0,66,14
A,1648202640,0,60,71,22
A,1648203240,0,0,65,19
A,1648203840,0,0,66,14
A,1648204440,0,0,66,13
A,1648205040,0,0,66,14
A,1648205640,0,0,66,12
A,1648206240,0,0,66,17
A,1648206840,0,0,66,14
A,1648207440,0,0,66,14
A,1648208040,0,0,66,15
A,1648208640,0,0,66,17
A,1648209240,0,0,66,15
A,1648209840,0,0,66,13
A,1648210440,0,0,65,12
A,1648211040,0,0,66,12
A,1648211640,0,0,66,13
A,1648212240,0,0,66,13
A,1648212840,0,0,66,13
A,1648213440,0,0,66,13
A,1648214040,0,0,65,21
A,1648214640,0,0,66,13
A,1648215300,0,60,70,20
A,1648215900,0,0,66,14
A,1648216500,0,0,66,16
A,1648217100,0,0,66,19
A,1648217700,0,0,66,17
A,1648218300,0,0,66,17
A,1648218900,0,0,65,21
A,1648219500,0,0,66,16
A,1648220100,0,0,65,13
A,1648220700,0,0,65,13
A,1648221300,1,0,66,15
A,1648221900,1,0,66,12
A,1648222500,1,0,66,11
A,1648223100,1,0,66,13
A,1648223700,1,0,65,21
A,1648224300,1,0,65,21
A,1648224960,1,60,67,37
A,1648225560,1,0,64,21
A,1648226220,1,60,70,21
A,1648226820,1,0,64,30
A,1648227420,1,0,66,13
A,1648228020,1,0,66,16
A,1648228620,1,0,65,21
A,1648229220,1,0,66,14
A,1648229820,1,0,66,15
A,1648230420,1,0,66,13
A,1648231020,1,0,65,13
A,1648231620,1,0,65,15
A,1648232220,1,0,66,11
A,1648232820,1,0,66,13
A,1648233420,1,0,66,15
A,1648234020,1,0,66,15
A,1648234620,1,0,66,12
A,1648235220,1,0,66,13
A,1648235820,1,0,66,12
A,1648236420,1,0,66,13
A,1648237020,1,0,66,12
A,1648237620,1,0,66,12
A,1648238220,1,0,66,15
A,1648238820,1,0,67,14
A,1648239420,1,0,66,12
A,1648240020,1,0,66,14
A,1648240680,1,60,71,14
A,1648241280,1,0,66,12
A,1648241880,1,0,66,11
A,1648242480,1,0,66,16
A,1648243080,1,0,66,15
A,1648243680,1,0,66,15
A,1648244280,1,0,66,12
A,1648244880,1,0,65,14
A,1648245480,1,0,66,16
A,1648246080,1,0,66,13
A,1648246680,1,0,66,11
A,1648247280,1,0,66,12
A,1648247880,1,0,66,11
A,1648248480,1,0,66,12
A,1648249080,1,0,65,12
A,1648249680,1,0,66,12
A,1648250280,1,0,66,11
A,1648250880,1,0,66,11
A,1648251480,1,0,66,12
A,1648252080,1,0,66,11
A,1648252680,1,0,66,11
A,1648253280,1,0,66,13
A,1648253880,1,0,65,11
A,1648254480,0,0,66,11
A,1648255080,1,0,66,11
A,1648255680,1,0,66,11
A,1648256280,0,0,66,14
A,1648256880,0,0,67,11
A,1648257480,0,0,66,12
A,1648258080,0,0,65,13
A,1648258680,0,0,66,13
A,1648259280,0,0,66,11
A,1648259880,0,0,66,11
A,1648260480,0,0,66,11
A,1648261080,0,0,66,11
A,1648261680,0,0,66,11
A,1648262280,0,0,66,12
A,1648262880,0,0,65,13
A,1648263480,0,0,66,12
A,1648264080,0,0,66,13
A,1648264680,0,0,66,11
A,1648265280,0,0,66,11
A,1648265880,0,0,66,11
A,1648266480,0,0,66,11
A,1648267140,0,60,71,11
A,1648267740,0,0,66,12
A,1648268340,0,0,66,11
A,1648268940,0,0,66,11
A,1648269540,0,0,66,11
A,1648270140,0,0,66,12
A,1648270740,0,0,66,13
A,1648271340,0,0,65,11
A,1648271940,0,0,65,11
A,1648272540,0,0,66,11
A,1648273140,0,0,66,11
A,1648273740,0,0,66,11
A,1648274340,0,0,66,11
A,1648274940,0,0,66,12
A,1648275540,0,0,66,11
A,1648276140,0,0,66,11
A,1648276740,0,0,66,12
A,1648277340,0,0,66,11
A,1648277940,0,0,66,11
A,1648278540,0,0,66,11
A,1648279140,0,0,66,11
A,1648279740,0,0,66,11
A,1648280340,0,0,65,11
A,1648280940,0,0,66,11
A,1648281540,0,0,66,11
A,1648282140,0,0,66,11
A,1648282740,0,0,66,11
A,1648283340,0,0,66,11
A,1648283940,0,0,66,11
A,1648284540,0,0,65,11
A,1648285140,0,0,66,12
A,1648285740,0,0,66,12
A,1648286340,0,0,66,12
A,1648286940,0,0,66,11
A,1648287540,0,0,66,11
A,1648288140,0,0,66,11
A,1648288740,0,0,65,12
A,1648289340,0,0,66,12
A,1648289940,0,0,66,11
A,1648290540,0,0,66,12
A,1648291140,0,0,66,11
A,1648291740,0,0,66,11
A,1648292340,0,0,66,11
A,1648293000,0,60,71,11
A,1648293600,0,0,66,12
A,1648294200,0,0,66,12
A,1648294800,0,0,65,21
A,1648295400,0,0,65,11
A,1648296000,0,0,66,15
A,1648296600,0,0,66,13
A,1648297200,0,0,66,11
A,1648297800,0,0,65,11
A,1648298400,0,0,66,15
A,1648299000,0,0,66,16
A,1648299600,0,0,66,16
A,1648300200,0,0,66,13
A,1648300800,0,0,66,13
A,1648301400,0,0,66,15
A,1648302000,0,0,64,21
A,1648302600,0,0,65,12
A,1648303200,0,0,66,14
A,1648303800,0,0,66,13
A,1648304400,0,0,66,13
A,1648305000,0,0,66,11
A,1648305600,0,0,66,11
A,1648306200,0,0,66,12
A,1648306800,0,0,65,13
A,1648307400,0,0,66,14
A,1648308000,0,0,66,12
A,1648308600,0,0,66,15
A,1648309200,0,0,66,14
A,1648309800,0,0,66,15
A,1648310400,0,0,66,15
A,1648311060,0,60,71,12
A,1648311660,0,0,66,12
A,1648312260,0,0,66,19
A,1648312860,0,0,66,12
A,1648313460,0,0,66,14
A,1648314060,0,0,66,13
A,1648314660,0,0,66,11
A,1648315260,0,0,66,15
A,1648315860,1,0,65,14
A,1648316460,1,0,66,12
A,1648317060,1,0,66,13
A,1648317660,1,0,66,15
A,1648318260,1,0,66,14
A,1648318860,1,0,66,11
A,1648319460,1,0,66,15
A,1648320060,1,0,66,14
A,1648320660,1,0,65,11
A,1648321260,1,0,66,12
A,1648321860,1,0,66,12
A,1648322460,1,0,66,11
A,1648323060,1,0,66,11
A,1648323660,1,0,66,11
A,1648324260,1,0,66,13
A,1648324860,0,0,65,11
A,1648325460,0,0,66,13
A,1648326060,0,0,66,13
A,1648326660,0,0,66,13
A,1648327260,0,0,66,11
A,1648327860,0,0,66,12
A,1648328460,0,0,66,12
A,1648329060,0,0,66,11
A,1648329660,0,0,65,11
A,1648330260,0,0,66,12
A,1648330860,0,0,66,12
A,1648331460,0,0,66,12
A,1648332060,0,0,66,11
A,1648332660,0,0,66,13
A,1648333260,0,0,66,11
A,1648333860,0,0,65,11
A,1648334460,1,0,66,11
A,1648335060,1,0,66,11
A,1648335660,1,0,66,12
A,1648336260,1,0,66,11
A,1648336860,1,0,66,11
A,1648337460,1,0,66,11
A,1648338120,1,60,71,12
A,1648338720,1,0,66,13
A,1648339320,1,0,66,11
A,1648339920,1,0,66,11
A,1648340520,0,0,66,11
A,1648341120,1,0,66,11
A,1648341720,0,0,66,11
A,1648342320,0,0,66,11
A,1648342920,0,0,65,11
A,1648343520,0,0,66,11
A,1648344120,0,0,66,12
A,1648344720,0,0,66,12
A,1648345320,0,0,66,11
A,1648345920,0,0,66,11
A,1648346520,0,0,66,11
A,1648347120,0,0,65,13
A,1648347720,0,0,66,11
A,1648348320,0,0,66,11
A,1648348920,0,0,66,11
A,1648349520,0,0,66,11
A,1648350120,0,0,66,12
A,1648350720,0,0,66,11
A,1648351320,0,0,66,11
A,1648351920,0,0,65,11
A,1648352520,0,0,66,11
A,1648353120,0,0,66,11
A,1648353720,0,0,66,11
A,1648354320,0,0,66,11
A,1648354920,0,0,66,11
A,1648355520,0,0,66,12
A,1648356120,0,0,65,11
A,1648356720,0,0,66,11
A,1648357320,0,0,66,11
A,1648357920,0,0,66,11
A,1648358520,0,0,66,11
A,1648359120,0,0,66,11
A,1648359720,0,0,66,12
A,1648360320,0,0,65,11
A,1648360920,0,0,66,11
A,1648361520,0,0,66,11
A,1648362120,0,0,66,11
A,1648362720,0,0,66,11
A,1648363320,0,0,66,11
A,1648363920,0,0,66,11
A,1648364520,0,0,66,13
A,1648365180,0,60,72,12
A,1648365780,0,0,66,14
A,1648366380,0,0,66,11
A,1648366980,0,0,66,11
A,1648367580,0,0,66,13
A,1648368180,0,0,66,11
A,1648368780,0,0,65,11
A,1648369380,0,0,65,13
A,1648369980,0,0,66,13
A,1648370580,0,0,66,11
A,1648371180,0,0,66,11
A,1648371780,0,0,66,14
A,1648372380,0,0,66,11
A,1648372980,0,0,66,11
A,1648373580,0,0,65,11
A,1648374180,0,0,66,11
A,1648374780,0,0,66,11
A,1648375380,0,0,66,11
A,1648375980,0,0,66,11
A,1648376580,0,0,66,11
A,1648377180,0,0,66,11
A,1648377780,0,0,65,12
A,1648378380,0,0,66,11
A,1648378980,0,0,66,13
A,1648379580,0,0,66,11
A,1648380180,0,0,66,12
A,1648380780,0,0,66,14
A,1648381380,0,0,66,11
A,1648381980,0,0,65,11
A,1648382580,0,0,66,11
A,1648383180,0,0,66,13
A,1648383780,0,0,66,11
A,1648384380,0,0,66,11
A,1648384980,0,0,66,11
A,1648385580,0,0,66,11
A,1648386180,0,0,66,11
A,1648386840,0,60,71,11
A,1648387440,0,0,66,11
A,1648388040,0,0,66,11
A,1648388640,0,0,66,11
A,1648389240,0,0,66,11
A,1648389840,0,0,66,11
A,1648390440,0,0,66,11
A,1648391040,0,0,65,11
A,1648391640,0,0,66,15
A,1648392240,0,0,66,15
A,1648392840,0,0,66,12
A,1648393440,0,0,66,12
A,1648394040,0,0,66,11
A,1648394640,0,0,66,12
A,1648395240,0,0,66,11
A,1648395840,0,0,65,11
A,1648396440,0,0,66,12
A,1648397040,0,0,66,13
A,1648397640,0,0,66,12
A,1648398240,0,0,66,12
A,1648398840,0,0,66,11
A,1648399440,0,0,66,11
A,1648400040,0,0,65,14
A,1648400640,0,0,66,13
A,1648401240,0,0,66,14
A,1648401840,0,0,66,15
A,1648402440,1,0,66,11
A,1648403040,1,0,66,11
A,1648403640,1,0,66,11
A,1648404240,1,0,65,11
A,1648404840,1,0,65,11
A,1648405440,1,0,66,15
A,1648406040,1,0,66,17
A,1648406640,0,0,66,12
A,1648407240,0,0,66,11
A,1648407840,0,0,66,11
A,1648408440,0,0,66,14
A,1648409040,0,0,65,11
A,1648409640,0,0,66,14
A,1648410240,0,0,66,11
A,1648410840,0,0,66,12
A,1648411440,0,0,66,11
A,1648412040,0,0,66,11
A,1648412640,0,0,66,11
A,1648413300,0,60,71,11
A,1648413900,1,0,66,11
A,1648414500,1,0,66,11
A,1648415100,1,0,66,12
A,1648415700,1,0,66,12
A,1648416300,1,0,66,13
A,1648416900,1,0,66,11
A,1648417500,1,0,66,14
A,1648418100,1,0,65,11
A,1648418700,0,0,66,12
A,1648419300,0,0,66,12
A,1648419900,0,0,66,12
A,1648420500,0,0,66,11
A,1648421100,0,0,66,11
A,1648421700,0,0,66,11
A,1648422300,0,0,65,13
A,1648422900,0,0,66,11
A,1648423500,0,0,66,13
A,1648424100,0,0,66,11
A,1648424700,0,0,66,11
A,1648425300,0,0,66,11
A,1648425900,0,0,66,11
A,1648426500,0,0,65,13
A,1648427100,0,0,66,11
A,1648427700,0,0,66,11
A,1648428300,0,0,66,12
A,1648428900,0,0,66,11
A,1648429500,0,0,66,11
A,1648430100,0,0,66,12
A,1648430700,0,0,66,11
A,1648431300,0,0,65,11
A,1648431900,0,0,66,11
A,1648432500,0,0,66,11
A,1648433100,0,0,66,11
A,1648433700,0,0,66,12
A,1648434300,0,0,66,13
A,1648434900,0,0,65,12
A,1648435500,0,0,65,12
A,1648436100,0,0,66,11
A,1648436700,0,0,66,11
A,1648437300,0,0,66,11
A,1648437900,0,0,66,11
A,1648438500,0,0,66,13
A,1648439100,0,0,66,11
A,1648439760,0,60,71,11
A,1648440360,0,0,66,11
A,1648440960,0,0,66,11
A,1648441560,0,0,66,11
A,1648442160,0,0,66,12
A,1648442760,0,0,66,11
A,1648443360,0,0,66,11
A,1648443960,0,0,65,11
A,1648444560,0,0,66,12
A,1648445160,0,0,66,11
A,1648445760,0,0,66,11
A,1648446360,0,0,66,11
A,1648446960,0,0,66,11
A,1648447560,0,0,66,11
A,1648448160,0,0,65,11
A,1648448760,0,0,66,12
A,1648449360,0,0,66,12
A,1648449960,0,0,66,11
A,1648450560,0,0,66,11
A,1648451160,0,0,66,11
A,1648451760,0,0,66,11
A,1648452360,0,0,65,13
A,1648452960,0,0,66,11
A,1648453560,0,0,66,11
A,1648454160,0,0,66,15
A,1648454760,0,0,66,13
A,1648455360,0,0,66,13
A,1648455960,0,0,66,11
A,1648456560,0,0,66,12
A,1648457160,0,0,66,13
A,1648457760,0,0,66,11
A,1648458360,0,0,66,11
A,1648458960,0,0,66,12
A,1648459560,0,0,66,11
A,1648460160,0,0,66,12
A,1648460760,0,0,66,14
A,1648461360,0,0,65,12
A,1648461960,0,0,66,11
A,1648462560,0,0,66,13
A,1648463160,0,0,66,13
A,1648463760,0,0,66,15
A,1648464360,0,0,66,18
A,1648464960,0,0,66,13
A,1648465560,0,0,66,11
A,1648466220,0,60,71,12
A,1648466820,0,0,66,12
A,1648467420,0,0,66,17
A,1648468020,0,0,66,13
A,1648468620,0,0,66,11
A,1648469220,0,0,66,11
A,1648469820,0,0,66,12
A,1648470420,0,0,66,13
A,1648471020,0,0,66,11
A,1648471620,0,0,66,12
A,1648472220,0,0,66,13
A,1648472820,0,0,66,16
A,1648473420,0,0,66,16
A,1648474020,0,0,64,21
A,1648474620,0,0,66,14
A,1648475220,0,0,66,15
A,1648475820,0,0,65,13
A,1648476420,0,0,66,14
A,1648477020,0,0,66,11
A,1648477620,0,0,66,12
A,1648478220,0,0,66,12
A,1648478820,0,0,66,15
A,1648479420,0,0,66,13
A,1648480020,0,0,66,13
A,1648480620,0,0,65,15
A,1648481280,0,60,70,20
A,1648481880,0,0,66,15
A,1648482480,0,0,66,11
A,1648483080,0,0,66,12
A,1648483680,0,0,66,12
A,1648484280,0,0,66,13
A,1648484880,0,0,66,13
A,1648485480,0,0,66,11
A,1648486080,0,0,66,13
A,1648486680,0,0,66,13
A,1648487280,0,0,66,11
A,1648487880,0,0,66,14
A,1648488480,0,0,66,11
A,1648489080,0,0,66,12
A,1648489680,0,0,66,11
A,1648490280,0,0,66,11
A,1648490880,0,0,66,11
A,1648491480,0,0,66,11
A,1648492080,0,0,66,14
A,1648492680,0,0,66,11
A,1648493280,0,0,66,12
A,1648493880,0,0,66,12
A,1648494480,0,0,66,11
A,1648495080,0,0,65,11
A,1648495680,0,0,66,11
A,1648496280,0,0,66,11
A,1648496880,0,0,66,14
A,1648497480,0,0,66,11
A,1648498080,0,0,66,15
A,1648498680,0,0,66,11
A,1648499280,0,0,66,11
A,1648499880,0,0,65,12
A,1648500480,0,0,66,11
A,1648501080,0,0,66,11
A,1648501680,0,0,66,11
A,1648502280,0,0,66,11
A,1648502880,0,0,66,12
A,1648503480,0,0,66,11
A,1648504080,0,0,65,11
A,1648504680,0,0,66,11
A,1648505280,0,0,66,12
A,1648505880,0,0,66,11
A,1648506480,0,0,66,11
A,1648507080,0,0,66,11
A,1648507680,0,0,66,11
A,1648508340,0,60,71,11
A,1648508940,0,0,66,12
A,1648509540,0,0,66,11
A,1648510140,0,0,66,11
A,1648510740,0,0,66,11
A,1648511340,0,0,66,12
A,1648511940,0,0,66,11
A,1648512540,0,0,66,11
A,1648513140,0,0,66,11
A,1648513740,0,0,66,11
A,1648514340,0,0,66,11
A,1648514940,0,0,66,11
A,1648515540,0,0,66,12
A,1648516140,0,0,66,11
A,1648516740,0,0,66,11
A,1648517340,0,0,65,11
A,1648517940,0,0,66,11
A,1648518540,0,0,67,11
A,1648519140,0,0,67,11
A,1648519740,0,0,66,11
A,1648520340,0,0,66,11
A,1648520940,0,0,66,11
A,1648521540,0,0,65,11
A,1648522140,0,0,66,11
A,1648522740,0,0,66,12
A,1648523340,0,0,66,11
A,1648523940,0,0,66,12
A,1648524540,0,0,66,11
A,1648525140,0,0,66,11
A,1648525740,0,0,65,12
A,1648526340,0,0,66,12
A,1648526940,0,0,66,11
A,1648527540,0,0,66,11
A,1648528140,0,0,66,11
A,1648528740,0,0,66,11
A,1648529340,0,0,66,13
A,1648529940,0,0,66,14
A,1648530600,0,60,71,13
A,1648531200,0,0,66,12
A,1648531800,0,0,66,14
A,1648532400,0,0,66,11
A,1648533000,0,0,66,11
A,1648533600,0,0,66,11
A,1648534200,0,0,66,11
A,1648534800,0,0,65,11
A,1648535400,0,0,66,11
A,1648536000,0,0,66,12
A,1648536600,0,0,66,11
A,1648537200,0,0,66,11
A,1648537800,0,0,66,13
A,1648538400,0,0,66,11
A,1648539000,0,0,65,12
A,1648539600,0,0,66,11
A,1648540200,0,0,66,11
A,1648540800,0,0,66,15
A,1648541400,0,0,66,11
A,1648542000,0,0,66,14
A,1648542600,0,0,66,13
A,1648543200,0,0,66,15
A,1648543800,0,0,66,11
A,1648544400,0,0,66,12
A,1648545000,0,0,66,12
A,1648545600,0,0,66,14
A,1648546200,0,0,65,19
A,1648546800,0,0,64,19
A,1648547460,0,60,70,30
A,1648548060,0,0,64,20
A,1648548660,0,0,65,11
A,1648549260,0,0,66,11
A,1648549860,0,0,66,11
A,1648550460,0,0,66,12
A,1648551060,0,0,66,15
A,1648551660,0,0,66,13
A,1648552260,0,0,66,13
A,1648552860,0,0,66,12
A,1648553460,0,0,66,14
A,1648554060,0,0,66,13
A,1648554660,0,0,66,19
A,1648555260,0,0,66,11
A,1648555860,0,0,66,12
A,1648556460,0,0,66,15
A,1648557060,0,0,66,16
A,1648557660,0,0,65,21
A,1648558260,0,0,65,12
A,1648558860,0,0,66,12
A,1648559460,0,0,66,15
A,1648560060,0,0,66,13
A,1648560660,0,0,66,20
A,1648561260,0,0,66,15
A,1648561860,0,0,66,15
A,1648562460,0,0,66,15
A,1648563120,0,60,71,15
A,1648563720,0,0,66,15
A,1648564320,0,0,66,14
A,1648564920,0,0,65,20
A,1648565520,0,0,66,12
A,1648566120,0,0,66,11
A,1648566720,0,0,66,12
A,1648567320,0,0,65,20
A,1648567920,0,0,64,22
A,1648568520,0,0,66,12
A,1648569120,0,0,66,12
A,1648569720,0,0,66,16
A,1648570320,0,0,66,17
A,1648570920,0,0,65,21
A,1648571580,0,60,71,20
A,1648572180,0,0,66,15
A,1648572780,0,0,65,15
A,1648573380,0,0,66,15
A,1648573980,0,0,66,19
A,1648574580,0,0,66,17
A,1648575180,0,0,66,17
A,1648575780,0,0,66,13
A,1648576380,0,0,66,12
A,1648576980,0,0,66,12
A,1648577580,0,0,65,12
A,1648578180,0,0,66,12
A,1648578780,0,0,66,13
A,1648579380,0,0,66,12
A,1648579980,0,0,66,12
A,1648580580,0,0,66,12
A,1648581180,0,0,66,13
A,1648581780,0,0,66,13
A,1648582380,0,0,65,11
A,1648582980,0,0,66,11
A,1648583580,0,0,66,12
A,1648584180,0,0,66,11
A,1648584780,0,0,66,12
A,1648585380,0,0,66,13
A,1648585980,0,0,66,13
A,1648586580,0,0,65,11
A,1648587180,0,0,66,11
A,1648587780,0,0,66,12
A,1648588380,0,0,66,12
A,1648588980,0,0,66,13
A,1648589580,0,0,66,13
A,1648590180,0,0,66,13
A,1648590780,0,0,65,12
A,1648591380,0,0,65,14
A,1648592040,0,60,71,21
A,1648592640,0,0,66,14
A,1648593240,0,0,66,12
A,1648593840,0,0,66,16
A,1648594440,0,0,66,13
A,1648595040,0,0,66,11
A,1648595640,0,0,65,12
A,1648596240,0,0,66,13
A,1648596840,0,0,66,13
A,1648597440,0,0,66,11
A,1648598040,0,0,65,20
A,1648598640,0,0,66,14
A,1648599240,0,0,66,12
A,1648599840,0,0,66,13
A,1648600440,0,0,65,13
A,1648601040,0,0,66,11
A,1648601640,0,0,66,11
A,1648602240,0,0,66,12
A,1648602840,0,0,65,19
A,1648603440,0,0,66,11
A,1648604040,0,0,66,11
A,1648604640,0,0,65,11
A,1648605240,0,0,66,11
A,1648605840,0,0,66,11
A,1648606440,0,0,66,12
A,1648607040,0,0,66,13
A,1648607640,0,0,66,16
A,1648608240,0,0,66,13
A,1648608900,0,60,70,19
A,1648609500,0,0,66,14
A,1648610100,0,0,66,14
A,1648610700,0,0,66,14
A,1648611300,0,0,66,15
A,1648611900,0,0,66,13
A,1648612500,0,0,66,14
A,1648613100,0,0,64,21
A,1648613700,0,0,65,14
A,1648614300,0,0,66,15
A,1648614900,0,0,66,12
A,1648615500,0,0,66,15
A,1648616100,0,0,66,16
A,1648616700,0,0,65,20
A,1648617300,0,0,66,11
A,1648617900,0,0,65,13
A,1648618500,0,0,66,11
A,1648619100,0,0,66,12
A,1648619700,0,0,66,12
A,1648620300,0,0,66,11
A,1648620900,0,0,66,11
A,1648621560,0,60,72,14
A,1648622160,0,0,66,14
A,1648622760,0,0,66,14
A,1648623360,0,0,66,14
A,1648623960,0,0,66,16
A,1648624560,0,0,65,21
A,1648625160,0,0,66,13
A,1648625760,0,0,66,17
A,1648626360,0,0,65,13
A,1648626960,0,0,66,12
A,1648627560,0,0,66,14
A,1648628160,0,0,66,14
A,1648628760,0,0,66,11
A,1648629360,0,0,66,11
A,1648629960,0,0,66,12
A,1648630560,0,0,66,13
A,1648631160,0,0,65,11
A,1648631760,0,0,66,11
A,1648632360,0,0,66,12
A,1648632960,0,0,66,12
A,1648633560,0,0,66,14
A,1648634160,0,0,66,12
A,1648634760,0,0,66,12
A,1648635360,0,0,66,11
A,1648635960,0,0,65,14
A,1648636560,0,0,66,15
A,1648637160,0,0,66,16
A,1648637760,0,0,66,19
A,1648638360,0,0,66,17
A,1648638960,0,0,66,15
A,1648639620,0,60,70,25
A,1648640160,0,0,61,18
A,1648640820,0,60,70,20
A,1648641420,0,0,65,20
A,1648642020,0,0,66,13
A,1648642620,0,0,66,13
A,1648643220,0,0,66,11
A,1648643820,0,0,66,13
A,1648644420,0,0,66,15
A,1648645020,0,0,66,11
A,1648645620,0,0,66,13
A,1648646220,0,0,65,13
A,1648646820,0,0,66,11
A,1648647420,0,0,66,13
A,1648648020,0,0,66,16
A,1648648620,0,0,66,13
A,1648649220,0,0,66,11
A,1648649820,0,0,66,11
A,1648650420,0,0,66,13
A,1648651020,0,0,65,13
A,1648651620,0,0,66,16
A,1648652220,0,0,66,12
A,1648652820,0,0,66,12
A,1648653420,0,0,66,13
A,1648654020,0,0,66,11
A,1648654620,0,0,66,12
A,1648655220,0,0,66,12
A,1648655880,0,60,71,12
A,1648656480,0,0,66,12
A,1648657080,0,0,66,11
A,1648657680,0,0,66,17
A,1648658280,0,0,65,26
A,1648658880,0,0,66,11
A,1648659480,0,0,66,13
A,1648660080,0,0,66,12
A,1648660680,0,0,65,11
A,1648661280,0,0,66,11
A,1648661880,0,0,66,11
A,1648662480,0,0,66,12
A,1648663080,0,0,66,13
A,1648663680,0,0,66,11
A,1648664280,0,0,65,12
A,1648664880,0,0,65,16
A,1648665480,0,0,65,20
A,1648666080,0,0,66,13
A,1648666680,0,0,66,12
A,1648667280,0,0,66,13
A,1648671540,0,3660,68,3648
A,1648672140,0,0,66,15
A,1648672740,0,0,66,14
A,1648673340,0,0,66,15
A,1648673940,0,0,66,17
A,1648674540,0,0,66,13
A,1648675140,0,0,66,12
A,1648675740,0,0,66,12
A,1648676340,0,0,66,11
A,1648676940,0,0,66,11
A,1648677540,0,0,66,11
A,1648678140,0,0,67,14
A,1648678740,0,0,66,11
A,1648679340,0,0,66,13
A,1648679940,0,0,66,11
A,1648680540,0,0,66,11
A,1648681140,0,0,66,11
A,1648681740,0,0,66,13
A,1648682340,0,0,66,14
A,1648682940,0,0,65,17
A,1648683540,0,0,66,13
A,1648684200,0,60,71,20
A,1648684800,0,0,65,20
A,1648685400,0,0,66,11
A,1648686000,0,0,66,11
A,1648686600,0,0,66,11
A,1648687200,0,0,65,11
A,1648687800,0,0,66,12
A,1648688400,0,0,66,11
A,1648689000,0,0,66,12
A,1648689600,0,0,66,13
A,1648690200,0,0,66,11
A,1648690800,0,0,66,14
A,1648691400,0,0,65,12
A,1648692000,0,0,66,11
A,1648692600,0,0,66,14
A,1648693200,0,0,66,13
A,1648693800,0,0,66,12
A,1648694400,0,0,66,13
A,1648695000,0,0,66,14
A,1648695600,0,0,66,14
A,1648696200,0,0,65,11
A,1648696800,0,0,66,12
A,1648697400,0,0,66,11
A,1648698000,0,0,66,12
A,1648698600,0,0,66,12
A,1648699200,0,0,66,11
A,1648699800,0,0,66,12
A,1648700400,0,0,65,13
A,1648701000,0,0,66,12
A,1648701600,0,0,66,12
A,1648702200,0,0,66,11
A,1648702800,0,0,66,11
A,1648703400,0,0,66,13
A,1648704000,0,0,66,13
A,1648704660,0,60,70,18
A,1648705260,0,0,66,11
A,1648705860,0,0,66,11
A,1648706460,0,0,66,11
A,1648707060,0,0,66,11
A,1648707660,0,0,66,11
A,1648708260,0,0,66,11
A,1648708860,0,0,66,15
A,1648709460,0,0,65,14
A,1648710060,0,0,66,12
A,1648710660,0,0,66,11
A,1648711260,0,0,66,15
A,1648711860,0,0,66,14
A,1648712460,0,0,66,16
A,1648713060,0,0,67,13
A,1648713660,0,0,65,13
A,1648714260,0,0,65,20
A,1648714860,0,0,66,13
A,1648715460,0,0,66,12
A,1648716060,0,0,66,11
A,1648716660,0,0,66,19
A,1648717260,0,0,66,12
A,1648717860,0,0,65,12
A,1648718460,0,0,65,13
A,1648719120,0,60,71,21
A,1648719720,0,0,66,15
A,1648720320,0,0,66,14
A,1648720920,0,0,65,20
A,1648721520,0,0,65,20
A,1648722120,0,0,66,12
A,1648722720,0,0,65,13
A,1648723320,0,0,66,12
A,1648723920,0,0,66,16
A,1648724520,0,0,66,13
A,1648725120,0,0,66,14
A,1648725720,0,0,66,17
A,1648726320,0,0,65,14
A,1648726920,0,0,65,20
A,1648727580,0,60,71,20
A,1648728180,0,0,65,15
A,1648728780,0,0,65,20
A,1648729380,0,0,66,13
A,1648729980,0,0,66,16
A,1648730580,0,0,65,20
A,1648731180,0,0,66,13
A,1648731780,0,0,66,13
A,1648732380,0,0,66,18
A,1648732980,0,0,65,13
A,1648733580,0,0,66,15
A,1648734180,0,0,66,16
A,1648734780,0,0,66,17
A,1648735380,0,0,66,12
A,1648735980,0,0,66,13
A,1648736580,0,0,66,16
A,1648737180,0,0,66,17
A,1648737780,0,0,66,16
A,1648738380,0,0,66,17
A,1648738980,0,0,66,12
A,1648739580,0,0,65,20
A,1648740180,0,0,66,12
A,1648740780,0,0,66,13
A,1648741380,0,0,66,12
A,1648741980,0,0,66,11
A,1648742640,0,60,71,11
A,1648743240,0,0,66,11
A,1648743840,0,0,66,11
A,1648744440,0,0,66,11
A,1648745040,0,0,66,12
A,1648745640,0,0,66,12
A,1648746240,0,0,66,12
A,1648746840,0,0,65,13
A,1648747440,0,0,65,12
A,1648748040,0,0,66,11
A,1648748640,0,0,66,12
A,1648749240,0,0,66,11
A,1648749840,0,0,66,12
A,1648750440,0,0,66,13
A,1648751040,0,0,66,13
A,1648751640,0,0,65,11
A,1648752240,0,0,66,12
A,1648752840,0,0,66,11
A,1648753440,0,0,66,11
A,1648754040,0,0,66,11
A,1648754640,0,0,66,11
A,1648755240,0,0,66,11
A,1648755840,0,0,65,12
A,1648756440,0,0,65,11
A,1648757040,0,0,66,11
A,1648757640,0,0,66,15
A,1648758240,0,0,66,11
A,1648758840,0,0,66,11
A,1648759440,0,0,66,11
A,1648760040,0,0,66,11
A,1648760640,0,0,65,11
A,1648761240,0,0,66,13
A,1648761840,0,0,66,13
A,1648762440,0,0,66,13
A,1648763040,0,0,66,17
A,1648763640,0,0,66,15
A,1648764240,0,0,66,14
A,1648764840,0,0,66,13
A,1648765440,0,0,66,15
A,1648766040,0,0,66,13
A,1648766700,0,60,71,20
A,1648767300,0,0,66,12
A,1648767900,0,0,65,20
A,1648768500,0,0,66,11
A,1648769100,0,0,66,11
A,1648769700,0,0,66,11
A,1648770300,0,0,66,11
A,1648770900,0,0,66,12
B,1647821940,0,0,66,12
B,1647822540,0,0,65,13
B,1647823140,0,0,66,11
B,1647823740,0,0,66,13
B,1647824340,0,0,66,11
B,1647824940,0,0,66,11
B,1647825540,0,0,66,14
B,1647826200,0,60,71,19
B,1647826800,0,0,66,14
B,1647827400,1,0,65,11
B,1647828000,0,0,66,14
B,1647828600,0,0,66,13
B,1647829200,0,0,66,11
B,1647829800,0,0,66,14
B,1647830400,0,0,66,12
B,1647831000,0,0,66,16
B,1647831600,0,0,65,12
B,1647832200,0,0,66,12
B,1647832800,1,0,66,11
B,1647833400,1,0,66,11
B,1647834000,0,0,66,11
B,1647834600,1,0,67,11
B,1647835200,1,0,66,16
B,1647835800,0,0,66,11
B,1647836400,0,0,66,11
B,1647837000,0,0,66,13
B,1647837600,0,0,66,13
B,1647838200,0,0,66,12
B,1647838800,0,0,66,13
B,1647839400,0,0,66,11
B,1647840000,0,0,66,12
B,1647840600,0,0,65,12
B,1647841200,0,0,66,12
B,1647841800,0,0,66,11
B,1647842400,0,0,66,12
B,1647843000,0,0,66,15
B,1647843600,0,0,66,13
B,1647844200,0,0,66,15
B,1647844860,0,60,71,15
B,1647845460,0,0,66,12
B,1647846060,0,0,66,12
B,1647846660,0,0,66,14
B,1647847260,0,0,66,13
B,1647847860,0,0,66,13
B,1647848460,0,0,66,11
B,1647849060,0,0,65,13
B,1647849660,0,0,66,14
B,1647850260,0,0,66,12
B,1647850860,0,0,66,12
B,1647851460,0,0,66,13
B,1647852060,0,0,66,13
B,1647852660,0,0,66,11
B,1647853260,0,0,66,12
B,1647854100,0,240,66,229
B,1647854880,0,180,64,207
B,1647855480,0,0,66,13
B,1647856080,0,0,66,14
B,1647856680,0,0,66,14
B,1647857280,0,0,66,16
B,1647857880,0,0,66,14
B,1647858480,0,0,65,12
B,1647859080,0,0,66,11
B,1647859680,0,0,65,19
B,1647860340,0,60,70,21
B,1647861180,0,240,67,240
B,1647861780,0,0,66,14
B,1647862380,0,0,66,15
B,1647862980,0,0,64,25
B,1647863580,0,0,66,20
B,1647864180,0,0,65,21
B,1647864780,0,0,66,20
B,1647865620,0,240,68,220
B,1647866400,0,180,64,189
B,1647867000,0,0,65,17
B,1647867600,0,0,65,15
B,1647868200,0,0,66,14
B,1647868800,0,0,65,20
B,1647869400,0,0,66,16
B,1647870000,0,0,65,19
B,1647870660,0,60,71,24
B,1647871260,0,0,66,19
B,1647871860,0,0,64,22
B,1647872460,0,0,65,15
B,1647873060,0,0,65,19
B,1647873660,0,0,64,22
B,1647874320,0,60,71,20
B,1647875220,0,300,65,226
B,1647876000,0,180,62,199
B,1647876840,0,240,67,197
B,1647877440,0,0,65,20
B,1647878700,0,660,66,250
B,1647879480,0,180,68,162
B,1647880380,0,300,67,278
B,1647880980,0,0,62,24
B,1647881820,0,240,70,195
B,1647882780,0,360,65,166
B,1647883560,0,180,64,177
B,1647884340,0,180,67,181
B,1647885120,0,180,62,224
B,1647886200,0,480,66,257
B,1647887040,0,240,67,190
B,1647887700,0,60,64,58
B,1647888600,0,300,68,226
B,1647889200,0,0,65,19
B,1647889800,0,0,66,15
B,1647890400,0,0,66,14
B,1647891000,0,0,66,15
B,1647891840,0,240,67,235
B,1647892440,0,0,67,14
B,1647893040,0,0,65,15
B,1647893640,0,0,66,13
B,1647894240,0,0,66,17
B,1647894840,0,0,66,13
B,1647895440,0,0,66,14
B,1647896040,0,0,66,14
B,1647896640,0,0,62,31
B,1647897300,0,60,67,30
B,1647897900,0,0,66,15
B,1647898500,0,0,66,13
B,1647899100,0,0,66,16
B,1647899700,0,0,66,16
B,1647900300,0,0,66,14
B,1647900900,0,0,65,22
B,1647901500,0,0,65,13
B,1647902100,0,0,65,14
B,1647902700,0,0,66,13
B,1647903300,0,0,66,14
B,1647903900,0,0,66,13
B,1647904500,0,0,66,13
B,1647905100,0,0,66,14
B,1647905700,0,0,65,14
B,1647906300,0,0,66,14
B,1647906900,0,0,65,12
B,1647907500,0,0,66,14
B,1647908100,0,0,66,11
B,1647908700,0,0,66,13
B,1647909300,0,0,66,14
B,1647909900,0,0,66,14
B,1647910500,0,0,66,14
B,1647911100,0,0,66,11
B,1647911700,0,0,66,16
B,1647912300,0,0,66,16
B,1647912900,0,0,66,12
B,1647913500,0,0,66,13
B,1647914100,0,0,66,14
B,1647914700,0,0,66,14
B,1647915300,0,0,66,11
B,1647915960,0,60,71,14
B,1647916560,0,0,66,11
B,1647917160,0,0,66,11
B,1647917760,0,0,66,12
B,1647918360,0,0,66,14
B,1647918960,0,0,66,13
B,1647919560,0,0,66,12
B,1647920160,0,0,65,13
B,1647920760,0,0,66,14
B,1647921360,0,0,66,16
B,1647921960,0,0,66,12
B,1647922560,0,0,66,18
B,1647923160,0,0,66,15
B,1647923760,0,0,66,13
B,1647924360,0,0,65,12
B,1647924960,0,0,65,17
B,1647925560,0,0,66,13
B,1647926160,0,0,66,14
B,1647926760,0,0,66,13
B,1647927360,0,0,66,14
B,1647927960,0,0,66,15
B,1647928560,0,0,66,16
B,1647929160,0,0,65,12
B,1647929760,0,0,66,14
B,1647930360,0,0,66,13
B,1647930960,0,0,66,12
B,1647931560,0,0,66,15
B,1647932160,0,0,66,17
B,1647932760,0,0,66,14
B,1647933360,0,0,65,17
B,1647933960,0,0,66,14
B,1647934560,0,0,65,18
B,1647935160,0,0,66,13
B,1647935760,0,0,66,14
B,1647936360,0,0,66,15
B,1647936960,0,0,66,12
B,1647937620,0,60,71,13
B,1647938220,0,0,66,15
B,1647939060,0,240,64,268
B,1647939900,0,240,64,236
B,1647940500,0,0,66,18
B,1647941160,0,60,70,21
B,1647941760,0,0,65,14
B,1647942360,0,0,64,19
B,1647942960,0,0,64,19
B,1647943560,0,0,66,13
B,1647944160,0,0,66,18
B,1647944880,0,120,68,77
B,1647946200,0,720,64,521
B,1647947280,0,480,68,250
B,1647947880,0,0,65,18
B,1647948480,0,0,66,17
B,1647949320,0,240,67,235
B,1647950100,0,180,64,204
B,1647950700,0,0,65,20
B,1647951300,0,0,66,16
B,1647952140,0,240,65,237
B,1647952740,0,0,65,20
B,1647953580,0,240,71,191
B,1647954180,0,0,66,16
B,1647955200,0,420,61,218
B,1647955980,0,180,64,180
B,1647957360,0,780,68,240
B,1647958440,0,480,62,255
B,1647959040,0,0,65,21
B,1647960360,0,720,66,251
B,1647962040,0,1080,64,252
B,1647962820,0,180,61,175
B,1647963780,0,360,64,231
B,1647964620,0,240,65,209
B,1647965640,0,420,65,231
B,1647967140,0,900,65,253
B,1647969360,0,1620,69,528
B,1647970620,0,660,64,239
B,1647971880,0,660,68,381
B,1647972660,0,180,68,166
B,1647973260,0,0,64,20
B,1647973860,0,0,66,19
B,1647974460,1,0,66,18
B,1647975600,1,540,63,236
B,1647976260,1,60,69,14
B,1647977040,1,180,62,229
B,1647978240,1,600,69,217
B,1647978840,1,0,66,17
B,1647979440,1,0,66,13
B,1647980040,1,0,66,14
B,1647980640,1,0,66,14
B,1647981240,1,0,66,18
B,1647981840,1,0,66,16
B,1647982440,1,0,65,13
B,1647983280,1,240,63,219
B,1647983880,1,0,66,12
B,1647984480,1,0,66,12
B,1647985080,1,0,66,14
B,1647985680,1,0,66,13
B,1647986340,1,60,72,14
B,1647986940,1,0,67,11
B,1647987540,1,0,65,19
B,1647988140,1,0,66,13
B,1647988740,1,0,66,13
B,1647989340,1,0,66,12
B,1647989940,1,0,66,14
B,1647990540,1,0,66,17
B,1647991140,1,0,66,14
B,1647991740,1,0,65,12
B,1647992340,1,0,66,15
B,1647992940,1,0,66,14
B,1647993540,1,0,66,13
B,1647994140,1,0,66,16
B,1647994740,1,0,65,15
B,1647995340,1,0,66,15
B,1647995940,1,0,65,12
B,1647996540,0,0,64,21
B,1647997140,0,0,66,14
B,1647997740,0,0,66,12
B,1647998340,0,0,66,12
B,1647998940,1,0,66,12
B,1647999540,1,0,66,12
B,1648000140,1,0,66,13
B,1648000740,1,0,65,14
B,1648001340,1,0,66,15
B,1648001940,0,0,66,12
B,1648002600,1,60,71,20
B,1648003200,1,0,66,14
B,1648003800,1,0,66,12
B,1648004400,1,0,66,12
B,1648005000,1,0,65,13
B,1648005600,1,0,65,12
B,1648006200,1,0,66,12
B,1648006800,1,0,66,12
B,1648007400,1,0,66,12
B,1648008000,1,0,66,18
B,1648008600,1,0,66,15
B,1648009200,1,0,66,13
B,1648009800,1,0,65,12
B,1648010400,1,0,66,12
B,1648011000,1,0,66,11
B,1648011600,1,0,66,12
B,1648012200,1,0,66,15
B,1648012800,1,0,65,20
B,1648013400,1,0,66,15
B,1648014000,1,0,65,13
B,1648014600,1,0,66,13
B,1648015200,1,0,66,14
B,1648015800,1,0,67,11
B,1648016400,1,0,66,12
B,1648017000,1,0,66,14
B,1648017600,0,0,66,14
B,1648018260,0,60,71,15
B,1648018860,0,0,66,16
B,1648019460,0,0,66,16
B,1648020060,0,0,66,16
B,1648020660,0,0,66,16
B,1648021260,0,0,67,15
B,1648021860,0,0,66,16
B,1648022460,0,0,66,15
B,1648023060,0,0,65,14
B,1648023660,0,0,66,18
B,1648024260,0,0,66,15
B,1648024860,0,0,66,18
B,1648025460,0,0,65,20
B,1648026060,0,0,66,14
B,1648026660,0,0,66,13
B,1648027260,0,0,64,19
B,1648027860,0,0,66,12
B,1648028460,0,0,66,12
B,1648029060,0,0,65,20
B,1648029660,0,0,66,16
B,1648030260,0,0,66,16
B,1648031040,0,180,70,136
B,1648031820,0,180,65,191
B,1648032420,0,0,63,31
B,1648033500,0,480,66,268
B,1648035000,0,900,65,324
B,1648036320,0,720,65,426
B,1648038480,0,1560,65,448
B,1648039320,0,240,66,239
B,1648041240,0,1320,65,449
B,1648042620,0,780,62,512
B,1648043220,0,0,66,18
B,1648044300,0,480,66,260
B,1648045620,0,720,66,309
B,1648046520,0,300,63,273
B,1648047660,1,540,67,250
B,1648048980,1,720,65,486
B,1648049640,1,60,68,22
B,1648050420,1,180,64,209
B,1648051020,1,0,66,18
B,1648051620,1,0,63,15
B,1648052880,1,660,66,469
B,1648054440,1,960,64,284
B,1648055820,1,780,65,411
B,1648056660,1,240,67,189
B,1648058880,1,1620,67,495
B,1648059900,1,420,67,402
B,1648060500,1,0,65,15
B,1648061640,1,540,68,302
B,1648063020,1,780,64,538
B,1648063620,1,0,65,20
B,1648064220,1,0,66,14
B,1648064820,1,0,66,14
B,1648065420,1,0,65,20
B,1648066260,1,240,69,199
B,1648066860,1,0,65,18
B,1648067460,1,0,65,18
B,1648068060,1,0,65,15
B,1648068660,1,0,66,16
B,1648069260,1,0,65,18
B,1648069860,1,0,66,17
B,1648070460,1,0,66,13
B,1648071060,1,0,66,15
B,1648071660,1,0,65,23
B,1648072260,1,0,66,13
B,1648072860,1,0,65,20
B,1648073520,1,60,71,20
B,1648074120,1,0,65,19
B,1648074720,1,0,65,19
B,1648075320,1,0,66,13
B,1648075920,1,0,66,11
B,1648076520,1,0,66,14
B,1648077120,1,0,65,14
B,1648077720,1,0,66,14
B,1648078320,1,0,66,15
B,1648078920,1,0,65,21
B,1648079520,1,0,65,21
B,1648080120,1,0,66,13
B,1648080720,1,0,66,14
B,1648081380,1,60,71,12
B,1648081980,1,0,66,14
B,1648082580,1,0,66,13
B,1648083180,1,0,66,13
B,1648083780,1,0,66,17
B,1648084380,1,0,66,15
B,1648084980,1,0,66,12
B,1648085580,1,0,66,12
B,1648086180,1,0,65,21
B,1648086780,1,0,66,13
B,1648087380,1,0,66,15
B,1648087980,1,0,66,13
B,1648088580,1,0,65,12
B,1648089240,1,60,67,60
B,1648089840,1,0,65,12
B,1648090440,1,0,65,12
B,1648091040,1,0,66,14
B,1648091640,1,0,66,13
B,1648092240,1,0,66,13
B,1648092840,1,0,66,15
B,1648093440,1,0,66,16
B,1648094040,1,0,65,21
B,1648094640,1,0,65,15
B,1648095240,1,0,65,16
B,1648095840,1,0,66,16
B,1648096440,1,0,66,13
B,1648097040,1,0,66,13
B,1648097640,1,0,66,17
B,1648098240,1,0,66,14
B,1648098840,1,0,66,15
B,1648099440,1,0,65,16
B,1648100040,1,0,66,14
B,1648100640,1,0,66,19
B,1648101240,1,0,66,12
B,1648101900,1,60,71,20
B,1648102500,1,0,66,14
B,1648103280,1,180,62,221
B,1648103880,1,0,65,13
B,1648104480,1,0,66,15
B,1648105140,1,60,70,21
B,1648105740,1,0,65,20
B,1648106340,1,0,65,15
B,1648107060,1,120,65,136
B,1648107720,1,60,68,49
B,1648108320,1,0,65,14
B,1648108920,1,0,65,23
B,1648109520,1,0,66,17
B,1648110120,1,0,66,14
B,1648110720,1,0,66,14
B,1648111320,1,0,66,17
B,1648112160,1,240,64,239
B,1648112820,0,60,71,15
B,1648113420,0,0,66,14
B,1648114020,0,0,66,12
B,1648114860,0,240,61,259
B,1648115520,0,60,71,22
B,1648116240,0,120,62,160
B,1648117200,0,360,70,301
B,1648117860,0,60,61,121
B,1648118760,0,300,71,239
B,1648119360,0,0,64,20
B,1648120440,0,480,63,252
B,1648121220,0,180,63,212
B,1648122060,0,240,64,185
B,1648122900,0,240,66,197
B,1648124100,1,600,62,263
B,1648126140,0,1440,68,368
B,1648127160,0,420,65,211
B,1648128360,0,600,69,392
B,1648129440,0,480,61,300
B,1648130100,0,60,66,47
B,1648131360,1,660,63,321
B,1648134300,1,2340,70,437
B,1648135560,1,660,61,281
B,1648137060,1,900,63,271
B,1648139520,1,1860,68,650
B,1648142100,1,1980,66,591
B,1648143360,1,660,61,375
B,1648143960,1,0,66,19
B,1648144560,1,0,66,14
B,1648145340,1,180,66,188
B,1648146120,1,180,66,160
B,1648146720,1,0,63,20
B,1648147380,1,60,68,48
B,1648148040,1,60,68,37
B,1648148640,1,0,66,16
B,1648149240,1,0,65,15
B,1648149840,1,0,65,24
B,1648150440,1,0,66,14
B,1648151040,1,0,65,13
B,1648151640,1,0,65,13
B,1648152240,1,0,66,11
B,1648152840,1,0,66,13
B,1648153440,1,0,66,11
B,1648154040,1,0,66,14
B,1648154640,1,0,66,13
B,1648155240,1,0,66,13
B,1648155840,1,0,65,15
B,1648156440,1,0,66,12
B,1648157040,1,0,66,15
B,1648157640,1,0,66,14
B,1648158240,1,0,66,13
B,1648158840,1,0,66,12
B,1648159440,1,0,66,14
B,1648160040,1,0,65,12
B,1648160640,1,0,66,12
B,1648161240,1,0,66,12
B,1648161840,1,0,66,11
B,1648162440,1,0,66,14
B,1648163040,1,0,66,11
B,1648163640,1,0,66,12
B,1648164300,1,60,71,13
B,1648164900,1,0,66,11
B,1648165500,1,0,66,12
B,1648166100,1,0,66,13
B,1648166700,1,0,66,13
B,1648167300,1,0,66,13
B,1648167900,1,0,66,13
B,1648168500,1,0,66,11
B,1648169100,1,0,65,13
B,1648169700,1,0,65,20
B,1648170300,1,0,66,13
B,1648170900,1,0,66,13
B,1648171500,1,0,66,11
B,1648172100,1,0,66,12
B,1648172700,1,0,66,13
B,1648173300,1,0,65,11
B,1648173900,1,0,66,12
B,1648174500,1,0,66,11
B,1648175100,1,0,66,13
B,1648175700,1,0,66,14
B,1648176300,1,0,66,13
B,1648176900,1,0,66,14
B,1648177500,1,0,65,12
B,1648178100,1,0,66,12
B,1648178700,1,0,66,13
B,1648179300,1,0,66,11
B,1648179900,1,0,65,20
B,1648180500,1,0,66,12
B,1648181100,1,0,66,11
B,1648181700,1,0,66,11
B,1648182360,0,60,71,11
B,1648182960,0,0,66,14
B,1648183560,0,0,66,14
B,1648184160,0,0,66,14
B,1648184760,0,0,66,11
B,1648185360,0,0,66,13
B,1648185960,0,0,66,14
B,1648186560,0,0,65,14
B,1648187160,0,0,66,11
B,1648187760,0,0,66,11
B,1648188360,0,0,66,12
B,1648188960,0,0,66,13
B,1648189560,0,0,66,13
B,1648190160,0,0,65,13
B,1648190760,0,0,65,11
B,1648191360,0,0,66,15
B,1648191960,0,0,66,13
B,1648192560,0,0,66,12
B,1648193160,0,0,66,15
B,1648193760,0,0,66,11
B,1648194360,0,0,65,11
B,1648194960,0,0,65,13
B,1648195560,0,0,66,14
B,1648196340,0,180,64,199
B,1648196940,0,0,66,11
B,1648197540,0,0,66,12
B,1648198140,0,0,66,13
B,1648198740,0,0,66,12
B,1648199400,0,60,71,14
B,1648200000,0,0,66,14
B,1648200600,0,0,66,13
B,1648201200,0,0,65,20
B,1648201800,0,0,66,12
B,1648202400,0,0,66,17
B,1648203000,0,0,66,15
B,1648203600,0,0,66,12
B,1648204200,0,0,65,15
B,1648204800,0,0,66,15
B,1648205400,0,0,66,13
B,1648206000,0,0,66,15
B,1648206600,0,0,66,16
B,1648207200,0,0,66,14
B,1648207800,0,0,64,22
B,1648208460,0,60,68,21
B,1648209240,0,180,63,161
B,1648210080,0,240,69,190
B,1648210680,0,0,65,18
B,1648211280,0,0,66,13
B,1648212060,0,180,64,192
B,1648212660,0,0,64,20
B,1648213260,1,0,65,14
B,1648214340,1,480,67,269
B,1648214940,1,0,66,17
B,1648215540,1,0,66,14
B,1648216140,0,0,66,13
B,1648216980,1,240,65,211
B,1648217580,1,0,66,16
B,1648218240,1,60,71,14
B,1648219080,1,240,65,260
B,1648219680,1,0,66,14
B,1648220520,1,240,65,261
B,1648221120,1,0,66,19
B,1648221720,1,0,64,24
B,1648222320,1,0,66,15
B,1648222980,1,60,69,20
B,1648223820,1,240,64,258
B,1648224420,1,0,65,20
B,1648225080,1,60,70,22
B,1648225680,1,0,65,20
B,1648226280,1,0,65,27
B,1648226880,1,0,63,27
B,1648227540,1,60,71,17
B,1648228140,1,0,66,13
B,1648228740,1,0,65,25
B,1648229340,1,0,65,19
B,1648229940,1,0,65,19
B,1648230540,1,0,66,17
B,1648231140,1,0,65,16
B,1648231740,1,0,66,16
B,1648232340,1,0,65,14
B,1648232940,1,0,66,16
B,1648233540,1,0,66,11
B,1648234140,1,0,66,16
B,1648234740,1,0,66,16
B,1648235340,1,0,66,15
B,1648235940,1,0,67,13
B,1648236540,1,0,66,12
B,1648237140,1,0,65,12
B,1648237740,1,0,66,12
B,1648238340,1,0,66,14
B,1648238940,1,0,66,15
B,1648239540,1,0,66,12
B,1648240140,1,0,66,11
B,1648240740,1,0,66,14
B,1648241400,1,60,71,12
B,1648242000,1,0,66,12
B,1648242600,1,0,66,14
B,1648243200,1,0,66,12
B,1648243800,1,0,66,12
B,1648244400,1,0,66,11
B,1648245000,1,0,66,13
B,1648245600,1,0,66,13
B,1648246200,1,0,65,12
B,1648246800,1,0,66,13
B,1648247400,1,0,66,13
B,1648248000,1,0,66,15
B,1648248600,1,0,66,12
B,1648249200,1,0,66,13
B,1648249800,1,0,66,14
B,1648250400,1,0,65,11
B,1648251000,1,0,66,11
B,1648251600,1,0,66,13
B,1648252200,1,0,66,15
B,1648252800,1,0,66,11
B,1648253400,1,0,66,13
B,1648254000,1,0,66,12
B,1648254600,1,0,66,13
B,1648255200,1,0,65,17
B,1648255800,1,0,66,16
B,1648256400,1,0,66,14
B,1648257000,1,0,66,15
B,1648257600,1,0,66,11
B,1648258200,1,0,66,13
B,1648258800,1,0,66,11
B,1648259400,1,0,65,12
B,1648260000,1,0,66,12
B,1648260600,1,0,66,14
B,1648261200,1,0,66,11
B,1648261800,1,0,66,14
B,1648262400,1,0,66,14
B,1648263000,1,0,66,14
B,1648263600,1,0,65,12
B,1648264200,1,0,65,13
B,1648264800,1,0,66,12
B,1648265400,1,0,66,14
B,1648266000,1,0,66,13
B,1648266600,1,0,66,13
B,1648267200,1,0,66,11
B,1648267800,1,0,66,12
B,1648268460,0,60,71,12
B,1648269060,0,0,66,13
B,1648269660,0,0,66,11
B,1648270260,0,0,66,12
B,1648270860,0,0,66,12
B,1648271460,0,0,66,13
B,1648272060,0,0,66,12
B,1648272660,0,0,65,11
B,1648273260,0,0,66,16
B,1648273860,0,0,66,12
B,1648274460,0,0,66,15
B,1648275060,0,0,66,11
B,1648275660,0,0,66,11
B,1648276260,0,0,66,13
B,1648276860,0,0,65,13
B,1648277460,1,0,66,12
B,1648278060,0,0,66,14
B,1648278660,0,0,66,14
B,1648279260,0,0,66,13
B,1648279860,0,0,66,12
B,1648280460,0,0,66,14
B,1648281060,1,0,66,12
B,1648281660,1,0,66,12
B,1648282260,0,0,66,11
B,1648282860,0,0,66,12
B,1648283460,0,0,66,11
B,1648284060,0,0,66,12
B,1648284660,0,0,66,13
B,1648285260,0,0,66,11
B,1648285860,0,0,65,13
B,1648286460,0,0,66,12
B,1648287060,0,0,66,16
B,1648287660,0,0,66,13
B,1648288260,0,0,66,15
B,1648288860,0,0,66,13
B,1648289460,0,0,67,13
B,1648290060,0,0,66,12
B,1648290660,0,0,66,12
B,1648291260,0,0,66,13
B,1648291860,0,0,66,13
B,1648292520,0,60,71,20
B,1648293120,0,0,66,15
B,1648293720,0,0,66,14
B,1648294320,0,0,65,12
B,1648294920,0,0,66,15
B,1648295520,0,0,66,15
B,1648296120,0,0,66,13
B,1648296720,0,0,66,16
B,1648297320,0,0,66,12
B,1648297920,0,0,66,12
B,1648298520,0,0,65,13
B,1648299120,0,0,65,12
B,1648299720,0,0,66,12
B,1648300320,0,0,66,16
B,1648300920,0,0,66,14
B,1648301520,0,0,66,15
B,1648302120,0,0,66,15
B,1648302720,0,0,65,16
B,1648303320,0,0,64,19
B,1648303920,0,0,66,13
B,1648304520,1,0,66,13
B,1648305120,1,0,66,16
B,1648305720,1,0,66,14
B,1648306320,1,0,65,21
B,1648306920,1,0,66,13
B,1648307520,1,0,66,13
B,1648308180,1,60,71,14
B,1648308780,1,0,66,14
B,1648309380,1,0,66,12
B,1648310280,1,300,66,200
B,1648310880,1,0,65,20
B,1648311480,1,0,65,19
B,1648312080,1,0,65,20
B,1648312680,1,0,65,13
B,1648313280,1,0,66,13
B,1648313880,1,0,66,15
B,1648314480,1,0,66,14
B,1648315080,1,0,66,15
B,1648315680,1,0,66,17
B,1648316280,1,0,66,14
B,1648316940,1,60,70,26
B,1648317540,1,0,66,13
B,1648318140,1,0,66,13
B,1648318740,1,0,66,13
B,1648319340,1,0,66,14
B,1648319940,1,0,66,15
B,1648320540,1,0,66,13
B,1648321140,1,0,66,11
B,1648321740,1,0,65,11
B,1648322340,1,0,66,13
B,1648322940,1,0,66,13
B,1648323540,1,0,66,13
B,1648324140,1,0,65,20
B,1648324740,1,0,66,13
B,1648325340,1,0,66,13
B,1648325940,1,0,65,12
B,1648326540,1,0,65,11
B,1648327140,1,0,66,13
B,1648327740,1,0,66,12
B,1648328340,1,0,66,12
B,1648328940,1,0,66,12
B,1648329540,1,0,65,21
B,1648330140,1,0,66,13
B,1648330740,1,0,65,14
B,1648331340,1,0,66,14
B,1648331940,1,0,66,13
B,1648332540,1,0,66,12
B,1648333140,1,0,66,15
B,1648333740,1,0,66,15
B,1648334340,1,0,66,16
B,1648335000,1,60,71,12
B,1648335600,1,0,66,14
B,1648336200,1,0,66,12
B,1648336800,1,0,66,12
B,1648337400,1,0,66,14
B,1648338000,1,0,66,11
B,1648338600,1,0,66,12
B,1648339200,1,0,66,13
B,1648339800,1,0,65,12
B,1648340400,1,0,66,13
B,1648341000,1,0,66,14
B,1648341600,1,0,66,13
B,1648342200,1,0,66,12
B,1648342800,1,0,66,13
B,1648343400,1,0,66,13
B,1648344000,1,0,65,12
B,1648344600,1,0,66,13
B,1648345200,1,0,66,16
B,1648345800,1,0,66,13
B,1648346400,1,0,66,11
B,1648347000,1,0,66,11
B,1648347600,1,0,66,11
B,1648348200,1,0,65,12
B,1648348800,1,0,65,20
B,1648349400,1,0,66,12
B,1648350000,1,0,66,12
B,1648350600,1,0,66,11
B,1648351200,1,0,66,12
B,1648351800,1,0,66,11
B,1648352400,1,0,66,11
B,1648353000,1,0,65,11
B,1648353600,0,0,66,16
B,1648354200,0,0,66,11
B,1648354800,0,0,66,11
B,1648355400,0,0,66,13
B,1648356000,0,0,66,16
B,1648356600,0,0,66,11
B,1648357260,0,60,71,11
B,1648357860,0,0,66,13
B,1648358460,0,0,66,11
B,1648359060,0,0,66,11
B,1648359660,0,0,66,11
B,1648360260,0,0,66,11
B,1648360860,0,0,66,12
B,1648361460,0,0,66,11
B,1648362060,0,0,65,11
B,1648362660,0,0,66,11
B,1648363260,0,0,66,11
B,1648363860,0,0,66,11
B,1648364460,0,0,66,11
B,1648365060,0,0,66,13
B,1648365660,0,0,66,12
B,1648366260,0,0,66,11
B,1648366860,0,0,66,12
B,1648367460,0,0,66,11
B,1648368060,0,0,66,11
B,1648368660,0,0,66,11
B,1648369260,0,0,66,12
B,1648369860,0,0,66,12
B,1648370460,0,0,65,11
B,1648371060,0,0,66,11
B,1648371660,0,0,66,11
B,1648372260,0,0,65,20
B,1648372860,0,0,66,13
B,1648373460,0,0,66,11
B,1648374060,0,0,66,14
B,1648374660,0,0,65,12
B,1648375320,0,60,73,13
B,1648375920,0,0,66,12
B,1648376520,0,0,66,11
B,1648377120,0,0,65,13
B,1648377720,0,0,66,14
B,1648378320,0,0,66,14
B,1648378920,0,0,65,11
B,1648379520,0,0,66,12
B,1648380120,0,0,66,11
B,1648380720,0,0,66,11
B,1648381320,0,0,66,12
B,1648381920,0,0,66,11
B,1648382520,0,0,66,15
B,1648383120,0,0,66,11
B,1648383720,0,0,65,12
B,1648384320,0,0,66,12
B,1648384920,0,0,66,15
B,1648385520,0,0,65,19
B,1648386120,0,0,66,15
B,1648386720,0,0,65,20
B,1648387320,0,0,66,12
B,1648387920,0,0,65,15
B,1648388520,0,0,66,12
B,1648389120,0,0,66,12
B,1648389720,0,0,66,12
B,1648390320,0,0,66,11
B,1648390920,0,0,66,14
B,1648391520,0,0,66,16
B,1648392180,0,60,72,12
B,1648392780,1,0,66,11
B,1648393380,1,0,66,12
B,1648393980,1,0,66,14
B,1648394580,1,0,66,13
B,1648395180,1,0,66,11
B,1648395780,1,0,66,12
B,1648396380,1,0,66,12
B,1648396980,1,0,66,14
B,1648397580,1,0,66,11
B,1648398180,1,0,66,11
B,1648398780,1,0,66,11
B,1648399380,1,0,66,11
B,1648399980,1,0,66,16
B,1648400580,1,0,66,11
B,1648401180,1,0,65,18
B,1648401780,1,0,66,17
B,1648402380,1,0,66,12
B,1648402980,1,0,66,11
B,1648403580,1,0,66,13
B,1648404180,1,0,66,11
B,1648404780,1,0,66,11
B,1648405380,1,0,66,15
B,1648405980,1,0,66,11
B,1648406580,1,0,66,15
B,1648407180,1,0,66,12
B,1648407780,1,0,66,13
B,1648408380,1,0,66,14
B,1648408980,1,0,66,11
B,1648409580,1,0,66,11
B,1648410180,1,0,65,11
B,1648410780,1,0,66,14
B,1648411380,1,0,66,12
B,1648411980,1,0,66,12
B,1648412580,1,0,66,11
B,1648413180,1,0,66,12
B,1648413780,0,0,66,11
B,1648414380,0,0,66,12
B,1648414980,0,0,65,12
B,1648415580,0,0,66,13
B,1648416180,0,0,66,12
B,1648416780,0,0,66,15
B,1648417380,0,0,66,11
B,1648417980,0,0,66,12
B,1648418580,0,0,66,11
B,1648419240,0,60,71,15
B,1648419840,0,0,66,11
B,1648420440,0,0,66,12
B,1648421040,0,0,66,11
B,1648421640,0,0,66,11
B,1648422240,0,0,66,11
B,1648422840,0,0,66,11
B,1648423440,0,0,64,20
B,1648424040,0,0,66,11
B,1648424640,0,0,66,13
B,1648425240,0,0,66,12
B,1648425840,0,0,66,13
B,1648426440,0,0,66,12
B,1648427040,0,0,66,11
B,1648427640,0,0,65,15
B,1648428240,0,0,66,12
B,1648428840,0,0,66,11
B,1648429440,0,0,66,11
B,1648430040,0,0,66,12
B,1648430640,0,0,66,11
B,1648431240,0,0,66,11
B,1648431840,0,0,66,12
B,1648432440,0,0,65,12
B,1648433040,0,0,66,13
B,1648433640,0,0,66,11
B,1648434240,0,0,66,12
B,1648434840,0,0,66,15
B,1648435440,0,0,66,11
B,1648436040,0,0,66,12
B,1648436640,0,0,65,12
B,1648437240,0,0,66,11
B,1648437840,0,0,66,11
B,1648438440,0,0,66,11
B,1648439040,0,0,66,11
B,1648439640,0,0,66,11
B,1648440240,0,0,66,11
B,1648440900,0,60,71,11
B,1648441500,0,0,66,12
B,1648442100,0,0,66,15
B,1648442700,0,0,66,11
B,1648443300,0,0,66,11
B,1648443900,0,0,66,13
B,1648444500,0,0,66,12
B,1648445100,0,0,65,12
B,1648445700,0,0,66,13
B,1648446300,0,0,66,11
B,1648446900,0,0,66,11
B,1648447500,0,0,66,14
B,1648448100,0,0,66,11
B,1648448700,0,0,66,12
B,1648449300,0,0,65,11
B,1648449900,0,0,66,15
B,1648450500,0,0,66,15
B,1648451100,0,0,66,11
B,1648451700,0,0,66,11
B,1648452300,0,0,66,11
B,1648452900,0,0,66,12
B,1648453500,0,0,65,12
B,1648454100,0,0,66,13
B,1648454700,0,0,66,12
B,1648455300,0,0,66,11
B,1648455900,0,0,66,11
B,1648456500,0,0,66,13
B,1648457100,0,0,66,13
B,1648457700,0,0,66,12
B,1648458300,0,0,65,11
B,1648458900,0,0,66,11
B,1648459500,0,0,66,11
B,1648460100,0,0,65,21
B,1648460700,0,0,66,14
B,1648461300,0,0,66,12
B,1648461900,0,0,66,14
B,1648462560,0,60,71,12
B,1648463160,0,0,66,14
B,1648463760,0,0,66,15
B,1648464360,0,0,66,15
B,1648465200,0,240,65,250
B,1648465800,0,0,66,13
B,1648466400,0,0,66,14
B,1648467000,0,0,66,18
B,1648467600,0,0,63,22
B,1648468200,0,0,66,12
B,1648468800,0,0,66,12
B,1648469400,0,0,66,15
B,1648470000,0,0,66,14
B,1648470600,0,0,66,15
B,1648471200,0,0,66,15
B,1648471800,0,0,65,21
B,1648472460,0,60,71,15
B,1648473060,0,0,66,16
B,1648473660,0,0,66,15
B,1648474260,0,0,66,15
B,1648474860,0,0,66,16
B,1648475460,0,0,66,18
B,1648476060,0,0,65,20
B,1648476900,0,240,67,239
B,1648477500,0,0,65,14
B,1648478100,0,0,65,20
B,1648478700,0,0,66,17
B,1648479540,0,240,69,204
B,1648480140,0,0,65,20
B,1648480980,0,240,64,200
B,1648481760,0,180,63,202
B,1648482360,0,0,65,13
B,1648482960,0,0,66,16
B,1648483620,0,60,70,24
B,1648484220,0,0,65,22
B,1648485000,0,180,64,180
B,1648485600,0,0,66,14
B,1648486200,0,0,67,14
B,1648486800,0,0,65,18
B,1648487400,0,0,65,12
B,1648488000,0,0,66,17
B,1648488600,0,0,66,11
B,1648489200,0,0,66,15
B,1648489800,0,0,66,13
B,1648490400,0,0,66,14
B,1648491000,0,0,66,13
B,1648491600,0,0,65,15
B,1648492200,0,0,66,15
B,1648492800,0,0,66,12
B,1648493400,0,0,66,12
B,1648494000,1,0,66,13
B,1648494600,1,0,66,12
B,1648495200,0,0,66,11
B,1648495800,0,0,66,14
B,1648496460,0,60,72,17
B,1648497060,0,0,66,13
B,1648497660,0,0,66,15
B,1648498260,0,0,66,11
B,1648498860,0,0,66,13
B,1648499460,0,0,66,12
B,1648500060,0,0,66,11
B,1648500660,0,0,65,12
B,1648501260,0,0,65,11
B,1648501860,0,0,66,11
B,1648502460,0,0,66,11
B,1648503060,0,0,66,12
B,1648503660,0,0,66,12
B,1648504260,0,0,66,13
B,1648504860,0,0,65,20
B,1648505460,0,0,65,14
B,1648506060,0,0,66,13
B,1648506660,0,0,66,11
B,1648507260,0,0,66,11
B,1648507860,0,0,66,12
B,1648508460,0,0,66,11
B,1648509060,0,0,66,11
B,1648509660,0,0,65,11
B,1648510260,0,0,66,12
B,1648510860,0,0,66,13
B,1648511460,0,0,66,11
B,1648512060,0,0,66,13
B,1648512660,0,0,66,13
B,1648513260,0,0,66,14
B,1648513860,0,0,65,14
B,1648514460,0,0,66,13
B,1648515060,0,0,66,12
B,1648515660,0,0,66,12
B,1648516260,0,0,66,11
B,1648516860,0,0,66,13
B,1648517460,0,0,66,13
B,1648518060,0,0,66,13
B,1648518720,0,60,71,12
B,1648519320,0,0,66,11
B,1648519920,0,0,66,16
B,1648520520,0,0,66,13
B,1648521120,0,0,66,14
B,1648521720,0,0,66,14
B,1648522320,0,0,66,12
B,1648522920,0,0,65,13
B,1648523520,0,0,66,11
B,1648524120,0,0,66,11
B,1648524720,0,0,66,11
B,1648525320,0,0,66,13
B,1648525920,0,0,66,12
B,1648526520,0,0,66,15
B,1648527120,0,0,65,11
B,1648527720,0,0,65,20
B,1648528320,0,0,66,13
B,1648528920,0,0,66,12
B,1648529520,0,0,66,13
B,1648530120,0,0,66,13
B,1648530720,0,0,66,14
B,1648531320,0,0,65,11
B,1648531920,0,0,66,11
B,1648532520,0,0,66,13
B,1648533120,0,0,66,13
B,1648533720,0,0,66,16
B,1648534320,0,0,66,12
B,1648534920,0,0,66,12
B,1648535520,0,0,65,13
B,1648536120,0,0,65,14
B,1648536720,0,0,66,14
B,1648537320,0,0,66,12
B,1648537920,0,0,66,14
B,1648538520,0,0,66,13
B,1648539180,0,60,71,21
B,1648539960,0,180,64,180
B,1648540560,0,0,65,13
B,1648541160,0,0,66,12
B,1648541760,0,0,66,16
B,1648542360,0,0,66,12
B,1648542960,0,0,66,15
B,1648543560,0,0,66,15
B,1648544160,0,0,66,13
B,1648544760,0,0,65,13
B,1648545360,0,0,66,15
B,1648545960,0,0,66,19
B,1648546620,0,60,69,31
B,1648547220,0,0,66,17
B,1648547820,0,0,65,18
B,1648548420,0,0,65,14
B,1648549020,0,0,65,14
B,1648549620,0,0,65,16
B,1648550220,0,0,66,15
B,1648550820,0,0,66,15
B,1648551420,0,0,66,15
B,1648552020,0,0,65,21
B,1648552620,0,0,66,13
B,1648553220,0,0,66,16
B,1648553820,0,0,66,16
B,1648554420,0,0,65,14
B,1648555020,0,0,66,16
B,1648555860,0,240,67,240
B,1648556460,0,0,66,15
B,1648557060,0,0,66,14
B,1648557660,0,0,66,18
B,1648558260,0,0,66,12
B,1648559160,0,300,67,228
B,1648559760,0,0,65,15
B,1648560360,0,0,66,15
B,1648560960,0,0,65,17
B,1648561560,0,0,64,20
B,1648562160,0,0,66,15
B,1648562820,0,60,70,19
B,1648563420,0,0,66,15
B,1648564020,0,0,65,15
B,1648564620,0,0,66,18
B,1648565220,0,0,66,18
B,1648565820,0,0,63,36
B,1648567320,0,900,66,302
B,1648567920,0,0,66,14
B,1648568520,0,0,66,11
B,1648569600,0,480,65,202
B,1648570200,0,0,65,19
B,1648570800,0,0,66,15
B,1648571400,0,0,66,14
B,1648572000,0,0,66,15
B,1648572840,0,240,66,219
B,1648573440,0,0,66,12
B,1648574100,0,60,71,14
B,1648574700,0,0,66,13
B,1648575300,0,0,66,17
B,1648575900,0,0,66,11
B,1648576500,0,0,66,12
B,1648577100,0,0,66,11
B,1648577700,0,0,66,11
B,1648578300,0,0,66,15
B,1648578900,0,0,65,11
B,1648579500,0,0,66,11
B,1648580100,0,0,66,13
B,1648580700,0,0,66,12
B,1648581300,0,0,66,13
B,1648581900,0,0,66,11
B,1648582500,0,0,66,15
B,1648583100,0,0,65,12
B,1648583700,0,0,66,19
B,1648584300,0,0,66,11
B,1648584900,0,0,66,11
B,1648585500,0,0,66,12
B,1648586100,0,0,66,12
B,1648586700,0,0,66,12
B,1648587300,0,0,65,12
B,1648587900,0,0,65,11
B,1648588500,0,0,66,11
B,1648589100,0,0,66,11
B,1648589700,0,0,66,13
B,1648590300,0,0,66,11
B,1648590900,0,0,66,11
B,1648591500,0,0,66,11
B,1648592100,0,0,65,11
B,1648592700,0,0,66,11
B,1648593300,0,0,66,12
B,1648593900,0,0,66,13
B,1648594500,0,0,66,12
B,1648595100,0,0,66,13
B,1648595700,0,0,66,11
B,1648596300,0,0,66,11
B,1648596900,0,0,65,11
B,1648597500,0,0,66,11
B,1648598100,0,0,66,11
B,1648598700,0,0,66,12
B,1648599300,0,0,66,11
B,1648599900,0,0,66,11
B,1648600500,0,0,66,11
B,1648601160,0,60,71,12
B,1648601760,0,0,66,13
B,1648602360,0,0,66,13
B,1648602960,0,0,66,12
B,1648603560,0,0,66,13
B,1648604160,0,0,66,13
B,1648604760,0,0,66,12
B,1648605360,0,0,66,11
B,1648605960,0,0,65,13
B,1648606560,0,0,66,13
B,1648607160,0,0,66,14
B,1648607760,0,0,66,11
B,1648608360,0,0,66,11
B,1648608960,0,0,66,11
B,1648609560,0,0,66,11
B,1648610160,0,0,65,12
B,1648610760,0,0,66,12
B,1648611360,0,0,66,12
B,1648611960,0,0,66,12
B,1648612560,0,0,66,11
B,1648613160,0,0,66,11
B,1648613760,0,0,66,12
B,1648614360,0,0,65,15
B,1648614960,0,0,66,15
B,1648615560,0,0,66,15
B,1648616160,0,0,66,11
B,1648616760,0,0,66,11
B,1648617360,0,0,66,11
B,1648617960,0,0,66,11
B,1648618560,0,0,65,12
B,1648619160,0,0,66,11
B,1648619760,0,0,66,12
B,1648620360,0,0,66,13
B,1648620960,0,0,66,12
B,1648621560,0,0,66,11
B,1648622160,0,0,66,13
B,1648622760,0,0,66,12
B,1648623360,0,0,66,16
B,1648623960,0,0,66,11
B,1648624560,0,0,66,11
B,1648625160,0,0,66,11
B,1648625760,0,0,66,11
B,1648626420,0,60,69,22
B,1648627200,0,180,62,240
B,1648627860,0,60,71,13
B,1648628460,0,0,66,14
B,1648629240,0,180,63,205
B,1648630080,0,240,64,270
B,1648630680,0,0,66,14
B,1648631460,0,180,66,169
B,1648632120,0,60,69,30
B,1648632720,0,0,66,14
B,1648633320,0,0,65,26
B,1648633920,0,0,66,15
B,1648634520,0,0,66,18
B,1648635120,0,0,66,18
B,1648635720,0,0,65,16
B,1648636560,0,240,65,243
B,1648637460,0,300,68,283
B,1648638060,0,0,66,15
B,1648638660,0,0,66,14
B,1648639260,0,0,65,20
B,1648639860,0,0,65,20
B,1648640460,0,0,66,20
B,1648641240,0,180,63,191
B,1648641840,0,0,66,14
B,1648642440,0,0,66,12
B,1648643040,0,0,66,17
B,1648643700,0,60,71,20
B,1648644300,0,0,64,21
B,1648644900,0,0,66,13
B,1648645500,0,0,66,16
B,1648646100,0,0,66,13
B,1648646700,0,0,65,14
B,1648647300,0,0,65,23
B,1648647900,0,0,66,16
B,1648648500,0,0,66,16
B,1648649160,0,60,70,21
B,1648649760,0,0,66,18
B,1648650360,0,0,66,16
B,1648651200,0,240,64,257
B,1648652100,0,300,64,280
B,1648652880,0,180,64,210
B,1648653720,0,240,69,131
B,1648654680,0,360,67,158
B,1648655280,0,0,66,17
B,1648655880,0,0,65,20
B,1648656480,0,0,65,12
B,1648657080,0,0,65,21
B,1648657680,1,0,66,16
B,1648658280,1,0,66,17
B,1648658880,1,0,66,15
B,1648659720,1,240,68,224
B,1648660320,1,0,66,15
B,1648660920,1,0,66,14
B,1648661520,1,0,66,15
B,1648662120,1,0,66,11
B,1648662720,1,0,65,20
B,1648663320,1,0,65,20
B,1648663920,1,0,66,14
B,1648664520,1,0,66,11
B,1648665120,1,0,66,13
B,1648665780,1,60,71,13
B,1648666380,1,0,66,13
B,1648666980,1,0,66,13
B,1648671180,1,3600,62,3648
B,1648671780,1,0,63,13
B,1648672380,1,0,66,13
B,1648672980,1,0,66,12
B,1648673580,1,0,66,11
B,1648674180,1,0,66,12
B,1648674780,1,0,65,12
B,1648675380,0,0,66,13
B,1648675980,0,0,66,12
B,1648676580,0,0,66,11
B,1648677180,0,0,66,11
B,1648677780,0,0,66,11
B,1648678380,0,0,66,11
B,1648678980,0,0,66,11
B,1648679640,0,60,71,11
B,1648680240,0,0,66,11
B,1648680840,0,0,66,12
B,1648681440,0,0,66,11
B,1648682040,0,0,66,11
B,1648682640,0,0,67,11
B,1648683240,0,0,66,11
B,1648683840,0,0,65,11
B,1648684440,0,0,66,11
B,1648685040,0,0,66,11
B,1648685640,0,0,66,11
B,1648686240,0,0,66,11
B,1648686840,0,0,66,12
B,1648687440,0,0,66,11
B,1648688040,0,0,65,11
B,1648688640,0,0,66,11
B,1648689240,0,0,66,11
B,1648689840,0,0,66,11
B,1648690440,0,0,66,11
B,1648691040,0,0,66,11
B,1648691640,0,0,66,11
B,1648692240,0,0,66,11
B,1648692840,0,0,66,11
B,1648693440,0,0,66,11
B,1648694040,0,0,66,11
B,1648694640,0,0,66,12
B,1648695240,0,0,66,11
B,1648695840,0,0,66,11
B,1648696440,0,0,66,12
B,1648697040,0,0,65,11
B,1648697640,0,0,66,12
B,1648698240,0,0,66,11
B,1648698840,0,0,66,11
B,1648699440,0,0,66,11
B,1648700040,0,0,66,11
B,1648700640,0,0,66,11
B,1648701300,0,60,71,11
B,1648701900,0,0,66,11
B,1648702500,0,0,66,11
B,1648703100,0,0,66,11
B,1648703700,0,0,66,11
B,1648704300,0,0,66,11
B,1648704900,0,0,66,11
B,1648705500,0,0,65,11
B,1648706100,0,0,66,11
B,1648706700,1,0,66,11
B,1648707300,1,0,65,20
B,1648707900,0,0,66,11
B,1648708500,0,0,66,11
B,1648709100,0,0,66,13
B,1648709700,0,0,65,12
B,1648710300,0,0,66,12
B,1648710900,0,0,66,13
B,1648711500,0,0,66,16
B,1648712100,0,0,66,11
B,1648712880,0,180,65,181
B,1648713480,1,0,66,14
B,1648714080,0,0,66,13
B,1648714680,0,0,65,11
B,1648715280,0,0,66,12
B,1648715880,0,0,66,11
B,1648716480,0,0,66,13
B,1648717320,1,240,70,189
B,1648717920,1,0,66,15
B,1648718520,1,0,65,13
B,1648719120,1,0,65,16
B,1648719720,1,0,66,15
B,1648720320,1,0,65,20
B,1648721280,1,360,65,200
B,1648722120,1,240,66,230
B,1648722960,1,240,65,251
B,1648723860,1,300,66,271
B,1648724460,1,0,65,27
B,1648725060,1,0,66,17
B,1648725660,1,0,66,12
B,1648726260,1,0,66,13
B,1648726920,1,60,66,56
B,1648727520,1,0,66,15
B,1648728180,0,60,66,65
B,1648728780,0,0,65,14
B,1648729380,0,0,66,16
B,1648729980,0,0,66,13
B,1648730580,0,0,66,14
B,1648731180,0,0,66,14
B,1648731780,0,0,65,20
B,1648732380,0,0,66,15
B,1648732980,0,0,66,14
B,1648733580,0,0,65,14
B,1648734180,1,0,66,15
B,1648734780,1,0,66,15
B,1648735380,1,0,66,18
B,1648735980,1,0,65,22
B,1648736580,1,0,65,22
B,1648737180,1,0,66,15
B,1648737780,1,0,67,13
B,1648738440,1,60,70,26
B,1648739040,1,0,66,14
B,1648739640,1,0,65,21
B,1648740240,1,0,66,15
B,1648740840,1,0,66,15
B,1648741440,1,0,66,14
B,1648742040,1,0,65,15
B,1648742640,1,0,66,14
B,1648743240,1,0,65,12
B,1648743840,1,0,66,16
B,1648744440,1,0,66,15
B,1648745040,1,0,66,14
B,1648745640,1,0,66,12
B,1648746240,1,0,66,12
B,1648746840,1,0,66,15
B,1648747440,1,0,66,14
B,1648748040,1,0,65,12
B,1648748640,0,0,66,16
B,1648749240,0,0,66,11
B,1648749840,0,0,66,13
B,1648750440,1,0,66,14
B,1648751040,1,0,66,11
B,1648751640,1,0,66,15
B,1648752240,1,0,65,13
B,1648752840,1,0,65,14
B,1648753440,1,0,66,14
B,1648754040,1,0,66,11
B,1648754640,1,0,66,11
B,1648755240,1,0,66,17
B,1648755840,1,0,66,17
B,1648756440,1,0,66,13
B,1648757100,1,60,72,12
B,1648757700,1,0,66,11
B,1648758300,1,0,66,13
B,1648758900,1,0,66,11
B,1648759500,1,0,66,11
B,1648760100,1,0,66,12
B,1648760700,1,0,66,13
B,1648761300,1,0,65,12
B,1648761900,1,0,66,11
B,1648762500,1,0,66,11
B,1648763100,1,0,66,13
B,1648763700,1,0,66,14
B,1648764300,1,0,66,13
B,1648764900,1,0,66,14
B,1648765500,1,0,65,12
B,1648766100,1,0,66,11
B,1648766700,1,0,66,12
B,1648767300,1,0,66,14
B,1648767900,1,0,66,11
B,1648768500,1,0,66,11
B,1648769100,1,0,66,11
B,1648769700,1,0,66,11
B,1648770300,1,0,65,11
B,1648770900,1,0,66,11
C,1647715920,0,0,66,12
C,1647716520,0,0,66,11
C,1647717120,0,0,66,14
C,1647717720,0,0,66,17
C,1647718320,0,0,66,14
C,1647718980,0,60,71,13
C,1647719580,0,0,66,14
C,1647720180,0,0,66,15
C,1647720780,0,0,66,17
C,1647721380,0,0,66,12
C,1647721980,0,0,66,13
C,1647722580,0,0,66,15
C,1647723180,0,0,66,16
C,1647723780,0,0,65,16
C,1647724380,0,0,66,13
C,1647724980,0,0,66,14
C,1647725580,0,0,66,16
C,1647726180,0,0,65,15
C,1647726780,0,0,66,17
C,1647727380,0,0,66,11
C,1647727980,0,0,65,12
C,1647728580,0,0,66,15
C,1647729180,0,0,66,11
C,1647729780,0,0,66,11
C,1647730380,0,0,66,11
C,1647730980,0,0,66,12
C,1647731580,0,0,66,14
C,1647732180,0,0,66,11
C,1647732780,0,0,65,15
C,1647733380,0,0,66,12
C,1647733980,0,0,66,16
C,1647734580,0,0,66,11
C,1647735180,0,0,66,13
C,1647735780,0,0,66,13
C,1647736380,0,0,66,13
C,1647736980,0,0,66,12
C,1647737580,0,0,66,12
C,1647738180,0,0,66,12
C,1647738780,0,0,65,21
C,1647739380,0,0,66,14
C,1647739980,0,0,66,14
C,1647740580,0,0,66,11
C,1647741180,0,0,66,12
C,1647741780,0,0,66,11
C,1647742440,0,60,71,11
C,1647743040,0,0,66,11
C,1647743640,0,0,66,11
C,1647744240,0,0,66,11
C,1647744840,0,0,66,12
C,1647745440,0,0,65,15
C,1647746040,0,0,66,13
C,1647746640,0,0,65,11
C,1647747240,0,0,66,12
C,1647747840,0,0,66,13
C,1647748440,0,0,66,13
C,1647749040,0,0,66,11
C,1647749640,0,0,66,14
C,1647750240,0,0,66,15
C,1647750840,0,0,66,13
C,1647751440,0,0,65,13
C,1647752040,0,0,66,13
C,1647752640,0,0,66,11
C,1647753240,0,0,66,12
C,1647753840,0,0,66,13
C,1647754440,0,0,66,13
C,1647755040,0,0,66,13
C,1647755640,0,0,65,11
C,1647756240,0,0,66,11
C,1647756840,0,0,66,11
C,1647757440,0,0,66,11
C,1647758040,0,0,66,11
C,1647758640,0,0,66,14
C,1647759240,0,0,66,11
C,1647759840,0,0,65,11
C,1647760440,0,0,66,11
C,1647761040,0,0,66,11
C,1647761640,0,0,66,11
C,1647762240,0,0,66,12
C,1647762840,0,0,66,12
C,1647763440,0,0,66,11
C,1647764040,0,0,66,11
C,1647764640,0,0,65,11
C,1647765240,0,0,66,11
C,1647765840,0,0,66,13
C,1647766440,0,0,66,11
C,1647767040,0,0,66,11
C,1647767640,0,0,66,12
C,1647768240,0,0,66,11
C,1647768900,1,60,71,11
C,1647769500,0,0,66,12
C,1647770100,0,0,66,12
C,1647770700,0,0,66,11
C,1647771300,0,0,66,12
C,1647771900,0,0,66,12
C,1647772500,0,0,66,11
C,1647773100,0,0,65,11
C,1647773700,0,0,66,11
C,1647774300,0,0,66,11
C,1647774900,0,0,66,15
C,1647775500,0,0,66,11
C,1647776100,0,0,66,12
C,1647776700,0,0,66,13
C,1647777300,0,0,65,11
C,1647777900,0,0,66,15
C,1647778500,0,0,66,14
C,1647779160,0,60,66,60
C,1647779760,0,0,66,11
C,1647780360,0,0,66,12
C,1647780960,0,0,66,13
C,1647781560,0,0,66,14
C,1647782160,0,0,65,14
C,1647782760,0,0,66,15
C,1647783360,0,0,66,16
C,1647783960,0,0,66,15
C,1647784560,0,0,66,15
C,1647785160,0,0,66,15
C,1647785760,0,0,65,20
C,1647786360,0,0,66,16
C,1647786960,0,0,65,16
C,1647787560,0,0,66,17
C,1647788220,0,60,71,20
C,1647788820,0,0,66,11
C,1647789420,0,0,66,11
C,1647790020,0,0,66,11
C,1647790620,0,0,66,11
C,1647791220,0,0,66,14
C,1647791820,0,0,65,11
C,1647792420,0,0,66,12
C,1647793020,0,0,66,12
C,1647793620,0,0,66,12
C,1647794220,0,0,66,12
C,1647794820,0,0,66,11
C,1647795420,0,0,66,11
C,1647796020,0,0,65,13
C,1647796620,0,0,66,11
C,1647797220,0,0,66,13
C,1647797820,0,0,66,11
C,1647798420,1,0,66,12
C,1647799020,1,0,66,12
C,1647799620,0,0,66,13
C,1647800220,0,0,66,14
C,1647800820,0,0,65,11
C,1647801420,0,0,66,11
C,1647802020,0,0,66,13
C,1647802620,1,0,66,11
C,1647803220,1,0,66,13
C,1647803820,1,0,66,14
C,1647804420,1,0,66,11
C,1647805020,1,0,65,20
C,1647805620,1,0,64,11
C,1647806220,1,0,66,12
C,1647806820,1,0,66,12
C,1647807420,1,0,66,13
C,1647808020,1,0,66,11
C,1647808620,1,0,66,11
C,1647809220,1,0,66,12
C,1647809820,1,0,66,13
C,1647810480,1,60,71,11
C,1647811080,1,0,66,11
C,1647811680,1,0,66,11
C,1647812280,1,0,66,13
C,1647812880,1,0,66,11
C,1647813480,1,0,66,11
C,1647814080,1,0,66,11
C,1647814680,1,0,65,15
C,1647815280,1,0,66,14
C,1647815880,1,0,66,11
C,1647816480,1,0,66,12
C,1647817080,1,0,66,11
C,1647817680,1,0,66,11
C,1647818280,1,0,66,11
C,1647818880,1,0,66,13
C,1647819480,1,0,66,13
C,1647820080,1,0,66,11
C,1647820680,0,0,65,24
C,1647821280,0,0,66,11
C,1647821880,0,0,66,11
C,1647822480,0,0,66,12
C,1647823080,0,0,66,11
C,1647823680,0,0,65,13
C,1647824280,0,0,66,13
C,1647824880,0,0,66,11
C,1647825480,0,0,66,13
C,1647826080,0,0,66,13
C,1647826680,0,0,66,11
C,1647827280,0,0,66,11
C,1647827880,0,0,66,11
C,1647828480,0,0,65,12
C,1647829080,0,0,66,11
C,1647829680,0,0,66,11
C,1647830280,0,0,66,11
C,1647830880,0,0,66,11
C,1647831480,0,0,66,11
C,1647832080,0,0,66,11
C,1647832740,0,60,71,11
C,1647833340,0,0,66,11
C,1647833940,0,0,66,11
C,1647834540,0,0,66,11
C,1647835140,0,0,66,11
C,1647835740,1,0,66,11
C,1647836340,1,0,66,11
C,1647836940,1,0,65,11
C,1647837540,1,0,66,12
C,1647838140,1,0,66,12
C,1647838740,1,0,66,11
C,1647839340,1,0,66,11
C,1647839940,1,0,66,11
C,1647840540,1,0,65,11
C,1647841140,1,0,65,13
C,1647841740,1,0,65,11
C,1647842340,1,0,66,11
C,1647842940,1,0,66,11
C,1647843540,0,0,66,11
C,1647844140,0,0,66,11
C,1647844740,0,0,66,13
C,1647845340,0,0,66,13
C,1647845940,0,0,65,11
C,1647846540,0,0,66,11
C,1647847140,0,0,66,14
C,1647847740,0,0,66,11
C,1647848340,0,0,66,11
C,1647848940,0,0,66,12
C,1647849540,0,0,65,13
C,1647850140,0,0,65,11
C,1647850740,0,0,66,11
C,1647851340,0,0,66,12
C,1647851940,0,0,66,11
C,1647852540,0,0,66,12
C,1647853140,0,0,66,11
C,1647853740,0,0,66,15
C,1647854340,0,0,66,12
C,1647854940,0,0,65,11
C,1647855540,0,0,66,11
C,1647856140,0,0,66,13
C,1647856740,0,0,66,13
C,1647857340,0,0,66,14
C,1647858000,0,60,71,20
C,1647858600,0,0,66,13
C,1647859200,0,0,65,11
C,1647859800,0,0,66,11
C,1647860400,0,0,66,11
C,1647861000,0,0,66,14
C,1647861600,0,0,66,13
C,1647862200,0,0,66,17
C,1647862800,0,0,65,20
C,1647863400,0,0,66,16
C,1647864000,0,0,65,11
C,1647864600,0,0,66,12
C,1647865200,0,0,66,16
C,1647865800,0,0,66,11
C,1647866400,0,0,66,16
C,1647867000,0,0,66,16
C,1647867600,0,0,66,11
C,1647868200,0,0,66,13
C,1647868800,0,0,66,13
C,1647869400,0,0,65,13
C,1647870000,0,0,66,15
C,1647870600,0,0,66,17
C,1647871200,0,0,66,15
C,1647871800,0,0,66,14
C,1647872400,0,0,66,11
C,1647873000,0,0,66,14
C,1647873660,0,60,70,32
C,1647874260,0,0,66,17
C,1647874860,0,0,64,18
C,1647875460,0,0,65,17
C,1647876060,0,0,66,19
C,1647876660,0,0,66,11
C,1647877260,0,0,66,11
C,1647877860,0,0,66,15
C,1647878460,0,0,66,12
C,1647879060,0,0,65,20
C,1647879660,0,0,65,19
C,1647880260,0,0,66,11
C,1647880860,0,0,65,20
C,1647881460,0,0,66,16
C,1647882060,0,0,66,16
C,1647882720,0,60,70,22
C,1647883320,0,0,65,20
C,1647883920,0,0,65,16
C,1647884520,0,0,66,16
C,1647885120,0,0,64,26
C,1647885720,0,0,65,20
C,1647886380,0,60,71,20
C,1647886980,0,0,66,11
C,1647887580,0,0,66,13
C,1647888180,0,0,66,11
C,1647888780,0,0,66,15
C,1647889380,0,0,66,11
C,1647889980,0,0,66,12
C,1647890580,0,0,65,11
C,1647891180,0,0,66,11
C,1647891780,0,0,66,11
C,1647892380,0,0,66,11
C,1647892980,0,0,66,12
C,1647893580,0,0,66,11
C,1647894180,0,0,66,11
C,1647894780,0,0,66,11
C,1647895380,0,0,65,11
C,1647895980,0,0,66,11
C,1647896580,0,0,66,11
C,1647897180,0,0,66,11
C,1647897780,0,0,66,12
C,1647898380,0,0,66,11
C,1647898980,0,0,66,11
C,1647899580,0,0,66,11
C,1647900180,0,0,65,13
C,1647900780,0,0,66,17
C,1647901380,0,0,66,11
C,1647901980,0,0,66,11
C,1647902580,0,0,66,11
C,1647903180,0,0,66,11
C,1647903780,0,0,66,11
C,1647904380,0,0,66,11
C,1647904980,0,0,65,11
C,1647905580,0,0,66,11
C,1647906180,0,0,66,11
C,1647906780,0,0,66,11
C,1647907380,0,0,67,11
C,1647907980,0,0,66,12
C,1647908580,1,0,66,11
C,1647909180,0,0,66,11
C,1647909840,1,60,71,11
C,1647910440,1,0,66,11
C,1647911040,0,0,66,11
C,1647911640,0,0,66,11
C,1647912240,0,0,66,12
C,1647912840,0,0,66,11
C,1647913440,0,0,66,11
C,1647914040,0,0,65,11
C,1647914640,0,0,66,11
C,1647915240,0,0,66,11
C,1647915840,0,0,66,11
C,1647916440,0,0,66,11
C,1647917040,0,0,66,12
C,1647917640,0,0,66,11
C,1647918240,0,0,66,12
C,1647918840,0,0,65,11
C,1647919440,0,0,66,11
C,1647920040,0,0,66,11
C,1647920640,0,0,66,11
C,1647921240,0,0,66,11
C,1647921840,0,0,66,11
C,1647922440,0,0,66,11
C,1647923040,0,0,65,11
C,1647923640,0,0,66,11
C,1647924240,0,0,66,11
C,1647924840,0,0,66,11
C,1647925440,0,0,66,11
C,1647926040,0,0,66,11
C,1647926640,0,0,66,11
C,1647927240,0,0,65,11
C,1647927840,0,0,66,11
C,1647928440,0,0,66,11
C,1647929040,0,0,66,11
C,1647929640,0,0,66,11
C,1647930240,0,0,66,11
C,1647930840,0,0,66,11
C,1647931440,0,0,65,11
C,1647932040,0,0,65,11
C,1647932640,0,0,66,11
C,1647933240,0,0,66,11
C,1647933840,0,0,66,12
C,1647934440,0,0,66,11
C,1647935040,0,0,66,11
C,1647935640,0,0,66,11
C,1647936300,0,60,71,14
C,1647936900,0,0,66,15
C,1647937500,0,0,66,14
C,1647938100,0,0,66,11
C,1647938700,0,0,65,19
C,1647939300,0,0,66,15
C,1647939900,0,0,64,29
C,1647940500,0,0,65,14
C,1647941100,0,0,66,13
C,1647941700,0,0,66,12
C,1647942300,0,0,66,17
C,1647942900,0,0,66,15
C,1647943500,0,0,66,15
C,1647944100,0,0,66,11
C,1647944700,0,0,66,12
C,1647945300,0,0,66,15
C,1647945900,0,0,65,14
C,1647946500,0,0,66,14
C,1647947100,0,0,66,11
C,1647947700,0,0,66,14
C,1647948300,0,0,66,11
C,1647948900,0,0,66,11
C,1647949500,0,0,66,11
C,1647950100,0,0,66,11
C,1647950700,0,0,66,11
C,1647951360,0,60,70,20
C,1647951960,0,0,66,13
C,1647952560,0,0,66,12
C,1647953160,0,0,66,11
C,1647953760,0,0,66,13
C,1647954360,0,0,66,11
C,1647954960,0,0,66,11
C,1647955560,0,0,66,15
C,1647956160,0,0,65,14
C,1647956760,0,0,66,12
C,1647957360,0,0,66,12
C,1647957960,0,0,66,13
C,1647958560,0,0,66,14
C,1647959160,0,0,66,14
C,1647959760,0,0,66,13
C,1647960360,0,0,66,15
C,1647961020,0,60,64,60
C,1647961620,0,0,66,15
C,1647962220,0,0,66,15
C,1647962820,0,0,66,17
C,1647963420,0,0,67,16
C,1647964020,0,0,67,16
C,1647964620,0,0,66,19
C,1647965220,0,0,66,11
C,1647965820,0,0,66,11
C,1647966420,0,0,65,11
C,1647967080,0,60,71,20
C,1647967680,0,0,66,18
C,1647968280,0,0,66,13
C,1647968880,0,0,65,20
C,1647969540,0,60,66,52
C,1647970140,0,0,65,17
C,1647970740,0,0,66,14
C,1647971340,0,0,64,16
C,1647971940,0,0,64,24
C,1647972600,0,60,71,24
C,1647973200,0,0,66,14
C,1647973800,0,0,65,20
C,1647974400,0,0,66,13
C,1647975000,0,0,66,17
C,1647975600,0,0,66,14
C,1647976200,0,0,65,17
C,1647976800,0,0,65,16
C,1647977400,1,0,66,16
C,1647978000,1,0,66,13
C,1647978600,1,0,66,11
C,1647979200,1,0,66,11
C,1647979800,1,0,66,11
C,1647980400,1,0,66,11
C,1647981000,1,0,66,12
C,1647981600,1,0,65,11
C,1647982200,1,0,66,11
C,1647982800,1,0,66,13
C,1647983400,1,0,66,11
C,1647984000,1,0,66,11
C,1647984600,1,0,66,13
C,1647985200,1,0,66,11
C,1647985800,1,0,66,11
C,1647986400,1,0,65,11
C,1647987000,1,0,66,11
C,1647987600,1,0,66,11
C,1647988200,1,0,66,11
C,1647988800,1,0,66,11
C,1647989400,1,0,66,11
C,1647990000,1,0,66,11
C,1647990600,1,0,66,12
C,1647991260,1,60,71,11
C,1647991860,1,0,66,13
C,1647992460,0,0,66,11
C,1647993060,0,0,66,15
C,1647993660,0,0,66,11
C,1647994260,0,0,66,13
C,1647994860,0,0,66,13
C,1647995460,0,0,65,13
C,1647996060,0,0,66,11
C,1647996660,0,0,66,11
C,1647997260,0,0,66,11
C,1647997860,0,0,66,11
C,1647998460,0,0,66,11
C,1647999060,0,0,66,11
C,1647999660,0,0,66,11
C,1648000260,0,0,65,11
C,1648000860,0,0,66,11
C,1648001460,0,0,66,13
C,1648002060,0,0,66,11
C,1648002660,0,0,66,11
C,1648003260,0,0,66,11
C,1648003860,1,0,66,12
C,1648004460,1,0,65,11
C,1648005060,1,0,65,11
C,1648005660,1,0,66,11
C,1648006260,1,0,66,11
C,1648006860,1,0,66,11
C,1648007460,1,0,66,12
C,1648008060,1,0,66,11
C,1648008660,1,0,66,11
C,1648009260,1,0,65,11
C,1648009860,1,0,66,11
C,1648010460,1,0,66,12
C,1648011060,1,0,66,11
C,1648011660,0,0,66,11
C,1648012260,0,0,66,13
C,1648012860,0,0,66,11
C,1648013460,0,0,65,11
C,1648014060,0,0,66,11
C,1648014660,1,0,66,11
C,1648015260,1,0,66,13
C,1648015860,1,0,66,11
C,1648016460,1,0,66,11
C,1648017060,0,0,66,12
C,1648017720,0,60,71,11
C,1648018320,0,0,66,11
C,1648018920,0,0,66,11
C,1648019520,0,0,66,11
C,1648020120,1,0,66,11
C,1648020720,0,0,66,11
C,1648021320,0,0,66,11
C,1648021920,0,0,66,11
C,1648022520,0,0,65,11
C,1648023120,0,0,66,11
C,1648023720,0,0,66,11
C,1648024320,0,0,66,11
C,1648024920,0,0,66,12
C,1648025520,0,0,66,11
C,1648026120,0,0,66,13
C,1648026720,0,0,65,11
C,1648027320,0,0,66,11
C,1648027920,0,0,66,11
C,1648028520,0,0,66,11
C,1648029120,0,0,66,13
C,1648029720,0,0,66,15
C,1648030320,0,0,65,22
C,1648030920,0,0,64,19
C,1648031520,0,0,65,14
C,1648032120,0,0,66,14
C,1648032780,0,60,71,20
C,1648033380,0,0,65,26
C,1648033980,0,0,65,34
C,1648034580,0,0,66,14
C,1648035180,0,0,66,15
C,1648035780,0,0,66,12
C,1648036380,0,0,65,13
C,1648036980,0,0,65,14
C,1648037580,0,0,66,12
C,1648038180,0,0,66,14
C,1648038780,0,0,66,19
C,1648039380,0,0,66,18
C,1648039980,0,0,65,20
C,1648040580,0,0,66,15
C,1648041180,0,0,65,14
C,1648041780,0,0,65,13
C,1648042380,0,0,66,14
C,1648042980,0,0,66,11
C,1648043580,0,0,66,14
C,1648044180,0,0,66,13
C,1648044780,0,0,66,13
C,1648045440,0,60,70,20
C,1648046040,0,0,65,20
C,1648046640,0,0,65,16
C,1648047240,0,0,65,14
C,1648047840,0,0,66,15
C,1648048440,0,0,66,18
C,1648049040,0,0,65,21
C,1648049640,0,0,66,17
C,1648050240,0,0,66,16
C,1648050900,0,60,70,21
C,1648051500,0,0,66,13
C,1648052100,0,0,66,13
C,1648052700,0,0,66,20
C,1648053300,0,0,65,13
C,1648053900,0,0,65,20
C,1648054500,0,0,65,19
C,1648055100,0,0,67,15
C,1648055700,0,0,66,16
C,1648056300,0,0,66,14
C,1648056900,0,0,66,17
C,1648057500,0,0,66,13
C,1648058100,0,0,64,20
C,1648058700,0,0,65,14
C,1648059360,0,60,71,23
C,1648059960,0,0,66,16
C,1648060560,0,0,66,16
C,1648061160,0,0,66,14
C,1648061760,0,0,65,20
C,1648062360,0,0,66,15
C,1648062960,0,0,66,15
C,1648063560,1,0,66,13
C,1648064160,0,0,66,13
C,1648064760,0,0,66,11
C,1648065360,0,0,66,12
C,1648065960,0,0,66,13
C,1648066560,0,0,66,12
C,1648067160,0,0,66,15
C,1648067760,0,0,66,14
C,1648068360,0,0,66,14
C,1648068960,0,0,65,11
C,1648069560,0,0,66,12
C,1648070160,0,0,66,12
C,1648070760,0,0,66,14
C,1648071360,0,0,66,11
C,1648071960,0,0,66,15
C,1648072560,0,0,66,13
C,1648073160,0,0,66,11
C,1648073760,0,0,65,11
C,1648074360,0,0,66,11
C,1648074960,0,0,66,11
C,1648075560,0,0,66,11
C,1648076160,0,0,66,12
C,1648076760,0,0,66,13
C,1648077360,0,0,66,11
C,1648077960,0,0,65,11
C,1648078560,0,0,66,13
C,1648079160,0,0,66,11
C,1648079760,0,0,66,11
C,1648080360,0,0,66,11
C,1648080960,0,0,66,15
C,1648081560,0,0,66,11
C,1648082160,0,0,66,11
C,1648082820,0,60,71,11
C,1648083420,0,0,66,11
C,1648084020,0,0,66,11
C,1648084620,0,0,66,11
C,1648085220,0,0,66,11
C,1648085820,0,0,66,12
C,1648086420,0,0,66,11
C,1648087020,0,0,65,12
C,1648087620,0,0,66,12
C,1648088220,0,0,66,11
C,1648088820,0,0,66,11
C,1648089420,0,0,66,11
C,1648090020,0,0,66,11
C,1648090620,0,0,66,11
C,1648091220,0,0,65,11
C,1648091820,0,0,65,11
C,1648092420,0,0,66,11
C,1648093020,0,0,66,11
C,1648093620,0,0,66,11
C,1648094220,0,0,66,14
C,1648094820,0,0,66,11
C,1648095420,0,0,66,11
C,1648096020,0,0,65,11
C,1648096620,0,0,66,11
C,1648097220,0,0,66,12
C,1648097820,0,0,66,12
C,1648098420,0,0,66,12
C,1648099020,0,0,66,12
C,1648099620,0,0,66,11
C,1648100220,0,0,65,11
C,1648100820,0,0,66,11
C,1648101420,0,0,66,11
C,1648102020,0,0,66,11
C,1648102620,0,0,66,11
C,1648103220,0,0,66,11
C,1648103820,0,0,66,11
C,1648104420,0,0,66,11
C,1648105020,0,0,65,11
C,1648105620,0,0,66,13
C,1648106220,0,0,66,11
C,1648106820,0,0,66,12
C,1648107420,0,0,66,12
C,1648108020,0,0,66,11
C,1648108620,0,0,66,11
C,1648109280,0,60,71,12
C,1648109880,0,0,66,11
C,1648110480,0,0,66,11
C,1648111080,0,0,66,11
C,1648111680,0,0,66,12
C,1648112280,0,0,66,13
C,1648112880,0,0,66,13
C,1648113480,0,0,65,11
C,1648114080,0,0,66,11
C,1648114680,0,0,66,11
C,1648115280,0,0,66,14
C,1648115880,0,0,66,11
C,1648116480,0,0,66,11
C,1648117080,0,0,66,11
C,1648117680,0,0,66,11
C,1648118280,0,0,65,13
C,1648118880,0,0,66,11
C,1648119480,0,0,66,12
C,1648120080,0,0,66,13
C,1648120680,0,0,66,12
C,1648121280,0,0,66,17
C,1648121880,0,0,66,14
C,1648122480,0,0,66,12
C,1648123080,0,0,65,12
C,1648123680,0,0,66,14
C,1648124280,0,0,66,13
C,1648124880,0,0,66,14
C,1648125480,0,0,66,16
C,1648126080,0,0,66,13
C,1648126680,0,0,66,16
C,1648127280,0,0,65,12
C,1648127880,0,0,65,15
C,1648128480,0,0,66,16
C,1648129080,0,0,66,16
C,1648129680,0,0,66,17
C,1648130280,0,0,66,11
C,1648130880,0,0,66,11
C,1648131480,0,0,66,11
C,1648132080,0,0,66,16
C,1648132740,0,60,71,20
C,1648133340,0,0,66,13
C,1648133940,0,0,65,20
C,1648134540,0,0,66,13
C,1648135140,0,0,66,17
C,1648135740,0,0,66,12
C,1648136340,0,0,66,13
C,1648136940,0,0,65,14
C,1648137540,0,0,65,13
C,1648138140,0,0,65,14
C,1648138740,0,0,64,24
C,1648139340,0,0,65,17
C,1648139940,0,0,66,17
C,1648140540,0,0,65,21
C,1648141140,0,0,66,17
C,1648141740,0,0,66,17
C,1648142400,0,60,72,14
C,1648143000,0,0,64,32
C,1648143600,0,0,64,21
C,1648144200,0,0,66,16
C,1648144800,0,0,66,14
C,1648145400,0,0,66,14
C,1648146000,0,0,66,12
C,1648146600,0,0,66,17
C,1648147200,0,0,66,11
C,1648147800,1,0,66,11
C,1648148400,1,0,66,13
C,1648149000,1,0,66,13
C,1648149600,1,0,66,11
C,1648150200,1,0,66,11
C,1648150800,1,0,66,11
C,1648151400,1,0,66,14
C,1648152000,1,0,66,11
C,1648152660,1,60,71,13
C,1648153260,1,0,66,12
C,1648153860,1,0,66,15
C,1648154460,1,0,66,11
C,1648155060,1,0,66,11
C,1648155660,1,0,66,11
C,1648156260,1,0,66,11
C,1648156860,1,0,65,14
C,1648157460,1,0,65,14
C,1648158060,1,0,66,12
C,1648158660,1,0,66,12
C,1648159260,1,0,66,12
C,1648159860,1,0,66,11
C,1648160460,1,0,66,11
C,1648161060,1,0,66,11
C,1648161660,1,0,65,12
C,1648162260,1,0,66,11
C,1648162860,1,0,66,11
C,1648163460,1,0,66,11
C,1648164060,1,0,66,11
C,1648164660,1,0,66,12
C,1648165260,1,0,66,11
C,1648165860,1,0,65,11
C,1648166460,1,0,66,13
C,1648167060,1,0,66,13
C,1648167660,1,0,66,11
C,1648168260,1,0,66,11
C,1648168860,1,0,66,11
C,1648169460,1,0,66,11
C,1648170060,1,0,66,12
C,1648170660,1,0,65,13
C,1648171260,1,0,66,12
C,1648171860,1,0,66,11
C,1648172460,1,0,66,11
C,1648173060,1,0,66,11
C,1648173660,1,0,66,13
C,1648174260,1,0,66,11
C,1648174860,1,0,65,11
C,1648175460,1,0,66,14
C,1648176060,1,0,66,11
C,1648176660,1,0,66,11
C,1648177260,1,0,66,11
C,1648177860,1,0,66,13
C,1648178460,1,0,66,11
C,1648179120,1,60,71,11
C,1648179720,1,0,66,11
C,1648180320,1,0,66,11
C,1648180920,1,0,66,11
C,1648181520,1,0,66,11
C,1648182120,1,0,66,11
C,1648182720,1,0,66,11
C,1648183320,1,0,65,12
C,1648183920,1,0,66,11
C,1648184520,1,0,66,11
C,1648185120,1,0,66,11
C,1648185720,1,0,66,11
C,1648186320,1,0,66,12
C,1648186920,1,0,66,12
C,1648187520,1,0,66,12
C,1648188120,1,0,65,12
C,1648188720,1,0,66,11
C,1648189320,0,0,66,11
C,1648189920,0,0,66,11
C,1648190520,0,0,66,11
C,1648191120,0,0,66,11
C,1648191720,0,0,66,11
C,1648192320,0,0,65,11
C,1648192920,0,0,66,11
C,1648193520,0,0,66,11
C,1648194120,0,0,66,11
C,1648194720,0,0,66,11
C,1648195320,0,0,66,11
C,1648195920,0,0,66,11
C,1648196520,0,0,65,11
C,1648197120,0,0,66,11
C,1648197720,0,0,66,11
C,1648198320,0,0,66,12
C,1648198920,0,0,66,11
C,1648199520,0,0,66,12
C,1648200120,0,0,66,12
C,1648200720,0,0,65,14
C,1648201320,0,0,66,16
C,1648201920,0,0,66,11
C,1648202580,0,60,71,20
C,1648203180,0,0,66,13
C,1648203780,0,0,66,18
C,1648204380,0,0,66,15
C,1648204980,0,0,66,11
C,1648205580,0,0,65,11
C,1648206180,0,0,66,12
C,1648206780,0,0,66,15
C,1648207380,0,0,66,11
C,1648207980,0,0,66,15
C,1648208580,0,0,66,19
C,1648209180,0,0,66,14
C,1648209780,0,0,66,16
C,1648210380,0,0,66,12
C,1648210980,0,0,65,11
C,1648211580,0,0,66,13
C,1648212180,0,0,66,11
C,1648212780,0,0,66,14
C,1648213380,0,0,66,14
C,1648213980,0,0,66,14
C,1648214580,0,0,66,14
C,1648215180,0,0,66,14
C,1648215780,0,0,66,18
C,1648216380,0,0,66,14
C,1648216980,0,0,66,15
C,1648217580,0,0,65,21
C,1648218180,0,0,66,14
C,1648218780,0,0,65,20
C,1648219380,0,0,66,17
C,1648220040,0,60,71,17
C,1648220640,0,0,63,33
C,1648221240,0,0,65,17
C,1648221840,0,0,66,20
C,1648222440,0,0,66,15
C,1648223040,0,0,65,18
C,1648223700,0,60,70,20
C,1648224300,0,0,65,19
C,1648224900,0,0,63,23
C,1648225500,0,0,66,16
C,1648226100,0,0,66,18
C,1648226760,0,60,67,33
C,1648227360,0,0,66,13
C,1648227960,0,0,65,20
C,1648228560,0,0,66,11
C,1648229160,0,0,66,13
C,1648229760,0,0,66,14
C,1648230360,0,0,66,11
C,1648230960,0,0,66,14
C,1648231560,0,0,65,11
C,1648232160,0,0,66,12
C,1648232760,0,0,66,14
C,1648233360,0,0,66,12
C,1648233960,0,0,66,11
C,1648234560,0,0,66,13
C,1648235160,0,0,66,11
C,1648235760,0,0,66,11
C,1648236420,0,60,71,11
C,1648237020,0,0,66,11
C,1648237620,0,0,66,11
C,1648238220,0,0,66,11
C,1648238820,0,0,66,11
C,1648239420,0,0,66,11
C,1648240020,0,0,66,11
C,1648240620,0,0,65,11
C,1648241220,0,0,65,12
C,1648241820,0,0,66,11
C,1648242420,0,0,66,11
C,1648243020,0,0,66,11
C,1648243620,0,0,66,11
C,1648244220,0,0,66,11
C,1648244820,0,0,66,11
C,1648245420,0,0,65,14
C,1648246020,0,0,66,11
C,1648246620,0,0,66,11
C,1648247220,0,0,66,11
C,1648247820,0,0,66,11
C,1648248420,0,0,66,13
C,1648249020,0,0,66,13
C,1648249620,0,0,65,12
C,1648250220,0,0,66,11
C,1648250820,0,0,66,11
C,1648251420,0,0,66,11
C,1648252020,0,0,66,11
C,1648252620,1,0,66,11
C,1648253220,1,0,66,11
C,1648253820,1,0,66,11
C,1648254420,1,0,65,15
C,1648255020,1,0,66,11
C,1648255620,1,0,66,11
C,1648256220,1,0,66,11
C,1648256820,1,0,66,11
C,1648257420,1,0,66,11
C,1648258020,1,0,66,11
C,1648258620,1,0,65,13
C,1648259220,1,0,66,11
C,1648259820,1,0,66,11
C,1648260420,1,0,66,11
C,1648261020,1,0,66,11
C,1648261620,1,0,66,11
C,1648262220,1,0,66,11
C,1648262880,1,60,71,11
C,1648263480,1,0,66,11
C,1648264080,1,0,66,13
C,1648264680,1,0,66,11
C,1648265280,1,0,66,11
C,1648265880,1,0,66,11
C,1648266480,1,0,66,11
C,1648267080,1,0,66,11
C,1648267680,1,0,65,11
C,1648268280,0,0,66,11
C,1648268880,0,0,66,11
C,1648269480,0,0,66,11
C,1648270080,0,0,66,11
C,1648270680,0,0,66,11
C,1648271280,0,0,66,11
C,1648271880,0,0,65,11
C,1648272480,0,0,66,11
C,1648273080,0,0,66,11
C,1648273680,0,0,66,11
C,1648274280,0,0,66,11
C,1648274880,0,0,66,11
C,1648275480,0,0,66,11
C,1648276080,0,0,65,11
C,1648276680,0,0,66,11
C,1648277280,1,0,66,11
C,1648277880,0,0,66,11
C,1648278480,0,0,66,11
C,1648279080,0,0,66,11
C,1648279680,0,0,66,11
C,1648280280,0,0,66,11
C,1648280880,0,0,65,11
C,1648281480,0,0,66,11
C,1648282080,0,0,66,11
C,1648282680,0,0,66,11
C,1648283280,0,0,66,11
C,1648283880,0,0,66,11
C,1648284480,0,0,66,11
C,1648285140,0,60,72,11
C,1648285740,0,0,66,11
C,1648286340,0,0,66,11
C,1648286940,0,0,66,11
C,1648287540,0,0,66,12
C,1648288140,0,0,66,11
C,1648288740,0,0,66,11
C,1648289340,0,0,65,11
C,1648289940,0,0,66,11
C,1648290540,0,0,66,11
C,1648291140,0,0,66,11
C,1648291740,0,0,66,14
C,1648292340,0,0,66,11
C,1648292940,0,0,66,11
C,1648293540,0,0,65,12
C,1648294140,0,0,66,11
C,1648294740,0,0,66,11
C,1648295340,0,0,66,11
C,1648295940,0,0,66,11
C,1648296540,0,0,66,12
C,1648297140,0,0,66,12
C,1648297740,0,0,66,11
C,1648298340,0,0,65,11
C,1648298940,0,0,66,13
C,1648299540,0,0,66,11
C,1648300140,0,0,66,12
C,1648300740,0,0,66,13
C,1648301340,0,0,66,13
C,1648301940,0,0,65,20
C,1648302540,0,0,65,14
C,1648303140,0,0,66,11
C,1648303740,0,0,66,15
C,1648304340,0,0,66,11
C,1648304940,0,0,66,14
C,1648305540,0,0,66,14
C,1648306140,0,0,66,11
C,1648306740,0,0,66,11
C,1648307400,0,60,71,19
C,1648308000,0,0,66,12
C,1648308600,0,0,66,11
C,1648309200,0,0,66,13
C,1648309800,0,0,66,13
C,1648310400,0,0,66,15
C,1648311000,0,0,66,12
C,1648311600,0,0,65,11
C,1648312200,0,0,66,13
C,1648312800,0,0,66,15
C,1648313400,0,0,66,12
C,1648314000,0,0,66,11
C,1648314600,0,0,66,13
C,1648315200,0,0,66,13
C,1648315800,1,0,66,11
C,1648316400,1,0,65,11
C,1648317000,1,0,66,12
C,1648317600,1,0,66,12
C,1648318200,1,0,66,12
C,1648318800,1,0,66,11
C,1648319400,1,0,66,12
C,1648320000,1,0,66,11
C,1648320600,1,0,66,11
C,1648321200,1,0,65,13
C,1648321800,1,0,66,13
C,1648322400,1,0,66,13
C,1648323000,1,0,66,11
C,1648323600,1,0,66,11
C,1648324200,1,0,66,13
C,1648324800,1,0,66,14
C,1648325400,1,0,65,14
C,1648326000,1,0,66,11
C,1648326600,1,0,66,14
C,1648327200,1,0,66,11
C,1648327800,1,0,66,11
C,1648328400,1,0,66,12
C,1648329000,1,0,66,12
C,1648329600,1,0,65,11
C,1648330200,1,0,65,16
C,1648330800,1,0,66,12
C,1648331400,1,0,66,12
C,1648332000,1,0,66,11
C,1648332600,1,0,66,11
C,1648333200,1,0,66,11
C,1648333800,1,0,66,12
C,1648334460,1,60,71,12
C,1648335060,1,0,66,12
C,1648335660,1,0,66,11
C,1648336260,1,0,66,11
C,1648336860,1,0,66,12
C,1648337460,1,0,66,11
C,1648338060,1,0,66,12
C,1648338660,1,0,65,11
C,1648339260,1,0,66,11
C,1648339860,1,0,66,12
C,1648340460,1,0,66,11
C,1648341060,1,0,66,12
C,1648341660,1,0,66,11
C,1648342260,1,0,66,11
C,1648342860,1,0,66,12
C,1648343460,1,0,65,13
C,1648344060,1,0,66,11
C,1648344660,1,0,66,11
C,1648345260,1,0,66,11
C,1648345860,1,0,66,14
C,1648346460,1,0,66,11
C,1648347060,1,0,66,11
C,1648347660,1,0,65,11
C,1648348260,1,0,66,11
C,1648348860,1,0,66,12
C,1648349460,1,0,66,11
C,1648350060,1,0,66,11
C,1648350660,1,0,66,11
C,1648351260,1,0,66,11
C,1648351860,1,0,65,11
C,1648352460,1,0,66,11
C,1648353060,1,0,66,11
C,1648353660,1,0,66,11
C,1648354260,1,0,66,12
C,1648354860,1,0,66,11
C,1648355460,1,0,66,11
C,1648356060,1,0,66,11
C,1648356660,1,0,65,11
C,1648357260,1,0,66,11
C,1648357860,1,0,66,11
C,1648358460,1,0,66,11
C,1648359060,1,0,66,11
C,1648359660,0,0,66,11
C,1648360260,1,0,66,11
C,1648360920,1,60,71,11
C,1648361520,1,0,66,11
C,1648362120,0,0,66,11
C,1648362720,0,0,66,11
C,1648363320,0,0,66,11
C,1648363920,0,0,66,11
C,1648364520,0,0,66,11
C,1648365120,0,0,65,11
C,1648365720,0,0,66,11
C,1648366320,0,0,66,12
C,1648366920,0,0,66,11
C,1648367520,0,0,66,11
C,1648368120,0,0,66,11
C,1648368720,0,0,66,11
C,1648369320,0,0,65,11
C,1648369920,0,0,66,11
C,1648370520,0,0,66,11
C,1648371120,0,0,66,11
C,1648371720,0,0,66,12
C,1648372320,0,0,66,12
C,1648372920,0,0,66,11
C,1648373520,0,0,65,12
C,1648374120,0,0,65,12
C,1648374720,0,0,66,12
C,1648375320,0,0,66,12
C,1648375920,0,0,66,14
C,1648376520,0,0,66,14
C,1648377120,0,0,66,11
C,1648377720,0,0,66,11
C,1648378320,0,0,65,11
C,1648378920,0,0,66,11
C,1648379520,0,0,66,11
C,1648380120,0,0,66,12
C,1648380720,0,0,66,15
C,1648381320,0,0,66,11
C,1648381920,0,0,65,12
C,1648382520,0,0,65,11
C,1648383120,0,0,66,14
C,1648383720,0,0,66,11
C,1648384320,0,0,66,14
C,1648384920,0,0,66,15
C,1648385520,0,0,66,13
C,1648386120,0,0,66,11
C,1648386720,0,0,66,14
C,1648387380,0,60,72,11
C,1648387980,0,0,66,11
C,1648388580,0,0,66,11
C,1648389180,0,0,66,11
C,1648389780,0,0,66,11
C,1648390380,0,0,66,12
C,1648390980,0,0,66,11
C,1648391580,0,0,65,13
C,1648392180,0,0,66,11
C,1648392780,0,0,66,11
C,1648393380,0,0,66,12
C,1648393980,0,0,66,11
C,1648394580,0,0,66,11
C,1648395180,0,0,66,11
C,1648395780,0,0,65,17
C,1648396380,0,0,65,12
C,1648396980,0,0,66,13
C,1648397580,0,0,66,13
C,1648398180,0,0,66,15
C,1648398780,0,0,66,11
C,1648399380,0,0,66,11
C,1648399980,0,0,66,11
C,1648400580,0,0,65,11
C,1648401180,0,0,66,12
C,1648401780,0,0,66,13
C,1648402380,0,0,66,11
C,1648402980,0,0,66,11
C,1648403580,0,0,66,11
C,1648404180,0,0,66,11
C,1648404780,0,0,65,12
C,1648405380,0,0,66,11
C,1648405980,0,0,66,11
C,1648406580,1,0,66,13
C,1648407180,1,0,66,13
C,1648407780,1,0,66,11
C,1648408380,1,0,66,11
C,1648408980,1,0,66,11
C,1648409580,1,0,65,11
C,1648410180,1,0,66,11
C,1648410780,1,0,66,11
C,1648411380,1,0,66,11
C,1648411980,1,0,66,11
C,1648412580,1,0,66,11
C,1648413180,1,0,66,11
C,1648413840,1,60,71,11
C,1648414440,1,0,66,11
C,1648415040,1,0,66,12
C,1648415640,1,0,66,12
C,1648416240,1,0,66,11
C,1648416840,1,0,66,11
C,1648417440,1,0,66,11
C,1648418040,1,0,66,11
C,1648418640,1,0,65,11
C,1648419240,1,0,66,11
C,1648419840,1,0,66,11
C,1648420440,0,0,66,11
C,1648421040,0,0,66,11
C,1648421640,0,0,66,11
C,1648422240,0,0,66,11
C,1648422840,0,0,65,11
C,1648423440,0,0,66,12
C,1648424040,0,0,66,11
C,1648424640,0,0,66,11
C,1648425240,0,0,66,12
C,1648425840,0,0,66,11
C,1648426440,0,0,66,12
C,1648427040,0,0,65,11
C,1648427640,0,0,66,11
C,1648428240,0,0,66,11
C,1648428840,0,0,66,12
C,1648429440,0,0,66,11
C,1648430040,0,0,66,11
C,1648430640,0,0,66,11
C,1648431240,0,0,65,11
C,1648431840,0,0,66,11
C,1648432440,0,0,66,11
C,1648433040,0,0,66,11
C,1648433640,0,0,66,11
C,1648434240,0,0,66,11
C,1648434840,0,0,66,11
C,1648435440,0,0,65,12
C,1648436040,0,0,65,11
C,1648436640,0,0,66,11
C,1648437240,0,0,66,11
C,1648437840,0,0,66,11
C,1648438440,0,0,66,11
C,1648439040,0,0,66,11
C,1648439640,0,0,66,15
C,1648440300,0,60,71,11
C,1648440900,0,0,66,11
C,1648441500,0,0,66,11
C,1648442100,0,0,66,11
C,1648442700,0,0,66,11
C,1648443300,0,0,66,12
C,1648443900,1,0,66,11
C,1648444500,1,0,65,11
C,1648445100,1,0,66,12
C,1648445700,1,0,66,11
C,1648446300,1,0,66,11
C,1648446900,1,0,66,12
C,1648447500,0,0,66,12
C,1648448100,0,0,66,11
C,1648448700,0,0,65,11
C,1648449300,0,0,66,11
C,1648449900,0,0,66,11
C,1648450500,0,0,66,11
C,1648451100,0,0,66,11
C,1648451700,0,0,66,11
C,1648452300,0,0,66,11
C,1648452900,0,0,65,11
C,1648453500,0,0,65,19
C,1648454100,0,0,65,19
C,1648454700,0,0,66,17
C,1648455300,0,0,66,12
C,1648455900,0,0,66,16
C,1648456500,0,0,66,13
C,1648457100,0,0,65,14
C,1648457700,0,0,65,14
C,1648458300,0,0,66,12
C,1648458900,0,0,66,11
C,1648459500,0,0,66,12
C,1648460160,0,60,71,21
C,1648460760,0,0,65,26
C,1648461360,0,0,65,20
C,1648461960,0,0,65,12
C,1648462560,0,0,66,14
C,1648463160,0,0,66,14
C,1648463760,0,0,65,20
C,1648464360,0,0,64,21
C,1648464960,0,0,66,16
C,1648465560,0,0,66,13
C,1648466220,0,60,72,13
C,1648466820,0,0,66,12
C,1648467420,0,0,66,14
C,1648468020,0,0,66,13
C,1648468620,0,0,66,14
C,1648469220,0,0,66,12
C,1648469820,0,0,66,12
C,1648470420,0,0,66,13
C,1648471020,0,0,65,11
C,1648471620,0,0,65,11
C,1648472220,0,0,66,13
C,1648472820,0,0,66,13
C,1648473420,0,0,66,13
C,1648474020,0,0,66,14
C,1648474620,0,0,66,14
C,1648475220,0,0,66,14
C,1648475820,0,0,66,15
C,1648476420,0,0,64,16
C,1648477020,0,0,66,11
C,1648477620,0,0,66,15
C,1648478220,0,0,66,16
C,1648478820,0,0,66,16
C,1648479420,0,0,66,19
C,1648480020,0,0,65,20
C,1648480620,0,0,66,16
C,1648481220,0,0,65,15
C,1648481820,0,0,66,13
C,1648482420,0,0,66,13
C,1648483080,0,60,71,24
C,1648483680,0,0,66,16
C,1648484280,0,0,66,15
C,1648484880,0,0,66,14
C,1648485480,0,0,66,14
C,1648486080,0,0,65,14
C,1648486680,0,0,66,12
C,1648487280,0,0,66,14
C,1648487880,0,0,66,11
C,1648488480,0,0,66,11
C,1648489080,0,0,66,16
C,1648489680,0,0,66,14
C,1648490280,0,0,66,13
C,1648490880,0,0,65,13
C,1648491480,0,0,66,14
C,1648492080,0,0,66,15
C,1648492680,0,0,65,20
C,1648493280,0,0,66,12
C,1648493880,0,0,66,11
C,1648494480,0,0,66,12
C,1648495080,0,0,66,11
C,1648495680,0,0,65,11
C,1648496280,0,0,66,11
C,1648496880,0,0,66,15
C,1648497480,0,0,65,20
C,1648498080,0,0,66,11
C,1648498680,0,0,66,13
C,1648499280,0,0,66,11
C,1648499940,0,60,71,14
C,1648500540,0,0,66,11
C,1648501140,0,0,66,13
C,1648501740,0,0,66,11
C,1648502340,0,0,66,11
C,1648502940,0,0,66,12
C,1648503540,0,0,66,14
C,1648504140,0,0,66,11
C,1648504740,0,0,65,11
C,1648505340,0,0,66,11
C,1648505940,0,0,66,11
C,1648506540,0,0,66,12
C,1648507140,0,0,66,14
C,1648507740,0,0,67,11
C,1648508340,0,0,66,11
C,1648508940,0,0,65,11
C,1648509540,0,0,66,11
C,1648510140,0,0,66,11
C,1648510740,0,0,66,11
C,1648511340,0,0,66,11
C,1648511940,0,0,66,11
C,1648512540,0,0,66,12
C,1648513140,0,0,65,11
C,1648513740,0,0,66,11
C,1648514340,0,0,66,11
C,1648514940,0,0,66,11
C,1648515540,0,0,66,13
C,1648516140,0,0,66,12
C,1648516740,0,0,66,11
C,1648517340,0,0,66,11
C,1648517940,0,0,65,11
C,1648518540,0,0,66,11
C,1648519140,0,0,66,11
C,1648519740,0,0,66,11
C,1648520340,0,0,66,11
C,1648520940,0,0,66,11
C,1648521540,0,0,66,11
C,1648522140,0,0,65,13
C,1648522740,0,0,66,11
C,1648523340,0,0,66,11
C,1648523940,0,0,66,11
C,1648524540,0,0,66,11
C,1648525140,0,0,66,13
C,1648525740,0,0,66,11
C,1648526400,0,60,71,11
C,1648527000,0,0,66,13
C,1648527600,0,0,66,11
C,1648528200,0,0,66,11
C,1648528800,0,0,66,11
C,1648529400,0,0,66,11
C,1648530000,0,0,66,11
C,1648530600,0,0,65,11
C,1648531200,0,0,66,11
C,1648531800,0,0,66,12
C,1648532400,0,0,66,12
C,1648533000,0,0,66,11
C,1648533600,0,0,66,11
C,1648534200,0,0,66,11
C,1648534800,0,0,65,11
C,1648535400,0,0,66,11
C,1648536000,0,0,66,11
C,1648536600,0,0,66,13
C,1648537200,0,0,66,11
C,1648537800,0,0,66,11
C,1648538400,0,0,66,11
C,1648539000,0,0,66,11
C,1648539600,0,0,65,12
C,1648540200,0,0,66,12
C,1648540800,0,0,65,20
C,1648541400,0,0,65,20
C,1648542000,0,0,65,20
C,1648542600,0,0,66,14
C,1648543200,0,0,66,14
C,1648543860,0,60,71,13
C,1648544460,0,0,66,12
C,1648545060,0,0,66,13
C,1648545660,0,0,66,12
C,1648546260,0,0,66,11
C,1648546860,0,0,66,13
C,1648547460,0,0,67,15
C,1648548060,0,0,65,18
C,1648548660,0,0,65,16
C,1648549260,0,0,64,31
C,1648549860,0,0,66,12
C,1648550460,0,0,66,16
C,1648551060,0,0,66,12
C,1648551660,0,0,66,16
C,1648552260,0,0,65,20
C,1648552860,0,0,65,23
C,1648553520,0,60,70,24
C,1648554120,0,0,66,14
C,1648554720,0,0,65,21
C,1648555320,0,0,66,13
C,1648555920,0,0,66,16
C,1648556520,0,0,66,16
C,1648557120,0,0,64,20
C,1648557720,0,0,66,14
C,1648558320,0,0,65,13
C,1648558920,0,0,66,13
C,1648559520,0,0,66,18
C,1648560120,0,0,66,14
C,1648560720,0,0,65,20
C,1648561320,0,0,66,13
C,1648561980,0,60,71,24
C,1648562580,0,0,65,13
C,1648563180,0,0,66,13
C,1648563780,0,0,66,11
C,1648564380,0,0,66,12
C,1648564980,0,0,65,20
C,1648565580,0,0,65,19
C,1648566180,0,0,66,12
C,1648566780,0,0,66,14
C,1648567380,0,0,66,12
C,1648567980,0,0,66,13
C,1648568580,0,0,65,11
C,1648569180,0,0,66,11
C,1648569780,0,0,66,13
C,1648570380,0,0,66,13
C,1648570980,0,0,66,14
C,1648571580,0,0,66,13
C,1648572180,0,0,66,12
C,1648572780,0,0,66,14
C,1648573380,0,0,65,14
C,1648573980,0,0,66,14
C,1648574580,0,0,66,12
C,1648575180,0,0,66,11
C,1648575780,0,0,66,12
C,1648576380,0,0,66,14
C,1648576980,0,0,66,12
C,1648577580,0,0,66,17
C,1648578240,0,60,71,12
C,1648578840,0,0,66,13
C,1648579440,0,0,66,12
C,1648580040,0,0,66,15
C,1648580640,0,0,66,18
C,1648581240,0,0,66,11
C,1648581840,0,0,66,12
C,1648582440,0,0,66,11
C,1648583040,0,0,65,14
C,1648583640,0,0,66,14
C,1648584240,0,0,66,15
C,1648584840,0,0,66,15
C,1648585440,0,0,66,13
C,1648586040,0,0,66,16
C,1648586640,0,0,66,11
C,1648587240,0,0,65,16
C,1648587840,0,0,66,11
C,1648588440,0,0,66,11
C,1648589040,0,0,66,13
C,1648589640,0,0,66,11
C,1648590240,0,0,66,11
C,1648590840,0,0,66,12
C,1648591440,0,0,66,14
C,1648592040,0,0,66,15
C,1648592640,0,0,66,15
C,1648593240,0,0,66,11
C,1648593840,0,0,66,12
C,1648594440,0,0,66,12
C,1648595040,0,0,66,11
C,1648595640,0,0,66,11
C,1648596240,0,0,65,13
C,1648596840,0,0,66,13
C,1648597440,0,0,66,12
C,1648598040,0,0,66,11
C,1648598640,0,0,66,15
C,1648599240,0,0,66,12
C,1648599840,0,0,66,13
C,1648600440,0,0,66,11
C,1648601040,0,0,65,15
C,1648601640,0,0,66,11
C,1648602240,0,0,66,16
C,1648602840,0,0,66,14
C,1648603440,0,0,66,15
C,1648604040,0,0,66,15
C,1648604640,0,0,66,11
C,1648605300,0,60,71,11
C,1648605900,0,0,66,12
C,1648606500,0,0,66,11
C,1648607100,0,0,66,11
C,1648607700,0,0,66,11
C,1648608300,0,0,66,13
C,1648608900,0,0,66,12
C,1648609500,0,0,65,11
C,1648610100,0,0,66,12
C,1648610700,0,0,66,11
C,1648611300,0,0,66,12
C,1648611900,0,0,66,12
C,1648612500,0,0,66,12
C,1648613100,0,0,66,11
C,1648613700,0,0,65,11
C,1648614300,0,0,65,11
C,1648614900,0,0,66,11
C,1648615500,0,0,66,11
C,1648616100,0,0,66,11
C,1648616700,0,0,66,11
C,1648617300,0,0,66,11
C,1648617900,0,0,66,11
C,1648618500,0,0,65,12
C,1648619100,0,0,66,11
C,1648619700,0,0,66,11
C,1648620300,0,0,66,11
C,1648620900,0,0,66,11
C,1648621500,0,0,66,11
C,1648622100,0,0,65,17
C,1648622700,0,0,65,14
C,1648623300,0,0,66,11
C,1648623900,0,0,66,12
C,1648624500,0,0,66,13
C,1648625100,0,0,66,11
C,1648625700,0,0,66,12
C,1648626300,0,0,66,15
C,1648626900,0,0,65,15
C,1648627500,0,0,65,11
C,1648628100,0,0,66,11
C,1648628700,0,0,66,12
C,1648629300,0,0,66,11
C,1648629900,0,0,66,13
C,1648630500,0,0,66,12
C,1648631100,0,0,66,12
C,1648631760,0,60,72,11
C,1648632360,0,0,66,11
C,1648632960,0,0,66,15
C,1648633560,0,0,65,20
C,1648634160,0,0,67,18
C,1648634760,0,0,66,11
C,1648635360,0,0,66,12
C,1648635960,0,0,65,15
C,1648636560,0,0,66,11
C,1648637160,0,0,66,14
C,1648637760,0,0,66,13
C,1648638360,0,0,66,13
C,1648638960,0,0,66,15
C,1648639560,0,0,65,19
C,1648640160,0,0,66,19
C,1648640760,0,0,66,17
C,1648641360,0,0,64,20
C,1648641960,0,0,66,12
C,1648642620,0,60,71,26
C,1648643220,0,0,65,22
C,1648643820,0,0,66,11
C,1648644420,0,0,66,14
C,1648645020,0,0,66,15
C,1648645620,0,0,66,18
C,1648646220,0,0,65,15
C,1648646820,0,0,66,13
C,1648647420,0,0,66,12
C,1648648020,0,0,66,15
C,1648648620,0,0,66,15
C,1648649220,0,0,66,12
C,1648649820,0,0,66,12
C,1648650420,0,0,66,14
C,1648651020,0,0,65,14
C,1648651620,0,0,65,11
C,1648652220,0,0,66,12
C,1648652820,0,0,66,15
C,1648653420,0,0,66,15
C,1648654020,0,0,66,12
C,1648654620,0,0,66,14
C,1648655220,0,0,66,11
C,1648655820,0,0,66,13
C,1648656420,0,0,66,13
C,1648657020,0,0,66,11
C,1648657620,0,0,66,12
C,1648658220,0,0,65,21
C,1648658820,0,0,66,12
C,1648659420,0,0,66,13
C,1648660020,0,0,66,11
C,1648660680,0,60,71,11
C,1648661280,0,0,66,12
C,1648661880,0,0,65,22
C,1648662480,0,0,66,12
C,1648663080,0,0,66,13
C,1648663680,0,0,66,12
C,1648664280,0,0,66,14
C,1648664880,0,0,66,12
C,1648665480,0,0,65,13
C,1648666080,0,0,66,12
C,1648666680,0,0,66,13
C,1648667280,0,0,66,11
C,1648671540,0,3660,68,3649
C,1648672140,0,0,66,11
C,1648672740,0,0,66,11
C,1648673340,0,0,66,11
C,1648673940,0,0,66,11
C,1648674540,0,0,65,11
C,1648675140,0,0,66,12
C,1648675740,0,0,66,11
C,1648676340,0,0,66,11
C,1648676940,0,0,66,11
C,1648677540,0,0,66,11
C,1648678140,0,0,66,11
C,1648678740,0,0,65,12
C,1648679340,0,0,65,11
C,1648679940,0,0,66,11
C,1648680540,0,0,66,11
C,1648681140,0,0,66,11
C,1648681740,0,0,66,11
C,1648682340,0,0,66,11
C,1648682940,0,0,65,11
C,1648683540,0,0,65,11
C,1648684140,0,0,66,11
C,1648684740,0,0,66,11
C,1648685340,0,0,66,11
C,1648685940,0,0,66,11
C,1648686540,0,0,66,11
C,1648687140,0,0,66,12
C,1648687740,0,0,65,11
C,1648688340,0,0,66,11
C,1648688940,0,0,66,11
C,1648689540,0,0,66,11
C,1648690140,0,0,66,11
C,1648690740,0,0,66,13
C,1648691340,0,0,66,11
C,1648691940,0,0,65,12
C,1648692540,0,0,66,11
C,1648693140,0,0,66,11
C,1648693740,0,0,66,12
C,1648694340,0,0,66,12
C,1648694940,0,0,66,11
C,1648695540,0,0,66,11
C,1648696200,0,60,71,11
C,1648696800,0,0,66,11
C,1648697400,0,0,66,11
C,1648698000,0,0,66,11
C,1648698600,0,0,66,11
C,1648699200,0,0,66,14
C,1648699800,0,0,66,11
C,1648700400,0,0,66,11
C,1648701000,0,0,65,12
C,1648701600,0,0,66,12
C,1648702200,0,0,66,11
C,1648702800,0,0,66,11
C,1648703400,0,0,66,11
C,1648704000,0,0,66,11
C,1648704600,0,0,66,11
C,1648705200,0,0,65,11
C,1648705800,0,0,66,11
C,1648706400,0,0,66,11
C,1648707000,0,0,66,11
C,1648707600,0,0,66,11
C,1648708200,0,0,66,11
C,1648708800,0,0,66,11
C,1648709400,0,0,65,11
C,1648710000,0,0,66,11
C,1648710600,0,0,66,11
C,1648711200,0,0,66,11
C,1648711800,0,0,66,12
C,1648712400,0,0,66,11
C,1648713000,0,0,66,13
C,1648713600,0,0,66,11
C,1648714200,0,0,65,11
C,1648714800,0,0,66,11
C,1648715400,0,0,66,11
C,1648716000,0,0,66,11
C,1648716600,0,0,66,11
C,1648717200,0,0,66,15
C,1648717800,0,0,66,11
C,1648718400,0,0,65,11
C,1648719000,0,0,65,11
C,1648719600,0,0,66,11
C,1648720200,0,0,66,11
C,1648720800,0,0,66,14
C,1648721400,0,0,66,14
C,1648722000,0,0,66,16
C,1648722600,0,0,66,15
C,1648723200,0,0,66,12
C,1648723860,0,60,71,11
C,1648724460,0,0,66,12
C,1648725060,0,0,66,11
C,1648725660,0,0,66,16
C,1648726260,0,0,65,23
C,1648726860,0,0,64,20
C,1648727460,0,0,65,21
C,1648728060,0,0,65,11
C,1648728660,0,0,65,11
C,1648729260,0,0,66,12
C,1648729860,0,0,66,13
C,1648730460,0,0,66,13
C,1648731060,0,0,66,11
C,1648731660,0,0,66,12
C,1648732260,0,0,66,11
C,1648732860,0,0,66,11
C,1648733460,0,0,65,11
C,1648734060,0,0,66,15
C,1648734660,0,0,66,14
C,1648735260,0,0,66,13
C,1648735860,0,0,66,13
C,1648736460,0,0,66,12
C,1648737060,0,0,66,15
C,1648737660,0,0,66,14
C,1648738320,0,60,71,15
C,1648738920,0,0,66,15
C,1648739520,0,0,66,15
C,1648740120,0,0,66,11
C,1648740720,0,0,66,14
C,1648741320,0,0,65,13
C,1648741920,0,0,66,17
C,1648742520,0,0,66,17
C,1648743120,0,0,65,16
C,1648743720,0,0,66,15
C,1648744320,0,0,65,21
C,1648744920,0,0,66,15
C,1648745520,0,0,66,15
C,1648746120,0,0,66,12
C,1648746720,0,0,65,26
C,1648747320,0,0,65,11
C,1648747920,0,0,65,11
C,1648748520,0,0,66,14
C,1648749120,0,0,66,11
C,1648749720,0,0,66,11
C,1648750320,0,0,66,11
C,1648750920,0,0,66,13
C,1648751520,0,0,66,11
C,1648752120,0,0,65,11
C,1648752720,0,0,66,11
C,1648753320,1,0,66,13
C,1648753920,0,0,66,11
C,1648754520,0,0,66,11
C,1648755120,0,0,66,13
C,1648755720,0,0,66,12
C,1648756380,0,60,71,15
C,1648756980,0,0,66,11
C,1648757580,0,0,66,11
C,1648758180,0,0,66,11
C,1648758780,0,0,66,11
C,1648759380,0,0,66,12
C,1648759980,0,0,66,11
C,1648760580,0,0,66,11
C,1648761180,0,0,65,11
C,1648761780,0,0,66,11
C,1648762380,0,0,66,13
C,1648762980,0,0,66,11
C,1648763580,0,0,66,13
C,1648764180,0,0,66,15
C,1648764780,0,0,66,14
C,1648765380,0,0,66,11
C,1648765980,0,0,66,11
C,1648766580,0,0,66,11
C,1648767180,0,0,66,11
C,1648767780,0,0,66,13
C,1648768380,0,0,66,11
C,1648768980,0,0,66,14
C,1648769580,0,0,66,12
C,1648770180,0,0,66,13
C,1648770780,0,0,66,11
D,1647714540,0,0,66,12
D,1647715200,0,60,71,11
D,1647715800,0,0,66,11
D,1647716400,0,0,66,11
D,1647717000,0,0,66,11
D,1647717600,0,0,66,11
D,1647718200,0,0,66,11
D,1647718800,0,0,66,11
D,1647719400,0,0,66,11
D,1647720000,0,0,65,11
D,1647720600,0,0,66,11
D,1647721200,0,0,66,11
D,1647721800,0,0,66,11
D,1647722400,0,0,66,11
D,1647723000,0,0,66,11
D,1647723600,0,0,66,11
D,1647724200,0,0,65,11
D,1647724800,0,0,65,11
D,1647725400,0,0,66,11
D,1647726000,0,0,66,11
D,1647726600,0,0,66,11
D,1647727200,0,0,66,11
D,1647727800,0,0,66,11
D,1647728400,0,0,66,12
D,1647729000,0,0,65,11
D,1647729600,0,0,66,11
D,1647730200,0,0,66,11
D,1647730800,0,0,66,11
D,1647731400,0,0,66,11
D,1647732000,0,0,66,11
D,1647732600,0,0,66,11
D,1647733200,0,0,66,11
D,1647733800,0,0,65,11
D,1647734400,0,0,66,11
D,1647735000,0,0,66,11
D,1647735600,0,0,66,11
D,1647736200,0,0,66,11
D,1647736800,0,0,66,11
D,1647737400,0,0,66,11
D,1647738000,0,0,66,12
D,1647738600,0,0,65,11
D,1647739200,0,0,66,11
D,1647739800,0,0,66,11
D,1647740400,0,0,66,11
D,1647741000,0,0,66,11
D,1647741600,0,0,66,11
D,1647742200,0,0,66,11
D,1647742860,0,60,71,11
D,1647743460,0,0,66,11
D,1647744060,0,0,66,11
D,1647744660,0,0,66,11
D,1647745260,0,0,66,11
D,1647745860,0,0,66,12
D,1647746460,0,0,66,12
D,1647747060,0,0,66,11
D,1647747660,0,0,65,11
D,1647748260,0,0,66,11
D,1647748860,0,0,66,11
D,1647749460,0,0,66,12
D,1647750060,0,0,66,11
D,1647750660,0,0,66,11
D,1647751260,0,0,66,11
D,1647751860,0,0,65,11
D,1647752460,0,0,66,11
D,1647753060,0,0,66,11
D,1647753660,0,0,66,11
D,1647754260,0,0,66,11
D,1647754860,0,0,66,11
D,1647755460,0,0,66,11
D,1647756060,0,0,66,11
D,1647756660,0,0,65,11
D,1647757260,0,0,66,11
D,1647795780,1,37920,3850,12
D,1647796380,0,0,66,11
D,1647796980,0,0,66,11
D,1647797580,0,0,65,11
D,1647798180,0,0,66,11
D,1647798780,0,0,66,11
D,1647799380,0,0,66,12
D,1647799980,0,0,66,11
D,1647800580,0,0,66,11
D,1647801180,0,0,66,11
D,1647801780,0,0,65,11
D,1647802380,0,0,66,11
D,1647802980,0,0,66,11
D,1647803580,0,0,66,11
D,1647804180,0,0,66,11
D,1647804780,0,0,66,11
D,1647805380,0,0,66,11
D,1647805980,0,0,66,11
D,1647806580,0,0,65,11
D,1647807180,0,0,66,11
D,1647807780,0,0,66,11
D,1647808380,0,0,66,11
D,1647808980,0,0,66,11
D,1647809580,0,0,66,11
D,1647810180,0,0,66,11
D,1647810780,0,0,66,11
D,1647811380,0,0,65,11
D,1647811980,0,0,66,11
D,1647812580,0,0,66,11
D,1647813180,0,0,66,11
D,1647813780,0,0,66,11
D,1647814380,0,0,66,11
D,1647814980,0,0,66,11
D,1647815640,0,60,71,11
D,1647816240,0,0,66,12
D,1647816840,0,0,66,11
D,1647817440,0,0,66,11
D,1647818040,0,0,66,11
D,1647818640,0,0,66,11
D,1647819240,0,0,66,11
D,1647819840,0,0,65,11
D,1647820440,0,0,65,11
D,1647821040,0,0,66,11
D,1647821640,0,0,66,11
D,1647822240,0,0,66,11
D,1647822840,0,0,66,11
D,1647823440,0,0,66,11
D,1647824040,0,0,66,11
D,1647824640,0,0,65,11
D,1647825240,0,0,66,11
D,1647825840,0,0,66,11
D,1647826440,0,0,66,11
D,1647827040,0,0,66,11
D,1647827640,0,0,66,11
D,1647828240,0,0,66,11
D,1647828840,0,0,66,11
D,1647829440,0,0,65,11
D,1647830040,0,0,66,11
D,1647830640,0,0,66,11
D,1647831240,0,0,66,11
D,1647831840,0,0,66,11
D,1647832440,0,0,66,11
D,1647833040,0,0,66,11
D,1647833640,0,0,65,11
D,1647834240,0,0,66,11
D,1647834840,0,0,66,11
D,1647835440,0,0,66,11
D,1647836040,0,0,66,11
D,1647836640,0,0,66,11
D,1647837240,0,0,66,11
D,1647837840,0,0,65,11
D,1647838440,0,0,66,11
D,1647839040,0,0,66,11
D,1647839640,0,0,66,11
D,1647840240,0,0,66,11
D,1647840840,0,0,66,11
D,1647841440,0,0,66,11
D,1647842100,0,60,71,11
D,1647842700,0,0,66,11
D,1647843300,0,0,66,11
D,1647843900,0,0,66,11
D,1647844500,0,0,66,11
D,1647845100,0,0,66,11
D,1647845700,0,0,66,11
D,1647846300,0,0,66,11
D,1647846900,0,0,65,11
D,1647847500,0,0,66,11
D,1647848100,0,0,66,11
D,1647848700,0,0,66,11
D,1647849300,0,0,66,11
D,1647849900,0,0,66,11
D,1647850500,0,0,66,11
D,1647851100,0,0,65,11
D,1647851700,0,0,66,11
D,1647852300,0,0,66,11
D,1647852900,0,0,66,11
D,1647853500,0,0,66,11
D,1647854100,0,0,66,11
D,1647854700,0,0,66,11
D,1647855300,0,0,66,11
D,1647855900,0,0,65,11
D,1647856500,0,0,66,11
D,1647857100,0,0,66,11
D,1647857700,0,0,66,11
D,1647858300,0,0,66,11
D,1647858900,0,0,66,11
D,1647859500,0,0,66,11
D,1647860100,0,0,65,11
D,1647860700,0,0,66,11
D,1647861300,0,0,66,13
D,1647861900,0,0,66,12
D,1647862500,0,0,66,11
D,1647863100,0,0,66,11
D,1647863700,0,0,66,11
D,1647864300,0,0,66,11
D,1647864900,0,0,66,11
D,1647865500,0,0,65,11
D,1647866100,0,0,66,11
D,1647866700,0,0,66,11
D,1647867300,0,0,66,11
D,1647867900,0,0,66,11
D,1647868500,0,0,66,11
D,1647869100,0,0,66,11
D,1647869700,0,0,66,13
D,1647870360,0,60,71,11
D,1647870960,0,0,66,11
D,1647871560,0,0,66,11
D,1647872160,0,0,66,11
D,1647872760,0,0,66,11
D,1647873360,0,0,66,11
D,1647873960,0,0,66,11
D,1647874560,0,0,66,11
D,1647875160,0,0,66,11
D,1647875760,0,0,65,11
D,1647876360,0,0,66,11
D,1647876960,0,0,66,11
D,1647877560,0,0,66,11
D,1647878160,0,0,66,12
D,1647878760,0,0,66,11
D,1647879360,0,0,66,11
D,1647879960,0,0,66,11
D,1647880560,0,0,66,11
D,1647881160,0,0,65,11
D,1647881760,0,0,66,11
D,1647882360,0,0,66,11
D,1647882960,0,0,66,11
D,1647883560,0,0,66,11
D,1647884160,0,0,66,12
D,1647884760,0,0,66,12
D,1647885360,0,0,66,13
D,1647885960,0,0,66,11
D,1647886560,0,0,65,11
D,1647887160,0,0,66,11
D,1647887760,0,0,66,11
D,1647888360,0,0,66,11
D,1647888960,0,0,66,11
D,1647889560,0,0,66,11
D,1647890160,0,0,66,11
D,1647890760,0,0,66,11
D,1647891360,0,0,65,11
D,1647891960,0,0,66,11
D,1647892560,0,0,66,11
D,1647893160,0,0,66,11
D,1647893760,0,0,66,11
D,1647894360,0,0,66,11
D,1647894960,0,0,66,11
D,1647895560,0,0,66,11
D,1647896160,0,0,65,11
D,1647896760,0,0,66,11
D,1647897360,0,0,66,11
D,1647897960,0,0,66,11
D,1647898560,0,0,66,11
D,1647899160,0,0,66,11
D,1647899760,0,0,66,11
D,1647900360,0,0,66,11
D,1647901020,0,60,71,11
D,1647901620,0,0,66,11
D,1647902220,0,0,66,11
D,1647902820,0,0,66,11
D,1647903420,0,0,66,11
D,1647904020,0,0,66,11
D,1647904620,0,0,66,11
D,1647905220,0,0,66,11
D,1647905820,0,0,65,11
D,1647906420,0,0,66,11
D,1647907020,0,0,66,11
D,1647907620,0,0,66,11
D,1647908220,0,0,66,11
D,1647908820,0,0,66,11
D,1647909420,0,0,66,11
D,1647910020,0,0,66,11
D,1647910620,0,0,65,11
D,1647911220,0,0,66,11
D,1647911820,0,0,66,11
D,1647912420,0,0,66,11
D,1647913020,0,0,66,11
D,1647913620,0,0,66,11
D,1647914220,0,0,66,11
D,1647914820,0,0,65,11
D,1647915420,0,0,65,11
D,1647916020,0,0,66,11
D,1647916620,0,0,66,11
D,1647917220,0,0,66,11
D,1647917820,0,0,66,11
D,1647918420,0,0,66,11
D,1647919020,0,0,66,11
D,1647919620,0,0,65,11
D,1647920220,0,0,66,11
D,1647920820,0,0,66,11
D,1647921420,0,0,66,11
D,1647922020,0,0,66,11
D,1647922620,0,0,66,12
D,1647923220,0,0,66,11
D,1647923820,0,0,65,11
D,1647924420,0,0,66,11
D,1647925020,0,0,66,11
D,1647925620,0,0,66,11
D,1647926220,0,0,66,11
D,1647926820,0,0,66,11
D,1647927420,0,0,66,11
D,1647928080,0,60,71,11
D,1647928680,0,0,66,11
D,1647929280,0,0,66,11
D,1647929880,0,0,66,11
D,1647930480,0,0,66,11
D,1647931080,0,0,66,11
D,1647931680,0,0,66,11
D,1647932280,0,0,65,11
D,1647932880,0,0,65,11
D,1647933480,0,0,66,11
D,1647934080,0,0,66,11
D,1647934680,0,0,66,11
D,1647935280,0,0,66,11
D,1647935880,0,0,66,11
D,1647936480,0,0,66,11
D,1647937080,0,0,65,11
D,1647937680,0,0,66,11
D,1647938280,0,0,66,11
D,1647938880,0,0,66,11
D,1647939480,0,0,66,11
D,1647940080,0,0,66,11
D,1647940680,0,0,66,11
D,1647941280,0,0,66,11
D,1647941880,0,0,65,11
D,1647942480,0,0,66,11
D,1647943080,0,0,66,11
D,1647943680,0,0,66,11
D,1647944280,0,0,66,11
D,1647944880,0,0,65,20
D,1647945480,0,0,66,11
D,1647946080,0,0,66,11
D,1647946740,0,60,72,11
D,1647947340,0,0,66,11
D,1647947940,0,0,66,11
D,1647948540,0,0,66,11
D,1647949140,0,0,66,11
D,1647949740,0,0,66,11
D,1647950340,0,0,66,11
D,1647950940,0,0,66,11
D,1647951540,0,0,66,11
D,1647952140,0,0,65,11
D,1647952740,0,0,66,11
D,1647953340,0,0,66,11
D,1647953940,0,0,66,11
D,1647954540,0,0,66,11
D,1647955140,0,0,66,11
D,1647955740,0,0,66,11
D,1647956340,0,0,66,11
D,1647956940,0,0,66,11
D,1647957540,0,0,65,11
D,1647958140,0,0,66,11
D,1647958740,0,0,66,11
D,1647959340,0,0,66,11
D,1647959940,0,0,66,11
D,1647960540,0,0,66,11
D,1647961140,0,0,66,11
D,1647961740,0,0,66,11
D,1647962340,0,0,65,11
D,1647962940,0,0,66,12
D,1647963540,0,0,66,11
D,1647964140,0,0,66,11
D,1647964740,0,0,66,11
D,1647965340,0,0,66,11
D,1647965940,0,0,66,13
D,1647966540,0,0,66,11
D,1647967140,0,0,65,12
D,1647967740,0,0,66,11
D,1647968340,0,0,66,11
D,1647968940,0,0,66,11
D,1647969540,0,0,66,11
D,1647970140,0,0,66,11
D,1647970740,0,0,66,11
D,1647971340,0,0,66,12
D,1647971940,0,0,66,11
D,1647972540,0,0,65,12
D,1647973140,0,0,66,11
D,1647973740,0,0,66,11
D,1647974340,0,0,66,11
D,1647974940,0,0,66,11
D,1647975540,0,0,66,11
D,1647976140,0,0,66,11
D,1647976740,0,0,66,11
D,1647977400,0,60,71,11
D,1647978000,0,0,66,11
D,1647978600,0,0,66,11
D,1647979200,0,0,66,11
D,1647979800,0,0,66,11
D,1647980400,0,0,66,11
D,1647981000,0,0,66,11
D,1647981600,0,0,66,11
D,1647982200,0,0,66,11
D,1647982800,0,0,65,11
D,1647983400,0,0,66,11
D,1647984000,0,0,66,11
D,1647984600,0,0,66,11
D,1647985200,0,0,66,11
D,1647985800,0,0,66,12
D,1647986400,0,0,66,11
D,1647987000,0,0,66,11
D,1647987600,0,0,65,11
D,1647988200,0,0,66,11
D,1647988800,0,0,66,11
D,1647989400,0,0,66,11
D,1647990000,0,0,66,11
D,1647990600,0,0,66,11
D,1647991200,0,0,66,11
D,1647991800,0,0,65,11
D,1647992400,0,0,66,11
D,1647993000,0,0,66,11
D,1647993600,0,0,66,11
D,1647994200,0,0,66,11
D,1647994800,0,0,66,11
D,1647995400,0,0,66,11
D,1647996000,0,0,66,11
D,1647996600,0,0,65,11
D,1647997200,0,0,66,11
D,1647997800,0,0,66,11
D,1647998400,0,0,66,11
D,1647999000,0,0,66,11
D,1647999600,0,0,66,11
D,1648000200,0,0,66,11
D,1648000800,0,0,65,11
D,1648001400,0,0,65,11
D,1648002000,0,0,66,11
D,1648002600,0,0,66,11
D,1648003200,0,0,66,11
D,1648003800,0,0,66,11
D,1648004400,0,0,66,11
D,1648005000,0,0,66,11
D,1648005660,0,60,71,12
D,1648006260,0,0,66,11
D,1648006860,0,0,66,11
D,1648007460,0,0,66,11
D,1648008060,0,0,66,11
D,1648008660,0,0,66,11
D,1648009260,0,0,66,11
D,1648009860,0,0,65,11
D,1648010460,0,0,66,11
D,1648011060,0,0,66,11
D,1648011660,0,0,66,12
D,1648012260,0,0,66,11
D,1648012860,0,0,66,12
D,1648013460,0,0,66,11
D,1648014060,0,0,65,12
D,1648014660,0,0,66,11
D,1648015260,0,0,66,11
D,1648015860,0,0,66,11
D,1648016460,0,0,66,11
D,1648017060,0,0,66,11
D,1648017660,0,0,66,11
D,1648018260,0,0,66,11
D,1648018860,0,0,65,11
D,1648019460,0,0,66,11
D,1648020060,0,0,66,11
D,1648020660,0,0,66,11
D,1648021260,0,0,66,11
D,1648021860,0,0,66,11
D,1648022460,0,0,66,11
D,1648023060,0,0,65,11
D,1648023660,0,0,66,11
D,1648024260,0,0,66,11
D,1648024860,0,0,66,11
D,1648025460,0,0,66,11
D,1648026060,0,0,66,11
D,1648026660,0,0,66,11
D,1648027260,0,0,66,11
D,1648027860,0,0,65,11
D,1648028460,0,0,66,11
D,1648029060,0,0,66,11
D,1648029660,0,0,66,11
D,1648030260,0,0,66,11
D,1648030860,0,0,66,12
D,1648031460,0,0,66,11
D,1648032120,0,60,71,11
D,1648032720,0,0,66,11
D,1648033320,0,0,66,11
D,1648033920,0,0,66,12
D,1648034520,0,0,66,12
D,1648035120,0,0,66,11
D,1648035720,0,0,66,12
D,1648036320,0,0,66,12
D,1648036920,0,0,66,11
D,1648037520,0,0,65,11
D,1648038120,0,0,66,12
D,1648038720,0,0,66,11
D,1648039320,0,0,66,11
D,1648039920,0,0,66,12
D,1648040520,0,0,66,11
D,1648041120,0,0,66,11
D,1648041720,0,0,66,11
D,1648042320,1,0,66,11
D,1648042920,1,0,65,11
D,1648043520,1,0,66,14
D,1648044120,1,0,66,11
D,1648044720,1,0,66,11
D,1648045320,0,0,66,12
D,1648045920,0,0,66,11
D,1648046520,1,0,66,11
D,1648047120,1,0,66,13
D,1648047720,1,0,66,11
D,1648048320,1,0,65,13
D,1648048920,1,0,66,11
D,1648049520,1,0,66,11
D,1648050120,1,0,66,11
D,1648050720,1,0,66,11
D,1648051320,1,0,66,12
D,1648051920,0,0,66,11
D,1648052520,1,0,66,11
D,1648053120,1,0,66,11
D,1648053720,1,0,66,16
D,1648054320,0,0,65,11
D,1648054920,0,0,66,11
D,1648055520,0,0,66,11
D,1648056120,0,0,66,11
D,1648056720,0,0,66,11
D,1648057320,0,0,66,11
D,1648057920,0,0,66,11
D,1648058520,1,0,66,11
D,1648059120,1,0,66,11
D,1648059720,1,0,65,11
D,1648060320,1,0,66,12
D,1648060920,1,0,66,11
D,1648061520,1,0,66,11
D,1648062120,1,0,66,11
D,1648062720,1,0,66,11
D,1648063320,1,0,66,11
D,1648063920,1,0,66,11
D,1648064520,1,0,66,12
D,1648065180,1,60,71,11
D,1648065780,1,0,66,11
D,1648066380,1,0,66,11
D,1648066980,1,0,66,11
D,1648067580,1,0,66,11
D,1648068180,1,0,66,11
D,1648068780,1,0,66,11
D,1648069380,1,0,66,11
D,1648069980,1,0,65,11
D,1648070580,1,0,66,11
D,1648071180,1,0,66,11
D,1648071780,1,0,66,11
D,1648072380,1,0,66,11
D,1648072980,1,0,66,11
D,1648073580,1,0,66,12
D,1648074180,1,0,66,11
D,1648074780,1,0,65,11
D,1648075380,1,0,66,11
D,1648075980,1,0,66,11
D,1648076580,1,0,66,11
D,1648077180,1,0,66,11
D,1648077780,1,0,66,11
D,1648078380,1,0,66,11
D,1648078980,1,0,65,11
D,1648079580,1,0,66,11
D,1648080180,1,0,66,11
D,1648080780,1,0,66,11
D,1648081380,1,0,66,11
D,1648081980,1,0,66,11
D,1648082580,1,0,66,11
D,1648083180,1,0,65,11
D,1648083780,1,0,65,11
D,1648084380,1,0,66,12
D,1648084980,1,0,66,11
D,1648085580,1,0,66,11
D,1648086180,1,0,66,11
D,1648086780,1,0,66,11
D,1648087380,1,0,66,11
D,1648087980,1,0,65,11
D,1648088580,1,0,66,11
D,1648089180,1,0,66,11
D,1648089780,1,0,66,12
D,1648090380,1,0,66,11
D,1648090980,1,0,66,11
D,1648091580,1,0,66,11
D,1648092240,1,60,71,11
D,1648092840,1,0,66,11
D,1648093440,1,0,66,11
D,1648094040,1,0,66,11
D,1648094640,1,0,66,11
D,1648095240,1,0,66,11
D,1648095840,1,0,66,11
D,1648096440,1,0,66,11
D,1648097040,1,0,65,11
D,1648097640,1,0,66,11
D,1648098240,1,0,66,11
D,1648098840,1,0,66,11
D,1648099440,1,0,66,12
D,1648100040,1,0,66,11
D,1648100640,1,0,66,11
D,1648101240,1,0,65,11
D,1648101840,1,0,66,11
D,1648102440,1,0,66,11
D,1648103040,1,0,66,11
D,1648103640,1,0,66,11
D,1648104240,1,0,66,11
D,1648104840,1,0,66,12
D,1648105440,1,0,65,11
D,1648106040,1,0,66,12
D,1648106640,1,0,66,11
D,1648107240,1,0,66,11
D,1648107840,1,0,66,11
D,1648108440,1,0,66,11
D,1648109040,1,0,66,11
D,1648109640,1,0,66,11
D,1648110240,1,0,65,11
D,1648110840,1,0,66,12
D,1648111440,1,0,66,11
D,1648112040,1,0,66,11
D,1648112640,1,0,66,12
D,1648113240,1,0,66,11
D,1648113840,1,0,66,11
D,1648114440,1,0,65,11
D,1648115040,1,0,66,11
D,1648115640,1,0,66,12
D,1648116240,1,0,66,11
D,1648116840,1,0,66,11
D,1648117440,1,0,66,11
D,1648118040,1,0,66,11
D,1648118640,0,0,66,12
D,1648119300,1,60,71,11
D,1648119900,1,0,66,13
D,1648120500,1,0,66,11
D,1648121100,1,0,66,11
D,1648121700,1,0,66,11
D,1648122300,1,0,66,11
D,1648122900,1,0,66,11
D,1648123500,1,0,66,11
D,1648124100,1,0,65,12
D,1648124700,0,0,66,12
D,1648125300,0,0,66,11
D,1648125900,0,0,66,11
D,1648126500,0,0,66,11
D,1648127100,0,0,66,11
D,1648127700,0,0,66,11
D,1648128300,0,0,66,11
D,1648128900,0,0,65,12
D,1648129500,0,0,66,11
D,1648130100,0,0,66,13
D,1648130700,1,0,66,11
D,1648131300,1,0,66,11
D,1648131900,1,0,66,11
D,1648132500,0,0,66,12
D,1648133100,0,0,66,11
D,1648133700,0,0,65,13
D,1648134300,0,0,66,11
D,1648134900,1,0,66,11
D,1648135500,1,0,66,11
D,1648136100,1,0,66,11
D,1648136700,0,0,66,11
D,1648137300,0,0,66,11
D,1648137900,0,0,66,11
D,1648138500,0,0,66,11
D,1648139100,0,0,65,11
D,1648139700,0,0,66,11
D,1648140300,0,0,66,11
D,1648140900,0,0,66,11
D,1648141500,0,0,66,11
D,1648142100,0,0,66,11
D,1648142700,0,0,66,11
D,1648143300,0,0,66,11
D,1648143900,0,0,65,11
D,1648144500,0,0,66,11
D,1648145100,0,0,66,11
D,1648145700,0,0,66,11
D,1648146300,0,0,66,11
D,1648146900,0,0,66,11
D,1648147500,0,0,66,11
D,1648148100,0,0,66,11
D,1648148760,0,60,71,11
D,1648149360,1,0,66,11
D,1648149960,1,0,66,11
D,1648150560,1,0,66,11
D,1648151160,0,0,66,11
D,1648151760,0,0,66,11
D,1648152360,0,0,66,11
D,1648152960,1,0,66,11
D,1648153560,1,0,65,11
D,1648154160,1,0,66,11
D,1648154760,1,0,66,11
D,1648155360,1,0,66,11
D,1648155960,1,0,66,11
D,1648156560,1,0,66,11
D,1648157160,1,0,66,11
D,1648157760,1,0,65,11
D,1648158360,1,0,65,11
D,1648158960,1,0,66,11
D,1648159560,1,0,66,11
D,1648160160,1,0,66,11
D,1648160760,1,0,66,11
D,1648161360,1,0,66,11
D,1648161960,1,0,66,11
D,1648162560,1,0,65,11
D,1648163160,1,0,66,11
D,1648163760,1,0,66,11
D,1648164360,1,0,66,11
D,1648164960,1,0,66,11
D,1648165560,1,0,66,11
D,1648166160,1,0,66,11
D,1648166760,1,0,65,11
D,1648167360,1,0,66,11
D,1648167960,1,0,66,11
D,1648168560,1,0,66,11
D,1648169160,1,0,66,11
D,1648169760,1,0,66,11
D,1648170360,1,0,66,11
D,1648170960,1,0,66,11
D,1648171560,1,0,65,11
D,1648172160,1,0,66,11
D,1648172760,1,0,66,11
D,1648173360,1,0,66,11
D,1648173960,1,0,66,11
D,1648174560,1,0,66,11
D,1648175160,1,0,66,11
D,1648175820,1,60,71,11
D,1648176420,1,0,66,11
D,1648177020,1,0,66,11
D,1648177620,1,0,66,11
D,1648178220,1,0,66,11
D,1648178820,1,0,66,11
D,1648179420,1,0,66,11
D,1648180020,1,0,65,11
D,1648180620,1,0,66,11
D,1648181220,1,0,66,11
D,1648181820,1,0,66,11
D,1648182420,1,0,66,11
D,1648183020,1,0,66,11
D,1648183620,1,0,66,11
D,1648184220,1,0,65,11
D,1648184820,1,0,66,11
D,1648185420,0,0,66,11
D,1648186020,0,0,66,11
D,1648186620,0,0,66,11
D,1648187220,0,0,66,11
D,1648187820,0,0,66,11
D,1648188420,0,0,65,11
D,1648189020,0,0,65,11
D,1648189620,0,0,66,11
D,1648190220,0,0,66,11
D,1648190820,0,0,66,11
D,1648191420,0,0,66,11
D,1648192020,0,0,66,11
D,1648192620,0,0,66,11
D,1648193220,0,0,65,11
D,1648193820,0,0,66,11
D,1648194420,0,0,66,11
D,1648195020,0,0,66,11
D,1648195620,0,0,66,11
D,1648196220,0,0,66,11
D,1648196820,0,0,66,13
D,1648197420,0,0,65,11
D,1648198020,0,0,66,11
D,1648198620,0,0,66,11
D,1648199280,0,60,73,12
D,1648199880,0,0,66,11
D,1648200480,0,0,66,11
D,1648201080,0,0,66,11
D,1648201680,0,0,65,11
D,1648202280,0,0,66,11
D,1648202880,0,0,66,11
D,1648203480,0,0,66,11
D,1648204080,0,0,66,11
D,1648204680,0,0,66,13
D,1648205280,0,0,66,11
D,1648205880,0,0,66,11
D,1648206480,0,0,65,11
D,1648207080,0,0,66,11
D,1648207680,0,0,66,11
D,1648208280,0,0,66,11
D,1648208880,0,0,66,11
D,1648209480,0,0,66,11
D,1648210080,0,0,66,11
D,1648210680,0,0,66,11
D,1648211280,0,0,66,11
D,1648211880,0,0,65,11
D,1648212480,0,0,66,11
D,1648213080,0,0,66,11
D,1648213680,0,0,66,11
D,1648214280,0,0,66,11
D,1648214880,1,0,66,11
D,1648215480,1,0,66,11
D,1648216080,1,0,66,11
D,1648216680,1,0,65,11
D,1648217280,1,0,66,11
D,1648217880,1,0,66,11
D,1648218480,1,0,66,11
D,1648219080,0,0,66,11
D,1648219680,0,0,66,11
D,1648220280,1,0,66,11
D,1648220880,1,0,66,11
D,1648221480,1,0,66,11
D,1648222080,1,0,65,11
D,1648222680,1,0,66,12
D,1648223280,1,0,66,11
D,1648223880,1,0,66,11
D,1648224480,1,0,66,11
D,1648225080,0,0,66,12
D,1648225680,1,0,66,11
D,1648226280,0,0,66,11
D,1648226880,0,0,66,11
D,1648227480,0,0,66,11
D,1648228140,0,60,71,11
D,1648228740,0,0,66,11
D,1648229340,1,0,66,11
D,1648229940,0,0,66,11
D,1648230540,0,0,66,11
D,1648231140,0,0,66,11
D,1648231740,0,0,66,11
D,1648232340,0,0,66,12
D,1648232940,0,0,65,11
D,1648233540,1,0,66,11
D,1648234140,1,0,66,12
D,1648234740,1,0,66,12
D,1648235340,1,0,66,11
D,1648235940,1,0,66,11
D,1648236540,1,0,66,11
D,1648237140,1,0,65,11
D,1648237740,1,0,66,11
D,1648238340,1,0,66,11
D,1648238940,1,0,66,14
D,1648239540,1,0,66,11
D,1648240140,1,0,66,12
D,1648240740,1,0,66,12
D,1648241340,1,0,66,12
D,1648241940,1,0,65,11
D,1648242540,1,0,66,11
D,1648243140,1,0,66,11
D,1648243740,1,0,66,11
D,1648244340,1,0,66,11
D,1648244940,1,0,66,11
D,1648245540,1,0,66,11
D,1648246140,1,0,65,12
D,1648246740,1,0,66,11
D,1648247340,1,0,66,11
D,1648247940,1,0,66,11
D,1648248540,1,0,66,11
D,1648249140,1,0,66,12
D,1648249740,1,0,66,11
D,1648250340,1,0,66,11
D,1648250940,1,0,65,11
D,1648251540,1,0,66,11
D,1648252140,1,0,66,11
D,1648252740,1,0,66,11
D,1648253340,1,0,66,11
D,1648253940,1,0,66,11
D,1648254540,1,0,66,11
D,1648255200,1,60,72,11
D,1648255800,1,0,66,11
D,1648256400,1,0,66,11
D,1648257000,1,0,66,11
D,1648257600,1,0,66,11
D,1648258200,1,0,66,11
D,1648258800,1,0,66,11
D,1648259400,1,0,65,11
D,1648260000,1,0,66,11
D,1648260600,1,0,66,11
D,1648261200,1,0,66,11
D,1648261800,1,0,66,11
D,1648262400,1,0,66,11
D,1648263000,1,0,66,11
D,1648263600,1,0,66,11
D,1648264200,1,0,65,11
D,1648264800,1,0,66,11
D,1648265400,1,0,66,11
D,1648266000,1,0,66,11
D,1648266600,1,0,66,11
D,1648267200,1,0,66,11
D,1648267800,1,0,66,11
D,1648268400,1,0,65,11
D,1648269000,1,0,66,11
D,1648269600,1,0,66,11
D,1648270200,0,0,66,11
D,1648270800,0,0,66,11
D,1648271400,0,0,66,11
D,1648272000,0,0,66,11
D,1648272600,0,0,65,11
D,1648273200,0,0,65,13
D,1648273800,0,0,66,12
D,1648274400,0,0,66,13
D,1648275000,0,0,66,11
D,1648275600,0,0,66,11
D,1648276200,0,0,66,11
D,1648276800,0,0,66,11
D,1648277400,0,0,65,11
D,1648278000,1,0,66,14
D,1648278600,1,0,66,11
D,1648279200,1,0,66,11
D,1648279800,1,0,66,11
D,1648280400,1,0,66,11
D,1648281000,1,0,66,11
D,1648281660,1,60,71,12
D,1648282260,1,0,66,11
D,1648282860,1,0,66,11
D,1648283460,0,0,66,11
D,1648284060,0,0,66,11
D,1648284660,0,0,66,11
D,1648285260,0,0,66,11
D,1648285860,0,0,65,11
D,1648286460,0,0,66,11
D,1648287060,0,0,66,11
D,1648287660,0,0,66,11
D,1648288260,0,0,66,12
D,1648288860,0,0,66,11
D,1648289460,0,0,66,12
D,1648290060,0,0,66,12
D,1648290660,0,0,66,11
D,1648291260,0,0,66,11
D,1648291860,0,0,66,11
D,1648292460,0,0,66,12
D,1648293060,0,0,66,12
D,1648293660,0,0,66,11
D,1648294260,0,0,66,11
D,1648294860,0,0,65,11
D,1648295460,0,0,66,11
D,1648296060,0,0,66,11
D,1648296660,0,0,66,11
D,1648297260,0,0,66,11
D,1648297860,0,0,66,12
D,1648298460,0,0,66,13
D,1648299060,0,0,65,11
D,1648299660,0,0,66,11
D,1648300260,0,0,66,11
D,1648300860,1,0,66,11
D,1648301460,1,0,66,15
D,1648302060,1,0,66,11
D,1648302660,1,0,66,11
D,1648303260,1,0,66,11
D,1648303920,1,60,71,11
D,1648304520,1,0,66,11
D,1648305120,1,0,66,11
D,1648305720,1,0,66,11
D,1648306320,1,0,66,11
D,1648306920,1,0,66,11
D,1648307520,1,0,66,11
D,1648308120,1,0,65,11
D,1648308720,1,0,66,11
D,1648309320,1,0,66,11
D,1648309920,1,0,66,11
D,1648310520,1,0,67,11
D,1648311120,1,0,66,11
D,1648311720,1,0,66,11
D,1648312320,0,0,66,11
D,1648312920,0,0,65,11
D,1648313520,0,0,66,11
D,1648314120,0,0,66,11
D,1648314720,0,0,66,11
D,1648315320,0,0,66,11
D,1648315920,0,0,66,11
D,1648316520,0,0,66,11
D,1648317120,0,0,65,11
D,1648317720,0,0,66,11
D,1648318320,1,0,66,11
D,1648318920,1,0,66,11
D,1648319520,1,0,66,11
D,1648320120,1,0,66,11
D,1648320720,1,0,66,11
D,1648321320,1,0,66,11
D,1648321920,1,0,65,11
D,1648322520,1,0,66,11
D,1648323120,1,0,66,11
D,1648323720,1,0,66,11
D,1648324320,1,0,66,11
D,1648324920,1,0,66,11
D,1648325520,1,0,66,13
D,1648326180,1,60,71,11
D,1648326780,1,0,66,11
D,1648327380,1,0,66,12
D,1648327980,1,0,66,11
D,1648328580,1,0,66,12
D,1648329180,1,0,66,11
D,1648329780,1,0,66,11
D,1648330380,1,0,66,11
D,1648330980,1,0,65,11
D,1648331580,1,0,66,11
D,1648332180,1,0,66,11
D,1648332780,1,0,66,11
D,1648333380,1,0,66,12
D,1648333980,1,0,66,11
D,1648334580,1,0,66,11
D,1648335180,1,0,65,11
D,1648335780,1,0,66,11
D,1648336380,1,0,66,11
D,1648336980,1,0,66,11
D,1648337580,1,0,66,12
D,1648338180,1,0,66,11
D,1648338780,1,0,66,11
D,1648339380,1,0,66,11
D,1648339980,1,0,65,11
D,1648340580,1,0,66,11
D,1648341180,1,0,66,11
D,1648341780,1,0,66,11
D,1648342380,1,0,66,11
D,1648342980,1,0,66,11
D,1648343580,1,0,66,11
D,1648344180,1,0,65,11
D,1648344780,1,0,66,11
D,1648345380,1,0,66,11
D,1648345980,1,0,66,11
D,1648346580,1,0,66,11
D,1648347180,1,0,66,11
D,1648347780,1,0,66,11
D,1648348380,1,0,65,11
D,1648348980,1,0,66,11
D,1648349580,1,0,66,11
D,1648350180,1,0,66,11
D,1648350780,1,0,66,11
D,1648351380,1,0,66,11
D,1648351980,1,0,66,11
D,1648352580,1,0,66,11
D,1648353240,1,60,71,11
D,1648353840,1,0,66,11
D,1648354440,1,0,66,11
D,1648355040,1,0,66,11
D,1648355640,1,0,66,11
D,1648356240,1,0,66,11
D,1648356840,1,0,66,11
D,1648357440,1,0,65,11
D,1648358040,1,0,66,11
D,1648358640,1,0,66,11
D,1648359240,1,0,66,11
D,1648359840,1,0,66,11
D,1648360440,1,0,66,11
D,1648361040,1,0,66,11
D,1648361640,1,0,65,11
D,1648362240,1,0,66,11
D,1648362840,1,0,66,11
D,1648363440,1,0,66,11
D,1648364040,1,0,66,11
D,1648364640,1,0,66,11
D,1648365240,1,0,66,11
D,1648365840,1,0,65,11
D,1648366440,1,0,65,11
D,1648367040,1,0,66,11
D,1648367640,1,0,66,11
D,1648368240,1,0,66,11
D,1648368840,1,0,66,11
D,1648369440,1,0,66,11
D,1648370040,1,0,66,12
D,1648370640,1,0,65,11
D,1648371240,1,0,66,11
D,1648371840,1,0,66,11
D,1648372440,1,0,66,11
D,1648373040,1,0,66,11
D,1648373640,1,0,66,11
D,1648374240,1,0,66,11
D,1648374840,1,0,65,11
D,1648375440,1,0,66,11
D,1648376040,1,0,66,11
D,1648376640,1,0,66,11
D,1648377240,1,0,66,11
D,1648377840,1,0,66,11
D,1648378440,1,0,66,11
D,1648379100,1,60,71,11
D,1648379700,1,0,66,11
D,1648380300,1,0,66,11
D,1648380900,1,0,66,11
D,1648381500,1,0,66,11
D,1648382100,1,0,66,12
D,1648382700,1,0,66,11
D,1648383300,1,0,65,11
D,1648383900,1,0,66,11
D,1648384500,1,0,66,11
D,1648385100,1,0,66,11
D,1648385700,1,0,66,11
D,1648386300,1,0,66,11
D,1648386900,1,0,66,11
D,1648387500,1,0,66,11
D,1648388100,1,0,65,11
D,1648388700,1,0,66,11
D,1648389300,1,0,66,11
D,1648389900,1,0,66,11
D,1648390500,1,0,66,11
D,1648391100,1,0,66,11
D,1648391700,1,0,66,13
D,1648392300,1,0,65,11
D,1648392900,1,0,66,11
D,1648393500,1,0,66,11
D,1648394100,1,0,66,11
D,1648394700,1,0,66,11
D,1648395300,1,0,66,12
D,1648395900,1,0,66,11
D,1648396500,1,0,66,11
D,1648397100,0,0,65,11
D,1648397700,0,0,66,11
D,1648398300,0,0,66,11
D,1648398900,0,0,66,11
D,1648399500,0,0,66,11
D,1648400100,0,0,66,11
D,1648400700,0,0,66,11
D,1648401300,0,0,65,11
D,1648401900,0,0,66,11
D,1648402500,0,0,66,11
D,1648403100,0,0,66,11
D,1648403700,0,0,66,11
D,1648404300,1,0,66,11
D,1648404900,1,0,66,11
D,1648405500,1,0,66,11
D,1648406160,1,60,71,11
D,1648406760,1,0,66,11
D,1648407360,1,0,66,11
D,1648407960,1,0,66,11
D,1648408560,1,0,66,11
D,1648409160,1,0,66,11
D,1648409760,1,0,66,11
D,1648410360,1,0,65,11
D,1648410960,1,0,66,11
D,1648411560,1,0,66,11
D,1648412160,1,0,66,11
D,1648412760,1,0,66,11
D,1648413360,1,0,66,11
D,1648413960,1,0,66,11
D,1648414560,1,0,65,11
D,1648415160,1,0,66,11
D,1648415760,0,0,66,11
D,1648416360,0,0,66,11
D,1648416960,0,0,66,11
D,1648417560,0,0,66,11
D,1648418160,0,0,66,11
D,1648418760,0,0,66,11
D,1648419360,0,0,65,11
D,1648419960,0,0,66,11
D,1648420560,0,0,66,11
D,1648421160,0,0,66,11
D,1648421760,0,0,66,11
D,1648422360,0,0,66,11
D,1648422960,0,0,66,11
D,1648423560,0,0,65,11
D,1648424160,0,0,66,11
D,1648424760,0,0,66,11
D,1648425360,0,0,66,11
D,1648425960,0,0,66,11
D,1648426560,0,0,66,11
D,1648427160,0,0,66,11
D,1648427760,0,0,65,11
D,1648428360,0,0,66,11
D,1648428960,0,0,66,11
D,1648429560,0,0,66,11
D,1648430160,0,0,66,11
D,1648430760,0,0,66,11
D,1648431360,0,0,66,11
D,1648431960,0,0,66,11
D,1648432620,0,60,71,11
D,1648433220,0,0,66,11
D,1648433820,0,0,66,11
D,1648434420,0,0,66,11
D,1648435020,0,0,66,11
D,1648435620,0,0,66,11
D,1648436220,0,0,66,11
D,1648436820,0,0,65,11
D,1648437420,0,0,66,11
D,1648438020,0,0,66,11
D,1648438620,0,0,66,11
D,1648439220,0,0,66,11
D,1648439820,0,0,66,11
D,1648440420,0,0,66,11
D,1648441020,0,0,65,11
D,1648441620,0,0,66,11
D,1648442220,0,0,66,11
D,1648442820,0,0,66,11
D,1648443420,0,0,66,11
D,1648444020,0,0,66,11
D,1648444620,0,0,66,11
D,1648445220,0,0,65,11
D,1648445820,0,0,66,11
D,1648446420,0,0,66,11
D,1648447020,0,0,67,10
D,1648447620,0,0,66,11
D,1648448220,0,0,66,11
D,1648448820,0,0,66,11
D,1648449420,0,0,65,11
D,1648450020,0,0,66,11
D,1648450620,0,0,66,11
D,1648451220,0,0,66,11
D,1648451820,0,0,66,11
D,1648452420,0,0,66,11
D,1648453020,0,0,66,12
D,1648453620,0,0,65,11
D,1648454220,0,0,66,11
D,1648454820,0,0,66,11
D,1648455420,0,0,66,11
D,1648456020,0,0,66,11
D,1648456620,0,0,66,11
D,1648457220,0,0,66,11
D,1648457820,0,0,66,11
D,1648458480,0,60,71,11
D,1648459080,0,0,66,11
D,1648459680,0,0,66,11
D,1648460280,0,0,66,11
D,1648460880,0,0,66,11
D,1648461480,0,0,66,11
D,1648462080,0,0,66,11
D,1648462680,0,0,65,11
D,1648463280,0,0,66,11
D,1648463880,0,0,66,11
D,1648464480,0,0,66,11
D,1648465080,0,0,66,11
D,1648465680,0,0,66,11
D,1648466280,0,0,66,13
D,1648466880,0,0,66,11
D,1648467480,0,0,65,11
D,1648468080,0,0,66,11
D,1648468680,0,0,66,11
D,1648469280,0,0,66,11
D,1648469880,0,0,66,11
D,1648470480,0,0,66,11
D,1648471080,0,0,66,11
D,1648471680,0,0,66,11
D,1648472280,0,0,65,11
D,1648472880,0,0,66,11
D,1648473480,0,0,66,11
D,1648474080,1,0,66,11
D,1648474680,1,0,66,11
D,1648475280,1,0,66,11
D,1648475880,1,0,66,11
D,1648476480,1,0,66,11
D,1648477080,0,0,65,11
D,1648477680,0,0,65,11
D,1648478280,0,0,66,11
D,1648478880,0,0,66,11
D,1648479480,0,0,66,11
D,1648480080,0,0,66,11
D,1648480680,0,0,66,11
D,1648481280,0,0,66,11
D,1648481880,0,0,66,11
D,1648482480,0,0,65,11
D,1648483080,0,0,66,11
D,1648483680,0,0,66,11
D,1648484280,0,0,66,11
D,1648484880,0,0,66,11
D,1648485480,0,0,66,11
D,1648486080,0,0,66,11
D,1648486740,0,60,73,11
D,1648487340,0,0,65,11
D,1648487940,0,0,66,11
D,1648488540,0,0,66,11
D,1648489140,0,0,66,11
D,1648489740,0,0,66,11
D,1648490340,0,0,66,11
D,1648490940,0,0,66,11
D,1648491540,0,0,66,11
D,1648492140,0,0,65,11
D,1648492740,0,0,66,11
D,1648493340,0,0,66,11
D,1648493940,0,0,66,11
D,1648494540,0,0,66,11
D,1648495140,0,0,66,11
D,1648495740,0,0,66,11
D,1648496340,0,0,65,11
D,1648496940,0,0,66,11
D,1648497540,0,0,66,11
D,1648498140,0,0,66,11
D,1648498740,0,0,66,14
D,1648499340,0,0,66,11
D,1648499940,0,0,66,11
D,1648500540,0,0,66,11
D,1648501140,0,0,65,11
D,1648501740,0,0,66,11
D,1648502340,0,0,66,11
D,1648502940,0,0,66,11
D,1648503540,0,0,66,11
D,1648504140,0,0,66,11
D,1648504740,0,0,66,12
D,1648505340,0,0,65,11
D,1648505940,0,0,66,11
D,1648506540,0,0,66,11
D,1648507140,0,0,66,11
D,1648507740,0,0,66,11
D,1648508340,0,0,66,11
D,1648508940,0,0,66,11
D,1648509600,0,60,71,11
D,1648510200,0,0,66,11
D,1648510800,0,0,66,11
D,1648511400,0,0,66,11
D,1648512000,0,0,66,11
D,1648512600,0,0,66,11
D,1648513200,0,0,66,11
D,1648513800,0,0,66,11
D,1648514400,0,0,65,11
D,1648515000,0,0,66,11
D,1648515600,0,0,66,11
D,1648516200,0,0,66,11
D,1648516800,0,0,66,11
D,1648517400,0,0,66,12
D,1648518000,0,0,66,11
D,1648518600,0,0,65,11
D,1648519200,0,0,66,11
D,1648519800,0,0,66,11
D,1648520400,0,0,66,11
D,1648521000,0,0,66,12
D,1648521600,0,0,66,12
D,1648522200,0,0,66,11
D,1648522800,0,0,65,11
D,1648523400,0,0,66,11
D,1648524000,0,0,66,11
D,1648524600,0,0,66,11
D,1648525200,0,0,66,11
D,1648525800,0,0,66,11
D,1648526400,0,0,66,11
D,1648527000,0,0,65,11
D,1648527600,0,0,65,11
D,1648528200,0,0,66,11
D,1648528800,0,0,66,11
D,1648529400,0,0,66,12
D,1648530000,0,0,66,11
D,1648530600,0,0,66,12
D,1648531200,0,0,66,11
D,1648531800,0,0,65,11
D,1648532400,0,0,66,11
D,1648533000,0,0,66,11
D,1648533600,0,0,66,11
D,1648534200,0,0,66,11
D,1648534800,0,0,66,11
D,1648535400,0,0,66,11
D,1648536060,0,60,71,11
D,1648536660,0,0,66,11
D,1648537260,0,0,66,11
D,1648537860,0,0,66,11
D,1648538460,0,0,66,12
D,1648539060,0,0,66,11
D,1648539660,0,0,66,11
D,1648540260,0,0,65,11
D,1648540860,0,0,66,11
D,1648541460,0,0,66,11
D,1648542060,0,0,66,11
D,1648542660,0,0,66,11
D,1648543260,0,0,66,14
D,1648543860,0,0,66,11
D,1648544460,0,0,66,11
D,1648545060,0,0,65,11
D,1648545660,0,0,66,11
D,1648546260,0,0,66,11
D,1648546860,0,0,66,11
D,1648547460,0,0,66,11
D,1648548060,0,0,66,11
D,1648548660,0,0,66,11
D,1648549260,0,0,66,11
D,1648549860,0,0,65,11
D,1648550460,0,0,66,11
D,1648551060,0,0,66,11
D,1648551660,0,0,66,11
D,1648552260,0,0,66,11
D,1648552860,0,0,66,11
D,1648553460,0,0,66,11
D,1648554060,0,0,66,11
D,1648554660,0,0,65,11
D,1648555260,0,0,66,11
D,1648555860,0,0,66,11
D,1648556460,0,0,66,11
D,1648557060,0,0,66,11
D,1648557660,0,0,66,11
D,1648558260,0,0,66,11
D,1648558860,0,0,66,11
D,1648559460,0,0,65,11
D,1648560060,0,0,66,11
D,1648560660,0,0,66,11
D,1648561260,0,0,66,11
D,1648561860,0,0,66,13
D,1648562460,0,0,66,11
D,1648563060,0,0,66,11
D,1648563660,0,0,66,11
D,1648564260,0,0,66,11
D,1648564920,0,60,71,11
D,1648565520,0,0,66,11
D,1648566120,0,0,66,11
D,1648566720,0,0,66,11
D,1648567320,0,0,66,11
D,1648567920,0,0,66,11
D,1648568520,0,0,66,11
D,1648569120,0,0,66,11
D,1648569720,0,0,65,11
D,1648570320,0,0,66,11
D,1648570920,0,0,66,11
D,1648571520,0,0,66,11
D,1648572120,0,0,66,11
D,1648572720,0,0,66,12
D,1648573320,0,0,66,11
D,1648573920,0,0,66,11
D,1648574520,0,0,65,11
D,1648575120,0,0,66,11
D,1648575720,0,0,66,11
D,1648576320,0,0,66,11
D,1648576920,0,0,66,11
D,1648577520,0,0,66,11
D,1648578120,0,0,66,11
D,1648578720,0,0,66,11
D,1648579320,0,0,65,11
D,1648579920,0,0,66,11
D,1648580520,0,0,66,11
D,1648581120,0,0,66,11
D,1648581720,0,0,66,11
D,1648582320,0,0,66,11
D,1648582920,0,0,66,11
D,1648583520,0,0,65,11
D,1648584120,0,0,66,11
D,1648584720,0,0,66,11
D,1648585320,0,0,66,11
D,1648585920,0,0,66,11
D,1648586520,0,0,66,11
D,1648587120,0,0,66,11
D,1648587720,0,0,66,11
D,1648588320,0,0,65,11
D,1648588920,0,0,66,11
D,1648589520,0,0,66,11
D,1648590120,0,0,66,11
D,1648590720,0,0,66,11
D,1648591320,0,0,66,11
D,1648591920,0,0,66,11
D,1648592580,0,60,71,11
D,1648593180,0,0,66,11
D,1648593780,0,0,66,11
D,1648594380,0,0,66,11
D,1648594980,0,0,66,11
D,1648595580,0,0,66,11
D,1648596180,0,0,66,11
D,1648596780,0,0,66,11
D,1648597380,0,0,65,11
D,1648597980,0,0,66,11
D,1648598580,0,0,66,11
D,1648599180,0,0,66,11
D,1648599780,0,0,66,11
D,1648600380,0,0,66,11
D,1648600980,0,0,66,11
D,1648601580,0,0,65,11
D,1648602180,0,0,66,11
D,1648602780,0,0,66,11
D,1648603380,0,0,66,11
D,1648603980,0,0,66,11
D,1648604580,0,0,66,11
D,1648605180,0,0,66,11
D,1648605780,0,0,66,11
D,1648606380,0,0,65,11
D,1648606980,0,0,66,11
D,1648607580,0,0,66,11
D,1648608180,0,0,66,11
D,1648608780,0,0,66,11
D,1648609380,0,0,66,11
D,1648609980,0,0,66,11
D,1648610580,0,0,65,11
D,1648611180,0,0,66,11
D,1648611780,0,0,66,11
D,1648612380,0,0,66,11
D,1648612980,0,0,66,11
D,1648613580,0,0,66,11
D,1648614180,0,0,66,11
D,1648614780,0,0,65,11
D,1648615380,0,0,66,11
D,1648615980,0,0,66,11
D,1648616580,0,0,66,11
D,1648617180,0,0,66,11
D,1648617780,0,0,66,11
D,1648618380,0,0,66,11
D,1648619040,0,60,71,11
D,1648619640,0,0,66,11
D,1648620240,0,0,66,11
D,1648620840,0,0,66,11
D,1648621440,0,0,66,11
D,1648622040,0,0,66,11
D,1648622640,0,0,66,11
D,1648623240,0,0,66,11
D,1648623840,0,0,65,11
D,1648624440,0,0,66,11
D,1648625040,0,0,66,11
D,1648625640,0,0,66,11
D,1648626240,0,0,66,11
D,1648626840,0,0,66,11
D,1648627440,0,0,66,11
D,1648628040,0,0,65,11
D,1648628640,0,0,66,11
D,1648629240,0,0,66,11
D,1648629840,0,0,66,11
D,1648630440,0,0,66,11
D,1648631040,0,0,66,11
D,1648631640,0,0,66,11
D,1648632240,0,0,66,11
D,1648632840,0,0,66,11
D,1648633440,0,0,66,13
D,1648634040,0,0,66,11
D,1648634640,0,0,66,11
D,1648635240,0,0,66,11
D,1648635840,0,0,66,11
D,1648636440,0,0,66,11
D,1648637040,0,0,66,11
D,1648637640,0,0,66,11
D,1648638240,0,0,66,11
D,1648638840,0,0,66,12
D,1648639440,0,0,66,11
D,1648640040,0,0,66,11
D,1648640640,0,0,66,11
D,1648641240,0,0,66,11
D,1648641840,0,0,66,11
D,1648642440,0,0,65,11
D,1648643040,0,0,66,11
D,1648643640,0,0,66,11
D,1648644240,0,0,66,11
D,1648644840,0,0,66,11
D,1648645440,0,0,66,11
D,1648646040,0,0,66,11
D,1648646640,0,0,66,11
D,1648647300,0,60,71,11
D,1648647900,0,0,66,11
D,1648648500,0,0,66,11
D,1648649100,0,0,66,11
D,1648649700,0,0,66,11
D,1648650300,0,0,66,12
D,1648650900,0,0,66,11
D,1648651500,0,0,66,11
D,1648652100,0,0,65,11
D,1648652700,0,0,66,13
D,1648653300,0,0,66,11
D,1648653900,0,0,66,11
D,1648654500,0,0,66,14
D,1648655100,0,0,66,11
D,1648655700,0,0,66,11
D,1648656300,0,0,66,11
D,1648656900,0,0,65,11
D,1648657500,0,0,66,11
D,1648658100,0,0,66,11
D,1648658700,0,0,66,11
D,1648659300,0,0,66,11
D,1648659900,0,0,66,11
D,1648660500,0,0,66,13
D,1648661100,0,0,66,11
D,1648661700,0,0,66,11
D,1648662300,0,0,66,11
D,1648662900,0,0,66,11
D,1648663500,0,0,66,11
D,1648664100,0,0,66,12
D,1648664700,0,0,66,11
D,1648665300,0,0,66,11
D,1648665900,0,0,66,11
D,1648666500,0,0,65,11
D,1648667100,0,0,66,11
D,1648671360,0,3660,68,3648
D,1648671960,0,0,66,11
D,1648672560,0,0,66,11
D,1648673160,0,0,66,11
D,1648673760,0,0,66,11
D,1648674360,0,0,66,11
D,1648674960,0,0,66,11
D,1648675560,0,0,65,11
D,1648676160,0,0,66,11
D,1648676760,0,0,66,11
D,1648677360,0,0,66,11
D,1648677960,0,0,66,11
D,1648678560,0,0,66,11
D,1648679160,0,0,66,11
D,1648679760,0,0,65,11
D,1648680360,0,0,66,11
D,1648680960,0,0,66,11
D,1648681560,0,0,66,11
D,1648682160,0,0,66,11
D,1648682760,0,0,66,11
D,1648683360,0,0,66,11
D,1648683960,0,0,66,11
D,1648684620,0,60,71,11
D,1648685220,0,0,66,11
D,1648685820,0,0,66,11
D,1648686420,0,0,66,11
D,1648687020,0,0,66,12
D,1648687620,0,0,66,11
D,1648688220,0,0,66,11
D,1648688820,0,0,65,11
D,1648689420,0,0,66,11
D,1648690020,0,0,66,11
D,1648690620,0,0,66,11
D,1648691220,0,0,66,11
D,1648691820,0,0,66,11
D,1648692420,0,0,66,11
D,1648693020,0,0,65,11
D,1648693620,0,0,66,12
D,1648694220,0,0,66,11
D,1648694820,0,0,66,13
D,1648695420,0,0,66,11
D,1648696020,0,0,66,11
D,1648696620,0,0,66,11
D,1648697220,0,0,65,11
D,1648697820,0,0,66,11
D,1648698420,0,0,66,11
D,1648699020,0,0,66,11
D,1648699620,0,0,66,11
D,1648700220,0,0,66,11
D,1648700820,0,0,66,11
D,1648701420,0,0,66,11
D,1648702020,0,0,65,11
D,1648702620,0,0,66,11
D,1648703220,0,0,66,11
D,1648703820,0,0,66,11
D,1648704420,0,0,66,11
D,1648705020,0,0,66,11
D,1648705620,0,0,66,11
D,1648706220,0,0,65,11
D,1648706820,0,0,66,11
D,1648707420,0,0,66,11
D,1648708020,0,0,66,11
D,1648708620,0,0,66,11
D,1648709220,0,0,66,11
D,1648709820,0,0,66,11
D,1648710480,0,60,71,11
D,1648711080,0,0,66,11
D,1648711680,0,0,66,11
D,1648712280,0,0,66,11
D,1648712880,0,0,66,11
D,1648713480,0,0,66,11
D,1648714080,0,0,66,11
D,1648714680,0,0,66,11
D,1648715280,0,0,65,13
D,1648715880,0,0,66,11
D,1648716480,0,0,66,11
D,1648717080,0,0,66,11
D,1648717680,0,0,66,11
D,1648718280,0,0,66,11
D,1648718880,0,0,66,11
D,1648719480,0,0,65,11
D,1648720080,0,0,66,11
D,1648720680,0,0,66,13
D,1648721280,0,0,66,13
D,1648721880,0,0,66,11
D,1648722480,0,0,66,11
D,1648723080,0,0,66,11
D,1648723680,0,0,66,11
D,1648724280,0,0,65,11
D,1648724880,0,0,65,11
D,1648725480,0,0,66,11
D,1648726080,0,0,66,11
D,1648726680,0,0,66,11
D,1648727280,0,0,66,11
D,1648727880,0,0,66,11
D,1648728480,0,0,66,11
D,1648729080,0,0,66,11
D,1648729680,0,0,65,11
D,1648730280,0,0,66,11
D,1648730880,0,0,66,11
D,1648731480,0,0,66,11
D,1648732080,0,0,66,11
D,1648732680,0,0,66,11
D,1648733280,1,0,66,12
D,1648733880,0,0,66,11
D,1648734480,1,0,65,11
D,1648735080,0,0,66,11
D,1648735680,1,0,66,11
D,1648736280,0,0,66,11
D,1648736880,0,0,66,11
D,1648737480,0,0,66,11
D,1648738080,0,0,66,11
D,1648738680,0,0,66,11
D,1648739340,0,60,72,11
D,1648739940,0,0,66,11
D,1648740540,0,0,66,11
D,1648741140,0,0,66,11
D,1648741740,0,0,66,11
D,1648742340,0,0,66,11
D,1648742940,0,0,66,11
D,1648743540,0,0,65,12
D,1648744140,0,0,65,11
D,1648744740,0,0,66,11
D,1648745340,0,0,66,11
D,1648745940,0,0,66,11
D,1648746540,0,0,66,12
D,1648747140,0,0,66,11
D,1648747740,0,0,66,11
D,1648748340,0,0,65,11
D,1648748940,0,0,66,11
D,1648749540,0,0,66,11
D,1648750140,0,0,66,11
D,1648750740,0,0,66,11
D,1648751340,0,0,66,12
D,1648751940,0,0,66,11
D,1648752540,0,0,66,12
D,1648753140,0,0,65,12
D,1648753740,0,0,66,12
D,1648754340,0,0,66,11
D,1648754940,0,0,66,11
D,1648755540,0,0,66,11
D,1648756140,0,0,66,11
D,1648756740,0,0,66,11
D,1648757340,0,0,65,11
D,1648757940,0,0,66,11
D,1648758540,0,0,66,11
D,1648759140,0,0,66,11
D,1648759740,0,0,66,11
D,1648760340,0,0,66,11
D,1648760940,0,0,66,11
D,1648761540,0,0,65,11
D,1648762200,0,60,67,60
D,1648762800,0,0,66,11
D,1648763400,0,0,66,11
D,1648764000,0,0,66,11
D,1648764600,0,0,66,12
D,1648765200,0,0,66,11
D,1648765800,0,0,66,11
D,1648766400,0,0,65,11
D,1648767000,0,0,66,11
D,1648767600,0,0,66,12
D,1648768200,0,0,66,11
D,1648768800,0,0,66,11
D,1648769400,0,0,66,11
D,1648770000,0,0,66,11
D,1648770660,0,60,71,11
E,1647714420,0,0,66,11
E,1647715020,0,0,66,11
E,1647715620,0,0,66,11
E,1647716220,0,0,66,11
E,1647716820,0,0,66,11
E,1647717420,0,0,65,11
E,1647718020,0,0,66,11
E,1647718620,0,0,66,11
E,1647719220,0,0,66,11
E,1647719820,0,0,66,11
E,1647720420,0,0,66,11
E,1647721020,0,0,66,11
E,1647721620,0,0,66,13
E,1647722220,0,0,65,11
E,1647722820,0,0,66,11
E,1647723420,0,0,66,11
E,1647724080,0,60,73,11
E,1647724680,0,0,66,11
E,1647725280,0,0,66,11
E,1647725880,0,0,66,11
E,1647726480,0,0,66,11
E,1647727080,0,0,65,11
E,1647727680,0,0,66,11
E,1647728280,0,0,66,11
E,1647728880,0,0,66,11
E,1647729480,0,0,66,11
E,1647730080,0,0,66,11
E,1647730680,0,0,66,11
E,1647731280,0,0,66,11
E,1647731880,0,0,65,11
E,1647732480,0,0,66,11
E,1647733080,0,0,66,11
E,1647733680,0,0,66,11
E,1647734280,0,0,66,11
E,1647734880,0,0,66,11
E,1647735480,0,0,66,11
E,1647736080,0,0,66,11
E,1647736680,0,0,65,11
E,1647737280,0,0,66,11
E,1647737880,0,0,66,11
E,1647738480,0,0,66,11
E,1647739080,0,0,66,11
E,1647739680,0,0,66,11
E,1647740280,0,0,66,11
E,1647740880,0,0,66,11
E,1647741480,0,0,65,11
E,1647742080,0,0,66,11
E,1647742680,0,0,66,11
E,1647743280,0,0,66,11
E,1647743880,0,0,66,11
E,1647744480,0,0,66,12
E,1647745080,0,0,66,11
E,1647745680,0,0,66,11
E,1647746280,0,0,65,11
E,1647746880,0,0,66,11
E,1647747480,0,0,66,11
E,1647748080,0,0,66,11
E,1647748680,0,0,66,11
E,1647749280,0,0,66,11
E,1647749880,0,0,66,13
E,1647750480,0,0,66,11
E,1647751140,0,60,71,11
E,1647751740,0,0,66,11
E,1647752340,0,0,66,11
E,1647752940,0,0,66,11
E,1647753540,0,0,66,11
E,1647754140,0,0,66,11
E,1647754740,0,0,66,11
E,1647755340,0,0,66,11
E,1647755940,0,0,65,11
E,1647756540,0,0,66,11
E,1647757140,0,0,66,11
E,1647757740,0,0,66,11
E,1647758340,0,0,66,11
E,1647758940,0,0,66,12
E,1647759540,0,0,66,11
E,1647760140,0,0,66,11
E,1647760740,0,0,65,11
E,1647761340,0,0,66,11
E,1647761940,0,0,66,11
E,1647762540,0,0,66,11
E,1647763140,0,0,66,11
E,1647763740,0,0,66,11
E,1647764340,0,0,66,11
E,1647764940,0,0,65,11
E,1647765540,0,0,66,11
E,1647766140,0,0,66,11
E,1647766740,0,0,66,11
E,1647767340,0,0,66,11
E,1647767940,0,0,66,11
E,1647768540,0,0,66,11
E,1647769140,0,0,65,11
E,1647769740,0,0,66,11
E,1647770340,0,0,66,11
E,1647770940,0,0,66,11
E,1647771540,0,0,66,11
E,1647772140,0,0,66,11
E,1647772740,0,0,66,11
E,1647773340,0,0,65,11
E,1647773940,0,0,66,11
E,1647774540,0,0,66,11
E,1647775140,0,0,66,11
E,1647775740,0,0,66,11
E,1647776340,0,0,66,11
E,1647776940,0,0,66,11
E,1647777540,0,0,66,11
E,1647778200,0,60,71,11
E,1647778800,0,0,66,11
E,1647779400,0,0,66,11
E,1647780000,0,0,66,11
E,1647780600,0,0,66,11
E,1647781200,0,0,66,11
E,1647781800,0,0,66,11
E,1647782400,0,0,66,11
E,1647783000,0,0,66,11
E,1647783600,0,0,66,11
E,1647784200,0,0,66,11
E,1647784800,0,0,66,11
E,1647785400,0,0,66,11
E,1647786000,0,0,66,11
E,1647786600,0,0,66,11
E,1647787200,0,0,65,11
E,1647787800,0,0,66,11
E,1647788400,0,0,66,11
E,1647789000,0,0,66,11
E,1647789600,0,0,66,11
E,1647790200,0,0,66,11
E,1647790800,0,0,66,11
E,1647791400,0,0,66,11
E,1647792000,0,0,65,11
E,1647792600,0,0,66,11
E,1647793200,0,0,66,11
E,1647793800,0,0,66,11
E,1647794400,0,0,66,11
E,1647795000,0,0,66,11
E,1647795600,0,0,66,11
E,1647796200,0,0,66,11
E,1647796800,0,0,65,11
E,1647797400,0,0,66,12
E,1647798000,0,0,66,11
E,1647798600,0,0,66,11
E,1647799200,0,0,66,11
E,1647799800,0,0,66,11
E,1647800400,0,0,66,11
E,1647801000,0,0,66,11
E,1647801600,0,0,65,11
E,1647802200,0,0,66,11
E,1647802800,0,0,66,11
E,1647803400,0,0,66,11
E,1647804000,0,0,66,11
E,1647804600,0,0,66,11
E,1647805200,0,0,66,11
E,1647805800,0,0,66,11
E,1647806460,0,60,71,11
E,1647807060,0,0,66,11
E,1647807660,0,0,66,11
E,1647808260,0,0,66,11
E,1647808860,0,0,66,11
E,1647809460,0,0,66,11
E,1647810060,0,0,66,11
E,1647810660,0,0,65,11
E,1647811260,0,0,66,11
E,1647811860,0,0,66,11
E,1647812460,0,0,66,11
E,1647813060,0,0,66,11
E,1647813660,0,0,66,11
E,1647814260,0,0,66,11
E,1647814860,0,0,66,11
E,1647815460,0,0,65,11
E,1647816060,0,0,66,11
E,1647816660,0,0,66,11
E,1647817260,0,0,66,11
E,1647817860,0,0,66,11
E,1647818460,0,0,66,11
E,1647819060,0,0,66,11
E,1647819660,0,0,65,11
E,1647820260,0,0,66,11
E,1647820860,0,0,66,11
E,1647821460,0,0,66,11
E,1647822060,0,0,66,11
E,1647822660,0,0,66,11
E,1647823260,0,0,66,11
E,1647823860,0,0,66,11
E,1647824460,0,0,65,11
E,1647825060,0,0,66,11
E,1647825660,0,0,66,11
E,1647826260,0,0,66,11
E,1647826860,0,0,66,11
E,1647827460,0,0,66,11
E,1647828060,0,0,66,11
E,1647828660,0,0,65,11
E,1647829260,0,0,66,11
E,1647829860,0,0,66,11
E,1647830460,0,0,66,11
E,1647831060,0,0,66,11
E,1647831660,0,0,66,11
E,1647832260,0,0,66,11
E,1647832920,0,60,71,11
E,1647833520,0,0,66,11
E,1647834120,0,0,66,11
E,1647834720,0,0,66,11
E,1647835320,0,0,66,11
E,1647835920,0,0,66,11
E,1647836520,0,0,66,11
E,1647837120,0,0,66,11
E,1647837720,0,0,65,11
E,1647838320,0,0,66,11
E,1647838920,0,0,66,11
E,1647839520,0,0,66,11
E,1647840120,0,0,66,11
E,1647840720,0,0,66,11
E,1647841320,0,0,66,11
E,1647841920,0,0,65,11
E,1647842520,0,0,66,11
E,1647843120,0,0,66,11
E,1647843720,0,0,66,11
E,1647844320,0,0,66,11
E,1647844920,0,0,66,11
E,1647845520,0,0,66,11
E,1647846120,0,0,65,11
E,1647846720,0,0,66,11
E,1647847320,0,0,66,11
E,1647847920,0,0,66,11
E,1647848520,0,0,66,11
E,1647849120,0,0,66,11
E,1647849720,0,0,66,11
E,1647850320,0,0,66,11
E,1647850920,0,0,65,11
E,1647851520,0,0,66,11
E,1647852120,0,0,66,11
E,1647852720,0,0,66,11
E,1647853320,0,0,66,11
E,1647853920,0,0,66,11
E,1647854520,0,0,66,11
E,1647855120,0,0,65,11
E,1647855720,0,0,66,11
E,1647856320,0,0,66,11
E,1647856920,0,0,66,11
E,1647857520,0,0,66,11
E,1647858120,0,0,66,11
E,1647858720,0,0,66,11
E,1647859320,0,0,66,11
E,1647859980,0,60,71,11
E,1647860580,0,0,66,11
E,1647861180,0,0,66,11
E,1647861780,0,0,66,11
E,1647862380,0,0,66,11
E,1647862980,0,0,66,11
E,1647863580,0,0,66,11
E,1647864180,0,0,66,11
E,1647864780,0,0,65,11
E,1647865380,0,0,66,11
E,1647865980,0,0,66,11
E,1647866580,0,0,66,11
E,1647867180,0,0,66,11
E,1647867780,0,0,66,11
E,1647868380,0,0,66,11
E,1647868980,0,0,66,11
E,1647869580,0,0,65,11
E,1647870180,0,0,66,11
E,1647870780,0,0,66,11
E,1647871380,0,0,66,11
E,1647871980,0,0,66,11
E,1647872580,0,0,66,11
E,1647873180,0,0,66,11
E,1647873780,0,0,66,11
E,1647874380,0,0,66,11
E,1647874980,0,0,65,11
E,1647875580,0,0,65,11
E,1647876180,0,0,66,11
E,1647876780,0,0,66,11
E,1647877380,0,0,66,11
E,1647877980,0,0,66,11
E,1647878580,0,0,66,11
E,1647879180,0,0,66,11
E,1647879780,0,0,66,11
E,1647880380,0,0,65,13
E,1647880980,0,0,66,12
E,1647881580,0,0,66,11
E,1647882180,0,0,66,11
E,1647882780,0,0,66,12
E,1647883380,0,0,66,11
E,1647883980,0,0,66,11
E,1647884580,0,0,66,11
E,1647885180,0,0,66,11
E,1647885780,0,0,66,11
E,1647886380,0,0,65,14
E,1647886980,0,0,66,11
E,1647887580,0,0,66,11
E,1647888180,0,0,66,11
E,1647888780,0,0,66,11
E,1647889380,0,0,66,11
E,1647889980,0,0,66,11
E,1647890640,0,60,72,11
E,1647891240,0,0,66,11
E,1647891840,0,0,66,11
E,1647892440,0,0,66,11
E,1647893040,0,0,66,11
E,1647893640,0,0,66,11
E,1647894240,0,0,66,11
E,1647894840,0,0,66,11
E,1647895440,0,0,66,11
E,1647896040,0,0,65,11
E,1647896640,0,0,66,11
E,1647897240,0,0,66,11
E,1647897840,0,0,66,11
E,1647898440,0,0,66,11
E,1647899040,0,0,66,11
E,1647899640,0,0,66,11
E,1647900240,0,0,66,11
E,1647900840,0,0,65,11
E,1647901440,0,0,66,11
E,1647902040,0,0,66,11
E,1647902640,0,0,66,11
E,1647903240,0,0,66,11
E,1647903840,0,0,66,11
E,1647904440,0,0,66,11
E,1647905040,0,0,65,12
E,1647905640,0,0,65,11
E,1647906240,0,0,66,11
E,1647906840,0,0,66,11
E,1647907440,0,0,66,11
E,1647908040,0,0,66,11
E,1647908640,0,0,66,11
E,1647909240,0,0,66,11
E,1647909840,0,0,66,11
E,1647910440,0,0,66,11
E,1647911040,0,0,66,11
E,1647911640,0,0,66,11
E,1647912240,0,0,66,11
E,1647912840,0,0,66,11
E,1647913440,0,0,66,11
E,1647914040,0,0,66,11
E,1647914700,0,60,71,11
E,1647915300,0,0,66,11
E,1647915900,0,0,66,11
E,1647916500,0,0,66,11
E,1647917100,0,0,66,11
E,1647917700,0,0,66,11
E,1647918300,0,0,66,11
E,1647918900,0,0,65,11
E,1647919500,0,0,66,11
E,1647920100,0,0,66,11
E,1647920700,0,0,66,11
E,1647921300,0,0,66,11
E,1647921900,0,0,66,11
E,1647922500,0,0,66,11
E,1647923100,0,0,66,11
E,1647923700,0,0,65,11
E,1647924300,0,0,66,11
E,1647924900,0,0,66,11
E,1647925500,0,0,66,11
E,1647926100,0,0,66,11
E,1647926700,0,0,66,11
E,1647927300,0,0,66,11
E,1647927900,0,0,65,11
E,1647928500,0,0,66,11
E,1647929100,0,0,66,11
E,1647929700,0,0,66,11
E,1647930300,0,0,66,11
E,1647930900,0,0,66,11
E,1647931500,0,0,66,11
E,1647932100,0,0,65,11
E,1647932700,0,0,66,11
E,1647933300,0,0,66,11
E,1647933900,0,0,66,11
E,1647934500,0,0,66,11
E,1647935100,0,0,66,11
E,1647935700,0,0,66,11
E,1647936300,0,0,66,11
E,1647936900,0,0,65,11
E,1647937500,0,0,66,11
E,1647938100,0,0,66,11
E,1647938700,0,0,66,11
E,1647939300,0,0,66,11
E,1647939900,0,0,66,11
E,1647940500,0,0,66,11
E,1647941100,0,0,66,11
E,1647941760,0,60,71,13
E,1647942360,0,0,66,11
E,1647942960,0,0,66,11
E,1647943560,0,0,66,13
E,1647944160,0,0,66,11
E,1647944760,0,0,66,13
E,1647945360,0,0,66,11
E,1647945960,0,0,66,11
E,1647946560,0,0,66,11
E,1647947160,0,0,65,13
E,1647947760,0,0,66,11
E,1647948360,0,0,66,11
E,1647948960,0,0,66,11
E,1647949560,0,0,66,13
E,1647950160,0,0,66,11
E,1647950760,0,0,66,12
E,1647951360,0,0,66,11
E,1647951960,0,0,66,11
E,1647952560,0,0,65,11
E,1647953160,0,0,66,11
E,1647953760,0,0,66,11
E,1647954360,0,0,66,11
E,1647954960,0,0,66,11
E,1647955560,0,0,66,11
E,1647956160,0,0,66,11
E,1647956760,0,0,66,11
E,1647957360,0,0,66,11
E,1647957960,0,0,66,11
E,1647958560,0,0,66,13
E,1647959160,0,0,66,12
E,1647959760,0,0,66,14
E,1647960360,0,0,66,11
E,1647960960,0,0,66,11
E,1647961560,0,0,66,11
E,1647962160,0,0,66,11
E,1647962760,0,0,65,11
E,1647963360,0,0,66,11
E,1647963960,0,0,66,11
E,1647964560,0,0,66,11
E,1647965160,0,0,66,11
E,1647965760,0,0,66,11
E,1647966360,0,0,66,11
E,1647966960,0,0,66,11
E,1647967560,0,0,66,11
E,1647968160,0,0,66,11
E,1647968760,0,0,65,11
E,1647969360,0,0,66,11
E,1647969960,0,0,66,11
E,1647970560,0,0,66,11
E,1647971160,0,0,66,11
E,1647971760,0,0,66,11
E,1647972360,0,0,66,11
E,1647972960,0,0,66,11
E,1647973620,0,60,71,11
E,1647974220,0,0,66,11
E,1647974820,0,0,66,12
E,1647975420,0,0,66,12
E,1647976020,0,0,66,11
E,1647976620,0,0,66,11
E,1647977220,0,0,66,11
E,1647977820,0,0,66,11
E,1647978420,0,0,66,11
E,1647979020,0,0,65,11
E,1647979620,0,0,66,11
E,1647980220,0,0,66,11
E,1647980820,0,0,66,11
E,1647981420,0,0,66,11
E,1647982020,0,0,66,12
E,1647982620,0,0,66,11
E,1647983220,0,0,66,11
E,1647983820,0,0,65,11
E,1647984420,0,0,66,11
E,1647985020,0,0,66,11
E,1647985620,0,0,66,11
E,1647986220,0,0,66,11
E,1647986820,0,0,66,11
E,1647987420,0,0,66,11
E,1647988020,0,0,65,11
E,1647988620,0,0,65,11
E,1647989220,0,0,66,11
E,1647989820,0,0,66,11
E,1647990420,0,0,66,11
E,1647991020,0,0,66,11
E,1647991620,0,0,66,11
E,1647992220,0,0,66,11
E,1647992820,0,0,65,11
E,1647993420,0,0,66,11
E,1647994020,0,0,66,11
E,1647994620,0,0,66,11
E,1647995220,0,0,66,11
E,1647995820,0,0,66,11
E,1647996420,0,0,66,11
E,1647997020,0,0,66,11
E,1647997620,0,0,65,11
E,1647998220,0,0,66,11
E,1647998820,0,0,66,11
E,1647999420,0,0,66,11
E,1648000020,0,0,66,11
E,1648000620,0,0,66,11
E,1648001220,0,0,66,11
E,1648001820,0,0,66,11
E,1648002480,0,60,71,11
E,1648003080,0,0,66,11
E,1648003680,0,0,66,11
E,1648004280,0,0,66,11
E,1648004880,0,0,66,11
E,1648005480,0,0,66,11
E,1648006080,0,0,66,11
E,1648006680,0,0,65,11
E,1648007280,0,0,66,11
E,1648007880,0,0,66,11
E,1648008480,0,0,66,11
E,1648009080,0,0,66,11
E,1648009680,0,0,66,11
E,1648010280,0,0,66,11
E,1648010880,0,0,66,11
E,1648011480,0,0,65,11
E,1648012080,0,0,66,11
E,1648012680,0,0,66,12
E,1648013280,0,0,66,11
E,1648013880,0,0,66,11
E,1648014480,0,0,66,11
E,1648015080,0,0,66,11
E,1648015680,0,0,65,11
E,1648016280,0,0,66,11
E,1648016880,0,0,66,11
E,1648017480,0,0,66,11
E,1648018080,0,0,66,11
E,1648018680,0,0,66,11
E,1648019280,0,0,66,11
E,1648019880,0,0,65,11
E,1648020480,0,0,66,11
E,1648021080,0,0,66,11
E,1648021680,0,0,66,11
E,1648022280,0,0,66,11
E,1648022880,0,0,66,11
E,1648023480,0,0,66,11
E,1648024080,0,0,65,11
E,1648024680,0,0,65,11
E,1648025280,0,0,66,14
E,1648025880,0,0,66,11
E,1648026480,0,0,66,12
E,1648027080,0,0,66,11
E,1648027680,0,0,66,11
E,1648028280,0,0,66,11
E,1648028940,0,60,71,11
E,1648029540,0,0,66,11
E,1648030140,0,0,66,11
E,1648030740,0,0,66,11
E,1648031340,0,0,66,11
E,1648031940,0,0,66,11
E,1648032540,0,0,66,11
E,1648033140,0,0,66,12
E,1648033740,0,0,65,11
E,1648034340,0,0,65,11
E,1648034940,0,0,66,11
E,1648035540,0,0,66,12
E,1648036140,0,0,66,13
E,1648036740,0,0,66,15
E,1648037340,0,0,66,11
E,1648037940,0,0,66,11
E,1648038540,0,0,66,11
E,1648039140,0,0,65,11
E,1648039740,0,0,66,15
E,1648040340,0,0,66,13
E,1648040940,0,0,66,13
E,1648041540,0,0,66,16
E,1648042140,0,0,66,11
E,1648042740,0,0,66,14
E,1648043340,0,0,66,11
E,1648043940,0,0,66,12
E,1648044540,0,0,66,12
E,1648045140,0,0,66,12
E,1648045740,0,0,66,11
E,1648046340,0,0,66,12
E,1648046940,0,0,66,11
E,1648047540,0,0,66,14
E,1648048140,0,0,66,12
E,1648048740,0,0,66,11
E,1648049340,0,0,66,11
E,1648049940,0,0,65,11
E,1648050540,0,0,65,11
E,1648051140,0,0,66,11
E,1648051740,0,0,66,12
E,1648052340,0,0,66,11
E,1648052940,1,0,66,11
E,1648053540,1,0,66,11
E,1648054140,1,0,66,14
E,1648054740,0,0,66,12
E,1648055340,0,0,66,12
E,1648055940,0,0,65,14
E,1648056540,0,0,66,11
E,1648057140,0,0,66,11
E,1648057740,0,0,66,11
E,1648058340,1,0,66,11
E,1648058940,0,0,66,12
E,1648059540,0,0,66,12
E,1648060140,1,0,66,12
E,1648060740,1,0,66,12
E,1648061400,1,60,71,12
E,1648062000,1,0,66,14
E,1648062600,1,0,66,12
E,1648063200,1,0,66,11
E,1648063800,1,0,66,11
E,1648064400,1,0,66,11
E,1648065000,1,0,66,11
E,1648065600,1,0,66,11
E,1648066200,1,0,65,11
E,1648066800,1,0,65,11
E,1648067400,1,0,66,11
E,1648068000,1,0,66,11
E,1648068600,1,0,66,11
E,1648069200,1,0,66,11
E,1648069800,1,0,66,11
E,1648070400,1,0,66,11
E,1648071000,1,0,65,11
E,1648071600,1,0,65,11
E,1648072200,1,0,66,11
E,1648072800,1,0,66,11
E,1648073400,1,0,66,11
E,1648074000,1,0,66,11
E,1648074600,1,0,66,11
E,1648075200,1,0,66,11
E,1648075800,1,0,65,11
E,1648076400,1,0,66,11
E,1648077000,1,0,66,11
E,1648077600,1,0,66,11
E,1648078200,1,0,66,11
E,1648078800,1,0,66,11
E,1648079400,1,0,66,11
E,1648080000,1,0,66,11
E,1648080600,1,0,65,11
E,1648081200,1,0,66,11
E,1648081800,1,0,66,11
E,1648082400,1,0,66,11
E,1648083000,1,0,66,11
E,1648083600,1,0,66,11
E,1648084200,1,0,66,11
E,1648084800,1,0,65,12
E,1648085400,1,0,66,13
E,1648086000,1,0,66,11
E,1648086600,1,0,66,11
E,1648087200,1,0,66,11
E,1648087800,1,0,66,11
E,1648088400,1,0,66,11
E,1648089060,1,60,71,11
E,1648089660,1,0,66,12
E,1648090260,1,0,66,11
E,1648090860,1,0,66,11
E,1648091460,1,0,66,11
E,1648092060,1,0,66,11
E,1648092660,1,0,66,11
E,1648093260,1,0,66,11
E,1648093860,1,0,65,11
E,1648094460,1,0,66,12
E,1648095060,1,0,66,12
E,1648095660,1,0,66,11
E,1648096260,1,0,66,11
E,1648096860,1,0,66,11
E,1648097460,1,0,66,12
E,1648098060,1,0,65,11
E,1648098660,1,0,66,11
E,1648099260,1,0,66,11
E,1648099860,1,0,66,11
E,1648100460,1,0,66,11
E,1648101060,1,0,66,11
E,1648101660,1,0,66,11
E,1648102260,1,0,65,12
E,1648102860,1,0,65,11
E,1648103460,1,0,66,11
E,1648104060,1,0,66,11
E,1648104660,1,0,66,11
E,1648105260,1,0,66,11
E,1648105860,1,0,66,11
E,1648106460,1,0,66,11
E,1648107060,1,0,65,11
E,1648107660,1,0,66,11
E,1648108260,1,0,66,11
E,1648108860,1,0,66,11
E,1648109460,1,0,66,11
E,1648110060,1,0,66,11
E,1648110660,1,0,66,11
E,1648111320,1,60,72,11
E,1648111920,1,0,66,12
E,1648112520,1,0,66,12
E,1648113120,1,0,66,11
E,1648113720,1,0,66,11
E,1648114320,1,0,66,11
E,1648114920,1,0,66,11
E,1648115520,1,0,65,11
E,1648116120,1,0,65,11
E,1648116720,1,0,66,11
E,1648117320,1,0,66,12
E,1648117920,1,0,66,11
E,1648118520,1,0,66,11
E,1648119120,1,0,66,11
E,1648119720,1,0,66,11
E,1648120320,0,0,65,11
E,1648120920,0,0,65,11
E,1648121520,0,0,66,11
E,1648122120,1,0,66,11
E,1648122720,1,0,66,11
E,1648123320,0,0,66,11
E,1648123920,0,0,66,11
E,1648124520,0,0,66,12
E,1648125120,0,0,66,12
E,1648125720,0,0,65,12
E,1648126320,0,0,66,13
E,1648126920,0,0,66,12
E,1648127520,0,0,66,12
E,1648128120,0,0,66,11
E,1648128720,0,0,66,11
E,1648129320,0,0,66,11
E,1648129920,0,0,67,11
E,1648130520,0,0,65,11
E,1648131120,0,0,66,11
E,1648131720,0,0,66,11
E,1648132320,0,0,66,11
E,1648132920,0,0,66,11
E,1648133520,0,0,66,11
E,1648134120,0,0,66,11
E,1648134720,0,0,66,11
E,1648135380,0,60,71,11
E,1648135980,0,0,66,11
E,1648136580,0,0,66,11
E,1648137180,0,0,66,11
E,1648137780,0,0,66,11
E,1648138380,0,0,66,11
E,1648138980,0,0,66,11
E,1648139580,0,0,66,11
E,1648140180,0,0,66,11
E,1648140780,0,0,65,12
E,1648141380,0,0,66,11
E,1648141980,0,0,66,11
E,1648142580,0,0,66,11
E,1648143180,0,0,66,11
E,1648143780,0,0,66,11
E,1648144380,0,0,66,11
E,1648144980,0,0,66,11
E,1648145580,0,0,66,11
E,1648146180,0,0,65,11
E,1648146840,0,60,68,50
E,1648147440,0,0,66,11
E,1648148040,0,0,66,11
E,1648148640,0,0,66,11
E,1648149240,1,0,66,11
E,1648149840,0,0,66,11
E,1648150440,0,0,66,11
E,1648151040,0,0,65,11
E,1648151640,0,0,66,11
E,1648152240,0,0,66,11
E,1648152840,0,0,66,11
E,1648153440,0,0,66,11
E,1648154040,0,0,66,11
E,1648154640,0,0,66,11
E,1648155240,1,0,65,11
E,1648155840,1,0,66,11
E,1648156440,1,0,66,11
E,1648157040,1,0,66,12
E,1648157640,1,0,66,11
E,1648158240,1,0,66,11
E,1648158840,1,0,66,11
E,1648159440,1,0,66,11
E,1648160040,1,0,65,11
E,1648160640,1,0,66,11
E,1648161240,1,0,66,11
E,1648161840,1,0,66,11
E,1648162440,1,0,66,11
E,1648163040,1,0,66,11
E,1648163640,1,0,66,11
E,1648164240,1,0,65,11
E,1648164840,1,0,66,11
E,1648165440,1,0,66,11
E,1648166040,1,0,66,11
E,1648166640,1,0,66,11
E,1648167240,1,0,66,11
E,1648167840,1,0,66,11
E,1648168440,1,0,65,11
E,1648169040,1,0,66,11
E,1648169640,1,0,66,11
E,1648170240,1,0,66,11
E,1648170840,0,0,66,11
E,1648171440,0,0,66,11
E,1648172040,0,0,66,11
E,1648172640,0,0,66,11
E,1648173300,0,60,71,11
E,1648173900,0,0,66,11
E,1648174500,0,0,66,11
E,1648175100,0,0,66,11
E,1648175700,0,0,66,11
E,1648176300,0,0,66,11
E,1648176900,0,0,66,11
E,1648177500,0,0,65,11
E,1648178100,0,0,66,11
E,1648178700,0,0,66,11
E,1648179300,0,0,66,11
E,1648179900,0,0,66,11
E,1648180500,0,0,66,11
E,1648181100,0,0,66,11
E,1648181700,0,0,65,11
E,1648182300,0,0,66,11
E,1648182900,0,0,66,11
E,1648183500,0,0,66,11
E,1648184100,0,0,66,11
E,1648184700,0,0,66,11
E,1648185300,0,0,66,11
E,1648185900,0,0,65,11
E,1648186500,0,0,66,11
E,1648187100,0,0,66,11
E,1648187700,0,0,66,11
E,1648188300,0,0,66,11
E,1648188900,0,0,66,11
E,1648189500,0,0,66,11
E,1648190100,0,0,66,11
E,1648190700,0,0,65,11
E,1648191300,0,0,66,11
E,1648191900,0,0,66,11
E,1648192500,0,0,66,11
E,1648193100,0,0,66,11
E,1648193700,0,0,66,11
E,1648194300,0,0,66,11
E,1648194900,0,0,65,11
E,1648195500,0,0,66,11
E,1648196100,0,0,66,11
E,1648196700,0,0,66,11
E,1648197300,0,0,66,11
E,1648197900,0,0,66,11
E,1648198500,0,0,66,11
E,1648199160,0,60,71,11
E,1648199760,0,0,66,11
E,1648200360,0,0,66,11
E,1648200960,0,0,66,11
E,1648201560,0,0,66,11
E,1648202160,0,0,66,11
E,1648202760,0,0,66,11
E,1648203360,0,0,66,11
E,1648203960,0,0,65,11
E,1648204560,0,0,66,11
E,1648205160,0,0,66,11
E,1648205760,0,0,66,11
E,1648206360,0,0,66,11
E,1648206960,0,0,66,11
E,1648207560,0,0,66,11
E,1648208160,0,0,66,11
E,1648208760,0,0,65,11
E,1648209360,0,0,66,11
E,1648209960,0,0,66,11
E,1648210560,0,0,66,11
E,1648211160,0,0,66,11
E,1648211760,0,0,66,11
E,1648212360,0,0,66,11
E,1648212960,0,0,66,11
E,1648213560,0,0,66,11
E,1648214160,0,0,66,11
E,1648214760,0,0,65,11
E,1648215360,0,0,66,11
E,1648215960,0,0,66,11
E,1648216560,0,0,66,11
E,1648217160,0,0,66,13
E,1648217760,0,0,66,12
E,1648218360,0,0,66,12
E,1648218960,0,0,66,12
E,1648219560,0,0,65,12
E,1648220160,0,0,65,12
E,1648220760,0,0,66,12
E,1648221360,0,0,66,12
E,1648221960,0,0,66,11
E,1648222560,0,0,66,11
E,1648223160,0,0,66,13
E,1648223760,0,0,66,11
E,1648224360,0,0,66,12
E,1648224960,0,0,66,11
E,1648225560,0,0,65,11
E,1648226160,0,0,66,11
E,1648226760,0,0,66,11
E,1648227360,0,0,66,12
E,1648227960,0,0,66,11
E,1648228560,0,0,66,12
E,1648229160,0,0,66,13
E,1648229760,0,0,66,11
E,1648230360,0,0,66,13
E,1648231020,0,60,71,11
E,1648231620,0,0,66,11
E,1648232220,0,0,66,11
E,1648232820,0,0,66,12
E,1648233420,0,0,66,11
E,1648234020,0,0,66,11
E,1648234620,0,0,66,11
E,1648235220,0,0,66,11
E,1648235820,1,0,65,11
E,1648236420,1,0,66,11
E,1648237020,1,0,66,11
E,1648237620,1,0,66,11
E,1648238220,1,0,66,11
E,1648238820,1,0,66,11
E,1648239420,1,0,66,11
E,1648240020,1,0,66,11
E,1648240620,1,0,65,11
E,1648241220,1,0,66,11
E,1648241820,1,0,66,11
E,1648242420,1,0,66,11
E,1648243020,1,0,66,11
E,1648243620,1,0,66,11
E,1648244220,1,0,66,11
E,1648244820,1,0,66,11
E,1648245420,1,0,65,11
E,1648246020,1,0,65,11
E,1648246620,1,0,66,11
E,1648247220,1,0,66,11
E,1648247820,1,0,66,11
E,1648248420,1,0,66,11
E,1648249020,1,0,66,11
E,1648249620,1,0,66,11
E,1648250220,1,0,65,11
E,1648250820,1,0,66,11
E,1648251420,1,0,66,11
E,1648252020,1,0,66,11
E,1648252620,1,0,66,11
E,1648253220,1,0,66,11
E,1648253820,1,0,66,11
E,1648254420,1,0,66,12
E,1648255020,0,0,65,11
E,1648255620,0,0,66,11
E,1648256220,0,0,66,11
E,1648256820,1,0,66,11
E,1648257420,1,0,66,11
E,1648258020,1,0,66,12
E,1648258620,1,0,66,12
E,1648259220,1,0,66,11
E,1648259880,1,60,71,11
E,1648260480,1,0,66,12
E,1648261080,1,0,66,11
E,1648261680,1,0,66,11
E,1648262280,0,0,66,11
E,1648262880,0,0,66,11
E,1648263480,0,0,66,11
E,1648264080,0,0,65,11
E,1648264680,0,0,66,11
E,1648265280,0,0,66,11
E,1648265880,0,0,66,11
E,1648266480,0,0,66,11
E,1648267080,0,0,66,11
E,1648267680,0,0,66,11
E,1648268280,0,0,66,11
E,1648268880,0,0,65,11
E,1648269480,0,0,66,11
E,1648270080,0,0,66,11
E,1648270680,0,0,66,11
E,1648271280,0,0,66,11
E,1648271880,0,0,66,11
E,1648272480,0,0,66,11
E,1648273080,0,0,65,12
E,1648273680,0,0,65,11
E,1648274280,0,0,66,11
E,1648274880,0,0,66,11
E,1648275480,0,0,66,11
E,1648276080,0,0,66,11
E,1648276680,0,0,66,11
E,1648277280,1,0,65,11
E,1648277880,0,0,65,11
E,1648278480,0,0,66,11
E,1648279080,0,0,66,11
E,1648279680,0,0,66,11
E,1648280280,0,0,66,11
E,1648280880,0,0,66,11
E,1648281480,0,0,65,11
E,1648282080,0,0,65,11
E,1648282680,0,0,66,11
E,1648283280,0,0,66,11
E,1648283880,0,0,66,11
E,1648284480,0,0,66,11
E,1648285080,0,0,66,11
E,1648285680,0,0,66,11
E,1648286340,0,60,71,11
E,1648286940,0,0,66,11
E,1648287540,0,0,66,11
E,1648288140,0,0,66,14
E,1648288740,0,0,66,11
E,1648289340,0,0,66,11
E,1648289940,0,0,66,11
E,1648290540,0,0,65,11
E,1648291140,0,0,66,11
E,1648291740,0,0,66,11
E,1648292340,0,0,66,12
E,1648292940,0,0,66,11
E,1648293540,0,0,66,11
E,1648294140,0,0,66,11
E,1648294740,0,0,66,11
E,1648295340,0,0,65,11
E,1648295940,0,0,65,11
E,1648296540,0,0,66,11
E,1648297140,0,0,66,11
E,1648297740,0,0,66,11
E,1648298340,0,0,66,11
E,1648298940,0,0,66,11
E,1648299540,0,0,66,11
E,1648300140,0,0,66,12
E,1648300740,0,0,66,14
E,1648301340,0,0,66,11
E,1648301940,0,0,66,11
E,1648302540,0,0,66,14
E,1648303140,0,0,67,11
E,1648303740,0,0,66,11
E,1648304340,0,0,66,11
E,1648304940,0,0,66,11
E,1648305540,0,0,65,12
E,1648306140,0,0,66,12
E,1648306740,0,0,66,11
E,1648307340,0,0,66,11
E,1648307940,0,0,66,11
E,1648308540,0,0,66,11
E,1648309140,0,0,66,11
E,1648309740,0,0,66,11
E,1648310340,0,0,66,13
E,1648311000,0,60,71,12
E,1648311600,0,0,66,12
E,1648312200,0,0,66,11
E,1648312800,0,0,66,11
E,1648313400,0,0,66,11
E,1648314000,0,0,66,11
E,1648314600,0,0,66,11
E,1648315200,0,0,66,11
E,1648315800,0,0,65,11
E,1648316400,0,0,66,11
E,1648317000,0,0,66,11
E,1648317600,0,0,66,13
E,1648318200,0,0,66,11
E,1648318800,0,0,66,11
E,1648319400,1,0,66,12
E,1648320000,1,0,66,11
E,1648320600,1,0,65,11
E,1648321200,1,0,66,11
E,1648321800,1,0,66,11
E,1648322400,1,0,66,11
E,1648323000,1,0,66,11
E,1648323600,1,0,66,11
E,1648324200,1,0,66,11
E,1648324800,1,0,66,12
E,1648325400,1,0,65,12
E,1648326000,1,0,66,11
E,1648326600,1,0,66,11
E,1648327200,1,0,66,11
E,1648327800,1,0,66,11
E,1648328400,1,0,66,11
E,1648329000,1,0,66,11
E,1648329600,1,0,66,11
E,1648330200,1,0,65,11
E,1648330800,1,0,66,11
E,1648331400,1,0,66,11
E,1648332000,1,0,66,11
E,1648332600,1,0,66,11
E,1648333200,1,0,66,11
E,1648333800,1,0,66,11
E,1648334400,1,0,66,11
E,1648335000,1,0,65,11
E,1648335600,1,0,66,11
E,1648336200,1,0,66,11
E,1648336800,1,0,66,13
E,1648337400,1,0,66,11
E,1648338000,1,0,66,11
E,1648338600,1,0,66,11
E,1648339200,1,0,66,11
E,1648339860,1,60,71,11
E,1648340460,1,0,66,11
E,1648341060,1,0,66,11
E,1648341660,1,0,66,11
E,1648342260,1,0,66,12
E,1648342860,1,0,66,11
E,1648343460,1,0,66,11
E,1648344060,1,0,66,11
E,1648344660,1,0,65,11
E,1648345260,1,0,66,11
E,1648345860,1,0,66,11
E,1648346460,1,0,66,11
E,1648347060,1,0,66,11
E,1648347660,1,0,66,11
E,1648348260,1,0,66,11
E,1648348860,1,0,65,11
E,1648349460,1,0,66,11
E,1648350060,1,0,66,11
E,1648350660,1,0,66,11
E,1648351260,1,0,66,11
E,1648351860,1,0,66,11
E,1648352460,1,0,66,11
E,1648353060,1,0,66,11
E,1648353660,1,0,65,11
E,1648354260,1,0,66,11
E,1648354860,1,0,66,11
E,1648355460,1,0,66,11
E,1648356060,1,0,66,11
E,1648356660,1,0,66,11
E,1648357260,1,0,66,11
E,1648357860,1,0,65,11
E,1648358460,1,0,66,11
E,1648359060,1,0,66,11
E,1648359660,1,0,66,11
E,1648360260,1,0,66,11
E,1648360860,1,0,66,11
E,1648361460,0,0,66,11
E,1648362060,0,0,65,11
E,1648362660,0,0,66,11
E,1648363260,0,0,66,11
E,1648363860,0,0,66,11
E,1648364460,0,0,66,12
E,1648365060,0,0,66,12
E,1648365660,0,0,66,11
E,1648366320,0,60,71,11
E,1648366920,0,0,66,11
E,1648367520,0,0,66,11
E,1648368120,0,0,66,11
E,1648368720,0,0,66,11
E,1648369320,0,0,66,11
E,1648369920,0,0,66,12
E,1648370520,0,0,65,11
E,1648371120,0,0,65,11
E,1648371720,0,0,66,11
E,1648372320,0,0,66,11
E,1648372920,0,0,66,11
E,1648373520,0,0,66,11
E,1648374120,0,0,66,13
E,1648374720,0,0,66,11
E,1648375320,0,0,65,11
E,1648375920,0,0,66,11
E,1648376520,0,0,66,11
E,1648377120,0,0,66,11
E,1648377720,0,0,66,11
E,1648378320,0,0,66,11
E,1648378920,0,0,66,11
E,1648379520,0,0,65,11
E,1648380120,0,0,66,11
E,1648380720,0,0,66,11
E,1648381320,0,0,66,11
E,1648381920,0,0,66,11
E,1648382520,0,0,66,11
E,1648383120,0,0,66,11
E,1648383720,0,0,66,11
E,1648384320,0,0,65,11
E,1648384920,0,0,66,11
E,1648385520,0,0,66,11
E,1648386120,0,0,66,11
E,1648386720,0,0,66,11
E,1648387320,0,0,66,11
E,1648387920,0,0,66,11
E,1648388520,0,0,66,11
E,1648389120,0,0,65,11
E,1648389720,0,0,66,11
E,1648390320,0,0,66,11
E,1648390920,0,0,66,11
E,1648391520,0,0,66,11
E,1648392120,0,0,66,11
E,1648392720,0,0,66,11
E,1648393380,0,60,71,11
E,1648393980,0,0,66,11
E,1648394580,0,0,66,11
E,1648395180,0,0,66,11
E,1648395780,0,0,66,11
E,1648396380,0,0,66,11
E,1648396980,0,0,66,11
E,1648397580,0,0,66,11
E,1648398180,0,0,65,11
E,1648398780,0,0,66,11
E,1648399380,0,0,66,11
E,1648399980,0,0,66,11
E,1648400580,1,0,66,11
E,1648401180,0,0,66,11
E,1648401780,0,0,66,11
E,1648402380,0,0,65,11
E,1648402980,0,0,65,11
E,1648403580,0,0,66,11
E,1648404180,0,0,66,11
E,1648404780,0,0,66,11
E,1648405380,0,0,66,11
E,1648405980,1,0,66,11
E,1648406580,1,0,66,11
E,1648407180,0,0,65,11
E,1648407780,0,0,66,11
E,1648408380,0,0,66,11
E,1648408980,0,0,66,12
E,1648409580,0,0,66,11
E,1648410180,0,0,66,11
E,1648410780,0,0,66,11
E,1648411380,0,0,66,11
E,1648411980,0,0,65,11
E,1648412580,0,0,66,11
E,1648413180,0,0,66,11
E,1648413780,0,0,66,11
E,1648414380,0,0,66,11
E,1648414980,0,0,66,11
E,1648415580,0,0,66,12
E,1648416180,0,0,65,11
E,1648416780,0,0,66,11
E,1648417380,0,0,66,11
E,1648417980,0,0,66,11
E,1648418580,0,0,66,11
E,1648419180,0,0,66,11
E,1648419780,0,0,66,12
E,1648420380,0,0,66,11
E,1648421040,0,60,71,11
E,1648421640,0,0,66,11
E,1648422240,0,0,66,11
E,1648422840,0,0,66,11
E,1648423440,0,0,66,12
E,1648424040,0,0,66,11
E,1648424640,0,0,66,11
E,1648425240,0,0,65,11
E,1648425840,0,0,66,11
E,1648426440,0,0,66,11
E,1648427040,0,0,66,11
E,1648427640,0,0,66,11
E,1648428240,0,0,66,11
E,1648428840,0,0,66,11
E,1648429440,0,0,65,11
E,1648430040,0,0,65,11
E,1648430640,0,0,66,11
E,1648431240,0,0,66,11
E,1648431840,0,0,66,11
E,1648432440,0,0,66,11
E,1648433040,0,0,66,12
E,1648433640,0,0,66,11
E,1648434240,0,0,65,11
E,1648434840,0,0,66,11
E,1648435440,0,0,66,11
E,1648436040,0,0,66,11
E,1648436640,0,0,66,11
E,1648437240,0,0,66,11
E,1648437840,0,0,66,11
E,1648438440,0,0,65,11
E,1648439040,0,0,66,11
E,1648439640,0,0,66,11
E,1648440240,0,0,66,11
E,1648440840,0,0,66,11
E,1648441440,0,0,66,11
E,1648442040,0,0,66,11
E,1648442640,0,0,65,11
E,1648443240,0,0,66,11
E,1648443840,0,0,66,11
E,1648444440,0,0,66,11
E,1648445040,0,0,66,11
E,1648445640,0,0,66,11
E,1648446240,0,0,66,11
E,1648446900,0,60,71,11
E,1648447500,0,0,66,11
E,1648448100,0,0,66,11
E,1648448700,0,0,66,11
E,1648449300,0,0,66,11
E,1648449900,0,0,66,11
E,1648450500,0,0,66,11
E,1648451100,0,0,65,11
E,1648451700,0,0,66,11
E,1648452300,0,0,66,11
E,1648452900,0,0,66,11
E,1648453500,0,0,66,11
E,1648454100,0,0,66,11
E,1648454700,0,0,66,11
E,1648455300,0,0,66,11
E,1648455900,0,0,65,11
E,1648456500,0,0,66,11
E,1648457100,0,0,66,11
E,1648457700,0,0,66,11
E,1648458300,0,0,66,11
E,1648458900,0,0,66,11
E,1648459500,0,0,66,11
E,1648460100,0,0,65,11
E,1648460700,0,0,66,11
E,1648461300,0,0,66,11
E,1648461900,0,0,66,11
E,1648462500,0,0,66,11
E,1648463100,0,0,66,11
E,1648463700,0,0,66,11
E,1648464300,0,0,66,11
E,1648464900,0,0,66,13
E,1648465500,0,0,65,13
E,1648466100,0,0,66,11
E,1648466700,0,0,66,11
E,1648467300,0,0,67,11
E,1648467900,0,0,66,12
E,1648468500,0,0,66,11
E,1648469100,0,0,66,11
E,1648469700,0,0,66,13
E,1648470300,0,0,66,11
E,1648470900,0,0,65,12
E,1648471500,0,0,66,11
E,1648472100,0,0,66,11
E,1648472700,0,0,66,11
E,1648473300,0,0,66,12
E,1648473900,0,0,66,11
E,1648474500,0,0,66,11
E,1648475100,0,0,66,11
E,1648475700,0,0,66,11
E,1648476360,0,60,71,13
E,1648476960,0,0,66,11
E,1648477560,0,0,66,13
E,1648478160,0,0,66,11
E,1648478760,0,0,66,11
E,1648479360,0,0,66,12
E,1648479960,0,0,66,11
E,1648480560,0,0,66,13
E,1648481160,0,0,66,13
E,1648481760,0,0,65,11
E,1648482360,0,0,66,11
E,1648482960,0,0,66,11
E,1648483560,0,0,66,11
E,1648484160,0,0,66,11
E,1648484760,0,0,66,11
E,1648485360,0,0,66,11
E,1648485960,0,0,66,11
E,1648486560,0,0,66,11
E,1648487160,0,0,65,11
E,1648487760,0,0,65,12
E,1648488360,0,0,66,11
E,1648488960,0,0,66,12
E,1648489560,0,0,66,11
E,1648490160,0,0,66,11
E,1648490760,0,0,66,11
E,1648491360,0,0,66,11
E,1648491960,0,0,65,11
E,1648492560,0,0,66,11
E,1648493160,0,0,66,11
E,1648493760,0,0,66,12
E,1648494360,0,0,66,11
E,1648494960,0,0,66,11
E,1648495560,0,0,66,11
E,1648496160,0,0,66,11
E,1648496760,0,0,65,12
E,1648497360,0,0,66,11
E,1648497960,0,0,66,11
E,1648498560,0,0,66,11
E,1648499160,0,0,66,11
E,1648499760,0,0,66,11
E,1648500360,0,0,66,11
E,1648500960,0,0,66,11
E,1648501560,0,0,65,11
E,1648502160,0,0,66,11
E,1648502760,0,0,66,11
E,1648503360,0,0,66,11
E,1648503960,0,0,66,11
E,1648504560,0,0,66,11
E,1648505160,0,0,66,11
E,1648505820,0,60,71,11
E,1648506420,0,0,66,11
E,1648507020,0,0,66,11
E,1648507620,0,0,66,11
E,1648508220,0,0,66,11
E,1648508820,0,0,66,11
E,1648509420,0,0,66,11
E,1648510020,0,0,66,11
E,1648510620,0,0,65,11
E,1648511220,0,0,66,11
E,1648511820,0,0,66,11
E,1648512420,0,0,66,11
E,1648513020,0,0,66,11
E,1648513620,0,0,66,11
E,1648514220,0,0,66,11
E,1648514820,0,0,65,11
E,1648515420,0,0,65,11
E,1648516020,0,0,66,11
E,1648516620,0,0,66,11
E,1648517220,0,0,66,11
E,1648517820,0,0,66,11
E,1648518420,0,0,66,11
E,1648519020,0,0,66,11
E,1648519620,0,0,65,11
E,1648520220,0,0,66,11
E,1648520820,0,0,66,11
E,1648521420,0,0,66,11
E,1648522020,0,0,66,11
E,1648522620,0,0,66,12
E,1648523220,0,0,66,12
E,1648523820,0,0,65,11
E,1648524420,0,0,66,11
E,1648525020,0,0,66,11
E,1648525620,0,0,66,11
E,1648526220,0,0,66,11
E,1648526820,0,0,66,11
E,1648527420,0,0,66,11
E,1648528020,0,0,65,11
E,1648528620,0,0,66,11
E,1648529220,0,0,66,11
E,1648529820,0,0,66,11
E,1648530420,0,0,66,11
E,1648531020,0,0,66,11
E,1648531620,0,0,66,11
E,1648532280,0,60,71,11
E,1648532880,0,0,66,11
E,1648533480,0,0,66,11
E,1648534080,0,0,66,11
E,1648534680,0,0,66,11
E,1648535280,0,0,66,11
E,1648535880,0,0,66,11
E,1648536480,0,0,65,11
E,1648537080,0,0,65,11
E,1648537680,0,0,66,11
E,1648538280,0,0,66,11
E,1648538880,0,0,66,11
E,1648539480,0,0,66,11
E,1648540080,0,0,66,11
E,1648540680,0,0,66,11
E,1648541280,0,0,65,11
E,1648541880,0,0,66,11
E,1648542480,0,0,66,11
E,1648543080,0,0,66,11
E,1648543680,0,0,66,11
E,1648544280,0,0,66,11
E,1648544880,0,0,66,11
E,1648545480,0,0,66,11
E,1648546080,0,0,65,11
E,1648546680,0,0,66,11
E,1648547280,0,0,66,12
E,1648547880,0,0,66,12
E,1648548480,0,0,66,11
E,1648549080,0,0,66,11
E,1648549680,0,0,66,11
E,1648550280,0,0,66,11
E,1648550880,0,0,66,11
E,1648551480,0,0,65,11
E,1648552080,0,0,66,11
E,1648552680,0,0,66,11
E,1648553280,0,0,66,11
E,1648553880,0,0,66,11
E,1648554480,0,0,66,11
E,1648555080,0,0,66,11
E,1648555680,0,0,66,11
E,1648556280,0,0,65,11
E,1648556880,0,0,66,11
E,1648557480,0,0,66,11
E,1648558080,0,0,66,12
E,1648558680,0,0,66,12
E,1648559280,0,0,66,13
E,1648559880,0,0,66,11
E,1648560480,0,0,66,11
E,1648561140,0,60,71,11
E,1648561740,0,0,66,11
E,1648562340,0,0,66,11
E,1648562940,0,0,66,11
E,1648563540,0,0,66,11
E,1648564140,0,0,66,11
E,1648564740,0,0,66,11
E,1648565340,0,0,66,13
E,1648565940,0,0,65,11
E,1648566540,0,0,65,11
E,1648567140,0,0,66,11
E,1648567740,0,0,66,16
E,1648568340,0,0,66,11
E,1648568940,0,0,66,14
E,1648569540,0,0,66,11
E,1648570140,0,0,66,11
E,1648570740,0,0,66,12
E,1648571340,0,0,65,11
E,1648571940,0,0,66,11
E,1648572540,0,0,66,11
E,1648573140,0,0,66,11
E,1648573740,0,0,66,11
E,1648574340,0,0,66,13
E,1648574940,0,0,66,11
E,1648575540,0,0,66,11
E,1648576140,0,0,65,12
E,1648576740,0,0,66,11
E,1648577340,0,0,66,13
E,1648577940,0,0,66,11
E,1648578540,0,0,66,11
E,1648579140,0,0,66,11
E,1648579740,0,0,66,12
E,1648580340,0,0,65,11
E,1648580940,0,0,66,11
E,1648581540,0,0,66,11
E,1648582140,0,0,66,11
E,1648582740,0,0,66,11
E,1648583340,0,0,66,13
E,1648583940,0,0,66,13
E,1648584540,0,0,66,12
E,1648585140,0,0,65,11
E,1648585740,0,0,66,11
E,1648586340,0,0,66,17
E,1648586940,0,0,66,12
E,1648587540,0,0,66,11
E,1648588140,0,0,66,13
E,1648588740,0,0,66,11
E,1648589400,0,60,71,11
E,1648590000,0,0,66,11
E,1648590600,0,0,66,11
E,1648591200,0,0,66,11
E,1648591800,0,0,66,11
E,1648592400,0,0,66,12
E,1648593000,0,0,66,14
E,1648593600,0,0,66,11
E,1648594200,0,0,65,11
E,1648594800,0,0,66,14
E,1648595400,0,0,66,12
E,1648596000,0,0,66,12
E,1648596600,0,0,66,11
E,1648597200,0,0,66,14
E,1648597800,0,0,66,12
E,1648598400,0,0,65,13
E,1648599000,0,0,66,12
E,1648599600,0,0,66,11
E,1648600200,0,0,66,12
E,1648600800,0,0,66,12
E,1648601400,0,0,66,13
E,1648602000,0,0,66,12
E,1648602600,0,0,65,11
E,1648603200,0,0,65,11
E,1648603800,0,0,66,11
E,1648604400,0,0,66,11
E,1648605000,0,0,66,11
E,1648605600,0,0,66,11
E,1648606200,0,0,66,11
E,1648606800,0,0,66,11
E,1648607400,0,0,65,11
E,1648608000,0,0,66,12
E,1648608600,0,0,66,12
E,1648609200,0,0,66,13
E,1648609800,0,0,66,12
E,1648610400,0,0,66,13
E,1648611000,0,0,66,12
E,1648611600,0,0,65,13
E,1648612200,0,0,66,11
E,1648612800,0,0,66,14
E,1648613400,0,0,66,12
E,1648614000,0,0,66,11
E,1648614600,0,0,66,11
E,1648615200,0,0,66,16
E,1648615800,0,0,66,14
E,1648616460,0,60,71,13
E,1648617060,0,0,66,11
E,1648617660,0,0,66,12
E,1648618260,0,0,66,11
E,1648618860,0,0,66,14
E,1648619460,0,0,66,11
E,1648620060,0,0,65,11
E,1648620660,0,0,65,11
E,1648621260,0,0,66,11
E,1648621860,0,0,66,11
E,1648622460,0,0,66,13
E,1648623060,0,0,66,13
E,1648623660,0,0,66,11
E,1648624260,0,0,66,11
E,1648624860,0,0,65,11
E,1648625460,0,0,66,14
E,1648626060,0,0,66,13
E,1648626660,0,0,66,11
E,1648627260,0,0,66,11
E,1648627860,0,0,66,11
E,1648628460,0,0,66,11
E,1648629060,0,0,66,11
E,1648629660,0,0,65,12
E,1648630260,0,0,66,11
E,1648630860,0,0,66,11
E,1648631460,0,0,66,11
E,1648632060,0,0,66,13
E,1648632660,0,0,66,13
E,1648633260,0,0,66,12
E,1648633860,0,0,65,12
E,1648634460,0,0,65,11
E,1648635060,0,0,66,11
E,1648635660,0,0,66,11
E,1648636260,0,0,66,11
E,1648636860,0,0,66,11
E,1648637460,0,0,66,11
E,1648638060,0,0,66,12
E,1648638660,0,0,66,11
E,1648639260,0,0,66,11
E,1648639860,0,0,65,11
E,1648640460,0,0,66,11
E,1648641060,0,0,66,12
E,1648641660,0,0,66,12
E,1648642260,0,0,66,11
E,1648642860,0,0,66,13
E,1648643460,0,0,66,13
E,1648644060,0,0,66,12
E,1648644720,0,60,71,11
E,1648645320,0,0,66,11
E,1648645920,0,0,66,11
E,1648646520,0,0,66,11
E,1648647120,0,0,66,12
E,1648647720,0,0,66,11
E,1648648320,0,0,66,13
E,1648648920,0,0,66,11
E,1648649520,0,0,66,11
E,1648650120,0,0,65,13
E,1648650720,0,0,66,13
E,1648651320,0,0,66,11
E,1648651920,0,0,66,11
E,1648652520,0,0,66,11
E,1648653120,0,0,66,13
E,1648653720,0,0,66,15
E,1648654320,0,0,66,11
E,1648654920,0,0,65,11
E,1648655520,0,0,66,11
E,1648656120,0,0,66,11
E,1648656720,0,0,66,11
E,1648657320,0,0,66,12
E,1648657920,0,0,66,13
E,1648658520,0,0,66,12
E,1648659120,0,0,66,13
E,1648659720,0,0,65,11
E,1648660320,0,0,66,11
E,1648660920,0,0,66,11
E,1648661520,0,0,66,11
E,1648662120,0,0,66,11
E,1648662720,0,0,66,13
E,1648663320,0,0,66,12
E,1648663920,0,0,66,11
E,1648664520,0,0,65,11
E,1648665120,0,0,66,12
E,1648665720,0,0,66,11
E,1648666320,0,0,66,13
E,1648666920,0,0,66,11
E,1648667520,0,0,65,11
E,1648671780,0,3660,69,3639
E,1648672380,0,0,66,11
E,1648672980,0,0,65,11
E,1648673580,0,0,66,11
E,1648674180,0,0,66,11
E,1648674780,0,0,66,11
E,1648675380,0,0,66,11
E,1648675980,0,0,66,12
E,1648676580,0,0,66,11
E,1648677180,0,0,66,11
E,1648677780,0,0,65,11
E,1648678380,0,0,66,11
E,1648678980,0,0,66,12
E,1648679580,0,0,66,12
E,1648680180,0,0,66,11
E,1648680780,0,0,66,11
E,1648681380,0,0,66,11
E,1648681980,0,0,65,11
E,1648682580,0,0,66,11
E,1648683180,0,0,66,11
E,1648683780,0,0,66,11
E,1648684380,0,0,66,11
E,1648684980,0,0,66,13
E,1648685580,0,0,66,11
E,1648686180,0,0,65,11
E,1648686780,0,0,65,11
E,1648687380,0,0,66,11
E,1648687980,0,0,66,12
E,1648688580,0,0,66,12
E,1648689180,0,0,66,12
E,1648689780,0,0,66,11
E,1648690380,0,0,66,11
E,1648691040,0,60,71,11
E,1648691640,0,0,66,13
E,1648692240,0,0,66,13
E,1648692840,0,0,66,11
E,1648693440,0,0,66,11
E,1648694040,0,0,66,11
E,1648694640,0,0,66,11
E,1648695240,0,0,65,11
E,1648695840,0,0,66,11
E,1648696440,0,0,66,11
E,1648697040,0,0,66,11
E,1648697640,0,0,66,14
E,1648698240,0,0,66,12
E,1648698840,0,0,66,11
E,1648699440,0,0,65,11
E,1648700040,0,0,66,11
E,1648700640,0,0,66,11
E,1648701240,0,0,66,11
E,1648701840,0,0,66,11
E,1648702440,0,0,66,11
E,1648703040,0,0,66,13
E,1648703640,0,0,65,11
E,1648704240,0,0,65,11
E,1648704840,0,0,66,12
E,1648705440,0,0,66,11
E,1648706040,0,0,66,11
E,1648706640,0,0,66,11
E,1648707240,0,0,66,11
E,1648707840,0,0,66,11
E,1648708440,0,0,65,11
E,1648709040,0,0,66,11
E,1648709640,0,0,66,11
E,1648710240,0,0,66,11
E,1648710840,0,0,66,11
E,1648711440,0,0,66,11
E,1648712040,0,0,66,11
E,1648712640,0,0,65,12
E,1648713240,0,0,66,12
E,1648713840,0,0,66,13
E,1648714440,0,0,66,13
E,1648715040,0,0,66,12
E,1648715640,0,0,66,11
E,1648716240,0,0,66,12
E,1648716840,0,0,66,11
E,1648717500,0,60,71,13
E,1648718100,0,0,66,11
E,1648718700,0,0,66,12
E,1648719300,0,0,66,11
E,1648719900,0,0,66,11
E,1648720500,0,0,66,11
E,1648721100,0,0,66,11
E,1648721700,0,0,66,11
E,1648722300,0,0,65,11
E,1648722900,0,0,66,11
E,1648723500,0,0,66,12
E,1648724100,0,0,66,11
E,1648724700,0,0,66,11
E,1648725300,0,0,66,11
E,1648725900,0,0,66,11
E,1648726500,0,0,66,12
E,1648727100,0,0,65,12
E,1648727700,0,0,66,11
E,1648728300,0,0,66,11
E,1648728900,0,0,66,11
E,1648729500,0,0,66,11
E,1648730100,0,0,66,11
E,1648730700,0,0,66,11
E,1648731300,0,0,66,11
E,1648731900,0,0,65,11
E,1648732500,0,0,66,11
E,1648733100,0,0,66,11
E,1648733700,0,0,66,12
E,1648734300,0,0,66,11
E,1648734900,0,0,66,11
E,1648735500,0,0,66,11
E,1648736100,0,0,66,11
E,1648736700,0,0,66,12
E,1648737300,0,0,65,11
E,1648737900,0,0,66,11
E,1648738500,0,0,66,11
E,1648739100,0,0,66,12
E,1648739700,0,0,66,13
E,1648740300,0,0,66,11
E,1648740900,0,0,66,11
E,1648741500,0,0,66,11
E,1648742100,0,0,65,11
E,1648742700,0,0,66,11
E,1648743300,0,0,66,11
E,1648743900,0,0,66,13
E,1648744500,0,0,66,11
E,1648745100,0,0,66,11
E,1648745700,1,0,66,11
E,1648746300,0,0,66,12
E,1648746960,0,60,71,12
E,1648747560,0,0,66,12
E,1648748160,0,0,66,12
E,1648748760,0,0,66,12
E,1648749360,0,0,66,11
E,1648749960,0,0,66,12
E,1648750560,0,0,66,11
E,1648751160,0,0,65,11
E,1648751760,0,0,66,12
E,1648752360,0,0,66,12
E,1648752960,0,0,66,11
E,1648753560,0,0,66,11
E,1648754160,0,0,66,15
E,1648754760,0,0,66,11
E,1648755360,0,0,66,11
E,1648755960,0,0,66,12
E,1648756560,0,0,66,13
E,1648757160,0,0,66,13
E,1648757760,0,0,66,12
E,1648758360,0,0,66,13
E,1648758960,0,0,66,11
E,1648759560,0,0,66,11
E,1648760160,0,0,66,13
E,1648760760,0,0,66,12
E,1648761360,0,0,66,12
E,1648761960,0,0,66,12
E,1648762560,0,0,66,12
E,1648763160,0,0,66,12
E,1648763760,0,0,66,12
E,1648764360,0,0,65,14
E,1648764960,0,0,66,11
E,1648765560,0,0,66,12
E,1648766160,0,0,66,12
E,1648766760,0,0,66,11
E,1648767360,0,0,66,11
E,1648767960,0,0,66,11
E,1648768560,0,0,65,12
E,1648769160,0,0,65,15
E,1648769760,0,0,66,11
E,1648770360,0,0,66,14
E,1648770960,0,0,66,11
F,1647715680,0,0,66,14
F,1647716280,0,0,66,13
F,1647716880,0,0,66,11
F,1647717480,0,0,66,11
F,1647718080,0,0,66,13
F,1647718680,0,0,65,13
F,1647719280,0,0,66,13
F,1647719880,0,0,66,11
F,1647720480,0,0,66,11
F,1647721080,0,0,66,13
F,1647721680,0,0,66,11
F,1647722280,0,0,66,12
F,1647722880,0,0,65,13
F,1647723480,0,0,65,12
F,1647724080,0,0,66,12
F,1647724680,0,0,66,11
F,1647725280,0,0,66,13
F,1647725880,0,0,66,11
F,1647726480,0,0,66,13
F,1647727080,0,0,66,11
F,1647727680,0,0,65,11
F,1647728280,0,0,66,11
F,1647728880,0,0,66,15
F,1647729480,0,0,66,12
F,1647730080,0,0,66,12
F,1647730680,0,0,66,14
F,1647731280,0,0,66,12
F,1647731880,0,0,66,12
F,1647732540,0,60,71,11
F,1647733140,0,0,66,13
F,1647733740,0,0,66,11
F,1647734340,0,0,66,11
F,1647734940,0,0,66,12
F,1647735540,0,0,66,11
F,1647736140,0,0,66,12
F,1647736740,0,0,65,12
F,1647737340,0,0,65,11
F,1647737940,0,0,66,11
F,1647738540,0,0,66,12
F,1647739140,0,0,66,13
F,1647739740,0,0,66,12
F,1647740340,0,0,66,12
F,1647740940,0,0,66,14
F,1647741540,0,0,65,11
F,1647742140,0,0,65,11
F,1647742740,0,0,66,11
F,1647743340,0,0,66,11
F,1647743940,0,0,66,11
F,1647744540,0,0,66,12
F,1647745140,0,0,66,12
F,1647745740,0,0,65,11
F,1647746340,0,0,65,11
F,1647746940,0,0,66,11
F,1647747540,0,0,66,11
F,1647748140,0,0,66,11
F,1647748740,0,0,66,12
F,1647749340,0,0,66,11
F,1647749940,0,0,66,11
F,1647750540,0,0,65,11
F,1647751140,0,0,66,11
F,1647751740,0,0,66,11
F,1647752340,0,0,66,11
F,1647752940,0,0,66,13
F,1647753540,0,0,66,12
F,1647754140,0,0,66,11
F,1647754740,0,0,66,11
F,1647755340,0,0,65,11
F,1647755940,0,0,66,11
F,1647756540,0,0,66,11
F,1647757140,0,0,66,13
F,1647757740,0,0,66,11
F,1647758340,0,0,66,13
F,1647758940,0,0,66,11
F,1647759600,0,60,71,11
F,1647760200,0,0,66,11
F,1647760800,0,0,66,11
F,1647761400,0,0,66,12
F,1647762000,0,0,66,11
F,1647762600,0,0,66,11
F,1647763200,0,0,66,11
F,1647763800,0,0,65,11
F,1647764400,0,0,66,12
F,1647765000,0,0,66,11
F,1647765600,0,0,66,11
F,1647766200,0,0,66,11
F,1647766800,0,0,66,11
F,1647767400,0,0,66,11
F,1647768000,0,0,66,11
F,1647768600,0,0,65,11
F,1647769200,0,0,66,11
F,1647769800,0,0,66,11
F,1647770400,0,0,66,11
F,1647771000,0,0,66,13
F,1647771600,0,0,66,11
F,1647772200,0,0,66,11
F,1647772800,0,0,65,11
F,1647773400,0,0,66,11
F,1647774000,0,0,66,11
F,1647774600,0,0,66,11
F,1647775200,0,0,66,11
F,1647775800,0,0,66,11
F,1647776400,0,0,66,12
F,1647777000,0,0,65,11
F,1647777600,0,0,66,12
F,1647778200,0,0,66,11
F,1647778800,0,0,66,13
F,1647779400,0,0,66,11
F,1647780000,0,0,66,12
F,1647780600,0,0,66,13
F,1647781200,0,0,66,11
F,1647781800,0,0,65,14
F,1647782400,0,0,66,11
F,1647783000,0,0,66,14
F,1647783600,0,0,66,12
F,1647784200,0,0,66,11
F,1647784800,0,0,66,11
F,1647785400,0,0,66,11
F,1647786000,0,0,66,13
F,1647786660,0,60,72,12
F,1647787260,0,0,66,13
F,1647787860,0,0,66,17
F,1647788460,0,0,66,12
F,1647789060,0,0,66,11
F,1647789660,0,0,66,11
F,1647790260,0,0,66,11
F,1647790860,0,0,66,11
F,1647791460,0,0,65,13
F,1647792060,0,0,66,11
F,1647792660,0,0,66,11
F,1647793260,0,0,66,11
F,1647793860,0,0,66,11
F,1647794460,0,0,66,11
F,1647795060,0,0,66,13
F,1647795660,0,0,65,12
F,1647796260,0,0,65,12
F,1647796860,0,0,66,11
F,1647797460,0,0,66,12
F,1647798060,0,0,66,12
F,1647798660,0,0,66,12
F,1647799260,0,0,66,11
F,1647799860,0,0,66,11
F,1647800460,0,0,65,11
F,1647801060,0,0,66,14
F,1647801660,0,0,66,11
F,1647802260,0,0,66,12
F,1647802860,0,0,66,11
F,1647803460,0,0,66,12
F,1647804060,0,0,66,11
F,1647804660,0,0,66,11
F,1647805260,0,0,65,11
F,1647805860,0,0,66,11
F,1647806460,0,0,66,14
F,1647807060,0,0,66,11
F,1647807660,0,0,66,12
F,1647808260,0,0,66,11
F,1647808860,0,0,66,11
F,1647809460,0,0,65,11
F,1647810060,0,0,66,11
F,1647810660,0,0,66,13
F,1647811260,0,0,66,11
F,1647811860,0,0,66,11
F,1647812460,0,0,66,11
F,1647813060,0,0,66,11
F,1647813660,0,0,66,12
F,1647814320,0,60,71,11
F,1647814920,0,0,66,12
F,1647815520,0,0,66,12
F,1647816120,0,0,66,12
F,1647816720,0,0,66,11
F,1647817320,0,0,66,11
F,1647817920,0,0,66,11
F,1647818520,0,0,65,13
F,1647819120,0,0,66,12
F,1647819720,0,0,66,11
F,1647820320,0,0,66,11
F,1647820920,0,0,66,11
F,1647821520,0,0,66,11
F,1647822120,0,0,66,11
F,1647822720,0,0,66,11
F,1647823320,0,0,65,11
F,1647823920,0,0,66,11
F,1647824520,0,0,66,11
F,1647825120,0,0,66,12
F,1647825720,0,0,66,11
F,1647826320,0,0,66,11
F,1647826920,0,0,66,11
F,1647827520,0,0,65,11
F,1647828120,0,0,65,11
F,1647828720,0,0,66,11
F,1647829320,0,0,66,12
F,1647829920,0,0,66,11
F,1647830520,0,0,66,11
F,1647831120,0,0,66,13
F,1647831720,0,0,66,13
F,1647832320,0,0,65,12
F,1647832920,0,0,66,11
F,1647833520,0,0,66,11
F,1647834120,0,0,66,11
F,1647834720,0,0,66,11
F,1647835320,0,0,66,11
F,1647835920,0,0,66,12
F,1647836520,0,0,65,12
F,1647837120,0,0,66,11
F,1647837720,0,0,66,11
F,1647838320,0,0,66,11
F,1647838920,0,0,66,11
F,1647839520,0,0,66,11
F,1647840120,0,0,66,11
F,1647840780,0,60,71,12
F,1647841380,0,0,66,11
F,1647841980,0,0,66,11
F,1647842580,0,0,66,11
F,1647843180,0,0,66,11
F,1647843780,0,0,66,11
F,1647844380,0,0,66,11
F,1647844980,0,0,66,11
F,1647845580,0,0,65,11
F,1647846180,0,0,66,11
F,1647846780,0,0,66,11
F,1647847380,0,0,66,13
F,1647847980,0,0,66,11
F,1647848580,0,0,66,12
F,1647849180,0,0,66,11
F,1647849780,0,0,65,11
F,1647850380,0,0,66,12
F,1647850980,0,0,66,11
F,1647851580,0,0,66,11
F,1647852180,0,0,66,12
F,1647852780,0,0,66,11
F,1647853380,0,0,66,11
F,1647853980,0,0,65,11
F,1647854580,0,0,65,12
F,1647855180,0,0,66,11
F,1647855780,0,0,66,11
F,1647856380,0,0,66,12
F,1647856980,0,0,66,17
F,1647857580,0,0,66,12
F,1647858180,0,0,66,13
F,1647858780,0,0,65,11
F,1647859380,0,0,66,11
F,1647859980,0,0,66,11
F,1647860580,0,0,66,15
F,1647861180,0,0,66,12
F,1647861780,0,0,66,12
F,1647862380,0,0,66,13
F,1647862980,0,0,66,13
F,1647863580,0,0,65,15
F,1647864180,0,0,66,14
F,1647864780,0,0,66,15
F,1647865380,0,0,66,15
F,1647865980,0,0,66,15
F,1647866580,0,0,66,14
F,1647867180,0,0,66,12
F,1647867780,0,0,66,16
F,1647868440,0,60,71,12
F,1647869040,0,0,66,14
F,1647869640,0,0,66,13
F,1647870240,0,0,64,30
F,1647870840,0,0,65,20
F,1647871440,0,0,64,22
F,1647872100,0,60,70,20
F,1647872700,0,0,66,17
F,1647873300,0,0,64,23
F,1647873900,0,0,65,14
F,1647874500,0,0,66,14
F,1647875100,0,0,65,20
F,1647875760,0,60,71,20
F,1647876360,0,0,66,16
F,1647876960,0,0,64,22
F,1647877560,0,0,66,13
F,1647878160,0,0,66,13
F,1647878760,0,0,65,14
F,1647879360,0,0,65,17
F,1647879960,0,0,64,27
F,1647880560,0,0,66,16
F,1647881160,0,0,66,16
F,1647881760,0,0,66,19
F,1647882360,0,0,66,23
F,1647882960,0,0,66,19
F,1647883560,0,0,66,17
F,1647884220,0,60,71,22
F,1647884820,0,0,65,13
F,1647885420,0,0,65,24
F,1647886020,0,0,65,18
F,1647886620,0,0,65,19
F,1647887220,0,0,66,17
F,1647887820,0,0,66,13
F,1647888420,0,0,66,13
F,1647889020,0,0,66,14
F,1647889620,0,0,65,15
F,1647890220,0,0,65,11
F,1647890820,0,0,66,12
F,1647891420,0,0,66,12
F,1647892020,0,0,66,12
F,1647892620,0,0,66,14
F,1647893220,0,0,66,13
F,1647893820,0,0,66,11
F,1647894420,0,0,66,12
F,1647895080,0,60,72,12
F,1647895680,0,0,66,15
F,1647896280,0,0,66,14
F,1647896880,0,0,66,14
F,1647897480,0,0,66,11
F,1647898080,0,0,66,15
F,1647898680,0,0,66,13
F,1647899280,0,0,65,15
F,1647899880,0,0,66,13
F,1647900480,0,0,66,14
F,1647901080,0,0,66,14
F,1647901680,0,0,66,15
F,1647902280,0,0,66,13
F,1647902880,0,0,66,11
F,1647903480,0,0,66,17
F,1647904080,0,0,65,12
F,1647904680,0,0,66,11
F,1647905280,0,0,66,13
F,1647905880,0,0,66,11
F,1647906480,0,0,66,12
F,1647907080,0,0,66,12
F,1647907680,0,0,66,11
F,1647908280,0,0,66,11
F,1647908880,0,0,66,13
F,1647909480,0,0,65,11
F,1647910080,0,0,66,11
F,1647910680,0,0,66,11
F,1647911280,0,0,66,12
F,1647911880,0,0,66,11
F,1647912480,0,0,66,11
F,1647913080,0,0,66,12
F,1647913680,0,0,65,12
F,1647914280,0,0,66,11
F,1647914880,0,0,66,12
F,1647915480,0,0,66,11
F,1647916080,0,0,66,12
F,1647916680,0,0,66,11
F,1647917280,0,0,66,11
F,1647917880,0,0,65,11
F,1647918480,0,0,66,11
F,1647919080,0,0,66,12
F,1647919680,0,0,66,11
F,1647920280,0,0,66,11
F,1647920880,0,0,66,11
F,1647921480,0,0,66,13
F,1647922080,0,0,66,11
F,1647922740,0,60,71,11
F,1647923340,0,0,66,11
F,1647923940,0,0,66,13
F,1647924540,0,0,66,11
F,1647925140,0,0,66,11
F,1647925740,0,0,66,11
F,1647926340,0,0,66,11
F,1647926940,0,0,65,12
F,1647927540,0,0,66,11
F,1647928140,0,0,66,11
F,1647928740,0,0,66,11
F,1647929340,0,0,66,12
F,1647929940,0,0,66,11
F,1647930540,0,0,66,11
F,1647931140,0,0,65,11
F,1647931740,0,0,66,11
F,1647932340,0,0,66,12
F,1647932940,0,0,66,13
F,1647933540,0,0,66,12
F,1647934140,0,0,66,12
F,1647934740,0,0,66,11
F,1647935340,0,0,66,11
F,1647935940,0,0,65,12
F,1647936540,0,0,66,11
F,1647937140,0,0,66,13
F,1647937740,0,0,66,11
F,1647938340,0,0,66,11
F,1647938940,0,0,66,11
F,1647939540,0,0,66,12
F,1647940140,0,0,65,16
F,1647940800,0,60,70,23
F,1647941400,0,0,66,18
F,1647942000,0,0,65,25
F,1647942600,0,0,65,19
F,1647943200,0,0,66,16
F,1647943800,0,0,66,16
F,1647944400,0,0,65,14
F,1647945000,0,0,66,12
F,1647945600,0,0,65,18
F,1647946200,0,0,65,20
F,1647946800,0,0,66,12
F,1647947400,0,0,66,13
F,1647948000,0,0,66,14
F,1647948600,0,0,66,14
F,1647949200,0,0,66,14
F,1647949800,0,0,66,16
F,1647950400,0,0,65,14
F,1647951000,0,0,66,14
F,1647951600,0,0,66,16
F,1647952260,0,60,67,61
F,1647952860,0,0,66,15
F,1647953460,0,0,66,14
F,1647954060,0,0,66,16
F,1647954660,0,0,65,20
F,1647955260,0,0,66,14
F,1647955920,0,60,72,12
F,1647956520,0,0,66,15
F,1647957120,0,0,66,12
F,1647957720,0,0,66,12
F,1647958320,0,0,66,14
F,1647958920,0,0,66,20
F,1647959520,0,0,65,14
F,1647960120,0,0,66,15
F,1647960720,0,0,65,13
F,1647961320,0,0,66,14
F,1647961920,0,0,66,15
F,1647962520,1,0,66,12
F,1647963120,1,0,66,16
F,1647963720,1,0,66,16
F,1647964320,1,0,66,22
F,1647964920,1,0,66,13
F,1647965520,1,0,65,16
F,1647966120,1,0,65,13
F,1647966780,1,60,69,26
F,1647967380,1,0,65,19
F,1647967980,1,0,65,23
F,1647968580,1,0,65,14
F,1647969180,1,0,65,21
F,1647969840,1,60,69,31
F,1647970440,0,0,66,14
F,1647971040,0,0,66,15
F,1647971640,1,0,66,14
F,1647972240,0,0,66,17
F,1647972840,1,0,65,18
F,1647973440,1,0,66,15
F,1647974040,1,0,66,15
F,1647974640,0,0,66,14
F,1647975240,0,0,66,19
F,1647975840,0,0,65,16
F,1647976440,0,0,65,16
F,1647977040,0,0,66,16
F,1647977640,0,0,66,13
F,1647978240,0,0,66,17
F,1647978840,0,0,66,15
F,1647979440,0,0,66,13
F,1647980040,0,0,66,12
F,1647980640,0,0,66,12
F,1647981300,0,60,71,14
F,1647981900,0,0,66,14
F,1647982500,0,0,66,11
F,1647983100,0,0,66,13
F,1647983700,0,0,66,13
F,1647984300,0,0,66,11
F,1647984900,0,0,66,11
F,1647985500,0,0,66,12
F,1647986100,0,0,65,12
F,1647986700,0,0,66,11
F,1647987300,0,0,66,11
F,1647987900,0,0,66,12
F,1647988500,0,0,66,12
F,1647989100,0,0,66,13
F,1647989700,0,0,66,11
F,1647990300,0,0,65,11
F,1647990900,0,0,66,13
F,1647991500,0,0,66,11
F,1647992100,0,0,66,11
F,1647992700,0,0,66,15
F,1647993300,0,0,66,11
F,1647993900,0,0,66,11
F,1647994500,0,0,66,12
F,1647995100,0,0,65,12
F,1647995700,0,0,66,11
F,1647996300,0,0,66,11
F,1647996900,0,0,66,11
F,1647997500,0,0,66,11
F,1647998100,0,0,66,11
F,1647998700,0,0,66,14
F,1647999300,0,0,66,14
F,1647999900,0,0,65,11
F,1648000500,0,0,66,11
F,1648001100,0,0,66,11
F,1648001700,0,0,66,11
F,1648002300,0,0,66,14
F,1648002900,0,0,66,11
F,1648003500,0,0,66,12
F,1648004100,0,0,65,11
F,1648004700,0,0,66,12
F,1648005300,0,0,66,11
F,1648005900,0,0,66,11
F,1648006500,0,0,66,11
F,1648007100,0,0,66,11
F,1648007700,0,0,66,11
F,1648008300,0,0,66,11
F,1648008960,0,60,71,11
F,1648009560,0,0,66,11
F,1648010160,0,0,66,11
F,1648010760,0,0,66,11
F,1648011360,0,0,66,11
F,1648011960,0,0,66,12
F,1648012560,0,0,66,11
F,1648013160,0,0,65,11
F,1648013760,0,0,66,11
F,1648014360,0,0,66,11
F,1648014960,0,0,66,11
F,1648015560,0,0,66,13
F,1648016160,0,0,66,11
F,1648016760,0,0,66,14
F,1648017360,0,0,65,13
F,1648017960,0,0,66,11
F,1648018560,0,0,66,11
F,1648019160,0,0,66,11
F,1648019760,0,0,66,12
F,1648020360,0,0,66,11
F,1648020960,0,0,66,11
F,1648021560,0,0,65,12
F,1648022160,0,0,65,11
F,1648022760,0,0,66,11
F,1648023360,0,0,66,11
F,1648023960,0,0,66,13
F,1648024560,0,0,66,12
F,1648025160,0,0,66,12
F,1648025760,0,0,66,12
F,1648026360,0,0,65,12
F,1648026960,0,0,66,12
F,1648027560,0,0,66,12
F,1648028160,0,0,66,13
F,1648028760,0,0,66,14
F,1648029360,0,0,66,11
F,1648029960,0,0,66,13
F,1648030560,0,0,65,15
F,1648031160,0,0,66,15
F,1648031760,0,0,66,16
F,1648032420,0,60,70,21
F,1648033020,0,0,64,27
F,1648033620,0,0,65,23
F,1648034220,0,0,65,21
F,1648034820,0,0,66,14
F,1648035420,0,0,66,15
F,1648036080,0,60,71,14
F,1648036680,0,0,66,16
F,1648037280,0,0,66,16
F,1648037880,0,0,66,14
F,1648038480,0,0,64,21
F,1648039080,0,0,65,19
F,1648039680,0,0,66,23
F,1648040280,0,0,66,15
F,1648040880,0,0,64,23
F,1648041540,0,60,71,21
F,1648042140,0,0,64,23
F,1648042740,0,0,66,17
F,1648043340,0,0,64,24
F,1648044000,0,60,71,23
F,1648044600,0,0,66,13
F,1648045200,0,0,66,13
F,1648045800,1,0,66,17
F,1648046400,1,0,65,19
F,1648047000,1,0,62,26
F,1648047600,1,0,66,16
F,1648048200,1,0,66,16
F,1648048860,1,60,69,30
F,1648049460,1,0,65,19
F,1648050060,1,0,65,21
F,1648050660,1,0,66,18
F,1648051380,1,120,68,111
F,1648051980,1,0,66,15
F,1648052580,1,0,65,20
F,1648053180,1,0,66,16
F,1648053840,1,60,69,23
F,1648054440,1,0,63,23
F,1648055040,1,0,66,15
F,1648055640,1,0,65,22
F,1648056240,1,0,66,18
F,1648056840,1,0,66,18
F,1648057440,1,0,67,16
F,1648058040,1,0,66,14
F,1648058640,1,0,66,15
F,1648059240,1,0,66,14
F,1648059840,1,0,66,15
F,1648060500,1,60,71,20
F,1648061100,1,0,66,15
F,1648061700,1,0,65,20
F,1648062300,1,0,66,15
F,1648062900,1,0,66,13
F,1648063500,1,0,65,13
F,1648064100,1,0,66,13
F,1648064700,1,0,66,13
F,1648065300,1,0,66,12
F,1648065900,1,0,66,11
F,1648066500,1,0,66,13
F,1648067100,1,0,66,14
F,1648067700,1,0,66,12
F,1648068300,1,0,65,13
F,1648068900,1,0,66,13
F,1648069500,1,0,66,12
F,1648070100,1,0,66,11
F,1648070700,1,0,66,14
F,1648071300,1,0,66,15
F,1648071900,1,0,66,12
F,1648072500,1,0,66,13
F,1648073100,1,0,65,11
F,1648073700,1,0,66,13
F,1648074300,1,0,66,12
F,1648074900,1,0,66,14
F,1648075500,1,0,66,12
F,1648076100,1,0,66,13
F,1648076700,1,0,66,12
F,1648077300,1,0,65,12
F,1648077900,1,0,65,13
F,1648078500,1,0,66,12
F,1648079100,1,0,66,12
F,1648079700,1,0,66,12
F,1648080300,1,0,66,13
F,1648080900,1,0,66,11
F,1648081500,0,0,66,11
F,1648082160,0,60,71,13
F,1648082760,0,0,66,11
F,1648083360,0,0,66,12
F,1648083960,0,0,66,12
F,1648084560,0,0,66,11
F,1648085160,0,0,66,11
F,1648085760,0,0,66,12
F,1648086360,0,0,65,12
F,1648086960,0,0,66,11
F,1648087560,0,0,66,11
F,1648088160,0,0,66,11
F,1648088760,0,0,66,11
F,1648089360,0,0,66,13
F,1648089960,0,0,66,12
F,1648090560,0,0,66,11
F,1648091160,0,0,65,11
F,1648091760,0,0,66,11
F,1648092360,0,0,66,12
F,1648092960,0,0,66,13
F,1648093560,0,0,66,14
F,1648094160,0,0,66,11
F,1648094760,0,0,66,11
F,1648095360,0,0,65,12
F,1648095960,0,0,66,12
F,1648096560,0,0,66,11
F,1648097160,0,0,66,11
F,1648097760,0,0,66,11
F,1648098360,0,0,66,12
F,1648098960,0,0,66,11
F,1648099560,0,0,65,11
F,1648100160,0,0,66,13
F,1648100760,0,0,66,11
F,1648101360,0,0,66,11
F,1648101960,0,0,66,12
F,1648102560,0,0,66,12
F,1648103160,0,0,66,12
F,1648103760,0,0,66,11
F,1648104360,0,0,65,11
F,1648104960,0,0,66,11
F,1648105560,0,0,66,11
F,1648106160,0,0,66,13
F,1648106760,0,0,66,12
F,1648107360,0,0,66,13
F,1648107960,0,0,66,11
F,1648108620,0,60,71,11
F,1648109220,0,0,66,11
F,1648109820,0,0,66,13
F,1648110420,0,0,66,11
F,1648111020,0,0,66,11
F,1648111620,0,0,66,14
F,1648112220,0,0,67,11
F,1648112820,0,0,65,12
F,1648113420,0,0,65,11
F,1648114020,0,0,66,11
F,1648114620,0,0,66,11
F,1648115220,0,0,66,11
F,1648115820,0,0,66,11
F,1648116420,0,0,67,12
F,1648117020,0,0,66,14
F,1648117620,0,0,65,12
F,1648118220,0,0,66,14
F,1648118820,0,0,66,11
F,1648119420,0,0,66,14
F,1648120020,0,0,66,14
F,1648120620,0,0,66,14
F,1648121220,0,0,66,16
F,1648121820,0,0,65,16
F,1648122480,0,60,70,20
F,1648123080,0,0,66,13
F,1648123680,0,0,66,13
F,1648124280,0,0,66,15
F,1648124880,0,0,65,20
F,1648125480,0,0,66,14
F,1648126080,0,0,66,14
F,1648126680,0,0,65,24
F,1648127280,0,0,66,13
F,1648127880,0,0,66,15
F,1648128480,0,0,66,15
F,1648129080,0,0,66,14
F,1648129740,0,60,69,30
F,1648130340,0,0,65,17
F,1648130940,0,0,66,17
F,1648131540,0,0,66,15
F,1648132140,0,0,66,16
F,1648132740,0,0,64,33
F,1648133340,0,0,66,17
F,1648133940,0,0,66,16
F,1648134540,0,0,66,13
F,1648135140,0,0,66,13
F,1648135740,0,0,66,16
F,1648136340,0,0,66,16
F,1648136940,0,0,65,18
F,1648137540,0,0,65,16
F,1648138200,0,60,71,20
F,1648138800,0,0,65,20
F,1648139400,0,0,66,19
F,1648140000,0,0,66,16
F,1648140600,0,0,65,17
F,1648141200,0,0,66,14
F,1648141800,0,0,65,14
F,1648142400,0,0,64,21
F,1648143060,0,60,69,29
F,1648143660,0,0,66,14
F,1648144260,0,0,66,14
F,1648144860,0,0,66,15
F,1648145460,0,0,66,14
F,1648146060,0,0,66,13
F,1648146660,0,0,66,12
F,1648147260,0,0,65,13
F,1648147860,0,0,65,12
F,1648148460,1,0,66,12
F,1648149060,1,0,66,12
F,1648149660,1,0,66,14
F,1648150260,1,0,66,12
F,1648150860,1,0,66,11
F,1648151460,1,0,66,11
F,1648152060,1,0,65,11
F,1648152660,1,0,66,14
F,1648153260,1,0,66,13
F,1648153860,1,0,66,15
F,1648154460,1,0,66,11
F,1648155060,1,0,66,12
F,1648155660,1,0,66,13
F,1648156260,1,0,66,11
F,1648156860,1,0,65,13
F,1648157460,1,0,66,12
F,1648158060,1,0,66,12
F,1648158660,1,0,66,11
F,1648159260,1,0,66,13
F,1648159860,1,0,66,11
F,1648160460,1,0,66,11
F,1648161060,1,0,65,11
F,1648161660,1,0,66,11
F,1648162260,1,0,66,11
F,1648162860,0,0,66,11
F,1648163460,0,0,66,11
F,1648164060,0,0,66,11
F,1648164660,0,0,66,15
F,1648165320,0,60,71,13
F,1648165920,0,0,66,12
F,1648166520,0,0,66,12
F,1648167120,0,0,66,11
F,1648167720,0,0,66,13
F,1648168320,0,0,66,11
F,1648168920,0,0,66,11
F,1648169520,0,0,65,13
F,1648170120,0,0,65,13
F,1648170720,0,0,66,11
F,1648171320,0,0,66,11
F,1648171920,0,0,66,11
F,1648172520,0,0,66,12
F,1648173120,0,0,66,11
F,1648173720,0,0,66,11
F,1648174320,0,0,65,13
F,1648174920,0,0,66,11
F,1648175520,0,0,66,11
F,1648176120,0,0,66,11
F,1648176720,0,0,66,11
F,1648177320,0,0,66,12
F,1648177920,0,0,66,11
F,1648178520,0,0,65,11
F,1648179120,0,0,66,11
F,1648179720,0,0,66,11
F,1648180320,0,0,66,11
F,1648180920,0,0,66,11
F,1648181520,0,0,66,12
F,1648182120,0,0,66,13
F,1648182720,0,0,65,12
F,1648183320,0,0,65,11
F,1648183920,0,0,66,11
F,1648184520,0,0,66,11
F,1648185120,0,0,66,11
F,1648185720,0,0,66,11
F,1648186320,0,0,66,11
F,1648186920,0,0,66,11
F,1648187520,0,0,65,12
F,1648188120,0,0,66,13
F,1648188720,0,0,66,12
F,1648189320,0,0,66,12
F,1648189920,0,0,66,11
F,1648190520,0,0,66,12
F,1648191120,0,0,66,11
F,1648191780,0,60,71,14
F,1648192380,0,0,66,11
F,1648192980,0,0,66,11
F,1648193580,0,0,66,11
F,1648194180,0,0,66,12
F,1648194780,0,0,66,12
F,1648195380,0,0,66,14
F,1648195980,0,0,65,11
F,1648196580,0,0,66,11
F,1648197180,0,0,66,12
F,1648197780,0,0,66,12
F,1648198380,0,0,66,12
F,1648198980,0,0,66,14
F,1648199580,0,0,66,16
F,1648200180,0,0,65,15
F,1648200780,0,0,66,13
F,1648201380,0,0,66,16
F,1648201980,0,0,65,20
F,1648202580,0,0,66,18
F,1648203180,0,0,66,12
F,1648203780,0,0,66,12
F,1648204380,0,0,66,12
F,1648204980,0,0,65,11
F,1648205580,0,0,66,11
F,1648206180,0,0,66,13
F,1648206780,0,0,66,15
F,1648207380,0,0,66,15
F,1648207980,0,0,66,14
F,1648208580,0,0,65,16
F,1648209240,0,60,71,20
F,1648209780,0,0,61,13
F,1648210440,0,60,71,13
F,1648211040,0,0,66,13
F,1648211640,0,0,66,11
F,1648212240,0,0,66,13
F,1648212840,0,0,66,14
F,1648213440,0,0,66,13
F,1648214040,0,0,66,13
F,1648214640,0,0,66,14
F,1648215240,0,0,65,17
F,1648215840,0,0,66,16
F,1648216440,1,0,66,16
F,1648217040,1,0,66,19
F,1648217640,1,0,66,17
F,1648218240,1,0,66,17
F,1648218840,1,0,66,16
F,1648219440,1,0,66,16
F,1648220040,1,0,66,15
F,1648220640,1,0,65,16
F,1648221300,1,60,68,27
F,1648221900,1,0,64,21
F,1648222500,1,0,63,23
F,1648223160,1,60,66,23
F,1648223760,1,0,66,18
F,1648224360,1,0,66,14
F,1648224960,1,0,65,24
F,1648225620,1,60,70,20
F,1648226220,1,0,66,17
F,1648226820,1,0,64,21
F,1648227420,1,0,66,21
F,1648228020,1,0,66,14
F,1648228620,1,0,66,11
F,1648229220,1,0,66,12
F,1648229820,1,0,66,16
F,1648230420,1,0,66,15
F,1648231020,1,0,64,16
F,1648231620,1,0,66,15
F,1648232220,1,0,66,12
F,1648232820,1,0,66,14
F,1648233420,1,0,66,14
F,1648234020,1,0,66,13
F,1648234620,1,0,66,14
F,1648235220,1,0,66,13
F,1648235820,1,0,65,12
F,1648236420,1,0,66,11
F,1648237020,1,0,66,12
F,1648237620,1,0,66,11
F,1648238220,1,0,66,12
F,1648238820,1,0,66,12
F,1648239420,1,0,66,11
F,1648240080,1,60,72,11
F,1648240680,0,0,66,11
F,1648241280,0,0,66,11
F,1648241880,0,0,66,11
F,1648242480,0,0,66,12
F,1648243080,0,0,66,12
F,1648243680,0,0,66,11
F,1648244280,0,0,66,11
F,1648244880,0,0,65,11
F,1648245480,0,0,66,12
F,1648246080,0,0,66,13
F,1648246680,0,0,66,12
F,1648247280,0,0,66,11
F,1648247880,0,0,66,11
F,1648248480,0,0,66,11
F,1648249080,0,0,65,11
F,1648249680,0,0,66,11
F,1648250280,0,0,66,11
F,1648250880,0,0,66,11
F,1648251480,0,0,66,11
F,1648252080,0,0,66,14
F,1648252680,0,0,66,11
F,1648253280,0,0,66,12
F,1648253880,0,0,65,11
F,1648254480,0,0,66,11
F,1648255080,0,0,66,12
F,1648255680,0,0,66,11
F,1648256280,0,0,66,11
F,1648256880,0,0,66,11
F,1648257480,0,0,66,12
F,1648258080,0,0,65,11
F,1648258680,0,0,66,11
F,1648259280,0,0,66,11
F,1648259880,0,0,66,11
F,1648260480,0,0,66,11
F,1648261080,0,0,66,12
F,1648261680,0,0,66,12
F,1648262280,0,0,66,12
F,1648262880,0,0,65,11
F,1648263480,0,0,66,11
F,1648264080,0,0,66,11
F,1648264680,0,0,66,11
F,1648265280,0,0,66,12
F,1648265880,0,0,66,11
F,1648266480,0,0,66,11
F,1648267140,0,60,71,11
F,1648267740,0,0,66,11
F,1648268340,0,0,66,11
F,1648268940,0,0,66,11
F,1648269540,0,0,66,11
F,1648270140,0,0,66,11
F,1648270740,0,0,66,11
F,1648271340,0,0,65,11
F,1648271940,0,0,66,11
F,1648272540,0,0,66,11
F,1648273140,0,0,66,11
F,1648273740,0,0,66,11
F,1648274340,0,0,66,13
F,1648274940,0,0,66,11
F,1648275540,0,0,66,11
F,1648276140,0,0,65,11
F,1648276740,0,0,66,11
F,1648277340,0,0,66,11
F,1648277940,0,0,66,11
F,1648278540,0,0,66,11
F,1648279140,0,0,66,11
F,1648279740,0,0,66,11
F,1648280340,0,0,65,11
F,1648280940,0,0,66,11
F,1648281540,0,0,66,11
F,1648282140,0,0,66,11
F,1648282740,0,0,66,11
F,1648283340,0,0,66,11
F,1648283940,0,0,66,11
F,1648284540,0,0,65,11
F,1648285140,0,0,66,12
F,1648285740,0,0,66,11
F,1648286340,0,0,66,11
F,1648286940,0,0,66,12
F,1648287540,0,0,66,12
F,1648288140,0,0,66,14
F,1648288740,0,0,65,12
F,1648289340,0,0,66,11
F,1648289940,0,0,66,13
F,1648290540,0,0,66,12
F,1648291140,0,0,66,12
F,1648291740,0,0,66,11
F,1648292340,0,0,66,11
F,1648293000,0,60,71,11
F,1648293600,0,0,66,14
F,1648294200,0,0,66,11
F,1648294800,0,0,66,11
F,1648295400,0,0,66,12
F,1648296000,0,0,66,11
F,1648296600,0,0,66,11
F,1648297200,0,0,66,11
F,1648297800,0,0,66,12
F,1648298400,0,0,66,11
F,1648299000,0,0,66,11
F,1648299600,0,0,66,14
F,1648300200,0,0,66,11
F,1648300800,0,0,66,13
F,1648301400,0,0,66,13
F,1648302000,0,0,65,13
F,1648302600,0,0,65,14
F,1648303200,0,0,66,14
F,1648303800,0,0,66,13
F,1648304400,0,0,66,13
F,1648305000,0,0,66,14
F,1648305600,0,0,66,12
F,1648306200,0,0,66,11
F,1648306800,0,0,65,11
F,1648307400,0,0,66,11
F,1648308000,1,0,66,13
F,1648308600,1,0,66,12
F,1648309200,0,0,66,12
F,1648309800,0,0,66,13
F,1648310400,0,0,66,12
F,1648311000,0,0,65,11
F,1648311600,0,0,66,13
F,1648312200,0,0,66,13
F,1648312800,0,0,66,14
F,1648313400,0,0,66,14
F,1648314000,0,0,66,13
F,1648314600,0,0,66,12
F,1648315200,0,0,66,13
F,1648315800,0,0,65,14
F,1648316400,1,0,66,13
F,1648317000,1,0,66,12
F,1648317600,1,0,66,13
F,1648318200,1,0,66,12
F,1648318800,1,0,66,13
F,1648319400,1,0,66,12
F,1648320060,1,60,72,12
F,1648320660,1,0,66,11
F,1648321260,1,0,66,12
F,1648321860,1,0,66,12
F,1648322460,1,0,66,13
F,1648323060,1,0,66,12
F,1648323660,1,0,66,12
F,1648324260,0,0,66,13
F,1648324860,0,0,65,12
F,1648325460,0,0,66,11
F,1648326060,0,0,66,12
F,1648326660,0,0,66,11
F,1648327260,0,0,66,12
F,1648327860,0,0,66,13
F,1648328460,0,0,66,11
F,1648329060,0,0,66,11
F,1648329660,0,0,65,12
F,1648330260,0,0,66,12
F,1648330860,0,0,66,12
F,1648331460,0,0,66,12
F,1648332060,0,0,66,11
F,1648332660,0,0,66,11
F,1648333260,0,0,66,11
F,1648333860,0,0,65,11
F,1648334460,0,0,66,11
F,1648335060,0,0,66,11
F,1648335660,0,0,66,11
F,1648336260,0,0,66,11
F,1648336860,0,0,66,11
F,1648337460,0,0,66,11
F,1648338060,0,0,66,11
F,1648338660,0,0,65,11
F,1648339260,0,0,66,13
F,1648339860,0,0,66,11
F,1648340460,0,0,66,11
F,1648341060,0,0,66,11
F,1648341660,0,0,66,11
F,1648342260,0,0,65,11
F,1648342860,0,0,65,11
F,1648343460,0,0,66,11
F,1648344060,0,0,66,11
F,1648344660,0,0,66,11
F,1648345260,0,0,66,11
F,1648345920,0,60,68,50
F,1648346520,0,0,66,12
F,1648347120,0,0,65,11
F,1648347720,0,0,66,11
F,1648348320,0,0,66,11
F,1648348920,0,0,66,11
F,1648349520,0,0,66,12
F,1648350120,0,0,66,11
F,1648350720,0,0,66,11
F,1648351320,0,0,65,11
F,1648351920,0,0,65,11
F,1648352520,0,0,66,11
F,1648353120,0,0,66,11
F,1648353720,0,0,66,11
F,1648354320,0,0,66,11
F,1648354920,0,0,66,12
F,1648355520,0,0,66,11
F,1648356180,0,60,71,11
F,1648356780,0,0,66,11
F,1648357380,0,0,66,11
F,1648357980,0,0,66,11
F,1648358580,0,0,66,11
F,1648359180,0,0,66,11
F,1648359780,0,0,65,11
F,1648360380,0,0,65,12
F,1648360980,0,0,66,11
F,1648361580,0,0,66,11
F,1648362180,0,0,66,11
F,1648362780,0,0,66,11
F,1648363380,0,0,66,12
F,1648363980,0,0,66,13
F,1648364580,0,0,65,13
F,1648365180,0,0,66,11
F,1648365780,0,0,66,11
F,1648366380,0,0,66,11
F,1648366980,0,0,66,11
F,1648367580,0,0,66,11
F,1648368180,0,0,66,15
F,1648368780,0,0,66,11
F,1648369380,0,0,65,12
F,1648369980,0,0,66,12
F,1648370580,0,0,66,11
F,1648371180,0,0,66,11
F,1648371780,0,0,66,12
F,1648372380,0,0,66,11
F,1648372980,0,0,66,11
F,1648373580,0,0,65,11
F,1648374180,0,0,66,11
F,1648374780,0,0,66,11
F,1648375380,0,0,66,11
F,1648375980,0,0,66,12
F,1648376580,0,0,66,11
F,1648377180,0,0,66,11
F,1648377780,0,0,65,13
F,1648378380,0,0,66,11
F,1648378980,0,0,66,11
F,1648379580,0,0,66,11
F,1648380180,0,0,66,11
F,1648380780,0,0,66,11
F,1648381380,0,0,66,11
F,1648382040,0,60,71,12
F,1648382640,0,0,66,11
F,1648383240,0,0,66,11
F,1648383840,0,0,66,13
F,1648384440,0,0,66,11
F,1648385040,0,0,66,11
F,1648385640,0,0,66,12
F,1648386240,0,0,65,12
F,1648386840,0,0,65,11
F,1648387440,0,0,66,11
F,1648388040,1,0,66,12
F,1648388640,1,0,66,13
F,1648389240,1,0,66,11
F,1648389840,1,0,66,11
F,1648390440,1,0,66,11
F,1648391040,1,0,65,12
F,1648391640,1,0,66,11
F,1648392240,1,0,66,11
F,1648392840,1,0,66,11
F,1648393440,1,0,66,15
F,1648394040,1,0,66,12
F,1648394640,1,0,66,11
F,1648395240,1,0,66,12
F,1648395840,1,0,65,12
F,1648396440,1,0,66,12
F,1648397040,1,0,66,12
F,1648397640,1,0,66,12
F,1648398240,1,0,66,13
F,1648398840,1,0,66,11
F,1648399440,1,0,66,11
F,1648400040,1,0,65,11
F,1648400640,1,0,66,13
F,1648401240,1,0,66,13
F,1648401840,1,0,66,12
F,1648402440,1,0,66,12
F,1648403040,1,0,66,12
F,1648403640,1,0,66,11
F,1648404240,1,0,66,12
F,1648404840,1,0,66,11
F,1648405440,1,0,66,12
F,1648406040,1,0,66,11
F,1648406640,1,0,66,11
F,1648407240,1,0,66,11
F,1648407840,0,0,66,11
F,1648408440,0,0,66,11
F,1648409100,0,60,71,11
F,1648409700,0,0,66,11
F,1648410300,0,0,66,11
F,1648410900,0,0,66,13
F,1648411500,0,0,66,12
F,1648412100,0,0,66,11
F,1648412700,0,0,66,11
F,1648413300,0,0,65,11
F,1648413900,0,0,66,14
F,1648414500,0,0,66,11
F,1648415100,0,0,66,11
F,1648415700,0,0,66,11
F,1648416300,0,0,66,11
F,1648416900,0,0,66,11
F,1648417500,0,0,66,11
F,1648418100,0,0,65,12
F,1648418700,0,0,66,11
F,1648419300,0,0,66,11
F,1648419900,0,0,66,12
F,1648420500,0,0,66,12
F,1648421100,0,0,66,11
F,1648421700,0,0,66,11
F,1648422300,0,0,65,11
F,1648422900,0,0,66,11
F,1648423500,0,0,66,11
F,1648424100,0,0,66,11
F,1648424700,0,0,66,13
F,1648425300,0,0,66,11
F,1648425900,0,0,66,11
F,1648426500,0,0,65,11
F,1648427100,0,0,66,11
F,1648427700,0,0,66,11
F,1648428300,0,0,66,11
F,1648428900,0,0,66,11
F,1648429500,0,0,66,11
F,1648430100,0,0,66,11
F,1648430700,0,0,65,12
F,1648431300,0,0,66,11
F,1648431900,0,0,66,12
F,1648432500,0,0,66,12
F,1648433100,0,0,66,12
F,1648433700,0,0,66,11
F,1648434300,0,0,66,11
F,1648434900,0,0,66,11
F,1648435560,0,60,71,12
F,1648436160,0,0,66,14
F,1648436760,0,0,66,11
F,1648437360,0,0,66,13
F,1648437960,0,0,66,11
F,1648438560,0,0,66,12
F,1648439160,0,0,66,12
F,1648439760,0,0,65,13
F,1648440360,0,0,66,11
F,1648440960,0,0,66,11
F,1648441560,0,0,66,11
F,1648442160,0,0,66,11
F,1648442760,0,0,66,11
F,1648443360,0,0,66,11
F,1648443960,0,0,65,11
F,1648444560,0,0,66,12
F,1648445160,0,0,66,11
F,1648445760,0,0,66,11
F,1648446360,0,0,66,11
F,1648446960,0,0,66,11
F,1648447560,0,0,66,11
F,1648448160,0,0,65,12
F,1648448760,0,0,66,11
F,1648449360,0,0,66,11
F,1648449960,0,0,66,11
F,1648450560,0,0,66,11
F,1648451160,0,0,66,11
F,1648451760,0,0,66,11
F,1648452360,0,0,65,11
F,1648452960,0,0,66,11
F,1648453560,0,0,66,13
F,1648454160,0,0,66,11
F,1648454760,0,0,66,12
F,1648455360,0,0,66,12
F,1648455960,0,0,66,11
F,1648456560,0,0,66,11
F,1648457160,0,0,66,11
F,1648457760,0,0,66,12
F,1648458360,0,0,66,11
F,1648458960,0,0,66,15
F,1648459560,0,0,66,12
F,1648460220,0,60,72,16
F,1648460760,0,0,61,12
F,1648461420,0,60,71,13
F,1648462020,0,0,66,13
F,1648462620,0,0,66,12
F,1648463220,0,0,66,12
F,1648463820,0,0,66,13
F,1648464420,0,0,66,18
F,1648465020,0,0,66,16
F,1648465620,0,0,66,13
F,1648466220,0,0,66,13
F,1648466820,0,0,66,13
F,1648467420,0,0,65,23
F,1648468020,0,0,66,13
F,1648468620,0,0,66,15
F,1648469220,0,0,66,12
F,1648469820,0,0,66,12
F,1648470420,0,0,66,14
F,1648471020,0,0,66,13
F,1648471620,0,0,66,15
F,1648472220,0,0,66,15
F,1648472820,0,0,66,13
F,1648473420,0,0,66,14
F,1648474020,0,0,66,13
F,1648474620,0,0,66,14
F,1648475220,0,0,66,15
F,1648475820,0,0,66,13
F,1648476420,0,0,65,19
F,1648477020,0,0,65,19
F,1648477620,0,0,66,14
F,1648478220,0,0,66,15
F,1648478820,0,0,66,16
F,1648479480,0,60,71,15
F,1648480080,0,0,63,29
F,1648480680,0,0,66,15
F,1648481280,0,0,66,15
F,1648481880,0,0,66,14
F,1648482480,0,0,66,13
F,1648483080,0,0,66,16
F,1648483680,0,0,66,16
F,1648484280,0,0,65,15
F,1648484880,0,0,66,13
F,1648485480,0,0,65,14
F,1648486080,0,0,66,13
F,1648486680,0,0,66,15
F,1648487280,0,0,66,18
F,1648487880,0,0,66,18
F,1648488480,0,0,66,15
F,1648489080,0,0,66,13
F,1648489680,0,0,66,13
F,1648490280,0,0,65,12
F,1648490880,0,0,65,13
F,1648491480,0,0,66,14
F,1648492080,0,0,66,13
F,1648492680,0,0,66,11
F,1648493280,0,0,66,13
F,1648493880,0,0,66,13
F,1648494480,0,0,66,11
F,1648495140,0,60,71,12
F,1648495740,0,0,66,12
F,1648496340,0,0,66,13
F,1648496940,0,0,66,13
F,1648497540,0,0,66,11
F,1648498140,0,0,66,12
F,1648498740,0,0,66,12
F,1648499340,0,0,65,12
F,1648499940,0,0,66,11
F,1648500540,0,0,66,11
F,1648501140,0,0,66,11
F,1648501740,0,0,66,12
F,1648502340,0,0,66,14
F,1648502940,0,0,66,13
F,1648503540,0,0,67,11
F,1648504140,0,0,65,11
F,1648504740,0,0,66,11
F,1648505340,0,0,66,11
F,1648505940,0,0,66,11
F,1648506540,0,0,66,12
F,1648507140,0,0,66,11
F,1648507740,0,0,66,11
F,1648508340,0,0,65,11
F,1648508940,0,0,66,11
F,1648509540,0,0,66,13
F,1648510140,0,0,66,13
F,1648510740,0,0,66,12
F,1648511340,0,0,66,11
F,1648511940,0,0,66,11
F,1648512540,0,0,66,12
F,1648513140,0,0,66,11
F,1648513740,0,0,66,11
F,1648514340,0,0,66,11
F,1648514940,0,0,66,14
F,1648515540,0,0,66,11
F,1648516140,0,0,66,11
F,1648516740,0,0,66,11
F,1648517400,0,60,71,11
F,1648518000,0,0,66,11
F,1648518600,0,0,66,11
F,1648519200,0,0,66,12
F,1648519800,0,0,66,11
F,1648520400,0,0,66,11
F,1648521000,0,0,66,11
F,1648521600,0,0,65,11
F,1648522200,0,0,66,11
F,1648522800,0,0,66,11
F,1648523400,0,0,66,11
F,1648524000,0,0,66,11
F,1648524600,0,0,66,12
F,1648525200,0,0,66,11
F,1648525800,0,0,65,11
F,1648526400,0,0,66,12
F,1648527000,0,0,66,11
F,1648527600,0,0,66,12
F,1648528200,0,0,66,11
F,1648528800,0,0,66,11
F,1648529400,0,0,66,11
F,1648530000,0,0,65,11
F,1648530600,0,0,65,13
F,1648531200,0,0,66,13
F,1648531800,0,0,66,11
F,1648532400,0,0,66,11
F,1648533000,0,0,66,11
F,1648533600,0,0,66,11
F,1648534200,0,0,66,11
F,1648534800,0,0,65,11
F,1648535400,0,0,66,11
F,1648536000,0,0,66,11
F,1648536600,0,0,66,12
F,1648537200,0,0,66,11
F,1648537800,0,0,66,11
F,1648538400,0,0,66,11
F,1648539000,0,0,65,11
F,1648539600,0,0,66,11
F,1648540200,0,0,66,11
F,1648540800,0,0,66,11
F,1648541400,0,0,66,13
F,1648542000,0,0,66,13
F,1648542600,0,0,66,16
F,1648543260,0,60,71,15
F,1648543860,0,0,65,21
F,1648544460,0,0,66,12
F,1648545060,0,0,66,14
F,1648545660,0,0,66,17
F,1648546260,0,0,66,16
F,1648546860,0,0,66,15
F,1648547460,0,0,64,29
F,1648548060,0,0,65,13
F,1648548660,0,0,66,17
F,1648549260,0,0,65,20
F,1648549860,0,0,66,13
F,1648550460,0,0,66,17
F,1648551060,0,0,66,13
F,1648551660,0,0,66,14
F,1648552260,0,0,66,17
F,1648552920,0,60,71,17
F,1648553520,0,0,66,14
F,1648554120,0,0,66,14
F,1648554720,0,0,66,13
F,1648555320,0,0,66,13
F,1648555920,0,0,66,13
F,1648556520,0,0,66,13
F,1648557120,0,0,66,13
F,1648557720,0,0,66,13
F,1648558320,0,0,65,11
F,1648558920,0,0,66,13
F,1648559520,0,0,65,20
F,1648560120,0,0,66,11
F,1648560720,0,0,66,15
F,1648561320,0,0,66,17
F,1648561920,0,0,67,16
F,1648562520,0,0,65,19
F,1648563120,0,0,65,18
F,1648563720,0,0,66,15
F,1648564320,0,0,66,13
F,1648564920,0,0,66,16
F,1648565520,0,0,65,20
F,1648566120,0,0,66,16
F,1648566720,0,0,66,17
F,1648567320,0,0,66,16
F,1648567920,0,0,67,16
F,1648568520,0,0,65,11
F,1648569120,0,0,66,15
F,1648569720,0,0,66,14
F,1648570320,0,0,66,15
F,1648570920,0,0,66,13
F,1648571520,0,0,66,13
F,1648572120,0,0,66,13
F,1648572720,0,0,66,15
F,1648573380,0,60,71,12
F,1648573980,0,0,66,13
F,1648574580,0,0,66,15
F,1648575180,0,0,66,15
F,1648575780,0,0,66,12
F,1648576380,0,0,66,15
F,1648576980,0,0,66,12
F,1648577580,0,0,65,12
F,1648578180,0,0,65,12
F,1648578780,0,0,66,12
F,1648579380,0,0,66,12
F,1648579980,0,0,66,12
F,1648580580,0,0,66,12
F,1648581180,0,0,66,13
F,1648581780,0,0,66,11
F,1648582380,0,0,65,11
F,1648582980,0,0,66,13
F,1648583580,0,0,66,12
F,1648584180,0,0,66,15
F,1648584780,0,0,66,11
F,1648585380,0,0,66,11
F,1648585980,0,0,66,11
F,1648586580,0,0,66,12
F,1648587180,0,0,65,12
F,1648587780,0,0,66,12
F,1648588380,0,0,66,13
F,1648588980,0,0,66,11
F,1648589580,0,0,66,13
F,1648590180,0,0,66,13
F,1648590780,0,0,66,13
F,1648591380,0,0,65,13
F,1648591980,0,0,66,11
F,1648592580,0,0,66,13
F,1648593180,0,0,66,11
F,1648593780,0,0,66,11
F,1648594380,0,0,66,12
F,1648594980,0,0,66,11
F,1648595580,0,0,65,11
F,1648596180,0,0,66,12
F,1648596780,0,0,66,12
F,1648597380,0,0,66,11
F,1648597980,0,0,66,11
F,1648598580,0,0,66,11
F,1648599180,0,0,66,11
F,1648599780,0,0,66,11
F,1648600440,0,60,71,11
F,1648601040,0,0,66,11
F,1648601640,0,0,66,11
F,1648602240,0,0,66,12
F,1648602840,0,0,66,11
F,1648603440,0,0,66,11
F,1648604040,0,0,66,11
F,1648604640,0,0,65,12
F,1648605240,0,0,66,13
F,1648605840,0,0,66,11
F,1648606440,0,0,66,11
F,1648607040,0,0,66,12
F,1648607640,0,0,66,11
F,1648608240,0,0,66,11
F,1648608840,0,0,66,11
F,1648609440,0,0,65,11
F,1648610100,0,60,68,50
F,1648610700,0,0,66,11
F,1648611300,0,0,66,11
F,1648611900,0,0,66,11
F,1648612500,0,0,66,12
F,1648613100,0,0,66,11
F,1648613700,0,0,65,11
F,1648614300,0,0,66,11
F,1648614900,0,0,66,11
F,1648615500,0,0,66,11
F,1648616100,0,0,66,11
F,1648616700,0,0,66,11
F,1648617300,0,0,65,11
F,1648617900,0,0,65,13
F,1648618500,0,0,66,13
F,1648619100,0,0,66,11
F,1648619700,0,0,66,11
F,1648620300,0,0,66,11
F,1648620900,0,0,66,11
F,1648621500,0,0,66,12
F,1648622100,0,0,65,11
F,1648622700,0,0,66,11
F,1648623300,0,0,66,13
F,1648623900,0,0,66,11
F,1648624500,0,0,66,11
F,1648625100,0,0,66,12
F,1648625700,0,0,66,13
F,1648626300,0,0,66,11
F,1648626900,0,0,65,12
F,1648627500,0,0,66,11
F,1648628100,0,0,66,11
F,1648628700,0,0,66,12
F,1648629300,0,0,66,12
F,1648629900,0,0,66,11
F,1648630500,0,0,65,14
F,1648631100,0,0,65,20
F,1648631700,0,0,66,13
F,1648632300,0,0,66,15
F,1648632900,0,0,66,15
F,1648633500,0,0,66,15
F,1648634100,0,0,66,12
F,1648634700,0,0,66,16
F,1648635360,0,60,72,14
F,1648635960,0,0,66,15
F,1648636560,0,0,66,16
F,1648637160,0,0,66,14
F,1648637760,0,0,66,19
F,1648638360,0,0,66,17
F,1648638960,0,0,66,16
F,1648639560,0,0,66,15
F,1648640160,0,0,66,13
F,1648640760,0,0,65,14
F,1648641360,0,0,65,16
F,1648641960,0,0,66,15
F,1648642560,0,0,66,14
F,1648643160,0,0,66,17
F,1648643760,0,0,66,16
F,1648644360,0,0,66,13
F,1648644960,0,0,66,14
F,1648645560,0,0,65,17
F,1648646160,0,0,65,15
F,1648646760,0,0,66,15
F,1648647360,0,0,66,14
F,1648647960,0,0,66,14
F,1648648560,0,0,66,14
F,1648649160,0,0,66,12
F,1648649760,0,0,66,18
F,1648650360,0,0,66,13
F,1648650960,0,0,65,15
F,1648651560,0,0,66,13
F,1648652160,0,0,66,13
F,1648652760,0,0,66,14
F,1648653360,0,0,66,19
F,1648653960,0,0,66,19
F,1648654560,0,0,66,15
F,1648655160,0,0,66,15
F,1648655760,0,0,65,13
F,1648656360,0,0,66,12
F,1648656960,0,0,66,12
F,1648657560,0,0,66,15
F,1648658160,0,0,66,12
F,1648658760,0,0,66,12
F,1648659360,0,0,66,11
F,1648659960,0,0,66,12
F,1648660620,0,60,71,11
F,1648661220,0,0,66,12
F,1648661820,0,0,66,11
F,1648662420,0,0,66,11
F,1648663020,0,0,66,13
F,1648663620,0,0,66,11
F,1648664220,0,0,66,11
F,1648664820,0,0,65,11
F,1648665420,0,0,65,12
F,1648666020,0,0,66,11
F,1648666620,0,0,66,11
F,1648667220,0,0,66,11
F,1648671420,0,3600,62,3649
F,1648672020,0,0,66,11
F,1648672620,0,0,66,11
F,1648673220,0,0,66,11
F,1648673880,0,60,71,12
F,1648674480,0,0,66,11
F,1648675080,0,0,66,11
F,1648675680,0,0,66,11
F,1648676280,0,0,66,11
F,1648676880,0,0,66,11
F,1648677480,0,0,66,11
F,1648678080,0,0,66,11
F,1648678680,0,0,65,11
F,1648679280,0,0,66,11
F,1648679880,0,0,66,11
F,1648680480,0,0,66,11
F,1648681080,0,0,66,11
F,1648681680,0,0,66,11
F,1648682280,0,0,66,11
F,1648682880,0,0,65,11
F,1648683480,0,0,66,12
F,1648684080,0,0,66,12
F,1648684680,0,0,66,11
F,1648685280,0,0,66,11
F,1648685880,0,0,66,11
F,1648686480,0,0,66,11
F,1648687080,0,0,65,11
F,1648687680,0,0,65,11
F,1648688280,0,0,66,11
F,1648688880,0,0,66,11
F,1648689480,0,0,66,11
F,1648690080,0,0,66,11
F,1648690680,0,0,66,11
F,1648691280,0,0,66,11
F,1648691880,0,0,65,12
F,1648692480,0,0,66,12
F,1648693080,0,0,66,11
F,1648693680,0,0,66,11
F,1648694280,0,0,66,12
F,1648694880,0,0,66,11
F,1648695480,0,0,66,11
F,1648696080,0,0,65,11
F,1648696680,0,0,66,11
F,1648697280,0,0,66,11
F,1648697880,0,0,66,11
F,1648698480,0,0,66,11
F,1648699080,0,0,66,11
F,1648699680,0,0,66,11
F,1648700340,0,60,71,11
F,1648700940,0,0,66,11
F,1648701540,0,0,66,11
F,1648702140,0,0,66,11
F,1648702740,0,0,66,11
F,1648703340,0,0,66,11
F,1648703940,0,0,66,11
F,1648704540,0,0,66,11
F,1648705140,0,0,65,11
F,1648705740,0,0,66,11
F,1648706340,0,0,66,11
F,1648706940,0,0,66,12
F,1648707540,0,0,66,11
F,1648708140,0,0,66,11
F,1648708740,0,0,66,12
F,1648709340,0,0,65,11
F,1648709940,0,0,66,11
F,1648710540,0,0,66,11
F,1648711140,0,0,66,11
F,1648711740,0,0,66,11
F,1648712340,0,0,66,11
F,1648712940,0,0,66,12
F,1648713540,0,0,65,11
F,1648714140,0,0,66,11
F,1648714740,0,0,66,11
F,1648715340,0,0,66,12
F,1648715940,0,0,66,11
F,1648716540,0,0,66,19
F,1648717140,0,0,66,19
F,1648717740,0,0,66,11
F,1648718340,0,0,65,12
F,1648718940,0,0,66,14
F,1648719540,0,0,66,13
F,1648720140,0,0,66,13
F,1648720740,0,0,66,16
F,1648721340,0,0,66,14
F,1648721940,0,0,66,12
F,1648722540,0,0,66,13
F,1648723140,0,0,65,14
F,1648723740,0,0,66,12
F,1648724340,0,0,66,13
F,1648724940,0,0,66,14
F,1648725540,0,0,66,14
F,1648726140,0,0,66,12
F,1648726740,0,0,66,12
F,1648727340,0,0,66,16
F,1648728000,0,60,72,15
F,1648728600,0,0,66,14
F,1648729200,0,0,66,17
F,1648729800,0,0,66,13
F,1648730400,0,0,66,13
F,1648731000,0,0,65,19
F,1648731600,0,0,66,14
F,1648732200,0,0,65,16
F,1648732800,0,0,65,13
F,1648733400,0,0,66,14
F,1648734000,0,0,66,16
F,1648734600,0,0,65,20
F,1648735200,0,0,65,20
F,1648735800,0,0,66,16
F,1648736400,0,0,66,17
F,1648737000,0,0,66,15
F,1648737600,0,0,65,13
F,1648738200,0,0,66,12
F,1648738800,0,0,66,15
F,1648739400,0,0,66,16
F,1648740000,0,0,66,14
F,1648740600,0,0,66,13
F,1648741200,0,0,66,17
F,1648741800,0,0,67,17
F,1648742400,0,0,65,16
F,1648743000,0,0,66,14
F,1648743600,0,0,66,13
F,1648744200,0,0,66,15
F,1648744800,0,0,66,12
F,1648745460,0,60,71,20
F,1648746060,0,0,66,15
F,1648746660,0,0,66,11
F,1648747260,0,0,65,12
F,1648747860,0,0,66,11
F,1648748460,0,0,66,13
F,1648749060,0,0,66,12
F,1648749660,0,0,66,11
F,1648750260,0,0,66,11
F,1648750860,0,0,66,11
F,1648751460,0,0,65,11
F,1648752060,0,0,66,12
F,1648752660,0,0,66,11
F,1648753260,0,0,66,11
F,1648753860,0,0,66,11
F,1648754460,0,0,66,14
F,1648755060,0,0,66,11
F,1648755660,0,0,66,11
F,1648756260,0,0,65,12
F,1648756860,0,0,66,11
F,1648757460,0,0,66,11
F,1648758060,0,0,66,12
F,1648758660,0,0,66,12
F,1648759260,0,0,66,11
F,1648759860,0,0,66,11
F,1648760460,0,0,65,11
F,1648761060,0,0,66,11
F,1648761660,0,0,66,11
F,1648762260,0,0,66,11
F,1648762860,0,0,66,11
F,1648763460,0,0,66,11
F,1648764060,0,0,66,12
F,1648764660,0,0,65,13
F,1648765260,0,0,66,11
F,1648765860,0,0,66,11
F,1648766460,0,0,66,11
F,1648767060,0,0,66,12
F,1648767660,0,0,66,12
F,1648768260,0,0,66,11
F,1648768920,0,60,71,11
F,1648769520,0,0,66,11
F,1648770120,0,0,66,11
F,1648770720,0,0,66,11
G,1647716580,0,0,66,13
G,1647717180,0,0,66,11
G,1647717780,0,0,66,11
G,1647718380,0,0,66,14
G,1647718980,0,0,66,13
G,1647719580,0,0,66,11
G,1647720180,0,0,65,13
G,1647720780,0,0,66,13
G,1647721380,0,0,66,12
G,1647721980,0,0,66,12
G,1647722580,0,0,66,11
G,1647723180,0,0,66,16
G,1647723780,0,0,66,15
G,1647724380,0,0,66,15
G,1647724980,0,0,65,11
G,1647725580,0,0,66,12
G,1647726180,0,0,66,12
G,1647726780,0,0,66,13
G,1647727440,0,60,71,20
G,1647728040,0,0,66,13
G,1647728640,0,0,66,18
G,1647729240,0,0,65,13
G,1647729840,0,0,66,13
G,1647730440,0,0,66,11
G,1647731040,0,0,66,12
G,1647731640,0,0,66,12
G,1647732240,0,0,66,12
G,1647732840,0,0,66,12
G,1647733440,0,0,66,12
G,1647734040,0,0,65,13
G,1647734640,0,0,66,14
G,1647735240,0,0,66,12
G,1647735840,0,0,65,21
G,1647736440,0,0,66,11
G,1647737040,0,0,66,11
G,1647737640,0,0,66,13
G,1647738240,0,0,66,12
G,1647738840,0,0,65,12
G,1647739440,0,0,66,13
G,1647740040,0,0,66,16
G,1647740640,0,0,66,12
G,1647741240,0,0,66,15
G,1647741840,0,0,66,14
G,1647742440,0,0,66,12
G,1647743040,0,0,66,13
G,1647743640,0,0,65,13
G,1647744240,0,0,66,12
G,1647744840,0,0,66,13
G,1647745500,0,60,71,20
G,1647746100,0,0,65,20
G,1647746700,0,0,66,11
G,1647747300,0,0,66,11
G,1647747900,0,0,65,13
G,1647748500,0,0,66,15
G,1647749100,0,0,66,11
G,1647749700,0,0,66,11
G,1647750300,0,0,66,12
G,1647750900,0,0,66,11
G,1647751500,0,0,66,12
G,1647752100,0,0,66,12
G,1647752700,0,0,66,11
G,1647753300,0,0,66,11
G,1647753900,0,0,66,11
G,1647754500,0,0,66,11
G,1647755100,0,0,66,13
G,1647755700,0,0,64,21
G,1647756300,0,0,66,12
G,1647756960,0,60,71,13
G,1647757560,0,0,66,11
G,1647796020,0,37860,3840,23
G,1647796620,0,0,66,11
G,1647797220,0,0,66,11
G,1647797820,0,0,65,11
G,1647798420,0,0,66,11
G,1647799020,0,0,66,11
G,1647799620,0,0,66,11
G,1647800220,0,0,66,14
G,1647800820,0,0,66,11
G,1647801420,0,0,66,11
G,1647802020,0,0,66,11
G,1647802680,0,60,71,11
G,1647803280,0,0,66,12
G,1647803880,0,0,66,11
G,1647804480,0,0,66,14
G,1647805080,0,0,65,20
G,1647805680,0,0,66,11
G,1647806280,0,0,66,13
G,1647806880,0,0,65,11
G,1647807480,0,0,66,11
G,1647808080,0,0,66,11
G,1647808680,0,0,66,11
G,1647809280,0,0,66,11
G,1647809880,0,0,66,12
G,1647810480,0,0,66,11
G,1647811080,0,0,66,11
G,1647811680,0,0,65,11
G,1647812280,0,0,66,11
G,1647812880,0,0,66,13
G,1647813480,0,0,66,11
G,1647814080,0,0,66,11
G,1647814680,0,0,66,11
G,1647815280,0,0,66,12
G,1647815880,0,0,65,13
G,1647816480,0,0,66,19
G,1647817080,0,0,66,11
G,1647817680,0,0,66,11
G,1647818280,0,0,66,11
G,1647818880,0,0,66,11
G,1647819480,0,0,66,11
G,1647820080,0,0,66,11
G,1647820680,0,0,65,16
G,1647821280,0,0,66,11
G,1647821880,0,0,66,11
G,1647822480,0,0,66,12
G,1647823080,0,0,66,11
G,1647823680,0,0,66,11
G,1647824280,0,0,66,11
G,1647824940,0,60,71,11
G,1647825540,0,0,66,11
G,1647826140,0,0,66,11
G,1647826740,0,0,66,11
G,1647827340,0,0,66,11
G,1647827940,0,0,66,11
G,1647828540,0,0,66,11
G,1647829140,0,0,66,11
G,1647829740,0,0,65,11
G,1647830340,0,0,66,12
G,1647830940,0,0,66,12
G,1647831540,0,0,66,11
G,1647832140,0,0,66,18
G,1647832740,0,0,66,11
G,1647833340,0,0,66,13
G,1647833940,0,0,65,14
G,1647834540,0,0,66,14
G,1647835140,0,0,66,13
G,1647835740,0,0,66,11
G,1647836340,0,0,66,11
G,1647836940,0,0,66,11
G,1647837540,0,0,66,11
G,1647838140,0,0,65,11
G,1647838740,0,0,66,12
G,1647839340,0,0,66,12
G,1647839940,0,0,66,11
G,1647840540,0,0,66,11
G,1647841140,0,0,66,11
G,1647841740,0,0,66,11
G,1647842340,0,0,65,20
G,1647842940,0,0,65,12
G,1647843540,0,0,66,13
G,1647844140,0,0,66,15
G,1647844740,0,0,66,14
G,1647845340,0,0,66,13
G,1647845940,0,0,66,13
G,1647846540,0,0,66,13
G,1647847200,0,60,71,15
G,1647847800,0,0,66,13
G,1647848400,0,0,66,12
G,1647849000,0,0,66,12
G,1647849600,0,0,66,12
G,1647850200,0,0,66,11
G,1647850800,0,0,66,11
G,1647851400,0,0,65,14
G,1647852000,0,0,66,11
G,1647852600,0,0,66,11
G,1647853200,0,0,66,11
G,1647853800,0,0,66,13
G,1647854400,0,0,66,11
G,1647855000,0,0,66,11
G,1647855600,0,0,66,11
G,1647856200,0,0,65,14
G,1647856800,0,0,66,18
G,1647857400,0,0,66,13
G,1647858000,0,0,66,17
G,1647858600,0,0,66,12
G,1647859200,0,0,66,12
G,1647859800,0,0,66,12
G,1647860400,0,0,65,11
G,1647861000,0,0,64,21
G,1647861600,0,0,66,11
G,1647862200,0,0,66,14
G,1647862800,0,0,66,12
G,1647863400,0,0,66,13
G,1647864000,0,0,66,13
G,1647864600,0,0,66,15
G,1647865200,0,0,66,14
G,1647865800,0,0,65,14
G,1647866400,0,0,66,14
G,1647867000,0,0,66,13
G,1647867660,0,60,71,20
G,1647868260,0,0,66,13
G,1647868860,0,0,66,11
G,1647869460,0,0,66,15
G,1647870060,0,0,63,21
G,1647870660,0,0,64,21
G,1647871260,0,0,66,16
G,1647871860,0,0,66,16
G,1647872460,0,0,66,13
G,1647873060,0,0,66,16
G,1647873660,0,0,65,18
G,1647874260,0,0,66,15
G,1647874920,0,60,70,23
G,1647875580,0,60,66,24
G,1647876180,0,0,66,12
G,1647876780,0,0,64,34
G,1647877380,0,0,66,16
G,1647877980,0,0,66,16
G,1647878580,0,0,66,13
G,1647879180,0,0,66,15
G,1647879840,0,60,69,31
G,1647880440,0,0,66,13
G,1647881040,0,0,67,16
G,1647881640,0,0,66,14
G,1647882240,0,0,63,21
G,1647882840,0,0,64,22
G,1647883440,0,0,66,16
G,1647884040,0,0,66,17
G,1647884640,0,0,66,16
G,1647885240,0,0,66,16
G,1647885900,0,60,71,19
G,1647886500,0,0,66,20
G,1647887100,0,0,65,20
G,1647887700,0,0,66,15
G,1647888300,0,0,66,15
G,1647888900,0,0,65,13
G,1647889500,0,0,66,17
G,1647890100,0,0,66,13
G,1647890700,0,0,66,14
G,1647891300,0,0,66,12
G,1647891900,0,0,66,12
G,1647892500,0,0,66,12
G,1647893100,0,0,66,11
G,1647893700,0,0,66,11
G,1647894300,0,0,66,12
G,1647894900,0,0,67,12
G,1647895500,0,0,65,14
G,1647896100,0,0,66,13
G,1647896700,0,0,65,13
G,1647897300,0,0,66,15
G,1647897960,0,60,71,20
G,1647898560,0,0,66,12
G,1647899160,0,0,66,15
G,1647899760,0,0,66,11
G,1647900360,0,0,65,15
G,1647900960,0,0,62,27
G,1647901560,0,0,65,15
G,1647902160,0,0,66,12
G,1647902760,0,0,66,12
G,1647903360,0,0,66,16
G,1647903960,0,0,66,11
G,1647904560,0,0,66,11
G,1647905160,0,0,66,13
G,1647905760,0,0,66,13
G,1647906360,0,0,66,12
G,1647906960,0,0,66,11
G,1647907560,0,0,66,11
G,1647908160,0,0,66,11
G,1647908760,0,0,66,11
G,1647909360,0,0,66,11
G,1647909960,0,0,66,13
G,1647910560,0,0,66,11
G,1647911220,0,60,71,13
G,1647911820,0,0,66,12
G,1647912420,0,0,66,12
G,1647913020,0,0,66,11
G,1647913620,0,0,66,11
G,1647914220,0,0,66,12
G,1647914820,0,0,66,12
G,1647915420,0,0,65,12
G,1647916020,0,0,66,12
G,1647916620,0,0,66,13
G,1647917220,0,0,66,11
G,1647917820,0,0,66,11
G,1647918420,0,0,66,11
G,1647919020,0,0,66,15
G,1647919620,0,0,65,13
G,1647920220,0,0,65,11
G,1647920820,0,0,66,14
G,1647921420,0,0,66,15
G,1647922020,0,0,66,13
G,1647922620,0,0,66,14
G,1647923220,0,0,66,15
G,1647923820,0,0,66,12
G,1647924420,0,0,65,13
G,1647925020,0,0,66,11
G,1647925620,0,0,66,12
G,1647926220,0,0,66,13
G,1647926820,0,0,66,16
G,1647927420,0,0,66,13
G,1647928020,0,0,66,13
G,1647928620,0,0,65,12
G,1647929220,0,0,66,13
G,1647929820,0,0,66,12
G,1647930420,0,0,66,13
G,1647931020,0,0,66,14
G,1647931620,0,0,66,14
G,1647932220,0,0,66,17
G,1647932820,0,0,65,13
G,1647933420,0,0,66,12
G,1647934020,0,0,66,13
G,1647934620,0,0,66,12
G,1647935220,0,0,66,12
G,1647935820,0,0,66,12
G,1647936420,0,0,66,11
G,1647937020,0,0,66,11
G,1647937680,0,60,71,12
G,1647938280,0,0,66,11
G,1647938880,0,0,66,15
G,1647939480,0,0,65,20
G,1647940080,0,0,65,18
G,1647940680,0,0,64,20
G,1647941280,0,0,66,22
G,1647941940,0,60,70,21
G,1647942540,0,0,65,20
G,1647943140,0,0,66,13
G,1647943740,0,0,66,16
G,1647944340,0,0,66,17
G,1647944940,0,0,66,17
G,1647945540,0,0,65,20
G,1647946140,0,0,66,17
G,1647946740,0,0,67,16
G,1647947340,0,0,65,16
G,1647947940,0,0,66,23
G,1647948540,0,0,66,15
G,1647949140,0,0,66,12
G,1647949740,0,0,66,14
G,1647950340,0,0,66,15
G,1647950940,0,0,66,14
G,1647951540,0,0,65,28
G,1647952140,0,0,66,16
G,1647952740,0,0,65,16
G,1647953340,0,0,66,13
G,1647953940,0,0,66,14
G,1647954540,0,0,66,16
G,1647955140,0,0,66,13
G,1647955740,0,0,66,15
G,1647956340,0,0,66,14
G,1647956940,0,0,66,12
G,1647957600,0,60,71,14
G,1647958200,0,0,66,15
G,1647958800,0,0,66,15
G,1647959400,0,0,65,19
G,1647960000,0,0,66,15
G,1647960600,0,0,66,15
G,1647961200,0,0,66,14
G,1647961800,0,0,66,14
G,1647962400,0,0,65,17
G,1647963000,0,0,65,17
G,1647963600,0,0,66,17
G,1647964200,0,0,65,17
G,1647964800,0,0,65,17
G,1647965400,0,0,66,18
G,1647966000,0,0,66,13
G,1647966600,0,0,66,18
G,1647967200,0,0,65,18
G,1647967800,0,0,64,20
G,1647968400,0,0,66,16
G,1647969000,0,0,66,16
G,1647969660,0,60,71,20
G,1647970260,0,0,66,12
G,1647970860,0,0,66,11
G,1647971460,0,0,66,15
G,1647972060,0,0,65,17
G,1647972660,0,0,65,19
G,1647973260,0,0,65,12
G,1647973860,0,0,66,14
G,1647974460,0,0,66,11
G,1647975060,0,0,66,12
G,1647975660,0,0,66,11
G,1647976260,0,0,66,15
G,1647976860,0,0,67,14
G,1647977460,0,0,66,17
G,1647978060,0,0,63,20
G,1647978660,0,0,65,20
G,1647979260,0,0,66,14
G,1647979860,0,0,66,11
G,1647980460,0,0,66,11
G,1647981060,0,0,66,12
G,1647981660,0,0,66,11
G,1647982260,0,0,66,13
G,1647982920,0,60,71,11
G,1647983520,0,0,66,14
G,1647984120,0,0,66,13
G,1647984720,0,0,67,12
G,1647985320,0,0,66,11
G,1647985920,0,0,66,13
G,1647986520,0,0,66,11
G,1647987120,0,0,66,13
G,1647987720,0,0,65,11
G,1647988320,0,0,66,11
G,1647988920,0,0,66,12
G,1647989520,0,0,66,13
G,1647990120,0,0,66,15
G,1647990720,0,0,64,20
G,1647991320,0,0,66,15
G,1647991920,0,0,66,11
G,1647992520,0,0,65,15
G,1647993120,0,0,66,16
G,1647993720,0,0,66,13
G,1647994320,0,0,66,13
G,1647994920,0,0,66,12
G,1647995520,0,0,66,11
G,1647996120,0,0,66,11
G,1647996720,0,0,66,11
G,1647997380,0,60,71,11
G,1647997980,0,0,66,11
G,1647998580,0,0,66,11
G,1647999180,0,0,66,11
G,1647999780,0,0,66,11
G,1648000380,0,0,66,12
G,1648000980,0,0,66,11
G,1648001580,0,0,65,11
G,1648002180,0,0,66,11
G,1648002780,0,0,66,11
G,1648003380,0,0,66,11
G,1648003980,0,0,66,11
G,1648004580,0,0,66,14
G,1648005180,0,0,66,11
G,1648005780,0,0,65,13
G,1648006380,0,0,66,13
G,1648006980,0,0,66,12
G,1648007580,0,0,66,13
G,1648008180,0,0,66,11
G,1648008780,0,0,66,11
G,1648009380,0,0,66,11
G,1648009980,0,0,66,12
G,1648010580,0,0,65,12
G,1648011180,0,0,66,12
G,1648011780,0,0,66,12
G,1648012380,0,0,66,14
G,1648012980,0,0,66,11
G,1648013580,0,0,66,13
G,1648014180,0,0,66,14
G,1648014780,0,0,64,20
G,1648015380,0,0,66,12
G,1648015980,0,0,66,13
G,1648016580,0,0,66,11
G,1648017180,0,0,66,14
G,1648017780,0,0,66,12
G,1648018380,0,0,66,12
G,1648019040,0,60,71,11
G,1648019640,0,0,66,11
G,1648020240,0,0,66,11
G,1648020840,0,0,66,12
G,1648021440,0,0,66,17
G,1648022040,0,0,66,14
G,1648022640,0,0,66,13
G,1648023240,0,0,65,13
G,1648023840,0,0,64,20
G,1648024440,0,0,66,11
G,1648025040,0,0,66,15
G,1648025640,0,0,66,11
G,1648026240,0,0,66,11
G,1648026840,0,0,66,11
G,1648027440,0,0,66,12
G,1648028040,0,0,65,11
G,1648028640,0,0,66,14
G,1648029240,0,0,66,16
G,1648029840,0,0,66,15
G,1648030440,0,0,66,16
G,1648031040,0,0,66,18
G,1648031640,0,0,64,20
G,1648032300,0,60,69,20
G,1648032960,0,60,65,50
G,1648033560,0,0,65,17
G,1648034160,0,0,66,23
G,1648034760,0,0,66,15
G,1648035360,0,0,66,12
G,1648035960,0,0,66,12
G,1648036560,0,0,66,13
G,1648037160,0,0,66,12
G,1648037760,0,0,66,13
G,1648038360,0,0,65,13
G,1648038960,0,0,66,15
G,1648039560,0,0,66,14
G,1648040160,0,0,66,13
G,1648040760,0,0,66,12
G,1648041360,0,0,66,13
G,1648041960,0,0,66,17
G,1648042560,0,0,66,14
G,1648043160,0,0,66,15
G,1648043760,0,0,66,19
G,1648044360,0,0,66,16
G,1648044960,0,0,66,13
G,1648045560,0,0,66,13
G,1648046160,0,0,66,12
G,1648046760,0,0,66,12
G,1648047360,0,0,66,15
G,1648047960,0,0,66,12
G,1648048560,0,0,65,19
G,1648049220,0,60,71,16
G,1648049820,0,0,63,20
G,1648050420,0,0,66,16
G,1648051020,0,0,66,12
G,1648051620,0,0,66,12
G,1648052220,0,0,66,13
G,1648052820,0,0,66,13
G,1648053420,0,0,66,16
G,1648054020,0,0,64,21
G,1648054620,0,0,65,19
G,1648055220,0,0,66,16
G,1648055820,1,0,66,14
G,1648056420,1,0,66,19
G,1648057020,1,0,66,12
G,1648057620,0,0,66,17
G,1648058220,0,0,66,12
G,1648058820,1,0,66,14
G,1648059420,1,0,66,16
G,1648060020,1,0,67,16
G,1648060680,1,60,72,14
G,1648061280,1,0,66,12
G,1648061880,1,0,66,17
G,1648062480,1,0,66,15
G,1648063080,1,0,66,11
G,1648063680,1,0,66,13
G,1648064280,1,0,65,20
G,1648064880,1,0,66,12
G,1648065480,1,0,65,17
G,1648066080,1,0,64,23
G,1648066680,1,0,66,13
G,1648067280,1,0,66,13
G,1648067880,1,0,66,13
G,1648068480,1,0,66,14
G,1648069080,1,0,66,14
G,1648069680,1,0,66,13
G,1648070280,1,0,65,14
G,1648070880,1,0,66,13
G,1648071480,1,0,66,11
G,1648072080,1,0,66,12
G,1648072680,1,0,66,15
G,1648073280,1,0,66,11
G,1648073880,1,0,66,11
G,1648074480,1,0,66,15
G,1648075140,1,60,71,15
G,1648075740,1,0,66,12
G,1648076340,1,0,66,17
G,1648076940,1,0,66,14
G,1648077540,1,0,66,12
G,1648078140,1,0,66,15
G,1648078740,1,0,66,16
G,1648079340,1,0,65,16
G,1648079940,1,0,66,12
G,1648080540,1,0,66,14
G,1648081140,1,0,66,11
G,1648081740,1,0,66,11
G,1648082340,1,0,66,12
G,1648082940,1,0,66,12
G,1648083540,0,0,66,16
G,1648084140,0,0,65,13
G,1648084740,0,0,66,12
G,1648085340,0,0,66,12
G,1648085940,0,0,66,12
G,1648086540,0,0,66,12
G,1648087140,0,0,66,12
G,1648087740,0,0,65,12
G,1648088340,0,0,65,11
G,1648088940,0,0,66,11
G,1648089540,0,0,66,12
G,1648090140,0,0,66,11
G,1648090740,0,0,66,11
G,1648091340,0,0,66,11
G,1648091940,0,0,66,15
G,1648092540,0,0,65,14
G,1648093140,0,0,65,11
G,1648093740,0,0,66,11
G,1648094340,0,0,66,11
G,1648094940,0,0,66,13
G,1648095540,0,0,66,11
G,1648096140,0,0,66,12
G,1648096740,0,0,66,11
G,1648097340,0,0,65,14
G,1648097940,0,0,66,12
G,1648098540,0,0,66,11
G,1648099140,0,0,66,11
G,1648099740,0,0,66,11
G,1648100340,0,0,66,11
G,1648100940,0,0,66,13
G,1648101600,0,60,71,13
G,1648102200,0,0,66,11
G,1648102800,0,0,66,11
G,1648103400,0,0,66,11
G,1648104000,0,0,66,11
G,1648104600,0,0,66,12
G,1648105200,0,0,66,13
G,1648105800,0,0,65,14
G,1648106400,0,0,66,14
G,1648107000,0,0,66,16
G,1648107600,0,0,66,11
G,1648108200,0,0,66,11
G,1648108800,0,0,66,11
G,1648109400,0,0,66,15
G,1648110000,0,0,66,12
G,1648110600,0,0,65,14
G,1648111200,0,0,66,11
G,1648111800,0,0,66,13
G,1648112400,0,0,66,13
G,1648113000,0,0,66,11
G,1648113600,0,0,66,12
G,1648114200,0,0,66,18
G,1648114800,0,0,65,12
G,1648115400,0,0,66,12
G,1648116000,0,0,66,13
G,1648116600,0,0,66,14
G,1648117200,0,0,65,20
G,1648117800,0,0,66,12
G,1648118400,0,0,65,15
G,1648119000,0,0,65,20
G,1648119660,0,60,69,20
G,1648120260,0,0,65,19
G,1648120860,0,0,66,13
G,1648121460,0,0,66,16
G,1648122060,0,0,66,15
G,1648122660,0,0,66,11
G,1648123260,0,0,66,13
G,1648123860,0,0,66,14
G,1648124460,0,0,65,13
G,1648125060,0,0,66,15
G,1648125660,0,0,66,16
G,1648126260,0,0,66,16
G,1648126860,0,0,66,16
G,1648127460,0,0,65,21
G,1648128060,0,0,66,17
G,1648128720,0,60,71,20
G,1648129320,0,0,66,14
G,1648129920,0,0,66,20
G,1648130520,0,0,65,19
G,1648131120,0,0,66,13
G,1648131720,0,0,65,12
G,1648132320,0,0,66,17
G,1648132920,0,0,66,17
G,1648133520,0,0,66,16
G,1648134120,0,0,65,16
G,1648134720,0,0,66,13
G,1648135320,0,0,66,16
G,1648135920,0,0,66,16
G,1648136520,0,0,65,21
G,1648137120,0,0,66,13
G,1648137720,0,0,65,17
G,1648138320,0,0,66,15
G,1648138920,0,0,66,17
G,1648139580,0,60,71,24
G,1648140180,0,0,66,20
G,1648140780,0,0,66,18
G,1648141380,0,0,66,12
G,1648141980,0,0,66,13
G,1648142580,0,0,65,19
G,1648143180,0,0,66,15
G,1648143780,0,0,67,16
G,1648144380,0,0,66,15
G,1648144980,0,0,66,13
G,1648145580,0,0,66,11
G,1648146180,1,0,66,12
G,1648146780,1,0,66,16
G,1648147380,1,0,66,17
G,1648147980,1,0,66,11
G,1648148580,1,0,66,13
G,1648149180,1,0,65,12
G,1648149780,1,0,65,12
G,1648150380,1,0,66,15
G,1648150980,1,0,66,11
G,1648151580,1,0,66,12
G,1648152180,1,0,66,11
G,1648152780,1,0,66,14
G,1648153380,1,0,66,13
G,1648153980,1,0,65,12
G,1648154580,1,0,66,11
G,1648155180,1,0,66,16
G,1648155780,1,0,65,20
G,1648156380,1,0,66,13
G,1648156980,1,0,66,11
G,1648157580,1,0,66,11
G,1648158240,0,60,71,11
G,1648158840,0,0,66,11
G,1648159440,0,0,66,11
G,1648160040,0,0,66,11
G,1648160640,0,0,66,11
G,1648161240,0,0,66,11
G,1648161840,0,0,66,11
G,1648162440,0,0,66,11
G,1648163040,0,0,65,11
G,1648163640,0,0,66,11
G,1648164240,0,0,66,13
G,1648164840,0,0,66,11
G,1648165440,0,0,66,11
G,1648166040,0,0,66,11
G,1648166640,0,0,66,11
G,1648167240,0,0,65,13
G,1648167840,0,0,66,17
G,1648168440,0,0,66,14
G,1648169040,0,0,66,13
G,1648169640,0,0,65,20
G,1648170240,0,0,66,15
G,1648170840,0,0,65,21
G,1648171440,0,0,65,11
G,1648172040,0,0,66,11
G,1648172640,0,0,66,12
G,1648173240,0,0,66,15
G,1648173840,0,0,66,15
G,1648174440,0,0,66,11
G,1648175040,0,0,66,11
G,1648175640,0,0,66,11
G,1648176300,0,60,71,11
G,1648176900,0,0,66,13
G,1648177500,0,0,66,11
G,1648178100,0,0,66,11
G,1648178700,0,0,66,11
G,1648179300,0,0,66,13
G,1648179900,0,0,66,13
G,1648180500,0,0,65,13
G,1648181100,0,0,66,11
G,1648181700,0,0,66,11
G,1648182300,0,0,66,11
G,1648182900,0,0,66,11
G,1648183500,0,0,66,11
G,1648184100,0,0,66,11
G,1648184700,0,0,65,11
G,1648185300,0,0,66,12
G,1648185900,0,0,65,20
G,1648186500,0,0,66,11
G,1648187100,0,0,66,14
G,1648187700,0,0,66,11
G,1648188300,0,0,66,11
G,1648188900,0,0,65,11
G,1648189500,0,0,66,11
G,1648190100,0,0,66,11
G,1648190700,0,0,66,11
G,1648191300,0,0,66,11
G,1648191900,0,0,66,11
G,1648192500,0,0,66,11
G,1648193100,0,0,66,11
G,1648193700,0,0,65,11
G,1648194300,0,0,66,11
G,1648194900,0,0,66,14
G,1648195560,0,60,71,20
G,1648196160,0,0,66,15
G,1648196760,0,0,66,11
G,1648197360,0,0,66,12
G,1648197960,0,0,65,11
G,1648198560,0,0,66,12
G,1648199160,0,0,66,12
G,1648199760,0,0,66,11
G,1648200360,0,0,66,11
G,1648200960,0,0,65,20
G,1648201560,0,0,66,14
G,1648202160,0,0,64,20
G,1648202760,0,0,66,12
G,1648203360,0,0,66,16
G,1648203960,0,0,66,14
G,1648204560,0,0,66,11
G,1648205160,0,0,66,13
G,1648205760,0,0,66,13
G,1648206360,0,0,66,15
G,1648206960,0,0,65,13
G,1648207560,0,0,66,12
G,1648208160,0,0,66,14
G,1648208760,0,0,66,16
G,1648209360,0,0,66,12
G,1648209960,0,0,66,13
G,1648210560,0,0,66,13
G,1648211160,0,0,66,13
G,1648211760,0,0,66,13
G,1648212420,0,60,71,15
G,1648213020,0,0,66,13
G,1648213620,0,0,66,15
G,1648214220,0,0,66,12
G,1648214820,0,0,66,12
G,1648215420,0,0,66,15
G,1648216020,0,0,66,13
G,1648216620,0,0,66,14
G,1648217220,0,0,64,20
G,1648217820,0,0,66,14
G,1648218420,0,0,66,13
G,1648219020,0,0,66,13
G,1648219620,0,0,66,12
G,1648220220,0,0,66,18
G,1648220820,0,0,66,13
G,1648221420,0,0,66,18
G,1648222020,0,0,66,19
G,1648222620,1,0,64,20
G,1648223280,1,60,69,22
G,1648223880,1,0,65,13
G,1648224480,1,0,65,19
G,1648225080,1,0,65,19
G,1648225680,1,0,63,22
G,1648226280,1,0,65,22
G,1648226940,1,60,72,22
G,1648227540,1,0,66,13
G,1648228140,1,0,64,20
G,1648228740,0,0,66,12
G,1648229340,0,0,66,15
G,1648229940,0,0,66,14
G,1648230540,0,0,65,20
G,1648231140,0,0,66,11
G,1648231740,0,0,65,12
G,1648232340,0,0,66,13
G,1648232940,0,0,65,11
G,1648233540,0,0,66,11
G,1648234140,0,0,66,11
G,1648234740,0,0,66,12
G,1648235340,0,0,66,11
G,1648235940,1,0,66,12
G,1648236540,1,0,66,11
G,1648237140,1,0,66,16
G,1648237740,1,0,65,11
G,1648238340,1,0,66,11
G,1648238940,1,0,66,11
G,1648239540,1,0,66,11
G,1648240140,1,0,66,11
G,1648240740,1,0,66,11
G,1648241340,1,0,66,11
G,1648242000,1,60,71,11
G,1648242600,1,0,66,11
G,1648243200,1,0,66,12
G,1648243800,1,0,66,11
G,1648244400,1,0,66,12
G,1648245000,1,0,65,20
G,1648245600,1,0,66,11
G,1648246200,0,0,66,11
G,1648246800,0,0,65,11
G,1648247400,0,0,66,11
G,1648248000,0,0,66,11
G,1648248600,0,0,66,12
G,1648249200,1,0,66,11
G,1648249800,0,0,66,12
G,1648250400,0,0,66,11
G,1648251000,0,0,65,11
G,1648251600,0,0,66,11
G,1648252200,0,0,66,14
G,1648252800,0,0,66,12
G,1648253400,0,0,65,16
G,1648254000,0,0,66,15
G,1648254600,0,0,66,12
G,1648255200,0,0,65,11
G,1648255800,0,0,65,11
G,1648256400,0,0,66,11
G,1648257000,0,0,66,13
G,1648257600,0,0,66,11
G,1648258200,0,0,66,11
G,1648258800,0,0,66,12
G,1648259400,0,0,66,11
G,1648260000,0,0,65,12
G,1648260600,0,0,66,11
G,1648261200,0,0,66,11
G,1648261860,0,60,72,16
G,1648262400,0,0,61,11
G,1648263000,0,0,66,13
G,1648263660,0,60,71,22
G,1648264260,0,0,65,11
G,1648264860,0,0,66,11
G,1648265460,0,0,66,15
G,1648266060,0,0,66,11
G,1648266660,0,0,66,11
G,1648267260,0,0,66,11
G,1648267860,0,0,66,14
G,1648268460,0,0,65,11
G,1648269060,0,0,65,12
G,1648269660,0,0,66,13
G,1648270260,0,0,66,11
G,1648270860,0,0,66,18
G,1648271460,0,0,66,18
G,1648272060,0,0,67,11
G,1648272660,0,0,66,11
G,1648273260,0,0,65,11
G,1648273860,0,0,66,11
G,1648274460,0,0,66,11
G,1648275060,0,0,66,11
G,1648275660,0,0,66,11
G,1648276260,0,0,66,11
G,1648276860,0,0,66,11
G,1648277460,0,0,65,13
G,1648278060,0,0,66,12
G,1648278660,0,0,66,11
G,1648279260,0,0,66,14
G,1648279860,0,0,66,11
G,1648280460,0,0,66,11
G,1648281060,0,0,66,11
G,1648281720,0,60,71,11
G,1648282320,0,0,66,11
G,1648282920,0,0,66,11
G,1648283520,0,0,66,13
G,1648284120,0,0,66,14
G,1648284720,0,0,66,13
G,1648285320,0,0,66,15
G,1648285920,0,0,65,12
G,1648286520,0,0,65,14
G,1648287120,0,0,66,13
G,1648287720,0,0,66,12
G,1648288320,0,0,65,20
G,1648288920,0,0,66,11
G,1648289520,0,0,66,12
G,1648290120,0,0,66,14
G,1648290720,0,0,65,11
G,1648291320,0,0,66,11
G,1648291920,0,0,66,11
G,1648292520,0,0,66,11
G,1648293120,0,0,66,11
G,1648293720,0,0,66,11
G,1648294320,0,0,66,11
G,1648294920,0,0,65,11
G,1648295520,0,0,66,11
G,1648296120,0,0,66,12
G,1648296720,0,0,66,13
G,1648297320,0,0,66,15
G,1648297920,0,0,66,16
G,1648298580,0,60,70,21
G,1648299180,0,0,66,12
G,1648299780,0,0,65,11
G,1648300380,0,0,66,11
G,1648300980,0,0,66,11
G,1648301580,0,0,66,15
G,1648302180,0,0,66,11
G,1648302780,0,0,66,12
G,1648303380,0,0,66,12
G,1648303980,0,0,65,11
G,1648304580,0,0,66,12
G,1648305180,0,0,66,11
G,1648305780,0,0,66,11
G,1648306380,0,0,66,12
G,1648306980,0,0,66,12
G,1648307580,0,0,66,14
G,1648308180,0,0,65,14
G,1648308780,0,0,65,17
G,1648309380,0,0,66,14
G,1648309980,0,0,66,16
G,1648310580,0,0,66,20
G,1648311180,0,0,66,14
G,1648311780,0,0,66,12
G,1648312380,0,0,66,12
G,1648312980,0,0,65,13
G,1648313580,0,0,66,11
G,1648314180,0,0,66,12
G,1648314780,0,0,66,13
G,1648315380,1,0,66,14
G,1648315980,1,0,66,15
G,1648316580,1,0,66,11
G,1648317180,1,0,66,11
G,1648317840,1,60,71,13
G,1648318440,1,0,66,13
G,1648319040,1,0,66,13
G,1648319640,1,0,66,13
G,1648320240,1,0,66,11
G,1648320840,1,0,66,11
G,1648321440,1,0,66,11
G,1648322040,1,0,65,11
G,1648322640,1,0,65,11
G,1648323240,1,0,66,11
G,1648323840,1,0,66,11
G,1648324440,1,0,66,11
G,1648325040,1,0,66,11
G,1648325640,1,0,66,11
G,1648326240,1,0,66,11
G,1648326840,1,0,65,11
G,1648327440,1,0,66,12
G,1648328040,1,0,66,11
G,1648328640,1,0,66,11
G,1648329240,1,0,66,11
G,1648329840,1,0,66,12
G,1648330440,1,0,65,20
G,1648331040,1,0,64,20
G,1648331640,1,0,65,11
G,1648332240,1,0,66,11
G,1648332840,1,0,66,11
G,1648333440,1,0,66,11
G,1648334040,0,0,66,11
G,1648334640,0,0,66,11
G,1648335240,0,0,66,11
G,1648335840,0,0,65,11
G,1648336440,0,0,66,11
G,1648337040,0,0,66,11
G,1648337640,0,0,66,12
G,1648338300,0,60,71,17
G,1648338900,0,0,66,11
G,1648339500,0,0,66,11
G,1648340100,0,0,65,11
G,1648340700,0,0,66,13
G,1648341300,0,0,66,11
G,1648341900,0,0,66,11
G,1648342500,0,0,66,12
G,1648343100,0,0,66,14
G,1648343700,0,0,66,15
G,1648344300,0,0,65,17
G,1648344900,0,0,65,20
G,1648345500,0,0,66,16
G,1648346100,0,0,66,15
G,1648346700,0,0,66,13
G,1648347300,0,0,66,14
G,1648347900,0,0,66,11
G,1648348500,0,0,66,12
G,1648349100,0,0,65,11
G,1648349700,0,0,66,11
G,1648350300,0,0,66,11
G,1648350900,0,0,66,11
G,1648351500,0,0,66,11
G,1648352100,0,0,66,11
G,1648352700,0,0,66,11
G,1648353300,0,0,65,11
G,1648353900,0,0,66,11
G,1648354500,0,0,66,11
G,1648355100,0,0,66,11
G,1648355700,0,0,66,11
G,1648356300,0,0,66,11
G,1648356900,0,0,66,11
G,1648357500,0,0,66,11
G,1648358160,0,60,71,11
G,1648358760,0,0,66,11
G,1648359360,0,0,66,11
G,1648359960,0,0,66,12
G,1648360560,0,0,66,11
G,1648361160,0,0,66,11
G,1648361760,0,0,66,11
G,1648362360,0,0,65,14
G,1648362960,0,0,66,13
G,1648363560,0,0,66,11
G,1648364160,0,0,66,11
G,1648364760,0,0,67,12
G,1648365360,0,0,66,12
G,1648365960,0,0,66,12
G,1648366560,0,0,65,14
G,1648367160,0,0,66,13
G,1648367760,0,0,66,14
G,1648368360,0,0,66,11
G,1648368960,0,0,66,12
G,1648369560,0,0,66,11
G,1648370160,0,0,66,11
G,1648370760,0,0,65,11
G,1648371360,0,0,66,11
G,1648371960,0,0,66,11
G,1648372560,0,0,66,11
G,1648373160,0,0,66,11
G,1648373760,0,0,66,11
G,1648374360,0,0,66,13
G,1648374960,0,0,65,11
G,1648375560,0,0,66,11
G,1648376160,0,0,66,12
G,1648376760,0,0,66,11
G,1648377360,0,0,66,14
G,1648377960,0,0,66,14
G,1648378620,0,60,71,20
G,1648379220,0,0,65,16
G,1648379820,0,0,66,17
G,1648380420,0,0,65,21
G,1648381020,0,0,65,24
G,1648381620,0,0,66,12
G,1648382220,0,0,66,11
G,1648382820,0,0,66,12
G,1648383420,0,0,67,11
G,1648384020,0,0,65,11
G,1648384620,0,0,66,11
G,1648385220,0,0,66,11
G,1648385820,0,0,66,11
G,1648386420,0,0,66,11
G,1648387020,0,0,66,11
G,1648387620,0,0,66,11
G,1648388220,0,0,65,12
G,1648388820,0,0,66,13
G,1648389420,0,0,66,15
G,1648390020,0,0,66,15
G,1648390620,0,0,66,11
G,1648391220,0,0,66,12
G,1648391820,0,0,66,12
G,1648392420,0,0,66,11
G,1648393080,0,60,71,11
G,1648393680,0,0,66,11
G,1648394280,0,0,66,11
G,1648394880,0,0,66,11
G,1648395480,0,0,66,11
G,1648396080,0,0,66,11
G,1648396680,0,0,66,12
G,1648397280,0,0,65,11
G,1648397880,0,0,66,11
G,1648398480,0,0,66,12
G,1648399080,0,0,66,11
G,1648399680,0,0,66,11
G,1648400280,0,0,66,11
G,1648400880,0,0,66,11
G,1648401480,0,0,66,13
G,1648402080,0,0,65,11
G,1648402680,0,0,66,11
G,1648403280,0,0,66,11
G,1648403880,0,0,66,11
G,1648404480,0,0,66,12
G,1648405080,0,0,66,11
G,1648405680,0,0,66,11
G,1648406280,0,0,65,11
G,1648406880,0,0,66,11
G,1648407480,0,0,66,11
G,1648408080,0,0,66,11
G,1648408680,0,0,66,11
G,1648409280,0,0,66,15
G,1648409880,0,0,66,15
G,1648410480,0,0,65,16
G,1648411080,0,0,66,11
G,1648411680,0,0,66,11
G,1648412280,0,0,66,11
G,1648412880,0,0,66,11
G,1648413480,0,0,66,11
G,1648414080,0,0,66,11
G,1648414680,0,0,66,11
G,1648415280,0,0,65,11
G,1648415880,0,0,66,11
G,1648416480,0,0,66,11
G,1648417080,0,0,66,11
G,1648417680,0,0,66,11
G,1648418280,0,0,66,11
G,1648418880,0,0,66,11
G,1648419540,0,60,71,11
G,1648420140,0,0,66,13
G,1648420740,0,0,66,13
G,1648421340,0,0,66,16
G,1648421940,0,0,66,15
G,1648422540,0,0,66,14
G,1648423140,0,0,66,14
G,1648423740,0,0,66,14
G,1648424340,0,0,65,16
G,1648424940,0,0,66,13
G,1648425540,0,0,66,13
G,1648426140,0,0,66,13
G,1648426740,0,0,64,26
G,1648427340,0,0,66,11
G,1648427940,0,0,66,11
G,1648428540,0,0,65,11
G,1648429140,0,0,66,11
G,1648429740,0,0,66,11
G,1648430340,0,0,66,11
G,1648430940,0,0,66,11
G,1648431540,0,0,66,11
G,1648432140,0,0,66,11
G,1648432740,0,0,65,11
G,1648433340,0,0,66,11
G,1648433940,0,0,66,11
G,1648434540,0,0,66,11
G,1648435140,0,0,66,11
G,1648435740,0,0,66,11
G,1648436340,0,0,66,12
G,1648437000,0,60,71,11
G,1648437600,0,0,66,13
G,1648438200,0,0,66,11
G,1648438800,0,0,66,11
G,1648439400,0,0,66,11
G,1648440000,0,0,66,11
G,1648440600,0,0,66,15
G,1648441200,0,0,65,12
G,1648441800,0,0,66,11
G,1648442400,0,0,66,11
G,1648443000,0,0,66,13
G,1648443600,0,0,66,13
G,1648444200,0,0,66,11
G,1648444800,0,0,66,15
G,1648445400,0,0,65,11
G,1648446000,0,0,66,11
G,1648446600,0,0,66,11
G,1648447200,0,0,66,14
G,1648447800,0,0,66,11
G,1648448400,0,0,66,11
G,1648449000,0,0,66,12
G,1648449600,0,0,64,20
G,1648450200,0,0,64,20
G,1648450800,0,0,66,13
G,1648451400,0,0,66,12
G,1648452000,0,0,66,12
G,1648452600,0,0,66,11
G,1648453200,0,0,66,16
G,1648453800,0,0,66,12
G,1648454460,0,60,71,17
G,1648455060,0,0,66,14
G,1648455660,0,0,66,11
G,1648456260,0,0,66,11
G,1648456860,0,0,66,11
G,1648457460,0,0,65,20
G,1648458060,0,0,65,20
G,1648458660,0,0,65,11
G,1648459260,0,0,66,11
G,1648459860,0,0,66,15
G,1648460460,0,0,66,14
G,1648461060,0,0,66,13
G,1648461660,0,0,66,15
G,1648462260,0,0,66,12
G,1648462860,0,0,66,12
G,1648463460,0,0,65,12
G,1648464060,0,0,65,19
G,1648464660,0,0,66,13
G,1648465260,0,0,66,11
G,1648465860,0,0,66,14
G,1648466460,0,0,66,11
G,1648467060,0,0,66,13
G,1648467660,0,0,66,16
G,1648468260,0,0,65,11
G,1648468860,0,0,66,13
G,1648469460,0,0,66,11
G,1648470060,0,0,66,14
G,1648470660,0,0,66,13
G,1648471260,0,0,66,11
G,1648471860,0,0,66,12
G,1648472520,0,60,71,11
G,1648473120,0,0,66,11
G,1648473720,0,0,66,16
G,1648474320,0,0,65,20
G,1648474920,0,0,66,15
G,1648475520,0,0,66,12
G,1648476120,0,0,66,14
G,1648476720,0,0,65,22
G,1648477320,0,0,65,22
G,1648477920,0,0,64,20
G,1648478520,0,0,66,12
G,1648479180,0,60,71,20
G,1648479780,0,0,66,21
G,1648480380,0,0,66,12
G,1648480980,0,0,66,20
G,1648481580,0,0,66,20
G,1648482180,0,0,66,12
G,1648482780,0,0,65,13
G,1648483380,0,0,66,13
G,1648483980,0,0,66,13
G,1648484580,0,0,66,13
G,1648485180,0,0,66,14
G,1648485780,0,0,66,12
G,1648486380,0,0,66,12
G,1648486980,0,0,66,14
G,1648487580,0,0,65,13
G,1648488180,0,0,66,11
G,1648488780,0,0,66,12
G,1648489380,0,0,66,12
G,1648489980,0,0,66,11
G,1648490580,0,0,66,11
G,1648491180,0,0,66,17
G,1648491780,0,0,66,17
G,1648492380,0,0,65,15
G,1648492980,0,0,66,14
G,1648493580,0,0,66,11
G,1648494180,0,0,66,12
G,1648494780,0,0,66,13
G,1648495380,0,0,66,12
G,1648495980,0,0,66,13
G,1648496580,0,0,66,13
G,1648497180,0,0,65,11
G,1648497780,0,0,66,12
G,1648498380,0,0,66,12
G,1648498980,0,0,66,11
G,1648499580,0,0,66,11
G,1648500180,0,0,66,11
G,1648500780,0,0,66,11
G,1648501380,0,0,65,11
G,1648501980,0,0,66,11
G,1648502580,0,0,66,11
G,1648503180,0,0,66,11
G,1648503780,0,0,66,11
G,1648504380,0,0,66,11
G,1648504980,0,0,66,11
G,1648505640,0,60,71,12
G,1648506240,0,0,66,11
G,1648506840,0,0,66,11
G,1648507440,0,0,66,11
G,1648508040,0,0,66,11
G,1648508640,0,0,66,11
G,1648509240,0,0,66,11
G,1648509840,0,0,66,11
G,1648510440,0,0,65,12
G,1648511040,0,0,66,11
G,1648511640,0,0,66,11
G,1648512240,0,0,66,11
G,1648512840,0,0,66,14
G,1648513440,0,0,66,12
G,1648514040,0,0,66,11
G,1648514640,0,0,65,11
G,1648515240,0,0,66,12
G,1648515840,0,0,66,11
G,1648516440,0,0,66,11
G,1648517040,0,0,66,11
G,1648517640,0,0,66,12
G,1648518240,0,0,66,12
G,1648518840,0,0,65,12
G,1648519440,0,0,66,11
G,1648520040,0,0,66,11
G,1648520640,0,0,66,13
G,1648521240,0,0,66,11
G,1648521840,0,0,66,11
G,1648522440,0,0,66,11
G,1648523040,0,0,66,11
G,1648523640,0,0,65,11
G,1648524240,0,0,66,11
G,1648524840,0,0,66,11
G,1648525440,0,0,66,11
G,1648526040,0,0,66,11
G,1648526640,0,0,66,11
G,1648527240,0,0,66,11
G,1648527840,0,0,65,12
G,1648528440,0,0,66,11
G,1648529040,0,0,66,11
G,1648529640,0,0,66,13
G,1648530240,0,0,66,12
G,1648530840,0,0,66,11
G,1648531440,0,0,66,11
G,1648532100,0,60,71,12
G,1648532700,0,0,66,11
G,1648533300,0,0,66,14
G,1648533900,0,0,66,11
G,1648534500,0,0,66,11
G,1648535100,0,0,66,13
G,1648535700,0,0,66,11
G,1648536300,0,0,65,11
G,1648536900,0,0,66,13
G,1648537500,0,0,66,11
G,1648538100,0,0,66,12
G,1648538700,0,0,66,11
G,1648539300,0,0,66,12
G,1648539900,0,0,66,11
G,1648540500,0,0,65,12
G,1648541100,0,0,66,14
G,1648541700,0,0,66,15
G,1648542300,0,0,65,20
G,1648542900,0,0,66,13
G,1648543500,0,0,66,13
G,1648544100,0,0,66,14
G,1648544700,0,0,66,14
G,1648545300,0,0,65,11
G,1648545900,0,0,66,11
G,1648546500,0,0,66,13
G,1648547100,0,0,66,16
G,1648547700,0,0,66,21
G,1648548300,0,0,65,17
G,1648548900,0,0,65,19
G,1648549500,0,0,66,17
G,1648550160,0,60,71,12
G,1648550760,0,0,66,13
G,1648551360,0,0,66,11
G,1648551960,0,0,65,20
G,1648552560,0,0,66,15
G,1648553160,0,0,66,11
G,1648553760,0,0,66,12
G,1648554360,0,0,66,11
G,1648554960,0,0,65,14
G,1648555560,0,0,66,15
G,1648556160,0,0,66,16
G,1648556760,0,0,66,13
G,1648557360,0,0,66,12
G,1648557960,0,0,66,11
G,1648558560,0,0,66,11
G,1648559160,0,0,66,11
G,1648559760,0,0,65,13
G,1648560360,0,0,66,15
G,1648560960,0,0,66,13
G,1648561560,0,0,66,15
G,1648562160,0,0,66,15
G,1648562760,0,0,66,12
G,1648563360,0,0,66,17
G,1648563960,0,0,66,15
G,1648564560,0,0,66,14
G,1648565160,0,0,64,18
G,1648565760,0,0,66,15
G,1648566360,0,0,66,14
G,1648566960,0,0,66,14
G,1648567620,0,60,66,50
G,1648568220,0,0,66,11
G,1648568820,0,0,66,17
G,1648569420,0,0,66,15
G,1648570080,0,60,71,13
G,1648570680,0,0,66,14
G,1648571280,0,0,66,15
G,1648571880,0,0,66,13
G,1648572480,0,0,66,14
G,1648573080,0,0,66,17
G,1648573680,0,0,66,13
G,1648574280,0,0,66,14
G,1648574880,0,0,65,13
G,1648575480,0,0,66,12
G,1648576080,0,0,66,12
G,1648576680,0,0,66,13
G,1648577280,0,0,66,11
G,1648577880,0,0,66,12
G,1648578480,0,0,66,12
G,1648579080,0,0,66,13
G,1648579680,0,0,65,17
G,1648580280,0,0,65,20
G,1648580880,0,0,66,12
G,1648581480,0,0,66,11
G,1648582080,0,0,66,11
G,1648582680,0,0,66,14
G,1648583280,0,0,65,20
G,1648583940,0,60,70,20
G,1648584540,0,0,66,16
G,1648585140,0,0,66,11
G,1648585740,0,0,66,11
G,1648586340,0,0,66,11
G,1648586940,0,0,66,11
G,1648587540,0,0,66,13
G,1648588140,0,0,66,18
G,1648588740,0,0,65,20
G,1648589340,0,0,65,20
G,1648589940,0,0,65,20
G,1648590540,0,0,66,16
G,1648591140,0,0,65,21
G,1648591740,0,0,66,15
G,1648592340,0,0,66,18
G,1648593000,0,60,71,18
G,1648593600,0,0,65,21
G,1648594200,0,0,67,11
G,1648594800,0,0,66,11
G,1648595400,0,0,66,11
G,1648596000,0,0,66,12
G,1648596600,0,0,66,12
G,1648597200,0,0,65,13
G,1648597800,0,0,65,15
G,1648598400,0,0,66,11
G,1648599000,0,0,66,14
G,1648599600,0,0,66,11
G,1648600200,0,0,66,13
G,1648600800,0,0,66,13
G,1648601400,0,0,67,11
G,1648602000,0,0,65,11
G,1648602600,0,0,66,12
G,1648603200,0,0,66,12
G,1648603800,0,0,66,12
G,1648604400,0,0,66,15
G,1648605000,0,0,66,12
G,1648605600,0,0,66,14
G,1648606200,0,0,67,12
G,1648606800,0,0,65,13
G,1648607400,0,0,66,12
G,1648608000,0,0,66,12
G,1648608600,0,0,66,12
G,1648609200,0,0,66,11
G,1648609800,0,0,66,12
G,1648610400,0,0,66,11
G,1648611000,0,0,65,11
G,1648611600,0,0,66,11
G,1648612200,0,0,66,11
G,1648612800,0,0,66,13
G,1648613400,0,0,66,13
G,1648614000,0,0,66,15
G,1648614660,0,60,72,13
G,1648615260,0,0,66,11
G,1648615860,0,0,66,17
G,1648616460,0,0,65,22
G,1648617060,0,0,66,12
G,1648617660,0,0,66,18
G,1648618260,0,0,66,18
G,1648618860,0,0,66,11
G,1648619460,0,0,65,14
G,1648620060,0,0,66,14
G,1648620660,0,0,66,14
G,1648621260,0,0,66,12
G,1648621860,0,0,66,13
G,1648622460,0,0,66,12
G,1648623060,0,0,66,11
G,1648623660,0,0,66,14
G,1648624260,0,0,66,14
G,1648624860,0,0,66,14
G,1648625460,0,0,66,11
G,1648626060,0,0,66,12
G,1648626660,0,0,66,12
G,1648627260,0,0,66,14
G,1648627860,0,0,66,15
G,1648628460,0,0,65,12
G,1648629060,0,0,66,14
G,1648629660,0,0,66,15
G,1648630260,0,0,66,14
G,1648630860,0,0,66,13
G,1648631460,0,0,66,15
G,1648632060,0,0,67,15
G,1648632660,0,0,66,17
G,1648633320,0,60,71,16
G,1648633920,0,0,65,30
G,1648634520,0,0,66,13
G,1648635120,0,0,66,12
G,1648635720,0,0,66,13
G,1648636320,0,0,66,19
G,1648636920,0,0,66,12
G,1648637520,0,0,64,20
G,1648638120,0,0,65,20
G,1648638720,0,0,65,16
G,1648639380,0,60,70,16
G,1648639980,0,0,64,38
G,1648640580,0,0,65,17
G,1648641180,0,0,66,20
G,1648641780,0,0,64,22
G,1648642380,0,0,66,11
G,1648643040,0,60,71,15
G,1648643640,0,0,66,11
G,1648644240,0,0,66,12
G,1648644840,0,0,66,11
G,1648645440,0,0,65,20
G,1648646040,0,0,65,20
G,1648646640,0,0,66,12
G,1648647240,0,0,66,14
G,1648647840,0,0,66,17
G,1648648440,0,0,66,16
G,1648649040,0,0,66,13
G,1648649640,0,0,66,13
G,1648650240,0,0,66,11
G,1648650840,0,0,66,11
G,1648651440,0,0,66,11
G,1648652040,0,0,66,17
G,1648652640,0,0,65,17
G,1648653240,0,0,66,12
G,1648653840,0,0,66,14
G,1648654440,0,0,66,14
G,1648655040,0,0,66,15
G,1648655640,0,0,66,12
G,1648656240,0,0,66,14
G,1648656840,0,0,66,11
G,1648657440,0,0,65,12
G,1648658040,0,0,66,12
G,1648658640,0,0,66,15
G,1648659240,0,0,66,16
G,1648659840,0,0,65,20
G,1648660440,0,0,66,15
G,1648661040,0,0,67,16
G,1648661700,0,60,72,15
G,1648662300,0,0,66,18
G,1648662900,0,0,66,14
G,1648663500,0,0,66,16
G,1648664100,0,0,66,11
G,1648664700,0,0,66,14
G,1648665300,0,0,66,14
G,1648665900,0,0,66,12
G,1648666500,0,0,66,15
G,1648667100,0,0,64,20
G,1648671360,0,3660,68,3648
G,1648671960,0,0,66,15
G,1648672560,0,0,66,16
G,1648673160,0,0,66,15
G,1648673760,0,0,66,12
G,1648674360,0,0,66,13
G,1648674960,0,0,66,14
G,1648675560,0,0,65,13
G,1648676160,0,0,65,11
G,1648676760,0,0,66,11
G,1648677360,0,0,66,13
G,1648677960,0,0,66,13
G,1648678560,0,0,66,11
G,1648679160,0,0,66,12
G,1648679760,0,0,66,11
G,1648680360,0,0,65,13
G,1648680960,0,0,66,11
G,1648681560,0,0,66,13
G,1648682160,0,0,66,12
G,1648682760,0,0,66,12
G,1648683360,0,0,66,12
G,1648683960,0,0,66,13
G,1648684560,0,0,66,12
G,1648685160,0,0,66,13
G,1648685760,0,0,66,12
G,1648686360,0,0,66,11
G,1648686960,0,0,66,13
G,1648687560,0,0,66,13
G,1648688160,0,0,66,12
G,1648688760,0,0,66,11
G,1648689360,0,0,65,13
G,1648689960,0,0,66,12
G,1648690560,0,0,66,11
G,1648691160,0,0,66,11
G,1648691760,0,0,66,11
G,1648692360,0,0,66,11
G,1648692960,0,0,66,11
G,1648693560,0,0,65,13
G,1648694160,0,0,66,11
G,1648694760,0,0,66,11
G,1648695360,0,0,66,12
G,1648695960,0,0,66,11
G,1648696560,0,0,66,13
G,1648697160,0,0,66,11
G,1648697820,0,60,70,20
G,1648698420,0,0,66,13
G,1648699020,0,0,66,11
G,1648699620,0,0,66,11
G,1648700220,0,0,66,11
G,1648700820,0,0,66,11
G,1648701420,0,0,66,11
G,1648702020,0,0,65,11
G,1648702620,0,0,66,11
G,1648703220,0,0,66,11
G,1648703820,0,0,66,11
G,1648704420,0,0,66,15
G,1648705020,0,0,66,15
G,1648705620,0,0,66,11
G,1648706220,0,0,66,12
G,1648706820,0,0,65,11
G,1648707420,0,0,66,11
G,1648708020,0,0,66,11
G,1648708620,0,0,66,11
G,1648709220,0,0,66,11
G,1648709820,0,0,66,11
G,1648710420,0,0,66,14
G,1648711020,0,0,65,11
G,1648711620,0,0,66,12
G,1648712220,0,0,66,11
G,1648712820,0,0,66,14
G,1648713420,0,0,66,11
G,1648714020,0,0,66,13
G,1648714620,0,0,66,13
G,1648715220,0,0,65,17
G,1648715820,0,0,66,11
G,1648716420,0,0,66,11
G,1648717020,0,0,66,11
G,1648717620,0,0,66,15
G,1648718220,0,0,67,15
G,1648718880,0,60,69,20
G,1648719480,0,0,66,12
G,1648720080,0,0,65,12
G,1648720680,0,0,66,12
G,1648721280,0,0,66,12
G,1648721880,0,0,66,16
G,1648722480,0,0,66,16
G,1648723080,0,0,66,16
G,1648723680,0,0,66,14
G,1648724280,0,0,66,13
G,1648724880,0,0,65,13
G,1648725480,0,0,66,13
G,1648726080,0,0,66,14
G,1648726680,0,0,66,14
G,1648727280,0,0,66,16
G,1648727940,0,60,70,20
G,1648728540,0,0,67,14
G,1648729140,0,0,66,18
G,1648729740,0,0,66,15
G,1648730340,0,0,66,11
G,1648730940,0,0,66,12
G,1648731540,0,0,66,13
G,1648732140,0,0,66,12
G,1648732740,0,0,66,13
G,1648733340,0,0,66,13
G,1648733940,0,0,66,14
G,1648734540,0,0,65,12
G,1648735140,0,0,65,19
G,1648735740,0,0,66,15
G,1648736340,0,0,65,20
G,1648736940,0,0,66,14
G,1648737540,0,0,66,14
G,1648738140,0,0,65,20
G,1648738740,0,0,66,12
G,1648739400,0,60,71,11
G,1648740000,0,0,66,13
G,1648740600,0,0,66,13
G,1648741200,0,0,66,13
G,1648741800,0,0,65,20
G,1648742400,0,0,66,12
G,1648743000,0,0,66,13
G,1648743600,0,0,66,14
G,1648744200,0,0,65,12
G,1648744800,0,0,66,13
G,1648745400,0,0,66,12
G,1648746000,0,0,66,13
G,1648746600,0,0,66,12
G,1648747200,0,0,66,11
G,1648747800,0,0,66,11
G,1648748400,0,0,66,13
G,1648749000,0,0,65,13
G,1648749600,0,0,66,13
G,1648750200,0,0,66,12
G,1648750800,0,0,66,13
G,1648751400,0,0,66,11
G,1648752000,0,0,66,12
G,1648752600,0,0,66,13
G,1648753200,0,0,65,12
G,1648753800,0,0,66,12
G,1648754400,0,0,66,11
G,1648755000,0,0,66,11
G,1648755600,0,0,66,11
G,1648756200,0,0,66,11
G,1648756800,0,0,66,11
G,1648757400,0,0,65,11
G,1648758000,0,0,65,11
G,1648758600,0,0,66,12
G,1648759200,0,0,66,11
G,1648759800,0,0,66,12
G,1648760460,0,60,70,20
G,1648761060,0,0,66,14
G,1648761660,0,0,66,11
G,1648762260,0,0,65,11
G,1648762860,0,0,66,11
G,1648763460,0,0,66,11
G,1648764060,0,0,66,11
G,1648764660,0,0,66,11
G,1648765260,0,0,66,11
G,1648765860,0,0,66,11
G,1648766460,0,0,65,11
G,1648767060,0,0,66,11
G,1648767660,0,0,66,11
G,1648768260,0,0,65,20
G,1648768860,0,0,66,13
G,1648769460,0,0,66,13
G,1648770060,0,0,66,13
G,1648770660,0,0,66,15
H,1647766800,0,0,66,16
H,1647767400,0,0,65,19
H,1647768000,0,0,66,12
H,1647768600,0,0,66,12
H,1647769200,0,0,66,13
H,1647769800,0,0,66,17
H,1647770400,0,0,66,14
H,1647771000,0,0,65,14
H,1647771600,0,0,66,14
H,1647772200,0,0,66,13
H,1647772800,0,0,66,11
H,1647773700,0,300,67,209
H,1647774300,0,0,66,13
H,1647774900,0,0,66,16
H,1647775500,0,0,65,13
H,1647776100,0,0,66,14
H,1647776700,0,0,66,14
H,1647777300,0,0,66,14
H,1647778200,0,300,69,227
H,1647778800,0,0,66,15
H,1647779400,0,0,65,14
H,1647780240,0,240,63,260
H,1647780840,0,0,66,16
H,1647781680,0,240,71,195
H,1647782280,0,0,65,19
H,1647783540,0,660,62,265
H,1647785220,0,1080,64,330
H,1647785880,0,60,67,40
H,1647786480,0,0,65,22
H,1647787080,0,0,65,20
H,1647788580,0,900,63,752
H,1647789540,0,360,67,220
H,1647790560,0,420,65,220
H,1647791700,0,540,70,310
H,1647792300,0,0,66,15
H,1647792900,0,0,66,16
H,1647793500,0,0,64,20
H,1647794340,0,240,63,217
H,1647794940,0,0,66,15
H,1647795720,0,180,65,171
H,1647796320,0,0,66,16
H,1647796920,0,0,66,13
H,1647797580,0,60,66,26
H,1647798480,0,300,67,182
H,1647799380,0,300,62,211
H,1647800280,0,300,62,231
H,1647800880,0,0,66,17
H,1647801540,0,60,70,21
H,1647802380,0,240,63,218
H,1647803700,0,720,66,229
H,1647804780,0,480,64,244
H,1647805680,0,300,69,227
H,1647806580,0,300,62,201
H,1647807180,0,0,66,14
H,1647807780,0,0,66,15
H,1647808680,0,300,70,238
H,1647809280,0,0,66,12
H,1647809880,0,0,65,20
H,1647810480,0,0,66,13
H,1647811080,0,0,66,15
H,1647811680,0,0,66,14
H,1647812280,0,0,66,13
H,1647812880,0,0,65,14
H,1647813480,0,0,66,15
H,1647814080,0,0,66,15
H,1647814680,0,0,66,12
H,1647815280,0,0,66,15
H,1647815880,0,0,66,19
H,1647816480,0,0,66,13
H,1647817140,0,60,65,68
H,1647817740,0,0,66,12
H,1647818400,0,60,67,54
H,1647819000,0,0,66,15
H,1647819600,0,0,66,16
H,1647820200,0,0,66,13
H,1647820800,0,0,66,15
H,1647821400,0,0,66,13
H,1647822000,0,0,65,14
H,1647822600,0,0,66,13
H,1647823200,0,0,66,14
H,1647823800,0,0,66,15
H,1647824400,0,0,66,11
H,1647825000,0,0,66,13
H,1647825600,0,0,66,16
H,1647826200,0,0,65,15
H,1647826800,0,0,65,14
H,1647827400,0,0,66,13
H,1647828000,0,0,66,13
H,1647828600,0,0,66,14
H,1647829260,0,60,71,20
H,1647829860,0,0,66,12
H,1647830460,0,0,65,12
H,1647831060,0,0,65,12
H,1647831660,0,0,66,12
H,1647832260,0,0,66,13
H,1647832860,0,0,66,14
H,1647833460,0,0,66,12
H,1647834060,0,0,66,14
H,1647834660,0,0,66,13
H,1647835260,0,0,65,15
H,1647835860,0,0,66,12
H,1647836460,0,0,66,12
H,1647837060,0,0,66,13
H,1647837660,0,0,66,14
H,1647838260,0,0,66,12
H,1647838860,0,0,66,13
H,1647839460,0,0,66,15
H,1647840060,0,0,66,12
H,1647840660,0,0,66,12
H,1647841260,0,0,66,14
H,1647841860,0,0,66,14
H,1647842460,0,0,66,12
H,1647843060,0,0,66,12
H,1647843660,0,0,65,12
H,1647844260,0,0,65,12
H,1647844860,0,0,66,13
H,1647845460,0,0,66,15
H,1647846060,0,0,66,14
H,1647846660,0,0,66,13
H,1647847260,0,0,65,20
H,1647847860,0,0,66,12
H,1647848520,0,60,69,30
H,1647849120,0,0,65,15
H,1647849900,0,180,67,180
H,1647850500,0,0,65,20
H,1647851100,0,0,66,13
H,1647851700,0,0,66,18
H,1647852300,0,0,65,15
H,1647852900,0,0,65,14
H,1647853500,0,0,66,15
H,1647854100,0,0,66,16
H,1647854940,0,240,68,200
H,1647855540,0,0,65,13
H,1647856560,0,420,64,272
H,1647857520,0,360,65,212
H,1647858120,0,0,66,18
H,1647858720,0,0,64,21
H,1647859560,0,240,66,209
H,1647860280,0,120,67,50
H,1647860880,0,0,66,15
H,1647861480,0,0,66,16
H,1647862080,0,0,64,20
H,1647863220,0,540,69,261
H,1647863820,0,0,65,13
H,1647864420,0,0,66,14
H,1647865020,0,0,65,20
H,1647865620,0,0,63,27
H,1647866580,0,360,64,284
H,1647867180,0,0,66,15
H,1647867780,0,0,65,20
H,1647868380,0,0,66,14
H,1647868980,0,0,66,14
H,1647869580,0,0,66,15
H,1647870240,0,60,71,16
H,1647870840,0,0,66,14
H,1647871440,0,0,65,19
H,1647872040,0,0,65,17
H,1647872940,0,300,62,300
H,1647873600,0,60,69,22
H,1647874200,0,0,66,15
H,1647874800,0,0,66,17
H,1647875400,0,0,63,28
H,1647876000,0,0,66,19
H,1647876660,0,60,67,53
H,1647877320,0,60,66,49
H,1647877920,0,0,62,49
H,1647878520,0,0,66,15
H,1647879300,0,180,68,171
H,1647879900,0,0,66,16
H,1647880500,0,0,66,18
H,1647881280,0,180,63,98
H,1647882120,0,240,61,196
H,1647882780,0,60,65,32
H,1647883620,0,240,66,227
H,1647884280,0,60,64,50
H,1647884880,0,0,66,16
H,1647885480,0,0,65,22
H,1647886080,0,0,65,20
H,1647886740,0,60,65,69
H,1647887400,0,60,71,22
H,1647888000,0,0,65,15
H,1647888600,0,0,66,17
H,1647889200,0,0,66,13
H,1647889800,0,0,65,20
H,1647890580,0,180,63,215
H,1647891300,0,120,67,60
H,1647891900,0,0,66,14
H,1647892500,0,0,65,16
H,1647893100,0,0,66,17
H,1647893700,0,0,66,12
H,1647894300,0,0,66,12
H,1647895080,0,180,66,190
H,1647896160,0,480,64,209
H,1647896760,0,0,63,24
H,1647897540,0,180,63,181
H,1647898800,0,660,65,229
H,1647899400,0,0,66,15
H,1647900000,0,0,66,15
H,1647900660,0,60,71,20
H,1647901260,0,0,66,16
H,1647901860,0,0,65,12
H,1647902460,0,0,65,14
H,1647903060,0,0,66,15
H,1647903840,0,180,66,180
H,1647904440,0,0,66,14
H,1647905040,0,0,66,12
H,1647905640,0,0,66,15
H,1647906240,0,0,66,15
H,1647906840,0,0,66,13
H,1647907440,0,0,66,14
H,1647908040,0,0,66,15
H,1647908640,0,0,66,14
H,1647909240,0,0,66,15
H,1647909840,0,0,66,17
H,1647910440,0,0,66,12
H,1647911040,0,0,66,14
H,1647911640,0,0,65,14
H,1647912660,0,420,68,220
H,1647913260,0,0,66,15
H,1647914040,0,180,63,220
H,1647914640,0,0,65,21
H,1647915240,0,0,66,12
H,1647915840,0,0,66,14
H,1647916500,0,60,70,20
H,1647917100,0,0,66,14
H,1647917700,0,0,66,12
H,1647918300,0,0,66,13
H,1647918900,0,0,66,16
H,1647919500,0,0,66,16
H,1647920100,0,0,66,12
H,1647920700,0,0,65,14
H,1647921300,0,0,66,18
H,1647921900,0,0,66,18
H,1647922500,0,0,66,12
H,1647923100,0,0,66,12
H,1647923700,0,0,66,15
H,1647924300,0,0,66,13
H,1647924900,0,0,65,14
H,1647925500,0,0,66,12
H,1647926100,0,0,66,12
H,1647926700,0,0,66,13
H,1647927300,0,0,66,18
H,1647927900,0,0,66,18
H,1647928500,0,0,66,13
H,1647929100,0,0,65,13
H,1647929700,0,0,64,20
H,1647930300,0,0,66,12
H,1647930900,0,0,66,12
H,1647931500,0,0,66,14
H,1647932100,0,0,66,12
H,1647932700,0,0,66,12
H,1647933300,0,0,66,13
H,1647933960,0,60,71,11
H,1647934560,0,0,66,12
H,1647935160,0,0,66,16
H,1647935760,0,0,66,14
H,1647936360,0,0,66,16
H,1647936960,0,0,66,13
H,1647937560,0,0,66,15
H,1647938160,0,0,65,13
H,1647938760,0,0,66,16
H,1647939360,0,0,66,12
H,1647939960,0,0,66,13
H,1647940680,0,120,63,142
H,1647941340,0,60,65,19
H,1647942000,0,60,67,60
H,1647942600,0,0,64,30
H,1647943200,0,0,65,13
H,1647943800,0,0,65,19
H,1647944400,0,0,65,21
H,1647945000,0,0,66,15
H,1647945600,0,0,66,15
H,1647946200,0,0,66,15
H,1647946800,0,0,66,15
H,1647947400,0,0,66,17
H,1647948000,0,0,65,16
H,1647948600,0,0,66,14
H,1647949200,0,0,66,13
H,1647949800,0,0,66,14
H,1647950400,0,0,66,16
H,1647951480,0,480,68,220
H,1647952080,0,0,66,16
H,1647952680,0,0,65,16
H,1647953280,0,0,65,13
H,1647954240,0,360,65,341
H,1647954840,0,0,66,18
H,1647955440,0,0,66,14
H,1647956040,0,0,66,13
H,1647956880,0,240,69,179
H,1647957480,0,0,66,14
H,1647958080,0,0,65,15
H,1647958740,0,60,64,60
H,1647959400,0,60,71,22
H,1647960300,0,300,64,270
H,1647960960,0,60,66,70
H,1647961560,0,0,66,17
H,1647962160,0,0,66,14
H,1647962760,0,0,66,12
H,1647963360,0,0,66,14
H,1647963960,0,0,65,14
H,1647964560,0,0,65,23
H,1647965160,0,0,66,16
H,1647965760,0,0,66,16
H,1647966360,0,0,66,19
H,1647967020,0,60,69,26
H,1647968160,0,540,64,320
H,1647969360,0,600,67,320
H,1647970860,1,900,63,249
H,1647972720,1,1260,68,331
H,1647973320,1,0,65,17
H,1647974400,1,480,70,249
H,1647975000,1,0,61,50
H,1647976620,1,1020,64,297
H,1647978120,1,900,63,250
H,1647978720,1,0,64,24
H,1647979740,1,420,69,177
H,1647980340,1,0,64,31
H,1647980940,1,0,66,15
H,1647981960,1,420,64,217
H,1647982620,1,60,70,21
H,1647984360,1,1140,61,254
H,1647985080,1,120,66,71
H,1647985920,1,240,70,165
H,1647986520,1,0,66,14
H,1647987120,1,0,66,15
H,1647987720,1,0,66,13
H,1647988500,1,180,65,191
H,1647989100,1,0,65,20
H,1647989820,1,120,64,150
H,1647990660,1,240,71,188
H,1647991320,1,60,62,111
H,1647992160,1,240,66,240
H,1647992760,1,0,66,17
H,1647993360,1,0,65,18
H,1647994020,1,60,71,20
H,1647994620,1,0,66,14
H,1647995220,1,0,65,21
H,1647995820,1,0,65,21
H,1647996420,1,0,66,14
H,1647997020,1,0,66,14
H,1647997620,1,0,65,16
H,1647998220,1,0,66,11
H,1647998820,1,0,66,14
H,1647999420,1,0,66,16
H,1648000260,1,240,68,189
H,1648000920,1,60,66,70
H,1648001520,1,0,66,13
H,1648002120,1,0,65,11
H,1648002720,1,0,66,14
H,1648003320,1,0,66,16
H,1648003920,1,0,66,12
H,1648004520,1,0,66,15
H,1648005120,1,0,66,12
H,1648005720,1,0,66,14
H,1648006320,1,0,65,15
H,1648006920,1,0,66,15
H,1648007520,1,0,66,18
H,1648008120,1,0,66,15
H,1648008720,1,0,66,14
H,1648009320,1,0,66,12
H,1648009920,1,0,65,20
H,1648010520,1,0,66,13
H,1648011120,1,0,66,12
H,1648011720,1,0,66,15
H,1648012320,1,0,66,13
H,1648013160,1,240,66,207
H,1648013880,1,120,69,99
H,1648014480,1,0,66,15
H,1648015080,1,0,65,21
H,1648015680,1,0,66,12
H,1648016280,1,0,66,16
H,1648016880,1,0,66,17
H,1648017480,1,0,66,14
H,1648018080,1,0,66,12
H,1648018680,1,0,66,12
H,1648019280,1,0,66,13
H,1648019880,0,0,65,14
H,1648020480,0,0,66,16
H,1648021080,0,0,66,16
H,1648021680,0,0,66,12
H,1648022280,0,0,66,15
H,1648022880,1,0,67,14
H,1648023480,0,0,65,15
H,1648024140,0,60,69,20
H,1648024740,0,0,66,17
H,1648025340,0,0,65,19
H,1648026240,0,300,68,166
H,1648026840,0,0,66,13
H,1648027440,0,0,63,31
H,1648028040,0,0,65,14
H,1648028640,0,0,65,16
H,1648029720,0,480,66,259
H,1648030320,0,0,66,15
H,1648032300,0,1380,67,582
H,1648033740,0,840,64,306
H,1648035120,0,780,69,292
H,1648036860,0,1140,63,320
H,1648038360,0,900,67,361
H,1648038960,0,0,66,21
H,1648040700,0,1140,62,480
H,1648041960,0,660,67,225
H,1648042680,0,120,64,109
H,1648043340,0,60,71,22
H,1648044120,0,180,64,195
H,1648045620,1,900,66,319
H,1648046460,0,240,63,241
H,1648047540,0,480,67,241
H,1648048440,0,300,65,270
H,1648049340,0,300,65,189
H,1648051080,0,1140,68,621
H,1648051680,0,0,66,18
H,1648052280,0,0,65,21
H,1648053300,0,420,62,213
H,1648054140,0,240,68,196
H,1648056600,0,1860,67,667
H,1648058820,1,1620,62,445
H,1648061160,1,1740,64,570
H,1648062300,1,540,67,251
H,1648063440,1,540,68,257
H,1648064040,1,0,65,17
H,1648064640,1,0,65,25
H,1648065240,1,0,65,14
H,1648066080,1,240,66,231
H,1648066920,1,240,69,180
H,1648067520,1,0,64,21
H,1648068420,1,300,64,331
H,1648069080,1,60,67,59
H,1648069680,1,0,66,16
H,1648070280,1,0,66,17
H,1648070880,1,0,66,16
H,1648071480,1,0,66,13
H,1648072080,1,0,66,13
H,1648072740,1,60,67,51
H,1648073340,1,0,66,15
H,1648073940,1,0,66,16
H,1648074600,1,60,65,60
H,1648075500,1,300,67,178
H,1648076100,1,0,65,20
H,1648076700,1,0,66,14
H,1648077300,1,0,66,12
H,1648077900,1,0,66,15
H,1648078560,1,60,71,23
H,1648079160,1,0,66,15
H,1648079760,1,0,66,12
H,1648080360,1,0,66,13
H,1648080960,1,0,65,19
H,1648081560,1,0,66,14
H,1648082160,1,0,66,13
H,1648083000,1,240,66,251
H,1648084140,1,540,66,226
H,1648084740,1,0,66,12
H,1648085340,1,0,66,15
H,1648085940,1,0,66,15
H,1648086780,1,240,63,239
H,1648087440,1,60,67,19
H,1648088040,1,0,65,21
H,1648088880,1,240,66,251
H,1648089540,1,60,65,60
H,1648090140,1,0,64,21
H,1648090740,1,0,66,17
H,1648091580,1,240,63,210
H,1648092240,1,60,72,14
H,1648092840,1,0,65,20
H,1648093440,1,0,66,16
H,1648094040,1,0,65,23
H,1648094640,1,0,66,14
H,1648095240,1,0,67,13
H,1648095840,1,0,66,14
H,1648096440,1,0,65,14
H,1648097040,1,0,66,14
H,1648097640,1,0,65,20
H,1648098240,1,0,66,14
H,1648098840,1,0,66,15
H,1648099440,1,0,65,26
H,1648100040,1,0,66,13
H,1648100820,1,180,66,150
H,1648101840,1,420,65,291
H,1648102440,1,0,65,19
H,1648103040,1,0,65,19
H,1648103940,1,300,65,311
H,1648104780,0,240,67,215
H,1648105380,0,0,65,13
H,1648105980,0,0,65,20
H,1648106580,0,0,66,16
H,1648107240,0,60,68,50
H,1648107840,0,0,66,14
H,1648108800,0,360,68,350
H,1648109400,0,0,66,11
H,1648110000,0,0,65,11
H,1648110600,0,0,66,12
H,1648111200,0,0,66,12
H,1648111800,0,0,66,15
H,1648112400,0,0,66,13
H,1648113000,0,0,66,12
H,1648113600,0,0,66,12
H,1648114200,0,0,65,17
H,1648114800,0,0,66,17
H,1648115400,0,0,66,14
H,1648116000,0,0,66,15
H,1648116600,0,0,66,16
H,1648117200,0,0,66,14
H,1648117800,0,0,66,15
H,1648118400,0,0,65,19
H,1648119000,0,0,66,14
H,1648119600,0,0,66,17
H,1648120200,0,0,66,14
H,1648120800,0,0,66,15
H,1648121400,0,0,66,17
H,1648122180,0,180,68,155
H,1648122780,0,0,64,19
H,1648123380,0,0,66,13
H,1648123980,0,0,66,16
H,1648124580,0,0,65,23
H,1648125180,0,0,66,17
H,1648125780,0,0,65,21
H,1648126500,0,120,67,70
H,1648127340,0,240,70,196
H,1648128240,0,300,64,248
H,1648128840,0,0,65,17
H,1648129680,0,240,66,100
H,1648130580,0,300,66,120
H,1648131180,0,0,66,15
H,1648131780,0,0,66,18
H,1648132380,0,0,67,19
H,1648132980,0,0,66,15
H,1648133580,0,0,64,21
H,1648134420,1,240,65,244
H,1648135200,0,180,66,176
H,1648135800,0,0,66,16
H,1648136400,0,0,66,17
H,1648137300,0,300,70,231
H,1648137900,0,0,64,30
H,1648138500,0,0,66,14
H,1648139100,0,0,65,18
H,1648139940,1,240,66,200
H,1648140900,1,360,69,317
H,1648141500,0,0,65,20
H,1648142100,0,0,66,17
H,1648142940,0,240,68,180
H,1648143720,0,180,64,165
H,1648144320,0,0,66,15
H,1648144920,0,0,66,13
H,1648145520,0,0,66,16
H,1648146120,0,0,67,15
H,1648146720,0,0,65,20
H,1648147320,0,0,66,12
H,1648147920,1,0,66,14
H,1648148520,1,0,65,15
H,1648149120,1,0,66,14
H,1648149720,1,0,66,16
H,1648150320,1,0,66,13
H,1648150920,1,0,66,13
H,1648151520,0,0,65,19
H,1648152120,0,0,66,15
H,1648152780,0,60,71,15
H,1648153380,0,0,66,13
H,1648153980,0,0,66,12
H,1648154580,1,0,66,13
H,1648155180,1,0,66,14
H,1648155780,1,0,66,12
H,1648156380,1,0,66,18
H,1648156980,1,0,66,15
H,1648157640,1,60,65,70
H,1648158240,1,0,65,18
H,1648158840,1,0,66,12
H,1648159440,1,0,66,13
H,1648160040,1,0,66,11
H,1648160640,1,0,66,13
H,1648161240,1,0,66,13
H,1648161840,1,0,65,13
H,1648162440,1,0,66,12
H,1648163040,1,0,66,13
H,1648163640,1,0,66,15
H,1648164240,1,0,66,12
H,1648164840,1,0,66,11
H,1648165440,1,0,66,13
H,1648166040,1,0,65,12
H,1648166640,1,0,66,13
H,1648167240,1,0,66,12
H,1648167840,1,0,66,14
H,1648168440,1,0,66,11
H,1648169040,1,0,66,11
H,1648169640,1,0,66,15
H,1648170240,1,0,67,15
H,1648170840,1,0,65,11
H,1648171440,1,0,66,12
H,1648172040,1,0,66,12
H,1648172700,1,60,71,20
H,1648173300,1,0,66,11
H,1648173900,1,0,66,13
H,1648174500,1,0,66,13
H,1648175100,1,0,65,13
H,1648175700,1,0,66,12
H,1648176300,1,0,66,12
H,1648176900,1,0,66,11
H,1648177500,0,0,66,12
H,1648178100,0,0,66,14
H,1648178700,0,0,66,12
H,1648179300,0,0,65,12
H,1648179900,0,0,66,12
H,1648180500,0,0,66,11
H,1648181100,0,0,66,11
H,1648181700,0,0,66,13
H,1648182300,0,0,66,17
H,1648182900,0,0,66,12
H,1648183500,0,0,66,11
H,1648184100,0,0,65,11
H,1648184700,0,0,66,14
H,1648185300,0,0,66,11
H,1648185900,0,0,66,14
H,1648186500,0,0,66,13
H,1648187100,0,0,66,13
H,1648187700,0,0,66,14
H,1648188300,0,0,66,15
H,1648188900,0,0,66,13
H,1648189500,0,0,66,12
H,1648190100,0,0,66,12
H,1648190700,0,0,66,12
H,1648191300,0,0,65,11
H,1648191900,0,0,66,14
H,1648192500,0,0,65,16
H,1648193100,0,0,66,14
H,1648193700,0,0,66,14
H,1648194300,0,0,66,11
H,1648194900,0,0,66,12
H,1648195500,0,0,66,12
H,1648196100,0,0,66,14
H,1648196760,0,60,71,13
H,1648197360,0,0,66,11
H,1648197960,0,0,66,13
H,1648198560,0,0,66,12
H,1648199160,0,0,66,13
H,1648199760,0,0,66,18
H,1648200360,0,0,66,14
H,1648200960,0,0,65,16
H,1648201560,0,0,65,18
H,1648202160,0,0,66,18
H,1648202760,0,0,66,14
H,1648203360,0,0,66,11
H,1648203960,0,0,66,13
H,1648204560,0,0,66,13
H,1648205160,0,0,66,13
H,1648205760,0,0,65,12
H,1648206360,0,0,66,14
H,1648206960,0,0,66,15
H,1648207560,0,0,66,15
H,1648208160,0,0,65,14
H,1648208760,0,0,65,23
H,1648209360,0,0,66,16
H,1648209960,0,0,66,11
H,1648210560,0,0,65,19
H,1648211160,0,0,66,15
H,1648211760,0,0,66,15
H,1648212360,0,0,65,24
H,1648212960,0,0,66,14
H,1648213800,0,240,70,175
H,1648214400,0,0,66,15
H,1648215000,0,0,66,13
H,1648215600,0,0,65,17
H,1648216200,0,0,66,14
H,1648216800,0,0,66,13
H,1648217400,0,0,66,18
H,1648218000,1,0,66,16
H,1648218600,0,0,67,17
H,1648219200,0,0,66,17
H,1648219800,0,0,66,17
H,1648220400,0,0,66,16
H,1648221000,0,0,66,15
H,1648221600,0,0,66,19
H,1648222200,0,0,64,22
H,1648222800,0,0,66,16
H,1648223700,0,300,68,216
H,1648224300,0,0,66,15
H,1648224960,1,60,65,47
H,1648225560,1,0,64,18
H,1648226160,1,0,66,17
H,1648226820,1,60,66,30
H,1648227480,1,60,70,22
H,1648228080,1,0,66,14
H,1648228680,1,0,66,14
H,1648229280,1,0,65,13
H,1648229880,1,0,65,15
H,1648230720,1,240,64,221
H,1648231320,1,0,66,15
H,1648231920,1,0,66,14
H,1648232520,1,0,66,14
H,1648233120,1,0,66,14
H,1648233720,1,0,66,13
H,1648234320,1,0,66,13
H,1648234920,1,0,66,14
H,1648235520,1,0,65,14
H,1648236120,1,0,66,12
H,1648236720,1,0,66,11
H,1648237320,1,0,66,11
H,1648237920,1,0,66,11
H,1648238520,1,0,66,11
H,1648239120,1,0,66,12
H,1648239780,1,60,71,11
H,1648240380,1,0,66,12
H,1648240980,1,0,66,15
H,1648241580,1,0,66,11
H,1648242180,1,0,66,12
H,1648242780,1,0,66,12
H,1648243380,1,0,66,11
H,1648243980,1,0,65,11
H,1648244580,1,0,65,11
H,1648245180,1,0,66,11
H,1648245780,1,0,66,12
H,1648246380,1,0,66,11
H,1648246980,1,0,66,11
H,1648247580,1,0,66,12
H,1648248180,1,0,66,11
H,1648248780,1,0,65,11
H,1648249380,1,0,66,11
H,1648249980,1,0,66,15
H,1648250580,1,0,66,11
H,1648251180,1,0,66,11
H,1648251780,1,0,66,13
H,1648252380,1,0,66,13
H,1648252980,1,0,65,13
H,1648253580,1,0,66,11
H,1648254180,1,0,66,11
H,1648254780,1,0,66,11
H,1648255380,1,0,66,11
H,1648255980,1,0,66,11
H,1648256580,1,0,66,13
H,1648257180,1,0,66,11
H,1648257780,1,0,65,11
H,1648258380,1,0,66,11
H,1648258980,1,0,66,11
H,1648259580,1,0,66,11
H,1648260180,1,0,66,11
H,1648260780,1,0,66,11
H,1648261380,1,0,66,12
H,1648261980,1,0,65,12
H,1648262580,1,0,66,11
H,1648263180,1,0,66,13
H,1648263780,1,0,66,11
H,1648264380,1,0,66,12
H,1648264980,1,0,66,11
H,1648265580,1,0,66,12
H,1648266180,1,0,66,11
H,1648266840,1,60,71,11
H,1648267440,1,0,66,11
H,1648268040,1,0,66,12
H,1648268640,0,0,66,12
H,1648269240,0,0,66,11
H,1648269840,0,0,66,11
H,1648270440,0,0,66,11
H,1648271040,0,0,65,11
H,1648271640,0,0,66,11
H,1648272240,0,0,66,11
H,1648272840,0,0,66,15
H,1648273440,0,0,66,12
H,1648274040,0,0,66,11
H,1648274640,0,0,66,12
H,1648275240,0,0,65,12
H,1648275840,0,0,66,11
H,1648276440,0,0,66,11
H,1648277040,0,0,66,11
H,1648277640,0,0,66,11
H,1648278240,0,0,66,11
H,1648278840,1,0,66,11
H,1648279440,1,0,65,11
H,1648280040,1,0,66,12
H,1648280640,1,0,66,11
H,1648281240,1,0,66,11
H,1648281840,1,0,66,12
H,1648282440,1,0,66,11
H,1648283040,0,0,66,11
H,1648283640,0,0,65,11
H,1648284240,0,0,65,12
H,1648284840,0,0,66,12
H,1648285440,0,0,66,12
H,1648286040,0,0,66,12
H,1648286640,0,0,66,12
H,1648287240,0,0,66,13
H,1648287840,0,0,66,11
H,1648288440,0,0,65,13
H,1648289040,0,0,66,11
H,1648289640,0,0,66,12
H,1648290240,0,0,66,11
H,1648290840,0,0,66,11
H,1648291440,0,0,66,11
H,1648292040,0,0,66,12
H,1648292700,0,60,71,11
H,1648293300,0,0,66,13
H,1648293900,0,0,66,13
H,1648294500,0,0,66,12
H,1648295100,0,0,66,11
H,1648295700,0,0,66,11
H,1648296300,0,0,66,11
H,1648296900,0,0,66,11
H,1648297500,0,0,65,12
H,1648298100,0,0,66,12
H,1648298700,0,0,66,12
H,1648299300,0,0,66,13
H,1648299900,0,0,66,14
H,1648300500,0,0,66,12
H,1648301100,0,0,66,12
H,1648301700,0,0,65,13
H,1648302300,0,0,66,15
H,1648302900,0,0,66,14
H,1648303500,0,0,66,13
H,1648304100,0,0,66,12
H,1648304700,0,0,66,12
H,1648305300,0,0,66,11
H,1648305900,0,0,66,13
H,1648306500,0,0,65,15
H,1648307100,0,0,66,12
H,1648307700,0,0,66,12
H,1648308300,0,0,66,14
H,1648308900,0,0,66,15
H,1648309500,0,0,66,12
H,1648310100,0,0,66,12
H,1648310700,0,0,65,12
H,1648311300,0,0,66,14
H,1648311900,0,0,66,12
H,1648312500,0,0,66,13
H,1648313100,0,0,66,12
H,1648313700,0,0,66,12
H,1648314300,0,0,66,12
H,1648314900,0,0,66,13
H,1648315500,0,0,65,13
H,1648316100,0,0,66,13
H,1648316700,0,0,66,13
H,1648317300,0,0,66,12
H,1648317900,0,0,66,12
H,1648318500,0,0,66,11
H,1648319100,0,0,66,13
H,1648319760,0,60,71,14
H,1648320360,0,0,66,12
H,1648320960,0,0,66,12
H,1648321560,0,0,66,13
H,1648322160,0,0,66,12
H,1648322760,0,0,66,11
H,1648323360,0,0,66,12
H,1648323960,0,0,66,12
H,1648324560,0,0,65,13
H,1648325160,0,0,66,12
H,1648325760,0,0,66,11
H,1648326360,0,0,66,12
H,1648326960,0,0,66,12
H,1648327560,0,0,66,12
H,1648328160,0,0,66,12
H,1648328760,0,0,66,11
H,1648329360,0,0,66,11
H,1648329960,0,0,66,12
H,1648330560,0,0,66,11
H,1648331160,0,0,66,11
H,1648331760,0,0,66,12
H,1648332360,0,0,66,11
H,1648332960,0,0,66,11
H,1648333560,0,0,65,11
H,1648334160,0,0,66,11
H,1648334760,0,0,66,11
H,1648335360,0,0,66,11
H,1648335960,0,0,66,11
H,1648336560,0,0,66,11
H,1648337160,0,0,66,12
H,1648337760,0,0,65,12
H,1648338360,0,0,66,11
H,1648338960,0,0,66,12
H,1648339560,0,0,66,14
H,1648340160,0,0,66,12
H,1648340760,0,0,66,14
H,1648341360,0,0,66,11
H,1648342020,0,60,71,11
H,1648342620,0,0,66,11
H,1648343220,0,0,66,11
H,1648343820,0,0,66,12
H,1648344420,0,0,66,11
H,1648345020,0,0,66,11
H,1648345620,0,0,66,11
H,1648346220,0,0,66,13
H,1648346820,0,0,65,11
H,1648347420,0,0,66,11
H,1648348020,0,0,66,11
H,1648348620,0,0,66,11
H,1648349220,0,0,66,12
H,1648349820,0,0,66,12
H,1648350420,0,0,66,11
H,1648351020,0,0,65,12
H,1648351620,0,0,66,11
H,1648352220,0,0,66,11
H,1648352820,0,0,66,11
H,1648353420,0,0,66,11
H,1648354020,0,0,65,11
H,1648354620,0,0,66,13
H,1648355220,0,0,66,11
H,1648355820,0,0,65,12
H,1648356420,0,0,66,11
H,1648357020,0,0,66,11
H,1648357620,0,0,66,11
H,1648358220,0,0,66,12
H,1648358820,0,0,66,11
H,1648359420,0,0,66,12
H,1648360020,0,0,65,11
H,1648360620,0,0,66,11
H,1648361220,0,0,66,11
H,1648361820,0,0,66,14
H,1648362420,0,0,66,11
H,1648363020,0,0,66,12
H,1648363620,0,0,66,11
H,1648364220,0,0,65,13
H,1648364820,0,0,66,11
H,1648365420,0,0,66,11
H,1648366020,0,0,66,11
H,1648366620,0,0,66,11
H,1648367220,0,0,66,11
H,1648367820,0,0,66,11
H,1648368480,0,60,71,14
H,1648369080,0,0,66,12
H,1648369680,0,0,66,12
H,1648370280,0,0,66,14
H,1648370880,0,0,66,12
H,1648371480,0,0,66,11
H,1648372080,0,0,66,12
H,1648372680,0,0,65,12
H,1648373280,0,0,66,11
H,1648373880,0,0,66,13
H,1648374480,0,0,66,11
H,1648375080,0,0,66,11
H,1648375680,0,0,66,12
H,1648376280,0,0,66,11
H,1648376880,0,0,66,12
H,1648377480,0,0,65,11
H,1648378080,0,0,66,12
H,1648378680,0,0,66,13
H,1648379280,0,0,66,12
H,1648379880,0,0,66,12
H,1648380480,0,0,66,11
H,1648381080,0,0,66,12
H,1648381680,0,0,65,15
H,1648382280,0,0,66,12
H,1648382880,0,0,66,12
H,1648383480,0,0,66,13
H,1648384080,0,0,66,12
H,1648384680,0,0,66,11
H,1648385280,0,0,66,11
H,1648385880,0,0,65,13
H,1648386480,0,0,66,12
H,1648387080,0,0,66,11
H,1648387680,0,0,66,13
H,1648388280,0,0,66,11
H,1648388880,0,0,66,11
H,1648389480,0,0,66,12
H,1648390080,0,0,66,11
H,1648390680,0,0,65,13
H,1648391280,0,0,66,13
H,1648391880,0,0,66,14
H,1648392480,0,0,66,11
H,1648393080,0,0,66,11
H,1648393800,0,120,68,110
H,1648394400,0,0,66,12
H,1648395000,0,0,65,11
H,1648395600,0,0,66,12
H,1648396200,0,0,66,12
H,1648396800,0,0,66,12
H,1648397400,0,0,66,11
H,1648398000,0,0,66,12
H,1648398600,0,0,66,11
H,1648399200,0,0,66,11
H,1648399800,0,0,65,13
H,1648400400,0,0,66,13
H,1648401000,0,0,66,13
H,1648401600,0,0,66,14
H,1648402200,0,0,66,11
H,1648402800,0,0,66,11
H,1648403400,0,0,66,11
H,1648404060,0,60,71,11
H,1648404660,0,0,66,15
H,1648405260,0,0,66,11
H,1648405860,0,0,66,11
H,1648406460,0,0,66,13
H,1648407060,0,0,66,13
H,1648407660,0,0,66,12
H,1648408260,0,0,65,11
H,1648408860,0,0,66,12
H,1648409460,0,0,66,12
H,1648410060,0,0,66,13
H,1648410660,0,0,66,12
H,1648411260,0,0,66,12
H,1648411860,0,0,66,13
H,1648412460,0,0,66,12
H,1648413060,0,0,65,13
H,1648413660,0,0,66,13
H,1648414260,0,0,66,13
H,1648414860,0,0,66,11
H,1648415460,0,0,66,11
H,1648416060,0,0,66,13
H,1648416660,0,0,66,12
H,1648417260,0,0,65,11
H,1648417860,0,0,66,11
H,1648418460,0,0,66,13
H,1648419060,0,0,66,13
H,1648419660,0,0,66,13
H,1648420260,0,0,66,13
H,1648420860,0,0,66,11
H,1648421460,0,0,66,11
H,1648422060,0,0,65,11
H,1648422660,0,0,66,11
H,1648423260,0,0,66,11
H,1648423860,0,0,66,11
H,1648424460,0,0,66,12
H,1648425060,0,0,66,13
H,1648425660,0,0,66,12
H,1648426260,0,0,65,12
H,1648426860,0,0,66,11
H,1648427460,0,0,66,11
H,1648428060,0,0,66,11
H,1648428660,0,0,66,11
H,1648429260,0,0,66,12
H,1648429860,0,0,66,14
H,1648430520,0,60,71,13
H,1648431120,0,0,66,13
H,1648431720,0,0,66,11
H,1648432320,0,0,66,11
H,1648432920,0,0,66,11
H,1648433520,0,0,66,11
H,1648434120,0,0,66,11
H,1648434720,0,0,65,11
H,1648435320,0,0,66,11
H,1648435920,0,0,66,12
H,1648436520,0,0,66,11
H,1648437120,0,0,66,11
H,1648437720,0,0,66,16
H,1648438320,0,0,67,11
H,1648438920,0,0,65,11
H,1648439520,0,0,66,12
H,1648440120,0,0,66,12
H,1648440720,0,0,66,11
H,1648441320,0,0,66,11
H,1648441920,0,0,66,11
H,1648442520,0,0,66,11
H,1648443120,0,0,65,11
H,1648443720,0,0,66,11
H,1648444320,0,0,66,12
H,1648444920,0,0,66,12
H,1648445520,0,0,66,12
H,1648446120,0,0,66,11
H,1648446720,0,0,66,11
H,1648447320,0,0,66,11
H,1648447920,0,0,65,12
H,1648448520,0,0,66,11
H,1648449120,0,0,66,13
H,1648449720,0,0,66,12
H,1648450320,0,0,66,11
H,1648450920,0,0,66,11
H,1648451520,0,0,66,11
H,1648452120,0,0,65,11
H,1648452720,0,0,66,13
H,1648453320,0,0,66,14
H,1648453920,0,0,66,12
H,1648454520,0,0,66,13
H,1648455180,0,60,71,18
H,1648455780,0,0,66,15
H,1648456380,0,0,65,13
H,1648456980,0,0,66,12
H,1648457580,0,0,66,13
H,1648458180,0,0,66,12
H,1648458780,0,0,66,15
H,1648459380,0,0,66,14
H,1648459980,0,0,66,19
H,1648460580,0,0,66,15
H,1648461180,0,0,65,13
H,1648461780,0,0,66,12
H,1648462380,0,0,66,14
H,1648462980,0,0,66,14
H,1648463580,0,0,66,15
H,1648464180,0,0,65,20
H,1648464780,0,0,66,14
H,1648465380,0,0,64,19
H,1648465980,0,0,66,15
H,1648466580,0,0,66,14
H,1648467180,0,0,66,15
H,1648467840,0,60,67,57
H,1648468440,0,0,66,15
H,1648469040,0,0,66,15
H,1648469640,0,0,65,15
H,1648470240,0,0,65,15
H,1648471020,0,180,69,61
H,1648471920,0,300,68,262
H,1648472520,0,0,66,15
H,1648473120,0,0,66,14
H,1648473720,0,0,66,19
H,1648474500,0,180,65,187
H,1648475280,0,180,63,185
H,1648475880,0,0,65,23
H,1648476780,0,300,66,311
H,1648477380,0,0,66,17
H,1648478040,0,60,70,21
H,1648478940,0,300,63,316
H,1648479840,0,300,67,239
H,1648480440,0,0,66,16
H,1648481580,0,540,68,261
H,1648482180,0,0,65,19
H,1648483140,0,360,66,359
H,1648483920,0,180,65,151
H,1648484820,0,300,64,171
H,1648485420,0,0,66,14
H,1648486020,0,0,66,14
H,1648486800,0,180,63,186
H,1648487400,0,0,66,18
H,1648488000,0,0,66,14
H,1648488600,0,0,66,12
H,1648489200,0,0,66,13
H,1648489860,0,60,71,13
H,1648490460,0,0,63,21
H,1648491300,0,240,64,259
H,1648491900,0,0,65,21
H,1648492500,0,0,66,13
H,1648493100,0,0,66,13
H,1648493700,0,0,66,12
H,1648494300,0,0,66,17
H,1648495080,0,180,64,195
H,1648495680,0,0,66,12
H,1648496280,0,0,66,14
H,1648496880,0,0,66,12
H,1648497480,0,0,66,13
H,1648498080,0,0,66,12
H,1648498680,0,0,66,11
H,1648499340,0,60,71,11
H,1648499940,0,0,66,12
H,1648500540,0,0,66,11
H,1648501140,0,0,66,11
H,1648501740,0,0,66,12
H,1648502340,0,0,66,13
H,1648502940,0,0,66,13
H,1648503540,0,0,65,11
H,1648504140,0,0,66,12
H,1648504740,0,0,66,12
H,1648505340,0,0,66,13
H,1648505940,0,0,66,11
H,1648506540,0,0,66,11
H,1648507140,0,0,66,11
H,1648507740,0,0,65,11
H,1648508340,0,0,67,12
H,1648508940,0,0,66,11
H,1648509540,0,0,66,13
H,1648510140,0,0,66,13
H,1648510740,0,0,66,12
H,1648511340,0,0,66,13
H,1648511940,0,0,66,12
H,1648512540,0,0,65,13
H,1648513140,0,0,66,12
H,1648513740,0,0,66,12
H,1648514340,0,0,66,13
H,1648514940,0,0,66,13
H,1648515540,0,0,66,11
H,1648516140,0,0,66,11
H,1648516740,0,0,65,11
H,1648517340,0,0,66,12
H,1648517940,0,0,66,13
H,1648518540,0,0,66,11
H,1648519140,0,0,66,11
H,1648519800,0,60,71,20
H,1648520400,0,0,66,11
H,1648521000,0,0,65,11
H,1648521600,0,0,66,14
H,1648522200,0,0,66,14
H,1648522800,0,0,66,12
H,1648523400,0,0,66,12
H,1648524000,0,0,66,11
H,1648524600,0,0,66,11
H,1648525200,0,0,65,11
H,1648525800,0,0,65,12
H,1648526400,0,0,66,12
H,1648527000,0,0,66,12
H,1648527600,0,0,66,15
H,1648528200,0,0,66,11
H,1648528800,0,0,66,11
H,1648529400,0,0,65,14
H,1648530000,0,0,65,12
H,1648530600,0,0,66,11
H,1648531200,0,0,66,13
H,1648531800,0,0,66,12
H,1648532400,0,0,66,11
H,1648533000,0,0,65,20
H,1648533600,0,0,66,13
H,1648534200,0,0,65,13
H,1648534800,0,0,66,12
H,1648535400,0,0,66,13
H,1648536000,0,0,66,12
H,1648536600,0,0,66,14
H,1648537200,0,0,67,11
H,1648537800,0,0,66,13
H,1648538460,0,60,71,13
H,1648539060,0,0,66,12
H,1648539660,0,0,66,11
H,1648540260,0,0,66,12
H,1648540860,0,0,66,14
H,1648541460,0,0,66,15
H,1648542060,0,0,66,15
H,1648542660,0,0,65,17
H,1648543260,0,0,65,18
H,1648543860,0,0,66,20
H,1648544460,0,0,66,14
H,1648545060,0,0,66,13
H,1648545660,0,0,66,15
H,1648546260,0,0,65,20
H,1648547280,0,420,64,177
H,1648548060,0,180,63,220
H,1648548660,0,0,66,16
H,1648549260,0,0,66,17
H,1648549860,0,0,66,15
H,1648550520,0,60,72,18
H,1648551060,0,0,61,16
H,1648551720,0,60,71,19
H,1648552800,0,480,66,249
H,1648553400,0,0,66,16
H,1648554720,0,720,62,391
H,1648557480,0,2160,66,359
H,1648560480,0,2400,62,330
H,1648561080,0,0,62,40
H,1648561740,0,60,71,20
H,1648562340,0,0,65,19
H,1648562940,0,0,65,16
H,1648563540,0,0,66,15
H,1648564140,0,0,65,20
H,1648564740,0,0,66,17
H,1648565340,0,0,65,17
H,1648566420,0,480,64,303
H,1648568280,0,1260,70,327
H,1648569000,0,120,65,84
H,1648569840,0,240,64,205
H,1648571280,0,840,69,281
H,1648572360,0,480,66,280
H,1648573320,0,360,62,231
H,1648574160,0,240,65,219
H,1648574760,0,0,66,16
H,1648575360,0,0,65,23
H,1648575960,0,0,65,16
H,1648576860,0,300,66,250
H,1648578000,0,540,70,216
H,1648578600,0,0,66,16
H,1648579200,0,0,66,15
H,1648579980,0,180,63,213
H,1648580580,0,0,65,22
H,1648581180,0,0,66,14
H,1648581780,0,0,66,13
H,1648582380,0,0,66,13
H,1648583040,0,60,71,19
H,1648583640,0,0,64,20
H,1648584420,0,180,64,210
H,1648585020,0,0,66,14
H,1648585620,0,0,65,15
H,1648586280,0,60,70,18
H,1648586880,0,0,66,14
H,1648587660,0,180,65,201
H,1648588260,0,0,66,18
H,1648588860,0,0,66,13
H,1648589460,0,0,65,18
H,1648590060,0,0,65,15
H,1648590660,0,0,65,25
H,1648591260,0,0,66,15
H,1648591860,0,0,65,19
H,1648592460,0,0,66,17
H,1648593300,0,240,71,199
H,1648593900,0,0,64,20
H,1648594500,0,0,64,22
H,1648595280,0,180,65,187
H,1648595880,0,0,66,14
H,1648596480,0,0,66,14
H,1648597080,0,0,66,15
H,1648597680,0,0,66,15
H,1648598280,0,0,66,13
H,1648599000,0,120,70,81
H,1648599600,0,0,65,20
H,1648600260,0,60,63,69
H,1648600860,0,0,66,17
H,1648601520,0,60,67,59
H,1648602120,0,0,64,13
H,1648602720,0,0,66,14
H,1648603320,0,0,65,14
H,1648603920,0,0,65,13
H,1648604520,0,0,66,13
H,1648605120,0,0,66,15
H,1648605960,0,240,67,240
H,1648606560,0,0,61,13
H,1648607340,0,180,66,180
H,1648607940,0,0,66,17
H,1648608540,0,0,65,14
H,1648609140,0,0,66,14
H,1648609740,0,0,66,16
H,1648610340,0,0,66,15
H,1648610940,0,0,66,15
H,1648611540,0,0,66,15
H,1648612140,0,0,66,14
H,1648612740,0,0,64,20
H,1648613340,0,0,66,14
H,1648613940,0,0,66,14
H,1648614540,0,0,66,13
H,1648615140,0,0,66,13
H,1648615800,0,60,71,18
H,1648616400,0,0,66,15
H,1648617000,0,0,65,15
H,1648617600,0,0,66,14
H,1648618200,0,0,65,25
H,1648618800,0,0,66,14
H,1648619400,0,0,66,14
H,1648620120,0,120,64,107
H,1648620720,0,0,66,14
H,1648621320,0,0,65,14
H,1648621920,0,0,66,13
H,1648622520,0,0,66,13
H,1648623180,0,60,71,21
H,1648623780,0,0,66,16
H,1648624620,0,240,63,230
H,1648625580,0,360,66,340
H,1648626180,0,0,66,15
H,1648626960,0,180,64,205
H,1648627800,0,240,67,239
H,1648628400,0,0,66,14
H,1648629000,0,0,66,15
H,1648629600,0,0,66,15
H,1648630380,0,180,65,181
H,1648630980,0,0,66,19
H,1648631580,0,0,66,19
H,1648632180,0,0,66,14
H,1648632840,0,60,71,20
H,1648633440,0,0,64,18
H,1648634280,0,240,64,239
H,1648634940,0,60,66,70
H,1648635540,0,0,65,19
H,1648636260,0,120,63,137
H,1648636860,0,0,66,15
H,1648637460,0,0,66,17
H,1648638240,0,180,65,188
H,1648639080,0,240,67,220
H,1648640040,0,360,65,173
H,1648640640,0,0,66,14
H,1648641240,0,0,65,26
H,1648641960,0,120,68,106
H,1648642740,0,180,68,160
H,1648643760,0,420,64,448
H,1648644360,0,0,67,17
H,1648644960,0,0,66,17
H,1648646400,0,840,66,240
H,1648649700,0,2700,65,650
H,1648652820,0,2520,63,708
H,1648654200,0,780,65,203
H,1648654800,0,0,66,16
H,1648655400,0,0,63,14
H,1648657440,0,1440,67,1037
H,1648658040,1,0,63,40
H,1648658640,1,0,66,15
H,1648659720,1,480,67,361
H,1648660560,1,240,64,261
H,1648661940,1,780,67,422
H,1648662540,1,0,65,17
H,1648663980,1,840,69,405
H,1648664580,1,0,66,15
H,1648665180,1,0,66,12
H,1648665780,1,0,66,18
H,1648666380,1,0,66,16
H,1648667160,1,180,64,188
H,1648671360,1,3600,63,3638
H,1648671960,1,0,66,15
H,1648672860,1,300,68,187
H,1648673520,1,60,64,70
H,1648674120,1,0,66,14
H,1648674960,1,240,69,218
H,1648675560,0,0,65,20
H,1648676400,0,240,65,261
H,1648677000,0,0,66,15
H,1648677600,0,0,65,16
H,1648678380,0,180,66,191
H,1648678980,0,0,66,14
H,1648679580,0,0,65,21
H,1648680180,0,0,66,14
H,1648680780,0,0,66,14
H,1648681440,0,60,73,13
H,1648682040,0,0,66,14
H,1648682640,0,0,66,15
H,1648683240,0,0,66,14
H,1648683840,0,0,66,15
H,1648684440,0,0,66,14
H,1648685040,0,0,65,20
H,1648685640,0,0,64,21
H,1648686240,0,0,65,12
H,1648686840,0,0,66,15
H,1648687440,0,0,66,13
H,1648688040,0,0,66,13
H,1648688640,0,0,66,15
H,1648689240,0,0,66,13
H,1648689840,0,0,65,16
H,1648690440,0,0,65,16
H,1648691040,0,0,65,14
H,1648691640,0,0,66,12
H,1648692240,0,0,66,15
H,1648692840,0,0,67,12
H,1648693440,0,0,66,15
H,1648694040,0,0,66,11
H,1648694640,0,0,66,17
H,1648695300,0,60,71,14
H,1648695900,0,0,65,21
H,1648696500,0,0,66,16
H,1648697100,0,0,66,15
H,1648697700,0,0,66,14
H,1648698300,0,0,66,14
H,1648698900,0,0,66,13
H,1648699500,0,0,65,13
H,1648700100,0,0,66,13
H,1648700700,0,0,66,12
H,1648701300,0,0,66,13
H,1648701900,0,0,66,12
H,1648702500,0,0,65,12
H,1648703100,0,0,66,13
H,1648703700,0,0,65,15
H,1648704300,0,0,66,13
H,1648704900,0,0,66,14
H,1648705500,0,0,66,16
H,1648706100,0,0,65,22
H,1648706880,0,180,67,171
H,1648707480,0,0,66,14
H,1648708080,0,0,66,15
H,1648708680,0,0,67,16
H,1648709280,0,0,66,16
H,1648710180,0,300,67,295
H,1648710840,0,60,68,31
H,1648711440,0,0,66,15
H,1648712040,0,0,66,15
H,1648712820,0,180,62,188
H,1648713600,1,180,69,60
H,1648714440,0,240,63,111
H,1648715100,0,60,68,40
H,1648715700,0,0,66,13
H,1648716300,0,0,66,12
H,1648716900,0,0,65,17
H,1648717500,0,0,65,13
H,1648718100,0,0,66,13
H,1648718700,0,0,66,17
H,1648719300,0,0,66,12
H,1648719900,0,0,66,16
H,1648720500,0,0,66,14
H,1648721100,0,0,65,20
H,1648721700,0,0,63,25
H,1648722540,0,240,67,165
H,1648723140,0,0,66,16
H,1648723740,0,0,66,16
H,1648724340,0,0,63,31
H,1648725540,1,600,68,281
H,1648726560,1,420,65,209
H,1648727160,1,0,66,15
H,1648727760,0,0,66,20
H,1648728360,0,0,65,18
H,1648728960,0,0,65,13
H,1648729560,0,0,66,18
H,1648730220,0,60,67,57
H,1648731060,0,240,66,247
H,1648732020,0,360,64,195
H,1648732620,0,0,65,22
H,1648733460,1,240,68,211
