device,channel,day,n,median,p10,p90,ref_median,ref_p10_p90_width,shift_in_ref_widths
A,Temperature,03-01,8620,21.535,20.675,22.215,21.515,2.21,0.009
A,Temperature,03-02,8615,21.335,20.775,21.995,21.515,2.21,-0.081
A,Temperature,03-03,8618,21.755,20.875,22.455,21.515,2.21,0.109
A,Temperature,03-04,8613,21.745,21.055,22.755,21.515,2.21,0.104
A,Temperature,03-05,8616,21.565,20.865,22.595,21.515,2.21,0.023
A,Temperature,03-06,8615,21.355,20.755,21.755,21.515,2.21,-0.072
A,Temperature,03-07,8611,20.755,19.565,22.655,21.515,2.21,-0.344
A,Temperature,03-08,8616,20.745,19.595,21.815,21.515,2.21,-0.348
A,Temperature,03-09,8617,21.075,20.125,22.075,21.515,2.21,-0.199
A,Temperature,03-10,8603,21.375,20.635,22.665,21.515,2.21,-0.063
A,Temperature,03-11,8602,21.465,20.725,22.655,21.515,2.21,-0.023
A,Temperature,03-12,8257,21.355,20.555,22.345,21.515,2.21,-0.072
A,Temperature,03-13,8621,21.875,20.555,22.715,21.515,2.21,0.163
A,Temperature,03-14,8614,21.815,20.545,22.835,21.515,2.21,0.136
A,Temperature,03-15,8614,22.125,20.775,22.925,21.515,2.21,0.276
A,Temperature,03-16,8612,21.975,21.315,22.745,21.515,2.21,0.208
A,Temperature,03-17,6316,21.095,20.355,22.825,21.515,2.21,-0.19
A,Temperature,03-18,5086,22.835,22.145,23.745,21.515,2.21,0.597
A,Temperature,03-19,8617,22.215,21.495,23.335,21.515,2.21,0.317
A,Temperature,03-20,8617,22.035,21.215,23.145,21.515,2.21,0.235
A,Temperature,03-21,8608,22.225,20.935,23.945,21.515,2.21,0.321
A,Temperature,03-22,8615,23.455,21.975,24.935,21.515,2.21,0.878
A,Temperature,03-23,8589,23.445,22.495,25.005,21.515,2.21,0.873
A,Temperature,03-24,8611,23.425,22.735,25.005,21.515,2.21,0.864
A,Temperature,03-25,8604,23.305,22.365,24.965,21.515,2.21,0.81
A,Temperature,03-26,8618,23.575,22.885,24.745,21.515,2.21,0.932
A,Temperature,03-27,8621,23.325,22.815,24.335,21.515,2.21,0.819
A,Temperature,03-28,8618,23.295,22.375,24.685,21.515,2.21,0.805
A,Temperature,03-29,8609,23.135,22.695,24.085,21.515,2.21,0.733
A,Temperature,03-30,8245,22.325,21.765,23.775,21.515,2.21,0.367
A,Temperature,03-31,8609,21.835,20.985,23.255,21.515,2.21,0.145
A,Temperature,04-01,8617,21.215,20.165,22.615,21.515,2.21,-0.136
A,Temperature,04-02,8207,20.575,19.945,21.345,21.515,2.21,-0.425
A,Temperature,04-03,8618,20.415,19.455,21.185,21.515,2.21,-0.498
A,Temperature,04-04,8614,22.215,19.725,22.725,21.515,2.21,0.317
A,Temperature,04-05,8614,21.955,21.165,23.005,21.515,2.21,0.199
A,Temperature,04-06,8617,21.935,21.195,22.795,21.515,2.21,0.19
A,Temperature,04-07,8616,22.135,21.075,22.975,21.515,2.21,0.281
A,Temperature,04-08,8615,21.775,20.635,23.005,21.515,2.21,0.118
A,Temperature,04-09,8620,21.345,20.725,22.425,21.515,2.21,-0.077
A,Temperature,04-10,8620,21.005,20.164,22.365,21.515,2.21,-0.231
A,Temperature,04-11,8612,21.785,20.245,23.105,21.515,2.21,0.122
A,Temperature,04-12,8610,22.365,21.305,23.315,21.515,2.21,0.385
A,Temperature,04-13,8599,22.265,21.485,23.355,21.515,2.21,0.339
A,Temperature,04-14,8607,22.535,21.495,23.455,21.515,2.21,0.462
A,Temperature,04-15,8616,22.355,21.875,23.415,21.515,2.21,0.38
A,Temperature,04-16,8619,22.775,21.975,23.825,21.515,2.21,0.57
A,Temperature,04-17,8618,22.535,22.175,23.055,21.515,2.21,0.462
A,Temperature,04-18,8614,22.215,21.915,22.325,21.515,2.21,0.317
A,Temperature,04-19,6012,21.795,21.275,22.435,21.515,2.21,0.127
A,Temperature,04-20,5005,23.055,22.425,23.905,21.515,2.21,0.697
A,Temperature,04-21,8615,22.365,21.795,23.565,21.515,2.21,0.385
A,Temperature,04-22,8616,22.055,20.925,23.025,21.515,2.21,0.244
A,Temperature,04-23,8262,21.875,21.415,22.435,21.515,2.21,0.163
A,Temperature,04-24,8263,21.875,21.265,22.585,21.515,2.21,0.163
A,Temperature,04-25,8564,22.735,21.265,23.905,21.515,2.21,0.552
A,Temperature,04-26,8600,22.655,21.705,23.975,21.515,2.21,0.516
A,Temperature,04-27,8188,22.625,21.875,23.515,21.515,2.21,0.502
A,Temperature,04-28,8604,22.195,21.435,23.455,21.515,2.21,0.308
A,Temperature,04-29,8597,22.215,21.455,23.295,21.515,2.21,0.317
A,Temperature,04-30,8609,21.465,21.235,21.815,21.515,2.21,-0.023
B,Temperature,03-01,8584,22.545,21.665,23.245,22.675,1.56,-0.083
B,Temperature,03-02,8249,22.725,21.405,23.865,22.675,1.56,0.032
B,Temperature,03-03,7207,22.675,21.515,23.035,22.675,1.56,0.0
B,Temperature,03-04,7804,22.635,21.955,23.005,22.675,1.56,-0.026
B,Temperature,03-05,8285,22.125,20.835,23.135,22.675,1.56,-0.353
B,Temperature,03-06,8332,22.145,21.005,22.895,22.675,1.56,-0.34
B,Temperature,03-07,8281,22.175,20.465,23.555,22.675,1.56,-0.321
B,Temperature,03-08,8563,22.545,20.765,23.825,22.675,1.56,-0.083
B,Temperature,03-09,8247,22.525,21.515,22.855,22.675,1.56,-0.096
B,Temperature,03-10,7404,22.435,21.905,23.395,22.675,1.56,-0.154
B,Temperature,03-11,6836,22.625,21.985,23.405,22.675,1.56,-0.032
B,Temperature,03-12,7917,22.915,21.935,23.325,22.675,1.56,0.154
B,Temperature,03-13,8600,22.915,21.955,23.395,22.675,1.56,0.154
B,Temperature,03-14,8480,22.955,21.615,23.315,22.675,1.56,0.179
B,Temperature,03-15,7366,22.735,21.98,23.055,22.675,1.56,0.038
B,Temperature,03-16,8248,22.525,22.045,22.915,22.675,1.56,-0.096
B,Temperature,03-17,5563,21.965,21.065,23.195,22.675,1.56,-0.455
B,Temperature,03-18,4641,23.015,22.645,23.445,22.675,1.56,0.218
B,Temperature,03-19,8425,22.775,22.425,23.485,22.675,1.56,0.064
B,Temperature,03-20,8500,22.665,21.525,23.695,22.675,1.56,-0.006
B,Temperature,03-21,8066,22.555,21.575,23.025,22.675,1.56,-0.077
B,Temperature,03-22,7298,23.115,21.955,23.955,22.675,1.56,0.282
B,Temperature,03-23,7062,23.215,22.425,24.435,22.675,1.56,0.346
B,Temperature,03-24,7008,23.355,22.755,24.545,22.675,1.56,0.436
B,Temperature,03-25,8368,23.375,22.835,24.625,22.675,1.56,0.449
B,Temperature,03-26,8582,23.655,23.145,24.335,22.675,1.56,0.628
B,Temperature,03-27,8615,23.445,23.155,24.095,22.675,1.56,0.494
B,Temperature,03-28,8478,23.315,22.945,24.475,22.675,1.56,0.41
B,Temperature,03-29,8375,22.945,22.685,23.391,22.675,1.56,0.173
B,Temperature,03-30,7930,22.395,21.975,22.725,22.675,1.56,-0.179
B,Temperature,03-31,8453,21.715,20.865,22.585,22.675,1.56,-0.615
B,Temperature,04-01,8620,21.865,21.335,23.055,22.675,1.56,-0.519
B,Temperature,04-02,8213,21.655,20.385,22.425,22.675,1.56,-0.654
B,Temperature,04-03,8615,21.625,20.075,22.445,22.675,1.56,-0.673
B,Temperature,04-04,8614,22.225,20.535,23.005,22.675,1.56,-0.288
B,Temperature,04-05,8443,22.115,21.685,23.215,22.675,1.56,-0.359
B,Temperature,04-06,8331,22.085,21.385,23.075,22.675,1.56,-0.378
B,Temperature,04-07,8216,21.735,21.135,22.905,22.675,1.56,-0.603
B,Temperature,04-08,8070,21.255,20.615,21.615,22.675,1.56,-0.91
B,Temperature,04-09,8613,21.365,20.125,22.085,22.675,1.56,-0.84
B,Temperature,04-10,8616,21.425,20.105,21.915,22.675,1.56,-0.801
B,Temperature,04-11,8532,21.985,20.615,22.885,22.675,1.56,-0.442
B,Temperature,04-12,8608,22.735,22.355,23.015,22.675,1.56,0.038
B,Temperature,04-13,8241,23.025,22.685,23.455,22.675,1.56,0.224
B,Temperature,04-14,8352,22.865,22.505,23.315,22.675,1.56,0.122
B,Temperature,04-15,8505,22.515,21.875,23.275,22.675,1.56,-0.103
B,Temperature,04-16,7915,22.435,21.745,23.265,22.675,1.56,-0.154
B,Temperature,04-17,8104,22.625,22.105,23.095,22.675,1.56,-0.032
B,Temperature,04-18,8372,22.125,21.866,22.685,22.675,1.56,-0.353
B,Temperature,04-19,5534,22.075,21.115,23.435,22.675,1.56,-0.385
B,Temperature,04-20,4899,23.075,22.545,23.735,22.675,1.56,0.256
B,Temperature,04-21,7451,22.385,22.015,23.075,22.675,1.56,-0.186
B,Temperature,04-22,8484,22.455,21.885,23.325,22.675,1.56,-0.141
B,Temperature,04-23,8258,22.68,22.115,23.055,22.675,1.56,0.003
B,Temperature,04-24,8258,22.775,22.085,23.395,22.675,1.56,0.064
B,Temperature,04-25,8155,22.605,21.975,23.255,22.675,1.56,-0.045
B,Temperature,04-26,7737,22.605,22.085,23.905,22.675,1.56,-0.045
B,Temperature,04-27,8094,22.585,22.255,23.125,22.675,1.56,-0.058
B,Temperature,04-28,8593,22.615,22.295,22.915,22.675,1.56,-0.038
B,Temperature,04-29,7409,22.645,22.315,22.965,22.675,1.56,-0.019
B,Temperature,04-30,8368,22.115,21.835,22.375,22.675,1.56,-0.359
C,Temperature,03-01,8618,20.925,19.895,21.785,21.085,3.55,-0.045
C,Temperature,03-02,8620,20.695,19.945,21.755,21.085,3.55,-0.11
C,Temperature,03-03,8618,21.055,19.455,22.315,21.085,3.55,-0.008
C,Temperature,03-04,8617,21.405,19.805,23.555,21.085,3.55,0.09
C,Temperature,03-05,8616,21.245,19.865,23.735,21.085,3.55,0.045
C,Temperature,03-06,8613,20.635,19.265,22.205,21.085,3.55,-0.127
C,Temperature,03-07,8613,20.255,18.055,23.895,21.085,3.55,-0.234
C,Temperature,03-08,8614,20.555,18.375,22.425,21.085,3.55,-0.149
C,Temperature,03-09,8616,21.005,19.275,22.405,21.085,3.55,-0.023
C,Temperature,03-10,8605,20.875,20.005,23.025,21.085,3.55,-0.059
C,Temperature,03-11,8598,20.735,19.885,22.315,21.085,3.55,-0.099
C,Temperature,03-12,8261,21.025,19.225,22.925,21.085,3.55,-0.017
C,Temperature,03-13,8622,21.275,19.405,23.375,21.085,3.55,0.054
C,Temperature,03-14,8613,21.165,19.145,24.055,21.085,3.55,0.023
C,Temperature,03-15,8611,21.705,19.755,23.575,21.085,3.55,0.175
C,Temperature,03-16,8606,21.245,20.355,22.465,21.085,3.55,0.045
C,Temperature,03-17,6313,20.445,18.735,24.253,21.085,3.55,-0.18
C,Temperature,03-18,5095,23.875,22.065,25.445,21.085,3.55,0.786
C,Temperature,03-19,8617,21.885,20.345,25.135,21.085,3.55,0.225
C,Temperature,03-20,8610,21.325,19.895,24.625,21.085,3.55,0.068
C,Temperature,03-21,8610,22.485,19.535,24.885,21.085,3.55,0.394
C,Temperature,03-22,8597,23.315,21.165,26.635,21.085,3.55,0.628
C,Temperature,03-23,8606,23.735,21.445,26.735,21.085,3.55,0.746
C,Temperature,03-24,8612,23.435,22.235,26.425,21.085,3.55,0.662
C,Temperature,03-25,8604,23.585,21.355,26.465,21.085,3.55,0.704
C,Temperature,03-26,8619,23.525,21.965,26.235,21.085,3.55,0.687
C,Temperature,03-27,8621,23.145,22.045,26.025,21.085,3.55,0.58
C,Temperature,03-28,8610,23.275,21.755,25.905,21.085,3.55,0.617
C,Temperature,03-29,8610,22.475,21.555,23.675,21.085,3.55,0.392
C,Temperature,03-30,8252,21.685,20.535,24.325,21.085,3.55,0.169
C,Temperature,03-31,8616,21.055,19.345,24.295,21.085,3.55,-0.008
C,Temperature,04-01,8614,20.795,18.555,23.945,21.085,3.55,-0.082
C,Temperature,04-02,8213,20.215,18.805,21.975,21.085,3.55,-0.245
C,Temperature,04-03,8620,20.035,18.245,22.636,21.085,3.55,-0.296
C,Temperature,04-04,8618,22.205,18.765,23.645,21.085,3.55,0.315
C,Temperature,04-05,8621,21.575,20.445,24.035,21.085,3.55,0.138
C,Temperature,04-06,8621,21.445,20.465,23.475,21.085,3.55,0.101
C,Temperature,04-07,8620,21.245,19.915,23.935,21.085,3.55,0.045
C,Temperature,04-08,8616,21.535,19.125,24.315,21.085,3.55,0.127
C,Temperature,04-09,8620,20.965,19.755,24.835,21.085,3.55,-0.034
C,Temperature,04-10,8621,20.785,18.645,23.505,21.085,3.55,-0.085
C,Temperature,04-11,8619,21.685,19.175,23.625,21.085,3.55,0.169
C,Temperature,04-12,8619,21.915,20.795,23.285,21.085,3.55,0.234
C,Temperature,04-13,8606,21.675,20.845,24.575,21.085,3.55,0.166
C,Temperature,04-14,8604,22.395,20.405,23.975,21.085,3.55,0.369
C,Temperature,04-15,8614,22.835,21.275,26.375,21.085,3.55,0.493
C,Temperature,04-16,8613,23.155,21.535,26.325,21.085,3.55,0.583
C,Temperature,04-17,8615,22.765,21.875,26.115,21.085,3.55,0.473
C,Temperature,04-18,8620,22.145,21.365,23.565,21.085,3.55,0.299
C,Temperature,04-19,6012,21.825,20.275,23.555,21.085,3.55,0.208
C,Temperature,04-20,5007,24.045,22.265,27.005,21.085,3.55,0.834
C,Temperature,04-21,8617,22.225,21.085,25.365,21.085,3.55,0.321
C,Temperature,04-22,8621,21.405,19.675,22.945,21.085,3.55,0.09
C,Temperature,04-23,8262,21.465,20.245,23.275,21.085,3.55,0.107
C,Temperature,04-24,8264,21.585,20.175,24.432,21.085,3.55,0.141
C,Temperature,04-25,8536,22.375,20.085,24.995,21.085,3.55,0.363
C,Temperature,04-26,8605,22.325,20.595,25.475,21.085,3.55,0.349
C,Temperature,04-27,8162,21.845,20.605,23.305,21.085,3.55,0.214
C,Temperature,04-28,8597,22.045,20.135,24.145,21.085,3.55,0.27
C,Temperature,04-29,8607,21.905,20.325,24.145,21.085,3.55,0.231
C,Temperature,04-30,8610,21.055,20.025,23.836,21.085,3.55,-0.008
D,Temperature,03-01,8621,20.105,19.105,20.795,20.975,3.19,-0.273
D,Temperature,03-02,8621,19.935,18.905,20.865,20.975,3.19,-0.326
D,Temperature,03-03,8621,20.255,18.815,21.085,20.975,3.19,-0.226
D,Temperature,03-04,8621,20.865,19.155,23.185,20.975,3.19,-0.034
D,Temperature,03-05,8621,20.925,19.195,23.395,20.975,3.19,-0.016
D,Temperature,03-06,8621,20.395,19.055,21.445,20.975,3.19,-0.182
D,Temperature,03-07,8620,20.705,18.005,24.565,20.975,3.19,-0.085
D,Temperature,03-08,8622,20.735,18.735,22.575,20.975,3.19,-0.075
D,Temperature,03-09,8621,20.905,19.455,22.195,20.975,3.19,-0.022
D,Temperature,03-10,8621,20.745,20.005,22.525,20.975,3.19,-0.072
D,Temperature,03-11,8620,20.625,19.905,21.585,20.975,3.19,-0.11
D,Temperature,03-12,8261,20.925,19.205,22.575,20.975,3.19,-0.016
D,Temperature,03-13,8621,20.885,19.445,22.665,20.975,3.19,-0.028
D,Temperature,03-14,8621,21.505,18.875,24.955,20.975,3.19,0.166
D,Temperature,03-15,8621,21.335,20.145,23.185,20.975,3.19,0.113
D,Temperature,03-16,8621,20.985,20.235,21.845,20.975,3.19,0.003
D,Temperature,03-17,6319,20.415,18.595,23.835,20.975,3.19,-0.176
D,Temperature,03-18,5113,23.945,21.955,26.245,20.975,3.19,0.931
D,Temperature,03-19,8617,22.145,20.571,25.435,20.975,3.19,0.367
D,Temperature,03-20,8621,21.875,20.265,24.705,20.975,3.19,0.282
D,Temperature,03-21,8622,22.205,19.955,24.705,20.975,3.19,0.386
D,Temperature,03-22,8621,22.925,21.175,26.455,20.975,3.19,0.611
D,Temperature,03-23,8622,22.685,21.505,28.775,20.975,3.19,0.536
D,Temperature,03-24,8622,22.815,21.176,26.885,20.975,3.19,0.577
D,Temperature,03-25,8621,22.855,21.015,29.325,20.975,3.19,0.589
D,Temperature,03-26,8621,22.755,20.875,31.175,20.975,3.19,0.558
D,Temperature,03-27,8620,22.155,20.875,28.316,20.975,3.19,0.37
D,Temperature,03-28,8621,22.765,20.715,26.215,20.975,3.19,0.561
D,Temperature,03-29,8621,21.605,20.605,22.165,20.975,3.19,0.197
D,Temperature,03-30,8258,20.895,19.935,23.415,20.975,3.19,-0.025
D,Temperature,03-31,8616,20.585,18.535,24.82,20.975,3.19,-0.122
D,Temperature,04-01,8621,20.525,18.075,25.465,20.975,3.19,-0.141
D,Temperature,04-02,8212,20.235,18.155,23.315,20.975,3.19,-0.232
D,Temperature,04-03,8620,20.175,17.805,24.665,20.975,3.19,-0.251
D,Temperature,04-04,8620,21.315,18.675,23.955,20.975,3.19,0.107
D,Temperature,04-05,8621,21.195,20.115,23.575,20.975,3.19,0.069
D,Temperature,04-06,8621,21.245,20.145,22.935,20.975,3.19,0.085
D,Temperature,04-07,8621,20.815,19.695,22.835,20.975,3.19,-0.05
D,Temperature,04-08,8620,21.275,19.045,24.945,20.975,3.19,0.094
D,Temperature,04-09,8621,20.955,18.925,25.585,20.975,3.19,-0.006
D,Temperature,04-10,8620,20.925,18.615,23.665,20.975,3.19,-0.016
D,Temperature,04-11,8621,21.455,19.315,23.325,20.975,3.19,0.15
D,Temperature,04-12,8598,21.945,20.615,23.255,20.975,3.19,0.304
D,Temperature,04-13,8620,22.225,21.105,23.225,20.975,3.19,0.392
D,Temperature,04-14,8621,22.645,21.685,23.465,20.975,3.19,0.524
D,Temperature,04-15,8619,22.915,21.555,25.175,20.975,3.19,0.608
D,Temperature,04-16,8619,23.065,21.695,24.845,20.975,3.19,0.655
D,Temperature,04-17,8620,22.775,21.885,24.145,20.975,3.19,0.564
D,Temperature,04-18,8619,22.505,21.695,23.025,20.975,3.19,0.48
D,Temperature,04-19,6017,21.715,20.785,22.525,20.975,3.19,0.232
D,Temperature,04-20,5011,23.995,22.795,24.635,20.975,3.19,0.947
D,Temperature,04-21,8621,23.015,21.725,24.845,20.975,3.19,0.639
D,Temperature,04-22,8620,22.225,21.325,22.965,20.975,3.19,0.392
D,Temperature,04-23,8263,21.805,20.985,23.405,20.975,3.19,0.26
D,Temperature,04-24,8263,22.165,20.935,23.745,20.975,3.19,0.373
D,Temperature,04-25,8621,22.765,21.055,23.935,20.975,3.19,0.561
D,Temperature,04-26,8622,22.425,21.085,23.965,20.975,3.19,0.455
D,Temperature,04-27,8246,21.745,21.145,22.275,20.975,3.19,0.241
D,Temperature,04-28,8621,21.545,20.305,22.745,20.975,3.19,0.179
D,Temperature,04-29,8622,21.635,20.865,22.725,20.975,3.19,0.207
D,Temperature,04-30,8620,21.375,20.415,22.745,20.975,3.19,0.125
E,Temperature,03-01,8622,19.795,18.975,20.525,20.725,3.0,-0.31
E,Temperature,03-02,8621,19.605,18.685,20.575,20.725,3.0,-0.373
E,Temperature,03-03,8623,20.345,18.615,21.165,20.725,3.0,-0.127
E,Temperature,03-04,8622,20.715,19.405,22.735,20.725,3.0,-0.003
E,Temperature,03-05,8622,20.485,18.995,22.395,20.725,3.0,-0.08
E,Temperature,03-06,8622,20.055,18.885,20.955,20.725,3.0,-0.223
E,Temperature,03-07,8622,20.495,17.855,23.724,20.725,3.0,-0.077
E,Temperature,03-08,8623,20.475,18.585,22.385,20.725,3.0,-0.083
E,Temperature,03-09,8621,20.705,19.255,22.195,20.725,3.0,-0.007
E,Temperature,03-10,8622,20.575,19.825,22.325,20.725,3.0,-0.05
E,Temperature,03-11,8618,20.435,19.745,21.755,20.725,3.0,-0.097
E,Temperature,03-12,8262,20.605,19.135,21.945,20.725,3.0,-0.04
E,Temperature,03-13,8621,20.525,19.355,21.865,20.725,3.0,-0.067
E,Temperature,03-14,8620,21.295,18.845,24.085,20.725,3.0,0.19
E,Temperature,03-15,8623,21.125,20.015,22.835,20.725,3.0,0.133
E,Temperature,03-16,8622,20.765,20.155,21.945,20.725,3.0,0.013
E,Temperature,03-17,6320,19.91,18.655,23.455,20.725,3.0,-0.272
E,Temperature,03-18,5114,23.445,21.528,25.215,20.725,3.0,0.907
E,Temperature,03-19,8621,21.825,20.455,24.285,20.725,3.0,0.367
E,Temperature,03-20,8621,21.545,20.295,23.855,20.725,3.0,0.273
E,Temperature,03-21,8622,21.995,19.945,24.295,20.725,3.0,0.423
E,Temperature,03-22,8622,22.565,21.015,25.725,20.725,3.0,0.613
E,Temperature,03-23,8623,22.785,21.365,25.605,20.725,3.0,0.687
E,Temperature,03-24,8617,22.725,21.315,25.385,20.725,3.0,0.667
E,Temperature,03-25,8622,22.715,21.025,25.724,20.725,3.0,0.663
E,Temperature,03-26,8622,22.455,20.915,25.055,20.725,3.0,0.577
E,Temperature,03-27,8620,21.945,20.955,24.445,20.725,3.0,0.407
E,Temperature,03-28,8622,22.565,20.825,24.935,20.725,3.0,0.613
E,Temperature,03-29,8621,21.685,21.025,22.335,20.725,3.0,0.32
E,Temperature,03-30,8260,21.045,20.055,22.665,20.725,3.0,0.107
E,Temperature,03-31,8621,20.755,18.875,23.075,20.725,3.0,0.01
E,Temperature,04-01,8621,20.575,18.465,23.125,20.725,3.0,-0.05
E,Temperature,04-02,8212,20.17,18.455,21.865,20.725,3.0,-0.185
E,Temperature,04-03,8620,20.125,18.175,21.965,20.725,3.0,-0.2
E,Temperature,04-04,8620,21.225,18.885,23.045,20.725,3.0,0.167
E,Temperature,04-05,8621,20.935,20.155,23.105,20.725,3.0,0.07
E,Temperature,04-06,8621,21.085,19.955,22.745,20.725,3.0,0.12
E,Temperature,04-07,8621,20.585,19.555,22.735,20.725,3.0,-0.047
E,Temperature,04-08,8620,21.195,18.924,23.616,20.725,3.0,0.157
E,Temperature,04-09,8621,20.865,19.125,22.915,20.725,3.0,0.047
E,Temperature,04-10,8620,20.665,18.865,22.155,20.725,3.0,-0.02
E,Temperature,04-11,8620,21.275,19.365,22.955,20.725,3.0,0.183
E,Temperature,04-12,8621,21.315,20.395,22.705,20.725,3.0,0.197
E,Temperature,04-13,8620,21.965,20.305,23.075,20.725,3.0,0.413
E,Temperature,04-14,8621,22.205,21.295,23.335,20.725,3.0,0.493
E,Temperature,04-15,8621,22.135,20.755,25.085,20.725,3.0,0.47
E,Temperature,04-16,8620,22.375,20.915,24.655,20.725,3.0,0.55
E,Temperature,04-17,8620,22.045,21.155,23.975,20.725,3.0,0.44
E,Temperature,04-18,8621,22.435,21.005,23.195,20.725,3.0,0.57
E,Temperature,04-19,6017,21.205,20.055,22.225,20.725,3.0,0.16
E,Temperature,04-20,5011,23.925,22.455,24.715,20.725,3.0,1.067
E,Temperature,04-21,8621,22.515,21.065,24.755,20.725,3.0,0.597
E,Temperature,04-22,8620,21.805,20.845,22.735,20.725,3.0,0.36
E,Temperature,04-23,8263,21.265,20.325,23.265,20.725,3.0,0.18
E,Temperature,04-24,8263,21.655,20.325,23.635,20.725,3.0,0.31
E,Temperature,04-25,8621,22.465,20.465,23.855,20.725,3.0,0.58
E,Temperature,04-26,8621,21.785,20.405,23.885,20.725,3.0,0.353
E,Temperature,04-27,8242,21.15,20.386,21.985,20.725,3.0,0.142
E,Temperature,04-28,8621,21.245,19.625,22.455,20.725,3.0,0.173
E,Temperature,04-29,8614,21.205,20.525,22.545,20.725,3.0,0.16
E,Temperature,04-30,8615,20.725,19.745,22.215,20.725,3.0,0.0
F,Temperature,03-01,8621,21.285,20.645,21.725,21.345,2.53,-0.024
F,Temperature,03-02,8621,21.065,20.485,21.665,21.345,2.53,-0.111
F,Temperature,03-03,8621,21.015,20.325,21.825,21.345,2.53,-0.13
F,Temperature,03-04,8621,20.835,20.085,22.055,21.345,2.53,-0.202
F,Temperature,03-05,8621,20.845,19.975,22.605,21.345,2.53,-0.198
F,Temperature,03-06,8621,20.615,19.985,21.335,21.345,2.53,-0.289
F,Temperature,03-07,8610,20.435,18.975,22.715,21.345,2.53,-0.36
F,Temperature,03-08,8616,20.595,19.495,21.465,21.345,2.53,-0.296
F,Temperature,03-09,8614,20.845,19.955,21.712,21.345,2.53,-0.198
F,Temperature,03-10,8597,21.195,20.385,22.175,21.345,2.53,-0.059
F,Temperature,03-11,8599,21.315,20.575,22.605,21.345,2.53,-0.012
F,Temperature,03-12,8257,21.395,20.215,22.465,21.345,2.53,0.02
F,Temperature,03-13,8621,21.555,20.375,22.865,21.345,2.53,0.083
F,Temperature,03-14,8606,21.735,20.155,23.655,21.345,2.53,0.154
F,Temperature,03-15,8615,22.065,20.855,23.495,21.345,2.53,0.285
F,Temperature,03-16,8616,21.855,21.185,22.785,21.345,2.53,0.202
F,Temperature,03-17,6315,20.795,19.845,23.115,21.345,2.53,-0.217
F,Temperature,03-18,5101,23.155,22.015,24.175,21.345,2.53,0.715
F,Temperature,03-19,8621,22.455,21.305,24.305,21.345,2.53,0.439
F,Temperature,03-20,8621,22.315,21.305,24.045,21.345,2.53,0.383
F,Temperature,03-21,8603,22.535,21.055,24.775,21.345,2.53,0.47
F,Temperature,03-22,8599,23.675,22.655,26.015,21.345,2.53,0.921
F,Temperature,03-23,8577,23.975,22.615,26.065,21.345,2.53,1.04
F,Temperature,03-24,8605,24.225,23.655,25.475,21.345,2.53,1.138
F,Temperature,03-25,8602,23.815,22.395,26.045,21.345,2.53,0.976
F,Temperature,03-26,8620,23.895,22.655,25.605,21.345,2.53,1.008
F,Temperature,03-27,8617,23.685,22.745,25.455,21.345,2.53,0.925
F,Temperature,03-28,8617,23.705,22.485,25.595,21.345,2.53,0.933
F,Temperature,03-29,8615,22.985,22.545,23.885,21.345,2.53,0.648
F,Temperature,03-30,8253,22.295,21.465,24.105,21.345,2.53,0.375
F,Temperature,03-31,8618,22.235,20.445,24.005,21.345,2.53,0.352
F,Temperature,04-01,8617,21.685,20.835,23.725,21.345,2.53,0.134
F,Temperature,04-02,8208,20.815,19.775,22.065,21.345,2.53,-0.209
F,Temperature,04-03,8620,20.615,19.115,22.075,21.345,2.53,-0.289
F,Temperature,04-04,8621,22.005,19.575,23.295,21.345,2.53,0.261
F,Temperature,04-05,8620,21.775,20.945,23.015,21.345,2.53,0.17
F,Temperature,04-06,8621,22.015,20.855,23.375,21.345,2.53,0.265
F,Temperature,04-07,8619,21.155,20.525,22.055,21.345,2.53,-0.075
F,Temperature,04-08,8620,21.475,19.845,22.625,21.345,2.53,0.051
F,Temperature,04-09,8620,21.19,20.215,22.725,21.345,2.53,-0.061
F,Temperature,04-10,8621,20.945,19.765,22.295,21.345,2.53,-0.158
F,Temperature,04-11,8616,21.93,20.145,23.505,21.345,2.53,0.231
F,Temperature,04-12,8618,22.245,21.395,23.625,21.345,2.53,0.356
F,Temperature,04-13,8603,22.285,21.475,23.885,21.345,2.53,0.372
F,Temperature,04-14,8615,22.395,21.215,23.845,21.345,2.53,0.415
F,Temperature,04-15,8619,22.705,21.605,24.295,21.345,2.53,0.538
F,Temperature,04-16,8621,23.205,21.935,24.605,21.345,2.53,0.735
F,Temperature,04-17,8619,23.045,22.455,24.275,21.345,2.53,0.672
F,Temperature,04-18,8619,22.495,21.955,22.925,21.345,2.53,0.455
F,Temperature,04-19,6016,21.675,20.965,22.805,21.345,2.53,0.13
F,Temperature,04-20,5008,23.645,22.495,24.725,21.345,2.53,0.909
F,Temperature,04-21,8620,22.175,20.935,23.445,21.345,2.53,0.328
F,Temperature,04-22,8620,21.535,15.985,22.805,21.345,2.53,0.075
F,Temperature,04-23,8263,21.855,21.065,22.815,21.345,2.53,0.202
F,Temperature,04-24,8264,22.035,20.995,23.395,21.345,2.53,0.273
F,Temperature,04-25,8528,23.305,21.175,24.395,21.345,2.53,0.775
F,Temperature,04-26,8598,23.095,22.435,24.225,21.345,2.53,0.692
F,Temperature,04-27,8162,22.385,21.715,23.525,21.345,2.53,0.411
F,Temperature,04-28,8596,22.155,21.115,23.195,21.345,2.53,0.32
F,Temperature,04-29,8587,21.985,21.255,22.855,21.345,2.53,0.253
F,Temperature,04-30,8618,21.435,20.815,22.545,21.345,2.53,0.036
G,Temperature,03-01,8620,21.575,20.805,22.355,21.405,2.52,0.067
G,Temperature,03-02,8619,21.325,20.765,22.015,21.405,2.52,-0.032
G,Temperature,03-03,8617,21.625,20.475,22.595,21.405,2.52,0.087
G,Temperature,03-04,8616,21.835,20.725,23.025,21.405,2.52,0.171
G,Temperature,03-05,8617,21.745,20.855,23.085,21.405,2.52,0.135
G,Temperature,03-06,8614,21.245,20.465,22.175,21.405,2.52,-0.063
G,Temperature,03-07,8608,20.545,19.255,22.865,21.405,2.52,-0.341
G,Temperature,03-08,8600,20.845,19.265,22.045,21.405,2.52,-0.222
G,Temperature,03-09,8606,21.175,20.005,22.285,21.405,2.52,-0.091
G,Temperature,03-10,8593,21.405,20.475,22.725,21.405,2.52,0.0
G,Temperature,03-11,8599,21.305,20.485,22.715,21.405,2.52,-0.04
G,Temperature,03-12,8258,21.185,20.235,22.415,21.405,2.52,-0.087
G,Temperature,03-13,8618,21.445,20.195,22.775,21.405,2.52,0.016
G,Temperature,03-14,8612,21.435,20.195,22.985,21.405,2.52,0.012
G,Temperature,03-15,8609,22.135,20.415,22.975,21.405,2.52,0.29
G,Temperature,03-16,8606,21.895,20.965,22.775,21.405,2.52,0.194
G,Temperature,03-17,6300,20.815,19.885,22.915,21.405,2.52,-0.234
G,Temperature,03-18,5102,23.055,22.275,24.035,21.405,2.52,0.655
G,Temperature,03-19,8613,22.245,21.185,23.635,21.405,2.52,0.333
G,Temperature,03-20,8611,21.775,20.935,23.355,21.405,2.52,0.147
G,Temperature,03-21,8593,22.705,20.535,24.025,21.405,2.52,0.516
G,Temperature,03-22,8606,23.495,21.73,25.045,21.405,2.52,0.829
G,Temperature,03-23,8603,23.425,22.235,25.275,21.405,2.52,0.802
G,Temperature,03-24,8610,23.475,22.505,25.225,21.405,2.52,0.821
G,Temperature,03-25,8602,23.735,22.265,25.215,21.405,2.52,0.925
G,Temperature,03-26,8614,23.705,22.935,24.985,21.405,2.52,0.913
G,Temperature,03-27,8616,23.195,22.605,24.785,21.405,2.52,0.71
G,Temperature,03-28,8610,23.255,22.095,24.895,21.405,2.52,0.734
G,Temperature,03-29,8604,22.995,22.385,24.035,21.405,2.52,0.631
G,Temperature,03-30,8244,22.305,21.495,23.895,21.405,2.52,0.357
G,Temperature,03-31,8609,21.675,20.535,23.507,21.405,2.52,0.107
G,Temperature,04-01,8600,20.945,19.775,22.835,21.405,2.52,-0.183
G,Temperature,04-02,8192,20.395,19.605,21.675,21.405,2.52,-0.401
G,Temperature,04-03,8608,20.405,19.055,21.635,21.405,2.52,-0.397
G,Temperature,04-04,8607,22.175,19.405,22.965,21.405,2.52,0.306
G,Temperature,04-05,8609,21.895,20.975,23.145,21.405,2.52,0.194
G,Temperature,04-06,8604,21.895,20.865,23.185,21.405,2.52,0.194
G,Temperature,04-07,8618,21.865,20.715,23.195,21.405,2.52,0.183
G,Temperature,04-08,8615,21.625,20.305,23.395,21.405,2.52,0.087
G,Temperature,04-09,8617,21.315,20.425,22.985,21.405,2.52,-0.036
G,Temperature,04-10,8616,21.005,19.885,22.695,21.405,2.52,-0.159
G,Temperature,04-11,8611,21.905,20.015,23.295,21.405,2.52,0.198
G,Temperature,04-12,8609,22.355,21.225,23.435,21.405,2.52,0.377
G,Temperature,04-13,8589,22.415,21.375,23.585,21.405,2.52,0.401
G,Temperature,04-14,8605,22.525,21.285,23.625,21.405,2.52,0.444
G,Temperature,04-15,8607,22.385,21.645,23.575,21.405,2.52,0.389
G,Temperature,04-16,8608,22.715,21.705,23.955,21.405,2.52,0.52
G,Temperature,04-17,8608,22.515,22.035,23.465,21.405,2.52,0.44
G,Temperature,04-18,8611,22.165,21.755,22.445,21.405,2.52,0.302
G,Temperature,04-19,6014,21.985,21.005,22.825,21.405,2.52,0.23
G,Temperature,04-20,4996,23.255,22.345,24.235,21.405,2.52,0.734
G,Temperature,04-21,8614,22.33,21.625,23.625,21.405,2.52,0.367
G,Temperature,04-22,8619,22.095,20.495,23.215,21.405,2.52,0.274
G,Temperature,04-23,8259,22.095,21.435,22.865,21.405,2.52,0.274
G,Temperature,04-24,8247,22.185,21.285,23.185,21.405,2.52,0.31
G,Temperature,04-25,8526,22.875,21.175,24.185,21.405,2.52,0.583
G,Temperature,04-26,8595,22.725,21.585,24.285,21.405,2.52,0.524
G,Temperature,04-27,8157,22.545,21.685,23.635,21.405,2.52,0.452
G,Temperature,04-28,8600,22.445,21.275,23.665,21.405,2.52,0.413
G,Temperature,04-29,8571,22.515,21.585,23.495,21.405,2.52,0.44
G,Temperature,04-30,8614,21.725,21.385,22.365,21.405,2.52,0.127
H,Temperature,03-01,8600,23.705,22.555,24.515,23.815,2.27,-0.048
H,Temperature,03-02,8442,23.685,22.335,25.075,23.815,2.27,-0.057
H,Temperature,03-03,7835,23.995,21.945,24.465,23.815,2.27,0.079
H,Temperature,03-04,8589,23.805,22.675,24.225,23.815,2.27,-0.004
H,Temperature,03-05,8590,22.975,21.285,24.205,23.815,2.27,-0.37
H,Temperature,03-06,8588,23.005,21.445,24.215,23.815,2.27,-0.357
H,Temperature,03-07,7949,23.515,20.725,25.455,23.815,2.27,-0.132
H,Temperature,03-08,8562,23.72,21.945,25.395,23.815,2.27,-0.042
H,Temperature,03-09,8389,23.475,22.065,23.835,23.815,2.27,-0.15
H,Temperature,03-10,8199,23.155,22.385,24.485,23.815,2.27,-0.291
H,Temperature,03-11,7525,23.765,22.455,24.865,23.815,2.27,-0.022
H,Temperature,03-12,8147,24.235,22.915,24.725,23.815,2.27,0.185
H,Temperature,03-13,8615,24.205,22.855,24.845,23.815,2.27,0.172
H,Temperature,03-14,8504,24.465,22.515,24.965,23.815,2.27,0.286
H,Temperature,03-15,8431,24.035,23.005,24.635,23.815,2.27,0.097
H,Temperature,03-16,8409,23.925,22.695,24.445,23.815,2.27,0.048
H,Temperature,03-17,6131,23.585,21.735,25.005,23.815,2.27,-0.101
H,Temperature,03-18,4370,24.205,23.585,24.905,23.815,2.27,0.172
H,Temperature,03-19,8560,23.865,23.185,24.755,23.815,2.27,0.022
H,Temperature,03-20,7713,23.865,22.325,24.785,23.815,2.27,0.022
H,Temperature,03-21,8018,23.925,22.465,24.585,23.815,2.27,0.048
H,Temperature,03-22,7484,24.555,23.225,25.245,23.815,2.27,0.326
H,Temperature,03-23,6608,24.475,23.325,26.175,23.815,2.27,0.291
H,Temperature,03-24,7989,24.735,24.285,26.125,23.815,2.27,0.405
H,Temperature,03-25,8528,24.435,23.665,25.958,23.815,2.27,0.273
H,Temperature,03-26,8620,24.365,23.785,25.305,23.815,2.27,0.242
H,Temperature,03-27,8611,24.095,23.725,25.005,23.815,2.27,0.123
H,Temperature,03-28,8233,24.275,23.495,25.665,23.815,2.27,0.203
H,Temperature,03-29,7383,23.715,23.185,24.015,23.815,2.27,-0.044
H,Temperature,03-30,6692,23.005,22.475,23.575,23.815,2.27,-0.357
H,Temperature,03-31,4559,21.925,21.065,22.485,23.815,2.27,-0.833
H,Temperature,04-05,5247,23.465,22.575,24.605,23.815,2.27,-0.154
H,Temperature,04-06,8544,22.815,22.055,24.075,23.815,2.27,-0.441
H,Temperature,04-07,8481,22.425,21.575,23.825,23.815,2.27,-0.612
H,Temperature,04-08,8450,22.155,20.975,22.435,23.815,2.27,-0.731
H,Temperature,04-09,8571,22.165,20.465,22.985,23.815,2.27,-0.727
H,Temperature,04-10,8504,22.255,20.535,22.855,23.815,2.27,-0.687
H,Temperature,04-11,8561,22.865,21.155,23.745,23.815,2.27,-0.419
H,Temperature,04-12,7840,23.335,22.805,23.755,23.815,2.27,-0.211
H,Temperature,04-13,8133,23.605,22.925,24.305,23.815,2.27,-0.093
H,Temperature,04-14,8272,23.155,22.525,24.065,23.815,2.27,-0.291
H,Temperature,04-15,8365,22.825,22.065,23.635,23.815,2.27,-0.436
H,Temperature,04-16,8415,22.775,21.765,23.815,23.815,2.27,-0.458
H,Temperature,04-17,8515,22.905,22.105,23.525,23.815,2.27,-0.401
H,Temperature,04-18,8561,22.225,21.865,22.905,23.815,2.27,-0.7
H,Temperature,04-19,5960,22.745,21.065,23.855,23.815,2.27,-0.471
H,Temperature,04-20,4847,23.635,22.875,24.555,23.815,2.27,-0.079
H,Temperature,04-21,8293,22.885,22.255,23.635,23.815,2.27,-0.41
H,Temperature,04-22,8573,23.555,21.965,24.625,23.815,2.27,-0.115
H,Temperature,04-23,8263,23.995,23.245,24.455,23.815,2.27,0.079
H,Temperature,04-24,8255,24.145,23.205,24.845,23.815,2.27,0.145
H,Temperature,04-25,8254,23.485,22.615,24.295,23.815,2.27,-0.145
H,Temperature,04-26,8541,23.415,22.435,25.025,23.815,2.27,-0.176
H,Temperature,04-27,8107,23.215,22.675,24.235,23.815,2.27,-0.264
H,Temperature,04-28,8599,23.225,22.655,24.075,23.815,2.27,-0.26
H,Temperature,04-29,8232,23.505,22.755,23.965,23.815,2.27,-0.137
H,Temperature,04-30,8586,22.465,21.965,22.805,23.815,2.27,-0.595
A,Gas,03-01,8620,731.961,511.9855,1114.0312,1088.938,1460.6935,-0.244
A,Gas,03-02,8615,622.121,508.6896,748.882,1088.938,1460.6935,-0.32
A,Gas,03-03,8618,954.7995,514.3577,1259.6636,1088.938,1460.6935,-0.092
A,Gas,03-04,8613,663.234,520.149,1254.6802,1088.938,1460.6935,-0.291
A,Gas,03-05,8616,568.9585,511.1445,2218.8031,1088.938,1460.6935,-0.356
A,Gas,03-06,8615,1053.6379,519.6946,1758.4662,1088.938,1460.6935,-0.024
A,Gas,03-07,8611,1140.528,521.674,2321.884,1088.938,1460.6935,0.035
A,Gas,03-08,8616,1077.6454,562.951,1533.4355,1088.938,1460.6935,-0.008
A,Gas,03-09,8617,655.57,534.9892,1200.1692,1088.938,1460.6935,-0.297
A,Gas,03-10,8603,1360.851,602.8026,1933.4774,1088.938,1460.6935,0.186
A,Gas,03-11,8602,1034.491,547.952,1763.6858,1088.938,1460.6935,-0.037
A,Gas,03-12,8257,624.53,522.462,1610.2564,1088.938,1460.6935,-0.318
A,Gas,03-13,8621,988.613,538.462,1819.89,1088.938,1460.6935,-0.069
A,Gas,03-14,8614,1276.9,529.2233,3211.2659,1088.938,1460.6935,0.129
A,Gas,03-15,8614,1763.4645,652.0147,2394.3173,1088.938,1460.6935,0.462
A,Gas,03-16,8612,1127.3065,517.577,1518.4261,1088.938,1460.6935,0.026
A,Gas,03-17,6316,776.267,509.7805,1789.0935,1088.938,1460.6935,-0.214
A,Gas,03-18,5086,1096.28,587.0005,2228.9084,1088.938,1460.6935,0.005
A,Gas,03-19,8617,623.812,510.9254,2151.21,1088.938,1460.6935,-0.318
A,Gas,03-20,8617,1530.219,535.6422,2377.6928,1088.938,1460.6935,0.302
A,Gas,03-21,8608,1890.5445,1501.5238,2556.0452,1088.938,1460.6935,0.549
A,Gas,03-22,8615,1485.4041,539.6666,1972.115,1088.938,1460.6935,0.271
A,Gas,03-23,8589,1451.964,528.766,4870.0959,1088.938,1460.6935,0.249
A,Gas,03-24,8611,3584.4961,578.417,4329.5361,1088.938,1460.6935,1.708
A,Gas,03-25,8604,2320.9795,569.4468,3534.6101,1088.938,1460.6935,0.843
A,Gas,03-26,8618,1976.7425,529.2548,2723.076,1088.938,1460.6935,0.608
A,Gas,03-27,8621,2025.233,1606.609,2485.4519,1088.938,1460.6935,0.641
A,Gas,03-28,8618,1267.3815,557.9384,1663.7297,1088.938,1460.6935,0.122
A,Gas,03-29,8609,1037.264,509.0262,1368.9732,1088.938,1460.6935,-0.035
A,Gas,03-30,8245,690.135,504.7126,1864.8776,1088.938,1460.6935,-0.273
A,Gas,03-31,8609,773.959,512.2662,1676.0566,1088.938,1460.6935,-0.216
A,Gas,04-01,8617,871.466,515.6336,2209.1767,1088.938,1460.6935,-0.149
A,Gas,04-02,8207,1985.406,560.2548,2664.5946,1088.938,1460.6935,0.614
A,Gas,04-03,8618,2434.08,514.9288,3489.5802,1088.938,1460.6935,0.921
A,Gas,04-04,8614,3644.9929,1698.8562,4396.4083,1088.938,1460.6935,1.75
A,Gas,04-05,8614,1090.8115,522.7299,1994.3448,1088.938,1460.6935,0.001
A,Gas,04-06,8617,957.133,560.4814,1734.4498,1088.938,1460.6935,-0.09
A,Gas,04-07,8616,845.1255,585.5115,1150.725,1088.938,1460.6935,-0.167
A,Gas,04-08,8615,1484.303,522.1044,2886.349,1088.938,1460.6935,0.271
A,Gas,04-09,8620,1142.1525,539.4161,2431.0764,1088.938,1460.6935,0.036
A,Gas,04-10,8620,2269.7791,532.3517,3946.7389,1088.938,1460.6935,0.808
A,Gas,04-11,8612,1808.3315,1138.9473,2388.2253,1088.938,1460.6935,0.493
A,Gas,04-12,8610,1538.124,561.4496,2629.464,1088.938,1460.6935,0.308
A,Gas,04-13,8599,670.789,524.1836,2310.3806,1088.938,1460.6935,-0.286
A,Gas,04-14,8607,1895.726,595.6136,2436.6709,1088.938,1460.6935,0.552
A,Gas,04-15,8616,1340.231,510.5125,2442.563,1088.938,1460.6935,0.172
A,Gas,04-16,8619,1534.891,512.0836,2203.719,1088.938,1460.6935,0.305
A,Gas,04-17,8618,882.5615,514.863,2892.2692,1088.938,1460.6935,-0.141
A,Gas,04-18,8614,1970.106,586.1615,2476.2994,1088.938,1460.6935,0.603
A,Gas,04-19,6012,2257.2471,553.5355,3074.1891,1088.938,1460.6935,0.8
A,Gas,04-20,5005,1068.047,526.8118,1479.3272,1088.938,1460.6935,-0.014
A,Gas,04-21,8615,684.566,506.11,1182.0983,1088.938,1460.6935,-0.277
A,Gas,04-22,8616,3322.613,1038.1025,5542.1731,1088.938,1460.6935,1.529
A,Gas,04-23,8262,1543.997,740.3417,2644.7196,1088.938,1460.6935,0.312
A,Gas,04-24,8263,649.802,535.6262,1231.7668,1088.938,1460.6935,-0.301
A,Gas,04-25,8564,1198.689,751.0625,2471.5855,1088.938,1460.6935,0.075
A,Gas,04-26,8600,715.6175,518.1396,1213.574,1088.938,1460.6935,-0.256
A,Gas,04-27,8188,937.404,508.2534,1747.1536,1088.938,1460.6935,-0.104
A,Gas,04-28,8604,1192.2955,518.0936,2033.7652,1088.938,1460.6935,0.071
A,Gas,04-29,8597,1045.645,606.7314,2260.7874,1088.938,1460.6935,-0.03
A,Gas,04-30,8609,1129.85,519.4474,1970.3252,1088.938,1460.6935,0.028
B,Gas,03-01,8584,1546.585,656.1357,2282.9631,2408.271,4196.8461,-0.205
B,Gas,03-02,8249,1273.717,553.2216,1908.8534,2408.271,4196.8461,-0.27
B,Gas,03-03,7207,917.51,507.263,1367.4821,2408.271,4196.8461,-0.355
B,Gas,03-04,7804,950.0775,513.167,4010.775,2408.271,4196.8461,-0.347
B,Gas,03-05,8285,1540.515,538.8876,2537.338,2408.271,4196.8461,-0.207
B,Gas,03-06,8332,1131.793,528.589,3225.1559,2408.271,4196.8461,-0.304
B,Gas,03-07,8281,1296.916,646.089,3021.8379,2408.271,4196.8461,-0.265
B,Gas,03-08,8563,1562.463,660.8278,2835.7605,2408.271,4196.8461,-0.202
B,Gas,03-09,8247,1375.835,578.6222,3276.4259,2408.271,4196.8461,-0.246
B,Gas,03-10,7404,2565.5085,539.1047,4268.4962,2408.271,4196.8461,0.037
B,Gas,03-11,6836,1923.4885,781.398,3768.475,2408.271,4196.8461,-0.116
B,Gas,03-12,7917,740.513,507.992,4510.6616,2408.271,4196.8461,-0.397
B,Gas,03-13,8600,2856.8674,512.5907,4752.1362,2408.271,4196.8461,0.107
B,Gas,03-14,8480,3568.927,530.9204,6820.1091,2408.271,4196.8461,0.277
B,Gas,03-15,7366,4332.4507,924.501,5415.3804,2408.271,4196.8461,0.458
B,Gas,03-16,8248,3615.7606,582.9911,4074.045,2408.271,4196.8461,0.288
B,Gas,03-17,5563,859.686,502.0536,3046.0344,2408.271,4196.8461,-0.369
B,Gas,03-18,4641,3603.4939,517.813,4763.8208,2408.271,4196.8461,0.285
B,Gas,03-19,8425,2605.4109,505.2168,5189.9857,2408.271,4196.8461,0.047
B,Gas,03-20,8500,2965.9716,532.5541,5774.4812,2408.271,4196.8461,0.133
B,Gas,03-21,8066,3444.6229,1911.961,4913.4829,2408.271,4196.8461,0.247
B,Gas,03-22,7298,3538.8309,507.3473,8375.4827,2408.271,4196.8461,0.269
B,Gas,03-23,7062,7156.2175,809.6066,10623.1155,2408.271,4196.8461,1.131
B,Gas,03-24,7008,7672.6594,2685.4184,9460.1811,2408.271,4196.8461,1.254
B,Gas,03-25,8368,6608.145,548.8083,8768.4113,2408.271,4196.8461,1.001
B,Gas,03-26,8582,4400.3152,519.9634,7345.4231,2408.271,4196.8461,0.475
B,Gas,03-27,8615,4481.5781,3565.1814,6708.855,2408.271,4196.8461,0.494
B,Gas,03-28,8478,3857.1836,556.5238,5602.2854,2408.271,4196.8461,0.345
B,Gas,03-29,8375,3395.0391,1397.0906,4675.4846,2408.271,4196.8461,0.235
B,Gas,03-30,7930,1413.421,503.593,8035.1976,2408.271,4196.8461,-0.237
B,Gas,03-31,8453,2532.3149,627.6166,6645.4409,2408.271,4196.8461,0.03
B,Gas,04-01,8620,4586.8076,1620.1657,8342.9771,2408.271,4196.8461,0.519
B,Gas,04-02,8213,6549.854,604.4062,9807.6557,2408.271,4196.8461,0.987
B,Gas,04-03,8615,6610.2192,501.417,9317.0371,2408.271,4196.8461,1.001
B,Gas,04-04,8614,7912.137,5388.4916,11764.9453,2408.271,4196.8461,1.311
B,Gas,04-05,8443,2972.207,510.4298,4964.1182,2408.271,4196.8461,0.134
B,Gas,04-06,8331,2056.3259,550.16,3026.333,2408.271,4196.8461,-0.084
B,Gas,04-07,8216,1153.6665,526.3295,3686.9045,2408.271,4196.8461,-0.299
B,Gas,04-08,8070,4104.7898,567.7179,6701.8158,2408.271,4196.8461,0.404
B,Gas,04-09,8613,2107.3521,510.9562,6515.9686,2408.271,4196.8461,-0.072
B,Gas,04-10,8616,5738.9341,505.4285,9369.0215,2408.271,4196.8461,0.794
B,Gas,04-11,8532,4635.478,686.2906,7784.9755,2408.271,4196.8461,0.531
B,Gas,04-12,8608,3882.0076,1787.0062,6920.9004,2408.271,4196.8461,0.351
B,Gas,04-13,8241,2302.1121,527.024,4260.1431,2408.271,4196.8461,-0.025
B,Gas,04-14,8352,3980.5804,588.0477,5260.2506,2408.271,4196.8461,0.375
B,Gas,04-15,8505,4349.5518,504.671,6206.744,2408.271,4196.8461,0.463
B,Gas,04-16,7915,3305.4199,504.366,5819.2479,2408.271,4196.8461,0.214
B,Gas,04-17,8104,2825.3955,503.0006,7806.72,2408.271,4196.8461,0.099
B,Gas,04-18,8372,4334.9661,513.2132,6027.6972,2408.271,4196.8461,0.459
B,Gas,04-19,5534,5695.0986,654.484,9366.5775,2408.271,4196.8461,0.783
B,Gas,04-20,4899,3019.563,500.1386,7957.8076,2408.271,4196.8461,0.146
B,Gas,04-21,7451,3913.1089,607.972,7523.459,2408.271,4196.8461,0.359
B,Gas,04-22,8484,4718.0366,2815.622,6478.7398,2408.271,4196.8461,0.55
B,Gas,04-23,8258,2893.598,650.2989,4070.6622,2408.271,4196.8461,0.116
B,Gas,04-24,8258,2124.166,500.701,4895.3782,2408.271,4196.8461,-0.068
B,Gas,04-25,8155,5726.1108,555.4678,8425.6898,2408.271,4196.8461,0.791
B,Gas,04-26,7737,6957.6851,528.469,8019.6535,2408.271,4196.8461,1.084
B,Gas,04-27,8094,5992.0874,633.7916,8494.8156,2408.271,4196.8461,0.854
B,Gas,04-28,8593,6142.5708,561.1,10373.3832,2408.271,4196.8461,0.89
B,Gas,04-29,7409,8089.377,547.9794,10579.3914,2408.271,4196.8461,1.354
B,Gas,04-30,8368,6094.5874,507.8451,10227.7243,2408.271,4196.8461,0.878
C,Gas,03-01,8618,839.8,522.2042,1663.1343,1187.029,2206.7415,-0.157
C,Gas,03-02,8620,642.4815,511.4605,956.4576,1187.029,2206.7415,-0.247
C,Gas,03-03,8618,826.3575,515.3549,1185.7936,1187.029,2206.7415,-0.163
C,Gas,03-04,8617,678.461,514.728,1350.947,1187.029,2206.7415,-0.23
C,Gas,03-05,8616,663.7485,529.332,1592.147,1187.029,2206.7415,-0.237
C,Gas,03-06,8613,691.702,528.338,1501.9332,1187.029,2206.7415,-0.224
C,Gas,03-07,8613,611.191,513.955,2378.552,1187.029,2206.7415,-0.261
C,Gas,03-08,8614,1527.626,554.2057,2153.3872,1187.029,2206.7415,0.154
C,Gas,03-09,8616,641.412,532.3695,1408.439,1187.029,2206.7415,-0.247
C,Gas,03-10,8605,867.425,590.4278,1462.5204,1187.029,2206.7415,-0.145
C,Gas,03-11,8598,749.802,530.0939,1613.5633,1187.029,2206.7415,-0.198
C,Gas,03-12,8261,560.821,510.225,1215.6281,1187.029,2206.7415,-0.284
C,Gas,03-13,8622,1256.247,719.5303,1536.568,1187.029,2206.7415,0.031
C,Gas,03-14,8613,1820.6429,593.8456,5749.1474,1187.029,2206.7415,0.287
C,Gas,03-15,8611,3143.2859,1451.488,4183.8481,1187.029,2206.7415,0.886
C,Gas,03-16,8606,1673.405,522.2565,2115.719,1187.029,2206.7415,0.22
C,Gas,03-17,6313,1040.043,517.163,1967.0256,1187.029,2206.7415,-0.067
C,Gas,03-18,5095,793.123,594.5298,2352.6738,1187.029,2206.7415,-0.179
C,Gas,03-19,8617,604.934,508.7682,935.1326,1187.029,2206.7415,-0.264
C,Gas,03-20,8610,700.7495,564.9376,1654.3241,1187.029,2206.7415,-0.22
C,Gas,03-21,8610,1991.6715,1131.5534,2478.9947,1187.029,2206.7415,0.365
C,Gas,03-22,8597,1207.5291,568.8732,1890.8899,1187.029,2206.7415,0.009
C,Gas,03-23,8606,1224.2935,522.1545,5059.9707,1187.029,2206.7415,0.017
C,Gas,03-24,8612,3254.7625,642.8859,4600.4538,1187.029,2206.7415,0.937
C,Gas,03-25,8604,1955.3676,555.3251,2871.9972,1187.029,2206.7415,0.348
C,Gas,03-26,8619,1616.722,532.333,2362.4216,1187.029,2206.7415,0.195
C,Gas,03-27,8621,1806.826,1333.86,2201.7871,1187.029,2206.7415,0.281
C,Gas,03-28,8610,1148.0645,539.3409,1730.6712,1187.029,2206.7415,-0.018
C,Gas,03-29,8610,1097.6895,508.0945,1575.1314,1187.029,2206.7415,-0.04
C,Gas,03-30,8252,830.993,505.0415,1987.201,1187.029,2206.7415,-0.161
C,Gas,03-31,8616,613.481,516.761,1608.4771,1187.029,2206.7415,-0.26
C,Gas,04-01,8614,1147.1735,520.9287,1649.9887,1187.029,2206.7415,-0.018
C,Gas,04-02,8213,1479.2321,551.7454,3165.1147,1187.029,2206.7415,0.132
C,Gas,04-03,8620,1494.424,530.1718,3684.4454,1187.029,2206.7415,0.139
C,Gas,04-04,8618,3793.354,2040.8114,5023.5149,1187.029,2206.7415,1.181
C,Gas,04-05,8621,855.219,555.341,2062.166,1187.029,2206.7415,-0.15
C,Gas,04-06,8621,903.195,597.08,1846.399,1187.029,2206.7415,-0.129
C,Gas,04-07,8620,715.178,544.4131,1314.2224,1187.029,2206.7415,-0.214
C,Gas,04-08,8616,1079.981,562.2185,3670.234,1187.029,2206.7415,-0.049
C,Gas,04-09,8620,823.0225,521.585,2385.8049,1187.029,2206.7415,-0.165
C,Gas,04-10,8621,1180.71,536.004,5028.2441,1187.029,2206.7415,-0.003
C,Gas,04-11,8619,2246.8621,989.0788,2734.4907,1187.029,2206.7415,0.48
C,Gas,04-12,8619,1601.007,725.3002,3069.9385,1187.029,2206.7415,0.188
C,Gas,04-13,8606,747.1805,550.564,3385.9115,1187.029,2206.7415,-0.199
C,Gas,04-14,8604,2279.1481,869.0274,3672.8253,1187.029,2206.7415,0.495
C,Gas,04-15,8614,1537.0829,521.6466,2349.577,1187.029,2206.7415,0.159
C,Gas,04-16,8613,1062.002,512.53,2360.2502,1187.029,2206.7415,-0.057
C,Gas,04-17,8615,708.928,512.6604,2176.8715,1187.029,2206.7415,-0.217
C,Gas,04-18,8620,1435.416,556.2301,1989.6555,1187.029,2206.7415,0.113
C,Gas,04-19,6012,1987.0195,772.4767,3826.6136,1187.029,2206.7415,0.363
C,Gas,04-20,5007,916.68,548.8442,1681.1536,1187.029,2206.7415,-0.123
C,Gas,04-21,8617,663.349,507.1914,1941.3058,1187.029,2206.7415,-0.237
C,Gas,04-22,8621,2636.603,995.399,5132.2832,1187.029,2206.7415,0.657
C,Gas,04-23,8262,1276.8835,563.4857,2479.5653,1187.029,2206.7415,0.041
C,Gas,04-24,8264,662.927,529.0642,1191.6218,1187.029,2206.7415,-0.238
C,Gas,04-25,8536,1434.5445,627.1745,2914.2426,1187.029,2206.7415,0.112
C,Gas,04-26,8605,641.318,523.4696,1482.7076,1187.029,2206.7415,-0.247
C,Gas,04-27,8162,919.807,515.3011,1709.2072,1187.029,2206.7415,-0.121
C,Gas,04-28,8597,1264.9871,531.5818,2493.5702,1187.029,2206.7415,0.035
C,Gas,04-29,8607,1214.731,599.3434,2618.8359,1187.029,2206.7415,0.013
C,Gas,04-30,8610,1281.104,508.1649,2082.7872,1187.029,2206.7415,0.043
D,Gas,03-01,8621,893.702,595.546,1837.576,1667.803,2904.6743,-0.267
D,Gas,03-02,8621,721.538,508.675,1298.2939,1667.803,2904.6743,-0.326
D,Gas,03-03,8621,1000.564,520.277,1998.835,1667.803,2904.6743,-0.23
D,Gas,03-04,8621,805.915,516.048,1938.869,1667.803,2904.6743,-0.297
D,Gas,03-05,8621,952.322,524.947,1492.246,1667.803,2904.6743,-0.246
D,Gas,03-06,8621,1245.259,579.427,2624.9509,1667.803,2904.6743,-0.145
D,Gas,03-07,8620,1050.9395,637.0726,2289.8075,1667.803,2904.6743,-0.212
D,Gas,03-08,8622,1499.099,640.2866,2051.2384,1667.803,2904.6743,-0.058
D,Gas,03-09,8621,1239.563,534.915,2085.8191,1667.803,2904.6743,-0.147
D,Gas,03-10,8621,1634.0811,531.244,3584.2859,1667.803,2904.6743,-0.012
D,Gas,03-11,8620,1768.9885,873.7337,2933.3872,1667.803,2904.6743,0.035
D,Gas,03-12,8261,834.29,507.731,2167.7439,1667.803,2904.6743,-0.287
D,Gas,03-13,8621,1790.6899,528.492,3452.0259,1667.803,2904.6743,0.042
D,Gas,03-14,8621,2809.7581,599.824,5119.9561,1667.803,2904.6743,0.393
D,Gas,03-15,8621,2643.877,818.569,3811.1731,1667.803,2904.6743,0.336
D,Gas,03-16,8621,2257.0591,513.336,2878.1599,1667.803,2904.6743,0.203
D,Gas,03-17,6319,1030.184,503.9246,2305.5309,1667.803,2904.6743,-0.22
D,Gas,03-18,5113,2319.4041,521.6446,3498.3563,1667.803,2904.6743,0.224
D,Gas,03-19,8617,1692.6899,508.4396,3469.2904,1667.803,2904.6743,0.009
D,Gas,03-20,8621,2149.1279,519.805,4538.0068,1667.803,2904.6743,0.166
D,Gas,03-21,8622,3153.6125,2298.7462,4752.2574,1667.803,2904.6743,0.512
D,Gas,03-22,8621,2254.7561,521.65,4608.1299,1667.803,2904.6743,0.202
D,Gas,03-23,8622,4564.0986,528.1248,15677.749,1667.803,2904.6743,0.997
D,Gas,03-24,8622,9097.6699,3786.993,13424.5844,1667.803,2904.6743,2.558
D,Gas,03-25,8621,6311.3252,513.812,10288.6445,1667.803,2904.6743,1.599
D,Gas,03-26,8621,6582.4028,846.102,10787.9209,1667.803,2904.6743,1.692
D,Gas,03-27,8620,6944.0427,5157.5338,10247.8701,1667.803,2904.6743,1.816
D,Gas,03-28,8621,4028.0801,1430.813,5373.895,1667.803,2904.6743,0.813
D,Gas,03-29,8621,2664.541,845.045,3635.0181,1667.803,2904.6743,0.343
D,Gas,03-30,8258,762.4145,505.2005,4235.8838,1667.803,2904.6743,-0.312
D,Gas,03-31,8616,1204.9195,507.6425,2760.5011,1667.803,2904.6743,-0.159
D,Gas,04-01,8621,1815.783,828.893,5951.2329,1667.803,2904.6743,0.051
D,Gas,04-02,8212,4937.291,657.8028,7823.9297,1667.803,2904.6743,1.126
D,Gas,04-03,8620,5527.031,509.9697,8303.5326,1667.803,2904.6743,1.329
D,Gas,04-04,8620,7130.8916,5291.8571,9091.5856,1667.803,2904.6743,1.881
D,Gas,04-05,8621,1249.416,527.777,4574.9619,1667.803,2904.6743,-0.144
D,Gas,04-06,8621,1490.663,530.589,2290.6809,1667.803,2904.6743,-0.061
D,Gas,04-07,8621,1293.329,508.759,3149.5911,1667.803,2904.6743,-0.129
D,Gas,04-08,8620,3704.5045,797.8092,7368.2966,1667.803,2904.6743,0.701
D,Gas,04-09,8621,2657.489,519.582,6822.8911,1667.803,2904.6743,0.341
D,Gas,04-10,8620,5262.6406,507.5082,10356.4961,1667.803,2904.6743,1.238
D,Gas,04-11,8621,4460.0562,1759.62,7056.98,1667.803,2904.6743,0.961
D,Gas,04-12,8598,682.632,508.748,6809.5042,1667.803,2904.6743,-0.339
D,Gas,04-13,8620,1058.7555,518.8647,3855.2682,1667.803,2904.6743,-0.21
D,Gas,04-14,8621,3652.217,520.317,4468.377,1667.803,2904.6743,0.683
D,Gas,04-15,8619,3889.1289,506.1192,6047.298,1667.803,2904.6743,0.765
D,Gas,04-16,8619,3728.689,530.6544,5563.8962,1667.803,2904.6743,0.71
D,Gas,04-17,8620,2878.5031,504.4826,8041.2868,1667.803,2904.6743,0.417
D,Gas,04-18,8619,5067.4521,539.7176,6257.3694,1667.803,2904.6743,1.17
D,Gas,04-19,6017,4732.0308,561.7242,8399.8824,1667.803,2904.6743,1.055
D,Gas,04-20,5011,1571.868,505.345,4957.3848,1667.803,2904.6743,-0.033
D,Gas,04-21,8621,2183.1931,511.183,5453.1519,1667.803,2904.6743,0.177
D,Gas,04-22,8620,4053.4185,2066.8189,6519.6473,1667.803,2904.6743,0.821
D,Gas,04-23,8263,1923.126,571.2292,3389.9898,1667.803,2904.6743,0.088
D,Gas,04-24,8263,1664.2,504.256,5541.3992,1667.803,2904.6743,-0.001
D,Gas,04-25,8621,4055.104,1045.3459,6349.4541,1667.803,2904.6743,0.822
D,Gas,04-26,8622,2553.4775,506.384,4326.9766,1667.803,2904.6743,0.305
D,Gas,04-27,8246,2789.0304,1113.4455,4150.5161,1667.803,2904.6743,0.386
D,Gas,04-28,8621,1769.578,542.14,4655.7632,1667.803,2904.6743,0.035
D,Gas,04-29,8622,3199.106,554.1222,6057.9245,1667.803,2904.6743,0.527
D,Gas,04-30,8620,3929.939,507.227,5546.6099,1667.803,2904.6743,0.779
E,Gas,03-01,8622,957.695,604.8134,2053.3085,2075.542,3632.5776,-0.308
E,Gas,03-02,8621,816.371,511.956,1428.073,2075.542,3632.5776,-0.347
E,Gas,03-03,8623,1059.218,508.539,2070.2292,2075.542,3632.5776,-0.28
E,Gas,03-04,8622,1051.2465,510.9988,2447.998,2075.542,3632.5776,-0.282
E,Gas,03-05,8622,828.873,528.8449,2358.7817,2075.542,3632.5776,-0.343
E,Gas,03-06,8622,1774.0565,629.0631,2962.322,2075.542,3632.5776,-0.083
E,Gas,03-07,8622,1355.8275,599.4173,3752.4732,2075.542,3632.5776,-0.198
E,Gas,03-08,8623,1689.807,819.5602,2974.0942,2075.542,3632.5776,-0.106
E,Gas,03-09,8621,1117.739,546.218,2325.2671,2075.542,3632.5776,-0.264
E,Gas,03-10,8622,1866.2775,558.2267,4660.7224,2075.542,3632.5776,-0.058
E,Gas,03-11,8618,2240.173,1016.5642,3975.8115,2075.542,3632.5776,0.045
E,Gas,03-12,8262,675.859,525.19,4128.4067,2075.542,3632.5776,-0.385
E,Gas,03-13,8621,2657.04,546.05,4098.4912,2075.542,3632.5776,0.16
E,Gas,03-14,8620,3433.3885,593.5116,5351.7137,2075.542,3632.5776,0.374
E,Gas,03-15,8623,2878.4529,691.2848,3904.629,2075.542,3632.5776,0.221
E,Gas,03-16,8622,2387.9415,506.8109,2953.0996,2075.542,3632.5776,0.086
E,Gas,03-17,6320,888.6645,503.728,2825.3083,2075.542,3632.5776,-0.327
E,Gas,03-18,5114,1929.755,510.4256,3623.3289,2075.542,3632.5776,-0.04
E,Gas,03-19,8621,1942.777,506.7,5076.5581,2075.542,3632.5776,-0.037
E,Gas,03-20,8621,3297.0449,547.474,5653.6348,2075.542,3632.5776,0.336
E,Gas,03-21,8622,3868.119,2479.0735,5392.6918,2075.542,3632.5776,0.493
E,Gas,03-22,8622,2754.7629,506.1751,6102.8953,2075.542,3632.5776,0.187
E,Gas,03-23,8623,5612.894,534.6868,14139.6414,2075.542,3632.5776,0.974
E,Gas,03-24,8617,7570.5161,1040.0426,12252.9383,2075.542,3632.5776,1.513
E,Gas,03-25,8622,5322.1135,512.1752,7882.5781,2075.542,3632.5776,0.894
E,Gas,03-26,8622,5220.2686,507.4451,9007.6423,2075.542,3632.5776,0.866
E,Gas,03-27,8620,6115.1682,4772.9025,9166.916,2075.542,3632.5776,1.112
E,Gas,03-28,8622,3926.3934,572.4425,5227.3716,2075.542,3632.5776,0.51
E,Gas,03-29,8621,2570.4541,804.548,3611.9519,2075.542,3632.5776,0.136
E,Gas,03-30,8260,847.4255,502.468,3718.867,2075.542,3632.5776,-0.338
E,Gas,03-31,8621,922.757,507.193,2897.8,2075.542,3632.5776,-0.317
E,Gas,04-01,8621,1681.548,556.094,5782.6221,2075.542,3632.5776,-0.108
E,Gas,04-02,8212,5314.4026,574.3676,7306.7249,2075.542,3632.5776,0.892
E,Gas,04-03,8620,6003.6921,508.7254,8379.4463,2075.542,3632.5776,1.081
E,Gas,04-04,8620,7089.6033,5258.7317,9306.8506,2075.542,3632.5776,1.38
E,Gas,04-05,8621,3019.2639,554.114,4829.9912,2075.542,3632.5776,0.26
E,Gas,04-06,8621,1821.955,519.553,3615.738,2075.542,3632.5776,-0.07
E,Gas,04-07,8621,1779.78,527.469,4608.1909,2075.542,3632.5776,-0.081
E,Gas,04-08,8620,4222.5022,1288.8428,7447.1808,2075.542,3632.5776,0.591
E,Gas,04-09,8621,2418.594,513.942,8625.6035,2075.542,3632.5776,0.094
E,Gas,04-10,8620,7381.5869,520.7807,10830.8773,2075.542,3632.5776,1.461
E,Gas,04-11,8620,5483.78,1707.8817,7220.6226,2075.542,3632.5776,0.938
E,Gas,04-12,8621,2939.238,1706.269,6734.2012,2075.542,3632.5776,0.238
E,Gas,04-13,8620,2198.496,551.8612,4515.3163,2075.542,3632.5776,0.034
E,Gas,04-14,8621,3840.937,556.207,4904.1499,2075.542,3632.5776,0.486
E,Gas,04-15,8621,4064.603,504.071,7190.9492,2075.542,3632.5776,0.548
E,Gas,04-16,8620,4056.7985,519.2776,6647.5066,2075.542,3632.5776,0.545
E,Gas,04-17,8620,3041.954,512.4357,9249.4332,2075.542,3632.5776,0.266
E,Gas,04-18,8621,4944.9741,552.582,7692.916,2075.542,3632.5776,0.79
E,Gas,04-19,6017,4041.636,570.936,9206.9838,2075.542,3632.5776,0.541
E,Gas,04-20,5011,1818.257,505.415,5104.999,2075.542,3632.5776,-0.071
E,Gas,04-21,8621,2346.4619,517.66,6386.0381,2075.542,3632.5776,0.075
E,Gas,04-22,8620,4405.2361,2267.9006,5974.461,2075.542,3632.5776,0.641
E,Gas,04-23,8263,2383.2339,543.9332,3721.8193,2075.542,3632.5776,0.085
E,Gas,04-24,8263,2219.644,503.0864,5601.1226,2075.542,3632.5776,0.04
E,Gas,04-25,8621,3969.2549,1695.818,6891.4312,2075.542,3632.5776,0.521
E,Gas,04-26,8621,2667.5239,510.01,5079.873,2075.542,3632.5776,0.163
E,Gas,04-27,8242,3014.8385,1128.03,4189.9081,2075.542,3632.5776,0.259
E,Gas,04-28,8621,2171.9399,621.191,4688.311,2075.542,3632.5776,0.027
E,Gas,04-29,8614,3841.0809,562.3478,6419.7083,2075.542,3632.5776,0.486
E,Gas,04-30,8615,3972.1221,506.1108,6956.3473,2075.542,3632.5776,0.522
F,Gas,03-01,8621,916.547,508.949,1554.6801,959.408,1212.3801,-0.035
F,Gas,03-02,8621,637.569,507.878,881.242,959.408,1212.3801,-0.265
F,Gas,03-03,8621,790.532,510.92,1107.155,959.408,1212.3801,-0.139
F,Gas,03-04,8621,587.876,508.752,777.972,959.408,1212.3801,-0.306
F,Gas,03-05,8621,759.854,508.56,1476.4919,959.408,1212.3801,-0.165
F,Gas,03-06,8621,767.715,537.791,1575.6429,959.408,1212.3801,-0.158
F,Gas,03-07,8610,1193.893,594.8082,2066.3765,959.408,1212.3801,0.193
F,Gas,03-08,8616,1028.8085,737.173,1448.696,959.408,1212.3801,0.057
F,Gas,03-09,8614,825.516,595.1366,1326.4468,959.408,1212.3801,-0.11
F,Gas,03-10,8597,847.154,541.1694,1567.328,959.408,1212.3801,-0.093
F,Gas,03-11,8599,806.219,534.8214,1519.7972,959.408,1212.3801,-0.126
F,Gas,03-12,8257,610.888,508.5102,1280.9116,959.408,1212.3801,-0.287
F,Gas,03-13,8621,1002.684,604.19,1796.209,959.408,1212.3801,0.036
F,Gas,03-14,8606,1275.895,604.682,2697.8666,959.408,1212.3801,0.261
F,Gas,03-15,8615,1503.278,642.9016,1955.6594,959.408,1212.3801,0.449
F,Gas,03-16,8616,1135.513,507.19,1714.7465,959.408,1212.3801,0.145
F,Gas,03-17,6315,937.875,508.0238,1760.5424,959.408,1212.3801,-0.018
F,Gas,03-18,5101,972.737,618.43,1966.0649,959.408,1212.3801,0.011
F,Gas,03-19,8621,639.699,513.789,1722.588,959.408,1212.3801,-0.264
F,Gas,03-20,8621,1106.446,545.968,2338.043,959.408,1212.3801,0.121
F,Gas,03-21,8603,1713.36,1380.9812,2123.0018,959.408,1212.3801,0.622
F,Gas,03-22,8599,1041.571,581.81,1467.508,959.408,1212.3801,0.068
F,Gas,03-23,8577,1041.493,531.0034,2787.7505,959.408,1212.3801,0.068
F,Gas,03-24,8605,1926.215,556.1108,2954.8467,959.408,1212.3801,0.797
F,Gas,03-25,8602,1660.798,763.3852,2761.9204,959.408,1212.3801,0.579
F,Gas,03-26,8620,1014.206,517.1959,2361.6289,959.408,1212.3801,0.045
F,Gas,03-27,8617,2043.976,1507.0366,2500.4948,959.408,1212.3801,0.895
F,Gas,03-28,8617,1288.452,604.782,1533.95,959.408,1212.3801,0.271
F,Gas,03-29,8615,1319.235,525.9478,1939.8326,959.408,1212.3801,0.297
F,Gas,03-30,8253,713.755,503.3924,2070.6165,959.408,1212.3801,-0.203
F,Gas,03-31,8618,1018.1365,521.1549,1827.7703,959.408,1212.3801,0.048
F,Gas,04-01,8617,921.551,513.1222,1716.366,959.408,1212.3801,-0.031
F,Gas,04-02,8208,1582.5155,607.4317,3368.0621,959.408,1212.3801,0.514
F,Gas,04-03,8620,2638.5404,528.3288,3767.6345,959.408,1212.3801,1.385
F,Gas,04-04,8621,3625.0991,2061.5291,4977.1299,959.408,1212.3801,2.199
F,Gas,04-05,8620,1247.5425,545.9401,1873.7872,959.408,1212.3801,0.238
F,Gas,04-06,8621,1308.989,598.936,2377.698,959.408,1212.3801,0.288
F,Gas,04-07,8619,1077.241,535.047,2497.0051,959.408,1212.3801,0.097
F,Gas,04-08,8620,2380.7734,732.2313,3522.8031,959.408,1212.3801,1.172
F,Gas,04-09,8620,1464.6931,531.2209,3194.0796,959.408,1212.3801,0.417
F,Gas,04-10,8621,2053.3201,599.915,4145.4702,959.408,1212.3801,0.902
F,Gas,04-11,8616,1781.2,973.9855,2240.2891,959.408,1212.3801,0.678
F,Gas,04-12,8618,1291.8925,607.709,2628.8774,959.408,1212.3801,0.274
F,Gas,04-13,8603,639.611,548.7454,1364.6146,959.408,1212.3801,-0.264
F,Gas,04-14,8615,1578.505,597.9624,2241.5959,959.408,1212.3801,0.511
F,Gas,04-15,8619,1508.443,552.7842,2203.9213,959.408,1212.3801,0.453
F,Gas,04-16,8621,939.015,532.803,1725.3831,959.408,1212.3801,-0.017
F,Gas,04-17,8619,1034.2419,531.1602,3442.0894,959.408,1212.3801,0.062
F,Gas,04-18,8619,1485.349,538.3844,2184.3792,959.408,1212.3801,0.434
F,Gas,04-19,6016,1894.704,631.7575,3698.5815,959.408,1212.3801,0.771
F,Gas,04-20,5008,1321.884,526.742,1909.3783,959.408,1212.3801,0.299
F,Gas,04-21,8620,883.024,510.8111,1826.4221,959.408,1212.3801,-0.063
F,Gas,04-22,8620,4771.094,2501.5348,8782.5084,959.408,1212.3801,3.144
F,Gas,04-23,8263,2663.1621,1326.9868,3432.5774,959.408,1212.3801,1.405
F,Gas,04-24,8264,950.0555,566.4691,1162.1055,959.408,1212.3801,-0.008
F,Gas,04-25,8528,1513.3525,829.4651,2377.4241,959.408,1212.3801,0.457
F,Gas,04-26,8598,939.317,536.9872,1410.8034,959.408,1212.3801,-0.017
F,Gas,04-27,8162,699.014,515.9891,1388.4654,959.408,1212.3801,-0.215
F,Gas,04-28,8596,1136.249,526.243,2702.118,959.408,1212.3801,0.146
F,Gas,04-29,8587,1548.951,534.4236,3033.3643,959.408,1212.3801,0.486
F,Gas,04-30,8618,1866.587,522.4243,3039.1634,959.408,1212.3801,0.748
G,Gas,03-01,8620,782.414,586.2115,1334.7713,1404.442,2578.838,-0.241
G,Gas,03-02,8619,646.528,535.2164,1476.5542,1404.442,2578.838,-0.294
G,Gas,03-03,8617,640.078,508.958,990.9368,1404.442,2578.838,-0.296
G,Gas,03-04,8616,694.6105,508.698,1638.086,1404.442,2578.838,-0.275
G,Gas,03-05,8617,669.837,521.6236,3409.6003,1404.442,2578.838,-0.285
G,Gas,03-06,8614,1059.4805,668.1127,1858.2613,1404.442,2578.838,-0.134
G,Gas,03-07,8608,1163.639,525.0897,2463.995,1404.442,2578.838,-0.093
G,Gas,03-08,8600,1198.623,633.069,1883.5657,1404.442,2578.838,-0.08
G,Gas,03-09,8606,1062.2235,574.178,1545.259,1404.442,2578.838,-0.133
G,Gas,03-10,8593,1180.793,532.7166,3195.9627,1404.442,2578.838,-0.087
G,Gas,03-11,8599,1467.347,640.74,2323.958,1404.442,2578.838,0.024
G,Gas,03-12,8258,654.871,526.7107,3472.6621,1404.442,2578.838,-0.291
G,Gas,03-13,8618,2378.651,535.6163,3362.4662,1404.442,2578.838,0.378
G,Gas,03-14,8612,2501.4325,518.4565,4427.2842,1404.442,2578.838,0.425
G,Gas,03-15,8609,2475.3999,703.4824,3445.6245,1404.442,2578.838,0.415
G,Gas,03-16,8606,1732.1085,518.8575,1972.511,1404.442,2578.838,0.127
G,Gas,03-17,6300,592.7315,504.7836,1835.6717,1404.442,2578.838,-0.315
G,Gas,03-18,5102,1649.176,524.9897,2457.6503,1404.442,2578.838,0.095
G,Gas,03-19,8613,1099.167,512.0932,3626.6431,1404.442,2578.838,-0.118
G,Gas,03-20,8611,2149.9309,533.434,3831.9199,1404.442,2578.838,0.289
G,Gas,03-21,8593,2619.238,1912.4768,3301.8718,1404.442,2578.838,0.471
G,Gas,03-22,8606,1805.5365,519.894,3240.2266,1404.442,2578.838,0.156
G,Gas,03-23,8603,2396.4971,518.3974,5956.8706,1404.442,2578.838,0.385
G,Gas,03-24,8610,4252.4434,573.9907,5361.3666,1404.442,2578.838,1.104
G,Gas,03-25,8602,3227.4695,529.2058,4494.9153,1404.442,2578.838,0.707
G,Gas,03-26,8614,2444.73,509.1708,5192.0396,1404.442,2578.838,0.403
G,Gas,03-27,8616,2889.8755,2065.2356,4198.7195,1404.442,2578.838,0.576
G,Gas,03-28,8610,2138.0099,528.7614,2356.7152,1404.442,2578.838,0.284
G,Gas,03-29,8604,1324.5185,688.2423,1875.6945,1404.442,2578.838,-0.031
G,Gas,03-30,8244,766.9535,504.902,2714.9553,1404.442,2578.838,-0.247
G,Gas,03-31,8609,851.964,509.708,2703.5256,1404.442,2578.838,-0.214
G,Gas,04-01,8600,1036.4555,539.1829,3344.5755,1404.442,2578.838,-0.143
G,Gas,04-02,8192,3422.141,583.4482,4230.5796,1404.442,2578.838,0.782
G,Gas,04-03,8608,4311.731,519.078,5211.1893,1404.442,2578.838,1.127
G,Gas,04-04,8607,4329.165,3445.3553,5409.5601,1404.442,2578.838,1.134
G,Gas,04-05,8609,1828.309,513.3814,2732.1403,1404.442,2578.838,0.164
G,Gas,04-06,8604,1440.5695,532.1351,2024.1582,1404.442,2578.838,0.014
G,Gas,04-07,8618,1031.856,530.194,3007.5341,1404.442,2578.838,-0.144
G,Gas,04-08,8615,2661.6621,531.3334,4077.9968,1404.442,2578.838,0.488
G,Gas,04-09,8617,1910.234,512.5594,4455.6568,1404.442,2578.838,0.196
G,Gas,04-10,8616,3449.3254,536.726,5880.6414,1404.442,2578.838,0.793
G,Gas,04-11,8611,2619.853,878.867,4275.1001,1404.442,2578.838,0.471
G,Gas,04-12,8609,2329.833,1295.5716,3778.3032,1404.442,2578.838,0.359
G,Gas,04-13,8589,1120.191,517.9156,2947.6538,1404.442,2578.838,-0.11
G,Gas,04-14,8605,2773.833,529.1368,3104.0078,1404.442,2578.838,0.531
G,Gas,04-15,8607,2348.875,512.2616,3585.6826,1404.442,2578.838,0.366
G,Gas,04-16,8608,2547.3495,514.3833,3210.2086,1404.442,2578.838,0.443
G,Gas,04-17,8608,1547.822,505.3168,4982.4995,1404.442,2578.838,0.056
G,Gas,04-18,8611,2973.8181,513.212,4169.5669,1404.442,2578.838,0.609
G,Gas,04-19,6014,2340.5085,521.8297,4742.3427,1404.442,2578.838,0.363
G,Gas,04-20,4996,1244.451,520.9225,2935.075,1404.442,2578.838,-0.062
G,Gas,04-21,8614,851.2425,510.1978,2125.6793,1404.442,2578.838,-0.215
G,Gas,04-22,8619,2811.4131,1173.3126,4451.262,1404.442,2578.838,0.546
G,Gas,04-23,8259,2139.2859,572.3916,2599.1982,1404.442,2578.838,0.285
G,Gas,04-24,8247,1719.1219,508.5542,3419.4205,1404.442,2578.838,0.122
G,Gas,04-25,8526,2809.949,651.9925,3554.1169,1404.442,2578.838,0.545
G,Gas,04-26,8595,1799.038,508.023,3057.3267,1404.442,2578.838,0.153
G,Gas,04-27,8157,1914.818,588.906,2799.7876,1404.442,2578.838,0.198
G,Gas,04-28,8600,1343.9205,650.4648,3294.209,1404.442,2578.838,-0.023
G,Gas,04-29,8571,2219.1909,592.805,3352.532,1404.442,2578.838,0.316
G,Gas,04-30,8614,1931.5984,504.3037,3718.7974,1404.442,2578.838,0.204
H,Gas,03-01,8600,1066.4665,664.8053,1823.6006,1681.979,3084.088,-0.2
H,Gas,03-02,8442,946.1615,534.2586,1544.8401,1681.979,3084.088,-0.239
H,Gas,03-03,7835,760.735,513.2136,1220.0486,1681.979,3084.088,-0.299
H,Gas,03-04,8589,1118.702,517.7314,3647.1694,1681.979,3084.088,-0.183
H,Gas,03-05,8590,1425.848,553.6419,2246.7657,1681.979,3084.088,-0.083
H,Gas,03-06,8588,959.997,602.4393,1699.339,1681.979,3084.088,-0.234
H,Gas,03-07,7949,1570.634,526.4546,2641.3184,1681.979,3084.088,-0.036
H,Gas,03-08,8562,1501.8416,910.8512,2242.7548,1681.979,3084.088,-0.058
H,Gas,03-09,8389,1377.7061,654.5738,2625.4604,1681.979,3084.088,-0.099
H,Gas,03-10,8199,1808.67,634.1828,3332.1182,1681.979,3084.088,0.041
H,Gas,03-11,7525,1717.0909,1202.998,3195.9484,1681.979,3084.088,0.011
H,Gas,03-12,8147,703.387,521.121,1766.136,1681.979,3084.088,-0.317
H,Gas,03-13,8615,1433.465,539.4682,2608.1664,1681.979,3084.088,-0.081
H,Gas,03-14,8504,2399.4865,568.5272,5535.4185,1681.979,3084.088,0.233
H,Gas,03-15,8431,3339.5349,917.111,4245.375,1681.979,3084.088,0.537
H,Gas,03-16,8409,2902.9419,518.5846,3339.9697,1681.979,3084.088,0.396
H,Gas,03-17,6131,1148.316,506.573,2924.957,1681.979,3084.088,-0.173
H,Gas,03-18,4370,3500.1965,548.5476,4669.5894,1681.979,3084.088,0.59
H,Gas,03-19,8560,2288.3511,507.4402,4836.2953,1681.979,3084.088,0.197
H,Gas,03-20,7713,2622.8201,625.8968,4099.6152,1681.979,3084.088,0.305
H,Gas,03-21,8018,2842.8989,954.0252,3798.4535,1681.979,3084.088,0.376
H,Gas,03-22,7484,2296.5541,566.2085,8081.1848,1681.979,3084.088,0.199
H,Gas,03-23,6608,6783.9019,1986.8286,8666.9765,1681.979,3084.088,1.654
H,Gas,03-24,7989,5969.1118,797.6628,7482.5053,1681.979,3084.088,1.39
H,Gas,03-25,8528,5620.4807,641.7783,8078.9417,1681.979,3084.088,1.277
H,Gas,03-26,8620,4105.4104,533.6484,6871.915,1681.979,3084.088,0.786
H,Gas,03-27,8611,3616.325,2582.2561,4917.3848,1681.979,3084.088,0.627
H,Gas,03-28,8233,3054.481,561.4178,4926.3604,1681.979,3084.088,0.445
H,Gas,03-29,7383,2932.7729,1539.7284,4048.52,1681.979,3084.088,0.406
H,Gas,03-30,6692,657.2245,503.4198,6329.0724,1681.979,3084.088,-0.332
H,Gas,03-31,4559,1731.417,506.8292,2383.8904,1681.979,3084.088,0.016
H,Gas,04-05,5247,1429.679,501.8068,1991.465,1681.979,3084.088,-0.082
H,Gas,04-06,8544,1332.9185,535.6834,1947.3432,1681.979,3084.088,-0.113
H,Gas,04-07,8481,1216.131,538.513,2146.781,1681.979,3084.088,-0.151
H,Gas,04-08,8450,4222.1011,554.0128,5512.9214,1681.979,3084.088,0.824
H,Gas,04-09,8571,2504.4221,513.026,4516.7012,1681.979,3084.088,0.267
H,Gas,04-10,8504,3966.3206,524.2948,6491.846,1681.979,3084.088,0.741
H,Gas,04-11,8561,3712.6919,631.923,6377.021,1681.979,3084.088,0.658
H,Gas,04-12,7840,3185.965,2236.4713,6012.818,1681.979,3084.088,0.488
H,Gas,04-13,8133,1989.585,665.4018,3009.5096,1681.979,3084.088,0.1
H,Gas,04-14,8272,3161.066,662.8522,4082.6556,1681.979,3084.088,0.48
H,Gas,04-15,8365,3322.165,516.2196,4785.8774,1681.979,3084.088,0.532
H,Gas,04-16,8415,2725.071,509.345,4066.7615,1681.979,3084.088,0.338
H,Gas,04-17,8515,2218.958,503.7166,6190.9303,1681.979,3084.088,0.174
H,Gas,04-18,8561,3356.938,513.887,5041.646,1681.979,3084.088,0.543
H,Gas,04-19,5960,3877.1335,655.2371,6444.7408,1681.979,3084.088,0.712
H,Gas,04-20,4847,3926.9971,506.029,6502.5386,1681.979,3084.088,0.728
H,Gas,04-21,8293,3573.4031,629.2604,5323.7928,1681.979,3084.088,0.613
H,Gas,04-22,8573,3332.8311,2206.4365,4369.0835,1681.979,3084.088,0.535
H,Gas,04-23,8263,1837.011,743.4162,2699.1626,1681.979,3084.088,0.05
H,Gas,04-24,8255,1431.129,513.3158,2894.6576,1681.979,3084.088,-0.081
H,Gas,04-25,8254,3580.9194,555.338,7090.8266,1681.979,3084.088,0.616
H,Gas,04-26,8541,5486.1982,541.487,7674.3452,1681.979,3084.088,1.233
H,Gas,04-27,8107,4952.9678,658.9536,6042.3744,1681.979,3084.088,1.061
H,Gas,04-28,8599,3320.5701,708.3598,6667.4399,1681.979,3084.088,0.531
H,Gas,04-29,8232,5558.5969,605.9693,7298.1155,1681.979,3084.088,1.257
H,Gas,04-30,8586,4513.2439,504.5815,6815.1055,1681.979,3084.088,0.918
A,Humidity,03-01,8620,37.028,36.083,40.1501,35.473,9.393,0.166
A,Humidity,03-02,8615,39.38,36.565,40.5306,35.473,9.393,0.416
A,Humidity,03-03,8618,40.674,37.7607,42.792,35.473,9.393,0.554
A,Humidity,03-04,8613,33.985,32.625,37.9798,35.473,9.393,-0.158
A,Humidity,03-05,8616,29.5845,26.479,31.7755,35.473,9.393,-0.627
A,Humidity,03-06,8615,27.97,26.8698,28.7416,35.473,9.393,-0.799
A,Humidity,03-07,8611,26.649,24.047,28.004,35.473,9.393,-0.939
A,Humidity,03-08,8616,28.0405,24.324,34.596,35.473,9.393,-0.791
A,Humidity,03-09,8617,36.795,34.7166,37.963,35.473,9.393,0.141
A,Humidity,03-10,8603,37.05,34.887,38.533,35.473,9.393,0.168
A,Humidity,03-11,8602,40.238,38.589,41.3889,35.473,9.393,0.507
A,Humidity,03-12,8257,35.166,31.658,39.892,35.473,9.393,-0.033
A,Humidity,03-13,8621,35.352,33.576,38.547,35.473,9.393,-0.013
A,Humidity,03-14,8614,34.365,30.447,35.018,35.473,9.393,-0.118
A,Humidity,03-15,8614,35.084,33.623,35.472,35.473,9.393,-0.041
A,Humidity,03-16,8612,38.954,35.4411,41.384,35.473,9.393,0.371
A,Humidity,03-17,6316,33.545,32.365,35.2605,35.473,9.393,-0.205
A,Humidity,03-18,5086,35.0905,34.5205,38.896,35.473,9.393,-0.041
A,Humidity,03-19,8617,29.997,26.425,33.835,35.473,9.393,-0.583
A,Humidity,03-20,8617,24.937,23.736,26.432,35.473,9.393,-1.122
A,Humidity,03-21,8608,28.385,24.967,33.461,35.473,9.393,-0.755
A,Humidity,03-22,8615,33.635,28.004,34.8566,35.473,9.393,-0.196
A,Humidity,03-23,8589,27.899,23.432,28.83,35.473,9.393,-0.806
A,Humidity,03-24,8611,26.178,24.777,26.929,35.473,9.393,-0.99
A,Humidity,03-25,8604,26.738,23.4,27.854,35.473,9.393,-0.93
A,Humidity,03-26,8618,27.115,25.754,27.911,35.473,9.393,-0.89
A,Humidity,03-27,8621,33.196,31.041,35.024,35.473,9.393,-0.242
A,Humidity,03-28,8618,34.207,33.2147,35.3799,35.473,9.393,-0.135
A,Humidity,03-29,8609,36.207,35.3388,37.9914,35.473,9.393,0.078
A,Humidity,03-30,8245,32.209,31.2564,33.8346,35.473,9.393,-0.347
A,Humidity,03-31,8609,24.658,22.736,28.345,35.473,9.393,-1.151
A,Humidity,04-01,8617,23.558,21.0076,24.239,35.473,9.393,-1.268
A,Humidity,04-02,8207,24.212,23.11,25.251,35.473,9.393,-1.199
A,Humidity,04-03,8618,24.8655,21.7811,26.0889,35.473,9.393,-1.129
A,Humidity,04-04,8614,41.298,29.5983,42.53,35.473,9.393,0.62
A,Humidity,04-05,8614,39.195,37.1,42.802,35.473,9.393,0.396
A,Humidity,04-06,8617,39.12,36.7896,41.115,35.473,9.393,0.388
A,Humidity,04-07,8616,30.144,28.21,37.141,35.473,9.393,-0.567
A,Humidity,04-08,8615,29.377,26.662,31.364,35.473,9.393,-0.649
A,Humidity,04-09,8620,26.729,24.8119,27.392,35.473,9.393,-0.931
A,Humidity,04-10,8620,26.242,25.4226,28.025,35.473,9.393,-0.983
A,Humidity,04-11,8612,28.829,26.8831,31.7578,35.473,9.393,-0.707
A,Humidity,04-12,8610,42.546,33.226,43.799,35.473,9.393,0.753
A,Humidity,04-13,8599,44.42,41.499,45.914,35.473,9.393,0.953
A,Humidity,04-14,8607,41.005,39.2636,41.8,35.473,9.393,0.589
A,Humidity,04-15,8616,41.796,41.311,43.7455,35.473,9.393,0.673
A,Humidity,04-16,8619,41.611,39.048,43.368,35.473,9.393,0.653
A,Humidity,04-17,8618,35.7245,33.9307,37.694,35.473,9.393,0.027
A,Humidity,04-18,8614,34.3175,33.0776,38.3224,35.473,9.393,-0.123
A,Humidity,04-19,6012,34.4765,32.427,34.878,35.473,9.393,-0.106
A,Humidity,04-20,5005,34.176,32.5984,36.6638,35.473,9.393,-0.138
A,Humidity,04-21,8615,31.488,30.544,33.9346,35.473,9.393,-0.424
A,Humidity,04-22,8616,34.209,30.653,35.805,35.473,9.393,-0.135
A,Humidity,04-23,8262,37.08,33.5272,37.5359,35.473,9.393,0.171
A,Humidity,04-24,8263,36.254,30.8206,36.798,35.473,9.393,0.083
A,Humidity,04-25,8564,30.927,28.598,32.846,35.473,9.393,-0.484
A,Humidity,04-26,8600,29.297,26.71,32.3601,35.473,9.393,-0.658
A,Humidity,04-27,8188,27.498,26.479,29.943,35.473,9.393,-0.849
A,Humidity,04-28,8604,27.998,26.686,29.136,35.473,9.393,-0.796
A,Humidity,04-29,8597,30.517,29.093,32.0914,35.473,9.393,-0.528
A,Humidity,04-30,8609,29.425,28.829,32.045,35.473,9.393,-0.644
B,Humidity,03-01,8584,35.5685,33.897,38.2447,34.195,9.223,0.149
B,Humidity,03-02,8249,37.59,34.575,39.211,34.195,9.223,0.368
B,Humidity,03-03,7207,39.736,37.18,42.46,34.195,9.223,0.601
B,Humidity,03-04,7804,32.269,30.3396,36.0602,34.195,9.223,-0.209
B,Humidity,03-05,8285,28.358,25.106,31.872,34.195,9.223,-0.633
B,Humidity,03-06,8332,27.098,25.501,29.6606,34.195,9.223,-0.769
B,Humidity,03-07,8281,24.009,21.934,27.249,34.195,9.223,-1.104
B,Humidity,03-08,8563,26.08,23.553,33.4958,34.195,9.223,-0.88
B,Humidity,03-09,8247,35.091,33.605,36.471,34.195,9.223,0.097
B,Humidity,03-10,7404,36.142,33.0213,37.2327,34.195,9.223,0.211
B,Humidity,03-11,6836,38.022,37.0925,40.466,34.195,9.223,0.415
B,Humidity,03-12,7917,33.126,29.7524,37.8734,34.195,9.223,-0.116
B,Humidity,03-13,8600,33.9405,31.856,37.2631,34.195,9.223,-0.028
B,Humidity,03-14,8480,32.292,29.094,34.182,34.195,9.223,-0.206
B,Humidity,03-15,7366,34.1485,32.849,35.432,34.195,9.223,-0.005
B,Humidity,03-16,8248,38.6675,34.2607,42.1913,34.195,9.223,0.485
B,Humidity,03-17,5563,32.149,31.074,34.4572,34.195,9.223,-0.222
B,Humidity,03-18,4641,33.847,33.526,38.379,34.195,9.223,-0.038
B,Humidity,03-19,8425,27.885,25.6404,33.194,34.195,9.223,-0.684
B,Humidity,03-20,8500,25.096,22.962,26.7151,34.195,9.223,-0.987
B,Humidity,03-21,8066,27.969,24.751,35.612,34.195,9.223,-0.675
B,Humidity,03-22,7298,34.639,27.798,35.769,34.195,9.223,0.048
B,Humidity,03-23,7062,27.878,23.3244,29.944,34.195,9.223,-0.685
B,Humidity,03-24,7008,27.236,24.653,27.99,34.195,9.223,-0.755
B,Humidity,03-25,8368,26.731,22.377,28.786,34.195,9.223,-0.809
B,Humidity,03-26,8582,27.956,26.15,29.4583,34.195,9.223,-0.676
B,Humidity,03-27,8615,34.628,31.9594,36.093,34.195,9.223,0.047
B,Humidity,03-28,8478,34.632,32.7609,36.534,34.195,9.223,0.047
B,Humidity,03-29,8375,37.872,36.121,39.7476,34.195,9.223,0.399
B,Humidity,03-30,7930,32.527,30.6,34.804,34.195,9.223,-0.181
B,Humidity,03-31,8453,23.675,21.859,28.495,34.195,9.223,-1.141
B,Humidity,04-01,8620,22.933,19.4384,23.786,34.195,9.223,-1.221
B,Humidity,04-02,8213,23.342,21.874,25.451,34.195,9.223,-1.177
B,Humidity,04-03,8615,24.36,19.826,26.5744,34.195,9.223,-1.066
B,Humidity,04-04,8614,40.845,30.6538,43.267,34.195,9.223,0.721
B,Humidity,04-05,8443,39.279,36.406,42.921,34.195,9.223,0.551
B,Humidity,04-06,8331,38.772,37.195,42.314,34.195,9.223,0.496
B,Humidity,04-07,8216,30.5445,29.483,37.891,34.195,9.223,-0.396
B,Humidity,04-08,8070,28.853,26.6736,32.661,34.195,9.223,-0.579
B,Humidity,04-09,8613,28.035,25.425,28.5818,34.195,9.223,-0.668
B,Humidity,04-10,8616,26.97,25.698,29.337,34.195,9.223,-0.783
B,Humidity,04-11,8532,29.732,28.2402,31.882,34.195,9.223,-0.484
B,Humidity,04-12,8608,43.04,33.289,45.9033,34.195,9.223,0.959
B,Humidity,04-13,8241,42.776,40.801,44.476,34.195,9.223,0.93
B,Humidity,04-14,8352,39.8525,39.0541,43.028,34.195,9.223,0.613
B,Humidity,04-15,8505,42.978,41.6884,44.947,34.195,9.223,0.952
B,Humidity,04-16,7915,43.049,39.106,45.073,34.195,9.223,0.96
B,Humidity,04-17,8104,36.7535,34.3043,39.7908,34.195,9.223,0.277
B,Humidity,04-18,8372,35.728,33.553,39.9858,34.195,9.223,0.166
B,Humidity,04-19,5534,35.001,31.3013,36.626,34.195,9.223,0.087
B,Humidity,04-20,4899,33.591,32.0448,37.6982,34.195,9.223,-0.065
B,Humidity,04-21,7451,32.234,30.939,34.866,34.195,9.223,-0.213
B,Humidity,04-22,8484,33.8335,31.7056,36.863,34.195,9.223,-0.039
B,Humidity,04-23,8258,36.762,33.7714,37.3723,34.195,9.223,0.278
B,Humidity,04-24,8258,35.251,29.958,36.452,34.195,9.223,0.114
B,Humidity,04-25,8155,31.013,27.8098,32.6776,34.195,9.223,-0.345
B,Humidity,04-26,7737,28.807,26.028,32.852,34.195,9.223,-0.584
B,Humidity,04-27,8094,26.956,26.494,30.5887,34.195,9.223,-0.785
B,Humidity,04-28,8593,28.129,26.698,29.066,34.195,9.223,-0.658
B,Humidity,04-29,7409,30.126,29.337,32.062,34.195,9.223,-0.441
B,Humidity,04-30,8368,29.74,28.6087,32.392,34.195,9.223,-0.483
C,Humidity,03-01,8618,38.8565,36.443,41.5923,37.153,11.428,0.149
C,Humidity,03-02,8620,40.721,39.047,41.749,37.153,11.428,0.312
C,Humidity,03-03,8618,42.696,41.2617,43.924,37.153,11.428,0.485
C,Humidity,03-04,8617,33.214,31.5196,40.1424,37.153,11.428,-0.345
C,Humidity,03-05,8616,29.367,25.178,32.815,37.153,11.428,-0.681
C,Humidity,03-06,8613,28.782,25.9378,31.1706,37.153,11.428,-0.732
C,Humidity,03-07,8613,25.485,23.0832,30.066,37.153,11.428,-1.021
C,Humidity,03-08,8614,26.775,25.618,37.5997,37.153,11.428,-0.908
C,Humidity,03-09,8616,37.6805,34.5135,41.047,37.153,11.428,0.046
C,Humidity,03-10,8605,38.988,33.8454,40.412,37.153,11.428,0.161
C,Humidity,03-11,8598,41.954,40.571,42.874,37.153,11.428,0.42
C,Humidity,03-12,8261,35.968,30.821,42.913,37.153,11.428,-0.104
C,Humidity,03-13,8622,36.418,32.129,41.689,37.153,11.428,-0.064
C,Humidity,03-14,8613,33.226,29.9812,38.2088,37.153,11.428,-0.344
C,Humidity,03-15,8611,36.189,32.566,37.969,37.153,11.428,-0.084
C,Humidity,03-16,8606,40.9615,36.505,42.318,37.153,11.428,0.333
C,Humidity,03-17,6313,34.866,30.1462,36.4108,37.153,11.428,-0.2
C,Humidity,03-18,5095,34.477,32.682,36.424,37.153,11.428,-0.234
C,Humidity,03-19,8617,27.859,24.736,35.985,37.153,11.428,-0.813
C,Humidity,03-20,8610,26.3975,22.157,28.039,37.153,11.428,-0.941
C,Humidity,03-21,8610,27.998,26.602,34.7871,37.153,11.428,-0.801
C,Humidity,03-22,8597,31.683,27.8,35.998,37.153,11.428,-0.479
C,Humidity,03-23,8606,26.0455,21.586,30.6215,37.153,11.428,-0.972
C,Humidity,03-24,8612,26.3445,23.111,27.844,37.153,11.428,-0.946
C,Humidity,03-25,8604,27.09,21.5623,29.6197,37.153,11.428,-0.881
C,Humidity,03-26,8619,27.946,23.865,29.8142,37.153,11.428,-0.806
C,Humidity,03-27,8621,32.828,30.157,35.967,37.153,11.428,-0.378
C,Humidity,03-28,8610,34.273,30.791,36.6602,37.153,11.428,-0.252
C,Humidity,03-29,8610,37.514,36.69,40.112,37.153,11.428,0.032
C,Humidity,03-30,8252,33.063,30.2001,35.8629,37.153,11.428,-0.358
C,Humidity,03-31,8616,25.036,21.706,30.416,37.153,11.428,-1.06
C,Humidity,04-01,8614,24.209,19.781,26.4327,37.153,11.428,-1.133
C,Humidity,04-02,8213,24.345,22.338,27.0366,37.153,11.428,-1.121
C,Humidity,04-03,8620,25.8815,20.3419,28.24,37.153,11.428,-0.986
C,Humidity,04-04,8618,40.9115,32.9544,43.664,37.153,11.428,0.329
C,Humidity,04-05,8621,39.811,35.465,45.237,37.153,11.428,0.233
C,Humidity,04-06,8621,39.367,36.911,43.402,37.153,11.428,0.194
C,Humidity,04-07,8620,30.513,27.9559,39.1621,37.153,11.428,-0.581
C,Humidity,04-08,8616,27.976,25.308,34.0355,37.153,11.428,-0.803
C,Humidity,04-09,8620,27.1775,21.6179,28.475,37.153,11.428,-0.873
C,Humidity,04-10,8621,26.562,23.954,30.702,37.153,11.428,-0.927
C,Humidity,04-11,8619,29.687,27.045,32.701,37.153,11.428,-0.653
C,Humidity,04-12,8619,43.364,35.1906,45.883,37.153,11.428,0.543
C,Humidity,04-13,8606,45.21,39.4295,47.3395,37.153,11.428,0.705
C,Humidity,04-14,8604,41.363,37.96,44.112,37.153,11.428,0.368
C,Humidity,04-15,8614,42.0425,35.0565,43.405,37.153,11.428,0.428
C,Humidity,04-16,8613,38.141,35.6514,43.964,37.153,11.428,0.086
C,Humidity,04-17,8615,35.628,28.9634,37.2796,37.153,11.428,-0.133
C,Humidity,04-18,8620,34.7215,30.6079,39.207,37.153,11.428,-0.213
C,Humidity,04-19,6012,34.212,30.6101,36.72,37.153,11.428,-0.257
C,Humidity,04-20,5007,32.252,30.2382,33.8636,37.153,11.428,-0.429
C,Humidity,04-21,8617,31.189,29.604,32.7004,37.153,11.428,-0.522
C,Humidity,04-22,8621,35.24,32.662,36.437,37.153,11.428,-0.167
C,Humidity,04-23,8262,37.843,35.451,38.609,37.153,11.428,0.06
C,Humidity,04-24,8264,34.1505,30.2233,39.184,37.153,11.428,-0.263
C,Humidity,04-25,8536,31.584,27.329,34.806,37.153,11.428,-0.487
C,Humidity,04-26,8605,28.92,24.789,34.5596,37.153,11.428,-0.72
C,Humidity,04-27,8162,28.0985,26.721,32.1119,37.153,11.428,-0.792
C,Humidity,04-28,8597,28.596,26.7456,30.0444,37.153,11.428,-0.749
C,Humidity,04-29,8607,30.705,29.156,33.384,37.153,11.428,-0.564
C,Humidity,04-30,8610,30.126,26.4627,33.2092,37.153,11.428,-0.615
D,Humidity,03-01,8621,39.996,37.547,42.943,36.726,13.7486,0.238
D,Humidity,03-02,8621,42.813,39.692,43.993,36.726,13.7486,0.443
D,Humidity,03-03,8621,44.937,42.314,47.09,36.726,13.7486,0.597
D,Humidity,03-04,8621,33.413,30.828,41.1,36.726,13.7486,-0.241
D,Humidity,03-05,8621,28.727,23.917,32.933,36.726,13.7486,-0.582
D,Humidity,03-06,8621,28.391,25.944,30.853,36.726,13.7486,-0.606
D,Humidity,03-07,8620,24.6055,20.9679,29.264,36.726,13.7486,-0.882
D,Humidity,03-08,8622,27.093,24.037,36.4818,36.726,13.7486,-0.701
D,Humidity,03-09,8621,37.338,34.584,40.128,36.726,13.7486,0.045
D,Humidity,03-10,8621,38.608,33.423,40.247,36.726,13.7486,0.137
D,Humidity,03-11,8620,42.0155,40.714,44.027,36.726,13.7486,0.385
D,Humidity,03-12,8261,35.659,30.322,42.588,36.726,13.7486,-0.078
D,Humidity,03-13,8621,36.418,32.02,41.478,36.726,13.7486,-0.022
D,Humidity,03-14,8621,32.966,27.358,37.914,36.726,13.7486,-0.273
D,Humidity,03-15,8621,35.534,32.649,37.277,36.726,13.7486,-0.087
D,Humidity,03-16,8621,41.069,36.401,43.933,36.726,13.7486,0.316
D,Humidity,03-17,6319,34.063,29.9648,36.674,36.726,13.7486,-0.194
D,Humidity,03-18,5113,32.792,29.9872,37.8032,36.726,13.7486,-0.286
D,Humidity,03-19,8617,26.892,22.5146,34.609,36.726,13.7486,-0.715
D,Humidity,03-20,8621,24.504,20.781,26.257,36.726,13.7486,-0.889
D,Humidity,03-21,8622,27.966,24.948,34.4759,36.726,13.7486,-0.637
D,Humidity,03-22,8621,34.382,25.715,35.588,36.726,13.7486,-0.17
D,Humidity,03-23,8622,26.0825,17.2318,29.577,36.726,13.7486,-0.774
D,Humidity,03-24,8622,26.4955,21.177,28.369,36.726,13.7486,-0.744
D,Humidity,03-25,8621,26.914,16.952,29.249,36.726,13.7486,-0.714
D,Humidity,03-26,8621,27.792,17.274,30.151,36.726,13.7486,-0.65
D,Humidity,03-27,8620,34.101,26.925,36.619,36.726,13.7486,-0.191
D,Humidity,03-28,8621,34.328,29.639,37.519,36.726,13.7486,-0.174
D,Humidity,03-29,8621,38.808,37.939,42.15,36.726,13.7486,0.151
D,Humidity,03-30,8258,33.254,29.9797,36.2516,36.726,13.7486,-0.253
D,Humidity,03-31,8616,23.758,18.414,30.0785,36.726,13.7486,-0.943
D,Humidity,04-01,8621,23.251,16.384,25.692,36.726,13.7486,-0.98
D,Humidity,04-02,8212,23.429,19.7711,26.804,36.726,13.7486,-0.967
D,Humidity,04-03,8620,25.1325,17.1795,27.0921,36.726,13.7486,-0.843
D,Humidity,04-04,8620,41.6165,32.1369,44.505,36.726,13.7486,0.356
D,Humidity,04-05,8621,39.406,35.077,45.574,36.726,13.7486,0.195
D,Humidity,04-06,8621,38.73,36.236,43.496,36.726,13.7486,0.146
D,Humidity,04-07,8621,29.678,27.793,38.575,36.726,13.7486,-0.513
D,Humidity,04-08,8620,27.139,22.347,33.0861,36.726,13.7486,-0.697
D,Humidity,04-09,8621,26.31,20.091,28.129,36.726,13.7486,-0.758
D,Humidity,04-10,8620,25.12,21.9139,29.429,36.726,13.7486,-0.844
D,Humidity,04-11,8621,28.862,26.1,32.239,36.726,13.7486,-0.572
D,Humidity,04-12,8598,43.0715,34.6807,44.901,36.726,13.7486,0.462
D,Humidity,04-13,8620,43.8785,40.4298,46.447,36.726,13.7486,0.52
D,Humidity,04-14,8621,39.973,37.586,41.004,36.726,13.7486,0.236
D,Humidity,04-15,8619,40.881,38.5008,41.546,36.726,13.7486,0.302
D,Humidity,04-16,8619,40.961,35.7418,42.1058,36.726,13.7486,0.308
D,Humidity,04-17,8620,34.479,30.258,37.033,36.726,13.7486,-0.163
D,Humidity,04-18,8619,32.225,30.5804,37.956,36.726,13.7486,-0.327
D,Humidity,04-19,6017,33.538,30.7216,34.5854,36.726,13.7486,-0.232
D,Humidity,04-20,5011,30.855,29.315,35.883,36.726,13.7486,-0.427
D,Humidity,04-21,8621,28.654,28.064,32.879,36.726,13.7486,-0.587
D,Humidity,04-22,8620,32.8765,29.1149,35.9152,36.726,13.7486,-0.28
D,Humidity,04-23,8263,35.726,33.183,37.892,36.726,13.7486,-0.073
D,Humidity,04-24,8263,35.3,28.479,36.6378,36.726,13.7486,-0.104
D,Humidity,04-25,8621,29.485,26.357,32.273,36.726,13.7486,-0.527
D,Humidity,04-26,8622,27.55,24.601,32.4907,36.726,13.7486,-0.667
D,Humidity,04-27,8246,26.983,26.434,30.7025,36.726,13.7486,-0.709
D,Humidity,04-28,8621,28.28,27.123,29.159,36.726,13.7486,-0.614
D,Humidity,04-29,8622,30.6215,28.563,33.347,36.726,13.7486,-0.444
D,Humidity,04-30,8620,29.511,28.656,31.345,36.726,13.7486,-0.525
E,Humidity,03-01,8622,40.1855,38.013,42.897,36.617,12.6189,0.283
E,Humidity,03-02,8621,42.874,39.776,44.253,36.617,12.6189,0.496
E,Humidity,03-03,8623,44.686,42.018,46.47,36.617,12.6189,0.639
E,Humidity,03-04,8622,32.994,31.004,40.187,36.617,12.6189,-0.287
E,Humidity,03-05,8622,29.15,24.9751,33.0978,36.617,12.6189,-0.592
E,Humidity,03-06,8622,28.743,26.584,31.027,36.617,12.6189,-0.624
E,Humidity,03-07,8622,24.93,21.579,29.173,36.617,12.6189,-0.926
E,Humidity,03-08,8623,27.196,24.1042,35.7458,36.617,12.6189,-0.747
E,Humidity,03-09,8621,37.291,34.287,40.174,36.617,12.6189,0.053
E,Humidity,03-10,8622,38.45,33.4171,40.1669,36.617,12.6189,0.145
E,Humidity,03-11,8618,41.6945,40.619,43.1253,36.617,12.6189,0.402
E,Humidity,03-12,8262,35.8465,31.1904,42.214,36.617,12.6189,-0.061
E,Humidity,03-13,8621,36.391,33.179,41.271,36.617,12.6189,-0.018
E,Humidity,03-14,8620,32.614,28.0899,37.539,36.617,12.6189,-0.317
E,Humidity,03-15,8623,35.488,32.802,37.195,36.617,12.6189,-0.089
E,Humidity,03-16,8622,40.6285,36.3002,43.367,36.617,12.6189,0.318
E,Humidity,03-17,6320,33.7675,30.111,36.732,36.617,12.6189,-0.226
E,Humidity,03-18,5114,33.3965,31.506,38.8376,36.617,12.6189,-0.255
E,Humidity,03-19,8621,27.095,23.711,34.598,36.617,12.6189,-0.755
E,Humidity,03-20,8621,24.871,21.647,26.228,36.617,12.6189,-0.931
E,Humidity,03-21,8622,27.9755,24.9611,34.466,36.617,12.6189,-0.685
E,Humidity,03-22,8622,34.6695,26.3671,35.668,36.617,12.6189,-0.154
E,Humidity,03-23,8623,26.032,20.869,29.664,36.617,12.6189,-0.839
E,Humidity,03-24,8617,26.617,23.32,28.1824,36.617,12.6189,-0.792
E,Humidity,03-25,8622,27.2655,21.1333,29.167,36.617,12.6189,-0.741
E,Humidity,03-26,8622,28.342,24.6547,30.1769,36.617,12.6189,-0.656
E,Humidity,03-27,8620,34.458,33.692,37.433,36.617,12.6189,-0.171
E,Humidity,03-28,8622,34.8905,32.4832,37.697,36.617,12.6189,-0.137
E,Humidity,03-29,8621,38.784,37.808,41.11,36.617,12.6189,0.172
E,Humidity,03-30,8260,33.5305,31.539,36.1902,36.617,12.6189,-0.245
E,Humidity,03-31,8621,24.102,20.79,29.712,36.617,12.6189,-0.992
E,Humidity,04-01,8621,23.658,18.809,25.578,36.617,12.6189,-1.027
E,Humidity,04-02,8212,24.2295,21.9221,26.6599,36.617,12.6189,-0.982
E,Humidity,04-03,8620,25.17,19.6558,27.0352,36.617,12.6189,-0.907
E,Humidity,04-04,8620,41.845,31.8439,44.094,36.617,12.6189,0.414
E,Humidity,04-05,8621,39.791,35.585,45.011,36.617,12.6189,0.252
E,Humidity,04-06,8621,39.122,36.763,43.712,36.617,12.6189,0.199
E,Humidity,04-07,8621,29.976,28.421,39.005,36.617,12.6189,-0.526
E,Humidity,04-08,8620,27.3775,24.6298,33.5432,36.617,12.6189,-0.732
E,Humidity,04-09,8621,26.88,23.124,28.016,36.617,12.6189,-0.772
E,Humidity,04-10,8620,25.892,24.1744,29.259,36.617,12.6189,-0.85
E,Humidity,04-11,8620,29.37,27.0999,32.4186,36.617,12.6189,-0.574
E,Humidity,04-12,8621,44.477,34.64,46.649,36.617,12.6189,0.623
E,Humidity,04-13,8620,44.2085,40.867,48.494,36.617,12.6189,0.602
E,Humidity,04-14,8621,40.921,38.061,42.216,36.617,12.6189,0.341
E,Humidity,04-15,8621,42.816,38.748,43.548,36.617,12.6189,0.491
E,Humidity,04-16,8620,42.548,36.9049,44.003,36.617,12.6189,0.47
E,Humidity,04-17,8620,36.123,30.7379,38.3091,36.617,12.6189,-0.039
E,Humidity,04-18,8621,32.968,30.223,39.348,36.617,12.6189,-0.289
E,Humidity,04-19,6017,34.314,31.3516,36.1284,36.617,12.6189,-0.183
E,Humidity,04-20,5011,31.433,30.093,35.945,36.617,12.6189,-0.411
E,Humidity,04-21,8621,30.146,28.648,33.773,36.617,12.6189,-0.513
E,Humidity,04-22,8620,34.0115,30.3309,36.4162,36.617,12.6189,-0.206
E,Humidity,04-23,8263,36.973,34.671,39.315,36.617,12.6189,0.028
E,Humidity,04-24,8263,36.156,28.8412,38.0268,36.617,12.6189,-0.037
E,Humidity,04-25,8621,30.365,26.979,33.367,36.617,12.6189,-0.495
E,Humidity,04-26,8621,28.386,25.029,33.904,36.617,12.6189,-0.652
E,Humidity,04-27,8242,27.932,27.182,32.1605,36.617,12.6189,-0.688
E,Humidity,04-28,8621,29.108,28.406,30.107,36.617,12.6189,-0.595
E,Humidity,04-29,8614,31.177,29.8663,33.99,36.617,12.6189,-0.431
E,Humidity,04-30,8615,30.892,29.7104,32.3256,36.617,12.6189,-0.454
F,Humidity,03-01,8621,36.868,35.655,38.913,35.04,9.829,0.186
F,Humidity,03-02,8621,39.289,36.336,40.543,35.04,9.829,0.432
F,Humidity,03-03,8621,41.63,38.276,43.469,35.04,9.829,0.67
F,Humidity,03-04,8621,34.699,32.679,39.662,35.04,9.829,-0.035
F,Humidity,03-05,8621,29.594,25.978,32.558,35.04,9.829,-0.554
F,Humidity,03-06,8621,28.156,26.675,29.555,35.04,9.829,-0.7
F,Humidity,03-07,8610,26.859,23.271,28.32,35.04,9.829,-0.832
F,Humidity,03-08,8616,27.291,24.559,34.3245,35.04,9.829,-0.788
F,Humidity,03-09,8614,36.346,34.7483,37.745,35.04,9.829,0.133
F,Humidity,03-10,8597,36.839,34.3686,38.3158,35.04,9.829,0.183
F,Humidity,03-11,8599,39.43,38.497,40.829,35.04,9.829,0.447
F,Humidity,03-12,8257,34.54,30.7716,39.44,35.04,9.829,-0.051
F,Humidity,03-13,8621,34.493,32.728,38.645,35.04,9.829,-0.056
F,Humidity,03-14,8606,34.1255,28.677,34.971,35.04,9.829,-0.093
F,Humidity,03-15,8615,34.113,31.948,35.0826,35.04,9.829,-0.094
F,Humidity,03-16,8616,38.473,34.1155,41.4575,35.04,9.829,0.349
F,Humidity,03-17,6315,32.393,31.144,35.0296,35.04,9.829,-0.269
F,Humidity,03-18,5101,33.295,32.706,38.029,35.04,9.829,-0.178
F,Humidity,03-19,8621,30.099,24.72,33.445,35.04,9.829,-0.503
F,Humidity,03-20,8621,24.328,22.214,26.055,35.04,9.829,-1.09
F,Humidity,03-21,8603,28.241,24.473,31.5338,35.04,9.829,-0.692
F,Humidity,03-22,8599,31.707,26.0558,33.328,35.04,9.829,-0.339
F,Humidity,03-23,8577,26.664,22.275,27.911,35.04,9.829,-0.852
F,Humidity,03-24,8605,24.524,23.188,25.4236,35.04,9.829,-1.07
F,Humidity,03-25,8602,25.742,22.3031,26.949,35.04,9.829,-0.946
F,Humidity,03-26,8620,26.2275,24.205,27.38,35.04,9.829,-0.897
F,Humidity,03-27,8617,31.189,30.479,33.416,35.04,9.829,-0.392
F,Humidity,03-28,8617,32.574,31.014,33.9764,35.04,9.829,-0.251
F,Humidity,03-29,8615,35.735,34.4984,37.7726,35.04,9.829,0.071
F,Humidity,03-30,8253,31.27,29.3282,33.2308,35.04,9.829,-0.384
F,Humidity,03-31,8618,23.6415,20.7797,27.5793,35.04,9.829,-1.16
F,Humidity,04-01,8617,22.584,18.9032,23.2254,35.04,9.829,-1.267
F,Humidity,04-02,8208,23.4415,21.7007,24.9263,35.04,9.829,-1.18
F,Humidity,04-03,8620,24.4085,20.3589,25.9101,35.04,9.829,-1.082
F,Humidity,04-04,8621,40.086,30.338,42.636,35.04,9.829,0.513
F,Humidity,04-05,8620,38.2335,35.9279,42.841,35.04,9.829,0.325
F,Humidity,04-06,8621,37.641,35.371,41.591,35.04,9.829,0.265
F,Humidity,04-07,8619,30.187,29.3288,37.007,35.04,9.829,-0.494
F,Humidity,04-08,8620,29.554,26.4719,32.2323,35.04,9.829,-0.558
F,Humidity,04-09,8620,26.5015,24.416,27.58,35.04,9.829,-0.869
F,Humidity,04-10,8621,26.02,24.83,28.081,35.04,9.829,-0.918
F,Humidity,04-11,8616,28.3325,26.641,30.589,35.04,9.829,-0.682
F,Humidity,04-12,8618,41.338,33.014,43.6873,35.04,9.829,0.641
F,Humidity,04-13,8603,42.395,38.967,45.1488,35.04,9.829,0.748
F,Humidity,04-14,8615,40.723,37.1384,41.257,35.04,9.829,0.578
F,Humidity,04-15,8619,40.945,39.576,41.857,35.04,9.829,0.601
F,Humidity,04-16,8621,40.416,36.356,41.951,35.04,9.829,0.547
F,Humidity,04-17,8619,34.481,31.2408,35.7582,35.04,9.829,-0.057
F,Humidity,04-18,8619,32.917,31.011,36.9334,35.04,9.829,-0.216
F,Humidity,04-19,6016,33.7545,30.931,34.524,35.04,9.829,-0.131
F,Humidity,04-20,5008,31.8845,29.8414,35.2583,35.04,9.829,-0.321
F,Humidity,04-21,8620,30.538,29.153,32.776,35.04,9.829,-0.458
F,Humidity,04-22,8620,36.6175,33.41,41.1082,35.04,9.829,0.16
F,Humidity,04-23,8263,36.113,33.6074,37.442,35.04,9.829,0.109
F,Humidity,04-24,8264,35.298,29.291,36.6357,35.04,9.829,0.026
F,Humidity,04-25,8528,29.831,26.4447,32.3103,35.04,9.829,-0.53
F,Humidity,04-26,8598,28.3175,25.265,30.3526,35.04,9.829,-0.684
F,Humidity,04-27,8162,27.0935,25.514,29.8358,35.04,9.829,-0.808
F,Humidity,04-28,8596,27.6005,26.2785,28.467,35.04,9.829,-0.757
F,Humidity,04-29,8587,30.127,29.048,32.1438,35.04,9.829,-0.5
F,Humidity,04-30,8618,29.347,28.5147,30.63,35.04,9.829,-0.579
G,Humidity,03-01,8620,38.031,36.299,40.73,36.584,10.188,0.142
G,Humidity,03-02,8619,40.128,37.9636,41.931,36.584,10.188,0.348
G,Humidity,03-03,8617,42.419,39.545,43.963,36.584,10.188,0.573
G,Humidity,03-04,8616,33.607,32.1665,39.366,36.584,10.188,-0.292
G,Humidity,03-05,8617,28.688,25.6586,32.008,36.584,10.188,-0.775
G,Humidity,03-06,8614,28.682,26.5529,29.552,36.584,10.188,-0.776
G,Humidity,03-07,8608,26.3045,23.9157,28.553,36.584,10.188,-1.009
G,Humidity,03-08,8600,28.471,25.162,35.9933,36.584,10.188,-0.796
G,Humidity,03-09,8606,37.7805,35.3095,39.5135,36.584,10.188,0.117
G,Humidity,03-10,8593,38.161,34.519,39.728,36.584,10.188,0.155
G,Humidity,03-11,8599,41.504,40.006,42.3722,36.584,10.188,0.483
G,Humidity,03-12,8258,35.9535,31.591,41.441,36.584,10.188,-0.062
G,Humidity,03-13,8618,36.356,33.4238,40.3883,36.584,10.188,-0.022
G,Humidity,03-14,8612,34.171,30.6192,36.6,36.584,10.188,-0.237
G,Humidity,03-15,8609,35.998,34.07,37.0,36.584,10.188,-0.058
G,Humidity,03-16,8606,40.268,36.461,42.83,36.584,10.188,0.362
G,Humidity,03-17,6300,34.133,32.2539,36.055,36.584,10.188,-0.241
G,Humidity,03-18,5102,35.1845,34.373,39.2919,36.584,10.188,-0.137
G,Humidity,03-19,8613,28.074,25.737,35.009,36.584,10.188,-0.835
G,Humidity,03-20,8611,26.056,23.365,27.044,36.584,10.188,-1.033
G,Humidity,03-21,8593,28.939,25.94,34.735,36.584,10.188,-0.75
G,Humidity,03-22,8606,34.3855,28.474,35.531,36.584,10.188,-0.216
G,Humidity,03-23,8603,26.738,23.186,30.0098,36.584,10.188,-0.966
G,Humidity,03-24,8610,26.795,24.515,27.786,36.584,10.188,-0.961
G,Humidity,03-25,8602,27.1735,22.8322,28.88,36.584,10.188,-0.924
G,Humidity,03-26,8614,27.607,25.439,28.6887,36.584,10.188,-0.881
G,Humidity,03-27,8616,33.55,32.146,36.283,36.584,10.188,-0.298
G,Humidity,03-28,8610,34.921,33.455,36.647,36.584,10.188,-0.163
G,Humidity,03-29,8604,36.8085,36.301,39.416,36.584,10.188,0.022
G,Humidity,03-30,8244,32.723,31.324,35.0597,36.584,10.188,-0.379
G,Humidity,03-31,8609,24.552,22.173,29.463,36.584,10.188,-1.181
G,Humidity,04-01,8600,24.206,20.2719,25.211,36.584,10.188,-1.215
G,Humidity,04-02,8192,24.82,22.7681,26.23,36.584,10.188,-1.155
G,Humidity,04-03,8608,25.6865,21.3167,27.1203,36.584,10.188,-1.07
G,Humidity,04-04,8607,43.07,31.2196,43.909,36.584,10.188,0.637
G,Humidity,04-05,8609,39.749,37.3896,44.492,36.584,10.188,0.311
G,Humidity,04-06,8604,39.285,37.3993,42.881,36.584,10.188,0.265
G,Humidity,04-07,8618,30.109,28.911,38.6326,36.584,10.188,-0.636
G,Humidity,04-08,8615,28.079,26.1734,32.513,36.584,10.188,-0.835
G,Humidity,04-09,8617,27.217,23.936,28.057,36.584,10.188,-0.919
G,Humidity,04-10,8616,26.714,25.1425,29.083,36.584,10.188,-0.969
G,Humidity,04-11,8611,29.659,27.959,32.574,36.584,10.188,-0.68
G,Humidity,04-12,8609,43.867,34.4288,45.159,36.584,10.188,0.715
G,Humidity,04-13,8589,43.917,41.565,46.86,36.584,10.188,0.72
G,Humidity,04-14,8605,41.826,39.1664,43.167,36.584,10.188,0.515
G,Humidity,04-15,8607,43.214,41.756,45.07,36.584,10.188,0.651
G,Humidity,04-16,8608,41.821,39.639,44.9763,36.584,10.188,0.514
G,Humidity,04-17,8608,36.5715,33.375,38.7833,36.584,10.188,-0.001
G,Humidity,04-18,8611,34.757,33.118,39.67,36.584,10.188,-0.179
G,Humidity,04-19,6014,34.523,31.86,36.1127,36.584,10.188,-0.202
G,Humidity,04-20,4996,34.5145,33.004,36.804,36.584,10.188,-0.203
G,Humidity,04-21,8614,32.031,31.309,34.4927,36.584,10.188,-0.447
G,Humidity,04-22,8619,34.773,32.0104,36.767,36.584,10.188,-0.178
G,Humidity,04-23,8259,37.472,34.3086,37.882,36.584,10.188,0.087
G,Humidity,04-24,8247,36.118,30.895,37.509,36.584,10.188,-0.046
G,Humidity,04-25,8526,31.116,28.443,33.528,36.584,10.188,-0.537
G,Humidity,04-26,8595,28.578,25.977,33.181,36.584,10.188,-0.786
G,Humidity,04-27,8157,27.19,26.537,30.888,36.584,10.188,-0.922
G,Humidity,04-28,8600,28.145,27.4669,29.408,36.584,10.188,-0.828
G,Humidity,04-29,8571,30.671,29.446,32.553,36.584,10.188,-0.58
G,Humidity,04-30,8614,29.719,29.026,32.318,36.584,10.188,-0.674
H,Humidity,03-01,8600,31.491,29.339,34.0171,30.273,9.052,0.135
H,Humidity,03-02,8442,33.124,30.985,34.3468,30.273,9.052,0.315
H,Humidity,03-03,7835,35.533,33.0588,37.2092,30.273,9.052,0.581
H,Humidity,03-04,8589,28.651,26.2558,30.8222,30.273,9.052,-0.179
H,Humidity,03-05,8590,25.267,22.1999,28.9101,30.273,9.052,-0.553
H,Humidity,03-06,8588,24.3005,22.712,27.0383,30.273,9.052,-0.66
H,Humidity,03-07,7949,20.999,18.8258,24.892,30.273,9.052,-1.025
H,Humidity,03-08,8562,21.859,20.4911,30.539,30.273,9.052,-0.93
H,Humidity,03-09,8389,31.257,29.794,33.274,30.273,9.052,0.109
H,Humidity,03-10,8199,32.578,29.236,33.9514,30.273,9.052,0.255
H,Humidity,03-11,7525,33.908,32.5734,35.8682,30.273,9.052,0.402
H,Humidity,03-12,8147,28.869,26.3246,33.478,30.273,9.052,-0.155
H,Humidity,03-13,8615,29.635,27.8654,33.1256,30.273,9.052,-0.07
H,Humidity,03-14,8504,27.8115,25.2193,30.305,30.273,9.052,-0.272
H,Humidity,03-15,8431,29.827,28.456,31.323,30.273,9.052,-0.049
H,Humidity,03-16,8409,34.69,29.9658,36.655,30.273,9.052,0.488
H,Humidity,03-17,6131,28.232,26.451,30.079,30.273,9.052,-0.225
H,Humidity,03-18,4370,30.774,28.8006,33.1671,30.273,9.052,0.055
H,Humidity,03-19,8560,25.386,22.338,30.119,30.273,9.052,-0.54
H,Humidity,03-20,7713,22.856,20.382,23.928,30.273,9.052,-0.819
H,Humidity,03-21,8018,24.628,22.2347,31.074,30.273,9.052,-0.624
H,Humidity,03-22,7484,30.0865,24.919,31.285,30.273,9.052,-0.021
H,Humidity,03-23,6608,24.312,20.6941,26.816,30.273,9.052,-0.659
H,Humidity,03-24,7989,23.358,21.193,24.2226,30.273,9.052,-0.764
H,Humidity,03-25,8528,23.7815,19.3131,25.75,30.273,9.052,-0.717
H,Humidity,03-26,8620,25.2995,23.443,26.5526,30.273,9.052,-0.549
H,Humidity,03-27,8611,30.742,28.914,32.569,30.273,9.052,0.052
H,Humidity,03-28,8233,30.996,29.1692,32.684,30.273,9.052,0.08
H,Humidity,03-29,7383,34.145,32.509,35.507,30.273,9.052,0.428
H,Humidity,03-30,6692,29.704,27.5301,31.4099,30.273,9.052,-0.063
H,Humidity,03-31,4559,24.52,19.9494,26.508,30.273,9.052,-0.636
H,Humidity,04-05,5247,33.621,31.993,35.333,30.273,9.052,0.37
H,Humidity,04-06,8544,34.5435,33.428,37.8987,30.273,9.052,0.472
H,Humidity,04-07,8481,27.239,25.985,34.202,30.273,9.052,-0.335
H,Humidity,04-08,8450,26.058,23.1849,29.5631,30.273,9.052,-0.466
H,Humidity,04-09,8571,25.233,22.387,25.979,30.273,9.052,-0.557
H,Humidity,04-10,8504,24.3665,23.0223,26.7207,30.273,9.052,-0.653
H,Humidity,04-11,8561,26.432,24.79,29.115,30.273,9.052,-0.424
H,Humidity,04-12,7840,39.355,30.593,41.6761,30.273,9.052,1.003
H,Humidity,04-13,8133,39.493,36.5492,40.644,30.273,9.052,1.019
H,Humidity,04-14,8272,36.9515,35.115,39.899,30.273,9.052,0.738
H,Humidity,04-15,8365,39.794,38.325,41.915,30.273,9.052,1.052
H,Humidity,04-16,8415,39.371,36.333,42.114,30.273,9.052,1.005
H,Humidity,04-17,8515,34.123,30.928,37.219,30.273,9.052,0.425
H,Humidity,04-18,8561,33.048,31.183,37.391,30.273,9.052,0.307
H,Humidity,04-19,5960,31.19,28.605,34.3181,30.273,9.052,0.101
H,Humidity,04-20,4847,31.088,29.2896,34.0274,30.273,9.052,0.09
H,Humidity,04-21,8293,29.649,28.706,31.544,30.273,9.052,-0.069
H,Humidity,04-22,8573,29.818,29.3312,32.9598,30.273,9.052,-0.05
H,Humidity,04-23,8263,32.057,29.5432,32.458,30.273,9.052,0.197
H,Humidity,04-24,8255,30.344,26.8214,31.8596,30.273,9.052,0.008
H,Humidity,04-25,8254,27.7025,24.964,29.3827,30.273,9.052,-0.284
H,Humidity,04-26,8541,25.683,22.784,30.087,30.273,9.052,-0.507
H,Humidity,04-27,8107,24.265,23.472,27.93,30.273,9.052,-0.664
H,Humidity,04-28,8599,25.109,24.229,25.789,30.273,9.052,-0.57
H,Humidity,04-29,8232,27.1665,26.3201,28.513,30.273,9.052,-0.343
H,Humidity,04-30,8586,27.551,26.2735,29.697,30.273,9.052,-0.301
A,Pressure,03-01,8620,102054.0,101847.0,102193.0,100768.0,2194.0,0.586
A,Pressure,03-02,8615,101333.0,101078.0,101594.2,100768.0,2194.0,0.258
A,Pressure,03-03,8618,100741.0,100692.0,101038.0,100768.0,2194.0,-0.012
A,Pressure,03-04,8613,101587.0,101323.0,101785.0,100768.0,2194.0,0.373
A,Pressure,03-05,8616,102100.0,101854.0,102234.0,100768.0,2194.0,0.607
A,Pressure,03-06,8615,102360.0,102269.0,102478.0,100768.0,2194.0,0.726
A,Pressure,03-07,8611,101814.0,101162.0,102302.0,100768.0,2194.0,0.477
A,Pressure,03-08,8616,100572.0,100462.0,100798.0,100768.0,2194.0,-0.089
A,Pressure,03-09,8617,100784.0,100725.0,100873.0,100768.0,2194.0,0.007
A,Pressure,03-10,8603,100842.0,100434.0,100977.0,100768.0,2194.0,0.034
A,Pressure,03-11,8602,99524.0,99259.2,99988.0,100768.0,2194.0,-0.567
A,Pressure,03-12,8257,99939.0,99728.0,100216.0,100768.0,2194.0,-0.378
A,Pressure,03-13,8621,99829.0,99517.0,100719.0,100768.0,2194.0,-0.428
A,Pressure,03-14,8614,101892.0,101195.6,102023.0,100768.0,2194.0,0.512
A,Pressure,03-15,8614,101488.0,101322.0,101823.0,100768.0,2194.0,0.328
A,Pressure,03-16,8612,101250.0,101201.0,101888.0,100768.0,2194.0,0.22
A,Pressure,03-17,6316,102576.0,102187.0,102804.0,100768.0,2194.0,0.824
A,Pressure,03-18,5086,103581.0,103525.0,103741.0,100768.0,2194.0,1.282
A,Pressure,03-19,8617,102929.0,102554.0,103407.0,100768.0,2194.0,0.985
A,Pressure,03-20,8617,102112.0,101996.0,102372.0,100768.0,2194.0,0.613
A,Pressure,03-21,8608,102114.0,102031.0,102187.0,100768.0,2194.0,0.613
A,Pressure,03-22,8615,102147.0,102091.0,102247.0,100768.0,2194.0,0.629
A,Pressure,03-23,8589,102368.0,102265.0,102474.0,100768.0,2194.0,0.729
A,Pressure,03-24,8611,102435.0,102341.0,102507.0,100768.0,2194.0,0.76
A,Pressure,03-25,8604,102550.0,102478.0,102675.0,100768.0,2194.0,0.812
A,Pressure,03-26,8618,102679.0,102574.0,102783.0,100768.0,2194.0,0.871
A,Pressure,03-27,8621,102586.0,102330.0,102720.0,100768.0,2194.0,0.829
A,Pressure,03-28,8618,101669.0,101140.0,102128.0,100768.0,2194.0,0.411
A,Pressure,03-29,8609,100651.0,100436.0,100881.0,100768.0,2194.0,-0.053
A,Pressure,03-30,8245,100208.0,99970.0,100328.0,100768.0,2194.0,-0.255
A,Pressure,03-31,8609,100739.0,100316.0,101105.0,100768.0,2194.0,-0.013
A,Pressure,04-01,8617,101459.0,101183.0,101683.0,100768.0,2194.0,0.315
A,Pressure,04-02,8207,101795.0,101673.0,102091.0,100768.0,2194.0,0.468
A,Pressure,04-03,8618,102140.0,101755.4,102249.0,100768.0,2194.0,0.625
A,Pressure,04-04,8614,100756.0,100704.0,101312.0,100768.0,2194.0,-0.005
A,Pressure,04-05,8614,100576.0,100177.0,100674.0,100768.0,2194.0,-0.088
A,Pressure,04-06,8617,99123.0,98518.0,99740.0,100768.0,2194.0,-0.75
A,Pressure,04-07,8616,98628.0,98094.0,99597.0,100768.0,2194.0,-0.975
A,Pressure,04-08,8615,99494.0,99277.0,100358.0,100768.0,2194.0,-0.581
A,Pressure,04-09,8620,101221.0,100772.0,101416.0,100768.0,2194.0,0.206
A,Pressure,04-10,8620,101252.0,100928.0,101402.0,100768.0,2194.0,0.221
A,Pressure,04-11,8612,100000.0,99927.0,100621.0,100768.0,2194.0,-0.35
A,Pressure,04-12,8610,99868.0,99718.0,100373.0,100768.0,2194.0,-0.41
A,Pressure,04-13,8599,101078.0,100571.6,101523.0,100768.0,2194.0,0.141
A,Pressure,04-14,8607,101703.0,101567.0,101862.0,100768.0,2194.0,0.426
A,Pressure,04-15,8616,102062.0,101952.0,102218.0,100768.0,2194.0,0.59
A,Pressure,04-16,8619,102328.0,102216.0,102427.0,100768.0,2194.0,0.711
A,Pressure,04-17,8618,101490.0,101221.0,102027.0,100768.0,2194.0,0.329
A,Pressure,04-18,8614,101250.0,101199.0,101312.0,100768.0,2194.0,0.22
A,Pressure,04-19,6012,101215.0,101172.0,101270.0,100768.0,2194.0,0.204
A,Pressure,04-20,5005,100863.0,100828.0,101166.0,100768.0,2194.0,0.043
A,Pressure,04-21,8615,100651.0,100475.0,100764.0,100768.0,2194.0,-0.053
A,Pressure,04-22,8616,100247.0,100057.0,100475.0,100768.0,2194.0,-0.237
A,Pressure,04-23,8262,99841.0,99752.0,100049.0,100768.0,2194.0,-0.423
A,Pressure,04-24,8263,100422.0,100098.0,100826.0,100768.0,2194.0,-0.158
A,Pressure,04-25,8564,101144.0,100971.6,101339.0,100768.0,2194.0,0.171
A,Pressure,04-26,8600,101705.0,101478.0,101878.0,100768.0,2194.0,0.427
A,Pressure,04-27,8188,102253.0,102081.0,102444.0,100768.0,2194.0,0.677
A,Pressure,04-28,8604,102586.0,102472.0,102668.4,100768.0,2194.0,0.829
A,Pressure,04-29,8597,102657.0,102608.0,102708.0,100768.0,2194.0,0.861
A,Pressure,04-30,8609,102435.0,102114.0,102645.0,100768.0,2194.0,0.76
B,Pressure,03-01,8584,102018.0,101802.0,102156.0,100733.0,2194.0,0.586
B,Pressure,03-02,8249,101299.0,101036.0,101558.4,100733.0,2194.0,0.258
B,Pressure,03-03,7207,100704.0,100673.0,101036.0,100733.0,2194.0,-0.013
B,Pressure,03-04,7804,101545.0,101281.0,101753.0,100733.0,2194.0,0.37
B,Pressure,03-05,8285,102057.0,101816.0,102194.0,100733.0,2194.0,0.603
B,Pressure,03-06,8332,102323.0,102235.0,102447.0,100733.0,2194.0,0.725
B,Pressure,03-07,8281,101759.0,101121.0,102270.0,100733.0,2194.0,0.468
B,Pressure,03-08,8563,100533.0,100423.4,100757.0,100733.0,2194.0,-0.091
B,Pressure,03-09,8247,100751.0,100688.0,100834.0,100733.0,2194.0,0.008
B,Pressure,03-10,7404,100805.0,100372.0,100933.4,100733.0,2194.0,0.033
B,Pressure,03-11,6836,99548.0,99263.0,99995.0,100733.0,2194.0,-0.54
B,Pressure,03-12,7917,99895.0,99689.0,100170.0,100733.0,2194.0,-0.382
B,Pressure,03-13,8600,99787.0,99475.0,100684.0,100733.0,2194.0,-0.431
B,Pressure,03-14,8480,101854.0,101156.0,101985.0,100733.0,2194.0,0.511
B,Pressure,03-15,7366,101502.0,101285.0,101811.0,100733.0,2194.0,0.351
B,Pressure,03-16,8248,101211.0,101166.0,101840.0,100733.0,2194.0,0.218
B,Pressure,03-17,5563,102496.0,102150.0,102767.0,100733.0,2194.0,0.804
B,Pressure,03-18,4641,103548.0,103493.0,103705.0,100733.0,2194.0,1.283
B,Pressure,03-19,8425,102911.0,102523.0,103377.0,100733.0,2194.0,0.993
B,Pressure,03-20,8500,102075.0,101965.0,102333.0,100733.0,2194.0,0.612
B,Pressure,03-21,8066,102088.0,102005.0,102152.0,100733.0,2194.0,0.618
B,Pressure,03-22,7298,102117.0,102052.0,102215.0,100733.0,2194.0,0.631
B,Pressure,03-23,7062,102331.0,102229.0,102441.0,100733.0,2194.0,0.728
B,Pressure,03-24,7008,102410.0,102345.0,102474.0,100733.0,2194.0,0.764
B,Pressure,03-25,8368,102520.0,102443.0,102640.0,100733.0,2194.0,0.814
B,Pressure,03-26,8582,102648.0,102541.0,102752.0,100733.0,2194.0,0.873
B,Pressure,03-27,8615,102553.0,102297.0,102689.0,100733.0,2194.0,0.83
B,Pressure,03-28,8478,101651.0,101103.0,102098.0,100733.0,2194.0,0.418
B,Pressure,03-29,8375,100626.0,100402.0,100850.0,100733.0,2194.0,-0.049
B,Pressure,03-30,7930,100178.0,99946.0,100300.0,100733.0,2194.0,-0.253
B,Pressure,03-31,8453,100706.0,100278.0,101076.0,100733.0,2194.0,-0.012
B,Pressure,04-01,8620,101425.0,101150.0,101653.0,100733.0,2194.0,0.315
B,Pressure,04-02,8213,101761.0,101642.0,102048.0,100733.0,2194.0,0.469
B,Pressure,04-03,8615,102103.0,101718.0,102217.0,100733.0,2194.0,0.624
B,Pressure,04-04,8614,100720.0,100667.0,101272.0,100733.0,2194.0,-0.006
B,Pressure,04-05,8443,100547.0,100135.4,100637.0,100733.0,2194.0,-0.085
B,Pressure,04-06,8331,99092.0,98477.0,99718.0,100733.0,2194.0,-0.748
B,Pressure,04-07,8216,98603.0,98056.0,99565.0,100733.0,2194.0,-0.971
B,Pressure,04-08,8070,99459.0,99237.0,100341.0,100733.0,2194.0,-0.581
B,Pressure,04-09,8613,101189.0,100741.0,101384.0,100733.0,2194.0,0.208
B,Pressure,04-10,8616,101219.0,100899.0,101370.0,100733.0,2194.0,0.222
B,Pressure,04-11,8532,99967.0,99893.0,100589.0,100733.0,2194.0,-0.349
B,Pressure,04-12,8608,99832.0,99681.0,100335.0,100733.0,2194.0,-0.411
B,Pressure,04-13,8241,101028.0,100523.0,101486.0,100733.0,2194.0,0.134
B,Pressure,04-14,8352,101665.0,101521.0,101832.0,100733.0,2194.0,0.425
B,Pressure,04-15,8505,102024.0,101918.0,102182.0,100733.0,2194.0,0.588
B,Pressure,04-16,7915,102301.0,102182.0,102390.0,100733.0,2194.0,0.715
B,Pressure,04-17,8104,101498.0,101187.0,102005.0,100733.0,2194.0,0.349
B,Pressure,04-18,8372,101219.0,101168.0,101272.0,100733.0,2194.0,0.222
B,Pressure,04-19,5534,101182.0,101140.0,101234.0,100733.0,2194.0,0.205
B,Pressure,04-20,4899,100830.0,100786.0,101133.0,100733.0,2194.0,0.044
B,Pressure,04-21,7451,100667.0,100441.0,100745.0,100733.0,2194.0,-0.03
B,Pressure,04-22,8484,100211.0,100016.0,100449.0,100733.0,2194.0,-0.238
B,Pressure,04-23,8258,99807.0,99716.0,100007.0,100733.0,2194.0,-0.422
B,Pressure,04-24,8258,100386.0,100058.0,100780.0,100733.0,2194.0,-0.158
B,Pressure,04-25,8155,101107.0,100938.0,101317.0,100733.0,2194.0,0.17
B,Pressure,04-26,7737,101663.0,101441.0,101848.0,100733.0,2194.0,0.424
B,Pressure,04-27,8094,102215.0,102038.0,102412.0,100733.0,2194.0,0.675
B,Pressure,04-28,8593,102551.0,102441.0,102632.0,100733.0,2194.0,0.829
B,Pressure,04-29,7409,102630.0,102574.0,102673.0,100733.0,2194.0,0.865
B,Pressure,04-30,8368,102402.0,102073.0,102613.0,100733.0,2194.0,0.761
C,Pressure,03-01,8618,102072.0,101868.0,102210.6,100787.0,2196.0,0.585
C,Pressure,03-02,8620,101348.0,101098.0,101613.0,100787.0,2196.0,0.255
C,Pressure,03-03,8618,100758.0,100707.0,101050.0,100787.0,2196.0,-0.013
C,Pressure,03-04,8617,101605.0,101344.0,101805.0,100787.0,2196.0,0.372
C,Pressure,03-05,8616,102120.0,101878.0,102257.0,100787.0,2196.0,0.607
C,Pressure,03-06,8613,102385.0,102290.0,102500.0,100787.0,2196.0,0.728
C,Pressure,03-07,8613,101845.0,101186.0,102329.0,100787.0,2196.0,0.482
C,Pressure,03-08,8614,100599.0,100483.0,100827.0,100787.0,2196.0,-0.086
C,Pressure,03-09,8616,100810.0,100742.0,100890.0,100787.0,2196.0,0.01
C,Pressure,03-10,8605,100859.0,100458.0,100992.0,100787.0,2196.0,0.033
C,Pressure,03-11,8598,99543.0,99275.0,100008.0,100787.0,2196.0,-0.566
C,Pressure,03-12,8261,99955.0,99749.0,100234.0,100787.0,2196.0,-0.379
C,Pressure,03-13,8622,99846.0,99541.0,100736.0,100787.0,2196.0,-0.429
C,Pressure,03-14,8613,101909.0,101220.0,102042.0,100787.0,2196.0,0.511
C,Pressure,03-15,8611,101506.0,101340.0,101847.0,100787.0,2196.0,0.327
C,Pressure,03-16,8606,101267.0,101218.0,101907.0,100787.0,2196.0,0.219
C,Pressure,03-17,6313,102596.0,102210.0,102822.0,100787.0,2196.0,0.824
C,Pressure,03-18,5095,103598.0,103542.0,103756.0,100787.0,2196.0,1.28
C,Pressure,03-19,8617,102948.0,102575.0,103428.0,100787.0,2196.0,0.984
C,Pressure,03-20,8610,102137.0,102015.0,102399.0,100787.0,2196.0,0.615
C,Pressure,03-21,8610,102137.0,102044.0,102208.0,100787.0,2196.0,0.615
C,Pressure,03-22,8597,102167.0,102108.0,102268.0,100787.0,2196.0,0.628
C,Pressure,03-23,8606,102387.0,102290.0,102495.0,100787.0,2196.0,0.729
C,Pressure,03-24,8612,102457.0,102363.0,102530.0,100787.0,2196.0,0.76
C,Pressure,03-25,8604,102577.0,102500.0,102697.0,100787.0,2196.0,0.815
C,Pressure,03-26,8619,102703.0,102592.0,102807.0,100787.0,2196.0,0.872
C,Pressure,03-27,8621,102609.0,102355.0,102742.0,100787.0,2196.0,0.83
C,Pressure,03-28,8610,101685.0,101157.0,102149.0,100787.0,2196.0,0.409
C,Pressure,03-29,8610,100668.0,100456.0,100898.0,100787.0,2196.0,-0.054
C,Pressure,03-30,8252,100230.0,99988.0,100348.0,100787.0,2196.0,-0.254
C,Pressure,03-31,8616,100762.0,100342.0,101137.0,100787.0,2196.0,-0.011
C,Pressure,04-01,8614,101483.0,101216.0,101713.0,100787.0,2196.0,0.317
C,Pressure,04-02,8213,101820.0,101703.0,102120.0,100787.0,2196.0,0.47
C,Pressure,04-03,8620,102163.0,101779.0,102278.0,100787.0,2196.0,0.627
C,Pressure,04-04,8618,100772.0,100719.0,101336.0,100787.0,2196.0,-0.007
C,Pressure,04-05,8621,100590.0,100195.0,100691.0,100787.0,2196.0,-0.09
C,Pressure,04-06,8621,99141.0,98540.0,99761.0,100787.0,2196.0,-0.75
C,Pressure,04-07,8620,98644.0,98111.0,99620.0,100787.0,2196.0,-0.976
C,Pressure,04-08,8616,99522.0,99302.0,100381.0,100787.0,2196.0,-0.576
C,Pressure,04-09,8620,101243.0,100806.0,101442.0,100787.0,2196.0,0.208
C,Pressure,04-10,8621,101271.0,100955.0,101428.0,100787.0,2196.0,0.22
C,Pressure,04-11,8619,100022.0,99947.0,100650.0,100787.0,2196.0,-0.348
C,Pressure,04-12,8619,99887.0,99741.0,100387.0,100787.0,2196.0,-0.41
C,Pressure,04-13,8606,101088.0,100588.0,101542.0,100787.0,2196.0,0.137
C,Pressure,04-14,8604,101718.0,101585.0,101880.0,100787.0,2196.0,0.424
C,Pressure,04-15,8614,102074.0,101972.0,102231.0,100787.0,2196.0,0.586
C,Pressure,04-16,8613,102339.0,102227.0,102441.0,100787.0,2196.0,0.707
C,Pressure,04-17,8615,101526.0,101237.0,102042.0,100787.0,2196.0,0.337
C,Pressure,04-18,8620,101269.0,101220.0,101330.0,100787.0,2196.0,0.219
C,Pressure,04-19,6012,101235.0,101194.0,101288.0,100787.0,2196.0,0.204
C,Pressure,04-20,5007,100884.0,100843.0,101184.0,100787.0,2196.0,0.044
C,Pressure,04-21,8617,100670.0,100491.0,100785.0,100787.0,2196.0,-0.053
C,Pressure,04-22,8621,100267.0,100075.0,100503.0,100787.0,2196.0,-0.237
C,Pressure,04-23,8262,99863.0,99775.0,100071.0,100787.0,2196.0,-0.421
C,Pressure,04-24,8264,100438.0,100118.0,100847.0,100787.0,2196.0,-0.159
C,Pressure,04-25,8536,101165.0,100996.0,101367.0,100787.0,2196.0,0.172
C,Pressure,04-26,8605,101726.0,101506.0,101903.0,100787.0,2196.0,0.428
C,Pressure,04-27,8162,102278.0,102106.0,102473.0,100787.0,2196.0,0.679
C,Pressure,04-28,8597,102619.0,102504.0,102693.0,100787.0,2196.0,0.834
C,Pressure,04-29,8607,102685.0,102628.0,102732.0,100787.0,2196.0,0.864
C,Pressure,04-30,8610,102463.0,102141.0,102673.0,100787.0,2196.0,0.763
D,Pressure,03-01,8621,102083.0,101874.0,102218.0,100797.0,2200.0,0.585
D,Pressure,03-02,8621,101355.0,101105.0,101621.0,100797.0,2200.0,0.254
D,Pressure,03-03,8621,100766.0,100719.0,101068.0,100797.0,2200.0,-0.014
D,Pressure,03-04,8621,101613.0,101349.0,101811.0,100797.0,2200.0,0.371
D,Pressure,03-05,8621,102126.0,101880.0,102258.0,100797.0,2200.0,0.604
D,Pressure,03-06,8621,102390.0,102295.0,102506.0,100797.0,2200.0,0.724
D,Pressure,03-07,8620,101845.0,101187.8,102337.0,100797.0,2200.0,0.476
D,Pressure,03-08,8622,100600.0,100485.0,100824.0,100797.0,2200.0,-0.09
D,Pressure,03-09,8621,100814.0,100747.0,100895.0,100797.0,2200.0,0.008
D,Pressure,03-10,8621,100865.0,100462.0,100999.0,100797.0,2200.0,0.031
D,Pressure,03-11,8620,99546.0,99281.0,100020.0,100797.0,2200.0,-0.569
D,Pressure,03-12,8261,99962.0,99752.0,100238.0,100797.0,2200.0,-0.38
D,Pressure,03-13,8621,99851.0,99542.0,100743.0,100797.0,2200.0,-0.43
D,Pressure,03-14,8621,101916.0,101219.0,102043.0,100797.0,2200.0,0.509
D,Pressure,03-15,8621,101514.0,101345.0,101847.0,100797.0,2200.0,0.326
D,Pressure,03-16,8621,101272.0,101225.0,101910.0,100797.0,2200.0,0.216
D,Pressure,03-17,6319,102609.0,102212.0,102828.4,100797.0,2200.0,0.824
D,Pressure,03-18,5113,103604.0,103547.0,103764.0,100797.0,2200.0,1.276
D,Pressure,03-19,8617,102957.0,102578.0,103429.0,100797.0,2200.0,0.982
D,Pressure,03-20,8621,102138.0,102019.0,102398.0,100797.0,2200.0,0.61
D,Pressure,03-21,8622,102138.0,102051.2,102209.0,100797.0,2200.0,0.61
D,Pressure,03-22,8621,102171.0,102115.0,102269.0,100797.0,2200.0,0.625
D,Pressure,03-23,8622,102394.0,102293.0,102500.0,100797.0,2200.0,0.726
D,Pressure,03-24,8622,102462.0,102368.0,102533.0,100797.0,2200.0,0.757
D,Pressure,03-25,8621,102582.0,102504.0,102703.0,100797.0,2200.0,0.811
D,Pressure,03-26,8621,102708.0,102612.0,102814.0,100797.0,2200.0,0.869
D,Pressure,03-27,8620,102621.0,102364.0,102750.0,100797.0,2200.0,0.829
D,Pressure,03-28,8621,101701.0,101168.0,102158.0,100797.0,2200.0,0.411
D,Pressure,03-29,8621,100678.0,100464.0,100907.0,100797.0,2200.0,-0.054
D,Pressure,03-30,8258,100240.0,99998.0,100358.0,100797.0,2200.0,-0.253
D,Pressure,03-31,8616,100770.0,100346.0,101139.0,100797.0,2200.0,-0.012
D,Pressure,04-01,8621,101490.0,101215.0,101717.0,100797.0,2200.0,0.315
D,Pressure,04-02,8212,101833.0,101705.0,102118.0,100797.0,2200.0,0.471
D,Pressure,04-03,8620,102167.0,101781.0,102283.0,100797.0,2200.0,0.623
D,Pressure,04-04,8620,100782.0,100727.0,101337.0,100797.0,2200.0,-0.007
D,Pressure,04-05,8621,100600.0,100202.0,100702.0,100797.0,2200.0,-0.09
D,Pressure,04-06,8621,99147.0,98546.0,99774.0,100797.0,2200.0,-0.75
D,Pressure,04-07,8621,98655.0,98121.0,99627.0,100797.0,2200.0,-0.974
D,Pressure,04-08,8620,99532.0,99308.0,100389.0,100797.0,2200.0,-0.575
D,Pressure,04-09,8621,101252.0,100808.0,101445.0,100797.0,2200.0,0.207
D,Pressure,04-10,8620,101282.0,100957.0,101434.0,100797.0,2200.0,0.22
D,Pressure,04-11,8621,100034.0,99955.0,100651.0,100797.0,2200.0,-0.347
D,Pressure,04-12,8598,99896.0,99746.0,100397.0,100797.0,2200.0,-0.41
D,Pressure,04-13,8620,101099.0,100598.0,101547.0,100797.0,2200.0,0.137
D,Pressure,04-14,8621,101728.0,101593.0,101888.0,100797.0,2200.0,0.423
D,Pressure,04-15,8619,102095.0,101980.0,102244.0,100797.0,2200.0,0.59
D,Pressure,04-16,8619,102360.0,102240.0,102453.0,100797.0,2200.0,0.71
D,Pressure,04-17,8620,101520.0,101248.0,102053.0,100797.0,2200.0,0.329
D,Pressure,04-18,8619,101280.0,101229.0,101341.0,100797.0,2200.0,0.22
D,Pressure,04-19,6017,101242.0,101203.0,101306.0,100797.0,2200.0,0.202
D,Pressure,04-20,5011,100893.0,100855.0,101193.0,100797.0,2200.0,0.044
D,Pressure,04-21,8621,100676.0,100507.0,100797.0,100797.0,2200.0,-0.055
D,Pressure,04-22,8620,100285.0,100091.0,100509.0,100797.0,2200.0,-0.233
D,Pressure,04-23,8263,99872.0,99792.0,100079.0,100797.0,2200.0,-0.42
D,Pressure,04-24,8263,100458.0,100128.0,100854.6,100797.0,2200.0,-0.154
D,Pressure,04-25,8621,101178.0,101005.0,101371.0,100797.0,2200.0,0.173
D,Pressure,04-26,8622,101738.0,101512.0,101910.0,100797.0,2200.0,0.428
D,Pressure,04-27,8246,102285.0,102113.0,102478.0,100797.0,2200.0,0.676
D,Pressure,04-28,8621,102626.0,102512.0,102703.0,100797.0,2200.0,0.831
D,Pressure,04-29,8622,102691.0,102640.0,102740.0,100797.0,2200.0,0.861
D,Pressure,04-30,8620,102474.0,102150.0,102681.0,100797.0,2200.0,0.762
E,Pressure,03-01,8622,102060.0,101854.0,102197.0,100775.0,2195.0,0.585
E,Pressure,03-02,8621,101332.0,101084.0,101603.0,100775.0,2195.0,0.254
E,Pressure,03-03,8623,100744.0,100693.0,101038.0,100775.0,2195.0,-0.014
E,Pressure,03-04,8622,101591.0,101330.0,101792.0,100775.0,2195.0,0.372
E,Pressure,03-05,8622,102108.0,101864.0,102243.0,100775.0,2195.0,0.607
E,Pressure,03-06,8622,102373.0,102278.0,102488.0,100775.0,2195.0,0.728
E,Pressure,03-07,8622,101822.0,101172.0,102313.0,100775.0,2195.0,0.477
E,Pressure,03-08,8623,100587.0,100471.0,100809.0,100775.0,2195.0,-0.086
E,Pressure,03-09,8621,100789.0,100730.0,100876.0,100775.0,2195.0,0.006
E,Pressure,03-10,8622,100844.0,100440.0,100978.0,100775.0,2195.0,0.031
E,Pressure,03-11,8618,99527.0,99261.4,99994.0,100775.0,2195.0,-0.569
E,Pressure,03-12,8262,99943.0,99731.0,100220.0,100775.0,2195.0,-0.379
E,Pressure,03-13,8621,99831.0,99525.0,100724.0,100775.0,2195.0,-0.43
E,Pressure,03-14,8620,101893.0,101202.0,102026.0,100775.0,2195.0,0.509
E,Pressure,03-15,8623,101494.0,101326.0,101831.0,100775.0,2195.0,0.328
E,Pressure,03-16,8622,101252.0,101202.0,101889.0,100775.0,2195.0,0.217
E,Pressure,03-17,6320,102579.0,102192.0,102806.0,100775.0,2195.0,0.822
E,Pressure,03-18,5114,103583.0,103526.0,103742.0,100775.0,2195.0,1.279
E,Pressure,03-19,8621,102937.0,102557.0,103408.0,100775.0,2195.0,0.985
E,Pressure,03-20,8621,102121.0,102005.0,102383.0,100775.0,2195.0,0.613
E,Pressure,03-21,8622,102123.0,102036.0,102192.0,100775.0,2195.0,0.614
E,Pressure,03-22,8622,102153.0,102094.0,102252.0,100775.0,2195.0,0.628
E,Pressure,03-23,8623,102375.0,102274.0,102482.0,100775.0,2195.0,0.729
E,Pressure,03-24,8617,102443.0,102349.0,102516.0,100775.0,2195.0,0.76
E,Pressure,03-25,8622,102563.0,102486.0,102685.0,100775.0,2195.0,0.815
E,Pressure,03-26,8622,102691.0,102584.0,102795.0,100775.0,2195.0,0.873
E,Pressure,03-27,8620,102592.0,102337.0,102732.0,100775.0,2195.0,0.828
E,Pressure,03-28,8622,101675.0,101145.0,102132.8,100775.0,2195.0,0.41
E,Pressure,03-29,8621,100658.0,100442.0,100886.0,100775.0,2195.0,-0.053
E,Pressure,03-30,8260,100216.0,99974.0,100334.0,100775.0,2195.0,-0.255
E,Pressure,03-31,8621,100748.0,100328.0,101119.0,100775.0,2195.0,-0.012
E,Pressure,04-01,8621,101471.0,101200.0,101697.0,100775.0,2195.0,0.317
E,Pressure,04-02,8212,101808.0,101687.0,102104.0,100775.0,2195.0,0.471
E,Pressure,04-03,8620,102149.0,101765.0,102264.0,100775.0,2195.0,0.626
E,Pressure,04-04,8620,100759.0,100703.0,101320.2,100775.0,2195.0,-0.007
E,Pressure,04-05,8621,100575.0,100180.0,100677.0,100775.0,2195.0,-0.091
E,Pressure,04-06,8621,99124.0,98524.0,99746.0,100775.0,2195.0,-0.752
E,Pressure,04-07,8621,98634.0,98096.0,99605.0,100775.0,2195.0,-0.975
E,Pressure,04-08,8620,99501.0,99288.0,100365.0,100775.0,2195.0,-0.58
E,Pressure,04-09,8621,101231.0,100781.0,101425.0,100775.0,2195.0,0.208
E,Pressure,04-10,8620,101260.0,100940.0,101414.0,100775.0,2195.0,0.221
E,Pressure,04-11,8620,100007.0,99935.0,100634.0,100775.0,2195.0,-0.35
E,Pressure,04-12,8621,99870.0,99725.0,100371.0,100775.0,2195.0,-0.412
E,Pressure,04-13,8620,101074.0,100571.0,101521.0,100775.0,2195.0,0.136
E,Pressure,04-14,8621,101702.0,101561.0,101864.0,100775.0,2195.0,0.422
E,Pressure,04-15,8621,102062.0,101954.0,102215.0,100775.0,2195.0,0.586
E,Pressure,04-16,8620,102327.0,102213.0,102426.0,100775.0,2195.0,0.707
E,Pressure,04-17,8620,101492.0,101221.0,102026.2,100775.0,2195.0,0.327
E,Pressure,04-18,8621,101254.0,101206.0,101307.0,100775.0,2195.0,0.218
E,Pressure,04-19,6017,101219.0,101180.0,101276.0,100775.0,2195.0,0.202
E,Pressure,04-20,5011,100870.0,100829.0,101170.0,100775.0,2195.0,0.043
E,Pressure,04-21,8621,100656.0,100479.0,100769.0,100775.0,2195.0,-0.054
E,Pressure,04-22,8620,100253.0,100063.0,100485.0,100775.0,2195.0,-0.238
E,Pressure,04-23,8263,99847.0,99758.0,100053.0,100775.0,2195.0,-0.423
E,Pressure,04-24,8263,100428.0,100104.0,100831.0,100775.0,2195.0,-0.158
E,Pressure,04-25,8621,101147.0,100980.0,101345.0,100775.0,2195.0,0.169
E,Pressure,04-26,8621,101710.0,101488.0,101885.0,100775.0,2195.0,0.426
E,Pressure,04-27,8242,102262.0,102079.0,102453.0,100775.0,2195.0,0.677
E,Pressure,04-28,8621,102605.0,102488.0,102679.0,100775.0,2195.0,0.834
E,Pressure,04-29,8614,102667.0,102614.0,102716.0,100775.0,2195.0,0.862
E,Pressure,04-30,8615,102447.0,102123.0,102656.0,100775.0,2195.0,0.762
F,Pressure,03-01,8621,102103.0,101891.0,102234.0,100817.0,2199.0,0.585
F,Pressure,03-02,8621,101374.0,101121.0,101640.0,100817.0,2199.0,0.253
F,Pressure,03-03,8621,100781.0,100734.0,101088.0,100817.0,2199.0,-0.016
F,Pressure,03-04,8621,101632.0,101369.0,101829.0,100817.0,2199.0,0.371
F,Pressure,03-05,8621,102144.0,101903.0,102279.0,100817.0,2199.0,0.603
F,Pressure,03-06,8621,102410.0,102315.0,102523.0,100817.0,2199.0,0.724
F,Pressure,03-07,8610,101869.0,101205.0,102357.0,100817.0,2199.0,0.478
F,Pressure,03-08,8616,100618.0,100506.0,100844.0,100817.0,2199.0,-0.09
F,Pressure,03-09,8614,100834.0,100767.0,100915.0,100817.0,2199.0,0.008
F,Pressure,03-10,8597,100885.0,100476.2,101019.0,100817.0,2199.0,0.031
F,Pressure,03-11,8599,99564.0,99297.0,100029.0,100817.0,2199.0,-0.57
F,Pressure,03-12,8257,99978.0,99768.0,100257.0,100817.0,2199.0,-0.382
F,Pressure,03-13,8621,99868.0,99560.0,100761.0,100817.0,2199.0,-0.432
F,Pressure,03-14,8606,101930.0,101239.0,102063.0,100817.0,2199.0,0.506
F,Pressure,03-15,8615,101531.0,101361.0,101866.0,100817.0,2199.0,0.325
F,Pressure,03-16,8616,101289.0,101242.0,101928.0,100817.0,2199.0,0.215
F,Pressure,03-17,6315,102628.0,102230.0,102843.0,100817.0,2199.0,0.824
F,Pressure,03-18,5101,103621.0,103566.0,103781.0,100817.0,2199.0,1.275
F,Pressure,03-19,8621,102977.0,102595.0,103447.0,100817.0,2199.0,0.982
F,Pressure,03-20,8621,102156.0,102038.0,102415.0,100817.0,2199.0,0.609
F,Pressure,03-21,8603,102158.0,102071.0,102228.0,100817.0,2199.0,0.61
F,Pressure,03-22,8599,102187.0,102131.0,102287.0,100817.0,2199.0,0.623
F,Pressure,03-23,8577,102410.0,102309.0,102515.0,100817.0,2199.0,0.724
F,Pressure,03-24,8605,102476.0,102384.0,102550.0,100817.0,2199.0,0.754
F,Pressure,03-25,8602,102595.0,102519.0,102720.0,100817.0,2199.0,0.809
F,Pressure,03-26,8620,102722.0,102622.0,102827.0,100817.0,2199.0,0.866
F,Pressure,03-27,8617,102634.0,102376.0,102763.0,100817.0,2199.0,0.826
F,Pressure,03-28,8617,101708.0,101178.0,102166.8,100817.0,2199.0,0.405
F,Pressure,03-29,8615,100691.0,100475.0,100921.0,100817.0,2199.0,-0.057
F,Pressure,03-30,8253,100249.0,100005.0,100369.0,100817.0,2199.0,-0.258
F,Pressure,03-31,8618,100781.0,100359.0,101148.0,100817.0,2199.0,-0.016
F,Pressure,04-01,8617,101502.0,101225.0,101729.0,100817.0,2199.0,0.312
F,Pressure,04-02,8208,101846.0,101718.0,102134.0,100817.0,2199.0,0.468
F,Pressure,04-03,8620,102185.0,101796.0,102297.0,100817.0,2199.0,0.622
F,Pressure,04-04,8621,100794.0,100740.0,101355.0,100817.0,2199.0,-0.01
F,Pressure,04-05,8620,100614.0,100214.0,100714.2,100817.0,2199.0,-0.092
F,Pressure,04-06,8621,99162.0,98557.0,99788.0,100817.0,2199.0,-0.753
F,Pressure,04-07,8619,98671.0,98131.0,99639.2,100817.0,2199.0,-0.976
F,Pressure,04-08,8620,99545.0,99321.0,100400.0,100817.0,2199.0,-0.578
F,Pressure,04-09,8620,101264.0,100821.0,101463.0,100817.0,2199.0,0.203
F,Pressure,04-10,8621,101295.0,100973.0,101447.0,100817.0,2199.0,0.217
F,Pressure,04-11,8616,100047.0,99966.0,100666.0,100817.0,2199.0,-0.35
F,Pressure,04-12,8618,99907.0,99760.0,100406.0,100817.0,2199.0,-0.414
F,Pressure,04-13,8603,101109.0,100606.0,101560.0,100817.0,2199.0,0.133
F,Pressure,04-14,8615,101741.0,101604.0,101903.0,100817.0,2199.0,0.42
F,Pressure,04-15,8619,102107.0,101991.0,102252.0,100817.0,2199.0,0.587
F,Pressure,04-16,8621,102372.0,102252.0,102464.0,100817.0,2199.0,0.707
F,Pressure,04-17,8619,101529.0,101258.0,102061.0,100817.0,2199.0,0.324
F,Pressure,04-18,8619,101289.0,101240.0,101351.0,100817.0,2199.0,0.215
F,Pressure,04-19,6016,101256.0,101213.0,101311.0,100817.0,2199.0,0.2
F,Pressure,04-20,5008,100909.0,100866.0,101207.0,100817.0,2199.0,0.042
F,Pressure,04-21,8620,100691.0,100514.0,100813.0,100817.0,2199.0,-0.057
F,Pressure,04-22,8620,100296.0,100098.0,100528.0,100817.0,2199.0,-0.237
F,Pressure,04-23,8263,99882.0,99798.0,100090.0,100817.0,2199.0,-0.425
F,Pressure,04-24,8264,100463.0,100137.0,100864.0,100817.0,2199.0,-0.161
F,Pressure,04-25,8528,101184.0,101013.0,101382.0,100817.0,2199.0,0.167
F,Pressure,04-26,8598,101741.0,101517.0,101916.0,100817.0,2199.0,0.42
F,Pressure,04-27,8162,102293.0,102121.0,102488.0,100817.0,2199.0,0.671
F,Pressure,04-28,8596,102636.0,102516.0,102712.0,100817.0,2199.0,0.827
F,Pressure,04-29,8587,102700.0,102649.0,102749.0,100817.0,2199.0,0.856
F,Pressure,04-30,8618,102480.0,102156.0,102690.0,100817.0,2199.0,0.756
G,Pressure,03-01,8620,102086.0,101872.0,102219.0,100801.0,2190.0,0.587
G,Pressure,03-02,8619,101361.0,101106.0,101622.0,100801.0,2190.0,0.256
G,Pressure,03-03,8617,100767.0,100718.0,101070.0,100801.0,2190.0,-0.016
G,Pressure,03-04,8616,101613.0,101353.0,101814.0,100801.0,2190.0,0.371
G,Pressure,03-05,8617,102126.0,101882.0,102259.0,100801.0,2190.0,0.605
G,Pressure,03-06,8614,102387.0,102294.0,102504.0,100801.0,2190.0,0.724
G,Pressure,03-07,8608,101847.0,101188.0,102329.0,100801.0,2190.0,0.478
G,Pressure,03-08,8600,100599.0,100488.0,100827.0,100801.0,2190.0,-0.092
G,Pressure,03-09,8606,100819.0,100751.0,100897.0,100801.0,2190.0,0.008
G,Pressure,03-10,8593,100870.0,100461.0,101001.0,100801.0,2190.0,0.032
G,Pressure,03-11,8599,99550.0,99285.0,100023.0,100801.0,2190.0,-0.571
G,Pressure,03-12,8258,99964.0,99757.0,100243.0,100801.0,2190.0,-0.382
G,Pressure,03-13,8618,99852.0,99546.0,100743.0,100801.0,2190.0,-0.433
G,Pressure,03-14,8612,101917.0,101221.0,102046.0,100801.0,2190.0,0.51
G,Pressure,03-15,8609,101516.0,101349.0,101852.0,100801.0,2190.0,0.326
G,Pressure,03-16,8606,101276.0,101229.0,101913.0,100801.0,2190.0,0.217
G,Pressure,03-17,6300,102611.0,102214.0,102829.0,100801.0,2190.0,0.826
G,Pressure,03-18,5102,103607.0,103550.0,103767.0,100801.0,2190.0,1.281
G,Pressure,03-19,8613,102957.0,102579.0,103433.0,100801.0,2190.0,0.984
G,Pressure,03-20,8611,102139.0,102017.0,102395.0,100801.0,2190.0,0.611
G,Pressure,03-21,8593,102139.0,102050.0,102212.0,100801.0,2190.0,0.611
G,Pressure,03-22,8606,102173.0,102116.0,102270.0,100801.0,2190.0,0.626
G,Pressure,03-23,8603,102391.0,102292.0,102499.0,100801.0,2190.0,0.726
G,Pressure,03-24,8610,102457.0,102363.0,102530.0,100801.0,2190.0,0.756
G,Pressure,03-25,8602,102579.0,102501.0,102699.0,100801.0,2190.0,0.812
G,Pressure,03-26,8614,102703.0,102605.0,102809.0,100801.0,2190.0,0.868
G,Pressure,03-27,8616,102616.0,102363.0,102748.0,100801.0,2190.0,0.829
G,Pressure,03-28,8610,101693.0,101162.0,102155.0,100801.0,2190.0,0.407
G,Pressure,03-29,8604,100677.0,100461.0,100907.0,100801.0,2190.0,-0.057
G,Pressure,03-30,8244,100235.0,99993.0,100353.0,100801.0,2190.0,-0.258
G,Pressure,03-31,8609,100763.0,100343.0,101133.0,100801.0,2190.0,-0.017
G,Pressure,04-01,8600,101482.0,101211.0,101712.0,100801.0,2190.0,0.311
G,Pressure,04-02,8192,101829.0,101701.0,102114.0,100801.0,2190.0,0.469
G,Pressure,04-03,8608,102165.0,101782.4,102278.0,100801.0,2190.0,0.623
G,Pressure,04-04,8607,100783.0,100728.0,101337.0,100801.0,2190.0,-0.008
G,Pressure,04-05,8609,100600.0,100201.0,100702.0,100801.0,2190.0,-0.092
G,Pressure,04-06,8604,99149.0,98546.0,99778.0,100801.0,2190.0,-0.754
G,Pressure,04-07,8618,98652.0,98118.0,99622.0,100801.0,2190.0,-0.981
G,Pressure,04-08,8615,99526.0,99304.0,100384.0,100801.0,2190.0,-0.582
G,Pressure,04-09,8617,101245.0,100801.0,101443.0,100801.0,2190.0,0.203
G,Pressure,04-10,8616,101276.0,100958.0,101430.0,100801.0,2190.0,0.217
G,Pressure,04-11,8611,100033.0,99954.0,100647.0,100801.0,2190.0,-0.351
G,Pressure,04-12,8609,99893.0,99744.0,100398.0,100801.0,2190.0,-0.415
G,Pressure,04-13,8589,101100.0,100599.0,101551.0,100801.0,2190.0,0.137
G,Pressure,04-14,8605,101730.0,101593.0,101892.0,100801.0,2190.0,0.424
G,Pressure,04-15,8607,102096.0,101982.0,102245.0,100801.0,2190.0,0.591
G,Pressure,04-16,8608,102362.0,102241.0,102452.0,100801.0,2190.0,0.713
G,Pressure,04-17,8608,101516.0,101245.0,102054.0,100801.0,2190.0,0.326
G,Pressure,04-18,8611,101276.0,101229.0,101337.0,100801.0,2190.0,0.217
G,Pressure,04-19,6014,101241.0,101200.0,101295.0,100801.0,2190.0,0.201
G,Pressure,04-20,4996,100893.0,100852.0,101188.0,100801.0,2190.0,0.042
G,Pressure,04-21,8614,100677.0,100498.0,100799.0,100801.0,2190.0,-0.057
G,Pressure,04-22,8619,100272.0,100082.0,100502.0,100801.0,2190.0,-0.242
G,Pressure,04-23,8259,99868.0,99783.0,100076.0,100801.0,2190.0,-0.426
G,Pressure,04-24,8247,100447.0,100123.0,100850.0,100801.0,2190.0,-0.162
G,Pressure,04-25,8526,101168.0,100997.0,101368.0,100801.0,2190.0,0.168
G,Pressure,04-26,8595,101726.0,101506.0,101899.0,100801.0,2190.0,0.422
G,Pressure,04-27,8157,102278.0,102104.0,102469.0,100801.0,2190.0,0.674
G,Pressure,04-28,8600,102615.0,102501.0,102693.0,100801.0,2190.0,0.828
G,Pressure,04-29,8571,102684.0,102629.0,102733.0,100801.0,2190.0,0.86
G,Pressure,04-30,8614,102463.0,102141.0,102672.0,100801.0,2190.0,0.759
H,Pressure,03-01,8600,102066.0,101858.0,102202.0,100784.0,2193.0,0.585
H,Pressure,03-02,8442,101345.0,101091.0,101614.0,100784.0,2193.0,0.256
H,Pressure,03-03,7835,100751.0,100706.0,101081.0,100784.0,2193.0,-0.015
H,Pressure,03-04,8589,101598.0,101333.0,101800.0,100784.0,2193.0,0.371
H,Pressure,03-05,8590,102112.0,101872.0,102249.0,100784.0,2193.0,0.606
H,Pressure,03-06,8588,102377.0,102284.0,102495.0,100784.0,2193.0,0.726
H,Pressure,03-07,7949,101934.0,101166.0,102346.0,100784.0,2193.0,0.524
H,Pressure,03-08,8562,100588.0,100472.0,100812.0,100784.0,2193.0,-0.089
H,Pressure,03-09,8389,100804.0,100737.0,100885.0,100784.0,2193.0,0.009
H,Pressure,03-10,8199,100857.0,100441.6,100987.0,100784.0,2193.0,0.033
H,Pressure,03-11,7525,99574.0,99285.0,100032.0,100784.0,2193.0,-0.552
H,Pressure,03-12,8147,99947.0,99735.0,100222.0,100784.0,2193.0,-0.382
H,Pressure,03-13,8615,99835.0,99529.0,100727.0,100784.0,2193.0,-0.433
H,Pressure,03-14,8504,101903.0,101205.0,102036.0,100784.0,2193.0,0.51
H,Pressure,03-15,8431,101506.0,101335.0,101836.0,100784.0,2193.0,0.329
H,Pressure,03-16,8409,101262.0,101217.0,101901.0,100784.0,2193.0,0.218
H,Pressure,03-17,6131,102583.0,102202.0,102815.0,100784.0,2193.0,0.82
H,Pressure,03-18,4370,103598.0,103543.0,103754.0,100784.0,2193.0,1.283
H,Pressure,03-19,8560,102945.0,102571.0,103422.0,100784.0,2193.0,0.985
H,Pressure,03-20,7713,102182.0,102019.0,102401.0,100784.0,2193.0,0.637
H,Pressure,03-21,8018,102125.0,102046.0,102202.0,100784.0,2193.0,0.611
H,Pressure,03-22,7484,102161.0,102104.0,102263.0,100784.0,2193.0,0.628
H,Pressure,03-23,6608,102375.0,102276.0,102493.0,100784.0,2193.0,0.725
H,Pressure,03-24,7989,102455.0,102363.0,102526.0,100784.0,2193.0,0.762
H,Pressure,03-25,8528,102571.0,102497.0,102692.0,100784.0,2193.0,0.815
H,Pressure,03-26,8620,102697.0,102598.0,102801.0,100784.0,2193.0,0.872
H,Pressure,03-27,8611,102611.0,102354.0,102737.0,100784.0,2193.0,0.833
H,Pressure,03-28,8233,101738.0,101148.0,102155.0,100784.0,2193.0,0.435
H,Pressure,03-29,7383,100710.0,100450.0,100914.0,100784.0,2193.0,-0.034
H,Pressure,03-30,6692,100240.0,100020.0,100366.0,100784.0,2193.0,-0.248
H,Pressure,03-31,4559,100501.0,100329.0,100760.0,100784.0,2193.0,-0.129
H,Pressure,04-05,5247,100403.0,100126.0,100651.0,100784.0,2193.0,-0.174
H,Pressure,04-06,8544,99138.0,98531.0,99763.0,100784.0,2193.0,-0.751
H,Pressure,04-07,8481,98631.0,98105.0,99613.0,100784.0,2193.0,-0.982
H,Pressure,04-08,8450,99517.0,99295.0,100378.0,100784.0,2193.0,-0.578
H,Pressure,04-09,8571,101240.0,100799.0,101437.0,100784.0,2193.0,0.208
H,Pressure,04-10,8504,101273.0,100947.0,101421.0,100784.0,2193.0,0.223
H,Pressure,04-11,8561,100024.0,99945.0,100641.0,100784.0,2193.0,-0.347
H,Pressure,04-12,7840,99885.0,99729.0,100405.0,100784.0,2193.0,-0.41
H,Pressure,04-13,8133,101076.0,100576.0,101535.0,100784.0,2193.0,0.133
H,Pressure,04-14,8272,101718.0,101579.0,101885.0,100784.0,2193.0,0.426
H,Pressure,04-15,8365,102082.0,101968.0,102233.0,100784.0,2193.0,0.592
H,Pressure,04-16,8415,102352.0,102229.0,102442.0,100784.0,2193.0,0.715
H,Pressure,04-17,8515,101507.0,101236.0,102042.0,100784.0,2193.0,0.33
H,Pressure,04-18,8561,101269.0,101221.0,101327.0,100784.0,2193.0,0.221
H,Pressure,04-19,5960,101232.0,101191.0,101285.0,100784.0,2193.0,0.204
H,Pressure,04-20,4847,100885.0,100844.0,101185.0,100784.0,2193.0,0.046
H,Pressure,04-21,8293,100670.0,100491.0,100797.0,100784.0,2193.0,-0.052
H,Pressure,04-22,8573,100265.0,100071.0,100497.0,100784.0,2193.0,-0.237
H,Pressure,04-23,8263,99857.0,99773.4,100065.0,100784.0,2193.0,-0.423
H,Pressure,04-24,8255,100438.0,100112.0,100840.0,100784.0,2193.0,-0.158
H,Pressure,04-25,8254,101162.0,100990.0,101368.0,100784.0,2193.0,0.172
H,Pressure,04-26,8541,101722.0,101500.0,101897.0,100784.0,2193.0,0.428
H,Pressure,04-27,8107,102272.0,102100.0,102467.0,100784.0,2193.0,0.679
H,Pressure,04-28,8599,102613.0,102495.0,102688.0,100784.0,2193.0,0.834
H,Pressure,04-29,8232,102682.0,102627.0,102727.0,100784.0,2193.0,0.865
H,Pressure,04-30,8586,102459.0,102133.0,102668.0,100784.0,2193.0,0.764
A,Light,03-01,8620,2154.0,24.0,2199.0,74.0,2683.0,0.775
A,Light,03-02,8615,2144.0,10.0,2178.6,74.0,2683.0,0.772
A,Light,03-03,8618,2173.0,2153.0,2201.0,74.0,2683.0,0.782
A,Light,03-04,8613,2169.0,53.0,2339.0,74.0,2683.0,0.781
A,Light,03-05,8616,116.0,53.0,2194.0,74.0,2683.0,0.016
A,Light,03-06,8615,94.0,0.0,2195.0,74.0,2683.0,0.007
A,Light,03-07,8611,17.0,0.0,2505.0,74.0,2683.0,-0.021
A,Light,03-08,8616,28.0,11.0,2226.0,74.0,2683.0,-0.017
A,Light,03-09,8617,49.0,0.0,2203.0,74.0,2683.0,-0.009
A,Light,03-10,8603,25.0,0.0,2372.0,74.0,2683.0,-0.018
A,Light,03-11,8602,4.0,0.0,2644.0,74.0,2683.0,-0.026
A,Light,03-12,8257,28.0,0.0,2723.0,74.0,2683.0,-0.017
A,Light,03-13,8621,2609.0,0.0,2786.0,74.0,2683.0,0.945
A,Light,03-14,8614,2598.0,0.0,2962.0,74.0,2683.0,0.941
A,Light,03-15,8614,2612.0,0.0,2788.0,74.0,2683.0,0.946
A,Light,03-16,8612,41.0,0.0,2668.0,74.0,2683.0,-0.012
A,Light,03-17,6316,89.0,0.0,2869.5,74.0,2683.0,0.006
A,Light,03-18,5086,2696.0,44.0,3034.0,74.0,2683.0,0.977
A,Light,03-19,8617,31.0,0.0,423.0,74.0,2683.0,-0.016
A,Light,03-20,8617,287.0,11.0,2878.4,74.0,2683.0,0.079
A,Light,03-21,8608,257.0,0.0,2777.0,74.0,2683.0,0.068
A,Light,03-22,8615,2607.0,0.0,2880.0,74.0,2683.0,0.944
A,Light,03-23,8589,85.0,10.0,2806.0,74.0,2683.0,0.004
A,Light,03-24,8611,67.0,0.0,2865.0,74.0,2683.0,-0.003
A,Light,03-25,8604,102.0,0.0,2778.0,74.0,2683.0,0.01
A,Light,03-26,8618,214.0,10.0,2910.0,74.0,2683.0,0.052
A,Light,03-27,8621,80.0,0.0,2596.0,74.0,2683.0,0.002
A,Light,03-28,8618,31.0,0.0,2642.0,74.0,2683.0,-0.016
A,Light,03-29,8609,30.0,0.0,2674.0,74.0,2683.0,-0.016
A,Light,03-30,8245,41.0,0.0,2721.0,74.0,2683.0,-0.012
A,Light,03-31,8609,2578.0,0.0,2795.0,74.0,2683.0,0.933
A,Light,04-01,8617,47.0,0.0,2806.0,74.0,2683.0,-0.01
A,Light,04-02,8207,27.0,22.0,145.0,74.0,2683.0,-0.018
A,Light,04-03,8618,30.0,18.0,167.0,74.0,2683.0,-0.016
A,Light,04-04,8614,2558.0,0.0,2733.0,74.0,2683.0,0.926
A,Light,04-05,8614,125.0,0.0,2677.0,74.0,2683.0,0.019
A,Light,04-06,8617,53.0,4.0,300.4,74.0,2683.0,-0.008
A,Light,04-07,8616,2555.0,16.0,2740.0,74.0,2683.0,0.925
A,Light,04-08,8615,36.0,1.0,2778.0,74.0,2683.0,-0.014
A,Light,04-09,8620,56.0,1.0,304.0,74.0,2683.0,-0.007
A,Light,04-10,8620,18.0,1.0,2754.0,74.0,2683.0,-0.021
A,Light,04-11,8612,77.0,1.0,2685.0,74.0,2683.0,0.001
A,Light,04-12,8610,2553.0,0.0,2659.0,74.0,2683.0,0.924
A,Light,04-13,8599,47.0,0.0,2703.0,74.0,2683.0,-0.01
A,Light,04-14,8607,38.0,7.0,2683.0,74.0,2683.0,-0.013
A,Light,04-15,8616,67.0,22.0,342.0,74.0,2683.0,-0.003
A,Light,04-16,8619,71.0,9.0,2827.0,74.0,2683.0,-0.001
A,Light,04-17,8618,32.5,9.0,286.0,74.0,2683.0,-0.015
A,Light,04-18,8614,48.0,9.0,191.0,74.0,2683.0,-0.01
A,Light,04-19,6012,99.0,31.0,189.0,74.0,2683.0,0.009
A,Light,04-20,5005,2612.0,15.0,2819.0,74.0,2683.0,0.946
A,Light,04-21,8615,145.0,0.0,2764.0,74.0,2683.0,0.026
A,Light,04-22,8616,21.5,0.0,2646.0,74.0,2683.0,-0.02
A,Light,04-23,8262,16.0,5.0,158.9,74.0,2683.0,-0.022
A,Light,04-24,8263,32.0,5.0,265.0,74.0,2683.0,-0.016
A,Light,04-25,8564,133.0,4.0,2766.0,74.0,2683.0,0.022
A,Light,04-26,8600,113.0,0.0,2760.0,74.0,2683.0,0.015
A,Light,04-27,8188,2579.0,0.0,2644.0,74.0,2683.0,0.934
A,Light,04-28,8604,115.0,0.0,2718.0,74.0,2683.0,0.015
A,Light,04-29,8597,156.0,5.0,2689.0,74.0,2683.0,0.031
A,Light,04-30,8609,44.0,5.0,204.2,74.0,2683.0,-0.011
B,Light,03-01,8584,18.0,0.0,650.0,8.0,669.0,0.015
B,Light,03-02,8249,18.0,0.0,663.0,8.0,669.0,0.015
B,Light,03-03,7207,654.0,0.0,662.0,8.0,669.0,0.966
B,Light,03-04,7804,656.0,0.0,669.7,8.0,669.0,0.969
B,Light,03-05,8285,5.0,0.0,644.0,8.0,669.0,-0.004
B,Light,03-06,8332,0.0,0.0,25.0,8.0,669.0,-0.012
B,Light,03-07,8281,0.0,0.0,661.0,8.0,669.0,-0.012
B,Light,03-08,8563,5.0,0.0,660.0,8.0,669.0,-0.004
B,Light,03-09,8247,19.0,0.0,670.0,8.0,669.0,0.016
B,Light,03-10,7404,4.0,0.0,673.0,8.0,669.0,-0.006
B,Light,03-11,6836,4.0,0.0,664.0,8.0,669.0,-0.006
B,Light,03-12,7917,0.0,0.0,28.0,8.0,669.0,-0.012
B,Light,03-13,8600,0.0,0.0,31.0,8.0,669.0,-0.012
B,Light,03-14,8480,661.0,0.0,685.0,8.0,669.0,0.976
B,Light,03-15,7366,624.0,0.0,681.0,8.0,669.0,0.921
B,Light,03-16,8248,650.5,0.0,665.0,8.0,669.0,0.96
B,Light,03-17,5563,624.0,0.0,684.0,8.0,669.0,0.921
B,Light,03-18,4641,658.0,648.0,684.0,8.0,669.0,0.972
B,Light,03-19,8425,651.0,0.0,677.0,8.0,669.0,0.961
B,Light,03-20,8500,258.0,0.0,662.0,8.0,669.0,0.374
B,Light,03-21,8066,4.0,0.0,677.0,8.0,669.0,-0.006
B,Light,03-22,7298,659.0,4.0,687.0,8.0,669.0,0.973
B,Light,03-23,7062,271.0,0.0,680.0,8.0,669.0,0.393
B,Light,03-24,7008,12.0,4.0,634.0,8.0,669.0,0.006
B,Light,03-25,8368,171.5,0.0,641.0,8.0,669.0,0.244
B,Light,03-26,8582,2.0,0.0,30.0,8.0,669.0,-0.009
B,Light,03-27,8615,2.0,0.0,33.0,8.0,669.0,-0.009
B,Light,03-28,8478,4.0,0.0,646.0,8.0,669.0,-0.006
B,Light,03-29,8375,0.0,0.0,621.0,8.0,669.0,-0.012
B,Light,03-30,7930,0.0,0.0,633.0,8.0,669.0,-0.012
B,Light,03-31,8453,445.0,0.0,465.0,8.0,669.0,0.653
B,Light,04-01,8620,449.0,0.0,476.0,8.0,669.0,0.659
B,Light,04-02,8213,1.0,0.0,37.0,8.0,669.0,-0.01
B,Light,04-03,8615,3.0,0.0,31.0,8.0,669.0,-0.007
B,Light,04-04,8614,2.0,0.0,513.0,8.0,669.0,-0.009
B,Light,04-05,8443,3.0,0.0,536.0,8.0,669.0,-0.007
B,Light,04-06,8331,2.0,0.0,521.0,8.0,669.0,-0.009
B,Light,04-07,8216,2.0,0.0,528.0,8.0,669.0,-0.009
B,Light,04-08,8070,1.0,0.0,526.0,8.0,669.0,-0.01
B,Light,04-09,8613,7.0,0.0,32.0,8.0,669.0,-0.001
B,Light,04-10,8616,4.0,0.0,40.0,8.0,669.0,-0.006
B,Light,04-11,8532,496.0,0.0,526.0,8.0,669.0,0.729
B,Light,04-12,8608,499.0,493.0,512.0,8.0,669.0,0.734
B,Light,04-13,8241,502.0,493.0,526.0,8.0,669.0,0.738
B,Light,04-14,8352,496.0,0.0,522.0,8.0,669.0,0.729
B,Light,04-15,8505,8.0,0.0,504.0,8.0,669.0,0.0
B,Light,04-16,7915,5.0,0.0,38.0,8.0,669.0,-0.004
B,Light,04-17,8104,7.0,4.0,60.0,8.0,669.0,-0.001
B,Light,04-18,8372,7.0,4.0,42.0,8.0,669.0,-0.001
B,Light,04-19,5534,156.0,4.0,514.0,8.0,669.0,0.221
B,Light,04-20,4899,515.0,0.0,531.0,8.0,669.0,0.758
B,Light,04-21,7451,3.0,0.0,533.0,8.0,669.0,-0.007
B,Light,04-22,8484,13.0,0.0,343.0,8.0,669.0,0.007
B,Light,04-23,8258,14.0,12.0,36.0,8.0,669.0,0.009
B,Light,04-24,8258,19.0,0.0,43.0,8.0,669.0,0.016
B,Light,04-25,8155,4.0,0.0,355.0,8.0,669.0,-0.006
B,Light,04-26,7737,3.0,0.0,363.0,8.0,669.0,-0.007
B,Light,04-27,8094,343.0,0.0,356.0,8.0,669.0,0.501
B,Light,04-28,8593,349.0,340.0,368.0,8.0,669.0,0.51
B,Light,04-29,7409,349.0,0.0,388.0,8.0,669.0,0.51
B,Light,04-30,8368,8.0,0.0,71.0,8.0,669.0,0.0
C,Light,03-01,8618,907.0,873.0,1361.0,876.0,4039.0,0.008
C,Light,03-02,8620,890.0,36.0,1432.0,876.0,4039.0,0.003
C,Light,03-03,8618,888.0,35.0,1508.0,876.0,4039.0,0.003
C,Light,03-04,8617,902.0,879.0,5730.8,876.0,4039.0,0.006
C,Light,03-05,8616,919.0,34.0,4351.5,876.0,4039.0,0.011
C,Light,03-06,8613,67.0,0.0,2295.0,876.0,4039.0,-0.2
C,Light,03-07,8613,37.0,0.0,6451.2,876.0,4039.0,-0.208
C,Light,03-08,8614,136.5,15.0,3645.4,876.0,4039.0,-0.183
C,Light,03-09,8616,873.5,0.0,2344.5,876.0,4039.0,-0.001
C,Light,03-10,8605,865.0,0.0,4145.2,876.0,4039.0,-0.003
C,Light,03-11,8598,92.0,0.0,1635.0,876.0,4039.0,-0.194
C,Light,03-12,8261,870.0,0.0,5472.0,876.0,4039.0,-0.001
C,Light,03-13,8622,878.0,0.0,5516.7,876.0,4039.0,0.0
C,Light,03-14,8613,877.0,0.0,8465.0,876.0,4039.0,0.0
C,Light,03-15,8611,900.0,0.0,4219.0,876.0,4039.0,0.006
C,Light,03-16,8606,873.0,1.0,1342.0,876.0,4039.0,-0.001
C,Light,03-17,6313,1179.0,0.0,8706.0,876.0,4039.0,0.075
C,Light,03-18,5095,2864.0,879.0,9224.2,876.0,4039.0,0.492
C,Light,03-19,8617,184.0,0.0,7706.0,876.0,4039.0,-0.171
C,Light,03-20,8610,69.0,14.0,7912.2,876.0,4039.0,-0.2
C,Light,03-21,8610,887.0,0.0,5087.3,876.0,4039.0,0.003
C,Light,03-22,8597,872.0,0.0,9120.4,876.0,4039.0,-0.001
C,Light,03-23,8606,846.0,11.0,8865.0,876.0,4039.0,-0.007
C,Light,03-24,8612,960.0,0.0,8315.5,876.0,4039.0,0.021
C,Light,03-25,8604,886.0,0.0,7543.8,876.0,4039.0,0.002
C,Light,03-26,8619,102.0,8.0,5725.0,876.0,4039.0,-0.192
C,Light,03-27,8621,114.0,0.0,5844.0,876.0,4039.0,-0.189
C,Light,03-28,8610,246.5,0.0,6264.1,876.0,4039.0,-0.156
C,Light,03-29,8610,29.0,0.0,2468.1,876.0,4039.0,-0.21
C,Light,03-30,8252,957.0,0.0,6665.9,876.0,4039.0,0.02
C,Light,03-31,8616,458.5,0.0,6513.0,876.0,4039.0,-0.103
C,Light,04-01,8614,355.5,0.0,7118.2,876.0,4039.0,-0.129
C,Light,04-02,8213,119.0,27.0,3448.6,876.0,4039.0,-0.187
C,Light,04-03,8620,243.0,21.0,5017.1,876.0,4039.0,-0.157
C,Light,04-04,8618,969.0,0.0,7098.6,876.0,4039.0,0.023
C,Light,04-05,8621,958.0,0.0,6756.0,876.0,4039.0,0.02
C,Light,04-06,8621,1072.0,14.0,5266.0,876.0,4039.0,0.049
C,Light,04-07,8620,930.0,14.0,5780.1,876.0,4039.0,0.013
C,Light,04-08,8616,952.0,0.0,7007.0,876.0,4039.0,0.019
C,Light,04-09,8620,976.0,0.0,9700.5,876.0,4039.0,0.025
C,Light,04-10,8621,269.0,0.0,6564.0,876.0,4039.0,-0.15
C,Light,04-11,8619,1017.0,0.0,5164.2,876.0,4039.0,0.035
C,Light,04-12,8619,141.0,0.0,3201.0,876.0,4039.0,-0.182
C,Light,04-13,8606,1078.0,0.0,5568.0,876.0,4039.0,0.05
C,Light,04-14,8604,263.0,3.0,5675.7,876.0,4039.0,-0.152
C,Light,04-15,8614,469.5,27.0,10739.9,876.0,4039.0,-0.101
C,Light,04-16,8613,556.0,12.0,10241.0,876.0,4039.0,-0.079
C,Light,04-17,8615,290.0,12.0,9427.0,876.0,4039.0,-0.145
C,Light,04-18,8620,386.0,12.0,6034.0,876.0,4039.0,-0.121
C,Light,04-19,6012,1795.0,39.0,5242.8,876.0,4039.0,0.228
C,Light,04-20,5007,1916.0,14.0,12617.4,876.0,4039.0,0.257
C,Light,04-21,8617,820.0,0.0,8553.6,876.0,4039.0,-0.014
C,Light,04-22,8621,246.0,0.0,2200.0,876.0,4039.0,-0.156
C,Light,04-23,8262,243.5,6.0,3735.8,876.0,4039.0,-0.157
C,Light,04-24,8264,411.5,6.0,8082.1,876.0,4039.0,-0.115
C,Light,04-25,8536,1264.0,3.0,6342.0,876.0,4039.0,0.096
C,Light,04-26,8605,586.0,0.0,7343.6,876.0,4039.0,-0.072
C,Light,04-27,8162,314.0,0.0,3245.9,876.0,4039.0,-0.139
C,Light,04-28,8597,1144.0,0.0,4906.8,876.0,4039.0,0.066
C,Light,04-29,8607,608.0,6.0,5842.8,876.0,4039.0,-0.066
C,Light,04-30,8610,598.5,6.0,8589.8,876.0,4039.0,-0.069
D,Light,03-01,8621,2.0,1.0,232.0,44.0,1678.2,-0.025
D,Light,03-02,8621,2.0,1.0,294.0,44.0,1678.2,-0.025
D,Light,03-03,8621,14.0,1.0,329.0,44.0,1678.2,-0.018
D,Light,03-04,8621,35.0,2.0,1593.0,44.0,1678.2,-0.005
D,Light,03-05,8621,31.0,2.0,3115.0,44.0,1678.2,-0.008
D,Light,03-06,8621,3.0,1.0,902.0,44.0,1678.2,-0.024
D,Light,03-07,8620,7.0,1.0,4329.2,44.0,1678.2,-0.022
D,Light,03-08,8622,4.0,2.0,1357.7,44.0,1678.2,-0.024
D,Light,03-09,8621,44.0,1.0,807.0,44.0,1678.2,0.0
D,Light,03-10,8621,44.0,1.0,1353.0,44.0,1678.2,0.0
D,Light,03-11,8620,15.0,1.0,417.0,44.0,1678.2,-0.017
D,Light,03-12,8261,38.0,1.0,2390.0,44.0,1678.2,-0.004
D,Light,03-13,8621,8.0,1.0,2570.0,44.0,1678.2,-0.021
D,Light,03-14,8621,46.0,1.0,4964.0,44.0,1678.2,0.001
D,Light,03-15,8621,46.0,1.0,2153.0,44.0,1678.2,0.001
D,Light,03-16,8621,7.0,2.0,258.0,44.0,1678.2,-0.022
D,Light,03-17,6319,216.0,1.0,3847.0,44.0,1678.2,0.102
D,Light,03-18,5113,1188.0,2.0,6022.2,44.0,1678.2,0.682
D,Light,03-19,8617,51.0,1.0,4987.0,44.0,1678.2,0.004
D,Light,03-20,8621,40.0,1.0,4272.0,44.0,1678.2,-0.002
D,Light,03-21,8622,45.0,1.0,3220.0,44.0,1678.2,0.001
D,Light,03-22,8621,68.0,1.0,4979.0,44.0,1678.2,0.014
D,Light,03-23,8622,91.5,1.0,22804.2,44.0,1678.2,0.028
D,Light,03-24,8622,187.5,7.0,7618.2,44.0,1678.2,0.086
D,Light,03-25,8621,242.0,6.0,18707.0,44.0,1678.2,0.118
D,Light,03-26,8621,237.0,6.0,25229.0,44.0,1678.2,0.115
D,Light,03-27,8620,248.5,6.0,17363.1,44.0,1678.2,0.122
D,Light,03-28,8621,177.0,6.0,7367.0,44.0,1678.2,0.079
D,Light,03-29,8621,54.0,6.0,1715.0,44.0,1678.2,0.006
D,Light,03-30,8258,94.0,6.0,5673.9,44.0,1678.2,0.03
D,Light,03-31,8616,318.0,6.0,6378.5,44.0,1678.2,0.163
D,Light,04-01,8621,312.0,6.0,8457.0,44.0,1678.2,0.16
D,Light,04-02,8212,141.0,6.0,3596.9,44.0,1678.2,0.058
D,Light,04-03,8620,323.5,6.0,6863.5,44.0,1678.2,0.167
D,Light,04-04,8620,139.0,6.0,6353.3,44.0,1678.2,0.057
D,Light,04-05,8621,128.0,0.0,3850.0,44.0,1678.2,0.05
D,Light,04-06,8621,67.0,0.0,1727.0,44.0,1678.2,0.014
D,Light,04-07,8621,92.0,0.0,1644.0,44.0,1678.2,0.029
D,Light,04-08,8620,124.0,0.0,7985.7,44.0,1678.2,0.048
D,Light,04-09,8621,496.0,6.0,8438.0,44.0,1678.2,0.269
D,Light,04-10,8620,404.5,6.0,8707.5,44.0,1678.2,0.215
D,Light,04-11,8621,461.0,6.0,3676.0,44.0,1678.2,0.248
D,Light,04-12,8598,84.0,0.0,1724.0,44.0,1678.2,0.024
D,Light,04-13,8620,751.0,0.0,1537.0,44.0,1678.2,0.421
D,Light,04-14,8621,759.0,1.0,1398.0,44.0,1678.2,0.426
D,Light,04-15,8619,199.0,0.0,2688.2,44.0,1678.2,0.092
D,Light,04-16,8619,171.0,0.0,2420.0,44.0,1678.2,0.076
D,Light,04-17,8620,370.0,0.0,2279.1,44.0,1678.2,0.194
D,Light,04-18,8619,763.0,0.0,1863.8,44.0,1678.2,0.428
D,Light,04-19,6017,275.0,0.0,925.4,44.0,1678.2,0.138
D,Light,04-20,5011,958.0,758.0,3012.0,44.0,1678.2,0.545
D,Light,04-21,8621,400.0,0.0,3316.0,44.0,1678.2,0.212
D,Light,04-22,8620,757.0,1.0,1661.0,44.0,1678.2,0.425
D,Light,04-23,8263,213.0,1.0,3090.0,44.0,1678.2,0.101
D,Light,04-24,8263,383.0,1.0,3753.6,44.0,1678.2,0.202
D,Light,04-25,8621,773.0,1.0,2744.0,44.0,1678.2,0.434
D,Light,04-26,8622,203.0,0.0,2260.9,44.0,1678.2,0.095
D,Light,04-27,8246,284.5,0.0,984.0,44.0,1678.2,0.143
D,Light,04-28,8621,319.0,0.0,1700.0,44.0,1678.2,0.164
D,Light,04-29,8622,252.5,0.0,1469.0,44.0,1678.2,0.124
D,Light,04-30,8620,219.5,0.0,2203.0,44.0,1678.2,0.105
E,Light,03-01,8622,2.0,1.0,1226.0,47.0,4386.0,-0.01
E,Light,03-02,8621,2.0,1.0,1352.0,47.0,4386.0,-0.01
E,Light,03-03,8623,2567.0,1.0,3868.0,47.0,4386.0,0.575
E,Light,03-04,8622,2577.0,1.0,5635.7,47.0,4386.0,0.577
E,Light,03-05,8622,28.0,1.0,3926.6,47.0,4386.0,-0.004
E,Light,03-06,8622,1.0,1.0,885.9,47.0,4386.0,-0.01
E,Light,03-07,8622,5.0,1.0,6564.0,47.0,4386.0,-0.01
E,Light,03-08,8623,3.0,1.0,5222.8,47.0,4386.0,-0.01
E,Light,03-09,8621,160.0,1.0,4354.0,47.0,4386.0,0.026
E,Light,03-10,8622,81.0,1.0,5101.0,47.0,4386.0,0.008
E,Light,03-11,8618,11.0,1.0,3889.0,47.0,4386.0,-0.008
E,Light,03-12,8262,118.0,1.0,2649.0,47.0,4386.0,0.016
E,Light,03-13,8621,5.0,1.0,2279.0,47.0,4386.0,-0.01
E,Light,03-14,8620,448.5,1.0,6417.1,47.0,4386.0,0.092
E,Light,03-15,8623,324.0,1.0,4694.8,47.0,4386.0,0.063
E,Light,03-16,8622,5.0,1.0,3777.0,47.0,4386.0,-0.01
E,Light,03-17,6320,424.0,1.0,6653.1,47.0,4386.0,0.086
E,Light,03-18,5114,4731.5,1.0,7072.4,47.0,4386.0,1.068
E,Light,03-19,8621,71.0,1.0,3396.0,47.0,4386.0,0.005
E,Light,03-20,8621,35.0,1.0,3581.0,47.0,4386.0,-0.003
E,Light,03-21,8622,68.0,1.0,5119.0,47.0,4386.0,0.005
E,Light,03-22,8622,43.5,1.0,5987.0,47.0,4386.0,-0.001
E,Light,03-23,8623,237.0,1.0,6347.8,47.0,4386.0,0.043
E,Light,03-24,8617,251.0,1.0,5979.4,47.0,4386.0,0.047
E,Light,03-25,8622,699.0,1.0,6142.0,47.0,4386.0,0.149
E,Light,03-26,8622,189.5,1.0,3827.3,47.0,4386.0,0.032
E,Light,03-27,8620,64.0,1.0,3373.0,47.0,4386.0,0.004
E,Light,03-28,8622,246.5,1.0,5731.0,47.0,4386.0,0.045
E,Light,03-29,8621,43.0,1.0,4027.0,47.0,4386.0,-0.001
E,Light,03-30,8260,200.0,1.0,5158.1,47.0,4386.0,0.035
E,Light,03-31,8621,421.0,1.0,6372.0,47.0,4386.0,0.085
E,Light,04-01,8621,98.0,1.0,6071.0,47.0,4386.0,0.012
E,Light,04-02,8212,39.0,1.0,1883.0,47.0,4386.0,-0.002
E,Light,04-03,8620,60.0,1.0,1354.1,47.0,4386.0,0.003
E,Light,04-04,8620,34.0,1.0,5154.2,47.0,4386.0,-0.003
E,Light,04-05,8621,77.0,1.0,5977.0,47.0,4386.0,0.007
E,Light,04-06,8621,506.0,1.0,6750.0,47.0,4386.0,0.105
E,Light,04-07,8621,197.0,1.0,6066.0,47.0,4386.0,0.034
E,Light,04-08,8620,198.0,1.0,7334.1,47.0,4386.0,0.034
E,Light,04-09,8621,835.0,1.0,5405.0,47.0,4386.0,0.18
E,Light,04-10,8620,273.5,1.0,4297.0,47.0,4386.0,0.052
E,Light,04-11,8620,289.0,1.0,5734.0,47.0,4386.0,0.055
E,Light,04-12,8621,73.0,1.0,4750.0,47.0,4386.0,0.006
E,Light,04-13,8620,3719.0,1.0,5052.2,47.0,4386.0,0.837
E,Light,04-14,8621,3798.0,1.0,5617.0,47.0,4386.0,0.855
E,Light,04-15,8621,532.0,1.0,7581.0,47.0,4386.0,0.111
E,Light,04-16,8620,440.0,1.0,5219.1,47.0,4386.0,0.09
E,Light,04-17,8620,966.5,1.0,5158.0,47.0,4386.0,0.21
E,Light,04-18,8621,3711.0,1.0,6768.0,47.0,4386.0,0.835
E,Light,04-19,6017,1097.0,1.0,3700.0,47.0,4386.0,0.239
E,Light,04-20,5011,4499.0,3646.0,8367.0,47.0,4386.0,1.015
E,Light,04-21,8621,1088.0,1.0,7265.0,47.0,4386.0,0.237
E,Light,04-22,8620,3449.0,1.0,4790.1,47.0,4386.0,0.776
E,Light,04-23,8263,204.0,1.0,5363.6,47.0,4386.0,0.036
E,Light,04-24,8263,1693.0,1.0,4459.0,47.0,4386.0,0.375
E,Light,04-25,8621,3711.0,1.0,6024.0,47.0,4386.0,0.835
E,Light,04-26,8621,409.0,1.0,5479.0,47.0,4386.0,0.083
E,Light,04-27,8242,433.0,1.0,4356.0,47.0,4386.0,0.088
E,Light,04-28,8621,2548.0,1.0,4605.0,47.0,4386.0,0.57
E,Light,04-29,8614,2618.0,1.0,4346.0,47.0,4386.0,0.586
E,Light,04-30,8615,346.0,1.0,2503.0,47.0,4386.0,0.068
F,Light,03-01,8621,4.0,3.0,166.0,5.0,1721.0,-0.001
F,Light,03-02,8621,4.0,0.0,221.0,5.0,1721.0,-0.001
F,Light,03-03,8621,3.0,0.0,267.0,5.0,1721.0,-0.001
F,Light,03-04,8621,1.0,0.0,1516.0,5.0,1721.0,-0.002
F,Light,03-05,8621,1.0,0.0,1888.0,5.0,1721.0,-0.002
F,Light,03-06,8621,1.0,0.0,791.0,5.0,1721.0,-0.002
F,Light,03-07,8610,1.0,0.0,2042.2,5.0,1721.0,-0.002
F,Light,03-08,8616,2.0,0.0,1374.0,5.0,1721.0,-0.002
F,Light,03-09,8614,1.0,0.0,645.7,5.0,1721.0,-0.002
F,Light,03-10,8597,4.0,0.0,1127.2,5.0,1721.0,-0.001
F,Light,03-11,8599,4.0,0.0,1709.0,5.0,1721.0,-0.001
F,Light,03-12,8257,16.0,0.0,1525.4,5.0,1721.0,0.006
F,Light,03-13,8621,6.0,0.0,2213.0,5.0,1721.0,0.001
F,Light,03-14,8606,12.0,0.0,2272.0,5.0,1721.0,0.004
F,Light,03-15,8615,100.0,0.0,2999.4,5.0,1721.0,0.055
F,Light,03-16,8616,5.0,0.0,1558.0,5.0,1721.0,0.0
F,Light,03-17,6315,139.0,0.0,2659.6,5.0,1721.0,0.078
F,Light,03-18,5101,781.0,0.0,2811.0,5.0,1721.0,0.451
F,Light,03-19,8621,26.0,0.0,2228.0,5.0,1721.0,0.012
F,Light,03-20,8621,33.0,0.0,2175.0,5.0,1721.0,0.016
F,Light,03-21,8603,1440.0,0.0,3151.6,5.0,1721.0,0.834
F,Light,03-22,8599,1448.0,4.0,3915.0,5.0,1721.0,0.838
F,Light,03-23,8577,1438.0,3.0,3521.6,5.0,1721.0,0.833
F,Light,03-24,8605,1439.0,0.0,2109.6,5.0,1721.0,0.833
F,Light,03-25,8602,461.0,0.0,4074.0,5.0,1721.0,0.265
F,Light,03-26,8620,67.0,0.0,2362.3,5.0,1721.0,0.036
F,Light,03-27,8617,77.0,0.0,2438.4,5.0,1721.0,0.042
F,Light,03-28,8617,42.0,0.0,3789.4,5.0,1721.0,0.021
F,Light,03-29,8615,11.0,0.0,1613.6,5.0,1721.0,0.003
F,Light,03-30,8253,201.0,0.0,3066.8,5.0,1721.0,0.114
F,Light,03-31,8618,1445.0,0.0,3084.3,5.0,1721.0,0.837
F,Light,04-01,8617,1437.0,0.0,3116.4,5.0,1721.0,0.832
F,Light,04-02,8208,42.0,0.0,1080.0,5.0,1721.0,0.021
F,Light,04-03,8620,92.0,0.0,1410.0,5.0,1721.0,0.051
F,Light,04-04,8621,37.0,0.0,3186.0,5.0,1721.0,0.019
F,Light,04-05,8620,56.0,0.0,1476.2,5.0,1721.0,0.03
F,Light,04-06,8621,674.0,0.0,2926.0,5.0,1721.0,0.389
F,Light,04-07,8619,97.0,0.0,1317.4,5.0,1721.0,0.053
F,Light,04-08,8620,429.0,0.0,1776.1,5.0,1721.0,0.246
F,Light,04-09,8620,212.5,0.0,1918.3,5.0,1721.0,0.121
F,Light,04-10,8621,134.0,0.0,1854.0,5.0,1721.0,0.075
F,Light,04-11,8616,386.0,0.0,2374.5,5.0,1721.0,0.221
F,Light,04-12,8618,53.0,0.0,1930.3,5.0,1721.0,0.028
F,Light,04-13,8603,257.0,0.0,2706.0,5.0,1721.0,0.146
F,Light,04-14,8615,76.0,0.0,2348.6,5.0,1721.0,0.041
F,Light,04-15,8619,263.0,0.0,1919.2,5.0,1721.0,0.15
F,Light,04-16,8621,222.0,0.0,2200.0,5.0,1721.0,0.126
F,Light,04-17,8619,126.0,3.0,2150.2,5.0,1721.0,0.07
F,Light,04-18,8619,131.0,3.0,1528.2,5.0,1721.0,0.073
F,Light,04-19,6016,359.0,3.0,1070.0,5.0,1721.0,0.206
F,Light,04-20,5008,1264.0,3.0,3639.3,5.0,1721.0,0.732
F,Light,04-21,8620,305.0,0.0,1981.1,5.0,1721.0,0.174
F,Light,04-22,8620,94.0,0.0,1852.0,5.0,1721.0,0.052
F,Light,04-23,8263,107.0,0.0,1121.8,5.0,1721.0,0.059
F,Light,04-24,8264,189.5,0.0,1695.4,5.0,1721.0,0.107
F,Light,04-25,8528,1446.0,0.0,2833.0,5.0,1721.0,0.837
F,Light,04-26,8598,1450.0,0.0,2239.0,5.0,1721.0,0.84
F,Light,04-27,8162,99.0,0.0,2021.0,5.0,1721.0,0.055
F,Light,04-28,8596,217.0,0.0,1312.5,5.0,1721.0,0.123
F,Light,04-29,8587,304.0,0.0,1406.4,5.0,1721.0,0.174
F,Light,04-30,8618,342.0,0.0,1921.0,5.0,1721.0,0.196
G,Light,03-01,8620,1396.0,1337.0,1472.0,139.0,1514.0,0.83
G,Light,03-02,8619,1326.0,129.0,1413.0,139.0,1514.0,0.784
G,Light,03-03,8617,1392.0,1337.0,1483.0,139.0,1514.0,0.828
G,Light,03-04,8616,1419.0,1354.0,1647.0,139.0,1514.0,0.845
G,Light,03-05,8617,1422.0,1384.0,1737.0,139.0,1514.0,0.847
G,Light,03-06,8614,1392.0,2.0,1587.0,139.0,1514.0,0.828
G,Light,03-07,8608,17.0,2.0,1874.0,139.0,1514.0,-0.081
G,Light,03-08,8600,186.0,16.0,1638.0,139.0,1514.0,0.031
G,Light,03-09,8606,165.0,2.0,1613.0,139.0,1514.0,0.017
G,Light,03-10,8593,120.0,2.0,1528.0,139.0,1514.0,-0.013
G,Light,03-11,8599,22.0,1.0,1508.0,139.0,1514.0,-0.077
G,Light,03-12,8258,57.0,1.0,380.0,139.0,1514.0,-0.054
G,Light,03-13,8618,344.0,1.0,1452.0,139.0,1514.0,0.135
G,Light,03-14,8612,151.0,1.0,1453.0,139.0,1514.0,0.008
G,Light,03-15,8609,467.0,1.0,1677.0,139.0,1514.0,0.217
G,Light,03-16,8606,76.0,2.0,1459.0,139.0,1514.0,-0.042
G,Light,03-17,6300,251.0,2.0,1848.0,139.0,1514.0,0.074
G,Light,03-18,5102,1419.0,32.0,1811.0,139.0,1514.0,0.845
G,Light,03-19,8613,242.0,2.0,1790.0,139.0,1514.0,0.068
G,Light,03-20,8611,42.0,16.0,430.0,139.0,1514.0,-0.064
G,Light,03-21,8593,1435.0,2.0,1877.0,139.0,1514.0,0.856
G,Light,03-22,8606,1421.0,2.0,1891.0,139.0,1514.0,0.847
G,Light,03-23,8603,309.0,14.0,1875.0,139.0,1514.0,0.112
G,Light,03-24,8610,201.0,2.0,1865.0,139.0,1514.0,0.041
G,Light,03-25,8602,1420.0,2.0,1895.0,139.0,1514.0,0.846
G,Light,03-26,8614,1444.0,1370.0,1844.0,139.0,1514.0,0.862
G,Light,03-27,8616,271.0,2.0,1840.0,139.0,1514.0,0.087
G,Light,03-28,8610,98.5,2.0,1518.0,139.0,1514.0,-0.027
G,Light,03-29,8604,11.0,2.0,1596.0,139.0,1514.0,-0.085
G,Light,03-30,8244,122.0,2.0,1887.0,139.0,1514.0,-0.011
G,Light,03-31,8609,1456.0,2.0,1870.0,139.0,1514.0,0.87
G,Light,04-01,8600,162.5,2.0,1849.0,139.0,1514.0,0.016
G,Light,04-02,8192,29.0,10.0,403.0,139.0,1514.0,-0.073
G,Light,04-03,8608,344.0,10.0,1391.0,139.0,1514.0,0.135
G,Light,04-04,8607,1431.0,2.0,1928.0,139.0,1514.0,0.853
G,Light,04-05,8609,103.0,2.0,572.0,139.0,1514.0,-0.024
G,Light,04-06,8604,165.0,9.0,1710.0,139.0,1514.0,0.017
G,Light,04-07,8618,1409.0,15.0,1844.3,139.0,1514.0,0.839
G,Light,04-08,8615,58.0,2.0,1913.0,139.0,1514.0,-0.054
G,Light,04-09,8617,354.0,2.0,1899.0,139.0,1514.0,0.142
G,Light,04-10,8616,72.0,2.0,1877.5,139.0,1514.0,-0.044
G,Light,04-11,8611,269.0,2.0,1825.0,139.0,1514.0,0.086
G,Light,04-12,8609,33.0,2.0,1758.0,139.0,1514.0,-0.07
G,Light,04-13,8589,1407.0,2.0,1826.0,139.0,1514.0,0.838
G,Light,04-14,8605,47.0,3.0,1870.0,139.0,1514.0,-0.061
G,Light,04-15,8607,105.0,10.0,522.0,139.0,1514.0,-0.022
G,Light,04-16,8608,131.0,9.0,577.0,139.0,1514.0,-0.005
G,Light,04-17,8608,97.0,14.0,554.0,139.0,1514.0,-0.028
G,Light,04-18,8611,91.0,14.0,531.0,139.0,1514.0,-0.032
G,Light,04-19,6014,268.0,21.0,495.0,139.0,1514.0,0.085
G,Light,04-20,4996,1531.0,15.0,1906.0,139.0,1514.0,0.919
G,Light,04-21,8614,173.5,2.0,590.0,139.0,1514.0,0.023
G,Light,04-22,8619,1319.0,2.0,1608.0,139.0,1514.0,0.779
G,Light,04-23,8259,1351.0,1312.0,1778.0,139.0,1514.0,0.801
G,Light,04-24,8247,1407.0,1315.0,1847.0,139.0,1514.0,0.838
G,Light,04-25,8526,1427.0,3.0,1907.0,139.0,1514.0,0.851
G,Light,04-26,8595,459.0,2.0,1858.0,139.0,1514.0,0.211
G,Light,04-27,8157,488.0,2.0,1759.0,139.0,1514.0,0.231
G,Light,04-28,8600,1320.0,2.0,1915.0,139.0,1514.0,0.78
G,Light,04-29,8571,1483.0,1318.0,1884.0,139.0,1514.0,0.888
G,Light,04-30,8614,1451.0,1309.0,1855.0,139.0,1514.0,0.867
H,Light,03-01,8600,2809.0,0.0,3679.0,100.0,3806.0,0.712
H,Light,03-02,8442,2790.0,1.0,3820.0,100.0,3806.0,0.707
H,Light,03-03,7835,3686.0,1.0,3778.0,100.0,3806.0,0.942
H,Light,03-04,8589,3636.0,0.0,3748.0,100.0,3806.0,0.929
H,Light,03-05,8590,10.0,0.0,2741.0,100.0,3806.0,-0.024
H,Light,03-06,8588,1.0,0.0,2752.0,100.0,3806.0,-0.026
H,Light,03-07,7949,0.0,0.0,3848.2,100.0,3806.0,-0.026
H,Light,03-08,8562,104.0,0.0,3870.0,100.0,3806.0,0.001
H,Light,03-09,8389,125.0,0.0,3791.0,100.0,3806.0,0.007
H,Light,03-10,8199,2744.0,0.0,3777.0,100.0,3806.0,0.695
H,Light,03-11,7525,100.0,2.0,3790.0,100.0,3806.0,0.0
H,Light,03-12,8147,3.0,0.0,55.0,100.0,3806.0,-0.025
H,Light,03-13,8615,1.0,0.0,58.0,100.0,3806.0,-0.026
H,Light,03-14,8504,3727.0,0.0,3842.0,100.0,3806.0,0.953
H,Light,03-15,8431,3623.0,0.0,3782.0,100.0,3806.0,0.926
H,Light,03-16,8409,3581.0,0.0,3723.0,100.0,3806.0,0.915
H,Light,03-17,6131,1146.0,0.0,3765.0,100.0,3806.0,0.275
H,Light,03-18,4370,2473.0,2418.0,3711.0,100.0,3806.0,0.623
H,Light,03-19,8560,2380.0,0.0,2503.0,100.0,3806.0,0.599
H,Light,03-20,7713,43.0,0.0,1005.0,100.0,3806.0,-0.015
H,Light,03-21,8018,98.0,0.0,3741.0,100.0,3806.0,-0.001
H,Light,03-22,7484,3698.0,98.0,3793.0,100.0,3806.0,0.945
H,Light,03-23,6608,1285.0,0.0,3788.0,100.0,3806.0,0.311
H,Light,03-24,7989,1300.0,98.0,3790.0,100.0,3806.0,0.315
H,Light,03-25,8528,227.0,0.0,3823.3,100.0,3806.0,0.033
H,Light,03-26,8620,4.0,0.0,48.0,100.0,3806.0,-0.025
H,Light,03-27,8611,4.0,0.0,57.0,100.0,3806.0,-0.025
H,Light,03-28,8233,4.0,0.0,3838.0,100.0,3806.0,-0.025
H,Light,03-29,7383,0.0,0.0,3708.0,100.0,3806.0,-0.026
H,Light,03-30,6692,1.0,0.0,3649.0,100.0,3806.0,-0.026
H,Light,03-31,4559,20.0,0.0,3575.0,100.0,3806.0,-0.021
H,Light,04-05,5247,19.0,0.0,3767.0,100.0,3806.0,-0.021
H,Light,04-06,8544,3.0,0.0,3723.0,100.0,3806.0,-0.025
H,Light,04-07,8481,7.0,1.0,3714.0,100.0,3806.0,-0.024
H,Light,04-08,8450,5.0,0.0,3633.0,100.0,3806.0,-0.025
H,Light,04-09,8571,14.0,0.0,98.0,100.0,3806.0,-0.023
H,Light,04-10,8504,10.0,0.0,81.0,100.0,3806.0,-0.024
H,Light,04-11,8561,1005.0,0.0,3701.0,100.0,3806.0,0.238
H,Light,04-12,7840,1088.0,926.0,2278.0,100.0,3806.0,0.26
H,Light,04-13,8133,937.0,830.0,3612.0,100.0,3806.0,0.22
H,Light,04-14,8272,833.0,0.0,3559.0,100.0,3806.0,0.193
H,Light,04-15,8365,22.0,0.0,853.0,100.0,3806.0,-0.02
H,Light,04-16,8415,100.0,2.0,164.0,100.0,3806.0,0.0
H,Light,04-17,8515,115.0,99.0,199.6,100.0,3806.0,0.004
H,Light,04-18,8561,107.0,99.0,175.0,100.0,3806.0,0.002
H,Light,04-19,5960,474.0,100.0,960.0,100.0,3806.0,0.098
H,Light,04-20,4847,3542.0,1.0,3602.0,100.0,3806.0,0.904
H,Light,04-21,8293,18.0,0.0,3524.0,100.0,3806.0,-0.022
H,Light,04-22,8573,2696.0,0.0,3511.0,100.0,3806.0,0.682
H,Light,04-23,8263,2670.0,2638.0,2706.0,100.0,3806.0,0.675
H,Light,04-24,8255,2681.0,0.0,2736.0,100.0,3806.0,0.678
H,Light,04-25,8254,10.0,0.0,3493.0,100.0,3806.0,-0.024
H,Light,04-26,8541,22.0,0.0,3482.0,100.0,3806.0,-0.02
H,Light,04-27,8107,3325.0,0.0,3456.0,100.0,3806.0,0.847
H,Light,04-28,8599,3401.0,818.0,3483.2,100.0,3806.0,0.867
H,Light,04-29,8232,3402.0,1.0,3476.0,100.0,3806.0,0.868
H,Light,04-30,8586,21.5,1.0,124.0,100.0,3806.0,-0.021
