2026-10-01 02:41:08,482 INFO  org.apache.flink.runtime.taskexecutor.TaskExecutor           [] - Receive slot request 43339e3eb01aaa761c7478bc98861963 for job 6905b0331435ca57a7b1b0b7790a30e1 from resource manager with leader id 00000000000000000000000000000000.
2026-10-01 02:41:08,485 INFO  org.apache.flink.runtime.taskexecutor.TaskExecutor           [] - Allocated slot for 43339e3eb01aaa761c7478bc98861963.
2026-10-01 02:41:08,486 INFO  org.apache.flink.runtime.taskexecutor.DefaultJobLeaderService [] - Add job 6905b0331435ca57a7b1b0b7790a30e1 for job leader monitoring.
2026-10-01 02:41:08,487 INFO  org.apache.flink.runtime.taskexecutor.DefaultJobLeaderService [] - Try to register at job manager akka.tcp://flink@172.16.0.162:6123/user/rpc/jobmanager_2 with leader id 00000000-0000-0000-0000-000000000000.
2026-10-01 02:41:08,491 INFO  org.apache.flink.runtime.taskexecutor.TaskExecutor           [] - Receive slot request 38d479101b94804cdbbdbe968c3c1d90 for job 6905b0331435ca57a7b1b0b7790a30e1 from resource manager with leader id 00000000000000000000000000000000.
2026-10-01 02:41:08,491 INFO  org.apache.flink.runtime.taskexecutor.TaskExecutor           [] - Allocated slot for 38d479101b94804cdbbdbe968c3c1d90.
2026-10-01 02:41:08,492 INFO  org.apache.flink.runtime.taskexecutor.TaskExecutor           [] - Receive slot request db50299dbf93a788424c49181518575d for job 6905b0331435ca57a7b1b0b7790a30e1 from resource manager with leader id 00000000000000000000000000000000.
2026-10-01 02:41:08,492 INFO  org.apache.flink.runtime.taskexecutor.TaskExecutor           [] - Allocated slot for db50299dbf93a788424c49181518575d.
2026-10-01 02:41:08,493 INFO  org.apache.flink.runtime.taskexecutor.TaskExecutor           [] - Receive slot request 42647eee2810a87d147bb2cfed23781b for job 6905b0331435ca57a7b1b0b7790a30e1 from resource manager with leader id 00000000000000000000000000000000.
2026-10-01 02:41:08,493 INFO  org.apache.flink.runtime.taskexecutor.TaskExecutor           [] - Allocated slot for 42647eee2810a87d147bb2cfed23781b.
2026-10-01 02:41:08,501 INFO  org.apache.flink.runtime.taskexecutor.DefaultJobLeaderService [] - Resolved JobManager address, beginning registration
2026-10-01 02:41:08,531 INFO  org.apache.flink.runtime.taskexecutor.DefaultJobLeaderService [] - Successful registration at job manager akka.tcp://flink@172.16.0.162:6123/user/rpc/jobmanager_2 for job 6905b0331435ca57a7b1b0b7790a30e1.
2026-10-01 02:41:08,532 INFO  org.apache.flink.runtime.taskexecutor.TaskExecutor           [] - Establish JobManager connection for job 6905b0331435ca57a7b1b0b7790a30e1.
2026-10-01 02:41:08,533 INFO  org.apache.flink.runtime.taskexecutor.TaskExecutor           [] - Offer reserved slots to the leader of job 6905b0331435ca57a7b1b0b7790a30e1.
2026-10-01 02:41:08,558 INFO  org.apache.flink.runtime.taskexecutor.slot.TaskSlotTableImpl [] - Activate slot 38d479101b94804cdbbdbe968c3c1d90.
2026-10-01 02:41:08,558 INFO  org.apache.flink.runtime.taskexecutor.slot.TaskSlotTableImpl [] - Activate slot 42647eee2810a87d147bb2cfed23781b.
2026-10-01 02:41:08,558 INFO  org.apache.flink.runtime.taskexecutor.slot.TaskSlotTableImpl [] - Activate slot 43339e3eb01aaa761c7478bc98861963.
2026-10-01 02:41:08,558 INFO  org.apache.flink.runtime.taskexecutor.slot.TaskSlotTableImpl [] - Activate slot db50299dbf93a788424c49181518575d.
2026-10-01 02:41:08,601 INFO  org.apache.flink.runtime.taskexecutor.slot.TaskSlotTableImpl [] - Activate slot 43339e3eb01aaa761c7478bc98861963.
2026-10-01 02:41:08,635 INFO  org.apache.flink.runtime.taskexecutor.TaskExecutor           [] - Received task Source: Custom Source -> Kafka Source [synergia-source] -> RawLineParser (1/8)#0 (d843b05d1ce0ab2a17e210b13703930c), deploy into slot with allocation id 43339e3eb01aaa761c7478bc98861963.
2026-10-01 02:41:08,636 INFO  org.apache.flink.runtime.taskmanager.Task                    [] - Source: Custom Source -> Kafka Source [synergia-source] -> RawLineParser (1/8)#0 (d843b05d1ce0ab2a17e210b13703930c) switched from CREATED to DEPLOYING.
2026-10-01 02:41:08,639 INFO  org.apache.flink.runtime.taskexecutor.slot.TaskSlotTableImpl [] - Activate slot 38d479101b94804cdbbdbe968c3c1d90.
2026-10-01 02:41:08,640 INFO  org.apache.flink.runtime.taskmanager.Task                    [] - Loading JAR files for task Source: Custom Source -> Kafka Source [synergia-source] -> RawLineParser (1/8)#0 (d843b05d1ce0ab2a17e210b13703930c) [DEPLOYING].
2026-10-01 02:41:08,642 INFO  org.apache.flink.runtime.blob.BlobClient                     [] - Downloading 6905b0331435ca57a7b1b0b7790a30e1/p-15cd8429ad0e44184060ebf8790295d491a04667-16324c35ba7e1472b9cea7bb5c63688f from /172.16.0.162:6124
2026-10-01 02:41:08,644 INFO  org.apache.flink.runtime.taskexecutor.TaskExecutor           [] - Received task Source: Custom Source -> Kafka Source [synergia-source] -> RawLineParser (4/8)#0 (e297e91b718e8b17b768a2c6acc6af5e), deploy into slot with allocation id 38d479101b94804cdbbdbe968c3c1d90.
2026-10-01 02:41:08,646 INFO  org.apache.flink.runtime.taskexecutor.slot.TaskSlotTableImpl [] - Activate slot db50299dbf93a788424c49181518575d.
2026-10-01 02:41:08,647 INFO  org.apache.flink.runtime.taskmanager.Task                    [] - Source: Custom Source -> Kafka Source [synergia-source] -> RawLineParser (4/8)#0 (e297e91b718e8b17b768a2c6acc6af5e) switched from CREATED to DEPLOYING.
2026-10-01 02:41:08,650 INFO  org.apache.flink.runtime.taskmanager.Task                    [] - Loading JAR files for task Source: Custom Source -> Kafka Source [synergia-source] -> RawLineParser (4/8)#0 (e297e91b718e8b17b768a2c6acc6af5e) [DEPLOYING].
2026-10-01 02:41:08,652 INFO  org.apache.flink.runtime.taskexecutor.TaskExecutor           [] - Received task Source: Custom Source -> Kafka Source [synergia-source] -> RawLineParser (5/8)#0 (35efe4aa977ce3b4aebaccf2b2d68a85), deploy into slot with allocation id db50299dbf93a788424c49181518575d.
2026-10-01 02:41:08,655 INFO  org.apache.flink.runtime.taskexecutor.slot.TaskSlotTableImpl [] - Activate slot 42647eee2810a87d147bb2cfed23781b.
2026-10-01 02:41:08,661 INFO  org.apache.flink.runtime.taskexecutor.TaskExecutor           [] - Received task Source: Custom Source -> Kafka Source [synergia-source] -> RawLineParser (8/8)#0 (ff7d52d2026fea6fb37a010f2b4dc34f), deploy into slot with allocation id 42647eee2810a87d147bb2cfed23781b.
2026-10-01 02:41:08,661 INFO  org.apache.flink.runtime.taskmanager.Task                    [] - Source: Custom Source -> Kafka Source [synergia-source] -> RawLineParser (5/8)#0 (35efe4aa977ce3b4aebaccf2b2d68a85) switched from CREATED to DEPLOYING.
2026-10-01 02:41:08,661 INFO  org.apache.flink.runtime.taskmanager.Task                    [] - Loading JAR files for task Source: Custom Source -> Kafka Source [synergia-source] -> RawLineParser (5/8)#0 (35efe4aa977ce3b4aebaccf2b2d68a85) [DEPLOYING].
2026-10-01 02:41:08,663 INFO  org.apache.flink.runtime.taskmanager.Task                    [] - Source: Custom Source -> Kafka Source [synergia-source] -> RawLineParser (8/8)#0 (ff7d52d2026fea6fb37a010f2b4dc34f) switched from CREATED to DEPLOYING.
2026-10-01 02:41:08,663 INFO  org.apache.flink.runtime.taskmanager.Task                    [] - Loading JAR files for task Source: Custom Source -> Kafka Source [synergia-source] -> RawLineParser (8/8)#0 (ff7d52d2026fea6fb37a010f2b4dc34f) [DEPLOYING].
2026-10-01 02:41:08,664 INFO  org.apache.flink.runtime.taskexecutor.slot.TaskSlotTableImpl [] - Activate slot 43339e3eb01aaa761c7478bc98861963.
2026-10-01 02:41:08,679 INFO  org.apache.flink.runtime.taskexecutor.TaskExecutor           [] - Received task RoundAssembler -> AlignEventTime (1/8)#0 (f0f47057b5437551bdc49f16f1e847a6), deploy into slot with allocation id 43339e3eb01aaa761c7478bc98861963.
2026-10-01 02:41:08,684 INFO  org.apache.flink.runtime.taskexecutor.slot.TaskSlotTableImpl [] - Activate slot 38d479101b94804cdbbdbe968c3c1d90.
2026-10-01 02:41:08,688 INFO  org.apache.flink.runtime.taskmanager.Task                    [] - RoundAssembler -> AlignEventTime (1/8)#0 (f0f47057b5437551bdc49f16f1e847a6) switched from CREATED to DEPLOYING.
2026-10-01 02:41:08,691 INFO  org.apache.flink.runtime.taskmanager.Task                    [] - Loading JAR files for task RoundAssembler -> AlignEventTime (1/8)#0 (f0f47057b5437551bdc49f16f1e847a6) [DEPLOYING].
2026-10-01 02:41:08,691 INFO  org.apache.flink.runtime.taskexecutor.TaskExecutor           [] - Received task RoundAssembler -> AlignEventTime (4/8)#0 (8ba6cc26c4cd8fa538c5700e5af5a791), deploy into slot with allocation id 38d479101b94804cdbbdbe968c3c1d90.
2026-10-01 02:41:08,693 INFO  org.apache.flink.runtime.taskexecutor.slot.TaskSlotTableImpl [] - Activate slot db50299dbf93a788424c49181518575d.
2026-10-01 02:41:08,698 INFO  org.apache.flink.runtime.taskexecutor.TaskExecutor           [] - Received task RoundAssembler -> AlignEventTime (5/8)#0 (8b107b4acf8c1a81edd5d60baadd5357), deploy into slot with allocation id db50299dbf93a788424c49181518575d.
2026-10-01 02:41:08,706 INFO  org.apache.flink.runtime.taskexecutor.slot.TaskSlotTableImpl [] - Activate slot 43339e3eb01aaa761c7478bc98861963.
2026-10-01 02:41:08,706 INFO  org.apache.flink.runtime.taskmanager.Task                    [] - RoundAssembler -> AlignEventTime (4/8)#0 (8ba6cc26c4cd8fa538c5700e5af5a791) switched from CREATED to DEPLOYING.
2026-10-01 02:41:08,707 INFO  org.apache.flink.runtime.taskmanager.Task                    [] - Loading JAR files for task RoundAssembler -> AlignEventTime (4/8)#0 (8ba6cc26c4cd8fa538c5700e5af5a791) [DEPLOYING].
2026-10-01 02:41:08,709 INFO  org.apache.flink.runtime.taskexecutor.TaskExecutor           [] - Received task RobustScaler (1/8)#0 (67e0f0a8278630066d5a55fdf02242c1), deploy into slot with allocation id 43339e3eb01aaa761c7478bc98861963.
2026-10-01 02:41:08,709 INFO  org.apache.flink.runtime.taskmanager.Task                    [] - RoundAssembler -> AlignEventTime (5/8)#0 (8b107b4acf8c1a81edd5d60baadd5357) switched from CREATED to DEPLOYING.
2026-10-01 02:41:08,710 INFO  org.apache.flink.runtime.taskmanager.Task                    [] - Loading JAR files for task RoundAssembler -> AlignEventTime (5/8)#0 (8b107b4acf8c1a81edd5d60baadd5357) [DEPLOYING].
2026-10-01 02:41:08,717 INFO  org.apache.flink.runtime.taskexecutor.slot.TaskSlotTableImpl [] - Activate slot 42647eee2810a87d147bb2cfed23781b.
2026-10-01 02:41:08,717 INFO  org.apache.flink.runtime.taskmanager.Task                    [] - RobustScaler (1/8)#0 (67e0f0a8278630066d5a55fdf02242c1) switched from CREATED to DEPLOYING.
2026-10-01 02:41:08,717 INFO  org.apache.flink.runtime.taskmanager.Task                    [] - Loading JAR files for task RobustScaler (1/8)#0 (67e0f0a8278630066d5a55fdf02242c1) [DEPLOYING].
2026-10-01 02:41:08,720 INFO  org.apache.flink.runtime.taskexecutor.TaskExecutor           [] - Received task RoundAssembler -> AlignEventTime (8/8)#0 (7f2d07ee1e32fd69d4489b20cb71e0bc), deploy into slot with allocation id 42647eee2810a87d147bb2cfed23781b.
2026-10-01 02:41:08,722 INFO  org.apache.flink.runtime.taskexecutor.slot.TaskSlotTableImpl [] - Activate slot 38d479101b94804cdbbdbe968c3c1d90.
2026-10-01 02:41:08,725 INFO  org.apache.flink.runtime.taskexecutor.TaskExecutor           [] - Received task RobustScaler (4/8)#0 (f23f183c8645c4aed3e6bee4d5b44ba9), deploy into slot with allocation id 38d479101b94804cdbbdbe968c3c1d90.
2026-10-01 02:41:08,726 INFO  org.apache.flink.runtime.taskmanager.Task                    [] - RoundAssembler -> AlignEventTime (8/8)#0 (7f2d07ee1e32fd69d4489b20cb71e0bc) switched from CREATED to DEPLOYING.
2026-10-01 02:41:08,726 INFO  org.apache.flink.runtime.taskmanager.Task                    [] - Loading JAR files for task RoundAssembler -> AlignEventTime (8/8)#0 (7f2d07ee1e32fd69d4489b20cb71e0bc) [DEPLOYING].
2026-10-01 02:41:08,730 INFO  org.apache.flink.runtime.taskexecutor.slot.TaskSlotTableImpl [] - Activate slot db50299dbf93a788424c49181518575d.
2026-10-01 02:41:08,735 INFO  org.apache.flink.runtime.taskexecutor.TaskExecutor           [] - Received task RobustScaler (5/8)#0 (78d7ced31065c4e221e3685a3f07474f), deploy into slot with allocation id db50299dbf93a788424c49181518575d.
2026-10-01 02:41:08,735 INFO  org.apache.flink.runtime.taskmanager.Task                    [] - RobustScaler (4/8)#0 (f23f183c8645c4aed3e6bee4d5b44ba9) switched from CREATED to DEPLOYING.
2026-10-01 02:41:08,736 INFO  org.apache.flink.runtime.taskmanager.Task                    [] - Loading JAR files for task RobustScaler (4/8)#0 (f23f183c8645c4aed3e6bee4d5b44ba9) [DEPLOYING].
2026-10-01 02:41:08,739 INFO  org.apache.flink.runtime.taskexecutor.slot.TaskSlotTableImpl [] - Activate slot 42647eee2810a87d147bb2cfed23781b.
2026-10-01 02:41:08,743 INFO  org.apache.flink.runtime.taskexecutor.TaskExecutor           [] - Received task RobustScaler (8/8)#0 (7878be67b66594a21bef79366533ad71), deploy into slot with allocation id 42647eee2810a87d147bb2cfed23781b.
2026-10-01 02:41:08,749 INFO  org.apache.flink.runtime.taskexecutor.slot.TaskSlotTableImpl [] - Activate slot 43339e3eb01aaa761c7478bc98861963.
2026-10-01 02:41:08,754 INFO  org.apache.flink.runtime.taskexecutor.TaskExecutor           [] - Received task RawCache -> (Sink: Kafka Sink [synergia-m1-out], M2Gate) (1/8)#0 (15a777733ef4aa549d4b8bccccdfbea7), deploy into slot with allocation id 43339e3eb01aaa761c7478bc98861963.
2026-10-01 02:41:08,754 INFO  org.apache.flink.runtime.taskmanager.Task                    [] - RobustScaler (5/8)#0 (78d7ced31065c4e221e3685a3f07474f) switched from CREATED to DEPLOYING.
2026-10-01 02:41:08,755 INFO  org.apache.flink.runtime.taskmanager.Task                    [] - Loading JAR files for task RobustScaler (5/8)#0 (78d7ced31065c4e221e3685a3f07474f) [DEPLOYING].
2026-10-01 02:41:08,755 INFO  org.apache.flink.runtime.taskmanager.Task                    [] - RobustScaler (8/8)#0 (7878be67b66594a21bef79366533ad71) switched from CREATED to DEPLOYING.
2026-10-01 02:41:08,756 INFO  org.apache.flink.runtime.taskmanager.Task                    [] - Loading JAR files for task RobustScaler (8/8)#0 (7878be67b66594a21bef79366533ad71) [DEPLOYING].
2026-10-01 02:41:08,763 INFO  org.apache.flink.runtime.taskexecutor.slot.TaskSlotTableImpl [] - Activate slot 38d479101b94804cdbbdbe968c3c1d90.
2026-10-01 02:41:08,765 INFO  org.apache.flink.runtime.taskmanager.Task                    [] - RawCache -> (Sink: Kafka Sink [synergia-m1-out], M2Gate) (1/8)#0 (15a777733ef4aa549d4b8bccccdfbea7) switched from CREATED to DEPLOYING.
2026-10-01 02:41:08,768 INFO  org.apache.flink.runtime.taskmanager.Task                    [] - Loading JAR files for task RawCache -> (Sink: Kafka Sink [synergia-m1-out], M2Gate) (1/8)#0 (15a777733ef4aa549d4b8bccccdfbea7) [DEPLOYING].
2026-10-01 02:41:08,768 INFO  org.apache.flink.runtime.taskexecutor.TaskExecutor           [] - Received task RawCache -> (Sink: Kafka Sink [synergia-m1-out], M2Gate) (4/8)#0 (3e6cbb0641704ab9abf99932dff6436e), deploy into slot with allocation id 38d479101b94804cdbbdbe968c3c1d90.
2026-10-01 02:41:08,780 INFO  org.apache.flink.runtime.taskexecutor.slot.TaskSlotTableImpl [] - Activate slot db50299dbf93a788424c49181518575d.
2026-10-01 02:41:08,781 INFO  org.apache.flink.runtime.taskmanager.Task                    [] - RawCache -> (Sink: Kafka Sink [synergia-m1-out], M2Gate) (4/8)#0 (3e6cbb0641704ab9abf99932dff6436e) switched from CREATED to DEPLOYING.
2026-10-01 02:41:08,785 INFO  org.apache.flink.runtime.taskexecutor.TaskExecutor           [] - Received task RawCache -> (Sink: Kafka Sink [synergia-m1-out], M2Gate) (5/8)#0 (0621ff6c5f8783dee36e44439b25c2b4), deploy into slot with allocation id db50299dbf93a788424c49181518575d.
2026-10-01 02:41:08,786 INFO  org.apache.flink.runtime.taskmanager.Task                    [] - Loading JAR files for task RawCache -> (Sink: Kafka Sink [synergia-m1-out], M2Gate) (4/8)#0 (3e6cbb0641704ab9abf99932dff6436e) [DEPLOYING].
2026-10-01 02:41:08,796 INFO  org.apache.flink.runtime.taskexecutor.slot.TaskSlotTableImpl [] - Activate slot 42647eee2810a87d147bb2cfed23781b.
2026-10-01 02:41:08,798 INFO  org.apache.flink.runtime.taskmanager.Task                    [] - RawCache -> (Sink: Kafka Sink [synergia-m1-out], M2Gate) (5/8)#0 (0621ff6c5f8783dee36e44439b25c2b4) switched from CREATED to DEPLOYING.
2026-10-01 02:41:08,800 INFO  org.apache.flink.runtime.taskmanager.Task                    [] - Loading JAR files for task RawCache -> (Sink: Kafka Sink [synergia-m1-out], M2Gate) (5/8)#0 (0621ff6c5f8783dee36e44439b25c2b4) [DEPLOYING].
2026-10-01 02:41:08,805 INFO  org.apache.flink.runtime.taskexecutor.TaskExecutor           [] - Received task RawCache -> (Sink: Kafka Sink [synergia-m1-out], M2Gate) (8/8)#0 (de631de9e4aa02a25011ef3766605338), deploy into slot with allocation id 42647eee2810a87d147bb2cfed23781b.
2026-10-01 02:41:08,811 INFO  org.apache.flink.runtime.taskexecutor.slot.TaskSlotTableImpl [] - Activate slot 43339e3eb01aaa761c7478bc98861963.
2026-10-01 02:41:08,814 INFO  org.apache.flink.runtime.taskexecutor.TaskExecutor           [] - Received task Pmcod -> (Sink: Kafka Sink [synergia-scores], Sink: Kafka Sink [synergia-monitoring / M2], M2LateDrops) (1/8)#0 (028c7ee25356d7414d73eaec1ba1b99f), deploy into slot with allocation id 43339e3eb01aaa761c7478bc98861963.
2026-10-01 02:41:08,815 INFO  org.apache.flink.runtime.taskmanager.Task                    [] - RawCache -> (Sink: Kafka Sink [synergia-m1-out], M2Gate) (8/8)#0 (de631de9e4aa02a25011ef3766605338) switched from CREATED to DEPLOYING.
2026-10-01 02:41:08,815 INFO  org.apache.flink.runtime.taskmanager.Task                    [] - Loading JAR files for task RawCache -> (Sink: Kafka Sink [synergia-m1-out], M2Gate) (8/8)#0 (de631de9e4aa02a25011ef3766605338) [DEPLOYING].
2026-10-01 02:41:08,817 INFO  org.apache.flink.runtime.taskmanager.Task                    [] - Pmcod -> (Sink: Kafka Sink [synergia-scores], Sink: Kafka Sink [synergia-monitoring / M2], M2LateDrops) (1/8)#0 (028c7ee25356d7414d73eaec1ba1b99f) switched from CREATED to DEPLOYING.
2026-10-01 02:41:08,818 INFO  org.apache.flink.runtime.taskmanager.Task                    [] - Loading JAR files for task Pmcod -> (Sink: Kafka Sink [synergia-scores], Sink: Kafka Sink [synergia-monitoring / M2], M2LateDrops) (1/8)#0 (028c7ee25356d7414d73eaec1ba1b99f) [DEPLOYING].
2026-10-01 02:41:08,820 INFO  org.apache.flink.runtime.taskexecutor.slot.TaskSlotTableImpl [] - Activate slot 38d479101b94804cdbbdbe968c3c1d90.
2026-10-01 02:41:08,826 INFO  org.apache.flink.runtime.taskexecutor.TaskExecutor           [] - Received task Pmcod -> (Sink: Kafka Sink [synergia-scores], Sink: Kafka Sink [synergia-monitoring / M2], M2LateDrops) (4/8)#0 (214b962a22c9264f3b3e1cdfe3c6baa8), deploy into slot with allocation id 38d479101b94804cdbbdbe968c3c1d90.
2026-10-01 02:41:08,829 INFO  org.apache.flink.runtime.taskmanager.Task                    [] - Pmcod -> (Sink: Kafka Sink [synergia-scores], Sink: Kafka Sink [synergia-monitoring / M2], M2LateDrops) (4/8)#0 (214b962a22c9264f3b3e1cdfe3c6baa8) switched from CREATED to DEPLOYING.
2026-10-01 02:41:08,830 INFO  org.apache.flink.runtime.taskexecutor.slot.TaskSlotTableImpl [] - Activate slot db50299dbf93a788424c49181518575d.
2026-10-01 02:41:08,833 INFO  org.apache.flink.runtime.taskexecutor.TaskExecutor           [] - Received task Pmcod -> (Sink: Kafka Sink [synergia-scores], Sink: Kafka Sink [synergia-monitoring / M2], M2LateDrops) (5/8)#0 (2f66613ab63c1c7e17b17e326d95e5d0), deploy into slot with allocation id db50299dbf93a788424c49181518575d.
2026-10-01 02:41:08,833 INFO  org.apache.flink.runtime.taskmanager.Task                    [] - Loading JAR files for task Pmcod -> (Sink: Kafka Sink [synergia-scores], Sink: Kafka Sink [synergia-monitoring / M2], M2LateDrops) (4/8)#0 (214b962a22c9264f3b3e1cdfe3c6baa8) [DEPLOYING].
2026-10-01 02:41:08,834 INFO  org.apache.flink.runtime.taskmanager.Task                    [] - Pmcod -> (Sink: Kafka Sink [synergia-scores], Sink: Kafka Sink [synergia-monitoring / M2], M2LateDrops) (5/8)#0 (2f66613ab63c1c7e17b17e326d95e5d0) switched from CREATED to DEPLOYING.
2026-10-01 02:41:08,835 INFO  org.apache.flink.runtime.taskmanager.Task                    [] - Loading JAR files for task Pmcod -> (Sink: Kafka Sink [synergia-scores], Sink: Kafka Sink [synergia-monitoring / M2], M2LateDrops) (5/8)#0 (2f66613ab63c1c7e17b17e326d95e5d0) [DEPLOYING].
2026-10-01 02:41:08,835 INFO  org.apache.flink.runtime.taskexecutor.slot.TaskSlotTableImpl [] - Activate slot 43339e3eb01aaa761c7478bc98861963.
2026-10-01 02:41:08,838 INFO  org.apache.flink.runtime.taskexecutor.TaskExecutor           [] - Received task M3-LSTM-AE -> (Sink: Kafka Sink [synergia-scores / M3], Sink: Kafka Sink [synergia-monitoring / M3]) (1/8)#0 (59a4b51c8dd2cdd5671c71c47cedf5f1), deploy into slot with allocation id 43339e3eb01aaa761c7478bc98861963.
2026-10-01 02:41:08,839 INFO  org.apache.flink.runtime.taskexecutor.slot.TaskSlotTableImpl [] - Activate slot 38d479101b94804cdbbdbe968c3c1d90.
2026-10-01 02:41:08,842 INFO  org.apache.flink.runtime.taskmanager.Task                    [] - M3-LSTM-AE -> (Sink: Kafka Sink [synergia-scores / M3], Sink: Kafka Sink [synergia-monitoring / M3]) (1/8)#0 (59a4b51c8dd2cdd5671c71c47cedf5f1) switched from CREATED to DEPLOYING.
2026-10-01 02:41:08,843 INFO  org.apache.flink.runtime.taskmanager.Task                    [] - Loading JAR files for task M3-LSTM-AE -> (Sink: Kafka Sink [synergia-scores / M3], Sink: Kafka Sink [synergia-monitoring / M3]) (1/8)#0 (59a4b51c8dd2cdd5671c71c47cedf5f1) [DEPLOYING].
2026-10-01 02:41:08,843 INFO  org.apache.flink.runtime.taskexecutor.TaskExecutor           [] - Received task M3-LSTM-AE -> (Sink: Kafka Sink [synergia-scores / M3], Sink: Kafka Sink [synergia-monitoring / M3]) (4/8)#0 (80117f4fc7113ff7de217bd4885a611f), deploy into slot with allocation id 38d479101b94804cdbbdbe968c3c1d90.
2026-10-01 02:41:08,844 INFO  org.apache.flink.runtime.taskmanager.Task                    [] - M3-LSTM-AE -> (Sink: Kafka Sink [synergia-scores / M3], Sink: Kafka Sink [synergia-monitoring / M3]) (4/8)#0 (80117f4fc7113ff7de217bd4885a611f) switched from CREATED to DEPLOYING.
2026-10-01 02:41:08,845 INFO  org.apache.flink.runtime.taskmanager.Task                    [] - Loading JAR files for task M3-LSTM-AE -> (Sink: Kafka Sink [synergia-scores / M3], Sink: Kafka Sink [synergia-monitoring / M3]) (4/8)#0 (80117f4fc7113ff7de217bd4885a611f) [DEPLOYING].
2026-10-01 02:41:08,846 INFO  org.apache.flink.runtime.taskexecutor.slot.TaskSlotTableImpl [] - Activate slot db50299dbf93a788424c49181518575d.
2026-10-01 02:41:08,851 INFO  org.apache.flink.runtime.taskexecutor.TaskExecutor           [] - Received task M3-LSTM-AE -> (Sink: Kafka Sink [synergia-scores / M3], Sink: Kafka Sink [synergia-monitoring / M3]) (5/8)#0 (f8617c6b42fd77c9d3527e8c8c7294ea), deploy into slot with allocation id db50299dbf93a788424c49181518575d.
2026-10-01 02:41:08,852 INFO  org.apache.flink.runtime.taskmanager.Task                    [] - M3-LSTM-AE -> (Sink: Kafka Sink [synergia-scores / M3], Sink: Kafka Sink [synergia-monitoring / M3]) (5/8)#0 (f8617c6b42fd77c9d3527e8c8c7294ea) switched from CREATED to DEPLOYING.
2026-10-01 02:41:08,854 INFO  org.apache.flink.runtime.taskmanager.Task                    [] - Loading JAR files for task M3-LSTM-AE -> (Sink: Kafka Sink [synergia-scores / M3], Sink: Kafka Sink [synergia-monitoring / M3]) (5/8)#0 (f8617c6b42fd77c9d3527e8c8c7294ea) [DEPLOYING].
2026-10-01 02:41:08,857 INFO  org.apache.flink.runtime.taskexecutor.slot.TaskSlotTableImpl [] - Activate slot 42647eee2810a87d147bb2cfed23781b.
2026-10-01 02:41:08,863 INFO  org.apache.flink.runtime.taskexecutor.TaskExecutor           [] - Received task Pmcod -> (Sink: Kafka Sink [synergia-scores], Sink: Kafka Sink [synergia-monitoring / M2], M2LateDrops) (8/8)#0 (20e3c219fa267df08853650aa8c57fd8), deploy into slot with allocation id 42647eee2810a87d147bb2cfed23781b.
2026-10-01 02:41:08,863 INFO  org.apache.flink.runtime.taskmanager.Task                    [] - Pmcod -> (Sink: Kafka Sink [synergia-scores], Sink: Kafka Sink [synergia-monitoring / M2], M2LateDrops) (8/8)#0 (20e3c219fa267df08853650aa8c57fd8) switched from CREATED to DEPLOYING.
2026-10-01 02:41:08,864 INFO  org.apache.flink.runtime.taskmanager.Task                    [] - Loading JAR files for task Pmcod -> (Sink: Kafka Sink [synergia-scores], Sink: Kafka Sink [synergia-monitoring / M2], M2LateDrops) (8/8)#0 (20e3c219fa267df08853650aa8c57fd8) [DEPLOYING].
2026-10-01 02:41:08,864 INFO  org.apache.flink.runtime.taskexecutor.slot.TaskSlotTableImpl [] - Activate slot 42647eee2810a87d147bb2cfed23781b.
2026-10-01 02:41:08,870 INFO  org.apache.flink.runtime.taskexecutor.TaskExecutor           [] - Received task M3-LSTM-AE -> (Sink: Kafka Sink [synergia-scores / M3], Sink: Kafka Sink [synergia-monitoring / M3]) (8/8)#0 (ae713aa0a3472115b3f15699b0c36518), deploy into slot with allocation id 42647eee2810a87d147bb2cfed23781b.
2026-10-01 02:41:08,871 INFO  org.apache.flink.runtime.taskmanager.Task                    [] - M3-LSTM-AE -> (Sink: Kafka Sink [synergia-scores / M3], Sink: Kafka Sink [synergia-monitoring / M3]) (8/8)#0 (ae713aa0a3472115b3f15699b0c36518) switched from CREATED to DEPLOYING.
2026-10-01 02:41:08,871 INFO  org.apache.flink.runtime.taskmanager.Task                    [] - Loading JAR files for task M3-LSTM-AE -> (Sink: Kafka Sink [synergia-scores / M3], Sink: Kafka Sink [synergia-monitoring / M3]) (8/8)#0 (ae713aa0a3472115b3f15699b0c36518) [DEPLOYING].
2026-10-01 02:41:08,872 INFO  org.apache.flink.runtime.taskexecutor.slot.TaskSlotTableImpl [] - Activate slot 43339e3eb01aaa761c7478bc98861963.
2026-10-01 02:41:08,875 INFO  org.apache.flink.runtime.taskexecutor.TaskExecutor           [] - Received task MonitoringAggregator -> Sink: Kafka Sink [synergia-monitoring / M1] (1/8)#0 (38fefc4c46cec919c23572bbf400f9e5), deploy into slot with allocation id 43339e3eb01aaa761c7478bc98861963.
2026-10-01 02:41:08,875 INFO  org.apache.flink.runtime.taskmanager.Task                    [] - MonitoringAggregator -> Sink: Kafka Sink [synergia-monitoring / M1] (1/8)#0 (38fefc4c46cec919c23572bbf400f9e5) switched from CREATED to DEPLOYING.
2026-10-01 02:41:08,876 INFO  org.apache.flink.runtime.taskmanager.Task                    [] - Loading JAR files for task MonitoringAggregator -> Sink: Kafka Sink [synergia-monitoring / M1] (1/8)#0 (38fefc4c46cec919c23572bbf400f9e5) [DEPLOYING].
2026-10-01 02:41:08,877 INFO  org.apache.flink.runtime.taskexecutor.slot.TaskSlotTableImpl [] - Activate slot 38d479101b94804cdbbdbe968c3c1d90.
2026-10-01 02:41:08,881 INFO  org.apache.flink.runtime.taskexecutor.TaskExecutor           [] - Received task MonitoringAggregator -> Sink: Kafka Sink [synergia-monitoring / M1] (4/8)#0 (6c184021d390643af357fbf7b9216a9c), deploy into slot with allocation id 38d479101b94804cdbbdbe968c3c1d90.
2026-10-01 02:41:08,882 INFO  org.apache.flink.runtime.taskexecutor.slot.TaskSlotTableImpl [] - Activate slot db50299dbf93a788424c49181518575d.
2026-10-01 02:41:08,886 INFO  org.apache.flink.runtime.taskexecutor.TaskExecutor           [] - Received task MonitoringAggregator -> Sink: Kafka Sink [synergia-monitoring / M1] (5/8)#0 (9abf0d2303d6a2c8221b01bc1bc6784a), deploy into slot with allocation id db50299dbf93a788424c49181518575d.
2026-10-01 02:41:08,881 INFO  org.apache.flink.runtime.taskmanager.Task                    [] - MonitoringAggregator -> Sink: Kafka Sink [synergia-monitoring / M1] (4/8)#0 (6c184021d390643af357fbf7b9216a9c) switched from CREATED to DEPLOYING.
2026-10-01 02:41:08,890 INFO  org.apache.flink.runtime.taskmanager.Task                    [] - Loading JAR files for task MonitoringAggregator -> Sink: Kafka Sink [synergia-monitoring / M1] (4/8)#0 (6c184021d390643af357fbf7b9216a9c) [DEPLOYING].
2026-10-01 02:41:08,891 INFO  org.apache.flink.runtime.taskexecutor.slot.TaskSlotTableImpl [] - Activate slot 42647eee2810a87d147bb2cfed23781b.
2026-10-01 02:41:08,895 INFO  org.apache.flink.runtime.taskexecutor.TaskExecutor           [] - Received task MonitoringAggregator -> Sink: Kafka Sink [synergia-monitoring / M1] (8/8)#0 (028b0b27147fea98f45d53cb9cdeb8c2), deploy into slot with allocation id 42647eee2810a87d147bb2cfed23781b.
2026-10-01 02:41:08,897 INFO  org.apache.flink.runtime.taskmanager.Task                    [] - MonitoringAggregator -> Sink: Kafka Sink [synergia-monitoring / M1] (5/8)#0 (9abf0d2303d6a2c8221b01bc1bc6784a) switched from CREATED to DEPLOYING.
2026-10-01 02:41:08,897 INFO  org.apache.flink.runtime.taskmanager.Task                    [] - Loading JAR files for task MonitoringAggregator -> Sink: Kafka Sink [synergia-monitoring / M1] (5/8)#0 (9abf0d2303d6a2c8221b01bc1bc6784a) [DEPLOYING].
2026-10-01 02:41:08,898 INFO  org.apache.flink.runtime.taskmanager.Task                    [] - MonitoringAggregator -> Sink: Kafka Sink [synergia-monitoring / M1] (8/8)#0 (028b0b27147fea98f45d53cb9cdeb8c2) switched from CREATED to DEPLOYING.
2026-10-01 02:41:08,898 INFO  org.apache.flink.runtime.taskmanager.Task                    [] - Loading JAR files for task MonitoringAggregator -> Sink: Kafka Sink [synergia-monitoring / M1] (8/8)#0 (028b0b27147fea98f45d53cb9cdeb8c2) [DEPLOYING].
2026-10-01 02:41:11,269 INFO  org.apache.flink.streaming.runtime.tasks.StreamTask          [] - No state backend has been configured, using default (HashMap) org.apache.flink.runtime.state.hashmap.HashMapStateBackend@5fc8b535
2026-10-01 02:41:11,269 INFO  org.apache.flink.streaming.runtime.tasks.StreamTask          [] - No state backend has been configured, using default (HashMap) org.apache.flink.runtime.state.hashmap.HashMapStateBackend@5e463865
2026-10-01 02:41:11,270 INFO  org.apache.flink.streaming.runtime.tasks.StreamTask          [] - No state backend has been configured, using default (HashMap) org.apache.flink.runtime.state.hashmap.HashMapStateBackend@56cacc93
2026-10-01 02:41:11,270 INFO  org.apache.flink.streaming.runtime.tasks.StreamTask          [] - No state backend has been configured, using default (HashMap) org.apache.flink.runtime.state.hashmap.HashMapStateBackend@65c475ec
2026-10-01 02:41:11,270 INFO  org.apache.flink.streaming.runtime.tasks.StreamTask          [] - No state backend has been configured, using default (HashMap) org.apache.flink.runtime.state.hashmap.HashMapStateBackend@3f2f4d37
2026-10-01 02:41:11,270 INFO  org.apache.flink.streaming.runtime.tasks.StreamTask          [] - No state backend has been configured, using default (HashMap) org.apache.flink.runtime.state.hashmap.HashMapStateBackend@36274068
2026-10-01 02:41:11,269 INFO  org.apache.flink.streaming.runtime.tasks.StreamTask          [] - No state backend has been configured, using default (HashMap) org.apache.flink.runtime.state.hashmap.HashMapStateBackend@e014ba3
2026-10-01 02:41:11,269 INFO  org.apache.flink.streaming.runtime.tasks.StreamTask          [] - No state backend has been configured, using default (HashMap) org.apache.flink.runtime.state.hashmap.HashMapStateBackend@5f10c277
2026-10-01 02:41:11,300 INFO  org.apache.flink.streaming.runtime.tasks.StreamTask          [] - Using job/cluster config to configure application-defined checkpoint storage: JobManagerCheckpointStorage (checkpoints to JobManager) ( maxStateSize: 134217728)
2026-10-01 02:41:11,301 INFO  org.apache.flink.streaming.runtime.tasks.StreamTask          [] - Using job/cluster config to configure application-defined checkpoint storage: JobManagerCheckpointStorage (checkpoints to JobManager) ( maxStateSize: 134217728)
2026-10-01 02:41:11,301 INFO  org.apache.flink.streaming.runtime.tasks.StreamTask          [] - Using job/cluster config to configure application-defined checkpoint storage: JobManagerCheckpointStorage (checkpoints to JobManager) ( maxStateSize: 134217728)
2026-10-01 02:41:11,304 INFO  org.apache.flink.streaming.runtime.tasks.StreamTask          [] - Using job/cluster config to configure application-defined checkpoint storage: JobManagerCheckpointStorage (checkpoints to JobManager) ( maxStateSize: 134217728)
2026-10-01 02:41:11,303 INFO  org.apache.flink.streaming.runtime.tasks.StreamTask          [] - Using job/cluster config to configure application-defined checkpoint storage: JobManagerCheckpointStorage (checkpoints to JobManager) ( maxStateSize: 134217728)
2026-10-01 02:41:11,302 INFO  org.apache.flink.streaming.runtime.tasks.StreamTask          [] - Using job/cluster config to configure application-defined checkpoint storage: JobManagerCheckpointStorage (checkpoints to JobManager) ( maxStateSize: 134217728)
2026-10-01 02:41:11,302 INFO  org.apache.flink.streaming.runtime.tasks.StreamTask          [] - Using job/cluster config to configure application-defined checkpoint storage: JobManagerCheckpointStorage (checkpoints to JobManager) ( maxStateSize: 134217728)
2026-10-01 02:41:11,302 INFO  org.apache.flink.streaming.runtime.tasks.StreamTask          [] - Using job/cluster config to configure application-defined checkpoint storage: JobManagerCheckpointStorage (checkpoints to JobManager) ( maxStateSize: 134217728)
2026-10-01 02:41:11,324 INFO  org.apache.flink.runtime.taskmanager.Task                    [] - M3-LSTM-AE -> (Sink: Kafka Sink [synergia-scores / M3], Sink: Kafka Sink [synergia-monitoring / M3]) (5/8)#0 (f8617c6b42fd77c9d3527e8c8c7294ea) switched from DEPLOYING to INITIALIZING.
2026-10-01 02:41:11,325 INFO  org.apache.flink.runtime.taskmanager.Task                    [] - M3-LSTM-AE -> (Sink: Kafka Sink [synergia-scores / M3], Sink: Kafka Sink [synergia-monitoring / M3]) (4/8)#0 (80117f4fc7113ff7de217bd4885a611f) switched from DEPLOYING to INITIALIZING.
2026-10-01 02:41:11,325 INFO  org.apache.flink.runtime.taskmanager.Task                    [] - MonitoringAggregator -> Sink: Kafka Sink [synergia-monitoring / M1] (4/8)#0 (6c184021d390643af357fbf7b9216a9c) switched from DEPLOYING to INITIALIZING.
2026-10-01 02:41:11,326 INFO  org.apache.flink.runtime.taskmanager.Task                    [] - MonitoringAggregator -> Sink: Kafka Sink [synergia-monitoring / M1] (1/8)#0 (38fefc4c46cec919c23572bbf400f9e5) switched from DEPLOYING to INITIALIZING.
2026-10-01 02:41:11,326 INFO  org.apache.flink.runtime.taskmanager.Task                    [] - M3-LSTM-AE -> (Sink: Kafka Sink [synergia-scores / M3], Sink: Kafka Sink [synergia-monitoring / M3]) (1/8)#0 (59a4b51c8dd2cdd5671c71c47cedf5f1) switched from DEPLOYING to INITIALIZING.
2026-10-01 02:41:11,326 INFO  org.apache.flink.runtime.taskmanager.Task                    [] - MonitoringAggregator -> Sink: Kafka Sink [synergia-monitoring / M1] (5/8)#0 (9abf0d2303d6a2c8221b01bc1bc6784a) switched from DEPLOYING to INITIALIZING.
2026-10-01 02:41:11,327 INFO  org.apache.flink.runtime.taskmanager.Task                    [] - MonitoringAggregator -> Sink: Kafka Sink [synergia-monitoring / M1] (8/8)#0 (028b0b27147fea98f45d53cb9cdeb8c2) switched from DEPLOYING to INITIALIZING.
2026-10-01 02:41:11,327 INFO  org.apache.flink.runtime.taskmanager.Task                    [] - M3-LSTM-AE -> (Sink: Kafka Sink [synergia-scores / M3], Sink: Kafka Sink [synergia-monitoring / M3]) (8/8)#0 (ae713aa0a3472115b3f15699b0c36518) switched from DEPLOYING to INITIALIZING.
2026-10-01 02:41:11,345 INFO  org.apache.flink.streaming.runtime.tasks.StreamTask          [] - No state backend has been configured, using default (HashMap) org.apache.flink.runtime.state.hashmap.HashMapStateBackend@7fa7b66e
2026-10-01 02:41:11,345 INFO  org.apache.flink.streaming.runtime.tasks.StreamTask          [] - Using job/cluster config to configure application-defined checkpoint storage: JobManagerCheckpointStorage (checkpoints to JobManager) ( maxStateSize: 134217728)
2026-10-01 02:41:11,345 INFO  org.apache.flink.runtime.taskmanager.Task                    [] - RawCache -> (Sink: Kafka Sink [synergia-m1-out], M2Gate) (8/8)#0 (de631de9e4aa02a25011ef3766605338) switched from DEPLOYING to INITIALIZING.
2026-10-01 02:41:11,354 INFO  org.apache.flink.streaming.runtime.tasks.StreamTask          [] - No state backend has been configured, using default (HashMap) org.apache.flink.runtime.state.hashmap.HashMapStateBackend@721415c6
2026-10-01 02:41:11,355 INFO  org.apache.flink.streaming.runtime.tasks.StreamTask          [] - Using job/cluster config to configure application-defined checkpoint storage: JobManagerCheckpointStorage (checkpoints to JobManager) ( maxStateSize: 134217728)
2026-10-01 02:41:11,355 INFO  org.apache.flink.runtime.taskmanager.Task                    [] - RoundAssembler -> AlignEventTime (5/8)#0 (8b107b4acf8c1a81edd5d60baadd5357) switched from DEPLOYING to INITIALIZING.
2026-10-01 02:41:11,357 INFO  org.apache.flink.streaming.runtime.tasks.StreamTask          [] - No state backend has been configured, using default (HashMap) org.apache.flink.runtime.state.hashmap.HashMapStateBackend@3d44d9be
2026-10-01 02:41:11,357 INFO  org.apache.flink.streaming.runtime.tasks.StreamTask          [] - Using job/cluster config to configure application-defined checkpoint storage: JobManagerCheckpointStorage (checkpoints to JobManager) ( maxStateSize: 134217728)
2026-10-01 02:41:11,358 INFO  org.apache.flink.streaming.runtime.tasks.StreamTask          [] - No state backend has been configured, using default (HashMap) org.apache.flink.runtime.state.hashmap.HashMapStateBackend@4947492f
2026-10-01 02:41:11,358 INFO  org.apache.flink.streaming.runtime.tasks.StreamTask          [] - Using job/cluster config to configure application-defined checkpoint storage: JobManagerCheckpointStorage (checkpoints to JobManager) ( maxStateSize: 134217728)
2026-10-01 02:41:11,358 INFO  org.apache.flink.runtime.taskmanager.Task                    [] - RobustScaler (1/8)#0 (67e0f0a8278630066d5a55fdf02242c1) switched from DEPLOYING to INITIALIZING.
2026-10-01 02:41:11,360 INFO  org.apache.flink.runtime.taskmanager.Task                    [] - Source: Custom Source -> Kafka Source [synergia-source] -> RawLineParser (8/8)#0 (ff7d52d2026fea6fb37a010f2b4dc34f) switched from DEPLOYING to INITIALIZING.
2026-10-01 02:41:11,363 INFO  org.apache.flink.streaming.runtime.tasks.StreamTask          [] - No state backend has been configured, using default (HashMap) org.apache.flink.runtime.state.hashmap.HashMapStateBackend@16d2c856
2026-10-01 02:41:11,363 INFO  org.apache.flink.streaming.runtime.tasks.StreamTask          [] - Using job/cluster config to configure application-defined checkpoint storage: JobManagerCheckpointStorage (checkpoints to JobManager) ( maxStateSize: 134217728)
2026-10-01 02:41:11,363 INFO  org.apache.flink.runtime.taskmanager.Task                    [] - RoundAssembler -> AlignEventTime (8/8)#0 (7f2d07ee1e32fd69d4489b20cb71e0bc) switched from DEPLOYING to INITIALIZING.
2026-10-01 02:41:11,368 INFO  org.apache.flink.streaming.runtime.tasks.StreamTask          [] - No state backend has been configured, using default (HashMap) org.apache.flink.runtime.state.hashmap.HashMapStateBackend@3393077
2026-10-01 02:41:11,368 INFO  org.apache.flink.streaming.runtime.tasks.StreamTask          [] - Using job/cluster config to configure application-defined checkpoint storage: JobManagerCheckpointStorage (checkpoints to JobManager) ( maxStateSize: 134217728)
2026-10-01 02:41:11,368 INFO  org.apache.flink.runtime.taskmanager.Task                    [] - Source: Custom Source -> Kafka Source [synergia-source] -> RawLineParser (4/8)#0 (e297e91b718e8b17b768a2c6acc6af5e) switched from DEPLOYING to INITIALIZING.
2026-10-01 02:41:11,369 INFO  org.apache.flink.streaming.runtime.tasks.StreamTask          [] - No state backend has been configured, using default (HashMap) org.apache.flink.runtime.state.hashmap.HashMapStateBackend@514e4810
2026-10-01 02:41:11,369 INFO  org.apache.flink.streaming.runtime.tasks.StreamTask          [] - No state backend has been configured, using default (HashMap) org.apache.flink.runtime.state.hashmap.HashMapStateBackend@29be7331
2026-10-01 02:41:11,369 INFO  org.apache.flink.streaming.runtime.tasks.StreamTask          [] - No state backend has been configured, using default (HashMap) org.apache.flink.runtime.state.hashmap.HashMapStateBackend@3139cb2e
2026-10-01 02:41:11,370 INFO  org.apache.flink.streaming.runtime.tasks.StreamTask          [] - Using job/cluster config to configure application-defined checkpoint storage: JobManagerCheckpointStorage (checkpoints to JobManager) ( maxStateSize: 134217728)
2026-10-01 02:41:11,370 INFO  org.apache.flink.runtime.taskmanager.Task                    [] - RobustScaler (5/8)#0 (78d7ced31065c4e221e3685a3f07474f) switched from DEPLOYING to INITIALIZING.
2026-10-01 02:41:11,370 INFO  org.apache.flink.streaming.runtime.tasks.StreamTask          [] - Using job/cluster config to configure application-defined checkpoint storage: JobManagerCheckpointStorage (checkpoints to JobManager) ( maxStateSize: 134217728)
2026-10-01 02:41:11,370 INFO  org.apache.flink.streaming.runtime.tasks.StreamTask          [] - Using job/cluster config to configure application-defined checkpoint storage: JobManagerCheckpointStorage (checkpoints to JobManager) ( maxStateSize: 134217728)
2026-10-01 02:41:11,371 INFO  org.apache.flink.runtime.taskmanager.Task                    [] - RoundAssembler -> AlignEventTime (1/8)#0 (f0f47057b5437551bdc49f16f1e847a6) switched from DEPLOYING to INITIALIZING.
2026-10-01 02:41:11,371 INFO  org.apache.flink.runtime.taskmanager.Task                    [] - Source: Custom Source -> Kafka Source [synergia-source] -> RawLineParser (5/8)#0 (35efe4aa977ce3b4aebaccf2b2d68a85) switched from DEPLOYING to INITIALIZING.
2026-10-01 02:41:11,371 INFO  org.apache.flink.streaming.runtime.tasks.StreamTask          [] - No state backend has been configured, using default (HashMap) org.apache.flink.runtime.state.hashmap.HashMapStateBackend@675b0652
2026-10-01 02:41:11,372 INFO  org.apache.flink.streaming.runtime.tasks.StreamTask          [] - Using job/cluster config to configure application-defined checkpoint storage: JobManagerCheckpointStorage (checkpoints to JobManager) ( maxStateSize: 134217728)
2026-10-01 02:41:11,372 INFO  org.apache.flink.runtime.taskmanager.Task                    [] - RobustScaler (8/8)#0 (7878be67b66594a21bef79366533ad71) switched from DEPLOYING to INITIALIZING.
2026-10-01 02:41:11,375 INFO  org.apache.flink.streaming.runtime.tasks.StreamTask          [] - No state backend has been configured, using default (HashMap) org.apache.flink.runtime.state.hashmap.HashMapStateBackend@3a303db
2026-10-01 02:41:11,375 INFO  org.apache.flink.streaming.runtime.tasks.StreamTask          [] - Using job/cluster config to configure application-defined checkpoint storage: JobManagerCheckpointStorage (checkpoints to JobManager) ( maxStateSize: 134217728)
2026-10-01 02:41:11,376 INFO  org.apache.flink.runtime.taskmanager.Task                    [] - Source: Custom Source -> Kafka Source [synergia-source] -> RawLineParser (1/8)#0 (d843b05d1ce0ab2a17e210b13703930c) switched from DEPLOYING to INITIALIZING.
2026-10-01 02:41:11,376 INFO  org.apache.flink.streaming.runtime.tasks.StreamTask          [] - No state backend has been configured, using default (HashMap) org.apache.flink.runtime.state.hashmap.HashMapStateBackend@4fd19eb3
2026-10-01 02:41:11,376 INFO  org.apache.flink.streaming.runtime.tasks.StreamTask          [] - No state backend has been configured, using default (HashMap) org.apache.flink.runtime.state.hashmap.HashMapStateBackend@2288fc49
2026-10-01 02:41:11,378 INFO  org.apache.flink.streaming.runtime.tasks.StreamTask          [] - Using job/cluster config to configure application-defined checkpoint storage: JobManagerCheckpointStorage (checkpoints to JobManager) ( maxStateSize: 134217728)
2026-10-01 02:41:11,379 INFO  org.apache.flink.runtime.taskmanager.Task                    [] - RoundAssembler -> AlignEventTime (4/8)#0 (8ba6cc26c4cd8fa538c5700e5af5a791) switched from DEPLOYING to INITIALIZING.
2026-10-01 02:41:11,378 INFO  org.apache.flink.streaming.runtime.tasks.StreamTask          [] - Using job/cluster config to configure application-defined checkpoint storage: JobManagerCheckpointStorage (checkpoints to JobManager) ( maxStateSize: 134217728)
2026-10-01 02:41:11,380 INFO  org.apache.flink.runtime.taskmanager.Task                    [] - RobustScaler (4/8)#0 (f23f183c8645c4aed3e6bee4d5b44ba9) switched from DEPLOYING to INITIALIZING.
2026-10-01 02:41:11,387 INFO  org.apache.flink.streaming.runtime.tasks.StreamTask          [] - No state backend has been configured, using default (HashMap) org.apache.flink.runtime.state.hashmap.HashMapStateBackend@6868f4d1
2026-10-01 02:41:11,387 INFO  org.apache.flink.streaming.runtime.tasks.StreamTask          [] - Using job/cluster config to configure application-defined checkpoint storage: JobManagerCheckpointStorage (checkpoints to JobManager) ( maxStateSize: 134217728)
2026-10-01 02:41:11,387 INFO  org.apache.flink.runtime.taskmanager.Task                    [] - RawCache -> (Sink: Kafka Sink [synergia-m1-out], M2Gate) (1/8)#0 (15a777733ef4aa549d4b8bccccdfbea7) switched from DEPLOYING to INITIALIZING.
2026-10-01 02:41:11,395 INFO  org.apache.flink.streaming.runtime.tasks.StreamTask          [] - No state backend has been configured, using default (HashMap) org.apache.flink.runtime.state.hashmap.HashMapStateBackend@9f2a82c
2026-10-01 02:41:11,396 INFO  org.apache.flink.streaming.runtime.tasks.StreamTask          [] - Using job/cluster config to configure application-defined checkpoint storage: JobManagerCheckpointStorage (checkpoints to JobManager) ( maxStateSize: 134217728)
2026-10-01 02:41:11,396 INFO  org.apache.flink.runtime.taskmanager.Task                    [] - RawCache -> (Sink: Kafka Sink [synergia-m1-out], M2Gate) (4/8)#0 (3e6cbb0641704ab9abf99932dff6436e) switched from DEPLOYING to INITIALIZING.
2026-10-01 02:41:11,397 INFO  org.apache.flink.streaming.runtime.tasks.StreamTask          [] - No state backend has been configured, using default (HashMap) org.apache.flink.runtime.state.hashmap.HashMapStateBackend@3e2959eb
2026-10-01 02:41:11,397 INFO  org.apache.flink.streaming.runtime.tasks.StreamTask          [] - Using job/cluster config to configure application-defined checkpoint storage: JobManagerCheckpointStorage (checkpoints to JobManager) ( maxStateSize: 134217728)
2026-10-01 02:41:11,397 INFO  org.apache.flink.runtime.taskmanager.Task                    [] - RawCache -> (Sink: Kafka Sink [synergia-m1-out], M2Gate) (5/8)#0 (0621ff6c5f8783dee36e44439b25c2b4) switched from DEPLOYING to INITIALIZING.
2026-10-01 02:41:11,454 INFO  org.apache.flink.streaming.runtime.tasks.StreamTask          [] - No state backend has been configured, using default (HashMap) org.apache.flink.runtime.state.hashmap.HashMapStateBackend@5af2f119
2026-10-01 02:41:11,454 INFO  org.apache.flink.streaming.runtime.tasks.StreamTask          [] - Using job/cluster config to configure application-defined checkpoint storage: JobManagerCheckpointStorage (checkpoints to JobManager) ( maxStateSize: 134217728)
2026-10-01 02:41:11,455 INFO  org.apache.flink.runtime.taskmanager.Task                    [] - Pmcod -> (Sink: Kafka Sink [synergia-scores], Sink: Kafka Sink [synergia-monitoring / M2], M2LateDrops) (5/8)#0 (2f66613ab63c1c7e17b17e326d95e5d0) switched from DEPLOYING to INITIALIZING.
2026-10-01 02:41:11,455 INFO  org.apache.flink.streaming.runtime.tasks.StreamTask          [] - No state backend has been configured, using default (HashMap) org.apache.flink.runtime.state.hashmap.HashMapStateBackend@dc17b4d
2026-10-01 02:41:11,455 INFO  org.apache.flink.streaming.runtime.tasks.StreamTask          [] - Using job/cluster config to configure application-defined checkpoint storage: JobManagerCheckpointStorage (checkpoints to JobManager) ( maxStateSize: 134217728)
2026-10-01 02:41:11,455 INFO  org.apache.flink.runtime.taskmanager.Task                    [] - Pmcod -> (Sink: Kafka Sink [synergia-scores], Sink: Kafka Sink [synergia-monitoring / M2], M2LateDrops) (1/8)#0 (028c7ee25356d7414d73eaec1ba1b99f) switched from DEPLOYING to INITIALIZING.
2026-10-01 02:41:11,459 INFO  org.apache.flink.streaming.runtime.tasks.StreamTask          [] - No state backend has been configured, using default (HashMap) org.apache.flink.runtime.state.hashmap.HashMapStateBackend@2782c7e0
2026-10-01 02:41:11,459 INFO  org.apache.flink.streaming.runtime.tasks.StreamTask          [] - Using job/cluster config to configure application-defined checkpoint storage: JobManagerCheckpointStorage (checkpoints to JobManager) ( maxStateSize: 134217728)
2026-10-01 02:41:11,459 INFO  org.apache.flink.streaming.runtime.tasks.StreamTask          [] - No state backend has been configured, using default (HashMap) org.apache.flink.runtime.state.hashmap.HashMapStateBackend@47b72218
2026-10-01 02:41:11,460 INFO  org.apache.flink.streaming.runtime.tasks.StreamTask          [] - Using job/cluster config to configure application-defined checkpoint storage: JobManagerCheckpointStorage (checkpoints to JobManager) ( maxStateSize: 134217728)
2026-10-01 02:41:11,460 INFO  org.apache.flink.runtime.taskmanager.Task                    [] - Pmcod -> (Sink: Kafka Sink [synergia-scores], Sink: Kafka Sink [synergia-monitoring / M2], M2LateDrops) (8/8)#0 (20e3c219fa267df08853650aa8c57fd8) switched from DEPLOYING to INITIALIZING.
2026-10-01 02:41:11,460 INFO  org.apache.flink.runtime.taskmanager.Task                    [] - Pmcod -> (Sink: Kafka Sink [synergia-scores], Sink: Kafka Sink [synergia-monitoring / M2], M2LateDrops) (4/8)#0 (214b962a22c9264f3b3e1cdfe3c6baa8) switched from DEPLOYING to INITIALIZING.
2026-10-01 02:41:11,595 INFO  org.apache.flink.runtime.state.heap.HeapKeyedStateBackendBuilder [] - Finished to build heap keyed state-backend.
2026-10-01 02:41:11,598 INFO  org.apache.flink.runtime.state.heap.HeapKeyedStateBackendBuilder [] - Finished to build heap keyed state-backend.
2026-10-01 02:41:11,598 INFO  org.apache.flink.runtime.state.heap.HeapKeyedStateBackendBuilder [] - Finished to build heap keyed state-backend.
2026-10-01 02:41:11,599 INFO  org.apache.flink.runtime.state.heap.HeapKeyedStateBackendBuilder [] - Finished to build heap keyed state-backend.
2026-10-01 02:41:11,599 INFO  org.apache.flink.runtime.state.heap.HeapKeyedStateBackendBuilder [] - Finished to build heap keyed state-backend.
2026-10-01 02:41:11,602 INFO  org.apache.flink.runtime.state.heap.HeapKeyedStateBackend    [] - Initializing heap keyed state backend with stream factory.
2026-10-01 02:41:11,602 INFO  org.apache.flink.runtime.state.heap.HeapKeyedStateBackend    [] - Initializing heap keyed state backend with stream factory.
2026-10-01 02:41:11,602 INFO  org.apache.flink.runtime.state.heap.HeapKeyedStateBackend    [] - Initializing heap keyed state backend with stream factory.
2026-10-01 02:41:11,602 INFO  org.apache.flink.runtime.state.heap.HeapKeyedStateBackend    [] - Initializing heap keyed state backend with stream factory.
2026-10-01 02:41:11,603 INFO  org.apache.flink.runtime.state.heap.HeapKeyedStateBackend    [] - Initializing heap keyed state backend with stream factory.
2026-10-01 02:41:11,607 INFO  org.apache.flink.runtime.state.heap.HeapKeyedStateBackendBuilder [] - Finished to build heap keyed state-backend.
2026-10-01 02:41:11,607 INFO  org.apache.flink.runtime.state.heap.HeapKeyedStateBackend    [] - Initializing heap keyed state backend with stream factory.
2026-10-01 02:41:11,619 INFO  org.apache.flink.streaming.api.functions.sink.TwoPhaseCommitSinkFunction [] - FlinkKafkaProducer 5/8 - no state to restore
2026-10-01 02:41:11,619 INFO  org.apache.flink.streaming.api.functions.sink.TwoPhaseCommitSinkFunction [] - FlinkKafkaProducer 4/8 - no state to restore
2026-10-01 02:41:11,627 INFO  org.apache.flink.runtime.state.heap.HeapKeyedStateBackendBuilder [] - Finished to build heap keyed state-backend.
2026-10-01 02:41:11,627 INFO  org.apache.flink.runtime.state.heap.HeapKeyedStateBackend    [] - Initializing heap keyed state backend with stream factory.
2026-10-01 02:41:11,643 INFO  org.apache.kafka.clients.producer.ProducerConfig             [] - ProducerConfig values: 
	acks = 1
	batch.size = 16384
	bootstrap.servers = [172.16.0.162:9092, 172.16.0.163:9092, 172.16.0.164:9092]
	buffer.memory = 33554432
	client.dns.lookup = use_all_dns_ips
	client.id = producer-1
	compression.type = none
	connections.max.idle.ms = 540000
	delivery.timeout.ms = 120000
	enable.idempotence = false
	interceptor.classes = []
	internal.auto.downgrade.txn.commit = false
	key.serializer = class org.apache.kafka.common.serialization.ByteArraySerializer
	linger.ms = 0
	max.block.ms = 60000
	max.in.flight.requests.per.connection = 5
	max.request.size = 1048576
	metadata.max.age.ms = 300000
	metadata.max.idle.ms = 300000
	metric.reporters = []
	metrics.num.samples = 2
	metrics.recording.level = INFO
	metrics.sample.window.ms = 30000
	partitioner.class = class org.apache.kafka.clients.producer.internals.DefaultPartitioner
	receive.buffer.bytes = 32768
	reconnect.backoff.max.ms = 1000
	reconnect.backoff.ms = 50
	request.timeout.ms = 30000
	retries = 2147483647
	retry.backoff.ms = 100
	sasl.client.callback.handler.class = null
	sasl.jaas.config = null
	sasl.kerberos.kinit.cmd = /usr/bin/kinit
	sasl.kerberos.min.time.before.relogin = 60000
	sasl.kerberos.service.name = null
	sasl.kerberos.ticket.renew.jitter = 0.05
	sasl.kerberos.ticket.renew.window.factor = 0.8
	sasl.login.callback.handler.class = null
	sasl.login.class = null
	sasl.login.refresh.buffer.seconds = 300
	sasl.login.refresh.min.period.seconds = 60
	sasl.login.refresh.window.factor = 0.8
	sasl.login.refresh.window.jitter = 0.05
	sasl.mechanism = GSSAPI
	security.protocol = PLAINTEXT
	security.providers = null
	send.buffer.bytes = 131072
	ssl.cipher.suites = null
	ssl.enabled.protocols = [TLSv1.2, TLSv1.3]
	ssl.endpoint.identification.algorithm = https
	ssl.engine.factory.class = null
	ssl.key.password = null
	ssl.keymanager.algorithm = SunX509
	ssl.keystore.location = null
	ssl.keystore.password = null
	ssl.keystore.type = JKS
	ssl.protocol = TLSv1.3
	ssl.provider = null
	ssl.secure.random.implementation = null
	ssl.trustmanager.algorithm = PKIX
	ssl.truststore.location = null
	ssl.truststore.password = null
	ssl.truststore.type = JKS
	transaction.timeout.ms = 3600000
	transactional.id = null
	value.serializer = class org.apache.kafka.common.serialization.ByteArraySerializer

2026-10-01 02:41:11,648 INFO  org.apache.flink.runtime.state.heap.HeapKeyedStateBackendBuilder [] - Finished to build heap keyed state-backend.
2026-10-01 02:41:11,648 INFO  org.apache.flink.streaming.api.functions.sink.TwoPhaseCommitSinkFunction [] - FlinkKafkaProducer 1/8 - no state to restore
2026-10-01 02:41:11,648 INFO  org.apache.flink.runtime.state.heap.HeapKeyedStateBackend    [] - Initializing heap keyed state backend with stream factory.
2026-10-01 02:41:11,649 INFO  org.apache.flink.streaming.api.functions.sink.TwoPhaseCommitSinkFunction [] - FlinkKafkaProducer 1/8 - no state to restore
2026-10-01 02:41:11,649 INFO  org.apache.flink.streaming.api.functions.sink.TwoPhaseCommitSinkFunction [] - FlinkKafkaProducer 1/8 - no state to restore
2026-10-01 02:41:11,653 INFO  org.apache.kafka.clients.producer.ProducerConfig             [] - ProducerConfig values: 
	acks = 1
	batch.size = 16384
	bootstrap.servers = [172.16.0.162:9092, 172.16.0.163:9092, 172.16.0.164:9092]
	buffer.memory = 33554432
	client.dns.lookup = use_all_dns_ips
	client.id = producer-2
	compression.type = none
	connections.max.idle.ms = 540000
	delivery.timeout.ms = 120000
	enable.idempotence = false
	interceptor.classes = []
	internal.auto.downgrade.txn.commit = false
	key.serializer = class org.apache.kafka.common.serialization.ByteArraySerializer
	linger.ms = 0
	max.block.ms = 60000
	max.in.flight.requests.per.connection = 5
	max.request.size = 1048576
	metadata.max.age.ms = 300000
	metadata.max.idle.ms = 300000
	metric.reporters = []
	metrics.num.samples = 2
	metrics.recording.level = INFO
	metrics.sample.window.ms = 30000
	partitioner.class = class org.apache.kafka.clients.producer.internals.DefaultPartitioner
	receive.buffer.bytes = 32768
	reconnect.backoff.max.ms = 1000
	reconnect.backoff.ms = 50
	request.timeout.ms = 30000
	retries = 2147483647
	retry.backoff.ms = 100
	sasl.client.callback.handler.class = null
	sasl.jaas.config = null
	sasl.kerberos.kinit.cmd = /usr/bin/kinit
	sasl.kerberos.min.time.before.relogin = 60000
	sasl.kerberos.service.name = null
	sasl.kerberos.ticket.renew.jitter = 0.05
	sasl.kerberos.ticket.renew.window.factor = 0.8
	sasl.login.callback.handler.class = null
	sasl.login.class = null
	sasl.login.refresh.buffer.seconds = 300
	sasl.login.refresh.min.period.seconds = 60
	sasl.login.refresh.window.factor = 0.8
	sasl.login.refresh.window.jitter = 0.05
	sasl.mechanism = GSSAPI
	security.protocol = PLAINTEXT
	security.providers = null
	send.buffer.bytes = 131072
	ssl.cipher.suites = null
	ssl.enabled.protocols = [TLSv1.2, TLSv1.3]
	ssl.endpoint.identification.algorithm = https
	ssl.engine.factory.class = null
	ssl.key.password = null
	ssl.keymanager.algorithm = SunX509
	ssl.keystore.location = null
	ssl.keystore.password = null
	ssl.keystore.type = JKS
	ssl.protocol = TLSv1.3
	ssl.provider = null
	ssl.secure.random.implementation = null
	ssl.trustmanager.algorithm = PKIX
	ssl.truststore.location = null
	ssl.truststore.password = null
	ssl.truststore.type = JKS
	transaction.timeout.ms = 3600000
	transactional.id = null
	value.serializer = class org.apache.kafka.common.serialization.ByteArraySerializer

2026-10-01 02:41:11,654 INFO  org.apache.kafka.clients.producer.ProducerConfig             [] - ProducerConfig values: 
	acks = 1
	batch.size = 16384
	bootstrap.servers = [172.16.0.162:9092, 172.16.0.163:9092, 172.16.0.164:9092]
	buffer.memory = 33554432
	client.dns.lookup = use_all_dns_ips
	client.id = producer-3
	compression.type = none
	connections.max.idle.ms = 540000
	delivery.timeout.ms = 120000
	enable.idempotence = false
	interceptor.classes = []
	internal.auto.downgrade.txn.commit = false
	key.serializer = class org.apache.kafka.common.serialization.ByteArraySerializer
	linger.ms = 0
	max.block.ms = 60000
	max.in.flight.requests.per.connection = 5
	max.request.size = 1048576
	metadata.max.age.ms = 300000
	metadata.max.idle.ms = 300000
	metric.reporters = []
	metrics.num.samples = 2
	metrics.recording.level = INFO
	metrics.sample.window.ms = 30000
	partitioner.class = class org.apache.kafka.clients.producer.internals.DefaultPartitioner
	receive.buffer.bytes = 32768
	reconnect.backoff.max.ms = 1000
	reconnect.backoff.ms = 50
	request.timeout.ms = 30000
	retries = 2147483647
	retry.backoff.ms = 100
	sasl.client.callback.handler.class = null
	sasl.jaas.config = null
	sasl.kerberos.kinit.cmd = /usr/bin/kinit
	sasl.kerberos.min.time.before.relogin = 60000
	sasl.kerberos.service.name = null
	sasl.kerberos.ticket.renew.jitter = 0.05
	sasl.kerberos.ticket.renew.window.factor = 0.8
	sasl.login.callback.handler.class = null
	sasl.login.class = null
	sasl.login.refresh.buffer.seconds = 300
	sasl.login.refresh.min.period.seconds = 60
	sasl.login.refresh.window.factor = 0.8
	sasl.login.refresh.window.jitter = 0.05
	sasl.mechanism = GSSAPI
	security.protocol = PLAINTEXT
	security.providers = null
	send.buffer.bytes = 131072
	ssl.cipher.suites = null
	ssl.enabled.protocols = [TLSv1.2, TLSv1.3]
	ssl.endpoint.identification.algorithm = https
	ssl.engine.factory.class = null
	ssl.key.password = null
	ssl.keymanager.algorithm = SunX509
	ssl.keystore.location = null
	ssl.keystore.password = null
	ssl.keystore.type = JKS
	ssl.protocol = TLSv1.3
	ssl.provider = null
	ssl.secure.random.implementation = null
	ssl.trustmanager.algorithm = PKIX
	ssl.truststore.location = null
	ssl.truststore.password = null
	ssl.truststore.type = JKS
	transaction.timeout.ms = 3600000
	transactional.id = null
	value.serializer = class org.apache.kafka.common.serialization.ByteArraySerializer

2026-10-01 02:41:11,659 INFO  org.apache.flink.runtime.taskmanager.Task                    [] - RobustScaler (1/8)#0 (67e0f0a8278630066d5a55fdf02242c1) switched from INITIALIZING to RUNNING.
2026-10-01 02:41:11,669 INFO  org.apache.flink.runtime.taskmanager.Task                    [] - RobustScaler (4/8)#0 (f23f183c8645c4aed3e6bee4d5b44ba9) switched from INITIALIZING to RUNNING.
2026-10-01 02:41:11,670 INFO  org.apache.kafka.clients.producer.ProducerConfig             [] - ProducerConfig values: 
	acks = 1
	batch.size = 16384
	bootstrap.servers = [172.16.0.162:9092, 172.16.0.163:9092, 172.16.0.164:9092]
	buffer.memory = 33554432
	client.dns.lookup = use_all_dns_ips
	client.id = producer-4
	compression.type = none
	connections.max.idle.ms = 540000
	delivery.timeout.ms = 120000
	enable.idempotence = false
	interceptor.classes = []
	internal.auto.downgrade.txn.commit = false
	key.serializer = class org.apache.kafka.common.serialization.ByteArraySerializer
	linger.ms = 0
	max.block.ms = 60000
	max.in.flight.requests.per.connection = 5
	max.request.size = 1048576
	metadata.max.age.ms = 300000
	metadata.max.idle.ms = 300000
	metric.reporters = []
	metrics.num.samples = 2
	metrics.recording.level = INFO
	metrics.sample.window.ms = 30000
	partitioner.class = class org.apache.kafka.clients.producer.internals.DefaultPartitioner
	receive.buffer.bytes = 32768
	reconnect.backoff.max.ms = 1000
	reconnect.backoff.ms = 50
	request.timeout.ms = 30000
	retries = 2147483647
	retry.backoff.ms = 100
	sasl.client.callback.handler.class = null
	sasl.jaas.config = null
	sasl.kerberos.kinit.cmd = /usr/bin/kinit
	sasl.kerberos.min.time.before.relogin = 60000
	sasl.kerberos.service.name = null
	sasl.kerberos.ticket.renew.jitter = 0.05
	sasl.kerberos.ticket.renew.window.factor = 0.8
	sasl.login.callback.handler.class = null
	sasl.login.class = null
	sasl.login.refresh.buffer.seconds = 300
	sasl.login.refresh.min.period.seconds = 60
	sasl.login.refresh.window.factor = 0.8
	sasl.login.refresh.window.jitter = 0.05
	sasl.mechanism = GSSAPI
	security.protocol = PLAINTEXT
	security.providers = null
	send.buffer.bytes = 131072
	ssl.cipher.suites = null
	ssl.enabled.protocols = [TLSv1.2, TLSv1.3]
	ssl.endpoint.identification.algorithm = https
	ssl.engine.factory.class = null
	ssl.key.password = null
	ssl.keymanager.algorithm = SunX509
	ssl.keystore.location = null
	ssl.keystore.password = null
	ssl.keystore.type = JKS
	ssl.protocol = TLSv1.3
	ssl.provider = null
	ssl.secure.random.implementation = null
	ssl.trustmanager.algorithm = PKIX
	ssl.truststore.location = null
	ssl.truststore.password = null
	ssl.truststore.type = JKS
	transaction.timeout.ms = 3600000
	transactional.id = null
	value.serializer = class org.apache.kafka.common.serialization.ByteArraySerializer

2026-10-01 02:41:11,670 INFO  org.apache.kafka.clients.producer.ProducerConfig             [] - ProducerConfig values: 
	acks = 1
	batch.size = 16384
	bootstrap.servers = [172.16.0.162:9092, 172.16.0.163:9092, 172.16.0.164:9092]
	buffer.memory = 33554432
	client.dns.lookup = use_all_dns_ips
	client.id = producer-5
	compression.type = none
	connections.max.idle.ms = 540000
	delivery.timeout.ms = 120000
	enable.idempotence = false
	interceptor.classes = []
	internal.auto.downgrade.txn.commit = false
	key.serializer = class org.apache.kafka.common.serialization.ByteArraySerializer
	linger.ms = 0
	max.block.ms = 60000
	max.in.flight.requests.per.connection = 5
	max.request.size = 1048576
	metadata.max.age.ms = 300000
	metadata.max.idle.ms = 300000
	metric.reporters = []
	metrics.num.samples = 2
	metrics.recording.level = INFO
	metrics.sample.window.ms = 30000
	partitioner.class = class org.apache.kafka.clients.producer.internals.DefaultPartitioner
	receive.buffer.bytes = 32768
	reconnect.backoff.max.ms = 1000
	reconnect.backoff.ms = 50
	request.timeout.ms = 30000
	retries = 2147483647
	retry.backoff.ms = 100
	sasl.client.callback.handler.class = null
	sasl.jaas.config = null
	sasl.kerberos.kinit.cmd = /usr/bin/kinit
	sasl.kerberos.min.time.before.relogin = 60000
	sasl.kerberos.service.name = null
	sasl.kerberos.ticket.renew.jitter = 0.05
	sasl.kerberos.ticket.renew.window.factor = 0.8
	sasl.login.callback.handler.class = null
	sasl.login.class = null
	sasl.login.refresh.buffer.seconds = 300
	sasl.login.refresh.min.period.seconds = 60
	sasl.login.refresh.window.factor = 0.8
	sasl.login.refresh.window.jitter = 0.05
	sasl.mechanism = GSSAPI
	security.protocol = PLAINTEXT
	security.providers = null
	send.buffer.bytes = 131072
	ssl.cipher.suites = null
	ssl.enabled.protocols = [TLSv1.2, TLSv1.3]
	ssl.endpoint.identification.algorithm = https
	ssl.engine.factory.class = null
	ssl.key.password = null
	ssl.keymanager.algorithm = SunX509
	ssl.keystore.location = null
	ssl.keystore.password = null
	ssl.keystore.type = JKS
	ssl.protocol = TLSv1.3
	ssl.provider = null
	ssl.secure.random.implementation = null
	ssl.trustmanager.algorithm = PKIX
	ssl.truststore.location = null
	ssl.truststore.password = null
	ssl.truststore.type = JKS
	transaction.timeout.ms = 3600000
	transactional.id = null
	value.serializer = class org.apache.kafka.common.serialization.ByteArraySerializer

2026-10-01 02:41:11,678 INFO  org.apache.flink.runtime.taskmanager.Task                    [] - RobustScaler (8/8)#0 (7878be67b66594a21bef79366533ad71) switched from INITIALIZING to RUNNING.
2026-10-01 02:41:11,679 INFO  org.apache.flink.runtime.taskmanager.Task                    [] - RoundAssembler -> AlignEventTime (5/8)#0 (8b107b4acf8c1a81edd5d60baadd5357) switched from INITIALIZING to RUNNING.
2026-10-01 02:41:11,679 INFO  org.apache.flink.runtime.taskmanager.Task                    [] - RoundAssembler -> AlignEventTime (4/8)#0 (8ba6cc26c4cd8fa538c5700e5af5a791) switched from INITIALIZING to RUNNING.
2026-10-01 02:41:11,681 INFO  org.apache.flink.runtime.taskmanager.Task                    [] - RoundAssembler -> AlignEventTime (1/8)#0 (f0f47057b5437551bdc49f16f1e847a6) switched from INITIALIZING to RUNNING.
2026-10-01 02:41:11,693 INFO  org.apache.flink.streaming.api.functions.sink.TwoPhaseCommitSinkFunction [] - FlinkKafkaProducer 4/8 - no state to restore
2026-10-01 02:41:11,696 INFO  org.apache.kafka.clients.producer.ProducerConfig             [] - ProducerConfig values: 
	acks = 1
	batch.size = 16384
	bootstrap.servers = [172.16.0.162:9092, 172.16.0.163:9092, 172.16.0.164:9092]
	buffer.memory = 33554432
	client.dns.lookup = use_all_dns_ips
	client.id = producer-6
	compression.type = none
	connections.max.idle.ms = 540000
	delivery.timeout.ms = 120000
	enable.idempotence = false
	interceptor.classes = []
	internal.auto.downgrade.txn.commit = false
	key.serializer = class org.apache.kafka.common.serialization.ByteArraySerializer
	linger.ms = 0
	max.block.ms = 60000
	max.in.flight.requests.per.connection = 5
	max.request.size = 1048576
	metadata.max.age.ms = 300000
	metadata.max.idle.ms = 300000
	metric.reporters = []
	metrics.num.samples = 2
	metrics.recording.level = INFO
	metrics.sample.window.ms = 30000
	partitioner.class = class org.apache.kafka.clients.producer.internals.DefaultPartitioner
	receive.buffer.bytes = 32768
	reconnect.backoff.max.ms = 1000
	reconnect.backoff.ms = 50
	request.timeout.ms = 30000
	retries = 2147483647
	retry.backoff.ms = 100
	sasl.client.callback.handler.class = null
	sasl.jaas.config = null
	sasl.kerberos.kinit.cmd = /usr/bin/kinit
	sasl.kerberos.min.time.before.relogin = 60000
	sasl.kerberos.service.name = null
	sasl.kerberos.ticket.renew.jitter = 0.05
	sasl.kerberos.ticket.renew.window.factor = 0.8
	sasl.login.callback.handler.class = null
	sasl.login.class = null
	sasl.login.refresh.buffer.seconds = 300
	sasl.login.refresh.min.period.seconds = 60
	sasl.login.refresh.window.factor = 0.8
	sasl.login.refresh.window.jitter = 0.05
	sasl.mechanism = GSSAPI
	security.protocol = PLAINTEXT
	security.providers = null
	send.buffer.bytes = 131072
	ssl.cipher.suites = null
	ssl.enabled.protocols = [TLSv1.2, TLSv1.3]
	ssl.endpoint.identification.algorithm = https
	ssl.engine.factory.class = null
	ssl.key.password = null
	ssl.keymanager.algorithm = SunX509
	ssl.keystore.location = null
	ssl.keystore.password = null
	ssl.keystore.type = JKS
	ssl.protocol = TLSv1.3
	ssl.provider = null
	ssl.secure.random.implementation = null
	ssl.trustmanager.algorithm = PKIX
	ssl.truststore.location = null
	ssl.truststore.password = null
	ssl.truststore.type = JKS
	transaction.timeout.ms = 3600000
	transactional.id = null
	value.serializer = class org.apache.kafka.common.serialization.ByteArraySerializer

2026-10-01 02:41:11,701 INFO  org.apache.flink.runtime.taskmanager.Task                    [] - RoundAssembler -> AlignEventTime (8/8)#0 (7f2d07ee1e32fd69d4489b20cb71e0bc) switched from INITIALIZING to RUNNING.
2026-10-01 02:41:11,746 INFO  org.apache.flink.streaming.connectors.kafka.FlinkKafkaConsumerBase [] - Consumer subtask 3 has no restore state.
2026-10-01 02:41:11,774 INFO  org.apache.flink.streaming.connectors.kafka.FlinkKafkaConsumerBase [] - Consumer subtask 4 has no restore state.
2026-10-01 02:41:11,774 INFO  org.apache.flink.streaming.connectors.kafka.FlinkKafkaConsumerBase [] - Consumer subtask 0 has no restore state.
2026-10-01 02:41:11,775 INFO  org.apache.kafka.clients.consumer.ConsumerConfig             [] - ConsumerConfig values: 
	allow.auto.create.topics = true
	auto.commit.interval.ms = 5000
	auto.offset.reset = latest
	bootstrap.servers = [172.16.0.162:9092, 172.16.0.163:9092, 172.16.0.164:9092]
	check.crcs = true
	client.dns.lookup = use_all_dns_ips
	client.id = consumer-m2-job-6f236608-1
	client.rack = 
	connections.max.idle.ms = 540000
	default.api.timeout.ms = 60000
	enable.auto.commit = true
	exclude.internal.topics = true
	fetch.max.bytes = 52428800
	fetch.max.wait.ms = 500
	fetch.min.bytes = 1
	group.id = m2-job-6f236608
	group.instance.id = null
	heartbeat.interval.ms = 3000
	interceptor.classes = []
	internal.leave.group.on.close = true
	internal.throw.on.fetch.stable.offset.unsupported = false
	isolation.level = read_uncommitted
	key.deserializer = class org.apache.kafka.common.serialization.ByteArrayDeserializer
	max.partition.fetch.bytes = 1048576
	max.poll.interval.ms = 300000
	max.poll.records = 500
	metadata.max.age.ms = 300000
	metric.reporters = []
	metrics.num.samples = 2
	metrics.recording.level = INFO
	metrics.sample.window.ms = 30000
	partition.assignment.strategy = [class org.apache.kafka.clients.consumer.RangeAssignor]
	receive.buffer.bytes = 65536
	reconnect.backoff.max.ms = 1000
	reconnect.backoff.ms = 50
	request.timeout.ms = 30000
	retry.backoff.ms = 100
	sasl.client.callback.handler.class = null
	sasl.jaas.config = null
	sasl.kerberos.kinit.cmd = /usr/bin/kinit
	sasl.kerberos.min.time.before.relogin = 60000
	sasl.kerberos.service.name = null
	sasl.kerberos.ticket.renew.jitter = 0.05
	sasl.kerberos.ticket.renew.window.factor = 0.8
	sasl.login.callback.handler.class = null
	sasl.login.class = null
	sasl.login.refresh.buffer.seconds = 300
	sasl.login.refresh.min.period.seconds = 60
	sasl.login.refresh.window.factor = 0.8
	sasl.login.refresh.window.jitter = 0.05
	sasl.mechanism = GSSAPI
	security.protocol = PLAINTEXT
	security.providers = null
	send.buffer.bytes = 131072
	session.timeout.ms = 10000
	ssl.cipher.suites = null
	ssl.enabled.protocols = [TLSv1.2, TLSv1.3]
	ssl.endpoint.identification.algorithm = https
	ssl.engine.factory.class = null
	ssl.key.password = null
	ssl.keymanager.algorithm = SunX509
	ssl.keystore.location = null
	ssl.keystore.password = null
	ssl.keystore.type = JKS
	ssl.protocol = TLSv1.3
	ssl.provider = null
	ssl.secure.random.implementation = null
	ssl.trustmanager.algorithm = PKIX
	ssl.truststore.location = null
	ssl.truststore.password = null
	ssl.truststore.type = JKS
	value.deserializer = class org.apache.kafka.common.serialization.ByteArrayDeserializer

2026-10-01 02:41:11,776 INFO  org.apache.kafka.clients.consumer.ConsumerConfig             [] - ConsumerConfig values: 
	allow.auto.create.topics = true
	auto.commit.interval.ms = 5000
	auto.offset.reset = latest
	bootstrap.servers = [172.16.0.162:9092, 172.16.0.163:9092, 172.16.0.164:9092]
	check.crcs = true
	client.dns.lookup = use_all_dns_ips
	client.id = consumer-m2-job-6f236608-2
	client.rack = 
	connections.max.idle.ms = 540000
	default.api.timeout.ms = 60000
	enable.auto.commit = true
	exclude.internal.topics = true
	fetch.max.bytes = 52428800
	fetch.max.wait.ms = 500
	fetch.min.bytes = 1
	group.id = m2-job-6f236608
	group.instance.id = null
	heartbeat.interval.ms = 3000
	interceptor.classes = []
	internal.leave.group.on.close = true
	internal.throw.on.fetch.stable.offset.unsupported = false
	isolation.level = read_uncommitted
	key.deserializer = class org.apache.kafka.common.serialization.ByteArrayDeserializer
	max.partition.fetch.bytes = 1048576
	max.poll.interval.ms = 300000
	max.poll.records = 500
	metadata.max.age.ms = 300000
	metric.reporters = []
	metrics.num.samples = 2
	metrics.recording.level = INFO
	metrics.sample.window.ms = 30000
	partition.assignment.strategy = [class org.apache.kafka.clients.consumer.RangeAssignor]
	receive.buffer.bytes = 65536
	reconnect.backoff.max.ms = 1000
	reconnect.backoff.ms = 50
	request.timeout.ms = 30000
	retry.backoff.ms = 100
	sasl.client.callback.handler.class = null
	sasl.jaas.config = null
	sasl.kerberos.kinit.cmd = /usr/bin/kinit
	sasl.kerberos.min.time.before.relogin = 60000
	sasl.kerberos.service.name = null
	sasl.kerberos.ticket.renew.jitter = 0.05
	sasl.kerberos.ticket.renew.window.factor = 0.8
	sasl.login.callback.handler.class = null
	sasl.login.class = null
	sasl.login.refresh.buffer.seconds = 300
	sasl.login.refresh.min.period.seconds = 60
	sasl.login.refresh.window.factor = 0.8
	sasl.login.refresh.window.jitter = 0.05
	sasl.mechanism = GSSAPI
	security.protocol = PLAINTEXT
	security.providers = null
	send.buffer.bytes = 131072
	session.timeout.ms = 10000
	ssl.cipher.suites = null
	ssl.enabled.protocols = [TLSv1.2, TLSv1.3]
	ssl.endpoint.identification.algorithm = https
	ssl.engine.factory.class = null
	ssl.key.password = null
	ssl.keymanager.algorithm = SunX509
	ssl.keystore.location = null
	ssl.keystore.password = null
	ssl.keystore.type = JKS
	ssl.protocol = TLSv1.3
	ssl.provider = null
	ssl.secure.random.implementation = null
	ssl.trustmanager.algorithm = PKIX
	ssl.truststore.location = null
	ssl.truststore.password = null
	ssl.truststore.type = JKS
	value.deserializer = class org.apache.kafka.common.serialization.ByteArrayDeserializer

2026-10-01 02:41:11,777 INFO  org.apache.kafka.clients.consumer.ConsumerConfig             [] - ConsumerConfig values: 
	allow.auto.create.topics = true
	auto.commit.interval.ms = 5000
	auto.offset.reset = latest
	bootstrap.servers = [172.16.0.162:9092, 172.16.0.163:9092, 172.16.0.164:9092]
	check.crcs = true
	client.dns.lookup = use_all_dns_ips
	client.id = consumer-m2-job-6f236608-3
	client.rack = 
	connections.max.idle.ms = 540000
	default.api.timeout.ms = 60000
	enable.auto.commit = true
	exclude.internal.topics = true
	fetch.max.bytes = 52428800
	fetch.max.wait.ms = 500
	fetch.min.bytes = 1
	group.id = m2-job-6f236608
	group.instance.id = null
	heartbeat.interval.ms = 3000
	interceptor.classes = []
	internal.leave.group.on.close = true
	internal.throw.on.fetch.stable.offset.unsupported = false
	isolation.level = read_uncommitted
	key.deserializer = class org.apache.kafka.common.serialization.ByteArrayDeserializer
	max.partition.fetch.bytes = 1048576
	max.poll.interval.ms = 300000
	max.poll.records = 500
	metadata.max.age.ms = 300000
	metric.reporters = []
	metrics.num.samples = 2
	metrics.recording.level = INFO
	metrics.sample.window.ms = 30000
	partition.assignment.strategy = [class org.apache.kafka.clients.consumer.RangeAssignor]
	receive.buffer.bytes = 65536
	reconnect.backoff.max.ms = 1000
	reconnect.backoff.ms = 50
	request.timeout.ms = 30000
	retry.backoff.ms = 100
	sasl.client.callback.handler.class = null
	sasl.jaas.config = null
	sasl.kerberos.kinit.cmd = /usr/bin/kinit
	sasl.kerberos.min.time.before.relogin = 60000
	sasl.kerberos.service.name = null
	sasl.kerberos.ticket.renew.jitter = 0.05
	sasl.kerberos.ticket.renew.window.factor = 0.8
	sasl.login.callback.handler.class = null
	sasl.login.class = null
	sasl.login.refresh.buffer.seconds = 300
	sasl.login.refresh.min.period.seconds = 60
	sasl.login.refresh.window.factor = 0.8
	sasl.login.refresh.window.jitter = 0.05
	sasl.mechanism = GSSAPI
	security.protocol = PLAINTEXT
	security.providers = null
	send.buffer.bytes = 131072
	session.timeout.ms = 10000
	ssl.cipher.suites = null
	ssl.enabled.protocols = [TLSv1.2, TLSv1.3]
	ssl.endpoint.identification.algorithm = https
	ssl.engine.factory.class = null
	ssl.key.password = null
	ssl.keymanager.algorithm = SunX509
	ssl.keystore.location = null
	ssl.keystore.password = null
	ssl.keystore.type = JKS
	ssl.protocol = TLSv1.3
	ssl.provider = null
	ssl.secure.random.implementation = null
	ssl.trustmanager.algorithm = PKIX
	ssl.truststore.location = null
	ssl.truststore.password = null
	ssl.truststore.type = JKS
	value.deserializer = class org.apache.kafka.common.serialization.ByteArrayDeserializer

2026-10-01 02:41:11,779 INFO  org.apache.flink.streaming.connectors.kafka.FlinkKafkaConsumerBase [] - Consumer subtask 7 has no restore state.
2026-10-01 02:41:11,781 INFO  org.apache.kafka.clients.consumer.ConsumerConfig             [] - ConsumerConfig values: 
	allow.auto.create.topics = true
	auto.commit.interval.ms = 5000
	auto.offset.reset = latest
	bootstrap.servers = [172.16.0.162:9092, 172.16.0.163:9092, 172.16.0.164:9092]
	check.crcs = true
	client.dns.lookup = use_all_dns_ips
	client.id = consumer-m2-job-6f236608-4
	client.rack = 
	connections.max.idle.ms = 540000
	default.api.timeout.ms = 60000
	enable.auto.commit = true
	exclude.internal.topics = true
	fetch.max.bytes = 52428800
	fetch.max.wait.ms = 500
	fetch.min.bytes = 1
	group.id = m2-job-6f236608
	group.instance.id = null
	heartbeat.interval.ms = 3000
	interceptor.classes = []
	internal.leave.group.on.close = true
	internal.throw.on.fetch.stable.offset.unsupported = false
	isolation.level = read_uncommitted
	key.deserializer = class org.apache.kafka.common.serialization.ByteArrayDeserializer
	max.partition.fetch.bytes = 1048576
	max.poll.interval.ms = 300000
	max.poll.records = 500
	metadata.max.age.ms = 300000
	metric.reporters = []
	metrics.num.samples = 2
	metrics.recording.level = INFO
	metrics.sample.window.ms = 30000
	partition.assignment.strategy = [class org.apache.kafka.clients.consumer.RangeAssignor]
	receive.buffer.bytes = 65536
	reconnect.backoff.max.ms = 1000
	reconnect.backoff.ms = 50
	request.timeout.ms = 30000
	retry.backoff.ms = 100
	sasl.client.callback.handler.class = null
	sasl.jaas.config = null
	sasl.kerberos.kinit.cmd = /usr/bin/kinit
	sasl.kerberos.min.time.before.relogin = 60000
	sasl.kerberos.service.name = null
	sasl.kerberos.ticket.renew.jitter = 0.05
	sasl.kerberos.ticket.renew.window.factor = 0.8
	sasl.login.callback.handler.class = null
	sasl.login.class = null
	sasl.login.refresh.buffer.seconds = 300
	sasl.login.refresh.min.period.seconds = 60
	sasl.login.refresh.window.factor = 0.8
	sasl.login.refresh.window.jitter = 0.05
	sasl.mechanism = GSSAPI
	security.protocol = PLAINTEXT
	security.providers = null
	send.buffer.bytes = 131072
	session.timeout.ms = 10000
	ssl.cipher.suites = null
	ssl.enabled.protocols = [TLSv1.2, TLSv1.3]
	ssl.endpoint.identification.algorithm = https
	ssl.engine.factory.class = null
	ssl.key.password = null
	ssl.keymanager.algorithm = SunX509
	ssl.keystore.location = null
	ssl.keystore.password = null
	ssl.keystore.type = JKS
	ssl.protocol = TLSv1.3
	ssl.provider = null
	ssl.secure.random.implementation = null
	ssl.trustmanager.algorithm = PKIX
	ssl.truststore.location = null
	ssl.truststore.password = null
	ssl.truststore.type = JKS
	value.deserializer = class org.apache.kafka.common.serialization.ByteArrayDeserializer

2026-10-01 02:41:11,790 INFO  org.apache.flink.streaming.api.functions.sink.TwoPhaseCommitSinkFunction [] - FlinkKafkaProducer 4/8 - no state to restore
2026-10-01 02:41:11,791 INFO  org.apache.flink.streaming.api.functions.sink.TwoPhaseCommitSinkFunction [] - FlinkKafkaProducer 1/8 - no state to restore
2026-10-01 02:41:11,793 INFO  org.apache.flink.streaming.api.functions.sink.TwoPhaseCommitSinkFunction [] - FlinkKafkaProducer 5/8 - no state to restore
2026-10-01 02:41:11,794 INFO  org.apache.flink.streaming.api.functions.sink.TwoPhaseCommitSinkFunction [] - FlinkKafkaProducer 5/8 - no state to restore
2026-10-01 02:41:11,795 INFO  org.apache.flink.streaming.api.functions.sink.TwoPhaseCommitSinkFunction [] - FlinkKafkaProducer 8/8 - no state to restore
2026-10-01 02:41:11,797 INFO  org.apache.flink.streaming.api.functions.sink.TwoPhaseCommitSinkFunction [] - FlinkKafkaProducer 8/8 - no state to restore
2026-10-01 02:41:11,798 INFO  org.apache.kafka.clients.producer.ProducerConfig             [] - ProducerConfig values: 
	acks = 1
	batch.size = 16384
	bootstrap.servers = [172.16.0.162:9092, 172.16.0.163:9092, 172.16.0.164:9092]
	buffer.memory = 33554432
	client.dns.lookup = use_all_dns_ips
	client.id = producer-8
	compression.type = none
	connections.max.idle.ms = 540000
	delivery.timeout.ms = 120000
	enable.idempotence = false
	interceptor.classes = []
	internal.auto.downgrade.txn.commit = false
	key.serializer = class org.apache.kafka.common.serialization.ByteArraySerializer
	linger.ms = 0
	max.block.ms = 60000
	max.in.flight.requests.per.connection = 5
	max.request.size = 1048576
	metadata.max.age.ms = 300000
	metadata.max.idle.ms = 300000
	metric.reporters = []
	metrics.num.samples = 2
	metrics.recording.level = INFO
	metrics.sample.window.ms = 30000
	partitioner.class = class org.apache.kafka.clients.producer.internals.DefaultPartitioner
	receive.buffer.bytes = 32768
	reconnect.backoff.max.ms = 1000
	reconnect.backoff.ms = 50
	request.timeout.ms = 30000
	retries = 2147483647
	retry.backoff.ms = 100
	sasl.client.callback.handler.class = null
	sasl.jaas.config = null
	sasl.kerberos.kinit.cmd = /usr/bin/kinit
	sasl.kerberos.min.time.before.relogin = 60000
	sasl.kerberos.service.name = null
	sasl.kerberos.ticket.renew.jitter = 0.05
	sasl.kerberos.ticket.renew.window.factor = 0.8
	sasl.login.callback.handler.class = null
	sasl.login.class = null
	sasl.login.refresh.buffer.seconds = 300
	sasl.login.refresh.min.period.seconds = 60
	sasl.login.refresh.window.factor = 0.8
	sasl.login.refresh.window.jitter = 0.05
	sasl.mechanism = GSSAPI
	security.protocol = PLAINTEXT
	security.providers = null
	send.buffer.bytes = 131072
	ssl.cipher.suites = null
	ssl.enabled.protocols = [TLSv1.2, TLSv1.3]
	ssl.endpoint.identification.algorithm = https
	ssl.engine.factory.class = null
	ssl.key.password = null
	ssl.keymanager.algorithm = SunX509
	ssl.keystore.location = null
	ssl.keystore.password = null
	ssl.keystore.type = JKS
	ssl.protocol = TLSv1.3
	ssl.provider = null
	ssl.secure.random.implementation = null
	ssl.trustmanager.algorithm = PKIX
	ssl.truststore.location = null
	ssl.truststore.password = null
	ssl.truststore.type = JKS
	transaction.timeout.ms = 3600000
	transactional.id = null
	value.serializer = class org.apache.kafka.common.serialization.ByteArraySerializer

2026-10-01 02:41:11,799 INFO  org.apache.kafka.clients.producer.ProducerConfig             [] - ProducerConfig values: 
	acks = 1
	batch.size = 16384
	bootstrap.servers = [172.16.0.162:9092, 172.16.0.163:9092, 172.16.0.164:9092]
	buffer.memory = 33554432
	client.dns.lookup = use_all_dns_ips
	client.id = producer-10
	compression.type = none
	connections.max.idle.ms = 540000
	delivery.timeout.ms = 120000
	enable.idempotence = false
	interceptor.classes = []
	internal.auto.downgrade.txn.commit = false
	key.serializer = class org.apache.kafka.common.serialization.ByteArraySerializer
	linger.ms = 0
	max.block.ms = 60000
	max.in.flight.requests.per.connection = 5
	max.request.size = 1048576
	metadata.max.age.ms = 300000
	metadata.max.idle.ms = 300000
	metric.reporters = []
	metrics.num.samples = 2
	metrics.recording.level = INFO
	metrics.sample.window.ms = 30000
	partitioner.class = class org.apache.kafka.clients.producer.internals.DefaultPartitioner
	receive.buffer.bytes = 32768
	reconnect.backoff.max.ms = 1000
	reconnect.backoff.ms = 50
	request.timeout.ms = 30000
	retries = 2147483647
	retry.backoff.ms = 100
	sasl.client.callback.handler.class = null
	sasl.jaas.config = null
	sasl.kerberos.kinit.cmd = /usr/bin/kinit
	sasl.kerberos.min.time.before.relogin = 60000
	sasl.kerberos.service.name = null
	sasl.kerberos.ticket.renew.jitter = 0.05
	sasl.kerberos.ticket.renew.window.factor = 0.8
	sasl.login.callback.handler.class = null
	sasl.login.class = null
	sasl.login.refresh.buffer.seconds = 300
	sasl.login.refresh.min.period.seconds = 60
	sasl.login.refresh.window.factor = 0.8
	sasl.login.refresh.window.jitter = 0.05
	sasl.mechanism = GSSAPI
	security.protocol = PLAINTEXT
	security.providers = null
	send.buffer.bytes = 131072
	ssl.cipher.suites = null
	ssl.enabled.protocols = [TLSv1.2, TLSv1.3]
	ssl.endpoint.identification.algorithm = https
	ssl.engine.factory.class = null
	ssl.key.password = null
	ssl.keymanager.algorithm = SunX509
	ssl.keystore.location = null
	ssl.keystore.password = null
	ssl.keystore.type = JKS
	ssl.protocol = TLSv1.3
	ssl.provider = null
	ssl.secure.random.implementation = null
	ssl.trustmanager.algorithm = PKIX
	ssl.truststore.location = null
	ssl.truststore.password = null
	ssl.truststore.type = JKS
	transaction.timeout.ms = 3600000
	transactional.id = null
	value.serializer = class org.apache.kafka.common.serialization.ByteArraySerializer

2026-10-01 02:41:11,799 INFO  org.apache.kafka.clients.producer.ProducerConfig             [] - ProducerConfig values: 
	acks = 1
	batch.size = 16384
	bootstrap.servers = [172.16.0.162:9092, 172.16.0.163:9092, 172.16.0.164:9092]
	buffer.memory = 33554432
	client.dns.lookup = use_all_dns_ips
	client.id = producer-12
	compression.type = none
	connections.max.idle.ms = 540000
	delivery.timeout.ms = 120000
	enable.idempotence = false
	interceptor.classes = []
	internal.auto.downgrade.txn.commit = false
	key.serializer = class org.apache.kafka.common.serialization.ByteArraySerializer
	linger.ms = 0
	max.block.ms = 60000
	max.in.flight.requests.per.connection = 5
	max.request.size = 1048576
	metadata.max.age.ms = 300000
	metadata.max.idle.ms = 300000
	metric.reporters = []
	metrics.num.samples = 2
	metrics.recording.level = INFO
	metrics.sample.window.ms = 30000
	partitioner.class = class org.apache.kafka.clients.producer.internals.DefaultPartitioner
	receive.buffer.bytes = 32768
	reconnect.backoff.max.ms = 1000
	reconnect.backoff.ms = 50
	request.timeout.ms = 30000
	retries = 2147483647
	retry.backoff.ms = 100
	sasl.client.callback.handler.class = null
	sasl.jaas.config = null
	sasl.kerberos.kinit.cmd = /usr/bin/kinit
	sasl.kerberos.min.time.before.relogin = 60000
	sasl.kerberos.service.name = null
	sasl.kerberos.ticket.renew.jitter = 0.05
	sasl.kerberos.ticket.renew.window.factor = 0.8
	sasl.login.callback.handler.class = null
	sasl.login.class = null
	sasl.login.refresh.buffer.seconds = 300
	sasl.login.refresh.min.period.seconds = 60
	sasl.login.refresh.window.factor = 0.8
	sasl.login.refresh.window.jitter = 0.05
	sasl.mechanism = GSSAPI
	security.protocol = PLAINTEXT
	security.providers = null
	send.buffer.bytes = 131072
	ssl.cipher.suites = null
	ssl.enabled.protocols = [TLSv1.2, TLSv1.3]
	ssl.endpoint.identification.algorithm = https
	ssl.engine.factory.class = null
	ssl.key.password = null
	ssl.keymanager.algorithm = SunX509
	ssl.keystore.location = null
	ssl.keystore.password = null
	ssl.keystore.type = JKS
	ssl.protocol = TLSv1.3
	ssl.provider = null
	ssl.secure.random.implementation = null
	ssl.trustmanager.algorithm = PKIX
	ssl.truststore.location = null
	ssl.truststore.password = null
	ssl.truststore.type = JKS
	transaction.timeout.ms = 3600000
	transactional.id = null
	value.serializer = class org.apache.kafka.common.serialization.ByteArraySerializer

2026-10-01 02:41:11,800 INFO  org.apache.flink.streaming.api.functions.sink.TwoPhaseCommitSinkFunction [] - FlinkKafkaProducer 8/8 - no state to restore
2026-10-01 02:41:11,798 INFO  org.apache.kafka.clients.producer.ProducerConfig             [] - ProducerConfig values: 
	acks = 1
	batch.size = 16384
	bootstrap.servers = [172.16.0.162:9092, 172.16.0.163:9092, 172.16.0.164:9092]
	buffer.memory = 33554432
	client.dns.lookup = use_all_dns_ips
	client.id = producer-7
	compression.type = none
	connections.max.idle.ms = 540000
	delivery.timeout.ms = 120000
	enable.idempotence = false
	interceptor.classes = []
	internal.auto.downgrade.txn.commit = false
	key.serializer = class org.apache.kafka.common.serialization.ByteArraySerializer
	linger.ms = 0
	max.block.ms = 60000
	max.in.flight.requests.per.connection = 5
	max.request.size = 1048576
	metadata.max.age.ms = 300000
	metadata.max.idle.ms = 300000
	metric.reporters = []
	metrics.num.samples = 2
	metrics.recording.level = INFO
	metrics.sample.window.ms = 30000
	partitioner.class = class org.apache.kafka.clients.producer.internals.DefaultPartitioner
	receive.buffer.bytes = 32768
	reconnect.backoff.max.ms = 1000
	reconnect.backoff.ms = 50
	request.timeout.ms = 30000
	retries = 2147483647
	retry.backoff.ms = 100
	sasl.client.callback.handler.class = null
	sasl.jaas.config = null
	sasl.kerberos.kinit.cmd = /usr/bin/kinit
	sasl.kerberos.min.time.before.relogin = 60000
	sasl.kerberos.service.name = null
	sasl.kerberos.ticket.renew.jitter = 0.05
	sasl.kerberos.ticket.renew.window.factor = 0.8
	sasl.login.callback.handler.class = null
	sasl.login.class = null
	sasl.login.refresh.buffer.seconds = 300
	sasl.login.refresh.min.period.seconds = 60
	sasl.login.refresh.window.factor = 0.8
	sasl.login.refresh.window.jitter = 0.05
	sasl.mechanism = GSSAPI
	security.protocol = PLAINTEXT
	security.providers = null
	send.buffer.bytes = 131072
	ssl.cipher.suites = null
	ssl.enabled.protocols = [TLSv1.2, TLSv1.3]
	ssl.endpoint.identification.algorithm = https
	ssl.engine.factory.class = null
	ssl.key.password = null
	ssl.keymanager.algorithm = SunX509
	ssl.keystore.location = null
	ssl.keystore.password = null
	ssl.keystore.type = JKS
	ssl.protocol = TLSv1.3
	ssl.provider = null
	ssl.secure.random.implementation = null
	ssl.trustmanager.algorithm = PKIX
	ssl.truststore.location = null
	ssl.truststore.password = null
	ssl.truststore.type = JKS
	transaction.timeout.ms = 3600000
	transactional.id = null
	value.serializer = class org.apache.kafka.common.serialization.ByteArraySerializer

2026-10-01 02:41:11,801 INFO  org.apache.flink.streaming.api.functions.sink.TwoPhaseCommitSinkFunction [] - FlinkKafkaProducer 8/8 - no state to restore
2026-10-01 02:41:11,801 INFO  org.apache.flink.streaming.api.functions.sink.TwoPhaseCommitSinkFunction [] - FlinkKafkaProducer 5/8 - no state to restore
2026-10-01 02:41:11,799 INFO  org.apache.kafka.clients.producer.ProducerConfig             [] - ProducerConfig values: 
	acks = 1
	batch.size = 16384
	bootstrap.servers = [172.16.0.162:9092, 172.16.0.163:9092, 172.16.0.164:9092]
	buffer.memory = 33554432
	client.dns.lookup = use_all_dns_ips
	client.id = producer-9
	compression.type = none
	connections.max.idle.ms = 540000
	delivery.timeout.ms = 120000
	enable.idempotence = false
	interceptor.classes = []
	internal.auto.downgrade.txn.commit = false
	key.serializer = class org.apache.kafka.common.serialization.ByteArraySerializer
	linger.ms = 0
	max.block.ms = 60000
	max.in.flight.requests.per.connection = 5
	max.request.size = 1048576
	metadata.max.age.ms = 300000
	metadata.max.idle.ms = 300000
	metric.reporters = []
	metrics.num.samples = 2
	metrics.recording.level = INFO
	metrics.sample.window.ms = 30000
	partitioner.class = class org.apache.kafka.clients.producer.internals.DefaultPartitioner
	receive.buffer.bytes = 32768
	reconnect.backoff.max.ms = 1000
	reconnect.backoff.ms = 50
	request.timeout.ms = 30000
	retries = 2147483647
	retry.backoff.ms = 100
	sasl.client.callback.handler.class = null
	sasl.jaas.config = null
	sasl.kerberos.kinit.cmd = /usr/bin/kinit
	sasl.kerberos.min.time.before.relogin = 60000
	sasl.kerberos.service.name = null
	sasl.kerberos.ticket.renew.jitter = 0.05
	sasl.kerberos.ticket.renew.window.factor = 0.8
	sasl.login.callback.handler.class = null
	sasl.login.class = null
	sasl.login.refresh.buffer.seconds = 300
	sasl.login.refresh.min.period.seconds = 60
	sasl.login.refresh.window.factor = 0.8
	sasl.login.refresh.window.jitter = 0.05
	sasl.mechanism = GSSAPI
	security.protocol = PLAINTEXT
	security.providers = null
	send.buffer.bytes = 131072
	ssl.cipher.suites = null
	ssl.enabled.protocols = [TLSv1.2, TLSv1.3]
	ssl.endpoint.identification.algorithm = https
	ssl.engine.factory.class = null
	ssl.key.password = null
	ssl.keymanager.algorithm = SunX509
	ssl.keystore.location = null
	ssl.keystore.password = null
	ssl.keystore.type = JKS
	ssl.protocol = TLSv1.3
	ssl.provider = null
	ssl.secure.random.implementation = null
	ssl.trustmanager.algorithm = PKIX
	ssl.truststore.location = null
	ssl.truststore.password = null
	ssl.truststore.type = JKS
	transaction.timeout.ms = 3600000
	transactional.id = null
	value.serializer = class org.apache.kafka.common.serialization.ByteArraySerializer

2026-10-01 02:41:11,799 INFO  org.apache.kafka.clients.producer.ProducerConfig             [] - ProducerConfig values: 
	acks = 1
	batch.size = 16384
	bootstrap.servers = [172.16.0.162:9092, 172.16.0.163:9092, 172.16.0.164:9092]
	buffer.memory = 33554432
	client.dns.lookup = use_all_dns_ips
	client.id = producer-11
	compression.type = none
	connections.max.idle.ms = 540000
	delivery.timeout.ms = 120000
	enable.idempotence = false
	interceptor.classes = []
	internal.auto.downgrade.txn.commit = false
	key.serializer = class org.apache.kafka.common.serialization.ByteArraySerializer
	linger.ms = 0
	max.block.ms = 60000
	max.in.flight.requests.per.connection = 5
	max.request.size = 1048576
	metadata.max.age.ms = 300000
	metadata.max.idle.ms = 300000
	metric.reporters = []
	metrics.num.samples = 2
	metrics.recording.level = INFO
	metrics.sample.window.ms = 30000
	partitioner.class = class org.apache.kafka.clients.producer.internals.DefaultPartitioner
	receive.buffer.bytes = 32768
	reconnect.backoff.max.ms = 1000
	reconnect.backoff.ms = 50
	request.timeout.ms = 30000
	retries = 2147483647
	retry.backoff.ms = 100
	sasl.client.callback.handler.class = null
	sasl.jaas.config = null
	sasl.kerberos.kinit.cmd = /usr/bin/kinit
	sasl.kerberos.min.time.before.relogin = 60000
	sasl.kerberos.service.name = null
	sasl.kerberos.ticket.renew.jitter = 0.05
	sasl.kerberos.ticket.renew.window.factor = 0.8
	sasl.login.callback.handler.class = null
	sasl.login.class = null
	sasl.login.refresh.buffer.seconds = 300
	sasl.login.refresh.min.period.seconds = 60
	sasl.login.refresh.window.factor = 0.8
	sasl.login.refresh.window.jitter = 0.05
	sasl.mechanism = GSSAPI
	security.protocol = PLAINTEXT
	security.providers = null
	send.buffer.bytes = 131072
	ssl.cipher.suites = null
	ssl.enabled.protocols = [TLSv1.2, TLSv1.3]
	ssl.endpoint.identification.algorithm = https
	ssl.engine.factory.class = null
	ssl.key.password = null
	ssl.keymanager.algorithm = SunX509
	ssl.keystore.location = null
	ssl.keystore.password = null
	ssl.keystore.type = JKS
	ssl.protocol = TLSv1.3
	ssl.provider = null
	ssl.secure.random.implementation = null
	ssl.trustmanager.algorithm = PKIX
	ssl.truststore.location = null
	ssl.truststore.password = null
	ssl.truststore.type = JKS
	transaction.timeout.ms = 3600000
	transactional.id = null
	value.serializer = class org.apache.kafka.common.serialization.ByteArraySerializer

2026-10-01 02:41:11,804 INFO  org.apache.flink.streaming.api.functions.sink.TwoPhaseCommitSinkFunction [] - FlinkKafkaProducer 4/8 - no state to restore
2026-10-01 02:41:11,820 INFO  org.apache.flink.runtime.taskmanager.Task                    [] - RobustScaler (5/8)#0 (78d7ced31065c4e221e3685a3f07474f) switched from INITIALIZING to RUNNING.
2026-10-01 02:41:11,835 INFO  org.apache.kafka.clients.producer.ProducerConfig             [] - ProducerConfig values: 
	acks = 1
	batch.size = 16384
	bootstrap.servers = [172.16.0.162:9092, 172.16.0.163:9092, 172.16.0.164:9092]
	buffer.memory = 33554432
	client.dns.lookup = use_all_dns_ips
	client.id = producer-13
	compression.type = none
	connections.max.idle.ms = 540000
	delivery.timeout.ms = 120000
	enable.idempotence = false
	interceptor.classes = []
	internal.auto.downgrade.txn.commit = false
	key.serializer = class org.apache.kafka.common.serialization.ByteArraySerializer
	linger.ms = 0
	max.block.ms = 60000
	max.in.flight.requests.per.connection = 5
	max.request.size = 1048576
	metadata.max.age.ms = 300000
	metadata.max.idle.ms = 300000
	metric.reporters = []
	metrics.num.samples = 2
	metrics.recording.level = INFO
	metrics.sample.window.ms = 30000
	partitioner.class = class org.apache.kafka.clients.producer.internals.DefaultPartitioner
	receive.buffer.bytes = 32768
	reconnect.backoff.max.ms = 1000
	reconnect.backoff.ms = 50
	request.timeout.ms = 30000
	retries = 2147483647
	retry.backoff.ms = 100
	sasl.client.callback.handler.class = null
	sasl.jaas.config = null
	sasl.kerberos.kinit.cmd = /usr/bin/kinit
	sasl.kerberos.min.time.before.relogin = 60000
	sasl.kerberos.service.name = null
	sasl.kerberos.ticket.renew.jitter = 0.05
	sasl.kerberos.ticket.renew.window.factor = 0.8
	sasl.login.callback.handler.class = null
	sasl.login.class = null
	sasl.login.refresh.buffer.seconds = 300
	sasl.login.refresh.min.period.seconds = 60
	sasl.login.refresh.window.factor = 0.8
	sasl.login.refresh.window.jitter = 0.05
	sasl.mechanism = GSSAPI
	security.protocol = PLAINTEXT
	security.providers = null
	send.buffer.bytes = 131072
	ssl.cipher.suites = null
	ssl.enabled.protocols = [TLSv1.2, TLSv1.3]
	ssl.endpoint.identification.algorithm = https
	ssl.engine.factory.class = null
	ssl.key.password = null
	ssl.keymanager.algorithm = SunX509
	ssl.keystore.location = null
	ssl.keystore.password = null
	ssl.keystore.type = JKS
	ssl.protocol = TLSv1.3
	ssl.provider = null
	ssl.secure.random.implementation = null
	ssl.trustmanager.algorithm = PKIX
	ssl.truststore.location = null
	ssl.truststore.password = null
	ssl.truststore.type = JKS
	transaction.timeout.ms = 3600000
	transactional.id = null
	value.serializer = class org.apache.kafka.common.serialization.ByteArraySerializer

2026-10-01 02:41:11,836 INFO  org.apache.kafka.clients.producer.ProducerConfig             [] - ProducerConfig values: 
	acks = 1
	batch.size = 16384
	bootstrap.servers = [172.16.0.162:9092, 172.16.0.163:9092, 172.16.0.164:9092]
	buffer.memory = 33554432
	client.dns.lookup = use_all_dns_ips
	client.id = producer-14
	compression.type = none
	connections.max.idle.ms = 540000
	delivery.timeout.ms = 120000
	enable.idempotence = false
	interceptor.classes = []
	internal.auto.downgrade.txn.commit = false
	key.serializer = class org.apache.kafka.common.serialization.ByteArraySerializer
	linger.ms = 0
	max.block.ms = 60000
	max.in.flight.requests.per.connection = 5
	max.request.size = 1048576
	metadata.max.age.ms = 300000
	metadata.max.idle.ms = 300000
	metric.reporters = []
	metrics.num.samples = 2
	metrics.recording.level = INFO
	metrics.sample.window.ms = 30000
	partitioner.class = class org.apache.kafka.clients.producer.internals.DefaultPartitioner
	receive.buffer.bytes = 32768
	reconnect.backoff.max.ms = 1000
	reconnect.backoff.ms = 50
	request.timeout.ms = 30000
	retries = 2147483647
	retry.backoff.ms = 100
	sasl.client.callback.handler.class = null
	sasl.jaas.config = null
	sasl.kerberos.kinit.cmd = /usr/bin/kinit
	sasl.kerberos.min.time.before.relogin = 60000
	sasl.kerberos.service.name = null
	sasl.kerberos.ticket.renew.jitter = 0.05
	sasl.kerberos.ticket.renew.window.factor = 0.8
	sasl.login.callback.handler.class = null
	sasl.login.class = null
	sasl.login.refresh.buffer.seconds = 300
	sasl.login.refresh.min.period.seconds = 60
	sasl.login.refresh.window.factor = 0.8
	sasl.login.refresh.window.jitter = 0.05
	sasl.mechanism = GSSAPI
	security.protocol = PLAINTEXT
	security.providers = null
	send.buffer.bytes = 131072
	ssl.cipher.suites = null
	ssl.enabled.protocols = [TLSv1.2, TLSv1.3]
	ssl.endpoint.identification.algorithm = https
	ssl.engine.factory.class = null
	ssl.key.password = null
	ssl.keymanager.algorithm = SunX509
	ssl.keystore.location = null
	ssl.keystore.password = null
	ssl.keystore.type = JKS
	ssl.protocol = TLSv1.3
	ssl.provider = null
	ssl.secure.random.implementation = null
	ssl.trustmanager.algorithm = PKIX
	ssl.truststore.location = null
	ssl.truststore.password = null
	ssl.truststore.type = JKS
	transaction.timeout.ms = 3600000
	transactional.id = null
	value.serializer = class org.apache.kafka.common.serialization.ByteArraySerializer

2026-10-01 02:41:11,836 INFO  org.apache.kafka.clients.producer.ProducerConfig             [] - ProducerConfig values: 
	acks = 1
	batch.size = 16384
	bootstrap.servers = [172.16.0.162:9092, 172.16.0.163:9092, 172.16.0.164:9092]
	buffer.memory = 33554432
	client.dns.lookup = use_all_dns_ips
	client.id = producer-15
	compression.type = none
	connections.max.idle.ms = 540000
	delivery.timeout.ms = 120000
	enable.idempotence = false
	interceptor.classes = []
	internal.auto.downgrade.txn.commit = false
	key.serializer = class org.apache.kafka.common.serialization.ByteArraySerializer
	linger.ms = 0
	max.block.ms = 60000
	max.in.flight.requests.per.connection = 5
	max.request.size = 1048576
	metadata.max.age.ms = 300000
	metadata.max.idle.ms = 300000
	metric.reporters = []
	metrics.num.samples = 2
	metrics.recording.level = INFO
	metrics.sample.window.ms = 30000
	partitioner.class = class org.apache.kafka.clients.producer.internals.DefaultPartitioner
	receive.buffer.bytes = 32768
	reconnect.backoff.max.ms = 1000
	reconnect.backoff.ms = 50
	request.timeout.ms = 30000
	retries = 2147483647
	retry.backoff.ms = 100
	sasl.client.callback.handler.class = null
	sasl.jaas.config = null
	sasl.kerberos.kinit.cmd = /usr/bin/kinit
	sasl.kerberos.min.time.before.relogin = 60000
	sasl.kerberos.service.name = null
	sasl.kerberos.ticket.renew.jitter = 0.05
	sasl.kerberos.ticket.renew.window.factor = 0.8
	sasl.login.callback.handler.class = null
	sasl.login.class = null
	sasl.login.refresh.buffer.seconds = 300
	sasl.login.refresh.min.period.seconds = 60
	sasl.login.refresh.window.factor = 0.8
	sasl.login.refresh.window.jitter = 0.05
	sasl.mechanism = GSSAPI
	security.protocol = PLAINTEXT
	security.providers = null
	send.buffer.bytes = 131072
	ssl.cipher.suites = null
	ssl.enabled.protocols = [TLSv1.2, TLSv1.3]
	ssl.endpoint.identification.algorithm = https
	ssl.engine.factory.class = null
	ssl.key.password = null
	ssl.keymanager.algorithm = SunX509
	ssl.keystore.location = null
	ssl.keystore.password = null
	ssl.keystore.type = JKS
	ssl.protocol = TLSv1.3
	ssl.provider = null
	ssl.secure.random.implementation = null
	ssl.trustmanager.algorithm = PKIX
	ssl.truststore.location = null
	ssl.truststore.password = null
	ssl.truststore.type = JKS
	transaction.timeout.ms = 3600000
	transactional.id = null
	value.serializer = class org.apache.kafka.common.serialization.ByteArraySerializer

2026-10-01 02:41:11,839 INFO  org.apache.kafka.clients.producer.ProducerConfig             [] - ProducerConfig values: 
	acks = 1
	batch.size = 16384
	bootstrap.servers = [172.16.0.162:9092, 172.16.0.163:9092, 172.16.0.164:9092]
	buffer.memory = 33554432
	client.dns.lookup = use_all_dns_ips
	client.id = producer-16
	compression.type = none
	connections.max.idle.ms = 540000
	delivery.timeout.ms = 120000
	enable.idempotence = false
	interceptor.classes = []
	internal.auto.downgrade.txn.commit = false
	key.serializer = class org.apache.kafka.common.serialization.ByteArraySerializer
	linger.ms = 0
	max.block.ms = 60000
	max.in.flight.requests.per.connection = 5
	max.request.size = 1048576
	metadata.max.age.ms = 300000
	metadata.max.idle.ms = 300000
	metric.reporters = []
	metrics.num.samples = 2
	metrics.recording.level = INFO
	metrics.sample.window.ms = 30000
	partitioner.class = class org.apache.kafka.clients.producer.internals.DefaultPartitioner
	receive.buffer.bytes = 32768
	reconnect.backoff.max.ms = 1000
	reconnect.backoff.ms = 50
	request.timeout.ms = 30000
	retries = 2147483647
	retry.backoff.ms = 100
	sasl.client.callback.handler.class = null
	sasl.jaas.config = null
	sasl.kerberos.kinit.cmd = /usr/bin/kinit
	sasl.kerberos.min.time.before.relogin = 60000
	sasl.kerberos.service.name = null
	sasl.kerberos.ticket.renew.jitter = 0.05
	sasl.kerberos.ticket.renew.window.factor = 0.8
	sasl.login.callback.handler.class = null
	sasl.login.class = null
	sasl.login.refresh.buffer.seconds = 300
	sasl.login.refresh.min.period.seconds = 60
	sasl.login.refresh.window.factor = 0.8
	sasl.login.refresh.window.jitter = 0.05
	sasl.mechanism = GSSAPI
	security.protocol = PLAINTEXT
	security.providers = null
	send.buffer.bytes = 131072
	ssl.cipher.suites = null
	ssl.enabled.protocols = [TLSv1.2, TLSv1.3]
	ssl.endpoint.identification.algorithm = https
	ssl.engine.factory.class = null
	ssl.key.password = null
	ssl.keymanager.algorithm = SunX509
	ssl.keystore.location = null
	ssl.keystore.password = null
	ssl.keystore.type = JKS
	ssl.protocol = TLSv1.3
	ssl.provider = null
	ssl.secure.random.implementation = null
	ssl.trustmanager.algorithm = PKIX
	ssl.truststore.location = null
	ssl.truststore.password = null
	ssl.truststore.type = JKS
	transaction.timeout.ms = 3600000
	transactional.id = null
	value.serializer = class org.apache.kafka.common.serialization.ByteArraySerializer

2026-10-01 02:41:11,855 INFO  org.apache.kafka.common.utils.AppInfoParser                  [] - Kafka version: 2.6.3
2026-10-01 02:41:11,856 INFO  org.apache.kafka.common.utils.AppInfoParser                  [] - Kafka commitId: c24cbd3f5eeffa1e
2026-10-01 02:41:11,856 INFO  org.apache.kafka.common.utils.AppInfoParser                  [] - Kafka startTimeMs: 1790822471786
2026-10-01 02:41:11,897 INFO  org.apache.flink.streaming.connectors.kafka.FlinkKafkaProducer [] - Starting FlinkKafkaInternalProducer (1/8) to produce into default topic synergia-scores
2026-10-01 02:41:11,897 INFO  org.apache.kafka.common.utils.AppInfoParser                  [] - Kafka version: 2.6.3
2026-10-01 02:41:11,903 INFO  org.apache.kafka.common.utils.AppInfoParser                  [] - Kafka commitId: c24cbd3f5eeffa1e
2026-10-01 02:41:11,903 INFO  org.apache.kafka.common.utils.AppInfoParser                  [] - Kafka startTimeMs: 1790822471894
2026-10-01 02:41:11,903 INFO  org.apache.flink.streaming.connectors.kafka.FlinkKafkaProducer [] - Starting FlinkKafkaInternalProducer (8/8) to produce into default topic synergia-scores
2026-10-01 02:41:11,903 INFO  org.apache.kafka.common.utils.AppInfoParser                  [] - Kafka version: 2.6.3
2026-10-01 02:41:11,904 INFO  org.apache.kafka.common.utils.AppInfoParser                  [] - Kafka commitId: c24cbd3f5eeffa1e
2026-10-01 02:41:11,904 INFO  org.apache.kafka.common.utils.AppInfoParser                  [] - Kafka startTimeMs: 1790822471893
2026-10-01 02:41:11,904 INFO  org.apache.kafka.common.utils.AppInfoParser                  [] - Kafka version: 2.6.3
2026-10-01 02:41:11,904 INFO  org.apache.kafka.common.utils.AppInfoParser                  [] - Kafka commitId: c24cbd3f5eeffa1e
2026-10-01 02:41:11,905 INFO  org.apache.kafka.common.utils.AppInfoParser                  [] - Kafka startTimeMs: 1790822471889
2026-10-01 02:41:11,905 INFO  org.apache.flink.streaming.connectors.kafka.FlinkKafkaProducer [] - Starting FlinkKafkaInternalProducer (5/8) to produce into default topic synergia-scores
2026-10-01 02:41:11,905 INFO  org.apache.kafka.common.utils.AppInfoParser                  [] - Kafka version: 2.6.3
2026-10-01 02:41:11,907 INFO  org.apache.kafka.common.utils.AppInfoParser                  [] - Kafka commitId: c24cbd3f5eeffa1e
2026-10-01 02:41:11,907 INFO  org.apache.kafka.common.utils.AppInfoParser                  [] - Kafka startTimeMs: 1790822471887
2026-10-01 02:41:11,908 INFO  org.apache.flink.streaming.connectors.kafka.FlinkKafkaProducer [] - Starting FlinkKafkaInternalProducer (5/8) to produce into default topic synergia-scores
2026-10-01 02:41:11,909 INFO  org.apache.flink.streaming.connectors.kafka.FlinkKafkaProducer [] - Starting FlinkKafkaInternalProducer (8/8) to produce into default topic synergia-m1-out
2026-10-01 02:41:11,908 INFO  org.apache.kafka.common.utils.AppInfoParser                  [] - Kafka version: 2.6.3
2026-10-01 02:41:11,910 INFO  org.apache.kafka.common.utils.AppInfoParser                  [] - Kafka commitId: c24cbd3f5eeffa1e
2026-10-01 02:41:11,910 INFO  org.apache.kafka.common.utils.AppInfoParser                  [] - Kafka startTimeMs: 1790822471880
2026-10-01 02:41:11,912 INFO  org.apache.kafka.common.utils.AppInfoParser                  [] - Kafka version: 2.6.3
2026-10-01 02:41:11,912 INFO  org.apache.kafka.common.utils.AppInfoParser                  [] - Kafka commitId: c24cbd3f5eeffa1e
2026-10-01 02:41:11,912 INFO  org.apache.kafka.common.utils.AppInfoParser                  [] - Kafka startTimeMs: 1790822471879
2026-10-01 02:41:11,912 INFO  org.apache.flink.streaming.connectors.kafka.FlinkKafkaProducer [] - Starting FlinkKafkaInternalProducer (1/8) to produce into default topic synergia-monitoring
2026-10-01 02:41:11,918 INFO  org.apache.flink.streaming.connectors.kafka.FlinkKafkaProducer [] - Starting FlinkKafkaInternalProducer (4/8) to produce into default topic synergia-scores
2026-10-01 02:41:11,918 INFO  org.apache.kafka.common.utils.AppInfoParser                  [] - Kafka version: 2.6.3
2026-10-01 02:41:11,918 INFO  org.apache.kafka.common.utils.AppInfoParser                  [] - Kafka commitId: c24cbd3f5eeffa1e
2026-10-01 02:41:11,918 INFO  org.apache.kafka.common.utils.AppInfoParser                  [] - Kafka startTimeMs: 1790822471872
2026-10-01 02:41:11,919 INFO  org.apache.flink.streaming.api.functions.sink.TwoPhaseCommitSinkFunction [] - FlinkKafkaProducer 8/8 - no state to restore
2026-10-01 02:41:11,919 INFO  org.apache.kafka.common.utils.AppInfoParser                  [] - Kafka version: 2.6.3
2026-10-01 02:41:11,919 INFO  org.apache.flink.streaming.connectors.kafka.FlinkKafkaProducer [] - Starting FlinkKafkaInternalProducer (4/8) to produce into default topic synergia-m1-out
2026-10-01 02:41:11,919 INFO  org.apache.kafka.common.utils.AppInfoParser                  [] - Kafka commitId: c24cbd3f5eeffa1e
2026-10-01 02:41:11,919 INFO  org.apache.kafka.common.utils.AppInfoParser                  [] - Kafka startTimeMs: 1790822471840
2026-10-01 02:41:11,920 INFO  org.apache.flink.streaming.connectors.kafka.FlinkKafkaProducer [] - Starting FlinkKafkaInternalProducer (8/8) to produce into default topic synergia-scores
2026-10-01 02:41:11,920 INFO  org.apache.kafka.common.utils.AppInfoParser                  [] - Kafka version: 2.6.3
2026-10-01 02:41:11,922 INFO  org.apache.kafka.common.utils.AppInfoParser                  [] - Kafka commitId: c24cbd3f5eeffa1e
2026-10-01 02:41:11,922 INFO  org.apache.kafka.common.utils.AppInfoParser                  [] - Kafka startTimeMs: 1790822471819
2026-10-01 02:41:11,923 INFO  org.apache.flink.streaming.connectors.kafka.FlinkKafkaProducer [] - Starting FlinkKafkaInternalProducer (4/8) to produce into default topic synergia-monitoring
2026-10-01 02:41:11,923 INFO  org.apache.kafka.common.utils.AppInfoParser                  [] - Kafka version: 2.6.3
2026-10-01 02:41:11,923 INFO  org.apache.kafka.clients.producer.ProducerConfig             [] - ProducerConfig values: 
	acks = 1
	batch.size = 16384
	bootstrap.servers = [172.16.0.162:9092, 172.16.0.163:9092, 172.16.0.164:9092]
	buffer.memory = 33554432
	client.dns.lookup = use_all_dns_ips
	client.id = producer-17
	compression.type = none
	connections.max.idle.ms = 540000
	delivery.timeout.ms = 120000
	enable.idempotence = false
	interceptor.classes = []
	internal.auto.downgrade.txn.commit = false
	key.serializer = class org.apache.kafka.common.serialization.ByteArraySerializer
	linger.ms = 0
	max.block.ms = 60000
	max.in.flight.requests.per.connection = 5
	max.request.size = 1048576
	metadata.max.age.ms = 300000
	metadata.max.idle.ms = 300000
	metric.reporters = []
	metrics.num.samples = 2
	metrics.recording.level = INFO
	metrics.sample.window.ms = 30000
	partitioner.class = class org.apache.kafka.clients.producer.internals.DefaultPartitioner
	receive.buffer.bytes = 32768
	reconnect.backoff.max.ms = 1000
	reconnect.backoff.ms = 50
	request.timeout.ms = 30000
	retries = 2147483647
	retry.backoff.ms = 100
	sasl.client.callback.handler.class = null
	sasl.jaas.config = null
	sasl.kerberos.kinit.cmd = /usr/bin/kinit
	sasl.kerberos.min.time.before.relogin = 60000
	sasl.kerberos.service.name = null
	sasl.kerberos.ticket.renew.jitter = 0.05
	sasl.kerberos.ticket.renew.window.factor = 0.8
	sasl.login.callback.handler.class = null
	sasl.login.class = null
	sasl.login.refresh.buffer.seconds = 300
	sasl.login.refresh.min.period.seconds = 60
	sasl.login.refresh.window.factor = 0.8
	sasl.login.refresh.window.jitter = 0.05
	sasl.mechanism = GSSAPI
	security.protocol = PLAINTEXT
	security.providers = null
	send.buffer.bytes = 131072
	ssl.cipher.suites = null
	ssl.enabled.protocols = [TLSv1.2, TLSv1.3]
	ssl.endpoint.identification.algorithm = https
	ssl.engine.factory.class = null
	ssl.key.password = null
	ssl.keymanager.algorithm = SunX509
	ssl.keystore.location = null
	ssl.keystore.password = null
	ssl.keystore.type = JKS
	ssl.protocol = TLSv1.3
	ssl.provider = null
	ssl.secure.random.implementation = null
	ssl.trustmanager.algorithm = PKIX
	ssl.truststore.location = null
	ssl.truststore.password = null
	ssl.truststore.type = JKS
	transaction.timeout.ms = 3600000
	transactional.id = null
	value.serializer = class org.apache.kafka.common.serialization.ByteArraySerializer

2026-10-01 02:41:11,924 INFO  org.apache.kafka.common.utils.AppInfoParser                  [] - Kafka commitId: c24cbd3f5eeffa1e
2026-10-01 02:41:11,924 INFO  org.apache.kafka.common.utils.AppInfoParser                  [] - Kafka startTimeMs: 1790822471810
2026-10-01 02:41:11,925 INFO  org.apache.flink.streaming.connectors.kafka.FlinkKafkaProducer [] - Starting FlinkKafkaInternalProducer (1/8) to produce into default topic synergia-scores
2026-10-01 02:41:11,925 INFO  org.apache.kafka.common.utils.AppInfoParser                  [] - Kafka version: 2.6.3
2026-10-01 02:41:11,927 INFO  org.apache.flink.runtime.state.heap.HeapKeyedStateBackendBuilder [] - Finished to build heap keyed state-backend.
2026-10-01 02:41:11,927 INFO  org.apache.flink.runtime.state.heap.HeapKeyedStateBackend    [] - Initializing heap keyed state backend with stream factory.
2026-10-01 02:41:11,927 INFO  org.apache.kafka.common.utils.AppInfoParser                  [] - Kafka commitId: c24cbd3f5eeffa1e
2026-10-01 02:41:11,927 INFO  org.apache.kafka.common.utils.AppInfoParser                  [] - Kafka startTimeMs: 1790822471811
2026-10-01 02:41:11,928 INFO  org.apache.flink.streaming.connectors.kafka.FlinkKafkaProducer [] - Starting FlinkKafkaInternalProducer (5/8) to produce into default topic synergia-m1-out
2026-10-01 02:41:11,928 INFO  org.apache.kafka.common.utils.AppInfoParser                  [] - Kafka version: 2.6.3
2026-10-01 02:41:11,928 INFO  org.apache.kafka.common.utils.AppInfoParser                  [] - Kafka commitId: c24cbd3f5eeffa1e
2026-10-01 02:41:11,928 INFO  org.apache.kafka.common.utils.AppInfoParser                  [] - Kafka startTimeMs: 1790822471811
2026-10-01 02:41:11,928 INFO  org.apache.flink.streaming.connectors.kafka.FlinkKafkaProducer [] - Starting FlinkKafkaInternalProducer (1/8) to produce into default topic synergia-m1-out
2026-10-01 02:41:11,928 INFO  org.apache.kafka.common.utils.AppInfoParser                  [] - Kafka version: 2.6.3
2026-10-01 02:41:11,929 INFO  org.apache.kafka.common.utils.AppInfoParser                  [] - Kafka commitId: c24cbd3f5eeffa1e
2026-10-01 02:41:11,929 INFO  org.apache.kafka.common.utils.AppInfoParser                  [] - Kafka startTimeMs: 1790822471812
2026-10-01 02:41:11,929 INFO  org.apache.flink.streaming.connectors.kafka.FlinkKafkaProducer [] - Starting FlinkKafkaInternalProducer (5/8) to produce into default topic synergia-monitoring
2026-10-01 02:41:11,929 INFO  org.apache.kafka.common.utils.AppInfoParser                  [] - Kafka version: 2.6.3
2026-10-01 02:41:11,934 INFO  org.apache.kafka.common.utils.AppInfoParser                  [] - Kafka commitId: c24cbd3f5eeffa1e
2026-10-01 02:41:11,934 INFO  org.apache.kafka.common.utils.AppInfoParser                  [] - Kafka startTimeMs: 1790822471807
2026-10-01 02:41:11,934 INFO  org.apache.flink.streaming.connectors.kafka.FlinkKafkaProducer [] - Starting FlinkKafkaInternalProducer (4/8) to produce into default topic synergia-scores
2026-10-01 02:41:11,934 INFO  org.apache.kafka.common.utils.AppInfoParser                  [] - Kafka version: 2.6.3
2026-10-01 02:41:11,934 INFO  org.apache.kafka.common.utils.AppInfoParser                  [] - Kafka commitId: c24cbd3f5eeffa1e
2026-10-01 02:41:11,934 INFO  org.apache.kafka.common.utils.AppInfoParser                  [] - Kafka startTimeMs: 1790822471923
2026-10-01 02:41:11,934 INFO  org.apache.flink.streaming.connectors.kafka.FlinkKafkaProducer [] - Starting FlinkKafkaInternalProducer (8/8) to produce into default topic synergia-monitoring
2026-10-01 02:41:11,934 INFO  org.apache.kafka.common.utils.AppInfoParser                  [] - Kafka version: 2.6.3
2026-10-01 02:41:11,934 INFO  org.apache.kafka.common.utils.AppInfoParser                  [] - Kafka commitId: c24cbd3f5eeffa1e
2026-10-01 02:41:11,935 INFO  org.apache.kafka.common.utils.AppInfoParser                  [] - Kafka startTimeMs: 1790822471921
2026-10-01 02:41:11,935 INFO  org.apache.kafka.common.utils.AppInfoParser                  [] - Kafka version: 2.6.3
2026-10-01 02:41:11,935 INFO  org.apache.kafka.common.utils.AppInfoParser                  [] - Kafka commitId: c24cbd3f5eeffa1e
2026-10-01 02:41:11,935 INFO  org.apache.kafka.common.utils.AppInfoParser                  [] - Kafka startTimeMs: 1790822471918
2026-10-01 02:41:11,935 INFO  org.apache.kafka.common.utils.AppInfoParser                  [] - Kafka version: 2.6.3
2026-10-01 02:41:11,935 INFO  org.apache.kafka.common.utils.AppInfoParser                  [] - Kafka commitId: c24cbd3f5eeffa1e
2026-10-01 02:41:11,935 INFO  org.apache.kafka.common.utils.AppInfoParser                  [] - Kafka startTimeMs: 1790822471917
2026-10-01 02:41:11,936 INFO  org.apache.kafka.common.utils.AppInfoParser                  [] - Kafka version: 2.6.3
2026-10-01 02:41:11,936 INFO  org.apache.kafka.common.utils.AppInfoParser                  [] - Kafka commitId: c24cbd3f5eeffa1e
2026-10-01 02:41:11,936 INFO  org.apache.kafka.common.utils.AppInfoParser                  [] - Kafka startTimeMs: 1790822471917
2026-10-01 02:41:11,938 INFO  org.apache.flink.streaming.api.functions.sink.TwoPhaseCommitSinkFunction [] - FlinkKafkaProducer 5/8 - no state to restore
2026-10-01 02:41:11,959 INFO  org.apache.flink.runtime.state.heap.HeapKeyedStateBackendBuilder [] - Finished to build heap keyed state-backend.
2026-10-01 02:41:11,959 INFO  org.apache.flink.runtime.state.heap.HeapKeyedStateBackend    [] - Initializing heap keyed state backend with stream factory.
2026-10-01 02:41:11,963 INFO  org.apache.kafka.clients.producer.ProducerConfig             [] - ProducerConfig values: 
	acks = 1
	batch.size = 16384
	bootstrap.servers = [172.16.0.162:9092, 172.16.0.163:9092, 172.16.0.164:9092]
	buffer.memory = 33554432
	client.dns.lookup = use_all_dns_ips
	client.id = producer-18
	compression.type = none
	connections.max.idle.ms = 540000
	delivery.timeout.ms = 120000
	enable.idempotence = false
	interceptor.classes = []
	internal.auto.downgrade.txn.commit = false
	key.serializer = class org.apache.kafka.common.serialization.ByteArraySerializer
	linger.ms = 0
	max.block.ms = 60000
	max.in.flight.requests.per.connection = 5
	max.request.size = 1048576
	metadata.max.age.ms = 300000
	metadata.max.idle.ms = 300000
	metric.reporters = []
	metrics.num.samples = 2
	metrics.recording.level = INFO
	metrics.sample.window.ms = 30000
	partitioner.class = class org.apache.kafka.clients.producer.internals.DefaultPartitioner
	receive.buffer.bytes = 32768
	reconnect.backoff.max.ms = 1000
	reconnect.backoff.ms = 50
	request.timeout.ms = 30000
	retries = 2147483647
	retry.backoff.ms = 100
	sasl.client.callback.handler.class = null
	sasl.jaas.config = null
	sasl.kerberos.kinit.cmd = /usr/bin/kinit
	sasl.kerberos.min.time.before.relogin = 60000
	sasl.kerberos.service.name = null
	sasl.kerberos.ticket.renew.jitter = 0.05
	sasl.kerberos.ticket.renew.window.factor = 0.8
	sasl.login.callback.handler.class = null
	sasl.login.class = null
	sasl.login.refresh.buffer.seconds = 300
	sasl.login.refresh.min.period.seconds = 60
	sasl.login.refresh.window.factor = 0.8
	sasl.login.refresh.window.jitter = 0.05
	sasl.mechanism = GSSAPI
	security.protocol = PLAINTEXT
	security.providers = null
	send.buffer.bytes = 131072
	ssl.cipher.suites = null
	ssl.enabled.protocols = [TLSv1.2, TLSv1.3]
	ssl.endpoint.identification.algorithm = https
	ssl.engine.factory.class = null
	ssl.key.password = null
	ssl.keymanager.algorithm = SunX509
	ssl.keystore.location = null
	ssl.keystore.password = null
	ssl.keystore.type = JKS
	ssl.protocol = TLSv1.3
	ssl.provider = null
	ssl.secure.random.implementation = null
	ssl.trustmanager.algorithm = PKIX
	ssl.truststore.location = null
	ssl.truststore.password = null
	ssl.truststore.type = JKS
	transaction.timeout.ms = 3600000
	transactional.id = null
	value.serializer = class org.apache.kafka.common.serialization.ByteArraySerializer

2026-10-01 02:41:11,967 INFO  org.apache.flink.streaming.api.functions.sink.TwoPhaseCommitSinkFunction [] - FlinkKafkaProducer 1/8 - no state to restore
2026-10-01 02:41:11,972 INFO  org.apache.kafka.clients.producer.ProducerConfig             [] - ProducerConfig values: 
	acks = 1
	batch.size = 16384
	bootstrap.servers = [172.16.0.162:9092, 172.16.0.163:9092, 172.16.0.164:9092]
	buffer.memory = 33554432
	client.dns.lookup = use_all_dns_ips
	client.id = producer-19
	compression.type = none
	connections.max.idle.ms = 540000
	delivery.timeout.ms = 120000
	enable.idempotence = false
	interceptor.classes = []
	internal.auto.downgrade.txn.commit = false
	key.serializer = class org.apache.kafka.common.serialization.ByteArraySerializer
	linger.ms = 0
	max.block.ms = 60000
	max.in.flight.requests.per.connection = 5
	max.request.size = 1048576
	metadata.max.age.ms = 300000
	metadata.max.idle.ms = 300000
	metric.reporters = []
	metrics.num.samples = 2
	metrics.recording.level = INFO
	metrics.sample.window.ms = 30000
	partitioner.class = class org.apache.kafka.clients.producer.internals.DefaultPartitioner
	receive.buffer.bytes = 32768
	reconnect.backoff.max.ms = 1000
	reconnect.backoff.ms = 50
	request.timeout.ms = 30000
	retries = 2147483647
	retry.backoff.ms = 100
	sasl.client.callback.handler.class = null
	sasl.jaas.config = null
	sasl.kerberos.kinit.cmd = /usr/bin/kinit
	sasl.kerberos.min.time.before.relogin = 60000
	sasl.kerberos.service.name = null
	sasl.kerberos.ticket.renew.jitter = 0.05
	sasl.kerberos.ticket.renew.window.factor = 0.8
	sasl.login.callback.handler.class = null
	sasl.login.class = null
	sasl.login.refresh.buffer.seconds = 300
	sasl.login.refresh.min.period.seconds = 60
	sasl.login.refresh.window.factor = 0.8
	sasl.login.refresh.window.jitter = 0.05
	sasl.mechanism = GSSAPI
	security.protocol = PLAINTEXT
	security.providers = null
	send.buffer.bytes = 131072
	ssl.cipher.suites = null
	ssl.enabled.protocols = [TLSv1.2, TLSv1.3]
	ssl.endpoint.identification.algorithm = https
	ssl.engine.factory.class = null
	ssl.key.password = null
	ssl.keymanager.algorithm = SunX509
	ssl.keystore.location = null
	ssl.keystore.password = null
	ssl.keystore.type = JKS
	ssl.protocol = TLSv1.3
	ssl.provider = null
	ssl.secure.random.implementation = null
	ssl.trustmanager.algorithm = PKIX
	ssl.truststore.location = null
	ssl.truststore.password = null
	ssl.truststore.type = JKS
	transaction.timeout.ms = 3600000
	transactional.id = null
	value.serializer = class org.apache.kafka.common.serialization.ByteArraySerializer

2026-10-01 02:41:11,976 INFO  org.apache.flink.streaming.api.functions.sink.TwoPhaseCommitSinkFunction [] - FlinkKafkaProducer 8/8 - no state to restore
2026-10-01 02:41:11,977 INFO  org.apache.kafka.common.utils.AppInfoParser                  [] - Kafka version: 2.6.3
2026-10-01 02:41:11,977 INFO  org.apache.kafka.common.utils.AppInfoParser                  [] - Kafka commitId: c24cbd3f5eeffa1e
2026-10-01 02:41:11,977 INFO  org.apache.kafka.common.utils.AppInfoParser                  [] - Kafka startTimeMs: 1790822471977
2026-10-01 02:41:11,977 INFO  org.apache.flink.streaming.connectors.kafka.FlinkKafkaProducer [] - Starting FlinkKafkaInternalProducer (5/8) to produce into default topic synergia-monitoring
2026-10-01 02:41:11,978 INFO  org.apache.kafka.clients.producer.ProducerConfig             [] - ProducerConfig values: 
	acks = 1
	batch.size = 16384
	bootstrap.servers = [172.16.0.162:9092, 172.16.0.163:9092, 172.16.0.164:9092]
	buffer.memory = 33554432
	client.dns.lookup = use_all_dns_ips
	client.id = producer-20
	compression.type = none
	connections.max.idle.ms = 540000
	delivery.timeout.ms = 120000
	enable.idempotence = false
	interceptor.classes = []
	internal.auto.downgrade.txn.commit = false
	key.serializer = class org.apache.kafka.common.serialization.ByteArraySerializer
	linger.ms = 0
	max.block.ms = 60000
	max.in.flight.requests.per.connection = 5
	max.request.size = 1048576
	metadata.max.age.ms = 300000
	metadata.max.idle.ms = 300000
	metric.reporters = []
	metrics.num.samples = 2
	metrics.recording.level = INFO
	metrics.sample.window.ms = 30000
	partitioner.class = class org.apache.kafka.clients.producer.internals.DefaultPartitioner
	receive.buffer.bytes = 32768
	reconnect.backoff.max.ms = 1000
	reconnect.backoff.ms = 50
	request.timeout.ms = 30000
	retries = 2147483647
	retry.backoff.ms = 100
	sasl.client.callback.handler.class = null
	sasl.jaas.config = null
	sasl.kerberos.kinit.cmd = /usr/bin/kinit
	sasl.kerberos.min.time.before.relogin = 60000
	sasl.kerberos.service.name = null
	sasl.kerberos.ticket.renew.jitter = 0.05
	sasl.kerberos.ticket.renew.window.factor = 0.8
	sasl.login.callback.handler.class = null
	sasl.login.class = null
	sasl.login.refresh.buffer.seconds = 300
	sasl.login.refresh.min.period.seconds = 60
	sasl.login.refresh.window.factor = 0.8
	sasl.login.refresh.window.jitter = 0.05
	sasl.mechanism = GSSAPI
	security.protocol = PLAINTEXT
	security.providers = null
	send.buffer.bytes = 131072
	ssl.cipher.suites = null
	ssl.enabled.protocols = [TLSv1.2, TLSv1.3]
	ssl.endpoint.identification.algorithm = https
	ssl.engine.factory.class = null
	ssl.key.password = null
	ssl.keymanager.algorithm = SunX509
	ssl.keystore.location = null
	ssl.keystore.password = null
	ssl.keystore.type = JKS
	ssl.protocol = TLSv1.3
	ssl.provider = null
	ssl.secure.random.implementation = null
	ssl.trustmanager.algorithm = PKIX
	ssl.truststore.location = null
	ssl.truststore.password = null
	ssl.truststore.type = JKS
	transaction.timeout.ms = 3600000
	transactional.id = null
	value.serializer = class org.apache.kafka.common.serialization.ByteArraySerializer

2026-10-01 02:41:11,979 INFO  org.apache.flink.runtime.state.heap.HeapKeyedStateBackendBuilder [] - Finished to build heap keyed state-backend.
2026-10-01 02:41:11,979 INFO  org.apache.flink.runtime.state.heap.HeapKeyedStateBackend    [] - Initializing heap keyed state backend with stream factory.
2026-10-01 02:41:11,982 INFO  org.apache.flink.streaming.api.functions.sink.TwoPhaseCommitSinkFunction [] - FlinkKafkaProducer 5/8 - no state to restore
2026-10-01 02:41:11,984 INFO  org.apache.kafka.clients.producer.ProducerConfig             [] - ProducerConfig values: 
	acks = 1
	batch.size = 16384
	bootstrap.servers = [172.16.0.162:9092, 172.16.0.163:9092, 172.16.0.164:9092]
	buffer.memory = 33554432
	client.dns.lookup = use_all_dns_ips
	client.id = producer-21
	compression.type = none
	connections.max.idle.ms = 540000
	delivery.timeout.ms = 120000
	enable.idempotence = false
	interceptor.classes = []
	internal.auto.downgrade.txn.commit = false
	key.serializer = class org.apache.kafka.common.serialization.ByteArraySerializer
	linger.ms = 0
	max.block.ms = 60000
	max.in.flight.requests.per.connection = 5
	max.request.size = 1048576
	metadata.max.age.ms = 300000
	metadata.max.idle.ms = 300000
	metric.reporters = []
	metrics.num.samples = 2
	metrics.recording.level = INFO
	metrics.sample.window.ms = 30000
	partitioner.class = class org.apache.kafka.clients.producer.internals.DefaultPartitioner
	receive.buffer.bytes = 32768
	reconnect.backoff.max.ms = 1000
	reconnect.backoff.ms = 50
	request.timeout.ms = 30000
	retries = 2147483647
	retry.backoff.ms = 100
	sasl.client.callback.handler.class = null
	sasl.jaas.config = null
	sasl.kerberos.kinit.cmd = /usr/bin/kinit
	sasl.kerberos.min.time.before.relogin = 60000
	sasl.kerberos.service.name = null
	sasl.kerberos.ticket.renew.jitter = 0.05
	sasl.kerberos.ticket.renew.window.factor = 0.8
	sasl.login.callback.handler.class = null
	sasl.login.class = null
	sasl.login.refresh.buffer.seconds = 300
	sasl.login.refresh.min.period.seconds = 60
	sasl.login.refresh.window.factor = 0.8
	sasl.login.refresh.window.jitter = 0.05
	sasl.mechanism = GSSAPI
	security.protocol = PLAINTEXT
	security.providers = null
	send.buffer.bytes = 131072
	ssl.cipher.suites = null
	ssl.enabled.protocols = [TLSv1.2, TLSv1.3]
	ssl.endpoint.identification.algorithm = https
	ssl.engine.factory.class = null
	ssl.key.password = null
	ssl.keymanager.algorithm = SunX509
	ssl.keystore.location = null
	ssl.keystore.password = null
	ssl.keystore.type = JKS
	ssl.protocol = TLSv1.3
	ssl.provider = null
	ssl.secure.random.implementation = null
	ssl.trustmanager.algorithm = PKIX
	ssl.truststore.location = null
	ssl.truststore.password = null
	ssl.truststore.type = JKS
	transaction.timeout.ms = 3600000
	transactional.id = null
	value.serializer = class org.apache.kafka.common.serialization.ByteArraySerializer

2026-10-01 02:41:11,984 INFO  org.apache.kafka.common.utils.AppInfoParser                  [] - Kafka version: 2.6.3
2026-10-01 02:41:11,984 INFO  org.apache.kafka.common.utils.AppInfoParser                  [] - Kafka commitId: c24cbd3f5eeffa1e
2026-10-01 02:41:11,984 INFO  org.apache.kafka.common.utils.AppInfoParser                  [] - Kafka startTimeMs: 1790822471984
2026-10-01 02:41:11,985 INFO  org.apache.flink.streaming.connectors.kafka.FlinkKafkaProducer [] - Starting FlinkKafkaInternalProducer (1/8) to produce into default topic synergia-monitoring
2026-10-01 02:41:11,987 INFO  org.apache.flink.runtime.state.heap.HeapKeyedStateBackendBuilder [] - Finished to build heap keyed state-backend.
2026-10-01 02:41:11,987 INFO  org.apache.flink.runtime.state.heap.HeapKeyedStateBackend    [] - Initializing heap keyed state backend with stream factory.
2026-10-01 02:41:11,987 INFO  org.apache.flink.streaming.api.functions.sink.TwoPhaseCommitSinkFunction [] - FlinkKafkaProducer 1/8 - no state to restore
2026-10-01 02:41:11,988 INFO  org.apache.kafka.clients.producer.ProducerConfig             [] - ProducerConfig values: 
	acks = 1
	batch.size = 16384
	bootstrap.servers = [172.16.0.162:9092, 172.16.0.163:9092, 172.16.0.164:9092]
	buffer.memory = 33554432
	client.dns.lookup = use_all_dns_ips
	client.id = producer-22
	compression.type = none
	connections.max.idle.ms = 540000
	delivery.timeout.ms = 120000
	enable.idempotence = false
	interceptor.classes = []
	internal.auto.downgrade.txn.commit = false
	key.serializer = class org.apache.kafka.common.serialization.ByteArraySerializer
	linger.ms = 0
	max.block.ms = 60000
	max.in.flight.requests.per.connection = 5
	max.request.size = 1048576
	metadata.max.age.ms = 300000
	metadata.max.idle.ms = 300000
	metric.reporters = []
	metrics.num.samples = 2
	metrics.recording.level = INFO
	metrics.sample.window.ms = 30000
	partitioner.class = class org.apache.kafka.clients.producer.internals.DefaultPartitioner
	receive.buffer.bytes = 32768
	reconnect.backoff.max.ms = 1000
	reconnect.backoff.ms = 50
	request.timeout.ms = 30000
	retries = 2147483647
	retry.backoff.ms = 100
	sasl.client.callback.handler.class = null
	sasl.jaas.config = null
	sasl.kerberos.kinit.cmd = /usr/bin/kinit
	sasl.kerberos.min.time.before.relogin = 60000
	sasl.kerberos.service.name = null
	sasl.kerberos.ticket.renew.jitter = 0.05
	sasl.kerberos.ticket.renew.window.factor = 0.8
	sasl.login.callback.handler.class = null
	sasl.login.class = null
	sasl.login.refresh.buffer.seconds = 300
	sasl.login.refresh.min.period.seconds = 60
	sasl.login.refresh.window.factor = 0.8
	sasl.login.refresh.window.jitter = 0.05
	sasl.mechanism = GSSAPI
	security.protocol = PLAINTEXT
	security.providers = null
	send.buffer.bytes = 131072
	ssl.cipher.suites = null
	ssl.enabled.protocols = [TLSv1.2, TLSv1.3]
	ssl.endpoint.identification.algorithm = https
	ssl.engine.factory.class = null
	ssl.key.password = null
	ssl.keymanager.algorithm = SunX509
	ssl.keystore.location = null
	ssl.keystore.password = null
	ssl.keystore.type = JKS
	ssl.protocol = TLSv1.3
	ssl.provider = null
	ssl.secure.random.implementation = null
	ssl.trustmanager.algorithm = PKIX
	ssl.truststore.location = null
	ssl.truststore.password = null
	ssl.truststore.type = JKS
	transaction.timeout.ms = 3600000
	transactional.id = null
	value.serializer = class org.apache.kafka.common.serialization.ByteArraySerializer

2026-10-01 02:41:11,989 INFO  org.apache.flink.runtime.state.heap.HeapKeyedStateBackendBuilder [] - Finished to build heap keyed state-backend.
2026-10-01 02:41:11,991 INFO  org.apache.flink.runtime.state.heap.HeapKeyedStateBackend    [] - Initializing heap keyed state backend with stream factory.
2026-10-01 02:41:11,995 INFO  org.apache.flink.streaming.api.functions.sink.TwoPhaseCommitSinkFunction [] - FlinkKafkaProducer 4/8 - no state to restore
2026-10-01 02:41:11,996 INFO  org.apache.kafka.clients.producer.ProducerConfig             [] - ProducerConfig values: 
	acks = 1
	batch.size = 16384
	bootstrap.servers = [172.16.0.162:9092, 172.16.0.163:9092, 172.16.0.164:9092]
	buffer.memory = 33554432
	client.dns.lookup = use_all_dns_ips
	client.id = producer-23
	compression.type = none
	connections.max.idle.ms = 540000
	delivery.timeout.ms = 120000
	enable.idempotence = false
	interceptor.classes = []
	internal.auto.downgrade.txn.commit = false
	key.serializer = class org.apache.kafka.common.serialization.ByteArraySerializer
	linger.ms = 0
	max.block.ms = 60000
	max.in.flight.requests.per.connection = 5
	max.request.size = 1048576
	metadata.max.age.ms = 300000
	metadata.max.idle.ms = 300000
	metric.reporters = []
	metrics.num.samples = 2
	metrics.recording.level = INFO
	metrics.sample.window.ms = 30000
	partitioner.class = class org.apache.kafka.clients.producer.internals.DefaultPartitioner
	receive.buffer.bytes = 32768
	reconnect.backoff.max.ms = 1000
	reconnect.backoff.ms = 50
	request.timeout.ms = 30000
	retries = 2147483647
	retry.backoff.ms = 100
	sasl.client.callback.handler.class = null
	sasl.jaas.config = null
	sasl.kerberos.kinit.cmd = /usr/bin/kinit
	sasl.kerberos.min.time.before.relogin = 60000
	sasl.kerberos.service.name = null
	sasl.kerberos.ticket.renew.jitter = 0.05
	sasl.kerberos.ticket.renew.window.factor = 0.8
	sasl.login.callback.handler.class = null
	sasl.login.class = null
	sasl.login.refresh.buffer.seconds = 300
	sasl.login.refresh.min.period.seconds = 60
	sasl.login.refresh.window.factor = 0.8
	sasl.login.refresh.window.jitter = 0.05
	sasl.mechanism = GSSAPI
	security.protocol = PLAINTEXT
	security.providers = null
	send.buffer.bytes = 131072
	ssl.cipher.suites = null
	ssl.enabled.protocols = [TLSv1.2, TLSv1.3]
	ssl.endpoint.identification.algorithm = https
	ssl.engine.factory.class = null
	ssl.key.password = null
	ssl.keymanager.algorithm = SunX509
	ssl.keystore.location = null
	ssl.keystore.password = null
	ssl.keystore.type = JKS
	ssl.protocol = TLSv1.3
	ssl.provider = null
	ssl.secure.random.implementation = null
	ssl.trustmanager.algorithm = PKIX
	ssl.truststore.location = null
	ssl.truststore.password = null
	ssl.truststore.type = JKS
	transaction.timeout.ms = 3600000
	transactional.id = null
	value.serializer = class org.apache.kafka.common.serialization.ByteArraySerializer

2026-10-01 02:41:11,997 INFO  org.apache.flink.runtime.state.heap.HeapKeyedStateBackendBuilder [] - Finished to build heap keyed state-backend.
2026-10-01 02:41:11,997 INFO  org.apache.flink.runtime.taskmanager.Task                    [] - MonitoringAggregator -> Sink: Kafka Sink [synergia-monitoring / M1] (5/8)#0 (9abf0d2303d6a2c8221b01bc1bc6784a) switched from INITIALIZING to RUNNING.
2026-10-01 02:41:11,998 INFO  org.apache.flink.runtime.state.heap.HeapKeyedStateBackend    [] - Initializing heap keyed state backend with stream factory.
2026-10-01 02:41:12,007 INFO  org.apache.flink.runtime.taskmanager.Task                    [] - RawCache -> (Sink: Kafka Sink [synergia-m1-out], M2Gate) (5/8)#0 (0621ff6c5f8783dee36e44439b25c2b4) switched from INITIALIZING to RUNNING.
2026-10-01 02:41:12,010 INFO  org.apache.flink.runtime.state.heap.HeapKeyedStateBackendBuilder [] - Finished to build heap keyed state-backend.
2026-10-01 02:41:12,010 INFO  org.apache.flink.runtime.state.heap.HeapKeyedStateBackend    [] - Initializing heap keyed state backend with stream factory.
2026-10-01 02:41:12,012 INFO  org.apache.flink.streaming.api.functions.sink.TwoPhaseCommitSinkFunction [] - FlinkKafkaProducer 4/8 - no state to restore
2026-10-01 02:41:12,013 INFO  org.apache.kafka.clients.producer.ProducerConfig             [] - ProducerConfig values: 
	acks = 1
	batch.size = 16384
	bootstrap.servers = [172.16.0.162:9092, 172.16.0.163:9092, 172.16.0.164:9092]
	buffer.memory = 33554432
	client.dns.lookup = use_all_dns_ips
	client.id = producer-24
	compression.type = none
	connections.max.idle.ms = 540000
	delivery.timeout.ms = 120000
	enable.idempotence = false
	interceptor.classes = []
	internal.auto.downgrade.txn.commit = false
	key.serializer = class org.apache.kafka.common.serialization.ByteArraySerializer
	linger.ms = 0
	max.block.ms = 60000
	max.in.flight.requests.per.connection = 5
	max.request.size = 1048576
	metadata.max.age.ms = 300000
	metadata.max.idle.ms = 300000
	metric.reporters = []
	metrics.num.samples = 2
	metrics.recording.level = INFO
	metrics.sample.window.ms = 30000
	partitioner.class = class org.apache.kafka.clients.producer.internals.DefaultPartitioner
	receive.buffer.bytes = 32768
	reconnect.backoff.max.ms = 1000
	reconnect.backoff.ms = 50
	request.timeout.ms = 30000
	retries = 2147483647
	retry.backoff.ms = 100
	sasl.client.callback.handler.class = null
	sasl.jaas.config = null
	sasl.kerberos.kinit.cmd = /usr/bin/kinit
	sasl.kerberos.min.time.before.relogin = 60000
	sasl.kerberos.service.name = null
	sasl.kerberos.ticket.renew.jitter = 0.05
	sasl.kerberos.ticket.renew.window.factor = 0.8
	sasl.login.callback.handler.class = null
	sasl.login.class = null
	sasl.login.refresh.buffer.seconds = 300
	sasl.login.refresh.min.period.seconds = 60
	sasl.login.refresh.window.factor = 0.8
	sasl.login.refresh.window.jitter = 0.05
	sasl.mechanism = GSSAPI
	security.protocol = PLAINTEXT
	security.providers = null
	send.buffer.bytes = 131072
	ssl.cipher.suites = null
	ssl.enabled.protocols = [TLSv1.2, TLSv1.3]
	ssl.endpoint.identification.algorithm = https
	ssl.engine.factory.class = null
	ssl.key.password = null
	ssl.keymanager.algorithm = SunX509
	ssl.keystore.location = null
	ssl.keystore.password = null
	ssl.keystore.type = JKS
	ssl.protocol = TLSv1.3
	ssl.provider = null
	ssl.secure.random.implementation = null
	ssl.trustmanager.algorithm = PKIX
	ssl.truststore.location = null
	ssl.truststore.password = null
	ssl.truststore.type = JKS
	transaction.timeout.ms = 3600000
	transactional.id = null
	value.serializer = class org.apache.kafka.common.serialization.ByteArraySerializer

2026-10-01 02:41:12,014 INFO  org.apache.flink.runtime.state.heap.HeapKeyedStateBackendBuilder [] - Finished to build heap keyed state-backend.
2026-10-01 02:41:12,014 INFO  org.apache.flink.runtime.state.heap.HeapKeyedStateBackend    [] - Initializing heap keyed state backend with stream factory.
2026-10-01 02:41:12,022 INFO  org.apache.flink.runtime.state.heap.HeapKeyedStateBackendBuilder [] - Finished to build heap keyed state-backend.
2026-10-01 02:41:12,022 INFO  org.apache.flink.runtime.state.heap.HeapKeyedStateBackend    [] - Initializing heap keyed state backend with stream factory.
2026-10-01 02:41:12,027 INFO  org.apache.flink.runtime.state.heap.HeapKeyedStateBackendBuilder [] - Finished to build heap keyed state-backend.
2026-10-01 02:41:12,027 INFO  org.apache.flink.runtime.state.heap.HeapKeyedStateBackend    [] - Initializing heap keyed state backend with stream factory.
2026-10-01 02:41:12,040 INFO  org.apache.flink.runtime.taskmanager.Task                    [] - RawCache -> (Sink: Kafka Sink [synergia-m1-out], M2Gate) (8/8)#0 (de631de9e4aa02a25011ef3766605338) switched from INITIALIZING to RUNNING.
2026-10-01 02:41:12,042 INFO  org.apache.flink.runtime.taskmanager.Task                    [] - MonitoringAggregator -> Sink: Kafka Sink [synergia-monitoring / M1] (4/8)#0 (6c184021d390643af357fbf7b9216a9c) switched from INITIALIZING to RUNNING.
2026-10-01 02:41:12,044 INFO  org.apache.flink.runtime.taskmanager.Task                    [] - RawCache -> (Sink: Kafka Sink [synergia-m1-out], M2Gate) (1/8)#0 (15a777733ef4aa549d4b8bccccdfbea7) switched from INITIALIZING to RUNNING.
2026-10-01 02:41:12,046 INFO  org.apache.flink.runtime.taskmanager.Task                    [] - M3-LSTM-AE -> (Sink: Kafka Sink [synergia-scores / M3], Sink: Kafka Sink [synergia-monitoring / M3]) (1/8)#0 (59a4b51c8dd2cdd5671c71c47cedf5f1) switched from INITIALIZING to RUNNING.
2026-10-01 02:41:12,055 INFO  org.apache.flink.runtime.taskmanager.Task                    [] - MonitoringAggregator -> Sink: Kafka Sink [synergia-monitoring / M1] (1/8)#0 (38fefc4c46cec919c23572bbf400f9e5) switched from INITIALIZING to RUNNING.
2026-10-01 02:41:12,062 INFO  org.apache.flink.runtime.taskmanager.Task                    [] - MonitoringAggregator -> Sink: Kafka Sink [synergia-monitoring / M1] (8/8)#0 (028b0b27147fea98f45d53cb9cdeb8c2) switched from INITIALIZING to RUNNING.
2026-10-01 02:41:12,026 INFO  org.apache.kafka.common.utils.AppInfoParser                  [] - Kafka version: 2.6.3
2026-10-01 02:41:12,065 INFO  org.apache.kafka.common.utils.AppInfoParser                  [] - Kafka commitId: c24cbd3f5eeffa1e
2026-10-01 02:41:12,065 INFO  org.apache.kafka.common.utils.AppInfoParser                  [] - Kafka startTimeMs: 1790822472026
2026-10-01 02:41:12,066 INFO  org.apache.flink.streaming.connectors.kafka.FlinkKafkaProducer [] - Starting FlinkKafkaInternalProducer (8/8) to produce into default topic synergia-monitoring
2026-10-01 02:41:12,066 INFO  org.apache.kafka.common.utils.AppInfoParser                  [] - Kafka version: 2.6.3
2026-10-01 02:41:12,067 INFO  org.apache.kafka.common.utils.AppInfoParser                  [] - Kafka commitId: c24cbd3f5eeffa1e
2026-10-01 02:41:12,067 INFO  org.apache.kafka.common.utils.AppInfoParser                  [] - Kafka startTimeMs: 1790822472061
2026-10-01 02:41:12,067 INFO  org.apache.flink.streaming.connectors.kafka.FlinkKafkaProducer [] - Starting FlinkKafkaInternalProducer (5/8) to produce into default topic synergia-monitoring
2026-10-01 02:41:12,067 INFO  org.apache.flink.runtime.taskmanager.Task                    [] - RawCache -> (Sink: Kafka Sink [synergia-m1-out], M2Gate) (4/8)#0 (3e6cbb0641704ab9abf99932dff6436e) switched from INITIALIZING to RUNNING.
2026-10-01 02:41:12,067 INFO  org.apache.kafka.common.utils.AppInfoParser                  [] - Kafka version: 2.6.3
2026-10-01 02:41:12,068 INFO  org.apache.kafka.common.utils.AppInfoParser                  [] - Kafka commitId: c24cbd3f5eeffa1e
2026-10-01 02:41:12,068 INFO  org.apache.kafka.common.utils.AppInfoParser                  [] - Kafka startTimeMs: 1790822472061
2026-10-01 02:41:12,069 INFO  org.apache.flink.streaming.connectors.kafka.FlinkKafkaProducer [] - Starting FlinkKafkaInternalProducer (4/8) to produce into default topic synergia-monitoring
2026-10-01 02:41:12,069 INFO  org.apache.kafka.common.utils.AppInfoParser                  [] - Kafka version: 2.6.3
2026-10-01 02:41:12,072 INFO  org.apache.flink.runtime.taskmanager.Task                    [] - Pmcod -> (Sink: Kafka Sink [synergia-scores], Sink: Kafka Sink [synergia-monitoring / M2], M2LateDrops) (5/8)#0 (2f66613ab63c1c7e17b17e326d95e5d0) switched from INITIALIZING to RUNNING.
2026-10-01 02:41:12,072 INFO  org.apache.kafka.common.utils.AppInfoParser                  [] - Kafka commitId: c24cbd3f5eeffa1e
2026-10-01 02:41:12,073 INFO  org.apache.kafka.common.utils.AppInfoParser                  [] - Kafka startTimeMs: 1790822472060
2026-10-01 02:41:12,074 INFO  org.apache.flink.streaming.connectors.kafka.FlinkKafkaProducer [] - Starting FlinkKafkaInternalProducer (1/8) to produce into default topic synergia-monitoring
2026-10-01 02:41:12,074 INFO  org.apache.kafka.common.utils.AppInfoParser                  [] - Kafka version: 2.6.3
2026-10-01 02:41:12,074 INFO  org.apache.kafka.common.utils.AppInfoParser                  [] - Kafka commitId: c24cbd3f5eeffa1e
2026-10-01 02:41:12,074 INFO  org.apache.kafka.common.utils.AppInfoParser                  [] - Kafka startTimeMs: 1790822472053
2026-10-01 02:41:12,074 INFO  org.apache.flink.streaming.connectors.kafka.FlinkKafkaProducer [] - Starting FlinkKafkaInternalProducer (8/8) to produce into default topic synergia-monitoring
2026-10-01 02:41:12,074 INFO  org.apache.kafka.common.utils.AppInfoParser                  [] - Kafka version: 2.6.3
2026-10-01 02:41:12,074 INFO  org.apache.kafka.common.utils.AppInfoParser                  [] - Kafka commitId: c24cbd3f5eeffa1e
2026-10-01 02:41:12,075 INFO  org.apache.kafka.common.utils.AppInfoParser                  [] - Kafka startTimeMs: 1790822472043
2026-10-01 02:41:12,075 INFO  org.apache.flink.streaming.connectors.kafka.FlinkKafkaProducer [] - Starting FlinkKafkaInternalProducer (4/8) to produce into default topic synergia-monitoring
2026-10-01 02:41:12,127 INFO  org.apache.flink.runtime.state.heap.HeapKeyedStateBackendBuilder [] - Finished to build heap keyed state-backend.
2026-10-01 02:41:12,129 INFO  org.apache.flink.runtime.state.heap.HeapKeyedStateBackend    [] - Initializing heap keyed state backend with stream factory.
2026-10-01 02:41:12,128 INFO  org.apache.flink.runtime.state.heap.HeapKeyedStateBackendBuilder [] - Finished to build heap keyed state-backend.
2026-10-01 02:41:12,131 INFO  org.apache.flink.runtime.state.heap.HeapKeyedStateBackend    [] - Initializing heap keyed state backend with stream factory.
2026-10-01 02:41:12,134 INFO  org.apache.flink.runtime.state.heap.HeapKeyedStateBackendBuilder [] - Finished to build heap keyed state-backend.
2026-10-01 02:41:12,139 INFO  org.apache.flink.runtime.state.heap.HeapKeyedStateBackend    [] - Initializing heap keyed state backend with stream factory.
2026-10-01 02:41:12,139 INFO  org.apache.flink.runtime.state.heap.HeapKeyedStateBackendBuilder [] - Finished to build heap keyed state-backend.
2026-10-01 02:41:12,137 INFO  org.apache.flink.runtime.state.heap.HeapKeyedStateBackendBuilder [] - Finished to build heap keyed state-backend.
2026-10-01 02:41:12,140 INFO  org.apache.flink.runtime.state.heap.HeapKeyedStateBackend    [] - Initializing heap keyed state backend with stream factory.
2026-10-01 02:41:12,140 INFO  org.apache.flink.runtime.state.heap.HeapKeyedStateBackend    [] - Initializing heap keyed state backend with stream factory.
2026-10-01 02:41:12,149 INFO  org.apache.flink.runtime.taskmanager.Task                    [] - Pmcod -> (Sink: Kafka Sink [synergia-scores], Sink: Kafka Sink [synergia-monitoring / M2], M2LateDrops) (8/8)#0 (20e3c219fa267df08853650aa8c57fd8) switched from INITIALIZING to RUNNING.
2026-10-01 02:41:12,151 INFO  org.apache.flink.runtime.state.heap.HeapKeyedStateBackendBuilder [] - Finished to build heap keyed state-backend.
2026-10-01 02:41:12,151 INFO  org.apache.flink.runtime.state.heap.HeapKeyedStateBackend    [] - Initializing heap keyed state backend with stream factory.
2026-10-01 02:41:12,156 INFO  org.apache.flink.runtime.taskmanager.Task                    [] - M3-LSTM-AE -> (Sink: Kafka Sink [synergia-scores / M3], Sink: Kafka Sink [synergia-monitoring / M3]) (5/8)#0 (f8617c6b42fd77c9d3527e8c8c7294ea) switched from INITIALIZING to RUNNING.
2026-10-01 02:41:12,158 INFO  org.apache.flink.runtime.taskmanager.Task                    [] - M3-LSTM-AE -> (Sink: Kafka Sink [synergia-scores / M3], Sink: Kafka Sink [synergia-monitoring / M3]) (8/8)#0 (ae713aa0a3472115b3f15699b0c36518) switched from INITIALIZING to RUNNING.
2026-10-01 02:41:12,171 INFO  org.apache.flink.runtime.taskmanager.Task                    [] - M3-LSTM-AE -> (Sink: Kafka Sink [synergia-scores / M3], Sink: Kafka Sink [synergia-monitoring / M3]) (4/8)#0 (80117f4fc7113ff7de217bd4885a611f) switched from INITIALIZING to RUNNING.
2026-10-01 02:41:12,197 INFO  org.apache.flink.runtime.taskmanager.Task                    [] - Pmcod -> (Sink: Kafka Sink [synergia-scores], Sink: Kafka Sink [synergia-monitoring / M2], M2LateDrops) (4/8)#0 (214b962a22c9264f3b3e1cdfe3c6baa8) switched from INITIALIZING to RUNNING.
2026-10-01 02:41:12,199 INFO  org.apache.flink.runtime.taskmanager.Task                    [] - Pmcod -> (Sink: Kafka Sink [synergia-scores], Sink: Kafka Sink [synergia-monitoring / M2], M2LateDrops) (1/8)#0 (028c7ee25356d7414d73eaec1ba1b99f) switched from INITIALIZING to RUNNING.
2026-10-01 02:41:12,318 INFO  org.apache.kafka.clients.Metadata                            [] - [Producer clientId=producer-6] Cluster ID: tnzFey8HRX-OBuHhisujJA
2026-10-01 02:41:12,318 INFO  org.apache.kafka.clients.Metadata                            [] - [Consumer clientId=consumer-m2-job-6f236608-4, groupId=m2-job-6f236608] Cluster ID: tnzFey8HRX-OBuHhisujJA
2026-10-01 02:41:12,318 INFO  org.apache.kafka.clients.Metadata                            [] - [Producer clientId=producer-3] Cluster ID: tnzFey8HRX-OBuHhisujJA
2026-10-01 02:41:12,319 INFO  org.apache.kafka.clients.Metadata                            [] - [Producer clientId=producer-7] Cluster ID: tnzFey8HRX-OBuHhisujJA
2026-10-01 02:41:12,319 INFO  org.apache.kafka.clients.Metadata                            [] - [Producer clientId=producer-23] Cluster ID: tnzFey8HRX-OBuHhisujJA
2026-10-01 02:41:12,319 INFO  org.apache.kafka.clients.Metadata                            [] - [Producer clientId=producer-10] Cluster ID: tnzFey8HRX-OBuHhisujJA
2026-10-01 02:41:12,319 INFO  org.apache.kafka.clients.Metadata                            [] - [Producer clientId=producer-4] Cluster ID: tnzFey8HRX-OBuHhisujJA
2026-10-01 02:41:12,319 INFO  org.apache.kafka.clients.Metadata                            [] - [Producer clientId=producer-15] Cluster ID: tnzFey8HRX-OBuHhisujJA
2026-10-01 02:41:12,319 INFO  org.apache.kafka.clients.Metadata                            [] - [Producer clientId=producer-14] Cluster ID: tnzFey8HRX-OBuHhisujJA
2026-10-01 02:41:12,321 INFO  org.apache.kafka.clients.Metadata                            [] - [Producer clientId=producer-20] Cluster ID: tnzFey8HRX-OBuHhisujJA
2026-10-01 02:41:12,322 INFO  org.apache.kafka.clients.Metadata                            [] - [Producer clientId=producer-22] Cluster ID: tnzFey8HRX-OBuHhisujJA
2026-10-01 02:41:12,322 INFO  org.apache.kafka.clients.Metadata                            [] - [Consumer clientId=consumer-m2-job-6f236608-2, groupId=m2-job-6f236608] Cluster ID: tnzFey8HRX-OBuHhisujJA
2026-10-01 02:41:12,323 INFO  org.apache.kafka.clients.Metadata                            [] - [Producer clientId=producer-18] Cluster ID: tnzFey8HRX-OBuHhisujJA
2026-10-01 02:41:12,326 INFO  org.apache.flink.streaming.connectors.kafka.FlinkKafkaConsumerBase [] - Consumer subtask 0 will start reading the following 1 partitions from the earliest offsets: [KafkaTopicPartition{topic='synergia-source', partition=6}]
2026-10-01 02:41:12,322 INFO  org.apache.kafka.clients.Metadata                            [] - [Producer clientId=producer-9] Cluster ID: tnzFey8HRX-OBuHhisujJA
2026-10-01 02:41:12,322 INFO  org.apache.kafka.clients.Metadata                            [] - [Producer clientId=producer-12] Cluster ID: tnzFey8HRX-OBuHhisujJA
2026-10-01 02:41:12,323 INFO  org.apache.kafka.clients.Metadata                            [] - [Producer clientId=producer-16] Cluster ID: tnzFey8HRX-OBuHhisujJA
2026-10-01 02:41:12,328 INFO  org.apache.kafka.clients.Metadata                            [] - [Producer clientId=producer-1] Cluster ID: tnzFey8HRX-OBuHhisujJA
2026-10-01 02:41:12,328 INFO  org.apache.kafka.clients.Metadata                            [] - [Producer clientId=producer-5] Cluster ID: tnzFey8HRX-OBuHhisujJA
2026-10-01 02:41:12,327 INFO  org.apache.kafka.clients.Metadata                            [] - [Producer clientId=producer-11] Cluster ID: tnzFey8HRX-OBuHhisujJA
2026-10-01 02:41:12,327 INFO  org.apache.kafka.clients.Metadata                            [] - [Producer clientId=producer-24] Cluster ID: tnzFey8HRX-OBuHhisujJA
2026-10-01 02:41:12,327 INFO  org.apache.kafka.clients.Metadata                            [] - [Producer clientId=producer-21] Cluster ID: tnzFey8HRX-OBuHhisujJA
2026-10-01 02:41:12,327 INFO  org.apache.kafka.clients.Metadata                            [] - [Producer clientId=producer-19] Cluster ID: tnzFey8HRX-OBuHhisujJA
2026-10-01 02:41:12,324 INFO  org.apache.kafka.clients.Metadata                            [] - [Producer clientId=producer-17] Cluster ID: tnzFey8HRX-OBuHhisujJA
2026-10-01 02:41:12,324 INFO  org.apache.kafka.clients.Metadata                            [] - [Producer clientId=producer-13] Cluster ID: tnzFey8HRX-OBuHhisujJA
2026-10-01 02:41:12,323 INFO  org.apache.kafka.clients.Metadata                            [] - [Consumer clientId=consumer-m2-job-6f236608-3, groupId=m2-job-6f236608] Cluster ID: tnzFey8HRX-OBuHhisujJA
2026-10-01 02:41:12,331 INFO  org.apache.kafka.clients.Metadata                            [] - [Producer clientId=producer-8] Cluster ID: tnzFey8HRX-OBuHhisujJA
2026-10-01 02:41:12,331 INFO  org.apache.kafka.clients.Metadata                            [] - [Producer clientId=producer-2] Cluster ID: tnzFey8HRX-OBuHhisujJA
2026-10-01 02:41:12,332 INFO  org.apache.flink.streaming.connectors.kafka.FlinkKafkaConsumerBase [] - Consumer subtask 3 will start reading the following 1 partitions from the earliest offsets: [KafkaTopicPartition{topic='synergia-source', partition=1}]
2026-10-01 02:41:12,333 INFO  org.apache.flink.streaming.connectors.kafka.FlinkKafkaConsumerBase [] - Consumer subtask 7 will start reading the following 1 partitions from the earliest offsets: [KafkaTopicPartition{topic='synergia-source', partition=5}]
2026-10-01 02:41:12,343 INFO  org.apache.flink.runtime.taskmanager.Task                    [] - Source: Custom Source -> Kafka Source [synergia-source] -> RawLineParser (1/8)#0 (d843b05d1ce0ab2a17e210b13703930c) switched from INITIALIZING to RUNNING.
2026-10-01 02:41:12,343 INFO  org.apache.kafka.clients.Metadata                            [] - [Consumer clientId=consumer-m2-job-6f236608-1, groupId=m2-job-6f236608] Cluster ID: tnzFey8HRX-OBuHhisujJA
2026-10-01 02:41:12,344 INFO  org.apache.flink.streaming.connectors.kafka.FlinkKafkaConsumerBase [] - Consumer subtask 4 will start reading the following 1 partitions from the earliest offsets: [KafkaTopicPartition{topic='synergia-source', partition=2}]
2026-10-01 02:41:12,345 INFO  org.apache.flink.runtime.taskmanager.Task                    [] - Source: Custom Source -> Kafka Source [synergia-source] -> RawLineParser (8/8)#0 (ff7d52d2026fea6fb37a010f2b4dc34f) switched from INITIALIZING to RUNNING.
2026-10-01 02:41:12,351 INFO  org.apache.flink.runtime.taskmanager.Task                    [] - Source: Custom Source -> Kafka Source [synergia-source] -> RawLineParser (4/8)#0 (e297e91b718e8b17b768a2c6acc6af5e) switched from INITIALIZING to RUNNING.
2026-10-01 02:41:12,352 INFO  org.apache.flink.runtime.taskmanager.Task                    [] - Source: Custom Source -> Kafka Source [synergia-source] -> RawLineParser (5/8)#0 (35efe4aa977ce3b4aebaccf2b2d68a85) switched from INITIALIZING to RUNNING.
2026-10-01 02:41:12,362 INFO  org.apache.flink.streaming.connectors.kafka.FlinkKafkaConsumerBase [] - Consumer subtask 7 creating fetcher with offsets {KafkaTopicPartition{topic='synergia-source', partition=5}=-915623761775}.
2026-10-01 02:41:12,366 INFO  org.apache.flink.streaming.connectors.kafka.FlinkKafkaConsumerBase [] - Consumer subtask 0 creating fetcher with offsets {KafkaTopicPartition{topic='synergia-source', partition=6}=-915623761775}.
2026-10-01 02:41:12,374 INFO  org.apache.flink.streaming.connectors.kafka.FlinkKafkaConsumerBase [] - Consumer subtask 3 creating fetcher with offsets {KafkaTopicPartition{topic='synergia-source', partition=1}=-915623761775}.
2026-10-01 02:41:12,374 INFO  org.apache.flink.streaming.connectors.kafka.FlinkKafkaConsumerBase [] - Consumer subtask 4 creating fetcher with offsets {KafkaTopicPartition{topic='synergia-source', partition=2}=-915623761775}.
2026-10-01 02:41:12,376 INFO  org.apache.kafka.clients.consumer.ConsumerConfig             [] - ConsumerConfig values: 
	allow.auto.create.topics = true
	auto.commit.interval.ms = 5000
	auto.offset.reset = latest
	bootstrap.servers = [172.16.0.162:9092, 172.16.0.163:9092, 172.16.0.164:9092]
	check.crcs = true
	client.dns.lookup = use_all_dns_ips
	client.id = consumer-m2-job-6f236608-5
	client.rack = 
	connections.max.idle.ms = 540000
	default.api.timeout.ms = 60000
	enable.auto.commit = false
	exclude.internal.topics = true
	fetch.max.bytes = 52428800
	fetch.max.wait.ms = 500
	fetch.min.bytes = 1
	group.id = m2-job-6f236608
	group.instance.id = null
	heartbeat.interval.ms = 3000
	interceptor.classes = []
	internal.leave.group.on.close = true
	internal.throw.on.fetch.stable.offset.unsupported = false
	isolation.level = read_uncommitted
	key.deserializer = class org.apache.kafka.common.serialization.ByteArrayDeserializer
	max.partition.fetch.bytes = 1048576
	max.poll.interval.ms = 300000
	max.poll.records = 500
	metadata.max.age.ms = 300000
	metric.reporters = []
	metrics.num.samples = 2
	metrics.recording.level = INFO
	metrics.sample.window.ms = 30000
	partition.assignment.strategy = [class org.apache.kafka.clients.consumer.RangeAssignor]
	receive.buffer.bytes = 65536
	reconnect.backoff.max.ms = 1000
	reconnect.backoff.ms = 50
	request.timeout.ms = 30000
	retry.backoff.ms = 100
	sasl.client.callback.handler.class = null
	sasl.jaas.config = null
	sasl.kerberos.kinit.cmd = /usr/bin/kinit
	sasl.kerberos.min.time.before.relogin = 60000
	sasl.kerberos.service.name = null
	sasl.kerberos.ticket.renew.jitter = 0.05
	sasl.kerberos.ticket.renew.window.factor = 0.8
	sasl.login.callback.handler.class = null
	sasl.login.class = null
	sasl.login.refresh.buffer.seconds = 300
	sasl.login.refresh.min.period.seconds = 60
	sasl.login.refresh.window.factor = 0.8
	sasl.login.refresh.window.jitter = 0.05
	sasl.mechanism = GSSAPI
	security.protocol = PLAINTEXT
	security.providers = null
	send.buffer.bytes = 131072
	session.timeout.ms = 10000
	ssl.cipher.suites = null
	ssl.enabled.protocols = [TLSv1.2, TLSv1.3]
	ssl.endpoint.identification.algorithm = https
	ssl.engine.factory.class = null
	ssl.key.password = null
	ssl.keymanager.algorithm = SunX509
	ssl.keystore.location = null
	ssl.keystore.password = null
	ssl.keystore.type = JKS
	ssl.protocol = TLSv1.3
	ssl.provider = null
	ssl.secure.random.implementation = null
	ssl.trustmanager.algorithm = PKIX
	ssl.truststore.location = null
	ssl.truststore.password = null
	ssl.truststore.type = JKS
	value.deserializer = class org.apache.kafka.common.serialization.ByteArrayDeserializer

2026-10-01 02:41:12,376 INFO  org.apache.kafka.clients.consumer.ConsumerConfig             [] - ConsumerConfig values: 
	allow.auto.create.topics = true
	auto.commit.interval.ms = 5000
	auto.offset.reset = latest
	bootstrap.servers = [172.16.0.162:9092, 172.16.0.163:9092, 172.16.0.164:9092]
	check.crcs = true
	client.dns.lookup = use_all_dns_ips
	client.id = consumer-m2-job-6f236608-6
	client.rack = 
	connections.max.idle.ms = 540000
	default.api.timeout.ms = 60000
	enable.auto.commit = false
	exclude.internal.topics = true
	fetch.max.bytes = 52428800
	fetch.max.wait.ms = 500
	fetch.min.bytes = 1
	group.id = m2-job-6f236608
	group.instance.id = null
	heartbeat.interval.ms = 3000
	interceptor.classes = []
	internal.leave.group.on.close = true
	internal.throw.on.fetch.stable.offset.unsupported = false
	isolation.level = read_uncommitted
	key.deserializer = class org.apache.kafka.common.serialization.ByteArrayDeserializer
	max.partition.fetch.bytes = 1048576
	max.poll.interval.ms = 300000
	max.poll.records = 500
	metadata.max.age.ms = 300000
	metric.reporters = []
	metrics.num.samples = 2
	metrics.recording.level = INFO
	metrics.sample.window.ms = 30000
	partition.assignment.strategy = [class org.apache.kafka.clients.consumer.RangeAssignor]
	receive.buffer.bytes = 65536
	reconnect.backoff.max.ms = 1000
	reconnect.backoff.ms = 50
	request.timeout.ms = 30000
	retry.backoff.ms = 100
	sasl.client.callback.handler.class = null
	sasl.jaas.config = null
	sasl.kerberos.kinit.cmd = /usr/bin/kinit
	sasl.kerberos.min.time.before.relogin = 60000
	sasl.kerberos.service.name = null
	sasl.kerberos.ticket.renew.jitter = 0.05
	sasl.kerberos.ticket.renew.window.factor = 0.8
	sasl.login.callback.handler.class = null
	sasl.login.class = null
	sasl.login.refresh.buffer.seconds = 300
	sasl.login.refresh.min.period.seconds = 60
	sasl.login.refresh.window.factor = 0.8
	sasl.login.refresh.window.jitter = 0.05
	sasl.mechanism = GSSAPI
	security.protocol = PLAINTEXT
	security.providers = null
	send.buffer.bytes = 131072
	session.timeout.ms = 10000
	ssl.cipher.suites = null
	ssl.enabled.protocols = [TLSv1.2, TLSv1.3]
	ssl.endpoint.identification.algorithm = https
	ssl.engine.factory.class = null
	ssl.key.password = null
	ssl.keymanager.algorithm = SunX509
	ssl.keystore.location = null
	ssl.keystore.password = null
	ssl.keystore.type = JKS
	ssl.protocol = TLSv1.3
	ssl.provider = null
	ssl.secure.random.implementation = null
	ssl.trustmanager.algorithm = PKIX
	ssl.truststore.location = null
	ssl.truststore.password = null
	ssl.truststore.type = JKS
	value.deserializer = class org.apache.kafka.common.serialization.ByteArrayDeserializer

2026-10-01 02:41:12,380 INFO  org.apache.kafka.common.utils.AppInfoParser                  [] - Kafka version: 2.6.3
2026-10-01 02:41:12,381 INFO  org.apache.kafka.common.utils.AppInfoParser                  [] - Kafka commitId: c24cbd3f5eeffa1e
2026-10-01 02:41:12,381 INFO  org.apache.kafka.common.utils.AppInfoParser                  [] - Kafka startTimeMs: 1790822472380
2026-10-01 02:41:12,383 INFO  org.apache.kafka.clients.consumer.ConsumerConfig             [] - ConsumerConfig values: 
	allow.auto.create.topics = true
	auto.commit.interval.ms = 5000
	auto.offset.reset = latest
	bootstrap.servers = [172.16.0.162:9092, 172.16.0.163:9092, 172.16.0.164:9092]
	check.crcs = true
	client.dns.lookup = use_all_dns_ips
	client.id = consumer-m2-job-6f236608-7
	client.rack = 
	connections.max.idle.ms = 540000
	default.api.timeout.ms = 60000
	enable.auto.commit = false
	exclude.internal.topics = true
	fetch.max.bytes = 52428800
	fetch.max.wait.ms = 500
	fetch.min.bytes = 1
	group.id = m2-job-6f236608
	group.instance.id = null
	heartbeat.interval.ms = 3000
	interceptor.classes = []
	internal.leave.group.on.close = true
	internal.throw.on.fetch.stable.offset.unsupported = false
	isolation.level = read_uncommitted
	key.deserializer = class org.apache.kafka.common.serialization.ByteArrayDeserializer
	max.partition.fetch.bytes = 1048576
	max.poll.interval.ms = 300000
	max.poll.records = 500
	metadata.max.age.ms = 300000
	metric.reporters = []
	metrics.num.samples = 2
	metrics.recording.level = INFO
	metrics.sample.window.ms = 30000
	partition.assignment.strategy = [class org.apache.kafka.clients.consumer.RangeAssignor]
	receive.buffer.bytes = 65536
	reconnect.backoff.max.ms = 1000
	reconnect.backoff.ms = 50
	request.timeout.ms = 30000
	retry.backoff.ms = 100
	sasl.client.callback.handler.class = null
	sasl.jaas.config = null
	sasl.kerberos.kinit.cmd = /usr/bin/kinit
	sasl.kerberos.min.time.before.relogin = 60000
	sasl.kerberos.service.name = null
	sasl.kerberos.ticket.renew.jitter = 0.05
	sasl.kerberos.ticket.renew.window.factor = 0.8
	sasl.login.callback.handler.class = null
	sasl.login.class = null
	sasl.login.refresh.buffer.seconds = 300
	sasl.login.refresh.min.period.seconds = 60
	sasl.login.refresh.window.factor = 0.8
	sasl.login.refresh.window.jitter = 0.05
	sasl.mechanism = GSSAPI
	security.protocol = PLAINTEXT
	security.providers = null
	send.buffer.bytes = 131072
	session.timeout.ms = 10000
	ssl.cipher.suites = null
	ssl.enabled.protocols = [TLSv1.2, TLSv1.3]
	ssl.endpoint.identification.algorithm = https
	ssl.engine.factory.class = null
	ssl.key.password = null
	ssl.keymanager.algorithm = SunX509
	ssl.keystore.location = null
	ssl.keystore.password = null
	ssl.keystore.type = JKS
	ssl.protocol = TLSv1.3
	ssl.provider = null
	ssl.secure.random.implementation = null
	ssl.trustmanager.algorithm = PKIX
	ssl.truststore.location = null
	ssl.truststore.password = null
	ssl.truststore.type = JKS
	value.deserializer = class org.apache.kafka.common.serialization.ByteArrayDeserializer

2026-10-01 02:41:12,383 INFO  org.apache.kafka.clients.consumer.ConsumerConfig             [] - ConsumerConfig values: 
	allow.auto.create.topics = true
	auto.commit.interval.ms = 5000
	auto.offset.reset = latest
	bootstrap.servers = [172.16.0.162:9092, 172.16.0.163:9092, 172.16.0.164:9092]
	check.crcs = true
	client.dns.lookup = use_all_dns_ips
	client.id = consumer-m2-job-6f236608-8
	client.rack = 
	connections.max.idle.ms = 540000
	default.api.timeout.ms = 60000
	enable.auto.commit = false
	exclude.internal.topics = true
	fetch.max.bytes = 52428800
	fetch.max.wait.ms = 500
	fetch.min.bytes = 1
	group.id = m2-job-6f236608
	group.instance.id = null
	heartbeat.interval.ms = 3000
	interceptor.classes = []
	internal.leave.group.on.close = true
	internal.throw.on.fetch.stable.offset.unsupported = false
	isolation.level = read_uncommitted
	key.deserializer = class org.apache.kafka.common.serialization.ByteArrayDeserializer
	max.partition.fetch.bytes = 1048576
	max.poll.interval.ms = 300000
	max.poll.records = 500
	metadata.max.age.ms = 300000
	metric.reporters = []
	metrics.num.samples = 2
	metrics.recording.level = INFO
	metrics.sample.window.ms = 30000
	partition.assignment.strategy = [class org.apache.kafka.clients.consumer.RangeAssignor]
	receive.buffer.bytes = 65536
	reconnect.backoff.max.ms = 1000
	reconnect.backoff.ms = 50
	request.timeout.ms = 30000
	retry.backoff.ms = 100
	sasl.client.callback.handler.class = null
	sasl.jaas.config = null
	sasl.kerberos.kinit.cmd = /usr/bin/kinit
	sasl.kerberos.min.time.before.relogin = 60000
	sasl.kerberos.service.name = null
	sasl.kerberos.ticket.renew.jitter = 0.05
	sasl.kerberos.ticket.renew.window.factor = 0.8
	sasl.login.callback.handler.class = null
	sasl.login.class = null
	sasl.login.refresh.buffer.seconds = 300
	sasl.login.refresh.min.period.seconds = 60
	sasl.login.refresh.window.factor = 0.8
	sasl.login.refresh.window.jitter = 0.05
	sasl.mechanism = GSSAPI
	security.protocol = PLAINTEXT
	security.providers = null
	send.buffer.bytes = 131072
	session.timeout.ms = 10000
	ssl.cipher.suites = null
	ssl.enabled.protocols = [TLSv1.2, TLSv1.3]
	ssl.endpoint.identification.algorithm = https
	ssl.engine.factory.class = null
	ssl.key.password = null
	ssl.keymanager.algorithm = SunX509
	ssl.keystore.location = null
	ssl.keystore.password = null
	ssl.keystore.type = JKS
	ssl.protocol = TLSv1.3
	ssl.provider = null
	ssl.secure.random.implementation = null
	ssl.trustmanager.algorithm = PKIX
	ssl.truststore.location = null
	ssl.truststore.password = null
	ssl.truststore.type = JKS
	value.deserializer = class org.apache.kafka.common.serialization.ByteArrayDeserializer

2026-10-01 02:41:12,395 INFO  org.apache.kafka.common.utils.AppInfoParser                  [] - Kafka version: 2.6.3
2026-10-01 02:41:12,395 INFO  org.apache.kafka.common.utils.AppInfoParser                  [] - Kafka commitId: c24cbd3f5eeffa1e
2026-10-01 02:41:12,396 INFO  org.apache.kafka.common.utils.AppInfoParser                  [] - Kafka startTimeMs: 1790822472394
2026-10-01 02:41:12,400 INFO  org.apache.kafka.common.utils.AppInfoParser                  [] - Kafka version: 2.6.3
2026-10-01 02:41:12,400 INFO  org.apache.kafka.clients.consumer.KafkaConsumer              [] - [Consumer clientId=consumer-m2-job-6f236608-5, groupId=m2-job-6f236608] Subscribed to partition(s): synergia-source-1
2026-10-01 02:41:12,401 INFO  org.apache.kafka.common.utils.AppInfoParser                  [] - Kafka commitId: c24cbd3f5eeffa1e
2026-10-01 02:41:12,401 INFO  org.apache.kafka.common.utils.AppInfoParser                  [] - Kafka startTimeMs: 1790822472400
2026-10-01 02:41:12,404 INFO  org.apache.kafka.common.utils.AppInfoParser                  [] - Kafka version: 2.6.3
2026-10-01 02:41:12,404 INFO  org.apache.kafka.common.utils.AppInfoParser                  [] - Kafka commitId: c24cbd3f5eeffa1e
2026-10-01 02:41:12,404 INFO  org.apache.kafka.common.utils.AppInfoParser                  [] - Kafka startTimeMs: 1790822472401
2026-10-01 02:41:12,410 INFO  org.apache.kafka.clients.consumer.internals.SubscriptionState [] - [Consumer clientId=consumer-m2-job-6f236608-5, groupId=m2-job-6f236608] Seeking to EARLIEST offset of partition synergia-source-1
2026-10-01 02:41:12,420 INFO  org.apache.kafka.clients.Metadata                            [] - [Consumer clientId=consumer-m2-job-6f236608-5, groupId=m2-job-6f236608] Cluster ID: tnzFey8HRX-OBuHhisujJA
2026-10-01 02:41:12,427 INFO  org.apache.kafka.clients.consumer.internals.SubscriptionState [] - [Consumer clientId=consumer-m2-job-6f236608-5, groupId=m2-job-6f236608] Resetting offset for partition synergia-source-1 to offset 0.
2026-10-01 02:41:12,428 INFO  org.apache.kafka.clients.consumer.KafkaConsumer              [] - [Consumer clientId=consumer-m2-job-6f236608-8, groupId=m2-job-6f236608] Subscribed to partition(s): synergia-source-5
2026-10-01 02:41:12,428 INFO  org.apache.kafka.clients.consumer.internals.SubscriptionState [] - [Consumer clientId=consumer-m2-job-6f236608-8, groupId=m2-job-6f236608] Seeking to EARLIEST offset of partition synergia-source-5
2026-10-01 02:41:12,435 INFO  org.apache.kafka.clients.Metadata                            [] - [Consumer clientId=consumer-m2-job-6f236608-8, groupId=m2-job-6f236608] Cluster ID: tnzFey8HRX-OBuHhisujJA
2026-10-01 02:41:12,443 INFO  org.apache.kafka.clients.consumer.internals.SubscriptionState [] - [Consumer clientId=consumer-m2-job-6f236608-8, groupId=m2-job-6f236608] Resetting offset for partition synergia-source-5 to offset 0.
2026-10-01 02:41:12,447 INFO  org.apache.kafka.clients.consumer.KafkaConsumer              [] - [Consumer clientId=consumer-m2-job-6f236608-7, groupId=m2-job-6f236608] Subscribed to partition(s): synergia-source-6
2026-10-01 02:41:12,447 INFO  org.apache.kafka.clients.consumer.internals.SubscriptionState [] - [Consumer clientId=consumer-m2-job-6f236608-7, groupId=m2-job-6f236608] Seeking to EARLIEST offset of partition synergia-source-6
2026-10-01 02:41:12,453 INFO  org.apache.kafka.clients.consumer.KafkaConsumer              [] - [Consumer clientId=consumer-m2-job-6f236608-6, groupId=m2-job-6f236608] Subscribed to partition(s): synergia-source-2
2026-10-01 02:41:12,453 INFO  org.apache.kafka.clients.consumer.internals.SubscriptionState [] - [Consumer clientId=consumer-m2-job-6f236608-6, groupId=m2-job-6f236608] Seeking to EARLIEST offset of partition synergia-source-2
2026-10-01 02:41:12,454 INFO  org.apache.kafka.clients.Metadata                            [] - [Consumer clientId=consumer-m2-job-6f236608-7, groupId=m2-job-6f236608] Cluster ID: tnzFey8HRX-OBuHhisujJA
2026-10-01 02:41:12,457 INFO  org.apache.kafka.clients.Metadata                            [] - [Consumer clientId=consumer-m2-job-6f236608-6, groupId=m2-job-6f236608] Cluster ID: tnzFey8HRX-OBuHhisujJA
2026-10-01 02:41:12,458 INFO  org.apache.kafka.clients.consumer.internals.SubscriptionState [] - [Consumer clientId=consumer-m2-job-6f236608-7, groupId=m2-job-6f236608] Resetting offset for partition synergia-source-6 to offset 0.
2026-10-01 02:41:12,462 INFO  org.apache.kafka.clients.consumer.internals.SubscriptionState [] - [Consumer clientId=consumer-m2-job-6f236608-6, groupId=m2-job-6f236608] Resetting offset for partition synergia-source-2 to offset 0.
2026-10-01 02:41:17,847 INFO  org.apache.flink.streaming.api.functions.sink.TwoPhaseCommitSinkFunction [] - FlinkKafkaProducer 1/8 - checkpoint 1 complete, committing transaction TransactionHolder{handle=KafkaTransactionState [transactionalId=null, producerId=-1, epoch=-1], transactionStartTime=1790822472013} from checkpoint 1
2026-10-01 02:41:17,848 INFO  org.apache.flink.streaming.api.functions.sink.TwoPhaseCommitSinkFunction [] - FlinkKafkaProducer 4/8 - checkpoint 1 complete, committing transaction TransactionHolder{handle=KafkaTransactionState [transactionalId=null, producerId=-1, epoch=-1], transactionStartTime=1790822471925} from checkpoint 1
2026-10-01 02:41:17,849 INFO  org.apache.flink.streaming.api.functions.sink.TwoPhaseCommitSinkFunction [] - FlinkKafkaProducer 5/8 - checkpoint 1 complete, committing transaction TransactionHolder{handle=KafkaTransactionState [transactionalId=null, producerId=-1, epoch=-1], transactionStartTime=1790822471978} from checkpoint 1
2026-10-01 02:41:17,851 INFO  org.apache.flink.streaming.api.functions.sink.TwoPhaseCommitSinkFunction [] - FlinkKafkaProducer 8/8 - checkpoint 1 complete, committing transaction TransactionHolder{handle=KafkaTransactionState [transactionalId=null, producerId=-1, epoch=-1], transactionStartTime=1790822472021} from checkpoint 1
2026-10-01 02:41:17,852 INFO  org.apache.flink.streaming.api.functions.sink.TwoPhaseCommitSinkFunction [] - FlinkKafkaProducer 1/8 - checkpoint 1 complete, committing transaction TransactionHolder{handle=KafkaTransactionState [transactionalId=null, producerId=-1, epoch=-1], transactionStartTime=1790822471987} from checkpoint 1
2026-10-01 02:41:17,852 INFO  org.apache.flink.streaming.api.functions.sink.TwoPhaseCommitSinkFunction [] - FlinkKafkaProducer 1/8 - checkpoint 1 complete, committing transaction TransactionHolder{handle=KafkaTransactionState [transactionalId=null, producerId=-1, epoch=-1], transactionStartTime=1790822472141} from checkpoint 1
2026-10-01 02:41:17,853 INFO  org.apache.flink.streaming.api.functions.sink.TwoPhaseCommitSinkFunction [] - FlinkKafkaProducer 4/8 - checkpoint 1 complete, committing transaction TransactionHolder{handle=KafkaTransactionState [transactionalId=null, producerId=-1, epoch=-1], transactionStartTime=1790822471995} from checkpoint 1
2026-10-01 02:41:17,854 INFO  org.apache.flink.streaming.api.functions.sink.TwoPhaseCommitSinkFunction [] - FlinkKafkaProducer 4/8 - checkpoint 1 complete, committing transaction TransactionHolder{handle=KafkaTransactionState [transactionalId=null, producerId=-1, epoch=-1], transactionStartTime=1790822472133} from checkpoint 1
2026-10-01 02:41:17,855 INFO  org.apache.flink.streaming.api.functions.sink.TwoPhaseCommitSinkFunction [] - FlinkKafkaProducer 5/8 - checkpoint 1 complete, committing transaction TransactionHolder{handle=KafkaTransactionState [transactionalId=null, producerId=-1, epoch=-1], transactionStartTime=1790822471937} from checkpoint 1
2026-10-01 02:41:17,855 INFO  org.apache.flink.streaming.api.functions.sink.TwoPhaseCommitSinkFunction [] - FlinkKafkaProducer 5/8 - checkpoint 1 complete, committing transaction TransactionHolder{handle=KafkaTransactionState [transactionalId=null, producerId=-1, epoch=-1], transactionStartTime=1790822472026} from checkpoint 1
2026-10-01 02:41:17,857 INFO  org.apache.flink.streaming.api.functions.sink.TwoPhaseCommitSinkFunction [] - FlinkKafkaProducer 8/8 - checkpoint 1 complete, committing transaction TransactionHolder{handle=KafkaTransactionState [transactionalId=null, producerId=-1, epoch=-1], transactionStartTime=1790822471917} from checkpoint 1
2026-10-01 02:41:17,857 INFO  org.apache.flink.streaming.api.functions.sink.TwoPhaseCommitSinkFunction [] - FlinkKafkaProducer 8/8 - checkpoint 1 complete, committing transaction TransactionHolder{handle=KafkaTransactionState [transactionalId=null, producerId=-1, epoch=-1], transactionStartTime=1790822472126} from checkpoint 1
2026-10-01 02:41:17,859 INFO  org.apache.flink.streaming.api.functions.sink.TwoPhaseCommitSinkFunction [] - FlinkKafkaProducer 1/8 - checkpoint 1 complete, committing transaction TransactionHolder{handle=KafkaTransactionState [transactionalId=null, producerId=-1, epoch=-1], transactionStartTime=1790822471967} from checkpoint 1
2026-10-01 02:41:17,859 INFO  org.apache.flink.streaming.api.functions.sink.TwoPhaseCommitSinkFunction [] - FlinkKafkaProducer 1/8 - checkpoint 1 complete, committing transaction TransactionHolder{handle=KafkaTransactionState [transactionalId=null, producerId=-1, epoch=-1], transactionStartTime=1790822472009} from checkpoint 1
2026-10-01 02:41:17,861 INFO  org.apache.flink.streaming.api.functions.sink.TwoPhaseCommitSinkFunction [] - FlinkKafkaProducer 4/8 - checkpoint 1 complete, committing transaction TransactionHolder{handle=KafkaTransactionState [transactionalId=null, producerId=-1, epoch=-1], transactionStartTime=1790822472011} from checkpoint 1
2026-10-01 02:41:17,861 INFO  org.apache.flink.streaming.api.functions.sink.TwoPhaseCommitSinkFunction [] - FlinkKafkaProducer 4/8 - checkpoint 1 complete, committing transaction TransactionHolder{handle=KafkaTransactionState [transactionalId=null, producerId=-1, epoch=-1], transactionStartTime=1790822472137} from checkpoint 1
2026-10-01 02:41:17,862 INFO  org.apache.flink.streaming.api.functions.sink.TwoPhaseCommitSinkFunction [] - FlinkKafkaProducer 5/8 - checkpoint 1 complete, committing transaction TransactionHolder{handle=KafkaTransactionState [transactionalId=null, producerId=-1, epoch=-1], transactionStartTime=1790822471982} from checkpoint 1
2026-10-01 02:41:17,862 INFO  org.apache.flink.streaming.api.functions.sink.TwoPhaseCommitSinkFunction [] - FlinkKafkaProducer 5/8 - checkpoint 1 complete, committing transaction TransactionHolder{handle=KafkaTransactionState [transactionalId=null, producerId=-1, epoch=-1], transactionStartTime=1790822472139} from checkpoint 1
2026-10-01 02:41:17,862 INFO  org.apache.flink.streaming.api.functions.sink.TwoPhaseCommitSinkFunction [] - FlinkKafkaProducer 8/8 - checkpoint 1 complete, committing transaction TransactionHolder{handle=KafkaTransactionState [transactionalId=null, producerId=-1, epoch=-1], transactionStartTime=1790822471976} from checkpoint 1
2026-10-01 02:41:17,863 INFO  org.apache.flink.streaming.api.functions.sink.TwoPhaseCommitSinkFunction [] - FlinkKafkaProducer 8/8 - checkpoint 1 complete, committing transaction TransactionHolder{handle=KafkaTransactionState [transactionalId=null, producerId=-1, epoch=-1], transactionStartTime=1790822472126} from checkpoint 1
2026-10-01 02:41:17,864 INFO  org.apache.flink.streaming.api.functions.sink.TwoPhaseCommitSinkFunction [] - FlinkKafkaProducer 1/8 - checkpoint 1 complete, committing transaction TransactionHolder{handle=KafkaTransactionState [transactionalId=null, producerId=-1, epoch=-1], transactionStartTime=1790822471989} from checkpoint 1
2026-10-01 02:41:17,865 INFO  org.apache.flink.streaming.api.functions.sink.TwoPhaseCommitSinkFunction [] - FlinkKafkaProducer 4/8 - checkpoint 1 complete, committing transaction TransactionHolder{handle=KafkaTransactionState [transactionalId=null, producerId=-1, epoch=-1], transactionStartTime=1790822471997} from checkpoint 1
2026-10-01 02:41:17,865 INFO  org.apache.flink.streaming.api.functions.sink.TwoPhaseCommitSinkFunction [] - FlinkKafkaProducer 5/8 - checkpoint 1 complete, committing transaction TransactionHolder{handle=KafkaTransactionState [transactionalId=null, producerId=-1, epoch=-1], transactionStartTime=1790822471956} from checkpoint 1
2026-10-01 02:41:17,871 INFO  org.apache.flink.streaming.api.functions.sink.TwoPhaseCommitSinkFunction [] - FlinkKafkaProducer 8/8 - checkpoint 1 complete, committing transaction TransactionHolder{handle=KafkaTransactionState [transactionalId=null, producerId=-1, epoch=-1], transactionStartTime=1790822471986} from checkpoint 1
2026-10-01 02:41:17,955 INFO  org.apache.kafka.clients.consumer.internals.AbstractCoordinator [] - [Consumer clientId=consumer-m2-job-6f236608-5, groupId=m2-job-6f236608] Discovered group coordinator 172.16.0.162:9092 (id: 2147483646 rack: null)
2026-10-01 02:41:17,968 INFO  org.apache.kafka.clients.consumer.internals.AbstractCoordinator [] - [Consumer clientId=consumer-m2-job-6f236608-8, groupId=m2-job-6f236608] Discovered group coordinator 172.16.0.162:9092 (id: 2147483646 rack: null)
2026-10-01 02:41:17,975 INFO  org.apache.kafka.clients.consumer.internals.AbstractCoordinator [] - [Consumer clientId=consumer-m2-job-6f236608-7, groupId=m2-job-6f236608] Discovered group coordinator 172.16.0.162:9092 (id: 2147483646 rack: null)
2026-10-01 02:41:17,975 INFO  org.apache.kafka.clients.consumer.internals.AbstractCoordinator [] - [Consumer clientId=consumer-m2-job-6f236608-6, groupId=m2-job-6f236608] Discovered group coordinator 172.16.0.162:9092 (id: 2147483646 rack: null)
2026-10-01 02:41:47,536 INFO  org.apache.flink.streaming.api.functions.sink.TwoPhaseCommitSinkFunction [] - FlinkKafkaProducer 1/8 - checkpoint 2 complete, committing transaction TransactionHolder{handle=KafkaTransactionState [transactionalId=null, producerId=-1, epoch=-1], transactionStartTime=1790822477481} from checkpoint 2
2026-10-01 02:41:47,538 INFO  org.apache.flink.streaming.api.functions.sink.TwoPhaseCommitSinkFunction [] - FlinkKafkaProducer 4/8 - checkpoint 2 complete, committing transaction TransactionHolder{handle=KafkaTransactionState [transactionalId=null, producerId=-1, epoch=-1], transactionStartTime=1790822477492} from checkpoint 2
2026-10-01 02:41:47,539 INFO  org.apache.flink.streaming.api.functions.sink.TwoPhaseCommitSinkFunction [] - FlinkKafkaProducer 5/8 - checkpoint 2 complete, committing transaction TransactionHolder{handle=KafkaTransactionState [transactionalId=null, producerId=-1, epoch=-1], transactionStartTime=1790822477493} from checkpoint 2
2026-10-01 02:41:47,540 INFO  org.apache.flink.streaming.api.functions.sink.TwoPhaseCommitSinkFunction [] - FlinkKafkaProducer 8/8 - checkpoint 2 complete, committing transaction TransactionHolder{handle=KafkaTransactionState [transactionalId=null, producerId=-1, epoch=-1], transactionStartTime=1790822477494} from checkpoint 2
2026-10-01 02:41:47,541 INFO  org.apache.flink.streaming.api.functions.sink.TwoPhaseCommitSinkFunction [] - FlinkKafkaProducer 1/8 - checkpoint 2 complete, committing transaction TransactionHolder{handle=KafkaTransactionState [transactionalId=null, producerId=-1, epoch=-1], transactionStartTime=1790822477498} from checkpoint 2
2026-10-01 02:41:47,541 INFO  org.apache.flink.streaming.api.functions.sink.TwoPhaseCommitSinkFunction [] - FlinkKafkaProducer 1/8 - checkpoint 2 complete, committing transaction TransactionHolder{handle=KafkaTransactionState [transactionalId=null, producerId=-1, epoch=-1], transactionStartTime=1790822477498} from checkpoint 2
2026-10-01 02:41:47,542 INFO  org.apache.flink.streaming.api.functions.sink.TwoPhaseCommitSinkFunction [] - FlinkKafkaProducer 4/8 - checkpoint 2 complete, committing transaction TransactionHolder{handle=KafkaTransactionState [transactionalId=null, producerId=-1, epoch=-1], transactionStartTime=1790822477496} from checkpoint 2
2026-10-01 02:41:47,542 INFO  org.apache.flink.streaming.api.functions.sink.TwoPhaseCommitSinkFunction [] - FlinkKafkaProducer 4/8 - checkpoint 2 complete, committing transaction TransactionHolder{handle=KafkaTransactionState [transactionalId=null, producerId=-1, epoch=-1], transactionStartTime=1790822477496} from checkpoint 2
2026-10-01 02:41:47,542 INFO  org.apache.flink.streaming.api.functions.sink.TwoPhaseCommitSinkFunction [] - FlinkKafkaProducer 5/8 - checkpoint 2 complete, committing transaction TransactionHolder{handle=KafkaTransactionState [transactionalId=null, producerId=-1, epoch=-1], transactionStartTime=1790822477495} from checkpoint 2
2026-10-01 02:41:47,542 INFO  org.apache.flink.streaming.api.functions.sink.TwoPhaseCommitSinkFunction [] - FlinkKafkaProducer 5/8 - checkpoint 2 complete, committing transaction TransactionHolder{handle=KafkaTransactionState [transactionalId=null, producerId=-1, epoch=-1], transactionStartTime=1790822477495} from checkpoint 2
2026-10-01 02:41:47,543 INFO  org.apache.flink.streaming.api.functions.sink.TwoPhaseCommitSinkFunction [] - FlinkKafkaProducer 8/8 - checkpoint 2 complete, committing transaction TransactionHolder{handle=KafkaTransactionState [transactionalId=null, producerId=-1, epoch=-1], transactionStartTime=1790822477494} from checkpoint 2
2026-10-01 02:41:47,544 INFO  org.apache.flink.streaming.api.functions.sink.TwoPhaseCommitSinkFunction [] - FlinkKafkaProducer 8/8 - checkpoint 2 complete, committing transaction TransactionHolder{handle=KafkaTransactionState [transactionalId=null, producerId=-1, epoch=-1], transactionStartTime=1790822477494} from checkpoint 2
2026-10-01 02:41:47,545 INFO  org.apache.flink.streaming.api.functions.sink.TwoPhaseCommitSinkFunction [] - FlinkKafkaProducer 1/8 - checkpoint 2 complete, committing transaction TransactionHolder{handle=KafkaTransactionState [transactionalId=null, producerId=-1, epoch=-1], transactionStartTime=1790822477526} from checkpoint 2
2026-10-01 02:41:47,545 INFO  org.apache.flink.streaming.api.functions.sink.TwoPhaseCommitSinkFunction [] - FlinkKafkaProducer 1/8 - checkpoint 2 complete, committing transaction TransactionHolder{handle=KafkaTransactionState [transactionalId=null, producerId=-1, epoch=-1], transactionStartTime=1790822477526} from checkpoint 2
2026-10-01 02:41:47,547 INFO  org.apache.flink.streaming.api.functions.sink.TwoPhaseCommitSinkFunction [] - FlinkKafkaProducer 4/8 - checkpoint 2 complete, committing transaction TransactionHolder{handle=KafkaTransactionState [transactionalId=null, producerId=-1, epoch=-1], transactionStartTime=1790822477524} from checkpoint 2
2026-10-01 02:41:47,548 INFO  org.apache.flink.streaming.api.functions.sink.TwoPhaseCommitSinkFunction [] - FlinkKafkaProducer 4/8 - checkpoint 2 complete, committing transaction TransactionHolder{handle=KafkaTransactionState [transactionalId=null, producerId=-1, epoch=-1], transactionStartTime=1790822477524} from checkpoint 2
2026-10-01 02:41:47,548 INFO  org.apache.flink.streaming.api.functions.sink.TwoPhaseCommitSinkFunction [] - FlinkKafkaProducer 5/8 - checkpoint 2 complete, committing transaction TransactionHolder{handle=KafkaTransactionState [transactionalId=null, producerId=-1, epoch=-1], transactionStartTime=1790822477525} from checkpoint 2
2026-10-01 02:41:47,548 INFO  org.apache.flink.streaming.api.functions.sink.TwoPhaseCommitSinkFunction [] - FlinkKafkaProducer 5/8 - checkpoint 2 complete, committing transaction TransactionHolder{handle=KafkaTransactionState [transactionalId=null, producerId=-1, epoch=-1], transactionStartTime=1790822477525} from checkpoint 2
2026-10-01 02:41:47,549 INFO  org.apache.flink.streaming.api.functions.sink.TwoPhaseCommitSinkFunction [] - FlinkKafkaProducer 8/8 - checkpoint 2 complete, committing transaction TransactionHolder{handle=KafkaTransactionState [transactionalId=null, producerId=-1, epoch=-1], transactionStartTime=1790822477526} from checkpoint 2
2026-10-01 02:41:47,549 INFO  org.apache.flink.streaming.api.functions.sink.TwoPhaseCommitSinkFunction [] - FlinkKafkaProducer 8/8 - checkpoint 2 complete, committing transaction TransactionHolder{handle=KafkaTransactionState [transactionalId=null, producerId=-1, epoch=-1], transactionStartTime=1790822477526} from checkpoint 2
2026-10-01 02:41:47,550 INFO  org.apache.flink.streaming.api.functions.sink.TwoPhaseCommitSinkFunction [] - FlinkKafkaProducer 1/8 - checkpoint 2 complete, committing transaction TransactionHolder{handle=KafkaTransactionState [transactionalId=null, producerId=-1, epoch=-1], transactionStartTime=1790822477494} from checkpoint 2
2026-10-01 02:41:47,550 INFO  org.apache.flink.streaming.api.functions.sink.TwoPhaseCommitSinkFunction [] - FlinkKafkaProducer 4/8 - checkpoint 2 complete, committing transaction TransactionHolder{handle=KafkaTransactionState [transactionalId=null, producerId=-1, epoch=-1], transactionStartTime=1790822477495} from checkpoint 2
2026-10-01 02:41:47,551 INFO  org.apache.flink.streaming.api.functions.sink.TwoPhaseCommitSinkFunction [] - FlinkKafkaProducer 5/8 - checkpoint 2 complete, committing transaction TransactionHolder{handle=KafkaTransactionState [transactionalId=null, producerId=-1, epoch=-1], transactionStartTime=1790822477494} from checkpoint 2
2026-10-01 02:41:47,554 INFO  org.apache.flink.streaming.api.functions.sink.TwoPhaseCommitSinkFunction [] - FlinkKafkaProducer 8/8 - checkpoint 2 complete, committing transaction TransactionHolder{handle=KafkaTransactionState [transactionalId=null, producerId=-1, epoch=-1], transactionStartTime=1790822477497} from checkpoint 2
2026-10-01 02:42:17,501 INFO  org.apache.flink.streaming.api.functions.sink.TwoPhaseCommitSinkFunction [] - FlinkKafkaProducer 1/8 - checkpoint 3 complete, committing transaction TransactionHolder{handle=KafkaTransactionState [transactionalId=null, producerId=-1, epoch=-1], transactionStartTime=1790822507467} from checkpoint 3
2026-10-01 02:42:17,503 INFO  org.apache.flink.streaming.api.functions.sink.TwoPhaseCommitSinkFunction [] - FlinkKafkaProducer 4/8 - checkpoint 3 complete, committing transaction TransactionHolder{handle=KafkaTransactionState [transactionalId=null, producerId=-1, epoch=-1], transactionStartTime=1790822507465} from checkpoint 3
2026-10-01 02:42:17,503 INFO  org.apache.flink.streaming.api.functions.sink.TwoPhaseCommitSinkFunction [] - FlinkKafkaProducer 5/8 - checkpoint 3 complete, committing transaction TransactionHolder{handle=KafkaTransactionState [transactionalId=null, producerId=-1, epoch=-1], transactionStartTime=1790822507465} from checkpoint 3
2026-10-01 02:42:17,504 INFO  org.apache.flink.streaming.api.functions.sink.TwoPhaseCommitSinkFunction [] - FlinkKafkaProducer 1/8 - checkpoint 3 complete, committing transaction TransactionHolder{handle=KafkaTransactionState [transactionalId=null, producerId=-1, epoch=-1], transactionStartTime=1790822507470} from checkpoint 3
2026-10-01 02:42:17,505 INFO  org.apache.flink.streaming.api.functions.sink.TwoPhaseCommitSinkFunction [] - FlinkKafkaProducer 1/8 - checkpoint 3 complete, committing transaction TransactionHolder{handle=KafkaTransactionState [transactionalId=null, producerId=-1, epoch=-1], transactionStartTime=1790822507470} from checkpoint 3
2026-10-01 02:42:17,505 INFO  org.apache.flink.streaming.api.functions.sink.TwoPhaseCommitSinkFunction [] - FlinkKafkaProducer 8/8 - checkpoint 3 complete, committing transaction TransactionHolder{handle=KafkaTransactionState [transactionalId=null, producerId=-1, epoch=-1], transactionStartTime=1790822507466} from checkpoint 3
2026-10-01 02:42:17,506 INFO  org.apache.flink.streaming.api.functions.sink.TwoPhaseCommitSinkFunction [] - FlinkKafkaProducer 4/8 - checkpoint 3 complete, committing transaction TransactionHolder{handle=KafkaTransactionState [transactionalId=null, producerId=-1, epoch=-1], transactionStartTime=1790822507470} from checkpoint 3
2026-10-01 02:42:17,507 INFO  org.apache.flink.streaming.api.functions.sink.TwoPhaseCommitSinkFunction [] - FlinkKafkaProducer 4/8 - checkpoint 3 complete, committing transaction TransactionHolder{handle=KafkaTransactionState [transactionalId=null, producerId=-1, epoch=-1], transactionStartTime=1790822507470} from checkpoint 3
2026-10-01 02:42:17,509 INFO  org.apache.flink.streaming.api.functions.sink.TwoPhaseCommitSinkFunction [] - FlinkKafkaProducer 1/8 - checkpoint 3 complete, committing transaction TransactionHolder{handle=KafkaTransactionState [transactionalId=null, producerId=-1, epoch=-1], transactionStartTime=1790822507478} from checkpoint 3
2026-10-01 02:42:17,510 INFO  org.apache.flink.streaming.api.functions.sink.TwoPhaseCommitSinkFunction [] - FlinkKafkaProducer 5/8 - checkpoint 3 complete, committing transaction TransactionHolder{handle=KafkaTransactionState [transactionalId=null, producerId=-1, epoch=-1], transactionStartTime=1790822507479} from checkpoint 3
2026-10-01 02:42:17,510 INFO  org.apache.flink.streaming.api.functions.sink.TwoPhaseCommitSinkFunction [] - FlinkKafkaProducer 5/8 - checkpoint 3 complete, committing transaction TransactionHolder{handle=KafkaTransactionState [transactionalId=null, producerId=-1, epoch=-1], transactionStartTime=1790822507479} from checkpoint 3
2026-10-01 02:42:17,510 INFO  org.apache.flink.streaming.api.functions.sink.TwoPhaseCommitSinkFunction [] - FlinkKafkaProducer 4/8 - checkpoint 3 complete, committing transaction TransactionHolder{handle=KafkaTransactionState [transactionalId=null, producerId=-1, epoch=-1], transactionStartTime=1790822507481} from checkpoint 3
2026-10-01 02:42:17,510 INFO  org.apache.flink.streaming.api.functions.sink.TwoPhaseCommitSinkFunction [] - FlinkKafkaProducer 1/8 - checkpoint 3 complete, committing transaction TransactionHolder{handle=KafkaTransactionState [transactionalId=null, producerId=-1, epoch=-1], transactionStartTime=1790822507470} from checkpoint 3
2026-10-01 02:42:17,510 INFO  org.apache.flink.streaming.api.functions.sink.TwoPhaseCommitSinkFunction [] - FlinkKafkaProducer 4/8 - checkpoint 3 complete, committing transaction TransactionHolder{handle=KafkaTransactionState [transactionalId=null, producerId=-1, epoch=-1], transactionStartTime=1790822507469} from checkpoint 3
2026-10-01 02:42:17,510 INFO  org.apache.flink.streaming.api.functions.sink.TwoPhaseCommitSinkFunction [] - FlinkKafkaProducer 8/8 - checkpoint 3 complete, committing transaction TransactionHolder{handle=KafkaTransactionState [transactionalId=null, producerId=-1, epoch=-1], transactionStartTime=1790822507479} from checkpoint 3
2026-10-01 02:42:17,510 INFO  org.apache.flink.streaming.api.functions.sink.TwoPhaseCommitSinkFunction [] - FlinkKafkaProducer 1/8 - checkpoint 3 complete, committing transaction TransactionHolder{handle=KafkaTransactionState [transactionalId=null, producerId=-1, epoch=-1], transactionStartTime=1790822507478} from checkpoint 3
2026-10-01 02:42:17,516 INFO  org.apache.flink.streaming.api.functions.sink.TwoPhaseCommitSinkFunction [] - FlinkKafkaProducer 8/8 - checkpoint 3 complete, committing transaction TransactionHolder{handle=KafkaTransactionState [transactionalId=null, producerId=-1, epoch=-1], transactionStartTime=1790822507469} from checkpoint 3
2026-10-01 02:42:17,516 INFO  org.apache.flink.streaming.api.functions.sink.TwoPhaseCommitSinkFunction [] - FlinkKafkaProducer 8/8 - checkpoint 3 complete, committing transaction TransactionHolder{handle=KafkaTransactionState [transactionalId=null, producerId=-1, epoch=-1], transactionStartTime=1790822507479} from checkpoint 3
2026-10-01 02:42:17,516 INFO  org.apache.flink.streaming.api.functions.sink.TwoPhaseCommitSinkFunction [] - FlinkKafkaProducer 8/8 - checkpoint 3 complete, committing transaction TransactionHolder{handle=KafkaTransactionState [transactionalId=null, producerId=-1, epoch=-1], transactionStartTime=1790822507467} from checkpoint 3
2026-10-01 02:42:17,516 INFO  org.apache.flink.streaming.api.functions.sink.TwoPhaseCommitSinkFunction [] - FlinkKafkaProducer 8/8 - checkpoint 3 complete, committing transaction TransactionHolder{handle=KafkaTransactionState [transactionalId=null, producerId=-1, epoch=-1], transactionStartTime=1790822507469} from checkpoint 3
2026-10-01 02:42:17,511 INFO  org.apache.flink.streaming.api.functions.sink.TwoPhaseCommitSinkFunction [] - FlinkKafkaProducer 5/8 - checkpoint 3 complete, committing transaction TransactionHolder{handle=KafkaTransactionState [transactionalId=null, producerId=-1, epoch=-1], transactionStartTime=1790822507468} from checkpoint 3
2026-10-01 02:42:17,516 INFO  org.apache.flink.streaming.api.functions.sink.TwoPhaseCommitSinkFunction [] - FlinkKafkaProducer 5/8 - checkpoint 3 complete, committing transaction TransactionHolder{handle=KafkaTransactionState [transactionalId=null, producerId=-1, epoch=-1], transactionStartTime=1790822507468} from checkpoint 3
2026-10-01 02:42:17,511 INFO  org.apache.flink.streaming.api.functions.sink.TwoPhaseCommitSinkFunction [] - FlinkKafkaProducer 5/8 - checkpoint 3 complete, committing transaction TransactionHolder{handle=KafkaTransactionState [transactionalId=null, producerId=-1, epoch=-1], transactionStartTime=1790822507469} from checkpoint 3
2026-10-01 02:42:17,510 INFO  org.apache.flink.streaming.api.functions.sink.TwoPhaseCommitSinkFunction [] - FlinkKafkaProducer 4/8 - checkpoint 3 complete, committing transaction TransactionHolder{handle=KafkaTransactionState [transactionalId=null, producerId=-1, epoch=-1], transactionStartTime=1790822507482} from checkpoint 3
2026-10-01 02:42:47,489 INFO  org.apache.flink.streaming.api.functions.sink.TwoPhaseCommitSinkFunction [] - FlinkKafkaProducer 1/8 - checkpoint 4 complete, committing transaction TransactionHolder{handle=KafkaTransactionState [transactionalId=null, producerId=-1, epoch=-1], transactionStartTime=1790822537455} from checkpoint 4
2026-10-01 02:42:47,489 INFO  org.apache.flink.streaming.api.functions.sink.TwoPhaseCommitSinkFunction [] - FlinkKafkaProducer 4/8 - checkpoint 4 complete, committing transaction TransactionHolder{handle=KafkaTransactionState [transactionalId=null, producerId=-1, epoch=-1], transactionStartTime=1790822537455} from checkpoint 4
2026-10-01 02:42:47,489 INFO  org.apache.flink.streaming.api.functions.sink.TwoPhaseCommitSinkFunction [] - FlinkKafkaProducer 5/8 - checkpoint 4 complete, committing transaction TransactionHolder{handle=KafkaTransactionState [transactionalId=null, producerId=-1, epoch=-1], transactionStartTime=1790822537456} from checkpoint 4
2026-10-01 02:42:47,490 INFO  org.apache.flink.streaming.api.functions.sink.TwoPhaseCommitSinkFunction [] - FlinkKafkaProducer 8/8 - checkpoint 4 complete, committing transaction TransactionHolder{handle=KafkaTransactionState [transactionalId=null, producerId=-1, epoch=-1], transactionStartTime=1790822537457} from checkpoint 4
2026-10-01 02:42:47,490 INFO  org.apache.flink.streaming.api.functions.sink.TwoPhaseCommitSinkFunction [] - FlinkKafkaProducer 1/8 - checkpoint 4 complete, committing transaction TransactionHolder{handle=KafkaTransactionState [transactionalId=null, producerId=-1, epoch=-1], transactionStartTime=1790822537470} from checkpoint 4
2026-10-01 02:42:47,490 INFO  org.apache.flink.streaming.api.functions.sink.TwoPhaseCommitSinkFunction [] - FlinkKafkaProducer 1/8 - checkpoint 4 complete, committing transaction TransactionHolder{handle=KafkaTransactionState [transactionalId=null, producerId=-1, epoch=-1], transactionStartTime=1790822537470} from checkpoint 4
2026-10-01 02:42:47,490 INFO  org.apache.flink.streaming.api.functions.sink.TwoPhaseCommitSinkFunction [] - FlinkKafkaProducer 4/8 - checkpoint 4 complete, committing transaction TransactionHolder{handle=KafkaTransactionState [transactionalId=null, producerId=-1, epoch=-1], transactionStartTime=1790822537471} from checkpoint 4
2026-10-01 02:42:47,491 INFO  org.apache.flink.streaming.api.functions.sink.TwoPhaseCommitSinkFunction [] - FlinkKafkaProducer 4/8 - checkpoint 4 complete, committing transaction TransactionHolder{handle=KafkaTransactionState [transactionalId=null, producerId=-1, epoch=-1], transactionStartTime=1790822537471} from checkpoint 4
2026-10-01 02:42:47,492 INFO  org.apache.flink.streaming.api.functions.sink.TwoPhaseCommitSinkFunction [] - FlinkKafkaProducer 5/8 - checkpoint 4 complete, committing transaction TransactionHolder{handle=KafkaTransactionState [transactionalId=null, producerId=-1, epoch=-1], transactionStartTime=1790822537471} from checkpoint 4
2026-10-01 02:42:47,493 INFO  org.apache.flink.streaming.api.functions.sink.TwoPhaseCommitSinkFunction [] - FlinkKafkaProducer 5/8 - checkpoint 4 complete, committing transaction TransactionHolder{handle=KafkaTransactionState [transactionalId=null, producerId=-1, epoch=-1], transactionStartTime=1790822537471} from checkpoint 4
2026-10-01 02:42:47,493 INFO  org.apache.flink.streaming.api.functions.sink.TwoPhaseCommitSinkFunction [] - FlinkKafkaProducer 8/8 - checkpoint 4 complete, committing transaction TransactionHolder{handle=KafkaTransactionState [transactionalId=null, producerId=-1, epoch=-1], transactionStartTime=1790822537472} from checkpoint 4
2026-10-01 02:42:47,493 INFO  org.apache.flink.streaming.api.functions.sink.TwoPhaseCommitSinkFunction [] - FlinkKafkaProducer 8/8 - checkpoint 4 complete, committing transaction TransactionHolder{handle=KafkaTransactionState [transactionalId=null, producerId=-1, epoch=-1], transactionStartTime=1790822537472} from checkpoint 4
2026-10-01 02:42:47,493 INFO  org.apache.flink.streaming.api.functions.sink.TwoPhaseCommitSinkFunction [] - FlinkKafkaProducer 1/8 - checkpoint 4 complete, committing transaction TransactionHolder{handle=KafkaTransactionState [transactionalId=null, producerId=-1, epoch=-1], transactionStartTime=1790822537475} from checkpoint 4
2026-10-01 02:42:47,493 INFO  org.apache.flink.streaming.api.functions.sink.TwoPhaseCommitSinkFunction [] - FlinkKafkaProducer 1/8 - checkpoint 4 complete, committing transaction TransactionHolder{handle=KafkaTransactionState [transactionalId=null, producerId=-1, epoch=-1], transactionStartTime=1790822537475} from checkpoint 4
2026-10-01 02:42:47,494 INFO  org.apache.flink.streaming.api.functions.sink.TwoPhaseCommitSinkFunction [] - FlinkKafkaProducer 4/8 - checkpoint 4 complete, committing transaction TransactionHolder{handle=KafkaTransactionState [transactionalId=null, producerId=-1, epoch=-1], transactionStartTime=1790822537473} from checkpoint 4
2026-10-01 02:42:47,494 INFO  org.apache.flink.streaming.api.functions.sink.TwoPhaseCommitSinkFunction [] - FlinkKafkaProducer 4/8 - checkpoint 4 complete, committing transaction TransactionHolder{handle=KafkaTransactionState [transactionalId=null, producerId=-1, epoch=-1], transactionStartTime=1790822537473} from checkpoint 4
2026-10-01 02:42:47,494 INFO  org.apache.flink.streaming.api.functions.sink.TwoPhaseCommitSinkFunction [] - FlinkKafkaProducer 5/8 - checkpoint 4 complete, committing transaction TransactionHolder{handle=KafkaTransactionState [transactionalId=null, producerId=-1, epoch=-1], transactionStartTime=1790822537473} from checkpoint 4
2026-10-01 02:42:47,494 INFO  org.apache.flink.streaming.api.functions.sink.TwoPhaseCommitSinkFunction [] - FlinkKafkaProducer 5/8 - checkpoint 4 complete, committing transaction TransactionHolder{handle=KafkaTransactionState [transactionalId=null, producerId=-1, epoch=-1], transactionStartTime=1790822537473} from checkpoint 4
2026-10-01 02:42:47,494 INFO  org.apache.flink.streaming.api.functions.sink.TwoPhaseCommitSinkFunction [] - FlinkKafkaProducer 8/8 - checkpoint 4 complete, committing transaction TransactionHolder{handle=KafkaTransactionState [transactionalId=null, producerId=-1, epoch=-1], transactionStartTime=1790822537474} from checkpoint 4
2026-10-01 02:42:47,495 INFO  org.apache.flink.streaming.api.functions.sink.TwoPhaseCommitSinkFunction [] - FlinkKafkaProducer 8/8 - checkpoint 4 complete, committing transaction TransactionHolder{handle=KafkaTransactionState [transactionalId=null, producerId=-1, epoch=-1], transactionStartTime=1790822537474} from checkpoint 4
2026-10-01 02:42:47,495 INFO  org.apache.flink.streaming.api.functions.sink.TwoPhaseCommitSinkFunction [] - FlinkKafkaProducer 1/8 - checkpoint 4 complete, committing transaction TransactionHolder{handle=KafkaTransactionState [transactionalId=null, producerId=-1, epoch=-1], transactionStartTime=1790822537468} from checkpoint 4
2026-10-01 02:42:47,495 INFO  org.apache.flink.streaming.api.functions.sink.TwoPhaseCommitSinkFunction [] - FlinkKafkaProducer 4/8 - checkpoint 4 complete, committing transaction TransactionHolder{handle=KafkaTransactionState [transactionalId=null, producerId=-1, epoch=-1], transactionStartTime=1790822537469} from checkpoint 4
2026-10-01 02:42:47,495 INFO  org.apache.flink.streaming.api.functions.sink.TwoPhaseCommitSinkFunction [] - FlinkKafkaProducer 5/8 - checkpoint 4 complete, committing transaction TransactionHolder{handle=KafkaTransactionState [transactionalId=null, producerId=-1, epoch=-1], transactionStartTime=1790822537469} from checkpoint 4
2026-10-01 02:42:47,496 INFO  org.apache.flink.streaming.api.functions.sink.TwoPhaseCommitSinkFunction [] - FlinkKafkaProducer 8/8 - checkpoint 4 complete, committing transaction TransactionHolder{handle=KafkaTransactionState [transactionalId=null, producerId=-1, epoch=-1], transactionStartTime=1790822537469} from checkpoint 4
2026-10-01 02:43:17,744 INFO  org.apache.flink.streaming.api.functions.sink.TwoPhaseCommitSinkFunction [] - FlinkKafkaProducer 4/8 - checkpoint 5 complete, committing transaction TransactionHolder{handle=KafkaTransactionState [transactionalId=null, producerId=-1, epoch=-1], transactionStartTime=1790822567452} from checkpoint 5
2026-10-01 02:43:17,745 INFO  org.apache.flink.streaming.api.functions.sink.TwoPhaseCommitSinkFunction [] - FlinkKafkaProducer 5/8 - checkpoint 5 complete, committing transaction TransactionHolder{handle=KafkaTransactionState [transactionalId=null, producerId=-1, epoch=-1], transactionStartTime=1790822567451} from checkpoint 5
2026-10-01 02:43:17,745 INFO  org.apache.flink.streaming.api.functions.sink.TwoPhaseCommitSinkFunction [] - FlinkKafkaProducer 1/8 - checkpoint 5 complete, committing transaction TransactionHolder{handle=KafkaTransactionState [transactionalId=null, producerId=-1, epoch=-1], transactionStartTime=1790822567451} from checkpoint 5
2026-10-01 02:43:17,745 INFO  org.apache.flink.streaming.api.functions.sink.TwoPhaseCommitSinkFunction [] - FlinkKafkaProducer 5/8 - checkpoint 5 complete, committing transaction TransactionHolder{handle=KafkaTransactionState [transactionalId=null, producerId=-1, epoch=-1], transactionStartTime=1790822567458} from checkpoint 5
2026-10-01 02:43:17,746 INFO  org.apache.flink.streaming.api.functions.sink.TwoPhaseCommitSinkFunction [] - FlinkKafkaProducer 5/8 - checkpoint 5 complete, committing transaction TransactionHolder{handle=KafkaTransactionState [transactionalId=null, producerId=-1, epoch=-1], transactionStartTime=1790822567458} from checkpoint 5
2026-10-01 02:43:17,745 INFO  org.apache.flink.streaming.api.functions.sink.TwoPhaseCommitSinkFunction [] - FlinkKafkaProducer 8/8 - checkpoint 5 complete, committing transaction TransactionHolder{handle=KafkaTransactionState [transactionalId=null, producerId=-1, epoch=-1], transactionStartTime=1790822567460} from checkpoint 5
2026-10-01 02:43:17,746 INFO  org.apache.flink.streaming.api.functions.sink.TwoPhaseCommitSinkFunction [] - FlinkKafkaProducer 8/8 - checkpoint 5 complete, committing transaction TransactionHolder{handle=KafkaTransactionState [transactionalId=null, producerId=-1, epoch=-1], transactionStartTime=1790822567460} from checkpoint 5
2026-10-01 02:43:17,745 INFO  org.apache.flink.streaming.api.functions.sink.TwoPhaseCommitSinkFunction [] - FlinkKafkaProducer 8/8 - checkpoint 5 complete, committing transaction TransactionHolder{handle=KafkaTransactionState [transactionalId=null, producerId=-1, epoch=-1], transactionStartTime=1790822567454} from checkpoint 5
2026-10-01 02:43:17,745 INFO  org.apache.flink.streaming.api.functions.sink.TwoPhaseCommitSinkFunction [] - FlinkKafkaProducer 4/8 - checkpoint 5 complete, committing transaction TransactionHolder{handle=KafkaTransactionState [transactionalId=null, producerId=-1, epoch=-1], transactionStartTime=1790822567461} from checkpoint 5
2026-10-01 02:43:17,746 INFO  org.apache.flink.streaming.api.functions.sink.TwoPhaseCommitSinkFunction [] - FlinkKafkaProducer 4/8 - checkpoint 5 complete, committing transaction TransactionHolder{handle=KafkaTransactionState [transactionalId=null, producerId=-1, epoch=-1], transactionStartTime=1790822567461} from checkpoint 5
2026-10-01 02:43:17,745 INFO  org.apache.flink.streaming.api.functions.sink.TwoPhaseCommitSinkFunction [] - FlinkKafkaProducer 1/8 - checkpoint 5 complete, committing transaction TransactionHolder{handle=KafkaTransactionState [transactionalId=null, producerId=-1, epoch=-1], transactionStartTime=1790822567461} from checkpoint 5
2026-10-01 02:43:17,747 INFO  org.apache.flink.streaming.api.functions.sink.TwoPhaseCommitSinkFunction [] - FlinkKafkaProducer 1/8 - checkpoint 5 complete, committing transaction TransactionHolder{handle=KafkaTransactionState [transactionalId=null, producerId=-1, epoch=-1], transactionStartTime=1790822567461} from checkpoint 5
2026-10-01 02:43:17,747 INFO  org.apache.flink.streaming.api.functions.sink.TwoPhaseCommitSinkFunction [] - FlinkKafkaProducer 1/8 - checkpoint 5 complete, committing transaction TransactionHolder{handle=KafkaTransactionState [transactionalId=null, producerId=-1, epoch=-1], transactionStartTime=1790822567471} from checkpoint 5
2026-10-01 02:43:17,747 INFO  org.apache.flink.streaming.api.functions.sink.TwoPhaseCommitSinkFunction [] - FlinkKafkaProducer 1/8 - checkpoint 5 complete, committing transaction TransactionHolder{handle=KafkaTransactionState [transactionalId=null, producerId=-1, epoch=-1], transactionStartTime=1790822567471} from checkpoint 5
2026-10-01 02:43:17,754 INFO  org.apache.flink.streaming.api.functions.sink.TwoPhaseCommitSinkFunction [] - FlinkKafkaProducer 4/8 - checkpoint 5 complete, committing transaction TransactionHolder{handle=KafkaTransactionState [transactionalId=null, producerId=-1, epoch=-1], transactionStartTime=1790822567471} from checkpoint 5
2026-10-01 02:43:17,754 INFO  org.apache.flink.streaming.api.functions.sink.TwoPhaseCommitSinkFunction [] - FlinkKafkaProducer 4/8 - checkpoint 5 complete, committing transaction TransactionHolder{handle=KafkaTransactionState [transactionalId=null, producerId=-1, epoch=-1], transactionStartTime=1790822567471} from checkpoint 5
2026-10-01 02:43:17,754 INFO  org.apache.flink.streaming.api.functions.sink.TwoPhaseCommitSinkFunction [] - FlinkKafkaProducer 5/8 - checkpoint 5 complete, committing transaction TransactionHolder{handle=KafkaTransactionState [transactionalId=null, producerId=-1, epoch=-1], transactionStartTime=1790822567473} from checkpoint 5
2026-10-01 02:43:17,754 INFO  org.apache.flink.streaming.api.functions.sink.TwoPhaseCommitSinkFunction [] - FlinkKafkaProducer 5/8 - checkpoint 5 complete, committing transaction TransactionHolder{handle=KafkaTransactionState [transactionalId=null, producerId=-1, epoch=-1], transactionStartTime=1790822567473} from checkpoint 5
2026-10-01 02:43:17,841 INFO  org.apache.flink.streaming.api.functions.sink.TwoPhaseCommitSinkFunction [] - FlinkKafkaProducer 8/8 - checkpoint 5 complete, committing transaction TransactionHolder{handle=KafkaTransactionState [transactionalId=null, producerId=-1, epoch=-1], transactionStartTime=1790822567473} from checkpoint 5
2026-10-01 02:43:17,841 INFO  org.apache.flink.streaming.api.functions.sink.TwoPhaseCommitSinkFunction [] - FlinkKafkaProducer 8/8 - checkpoint 5 complete, committing transaction TransactionHolder{handle=KafkaTransactionState [transactionalId=null, producerId=-1, epoch=-1], transactionStartTime=1790822567473} from checkpoint 5
2026-10-01 02:43:17,841 INFO  org.apache.flink.streaming.api.functions.sink.TwoPhaseCommitSinkFunction [] - FlinkKafkaProducer 1/8 - checkpoint 5 complete, committing transaction TransactionHolder{handle=KafkaTransactionState [transactionalId=null, producerId=-1, epoch=-1], transactionStartTime=1790822567460} from checkpoint 5
2026-10-01 02:43:17,842 INFO  org.apache.flink.streaming.api.functions.sink.TwoPhaseCommitSinkFunction [] - FlinkKafkaProducer 4/8 - checkpoint 5 complete, committing transaction TransactionHolder{handle=KafkaTransactionState [transactionalId=null, producerId=-1, epoch=-1], transactionStartTime=1790822567460} from checkpoint 5
2026-10-01 02:43:17,843 INFO  org.apache.flink.streaming.api.functions.sink.TwoPhaseCommitSinkFunction [] - FlinkKafkaProducer 5/8 - checkpoint 5 complete, committing transaction TransactionHolder{handle=KafkaTransactionState [transactionalId=null, producerId=-1, epoch=-1], transactionStartTime=1790822567460} from checkpoint 5
2026-10-01 02:43:17,843 INFO  org.apache.flink.streaming.api.functions.sink.TwoPhaseCommitSinkFunction [] - FlinkKafkaProducer 8/8 - checkpoint 5 complete, committing transaction TransactionHolder{handle=KafkaTransactionState [transactionalId=null, producerId=-1, epoch=-1], transactionStartTime=1790822567461} from checkpoint 5
2026-10-01 02:43:47,626 INFO  org.apache.flink.streaming.api.functions.sink.TwoPhaseCommitSinkFunction [] - FlinkKafkaProducer 1/8 - checkpoint 6 complete, committing transaction TransactionHolder{handle=KafkaTransactionState [transactionalId=null, producerId=-1, epoch=-1], transactionStartTime=1790822597504} from checkpoint 6
2026-10-01 02:43:47,626 INFO  org.apache.flink.streaming.api.functions.sink.TwoPhaseCommitSinkFunction [] - FlinkKafkaProducer 4/8 - checkpoint 6 complete, committing transaction TransactionHolder{handle=KafkaTransactionState [transactionalId=null, producerId=-1, epoch=-1], transactionStartTime=1790822597504} from checkpoint 6
2026-10-01 02:43:47,627 INFO  org.apache.flink.streaming.api.functions.sink.TwoPhaseCommitSinkFunction [] - FlinkKafkaProducer 5/8 - checkpoint 6 complete, committing transaction TransactionHolder{handle=KafkaTransactionState [transactionalId=null, producerId=-1, epoch=-1], transactionStartTime=1790822597503} from checkpoint 6
2026-10-01 02:43:47,627 INFO  org.apache.flink.streaming.api.functions.sink.TwoPhaseCommitSinkFunction [] - FlinkKafkaProducer 8/8 - checkpoint 6 complete, committing transaction TransactionHolder{handle=KafkaTransactionState [transactionalId=null, producerId=-1, epoch=-1], transactionStartTime=1790822597511} from checkpoint 6
2026-10-01 02:43:47,628 INFO  org.apache.flink.streaming.api.functions.sink.TwoPhaseCommitSinkFunction [] - FlinkKafkaProducer 1/8 - checkpoint 6 complete, committing transaction TransactionHolder{handle=KafkaTransactionState [transactionalId=null, producerId=-1, epoch=-1], transactionStartTime=1790822597520} from checkpoint 6
2026-10-01 02:43:47,628 INFO  org.apache.flink.streaming.api.functions.sink.TwoPhaseCommitSinkFunction [] - FlinkKafkaProducer 4/8 - checkpoint 6 complete, committing transaction TransactionHolder{handle=KafkaTransactionState [transactionalId=null, producerId=-1, epoch=-1], transactionStartTime=1790822597520} from checkpoint 6
2026-10-01 02:43:47,629 INFO  org.apache.flink.streaming.api.functions.sink.TwoPhaseCommitSinkFunction [] - FlinkKafkaProducer 4/8 - checkpoint 6 complete, committing transaction TransactionHolder{handle=KafkaTransactionState [transactionalId=null, producerId=-1, epoch=-1], transactionStartTime=1790822597520} from checkpoint 6
2026-10-01 02:43:47,629 INFO  org.apache.flink.streaming.api.functions.sink.TwoPhaseCommitSinkFunction [] - FlinkKafkaProducer 1/8 - checkpoint 6 complete, committing transaction TransactionHolder{handle=KafkaTransactionState [transactionalId=null, producerId=-1, epoch=-1], transactionStartTime=1790822597520} from checkpoint 6
2026-10-01 02:43:47,632 INFO  org.apache.flink.streaming.api.functions.sink.TwoPhaseCommitSinkFunction [] - FlinkKafkaProducer 5/8 - checkpoint 6 complete, committing transaction TransactionHolder{handle=KafkaTransactionState [transactionalId=null, producerId=-1, epoch=-1], transactionStartTime=1790822597522} from checkpoint 6
2026-10-01 02:43:47,632 INFO  org.apache.flink.streaming.api.functions.sink.TwoPhaseCommitSinkFunction [] - FlinkKafkaProducer 5/8 - checkpoint 6 complete, committing transaction TransactionHolder{handle=KafkaTransactionState [transactionalId=null, producerId=-1, epoch=-1], transactionStartTime=1790822597523} from checkpoint 6
2026-10-01 02:43:47,632 INFO  org.apache.flink.streaming.api.functions.sink.TwoPhaseCommitSinkFunction [] - FlinkKafkaProducer 8/8 - checkpoint 6 complete, committing transaction TransactionHolder{handle=KafkaTransactionState [transactionalId=null, producerId=-1, epoch=-1], transactionStartTime=1790822597521} from checkpoint 6
2026-10-01 02:43:47,632 INFO  org.apache.flink.streaming.api.functions.sink.TwoPhaseCommitSinkFunction [] - FlinkKafkaProducer 8/8 - checkpoint 6 complete, committing transaction TransactionHolder{handle=KafkaTransactionState [transactionalId=null, producerId=-1, epoch=-1], transactionStartTime=1790822597521} from checkpoint 6
2026-10-01 02:43:47,633 INFO  org.apache.flink.streaming.api.functions.sink.TwoPhaseCommitSinkFunction [] - FlinkKafkaProducer 1/8 - checkpoint 6 complete, committing transaction TransactionHolder{handle=KafkaTransactionState [transactionalId=null, producerId=-1, epoch=-1], transactionStartTime=1790822597528} from checkpoint 6
2026-10-01 02:43:47,633 INFO  org.apache.flink.streaming.api.functions.sink.TwoPhaseCommitSinkFunction [] - FlinkKafkaProducer 1/8 - checkpoint 6 complete, committing transaction TransactionHolder{handle=KafkaTransactionState [transactionalId=null, producerId=-1, epoch=-1], transactionStartTime=1790822597528} from checkpoint 6
2026-10-01 02:43:47,633 INFO  org.apache.flink.streaming.api.functions.sink.TwoPhaseCommitSinkFunction [] - FlinkKafkaProducer 4/8 - checkpoint 6 complete, committing transaction TransactionHolder{handle=KafkaTransactionState [transactionalId=null, producerId=-1, epoch=-1], transactionStartTime=1790822597523} from checkpoint 6
2026-10-01 02:43:47,633 INFO  org.apache.flink.streaming.api.functions.sink.TwoPhaseCommitSinkFunction [] - FlinkKafkaProducer 5/8 - checkpoint 6 complete, committing transaction TransactionHolder{handle=KafkaTransactionState [transactionalId=null, producerId=-1, epoch=-1], transactionStartTime=1790822597523} from checkpoint 6
2026-10-01 02:43:47,634 INFO  org.apache.flink.streaming.api.functions.sink.TwoPhaseCommitSinkFunction [] - FlinkKafkaProducer 5/8 - checkpoint 6 complete, committing transaction TransactionHolder{handle=KafkaTransactionState [transactionalId=null, producerId=-1, epoch=-1], transactionStartTime=1790822597523} from checkpoint 6
2026-10-01 02:43:47,634 INFO  org.apache.flink.streaming.api.functions.sink.TwoPhaseCommitSinkFunction [] - FlinkKafkaProducer 4/8 - checkpoint 6 complete, committing transaction TransactionHolder{handle=KafkaTransactionState [transactionalId=null, producerId=-1, epoch=-1], transactionStartTime=1790822597523} from checkpoint 6
2026-10-01 02:43:47,635 INFO  org.apache.flink.streaming.api.functions.sink.TwoPhaseCommitSinkFunction [] - FlinkKafkaProducer 8/8 - checkpoint 6 complete, committing transaction TransactionHolder{handle=KafkaTransactionState [transactionalId=null, producerId=-1, epoch=-1], transactionStartTime=1790822597523} from checkpoint 6
2026-10-01 02:43:47,636 INFO  org.apache.flink.streaming.api.functions.sink.TwoPhaseCommitSinkFunction [] - FlinkKafkaProducer 8/8 - checkpoint 6 complete, committing transaction TransactionHolder{handle=KafkaTransactionState [transactionalId=null, producerId=-1, epoch=-1], transactionStartTime=1790822597523} from checkpoint 6
2026-10-01 02:43:47,636 INFO  org.apache.flink.streaming.api.functions.sink.TwoPhaseCommitSinkFunction [] - FlinkKafkaProducer 5/8 - checkpoint 6 complete, committing transaction TransactionHolder{handle=KafkaTransactionState [transactionalId=null, producerId=-1, epoch=-1], transactionStartTime=1790822597505} from checkpoint 6
2026-10-01 02:43:47,637 INFO  org.apache.flink.streaming.api.functions.sink.TwoPhaseCommitSinkFunction [] - FlinkKafkaProducer 8/8 - checkpoint 6 complete, committing transaction TransactionHolder{handle=KafkaTransactionState [transactionalId=null, producerId=-1, epoch=-1], transactionStartTime=1790822597513} from checkpoint 6
2026-10-01 02:43:47,637 INFO  org.apache.flink.streaming.api.functions.sink.TwoPhaseCommitSinkFunction [] - FlinkKafkaProducer 4/8 - checkpoint 6 complete, committing transaction TransactionHolder{handle=KafkaTransactionState [transactionalId=null, producerId=-1, epoch=-1], transactionStartTime=1790822597505} from checkpoint 6
2026-10-01 02:43:47,637 INFO  org.apache.flink.streaming.api.functions.sink.TwoPhaseCommitSinkFunction [] - FlinkKafkaProducer 1/8 - checkpoint 6 complete, committing transaction TransactionHolder{handle=KafkaTransactionState [transactionalId=null, producerId=-1, epoch=-1], transactionStartTime=1790822597505} from checkpoint 6
2026-10-01 02:44:17,697 INFO  org.apache.flink.streaming.api.functions.sink.TwoPhaseCommitSinkFunction [] - FlinkKafkaProducer 4/8 - checkpoint 7 complete, committing transaction TransactionHolder{handle=KafkaTransactionState [transactionalId=null, producerId=-1, epoch=-1], transactionStartTime=1790822627452} from checkpoint 7
2026-10-01 02:44:17,698 INFO  org.apache.flink.streaming.api.functions.sink.TwoPhaseCommitSinkFunction [] - FlinkKafkaProducer 1/8 - checkpoint 7 complete, committing transaction TransactionHolder{handle=KafkaTransactionState [transactionalId=null, producerId=-1, epoch=-1], transactionStartTime=1790822627453} from checkpoint 7
2026-10-01 02:44:17,698 INFO  org.apache.flink.streaming.api.functions.sink.TwoPhaseCommitSinkFunction [] - FlinkKafkaProducer 5/8 - checkpoint 7 complete, committing transaction TransactionHolder{handle=KafkaTransactionState [transactionalId=null, producerId=-1, epoch=-1], transactionStartTime=1790822627452} from checkpoint 7
2026-10-01 02:44:17,699 INFO  org.apache.flink.streaming.api.functions.sink.TwoPhaseCommitSinkFunction [] - FlinkKafkaProducer 8/8 - checkpoint 7 complete, committing transaction TransactionHolder{handle=KafkaTransactionState [transactionalId=null, producerId=-1, epoch=-1], transactionStartTime=1790822627460} from checkpoint 7
2026-10-01 02:44:17,699 INFO  org.apache.flink.streaming.api.functions.sink.TwoPhaseCommitSinkFunction [] - FlinkKafkaProducer 4/8 - checkpoint 7 complete, committing transaction TransactionHolder{handle=KafkaTransactionState [transactionalId=null, producerId=-1, epoch=-1], transactionStartTime=1790822627467} from checkpoint 7
2026-10-01 02:44:17,699 INFO  org.apache.flink.streaming.api.functions.sink.TwoPhaseCommitSinkFunction [] - FlinkKafkaProducer 1/8 - checkpoint 7 complete, committing transaction TransactionHolder{handle=KafkaTransactionState [transactionalId=null, producerId=-1, epoch=-1], transactionStartTime=1790822627469} from checkpoint 7
2026-10-01 02:44:17,699 INFO  org.apache.flink.streaming.api.functions.sink.TwoPhaseCommitSinkFunction [] - FlinkKafkaProducer 1/8 - checkpoint 7 complete, committing transaction TransactionHolder{handle=KafkaTransactionState [transactionalId=null, producerId=-1, epoch=-1], transactionStartTime=1790822627469} from checkpoint 7
2026-10-01 02:44:17,700 INFO  org.apache.flink.streaming.api.functions.sink.TwoPhaseCommitSinkFunction [] - FlinkKafkaProducer 8/8 - checkpoint 7 complete, committing transaction TransactionHolder{handle=KafkaTransactionState [transactionalId=null, producerId=-1, epoch=-1], transactionStartTime=1790822627468} from checkpoint 7
2026-10-01 02:44:17,700 INFO  org.apache.flink.streaming.api.functions.sink.TwoPhaseCommitSinkFunction [] - FlinkKafkaProducer 8/8 - checkpoint 7 complete, committing transaction TransactionHolder{handle=KafkaTransactionState [transactionalId=null, producerId=-1, epoch=-1], transactionStartTime=1790822627468} from checkpoint 7
2026-10-01 02:44:17,699 INFO  org.apache.flink.streaming.api.functions.sink.TwoPhaseCommitSinkFunction [] - FlinkKafkaProducer 5/8 - checkpoint 7 complete, committing transaction TransactionHolder{handle=KafkaTransactionState [transactionalId=null, producerId=-1, epoch=-1], transactionStartTime=1790822627468} from checkpoint 7
2026-10-01 02:44:17,700 INFO  org.apache.flink.streaming.api.functions.sink.TwoPhaseCommitSinkFunction [] - FlinkKafkaProducer 4/8 - checkpoint 7 complete, committing transaction TransactionHolder{handle=KafkaTransactionState [transactionalId=null, producerId=-1, epoch=-1], transactionStartTime=1790822627469} from checkpoint 7
2026-10-01 02:44:17,700 INFO  org.apache.flink.streaming.api.functions.sink.TwoPhaseCommitSinkFunction [] - FlinkKafkaProducer 5/8 - checkpoint 7 complete, committing transaction TransactionHolder{handle=KafkaTransactionState [transactionalId=null, producerId=-1, epoch=-1], transactionStartTime=1790822627468} from checkpoint 7
2026-10-01 02:44:17,701 INFO  org.apache.flink.streaming.api.functions.sink.TwoPhaseCommitSinkFunction [] - FlinkKafkaProducer 1/8 - checkpoint 7 complete, committing transaction TransactionHolder{handle=KafkaTransactionState [transactionalId=null, producerId=-1, epoch=-1], transactionStartTime=1790822627470} from checkpoint 7
2026-10-01 02:44:17,701 INFO  org.apache.flink.streaming.api.functions.sink.TwoPhaseCommitSinkFunction [] - FlinkKafkaProducer 1/8 - checkpoint 7 complete, committing transaction TransactionHolder{handle=KafkaTransactionState [transactionalId=null, producerId=-1, epoch=-1], transactionStartTime=1790822627470} from checkpoint 7
2026-10-01 02:44:17,703 INFO  org.apache.flink.streaming.api.functions.sink.TwoPhaseCommitSinkFunction [] - FlinkKafkaProducer 4/8 - checkpoint 7 complete, committing transaction TransactionHolder{handle=KafkaTransactionState [transactionalId=null, producerId=-1, epoch=-1], transactionStartTime=1790822627469} from checkpoint 7
2026-10-01 02:44:17,703 INFO  org.apache.flink.streaming.api.functions.sink.TwoPhaseCommitSinkFunction [] - FlinkKafkaProducer 4/8 - checkpoint 7 complete, committing transaction TransactionHolder{handle=KafkaTransactionState [transactionalId=null, producerId=-1, epoch=-1], transactionStartTime=1790822627472} from checkpoint 7
2026-10-01 02:44:17,704 INFO  org.apache.flink.streaming.api.functions.sink.TwoPhaseCommitSinkFunction [] - FlinkKafkaProducer 5/8 - checkpoint 7 complete, committing transaction TransactionHolder{handle=KafkaTransactionState [transactionalId=null, producerId=-1, epoch=-1], transactionStartTime=1790822627472} from checkpoint 7
2026-10-01 02:44:17,704 INFO  org.apache.flink.streaming.api.functions.sink.TwoPhaseCommitSinkFunction [] - FlinkKafkaProducer 8/8 - checkpoint 7 complete, committing transaction TransactionHolder{handle=KafkaTransactionState [transactionalId=null, producerId=-1, epoch=-1], transactionStartTime=1790822627470} from checkpoint 7
2026-10-01 02:44:17,704 INFO  org.apache.flink.streaming.api.functions.sink.TwoPhaseCommitSinkFunction [] - FlinkKafkaProducer 5/8 - checkpoint 7 complete, committing transaction TransactionHolder{handle=KafkaTransactionState [transactionalId=null, producerId=-1, epoch=-1], transactionStartTime=1790822627472} from checkpoint 7
2026-10-01 02:44:17,704 INFO  org.apache.flink.streaming.api.functions.sink.TwoPhaseCommitSinkFunction [] - FlinkKafkaProducer 8/8 - checkpoint 7 complete, committing transaction TransactionHolder{handle=KafkaTransactionState [transactionalId=null, producerId=-1, epoch=-1], transactionStartTime=1790822627470} from checkpoint 7
2026-10-01 02:44:17,705 INFO  org.apache.flink.streaming.api.functions.sink.TwoPhaseCommitSinkFunction [] - FlinkKafkaProducer 1/8 - checkpoint 7 complete, committing transaction TransactionHolder{handle=KafkaTransactionState [transactionalId=null, producerId=-1, epoch=-1], transactionStartTime=1790822627471} from checkpoint 7
2026-10-01 02:44:17,705 INFO  org.apache.flink.streaming.api.functions.sink.TwoPhaseCommitSinkFunction [] - FlinkKafkaProducer 4/8 - checkpoint 7 complete, committing transaction TransactionHolder{handle=KafkaTransactionState [transactionalId=null, producerId=-1, epoch=-1], transactionStartTime=1790822627471} from checkpoint 7
2026-10-01 02:44:17,706 INFO  org.apache.flink.streaming.api.functions.sink.TwoPhaseCommitSinkFunction [] - FlinkKafkaProducer 5/8 - checkpoint 7 complete, committing transaction TransactionHolder{handle=KafkaTransactionState [transactionalId=null, producerId=-1, epoch=-1], transactionStartTime=1790822627471} from checkpoint 7
2026-10-01 02:44:17,706 INFO  org.apache.flink.streaming.api.functions.sink.TwoPhaseCommitSinkFunction [] - FlinkKafkaProducer 8/8 - checkpoint 7 complete, committing transaction TransactionHolder{handle=KafkaTransactionState [transactionalId=null, producerId=-1, epoch=-1], transactionStartTime=1790822627475} from checkpoint 7
2026-10-01 02:44:47,890 INFO  org.apache.flink.streaming.api.functions.sink.TwoPhaseCommitSinkFunction [] - FlinkKafkaProducer 1/8 - checkpoint 8 complete, committing transaction TransactionHolder{handle=KafkaTransactionState [transactionalId=null, producerId=-1, epoch=-1], transactionStartTime=1790822657460} from checkpoint 8
2026-10-01 02:44:47,890 INFO  org.apache.flink.streaming.api.functions.sink.TwoPhaseCommitSinkFunction [] - FlinkKafkaProducer 4/8 - checkpoint 8 complete, committing transaction TransactionHolder{handle=KafkaTransactionState [transactionalId=null, producerId=-1, epoch=-1], transactionStartTime=1790822657460} from checkpoint 8
2026-10-01 02:44:47,892 INFO  org.apache.flink.streaming.api.functions.sink.TwoPhaseCommitSinkFunction [] - FlinkKafkaProducer 5/8 - checkpoint 8 complete, committing transaction TransactionHolder{handle=KafkaTransactionState [transactionalId=null, producerId=-1, epoch=-1], transactionStartTime=1790822657460} from checkpoint 8
2026-10-01 02:44:47,892 INFO  org.apache.flink.streaming.api.functions.sink.TwoPhaseCommitSinkFunction [] - FlinkKafkaProducer 8/8 - checkpoint 8 complete, committing transaction TransactionHolder{handle=KafkaTransactionState [transactionalId=null, producerId=-1, epoch=-1], transactionStartTime=1790822657460} from checkpoint 8
2026-10-01 02:44:47,892 INFO  org.apache.flink.streaming.api.functions.sink.TwoPhaseCommitSinkFunction [] - FlinkKafkaProducer 1/8 - checkpoint 8 complete, committing transaction TransactionHolder{handle=KafkaTransactionState [transactionalId=null, producerId=-1, epoch=-1], transactionStartTime=1790822657469} from checkpoint 8
2026-10-01 02:44:47,892 INFO  org.apache.flink.streaming.api.functions.sink.TwoPhaseCommitSinkFunction [] - FlinkKafkaProducer 1/8 - checkpoint 8 complete, committing transaction TransactionHolder{handle=KafkaTransactionState [transactionalId=null, producerId=-1, epoch=-1], transactionStartTime=1790822657469} from checkpoint 8
2026-10-01 02:44:47,893 INFO  org.apache.flink.streaming.api.functions.sink.TwoPhaseCommitSinkFunction [] - FlinkKafkaProducer 5/8 - checkpoint 8 complete, committing transaction TransactionHolder{handle=KafkaTransactionState [transactionalId=null, producerId=-1, epoch=-1], transactionStartTime=1790822657469} from checkpoint 8
2026-10-01 02:44:47,893 INFO  org.apache.flink.streaming.api.functions.sink.TwoPhaseCommitSinkFunction [] - FlinkKafkaProducer 8/8 - checkpoint 8 complete, committing transaction TransactionHolder{handle=KafkaTransactionState [transactionalId=null, producerId=-1, epoch=-1], transactionStartTime=1790822657469} from checkpoint 8
2026-10-01 02:44:47,893 INFO  org.apache.flink.streaming.api.functions.sink.TwoPhaseCommitSinkFunction [] - FlinkKafkaProducer 1/8 - checkpoint 8 complete, committing transaction TransactionHolder{handle=KafkaTransactionState [transactionalId=null, producerId=-1, epoch=-1], transactionStartTime=1790822657469} from checkpoint 8
2026-10-01 02:44:47,893 INFO  org.apache.flink.streaming.api.functions.sink.TwoPhaseCommitSinkFunction [] - FlinkKafkaProducer 1/8 - checkpoint 8 complete, committing transaction TransactionHolder{handle=KafkaTransactionState [transactionalId=null, producerId=-1, epoch=-1], transactionStartTime=1790822657469} from checkpoint 8
2026-10-01 02:44:47,893 INFO  org.apache.flink.streaming.api.functions.sink.TwoPhaseCommitSinkFunction [] - FlinkKafkaProducer 5/8 - checkpoint 8 complete, committing transaction TransactionHolder{handle=KafkaTransactionState [transactionalId=null, producerId=-1, epoch=-1], transactionStartTime=1790822657475} from checkpoint 8
2026-10-01 02:44:47,893 INFO  org.apache.flink.streaming.api.functions.sink.TwoPhaseCommitSinkFunction [] - FlinkKafkaProducer 5/8 - checkpoint 8 complete, committing transaction TransactionHolder{handle=KafkaTransactionState [transactionalId=null, producerId=-1, epoch=-1], transactionStartTime=1790822657475} from checkpoint 8
2026-10-01 02:44:47,894 INFO  org.apache.flink.streaming.api.functions.sink.TwoPhaseCommitSinkFunction [] - FlinkKafkaProducer 8/8 - checkpoint 8 complete, committing transaction TransactionHolder{handle=KafkaTransactionState [transactionalId=null, producerId=-1, epoch=-1], transactionStartTime=1790822657473} from checkpoint 8
2026-10-01 02:44:47,894 INFO  org.apache.flink.streaming.api.functions.sink.TwoPhaseCommitSinkFunction [] - FlinkKafkaProducer 4/8 - checkpoint 8 complete, committing transaction TransactionHolder{handle=KafkaTransactionState [transactionalId=null, producerId=-1, epoch=-1], transactionStartTime=1790822657472} from checkpoint 8
2026-10-01 02:44:47,893 INFO  org.apache.flink.streaming.api.functions.sink.TwoPhaseCommitSinkFunction [] - FlinkKafkaProducer 5/8 - checkpoint 8 complete, committing transaction TransactionHolder{handle=KafkaTransactionState [transactionalId=null, producerId=-1, epoch=-1], transactionStartTime=1790822657469} from checkpoint 8
2026-10-01 02:44:47,894 INFO  org.apache.flink.streaming.api.functions.sink.TwoPhaseCommitSinkFunction [] - FlinkKafkaProducer 4/8 - checkpoint 8 complete, committing transaction TransactionHolder{handle=KafkaTransactionState [transactionalId=null, producerId=-1, epoch=-1], transactionStartTime=1790822657472} from checkpoint 8
2026-10-01 02:44:47,894 INFO  org.apache.flink.streaming.api.functions.sink.TwoPhaseCommitSinkFunction [] - FlinkKafkaProducer 4/8 - checkpoint 8 complete, committing transaction TransactionHolder{handle=KafkaTransactionState [transactionalId=null, producerId=-1, epoch=-1], transactionStartTime=1790822657471} from checkpoint 8
2026-10-01 02:44:47,894 INFO  org.apache.flink.streaming.api.functions.sink.TwoPhaseCommitSinkFunction [] - FlinkKafkaProducer 4/8 - checkpoint 8 complete, committing transaction TransactionHolder{handle=KafkaTransactionState [transactionalId=null, producerId=-1, epoch=-1], transactionStartTime=1790822657471} from checkpoint 8
2026-10-01 02:44:47,893 INFO  org.apache.flink.streaming.api.functions.sink.TwoPhaseCommitSinkFunction [] - FlinkKafkaProducer 8/8 - checkpoint 8 complete, committing transaction TransactionHolder{handle=KafkaTransactionState [transactionalId=null, producerId=-1, epoch=-1], transactionStartTime=1790822657469} from checkpoint 8
2026-10-01 02:44:47,894 INFO  org.apache.flink.streaming.api.functions.sink.TwoPhaseCommitSinkFunction [] - FlinkKafkaProducer 8/8 - checkpoint 8 complete, committing transaction TransactionHolder{handle=KafkaTransactionState [transactionalId=null, producerId=-1, epoch=-1], transactionStartTime=1790822657473} from checkpoint 8
2026-10-01 02:44:47,896 INFO  org.apache.flink.streaming.api.functions.sink.TwoPhaseCommitSinkFunction [] - FlinkKafkaProducer 1/8 - checkpoint 8 complete, committing transaction TransactionHolder{handle=KafkaTransactionState [transactionalId=null, producerId=-1, epoch=-1], transactionStartTime=1790822657475} from checkpoint 8
2026-10-01 02:44:47,896 INFO  org.apache.flink.streaming.api.functions.sink.TwoPhaseCommitSinkFunction [] - FlinkKafkaProducer 4/8 - checkpoint 8 complete, committing transaction TransactionHolder{handle=KafkaTransactionState [transactionalId=null, producerId=-1, epoch=-1], transactionStartTime=1790822657473} from checkpoint 8
2026-10-01 02:44:47,897 INFO  org.apache.flink.streaming.api.functions.sink.TwoPhaseCommitSinkFunction [] - FlinkKafkaProducer 5/8 - checkpoint 8 complete, committing transaction TransactionHolder{handle=KafkaTransactionState [transactionalId=null, producerId=-1, epoch=-1], transactionStartTime=1790822657472} from checkpoint 8
2026-10-01 02:44:47,897 INFO  org.apache.flink.streaming.api.functions.sink.TwoPhaseCommitSinkFunction [] - FlinkKafkaProducer 8/8 - checkpoint 8 complete, committing transaction TransactionHolder{handle=KafkaTransactionState [transactionalId=null, producerId=-1, epoch=-1], transactionStartTime=1790822657476} from checkpoint 8
2026-10-01 02:45:17,766 INFO  org.apache.flink.streaming.api.functions.sink.TwoPhaseCommitSinkFunction [] - FlinkKafkaProducer 1/8 - checkpoint 9 complete, committing transaction TransactionHolder{handle=KafkaTransactionState [transactionalId=null, producerId=-1, epoch=-1], transactionStartTime=1790822687457} from checkpoint 9
2026-10-01 02:45:17,768 INFO  org.apache.flink.streaming.api.functions.sink.TwoPhaseCommitSinkFunction [] - FlinkKafkaProducer 4/8 - checkpoint 9 complete, committing transaction TransactionHolder{handle=KafkaTransactionState [transactionalId=null, producerId=-1, epoch=-1], transactionStartTime=1790822687455} from checkpoint 9
2026-10-01 02:45:17,769 INFO  org.apache.flink.streaming.api.functions.sink.TwoPhaseCommitSinkFunction [] - FlinkKafkaProducer 5/8 - checkpoint 9 complete, committing transaction TransactionHolder{handle=KafkaTransactionState [transactionalId=null, producerId=-1, epoch=-1], transactionStartTime=1790822687456} from checkpoint 9
2026-10-01 02:45:17,770 INFO  org.apache.flink.streaming.api.functions.sink.TwoPhaseCommitSinkFunction [] - FlinkKafkaProducer 8/8 - checkpoint 9 complete, committing transaction TransactionHolder{handle=KafkaTransactionState [transactionalId=null, producerId=-1, epoch=-1], transactionStartTime=1790822687454} from checkpoint 9
2026-10-01 02:45:17,772 INFO  org.apache.flink.streaming.api.functions.sink.TwoPhaseCommitSinkFunction [] - FlinkKafkaProducer 1/8 - checkpoint 9 complete, committing transaction TransactionHolder{handle=KafkaTransactionState [transactionalId=null, producerId=-1, epoch=-1], transactionStartTime=1790822687477} from checkpoint 9
2026-10-01 02:45:17,773 INFO  org.apache.flink.streaming.api.functions.sink.TwoPhaseCommitSinkFunction [] - FlinkKafkaProducer 1/8 - checkpoint 9 complete, committing transaction TransactionHolder{handle=KafkaTransactionState [transactionalId=null, producerId=-1, epoch=-1], transactionStartTime=1790822687477} from checkpoint 9
2026-10-01 02:45:17,773 INFO  org.apache.flink.streaming.api.functions.sink.TwoPhaseCommitSinkFunction [] - FlinkKafkaProducer 4/8 - checkpoint 9 complete, committing transaction TransactionHolder{handle=KafkaTransactionState [transactionalId=null, producerId=-1, epoch=-1], transactionStartTime=1790822687478} from checkpoint 9
2026-10-01 02:45:17,774 INFO  org.apache.flink.streaming.api.functions.sink.TwoPhaseCommitSinkFunction [] - FlinkKafkaProducer 4/8 - checkpoint 9 complete, committing transaction TransactionHolder{handle=KafkaTransactionState [transactionalId=null, producerId=-1, epoch=-1], transactionStartTime=1790822687478} from checkpoint 9
2026-10-01 02:45:17,774 INFO  org.apache.flink.streaming.api.functions.sink.TwoPhaseCommitSinkFunction [] - FlinkKafkaProducer 5/8 - checkpoint 9 complete, committing transaction TransactionHolder{handle=KafkaTransactionState [transactionalId=null, producerId=-1, epoch=-1], transactionStartTime=1790822687478} from checkpoint 9
2026-10-01 02:45:17,774 INFO  org.apache.flink.streaming.api.functions.sink.TwoPhaseCommitSinkFunction [] - FlinkKafkaProducer 5/8 - checkpoint 9 complete, committing transaction TransactionHolder{handle=KafkaTransactionState [transactionalId=null, producerId=-1, epoch=-1], transactionStartTime=1790822687478} from checkpoint 9
2026-10-01 02:45:17,777 INFO  org.apache.flink.streaming.api.functions.sink.TwoPhaseCommitSinkFunction [] - FlinkKafkaProducer 8/8 - checkpoint 9 complete, committing transaction TransactionHolder{handle=KafkaTransactionState [transactionalId=null, producerId=-1, epoch=-1], transactionStartTime=1790822687481} from checkpoint 9
2026-10-01 02:45:17,777 INFO  org.apache.flink.streaming.api.functions.sink.TwoPhaseCommitSinkFunction [] - FlinkKafkaProducer 8/8 - checkpoint 9 complete, committing transaction TransactionHolder{handle=KafkaTransactionState [transactionalId=null, producerId=-1, epoch=-1], transactionStartTime=1790822687481} from checkpoint 9
2026-10-01 02:45:17,778 INFO  org.apache.flink.streaming.api.functions.sink.TwoPhaseCommitSinkFunction [] - FlinkKafkaProducer 1/8 - checkpoint 9 complete, committing transaction TransactionHolder{handle=KafkaTransactionState [transactionalId=null, producerId=-1, epoch=-1], transactionStartTime=1790822687482} from checkpoint 9
2026-10-01 02:45:17,778 INFO  org.apache.flink.streaming.api.functions.sink.TwoPhaseCommitSinkFunction [] - FlinkKafkaProducer 1/8 - checkpoint 9 complete, committing transaction TransactionHolder{handle=KafkaTransactionState [transactionalId=null, producerId=-1, epoch=-1], transactionStartTime=1790822687482} from checkpoint 9
2026-10-01 02:45:17,779 INFO  org.apache.flink.streaming.api.functions.sink.TwoPhaseCommitSinkFunction [] - FlinkKafkaProducer 4/8 - checkpoint 9 complete, committing transaction TransactionHolder{handle=KafkaTransactionState [transactionalId=null, producerId=-1, epoch=-1], transactionStartTime=1790822687482} from checkpoint 9
2026-10-01 02:45:17,779 INFO  org.apache.flink.streaming.api.functions.sink.TwoPhaseCommitSinkFunction [] - FlinkKafkaProducer 4/8 - checkpoint 9 complete, committing transaction TransactionHolder{handle=KafkaTransactionState [transactionalId=null, producerId=-1, epoch=-1], transactionStartTime=1790822687482} from checkpoint 9
2026-10-01 02:45:17,780 INFO  org.apache.flink.streaming.api.functions.sink.TwoPhaseCommitSinkFunction [] - FlinkKafkaProducer 5/8 - checkpoint 9 complete, committing transaction TransactionHolder{handle=KafkaTransactionState [transactionalId=null, producerId=-1, epoch=-1], transactionStartTime=1790822687481} from checkpoint 9
2026-10-01 02:45:17,780 INFO  org.apache.flink.streaming.api.functions.sink.TwoPhaseCommitSinkFunction [] - FlinkKafkaProducer 5/8 - checkpoint 9 complete, committing transaction TransactionHolder{handle=KafkaTransactionState [transactionalId=null, producerId=-1, epoch=-1], transactionStartTime=1790822687481} from checkpoint 9
2026-10-01 02:45:17,781 INFO  org.apache.flink.streaming.api.functions.sink.TwoPhaseCommitSinkFunction [] - FlinkKafkaProducer 8/8 - checkpoint 9 complete, committing transaction TransactionHolder{handle=KafkaTransactionState [transactionalId=null, producerId=-1, epoch=-1], transactionStartTime=1790822687481} from checkpoint 9
2026-10-01 02:45:17,781 INFO  org.apache.flink.streaming.api.functions.sink.TwoPhaseCommitSinkFunction [] - FlinkKafkaProducer 8/8 - checkpoint 9 complete, committing transaction TransactionHolder{handle=KafkaTransactionState [transactionalId=null, producerId=-1, epoch=-1], transactionStartTime=1790822687482} from checkpoint 9
2026-10-01 02:45:17,782 INFO  org.apache.flink.streaming.api.functions.sink.TwoPhaseCommitSinkFunction [] - FlinkKafkaProducer 1/8 - checkpoint 9 complete, committing transaction TransactionHolder{handle=KafkaTransactionState [transactionalId=null, producerId=-1, epoch=-1], transactionStartTime=1790822687481} from checkpoint 9
2026-10-01 02:45:17,782 INFO  org.apache.flink.streaming.api.functions.sink.TwoPhaseCommitSinkFunction [] - FlinkKafkaProducer 4/8 - checkpoint 9 complete, committing transaction TransactionHolder{handle=KafkaTransactionState [transactionalId=null, producerId=-1, epoch=-1], transactionStartTime=1790822687483} from checkpoint 9
2026-10-01 02:45:17,783 INFO  org.apache.flink.streaming.api.functions.sink.TwoPhaseCommitSinkFunction [] - FlinkKafkaProducer 5/8 - checkpoint 9 complete, committing transaction TransactionHolder{handle=KafkaTransactionState [transactionalId=null, producerId=-1, epoch=-1], transactionStartTime=1790822687482} from checkpoint 9
2026-10-01 02:45:17,786 INFO  org.apache.flink.streaming.api.functions.sink.TwoPhaseCommitSinkFunction [] - FlinkKafkaProducer 8/8 - checkpoint 9 complete, committing transaction TransactionHolder{handle=KafkaTransactionState [transactionalId=null, producerId=-1, epoch=-1], transactionStartTime=1790822687483} from checkpoint 9
2026-10-01 02:45:47,886 INFO  org.apache.flink.streaming.api.functions.sink.TwoPhaseCommitSinkFunction [] - FlinkKafkaProducer 1/8 - checkpoint 10 complete, committing transaction TransactionHolder{handle=KafkaTransactionState [transactionalId=null, producerId=-1, epoch=-1], transactionStartTime=1790822717450} from checkpoint 10
2026-10-01 02:45:47,888 INFO  org.apache.flink.streaming.api.functions.sink.TwoPhaseCommitSinkFunction [] - FlinkKafkaProducer 4/8 - checkpoint 10 complete, committing transaction TransactionHolder{handle=KafkaTransactionState [transactionalId=null, producerId=-1, epoch=-1], transactionStartTime=1790822717449} from checkpoint 10
2026-10-01 02:45:47,888 INFO  org.apache.flink.streaming.api.functions.sink.TwoPhaseCommitSinkFunction [] - FlinkKafkaProducer 5/8 - checkpoint 10 complete, committing transaction TransactionHolder{handle=KafkaTransactionState [transactionalId=null, producerId=-1, epoch=-1], transactionStartTime=1790822717450} from checkpoint 10
2026-10-01 02:45:47,890 INFO  org.apache.flink.streaming.api.functions.sink.TwoPhaseCommitSinkFunction [] - FlinkKafkaProducer 8/8 - checkpoint 10 complete, committing transaction TransactionHolder{handle=KafkaTransactionState [transactionalId=null, producerId=-1, epoch=-1], transactionStartTime=1790822717452} from checkpoint 10
2026-10-01 02:45:47,890 INFO  org.apache.flink.streaming.api.functions.sink.TwoPhaseCommitSinkFunction [] - FlinkKafkaProducer 1/8 - checkpoint 10 complete, committing transaction TransactionHolder{handle=KafkaTransactionState [transactionalId=null, producerId=-1, epoch=-1], transactionStartTime=1790822717461} from checkpoint 10
2026-10-01 02:45:47,890 INFO  org.apache.flink.streaming.api.functions.sink.TwoPhaseCommitSinkFunction [] - FlinkKafkaProducer 1/8 - checkpoint 10 complete, committing transaction TransactionHolder{handle=KafkaTransactionState [transactionalId=null, producerId=-1, epoch=-1], transactionStartTime=1790822717463} from checkpoint 10
2026-10-01 02:45:47,893 INFO  org.apache.flink.streaming.api.functions.sink.TwoPhaseCommitSinkFunction [] - FlinkKafkaProducer 4/8 - checkpoint 10 complete, committing transaction TransactionHolder{handle=KafkaTransactionState [transactionalId=null, producerId=-1, epoch=-1], transactionStartTime=1790822717461} from checkpoint 10
2026-10-01 02:45:47,893 INFO  org.apache.flink.streaming.api.functions.sink.TwoPhaseCommitSinkFunction [] - FlinkKafkaProducer 4/8 - checkpoint 10 complete, committing transaction TransactionHolder{handle=KafkaTransactionState [transactionalId=null, producerId=-1, epoch=-1], transactionStartTime=1790822717462} from checkpoint 10
2026-10-01 02:45:47,893 INFO  org.apache.flink.streaming.api.functions.sink.TwoPhaseCommitSinkFunction [] - FlinkKafkaProducer 5/8 - checkpoint 10 complete, committing transaction TransactionHolder{handle=KafkaTransactionState [transactionalId=null, producerId=-1, epoch=-1], transactionStartTime=1790822717461} from checkpoint 10
2026-10-01 02:45:47,893 INFO  org.apache.flink.streaming.api.functions.sink.TwoPhaseCommitSinkFunction [] - FlinkKafkaProducer 5/8 - checkpoint 10 complete, committing transaction TransactionHolder{handle=KafkaTransactionState [transactionalId=null, producerId=-1, epoch=-1], transactionStartTime=1790822717461} from checkpoint 10
2026-10-01 02:45:47,894 INFO  org.apache.flink.streaming.api.functions.sink.TwoPhaseCommitSinkFunction [] - FlinkKafkaProducer 8/8 - checkpoint 10 complete, committing transaction TransactionHolder{handle=KafkaTransactionState [transactionalId=null, producerId=-1, epoch=-1], transactionStartTime=1790822717468} from checkpoint 10
2026-10-01 02:45:47,894 INFO  org.apache.flink.streaming.api.functions.sink.TwoPhaseCommitSinkFunction [] - FlinkKafkaProducer 8/8 - checkpoint 10 complete, committing transaction TransactionHolder{handle=KafkaTransactionState [transactionalId=null, producerId=-1, epoch=-1], transactionStartTime=1790822717468} from checkpoint 10
2026-10-01 02:45:47,894 INFO  org.apache.flink.streaming.api.functions.sink.TwoPhaseCommitSinkFunction [] - FlinkKafkaProducer 1/8 - checkpoint 10 complete, committing transaction TransactionHolder{handle=KafkaTransactionState [transactionalId=null, producerId=-1, epoch=-1], transactionStartTime=1790822717468} from checkpoint 10
2026-10-01 02:45:47,894 INFO  org.apache.flink.streaming.api.functions.sink.TwoPhaseCommitSinkFunction [] - FlinkKafkaProducer 1/8 - checkpoint 10 complete, committing transaction TransactionHolder{handle=KafkaTransactionState [transactionalId=null, producerId=-1, epoch=-1], transactionStartTime=1790822717468} from checkpoint 10
2026-10-01 02:45:47,895 INFO  org.apache.flink.streaming.api.functions.sink.TwoPhaseCommitSinkFunction [] - FlinkKafkaProducer 4/8 - checkpoint 10 complete, committing transaction TransactionHolder{handle=KafkaTransactionState [transactionalId=null, producerId=-1, epoch=-1], transactionStartTime=1790822717468} from checkpoint 10
2026-10-01 02:45:47,895 INFO  org.apache.flink.streaming.api.functions.sink.TwoPhaseCommitSinkFunction [] - FlinkKafkaProducer 4/8 - checkpoint 10 complete, committing transaction TransactionHolder{handle=KafkaTransactionState [transactionalId=null, producerId=-1, epoch=-1], transactionStartTime=1790822717468} from checkpoint 10
2026-10-01 02:45:47,895 INFO  org.apache.flink.streaming.api.functions.sink.TwoPhaseCommitSinkFunction [] - FlinkKafkaProducer 5/8 - checkpoint 10 complete, committing transaction TransactionHolder{handle=KafkaTransactionState [transactionalId=null, producerId=-1, epoch=-1], transactionStartTime=1790822717468} from checkpoint 10
2026-10-01 02:45:47,896 INFO  org.apache.flink.streaming.api.functions.sink.TwoPhaseCommitSinkFunction [] - FlinkKafkaProducer 5/8 - checkpoint 10 complete, committing transaction TransactionHolder{handle=KafkaTransactionState [transactionalId=null, producerId=-1, epoch=-1], transactionStartTime=1790822717468} from checkpoint 10
2026-10-01 02:45:47,897 INFO  org.apache.flink.streaming.api.functions.sink.TwoPhaseCommitSinkFunction [] - FlinkKafkaProducer 8/8 - checkpoint 10 complete, committing transaction TransactionHolder{handle=KafkaTransactionState [transactionalId=null, producerId=-1, epoch=-1], transactionStartTime=1790822717469} from checkpoint 10
2026-10-01 02:45:47,898 INFO  org.apache.flink.streaming.api.functions.sink.TwoPhaseCommitSinkFunction [] - FlinkKafkaProducer 8/8 - checkpoint 10 complete, committing transaction TransactionHolder{handle=KafkaTransactionState [transactionalId=null, producerId=-1, epoch=-1], transactionStartTime=1790822717469} from checkpoint 10
2026-10-01 02:45:47,898 INFO  org.apache.flink.streaming.api.functions.sink.TwoPhaseCommitSinkFunction [] - FlinkKafkaProducer 1/8 - checkpoint 10 complete, committing transaction TransactionHolder{handle=KafkaTransactionState [transactionalId=null, producerId=-1, epoch=-1], transactionStartTime=1790822717456} from checkpoint 10
2026-10-01 02:45:47,898 INFO  org.apache.flink.streaming.api.functions.sink.TwoPhaseCommitSinkFunction [] - FlinkKafkaProducer 4/8 - checkpoint 10 complete, committing transaction TransactionHolder{handle=KafkaTransactionState [transactionalId=null, producerId=-1, epoch=-1], transactionStartTime=1790822717456} from checkpoint 10
2026-10-01 02:45:47,899 INFO  org.apache.flink.streaming.api.functions.sink.TwoPhaseCommitSinkFunction [] - FlinkKafkaProducer 5/8 - checkpoint 10 complete, committing transaction TransactionHolder{handle=KafkaTransactionState [transactionalId=null, producerId=-1, epoch=-1], transactionStartTime=1790822717457} from checkpoint 10
2026-10-01 02:45:47,900 INFO  org.apache.flink.streaming.api.functions.sink.TwoPhaseCommitSinkFunction [] - FlinkKafkaProducer 8/8 - checkpoint 10 complete, committing transaction TransactionHolder{handle=KafkaTransactionState [transactionalId=null, producerId=-1, epoch=-1], transactionStartTime=1790822717457} from checkpoint 10
2026-10-01 02:46:18,064 INFO  org.apache.flink.streaming.api.functions.sink.TwoPhaseCommitSinkFunction [] - FlinkKafkaProducer 1/8 - checkpoint 11 complete, committing transaction TransactionHolder{handle=KafkaTransactionState [transactionalId=null, producerId=-1, epoch=-1], transactionStartTime=1790822747445} from checkpoint 11
2026-10-01 02:46:18,065 INFO  org.apache.flink.streaming.api.functions.sink.TwoPhaseCommitSinkFunction [] - FlinkKafkaProducer 4/8 - checkpoint 11 complete, committing transaction TransactionHolder{handle=KafkaTransactionState [transactionalId=null, producerId=-1, epoch=-1], transactionStartTime=1790822747446} from checkpoint 11
2026-10-01 02:46:18,066 INFO  org.apache.flink.streaming.api.functions.sink.TwoPhaseCommitSinkFunction [] - FlinkKafkaProducer 5/8 - checkpoint 11 complete, committing transaction TransactionHolder{handle=KafkaTransactionState [transactionalId=null, producerId=-1, epoch=-1], transactionStartTime=1790822747446} from checkpoint 11
2026-10-01 02:46:18,068 INFO  org.apache.flink.streaming.api.functions.sink.TwoPhaseCommitSinkFunction [] - FlinkKafkaProducer 8/8 - checkpoint 11 complete, committing transaction TransactionHolder{handle=KafkaTransactionState [transactionalId=null, producerId=-1, epoch=-1], transactionStartTime=1790822747450} from checkpoint 11
2026-10-01 02:46:18,068 INFO  org.apache.flink.streaming.api.functions.sink.TwoPhaseCommitSinkFunction [] - FlinkKafkaProducer 1/8 - checkpoint 11 complete, committing transaction TransactionHolder{handle=KafkaTransactionState [transactionalId=null, producerId=-1, epoch=-1], transactionStartTime=1790822747452} from checkpoint 11
2026-10-01 02:46:18,069 INFO  org.apache.flink.streaming.api.functions.sink.TwoPhaseCommitSinkFunction [] - FlinkKafkaProducer 1/8 - checkpoint 11 complete, committing transaction TransactionHolder{handle=KafkaTransactionState [transactionalId=null, producerId=-1, epoch=-1], transactionStartTime=1790822747452} from checkpoint 11
2026-10-01 02:46:18,070 INFO  org.apache.flink.streaming.api.functions.sink.TwoPhaseCommitSinkFunction [] - FlinkKafkaProducer 4/8 - checkpoint 11 complete, committing transaction TransactionHolder{handle=KafkaTransactionState [transactionalId=null, producerId=-1, epoch=-1], transactionStartTime=1790822747452} from checkpoint 11
2026-10-01 02:46:18,070 INFO  org.apache.flink.streaming.api.functions.sink.TwoPhaseCommitSinkFunction [] - FlinkKafkaProducer 4/8 - checkpoint 11 complete, committing transaction TransactionHolder{handle=KafkaTransactionState [transactionalId=null, producerId=-1, epoch=-1], transactionStartTime=1790822747452} from checkpoint 11
2026-10-01 02:46:18,070 INFO  org.apache.flink.streaming.api.functions.sink.TwoPhaseCommitSinkFunction [] - FlinkKafkaProducer 5/8 - checkpoint 11 complete, committing transaction TransactionHolder{handle=KafkaTransactionState [transactionalId=null, producerId=-1, epoch=-1], transactionStartTime=1790822747452} from checkpoint 11
2026-10-01 02:46:18,071 INFO  org.apache.flink.streaming.api.functions.sink.TwoPhaseCommitSinkFunction [] - FlinkKafkaProducer 5/8 - checkpoint 11 complete, committing transaction TransactionHolder{handle=KafkaTransactionState [transactionalId=null, producerId=-1, epoch=-1], transactionStartTime=1790822747452} from checkpoint 11
2026-10-01 02:46:18,074 INFO  org.apache.flink.streaming.api.functions.sink.TwoPhaseCommitSinkFunction [] - FlinkKafkaProducer 5/8 - checkpoint 11 complete, committing transaction TransactionHolder{handle=KafkaTransactionState [transactionalId=null, producerId=-1, epoch=-1], transactionStartTime=1790822747454} from checkpoint 11
2026-10-01 02:46:18,075 INFO  org.apache.flink.streaming.api.functions.sink.TwoPhaseCommitSinkFunction [] - FlinkKafkaProducer 5/8 - checkpoint 11 complete, committing transaction TransactionHolder{handle=KafkaTransactionState [transactionalId=null, producerId=-1, epoch=-1], transactionStartTime=1790822747454} from checkpoint 11
2026-10-01 02:46:18,075 INFO  org.apache.flink.streaming.api.functions.sink.TwoPhaseCommitSinkFunction [] - FlinkKafkaProducer 4/8 - checkpoint 11 complete, committing transaction TransactionHolder{handle=KafkaTransactionState [transactionalId=null, producerId=-1, epoch=-1], transactionStartTime=1790822747454} from checkpoint 11
2026-10-01 02:46:18,074 INFO  org.apache.flink.streaming.api.functions.sink.TwoPhaseCommitSinkFunction [] - FlinkKafkaProducer 1/8 - checkpoint 11 complete, committing transaction TransactionHolder{handle=KafkaTransactionState [transactionalId=null, producerId=-1, epoch=-1], transactionStartTime=1790822747454} from checkpoint 11
2026-10-01 02:46:18,076 INFO  org.apache.flink.streaming.api.functions.sink.TwoPhaseCommitSinkFunction [] - FlinkKafkaProducer 1/8 - checkpoint 11 complete, committing transaction TransactionHolder{handle=KafkaTransactionState [transactionalId=null, producerId=-1, epoch=-1], transactionStartTime=1790822747454} from checkpoint 11
2026-10-01 02:46:18,076 INFO  org.apache.flink.streaming.api.functions.sink.TwoPhaseCommitSinkFunction [] - FlinkKafkaProducer 4/8 - checkpoint 11 complete, committing transaction TransactionHolder{handle=KafkaTransactionState [transactionalId=null, producerId=-1, epoch=-1], transactionStartTime=1790822747454} from checkpoint 11
2026-10-01 02:46:18,076 INFO  org.apache.flink.streaming.api.functions.sink.TwoPhaseCommitSinkFunction [] - FlinkKafkaProducer 8/8 - checkpoint 11 complete, committing transaction TransactionHolder{handle=KafkaTransactionState [transactionalId=null, producerId=-1, epoch=-1], transactionStartTime=1790822747453} from checkpoint 11
2026-10-01 02:46:18,077 INFO  org.apache.flink.streaming.api.functions.sink.TwoPhaseCommitSinkFunction [] - FlinkKafkaProducer 8/8 - checkpoint 11 complete, committing transaction TransactionHolder{handle=KafkaTransactionState [transactionalId=null, producerId=-1, epoch=-1], transactionStartTime=1790822747453} from checkpoint 11
2026-10-01 02:46:18,078 INFO  org.apache.flink.streaming.api.functions.sink.TwoPhaseCommitSinkFunction [] - FlinkKafkaProducer 4/8 - checkpoint 11 complete, committing transaction TransactionHolder{handle=KafkaTransactionState [transactionalId=null, producerId=-1, epoch=-1], transactionStartTime=1790822747456} from checkpoint 11
2026-10-01 02:46:18,078 INFO  org.apache.flink.streaming.api.functions.sink.TwoPhaseCommitSinkFunction [] - FlinkKafkaProducer 1/8 - checkpoint 11 complete, committing transaction TransactionHolder{handle=KafkaTransactionState [transactionalId=null, producerId=-1, epoch=-1], transactionStartTime=1790822747457} from checkpoint 11
2026-10-01 02:46:18,079 INFO  org.apache.flink.streaming.api.functions.sink.TwoPhaseCommitSinkFunction [] - FlinkKafkaProducer 8/8 - checkpoint 11 complete, committing transaction TransactionHolder{handle=KafkaTransactionState [transactionalId=null, producerId=-1, epoch=-1], transactionStartTime=1790822747453} from checkpoint 11
2026-10-01 02:46:18,079 INFO  org.apache.flink.streaming.api.functions.sink.TwoPhaseCommitSinkFunction [] - FlinkKafkaProducer 8/8 - checkpoint 11 complete, committing transaction TransactionHolder{handle=KafkaTransactionState [transactionalId=null, producerId=-1, epoch=-1], transactionStartTime=1790822747454} from checkpoint 11
2026-10-01 02:46:18,082 INFO  org.apache.flink.streaming.api.functions.sink.TwoPhaseCommitSinkFunction [] - FlinkKafkaProducer 5/8 - checkpoint 11 complete, committing transaction TransactionHolder{handle=KafkaTransactionState [transactionalId=null, producerId=-1, epoch=-1], transactionStartTime=1790822747456} from checkpoint 11
2026-10-01 02:46:18,083 INFO  org.apache.flink.streaming.api.functions.sink.TwoPhaseCommitSinkFunction [] - FlinkKafkaProducer 8/8 - checkpoint 11 complete, committing transaction TransactionHolder{handle=KafkaTransactionState [transactionalId=null, producerId=-1, epoch=-1], transactionStartTime=1790822747457} from checkpoint 11
2026-10-01 02:46:48,032 INFO  org.apache.flink.streaming.api.functions.sink.TwoPhaseCommitSinkFunction [] - FlinkKafkaProducer 1/8 - checkpoint 12 complete, committing transaction TransactionHolder{handle=KafkaTransactionState [transactionalId=null, producerId=-1, epoch=-1], transactionStartTime=1790822777448} from checkpoint 12
2026-10-01 02:46:48,035 INFO  org.apache.flink.streaming.api.functions.sink.TwoPhaseCommitSinkFunction [] - FlinkKafkaProducer 4/8 - checkpoint 12 complete, committing transaction TransactionHolder{handle=KafkaTransactionState [transactionalId=null, producerId=-1, epoch=-1], transactionStartTime=1790822777448} from checkpoint 12
2026-10-01 02:46:48,035 INFO  org.apache.flink.streaming.api.functions.sink.TwoPhaseCommitSinkFunction [] - FlinkKafkaProducer 5/8 - checkpoint 12 complete, committing transaction TransactionHolder{handle=KafkaTransactionState [transactionalId=null, producerId=-1, epoch=-1], transactionStartTime=1790822777448} from checkpoint 12
2026-10-01 02:46:48,041 INFO  org.apache.flink.streaming.api.functions.sink.TwoPhaseCommitSinkFunction [] - FlinkKafkaProducer 8/8 - checkpoint 12 complete, committing transaction TransactionHolder{handle=KafkaTransactionState [transactionalId=null, producerId=-1, epoch=-1], transactionStartTime=1790822777451} from checkpoint 12
2026-10-01 02:46:48,042 INFO  org.apache.flink.streaming.api.functions.sink.TwoPhaseCommitSinkFunction [] - FlinkKafkaProducer 1/8 - checkpoint 12 complete, committing transaction TransactionHolder{handle=KafkaTransactionState [transactionalId=null, producerId=-1, epoch=-1], transactionStartTime=1790822777472} from checkpoint 12
2026-10-01 02:46:48,042 INFO  org.apache.flink.streaming.api.functions.sink.TwoPhaseCommitSinkFunction [] - FlinkKafkaProducer 1/8 - checkpoint 12 complete, committing transaction TransactionHolder{handle=KafkaTransactionState [transactionalId=null, producerId=-1, epoch=-1], transactionStartTime=1790822777472} from checkpoint 12
2026-10-01 02:46:48,046 INFO  org.apache.flink.streaming.api.functions.sink.TwoPhaseCommitSinkFunction [] - FlinkKafkaProducer 4/8 - checkpoint 12 complete, committing transaction TransactionHolder{handle=KafkaTransactionState [transactionalId=null, producerId=-1, epoch=-1], transactionStartTime=1790822777475} from checkpoint 12
2026-10-01 02:46:48,046 INFO  org.apache.flink.streaming.api.functions.sink.TwoPhaseCommitSinkFunction [] - FlinkKafkaProducer 4/8 - checkpoint 12 complete, committing transaction TransactionHolder{handle=KafkaTransactionState [transactionalId=null, producerId=-1, epoch=-1], transactionStartTime=1790822777475} from checkpoint 12
2026-10-01 02:46:48,047 INFO  org.apache.flink.streaming.api.functions.sink.TwoPhaseCommitSinkFunction [] - FlinkKafkaProducer 5/8 - checkpoint 12 complete, committing transaction TransactionHolder{handle=KafkaTransactionState [transactionalId=null, producerId=-1, epoch=-1], transactionStartTime=1790822777475} from checkpoint 12
2026-10-01 02:46:48,047 INFO  org.apache.flink.streaming.api.functions.sink.TwoPhaseCommitSinkFunction [] - FlinkKafkaProducer 5/8 - checkpoint 12 complete, committing transaction TransactionHolder{handle=KafkaTransactionState [transactionalId=null, producerId=-1, epoch=-1], transactionStartTime=1790822777475} from checkpoint 12
2026-10-01 02:46:48,049 INFO  org.apache.flink.streaming.api.functions.sink.TwoPhaseCommitSinkFunction [] - FlinkKafkaProducer 8/8 - checkpoint 12 complete, committing transaction TransactionHolder{handle=KafkaTransactionState [transactionalId=null, producerId=-1, epoch=-1], transactionStartTime=1790822777500} from checkpoint 12
2026-10-01 02:46:48,049 INFO  org.apache.flink.streaming.api.functions.sink.TwoPhaseCommitSinkFunction [] - FlinkKafkaProducer 8/8 - checkpoint 12 complete, committing transaction TransactionHolder{handle=KafkaTransactionState [transactionalId=null, producerId=-1, epoch=-1], transactionStartTime=1790822777500} from checkpoint 12
2026-10-01 02:46:48,049 INFO  org.apache.flink.streaming.api.functions.sink.TwoPhaseCommitSinkFunction [] - FlinkKafkaProducer 1/8 - checkpoint 12 complete, committing transaction TransactionHolder{handle=KafkaTransactionState [transactionalId=null, producerId=-1, epoch=-1], transactionStartTime=1790822777495} from checkpoint 12
2026-10-01 02:46:48,049 INFO  org.apache.flink.streaming.api.functions.sink.TwoPhaseCommitSinkFunction [] - FlinkKafkaProducer 1/8 - checkpoint 12 complete, committing transaction TransactionHolder{handle=KafkaTransactionState [transactionalId=null, producerId=-1, epoch=-1], transactionStartTime=1790822777495} from checkpoint 12
2026-10-01 02:46:48,052 INFO  org.apache.flink.streaming.api.functions.sink.TwoPhaseCommitSinkFunction [] - FlinkKafkaProducer 4/8 - checkpoint 12 complete, committing transaction TransactionHolder{handle=KafkaTransactionState [transactionalId=null, producerId=-1, epoch=-1], transactionStartTime=1790822777493} from checkpoint 12
2026-10-01 02:46:48,052 INFO  org.apache.flink.streaming.api.functions.sink.TwoPhaseCommitSinkFunction [] - FlinkKafkaProducer 4/8 - checkpoint 12 complete, committing transaction TransactionHolder{handle=KafkaTransactionState [transactionalId=null, producerId=-1, epoch=-1], transactionStartTime=1790822777493} from checkpoint 12
2026-10-01 02:46:48,052 INFO  org.apache.flink.streaming.api.functions.sink.TwoPhaseCommitSinkFunction [] - FlinkKafkaProducer 5/8 - checkpoint 12 complete, committing transaction TransactionHolder{handle=KafkaTransactionState [transactionalId=null, producerId=-1, epoch=-1], transactionStartTime=1790822777498} from checkpoint 12
2026-10-01 02:46:48,053 INFO  org.apache.flink.streaming.api.functions.sink.TwoPhaseCommitSinkFunction [] - FlinkKafkaProducer 5/8 - checkpoint 12 complete, committing transaction TransactionHolder{handle=KafkaTransactionState [transactionalId=null, producerId=-1, epoch=-1], transactionStartTime=1790822777498} from checkpoint 12
2026-10-01 02:46:48,054 INFO  org.apache.flink.streaming.api.functions.sink.TwoPhaseCommitSinkFunction [] - FlinkKafkaProducer 8/8 - checkpoint 12 complete, committing transaction TransactionHolder{handle=KafkaTransactionState [transactionalId=null, producerId=-1, epoch=-1], transactionStartTime=1790822777499} from checkpoint 12
2026-10-01 02:46:48,054 INFO  org.apache.flink.streaming.api.functions.sink.TwoPhaseCommitSinkFunction [] - FlinkKafkaProducer 8/8 - checkpoint 12 complete, committing transaction TransactionHolder{handle=KafkaTransactionState [transactionalId=null, producerId=-1, epoch=-1], transactionStartTime=1790822777499} from checkpoint 12
2026-10-01 02:46:48,061 INFO  org.apache.flink.streaming.api.functions.sink.TwoPhaseCommitSinkFunction [] - FlinkKafkaProducer 1/8 - checkpoint 12 complete, committing transaction TransactionHolder{handle=KafkaTransactionState [transactionalId=null, producerId=-1, epoch=-1], transactionStartTime=1790822777494} from checkpoint 12
2026-10-01 02:46:48,063 INFO  org.apache.flink.streaming.api.functions.sink.TwoPhaseCommitSinkFunction [] - FlinkKafkaProducer 4/8 - checkpoint 12 complete, committing transaction TransactionHolder{handle=KafkaTransactionState [transactionalId=null, producerId=-1, epoch=-1], transactionStartTime=1790822777491} from checkpoint 12
2026-10-01 02:46:48,067 INFO  org.apache.flink.streaming.api.functions.sink.TwoPhaseCommitSinkFunction [] - FlinkKafkaProducer 5/8 - checkpoint 12 complete, committing transaction TransactionHolder{handle=KafkaTransactionState [transactionalId=null, producerId=-1, epoch=-1], transactionStartTime=1790822777491} from checkpoint 12
2026-10-01 02:46:48,069 INFO  org.apache.flink.streaming.api.functions.sink.TwoPhaseCommitSinkFunction [] - FlinkKafkaProducer 8/8 - checkpoint 12 complete, committing transaction TransactionHolder{handle=KafkaTransactionState [transactionalId=null, producerId=-1, epoch=-1], transactionStartTime=1790822777495} from checkpoint 12
2026-10-01 02:47:18,018 INFO  org.apache.flink.streaming.api.functions.sink.TwoPhaseCommitSinkFunction [] - FlinkKafkaProducer 1/8 - checkpoint 13 complete, committing transaction TransactionHolder{handle=KafkaTransactionState [transactionalId=null, producerId=-1, epoch=-1], transactionStartTime=1790822807451} from checkpoint 13
2026-10-01 02:47:18,019 INFO  org.apache.flink.streaming.api.functions.sink.TwoPhaseCommitSinkFunction [] - FlinkKafkaProducer 4/8 - checkpoint 13 complete, committing transaction TransactionHolder{handle=KafkaTransactionState [transactionalId=null, producerId=-1, epoch=-1], transactionStartTime=1790822807449} from checkpoint 13
2026-10-01 02:47:18,020 INFO  org.apache.flink.streaming.api.functions.sink.TwoPhaseCommitSinkFunction [] - FlinkKafkaProducer 5/8 - checkpoint 13 complete, committing transaction TransactionHolder{handle=KafkaTransactionState [transactionalId=null, producerId=-1, epoch=-1], transactionStartTime=1790822807449} from checkpoint 13
2026-10-01 02:47:18,021 INFO  org.apache.flink.streaming.api.functions.sink.TwoPhaseCommitSinkFunction [] - FlinkKafkaProducer 8/8 - checkpoint 13 complete, committing transaction TransactionHolder{handle=KafkaTransactionState [transactionalId=null, producerId=-1, epoch=-1], transactionStartTime=1790822807450} from checkpoint 13
2026-10-01 02:47:18,021 INFO  org.apache.flink.streaming.api.functions.sink.TwoPhaseCommitSinkFunction [] - FlinkKafkaProducer 1/8 - checkpoint 13 complete, committing transaction TransactionHolder{handle=KafkaTransactionState [transactionalId=null, producerId=-1, epoch=-1], transactionStartTime=1790822807462} from checkpoint 13
2026-10-01 02:47:18,021 INFO  org.apache.flink.streaming.api.functions.sink.TwoPhaseCommitSinkFunction [] - FlinkKafkaProducer 1/8 - checkpoint 13 complete, committing transaction TransactionHolder{handle=KafkaTransactionState [transactionalId=null, producerId=-1, epoch=-1], transactionStartTime=1790822807462} from checkpoint 13
2026-10-01 02:47:18,026 INFO  org.apache.flink.streaming.api.functions.sink.TwoPhaseCommitSinkFunction [] - FlinkKafkaProducer 5/8 - checkpoint 13 complete, committing transaction TransactionHolder{handle=KafkaTransactionState [transactionalId=null, producerId=-1, epoch=-1], transactionStartTime=1790822807463} from checkpoint 13
2026-10-01 02:47:18,026 INFO  org.apache.flink.streaming.api.functions.sink.TwoPhaseCommitSinkFunction [] - FlinkKafkaProducer 5/8 - checkpoint 13 complete, committing transaction TransactionHolder{handle=KafkaTransactionState [transactionalId=null, producerId=-1, epoch=-1], transactionStartTime=1790822807463} from checkpoint 13
2026-10-01 02:47:18,026 INFO  org.apache.flink.streaming.api.functions.sink.TwoPhaseCommitSinkFunction [] - FlinkKafkaProducer 4/8 - checkpoint 13 complete, committing transaction TransactionHolder{handle=KafkaTransactionState [transactionalId=null, producerId=-1, epoch=-1], transactionStartTime=1790822807462} from checkpoint 13
2026-10-01 02:47:18,026 INFO  org.apache.flink.streaming.api.functions.sink.TwoPhaseCommitSinkFunction [] - FlinkKafkaProducer 4/8 - checkpoint 13 complete, committing transaction TransactionHolder{handle=KafkaTransactionState [transactionalId=null, producerId=-1, epoch=-1], transactionStartTime=1790822807462} from checkpoint 13
2026-10-01 02:47:18,026 INFO  org.apache.flink.streaming.api.functions.sink.TwoPhaseCommitSinkFunction [] - FlinkKafkaProducer 8/8 - checkpoint 13 complete, committing transaction TransactionHolder{handle=KafkaTransactionState [transactionalId=null, producerId=-1, epoch=-1], transactionStartTime=1790822807472} from checkpoint 13
2026-10-01 02:47:18,027 INFO  org.apache.flink.streaming.api.functions.sink.TwoPhaseCommitSinkFunction [] - FlinkKafkaProducer 8/8 - checkpoint 13 complete, committing transaction TransactionHolder{handle=KafkaTransactionState [transactionalId=null, producerId=-1, epoch=-1], transactionStartTime=1790822807473} from checkpoint 13
2026-10-01 02:47:18,027 INFO  org.apache.flink.streaming.api.functions.sink.TwoPhaseCommitSinkFunction [] - FlinkKafkaProducer 1/8 - checkpoint 13 complete, committing transaction TransactionHolder{handle=KafkaTransactionState [transactionalId=null, producerId=-1, epoch=-1], transactionStartTime=1790822807493} from checkpoint 13
2026-10-01 02:47:18,027 INFO  org.apache.flink.streaming.api.functions.sink.TwoPhaseCommitSinkFunction [] - FlinkKafkaProducer 1/8 - checkpoint 13 complete, committing transaction TransactionHolder{handle=KafkaTransactionState [transactionalId=null, producerId=-1, epoch=-1], transactionStartTime=1790822807493} from checkpoint 13
2026-10-01 02:47:18,028 INFO  org.apache.flink.streaming.api.functions.sink.TwoPhaseCommitSinkFunction [] - FlinkKafkaProducer 4/8 - checkpoint 13 complete, committing transaction TransactionHolder{handle=KafkaTransactionState [transactionalId=null, producerId=-1, epoch=-1], transactionStartTime=1790822807502} from checkpoint 13
2026-10-01 02:47:18,028 INFO  org.apache.flink.streaming.api.functions.sink.TwoPhaseCommitSinkFunction [] - FlinkKafkaProducer 5/8 - checkpoint 13 complete, committing transaction TransactionHolder{handle=KafkaTransactionState [transactionalId=null, producerId=-1, epoch=-1], transactionStartTime=1790822807502} from checkpoint 13
2026-10-01 02:47:18,028 INFO  org.apache.flink.streaming.api.functions.sink.TwoPhaseCommitSinkFunction [] - FlinkKafkaProducer 5/8 - checkpoint 13 complete, committing transaction TransactionHolder{handle=KafkaTransactionState [transactionalId=null, producerId=-1, epoch=-1], transactionStartTime=1790822807502} from checkpoint 13
2026-10-01 02:47:18,028 INFO  org.apache.flink.streaming.api.functions.sink.TwoPhaseCommitSinkFunction [] - FlinkKafkaProducer 4/8 - checkpoint 13 complete, committing transaction TransactionHolder{handle=KafkaTransactionState [transactionalId=null, producerId=-1, epoch=-1], transactionStartTime=1790822807502} from checkpoint 13
2026-10-01 02:47:18,029 INFO  org.apache.flink.streaming.api.functions.sink.TwoPhaseCommitSinkFunction [] - FlinkKafkaProducer 8/8 - checkpoint 13 complete, committing transaction TransactionHolder{handle=KafkaTransactionState [transactionalId=null, producerId=-1, epoch=-1], transactionStartTime=1790822807502} from checkpoint 13
2026-10-01 02:47:18,030 INFO  org.apache.flink.streaming.api.functions.sink.TwoPhaseCommitSinkFunction [] - FlinkKafkaProducer 8/8 - checkpoint 13 complete, committing transaction TransactionHolder{handle=KafkaTransactionState [transactionalId=null, producerId=-1, epoch=-1], transactionStartTime=1790822807502} from checkpoint 13
2026-10-01 02:47:18,030 INFO  org.apache.flink.streaming.api.functions.sink.TwoPhaseCommitSinkFunction [] - FlinkKafkaProducer 1/8 - checkpoint 13 complete, committing transaction TransactionHolder{handle=KafkaTransactionState [transactionalId=null, producerId=-1, epoch=-1], transactionStartTime=1790822807462} from checkpoint 13
2026-10-01 02:47:18,032 INFO  org.apache.flink.streaming.api.functions.sink.TwoPhaseCommitSinkFunction [] - FlinkKafkaProducer 4/8 - checkpoint 13 complete, committing transaction TransactionHolder{handle=KafkaTransactionState [transactionalId=null, producerId=-1, epoch=-1], transactionStartTime=1790822807463} from checkpoint 13
2026-10-01 02:47:18,032 INFO  org.apache.flink.streaming.api.functions.sink.TwoPhaseCommitSinkFunction [] - FlinkKafkaProducer 5/8 - checkpoint 13 complete, committing transaction TransactionHolder{handle=KafkaTransactionState [transactionalId=null, producerId=-1, epoch=-1], transactionStartTime=1790822807464} from checkpoint 13
2026-10-01 02:47:18,035 INFO  org.apache.flink.streaming.api.functions.sink.TwoPhaseCommitSinkFunction [] - FlinkKafkaProducer 8/8 - checkpoint 13 complete, committing transaction TransactionHolder{handle=KafkaTransactionState [transactionalId=null, producerId=-1, epoch=-1], transactionStartTime=1790822807472} from checkpoint 13
2026-10-01 02:47:47,896 INFO  org.apache.flink.streaming.api.functions.sink.TwoPhaseCommitSinkFunction [] - FlinkKafkaProducer 1/8 - checkpoint 14 complete, committing transaction TransactionHolder{handle=KafkaTransactionState [transactionalId=null, producerId=-1, epoch=-1], transactionStartTime=1790822837447} from checkpoint 14
2026-10-01 02:47:47,897 INFO  org.apache.flink.streaming.api.functions.sink.TwoPhaseCommitSinkFunction [] - FlinkKafkaProducer 4/8 - checkpoint 14 complete, committing transaction TransactionHolder{handle=KafkaTransactionState [transactionalId=null, producerId=-1, epoch=-1], transactionStartTime=1790822837447} from checkpoint 14
2026-10-01 02:47:47,897 INFO  org.apache.flink.streaming.api.functions.sink.TwoPhaseCommitSinkFunction [] - FlinkKafkaProducer 5/8 - checkpoint 14 complete, committing transaction TransactionHolder{handle=KafkaTransactionState [transactionalId=null, producerId=-1, epoch=-1], transactionStartTime=1790822837447} from checkpoint 14
2026-10-01 02:47:47,898 INFO  org.apache.flink.streaming.api.functions.sink.TwoPhaseCommitSinkFunction [] - FlinkKafkaProducer 8/8 - checkpoint 14 complete, committing transaction TransactionHolder{handle=KafkaTransactionState [transactionalId=null, producerId=-1, epoch=-1], transactionStartTime=1790822837449} from checkpoint 14
2026-10-01 02:47:47,898 INFO  org.apache.flink.streaming.api.functions.sink.TwoPhaseCommitSinkFunction [] - FlinkKafkaProducer 1/8 - checkpoint 14 complete, committing transaction TransactionHolder{handle=KafkaTransactionState [transactionalId=null, producerId=-1, epoch=-1], transactionStartTime=1790822837457} from checkpoint 14
2026-10-01 02:47:47,898 INFO  org.apache.flink.streaming.api.functions.sink.TwoPhaseCommitSinkFunction [] - FlinkKafkaProducer 1/8 - checkpoint 14 complete, committing transaction TransactionHolder{handle=KafkaTransactionState [transactionalId=null, producerId=-1, epoch=-1], transactionStartTime=1790822837457} from checkpoint 14
2026-10-01 02:47:47,902 INFO  org.apache.flink.streaming.api.functions.sink.TwoPhaseCommitSinkFunction [] - FlinkKafkaProducer 4/8 - checkpoint 14 complete, committing transaction TransactionHolder{handle=KafkaTransactionState [transactionalId=null, producerId=-1, epoch=-1], transactionStartTime=1790822837457} from checkpoint 14
2026-10-01 02:47:47,902 INFO  org.apache.flink.streaming.api.functions.sink.TwoPhaseCommitSinkFunction [] - FlinkKafkaProducer 4/8 - checkpoint 14 complete, committing transaction TransactionHolder{handle=KafkaTransactionState [transactionalId=null, producerId=-1, epoch=-1], transactionStartTime=1790822837457} from checkpoint 14
2026-10-01 02:47:47,902 INFO  org.apache.flink.streaming.api.functions.sink.TwoPhaseCommitSinkFunction [] - FlinkKafkaProducer 5/8 - checkpoint 14 complete, committing transaction TransactionHolder{handle=KafkaTransactionState [transactionalId=null, producerId=-1, epoch=-1], transactionStartTime=1790822837457} from checkpoint 14
2026-10-01 02:47:47,902 INFO  org.apache.flink.streaming.api.functions.sink.TwoPhaseCommitSinkFunction [] - FlinkKafkaProducer 5/8 - checkpoint 14 complete, committing transaction TransactionHolder{handle=KafkaTransactionState [transactionalId=null, producerId=-1, epoch=-1], transactionStartTime=1790822837457} from checkpoint 14
2026-10-01 02:47:47,902 INFO  org.apache.flink.streaming.api.functions.sink.TwoPhaseCommitSinkFunction [] - FlinkKafkaProducer 8/8 - checkpoint 14 complete, committing transaction TransactionHolder{handle=KafkaTransactionState [transactionalId=null, producerId=-1, epoch=-1], transactionStartTime=1790822837458} from checkpoint 14
2026-10-01 02:47:47,902 INFO  org.apache.flink.streaming.api.functions.sink.TwoPhaseCommitSinkFunction [] - FlinkKafkaProducer 8/8 - checkpoint 14 complete, committing transaction TransactionHolder{handle=KafkaTransactionState [transactionalId=null, producerId=-1, epoch=-1], transactionStartTime=1790822837459} from checkpoint 14
2026-10-01 02:47:47,903 INFO  org.apache.flink.streaming.api.functions.sink.TwoPhaseCommitSinkFunction [] - FlinkKafkaProducer 1/8 - checkpoint 14 complete, committing transaction TransactionHolder{handle=KafkaTransactionState [transactionalId=null, producerId=-1, epoch=-1], transactionStartTime=1790822837463} from checkpoint 14
2026-10-01 02:47:47,903 INFO  org.apache.flink.streaming.api.functions.sink.TwoPhaseCommitSinkFunction [] - FlinkKafkaProducer 1/8 - checkpoint 14 complete, committing transaction TransactionHolder{handle=KafkaTransactionState [transactionalId=null, producerId=-1, epoch=-1], transactionStartTime=1790822837463} from checkpoint 14
2026-10-01 02:47:47,903 INFO  org.apache.flink.streaming.api.functions.sink.TwoPhaseCommitSinkFunction [] - FlinkKafkaProducer 5/8 - checkpoint 14 complete, committing transaction TransactionHolder{handle=KafkaTransactionState [transactionalId=null, producerId=-1, epoch=-1], transactionStartTime=1790822837464} from checkpoint 14
2026-10-01 02:47:47,903 INFO  org.apache.flink.streaming.api.functions.sink.TwoPhaseCommitSinkFunction [] - FlinkKafkaProducer 5/8 - checkpoint 14 complete, committing transaction TransactionHolder{handle=KafkaTransactionState [transactionalId=null, producerId=-1, epoch=-1], transactionStartTime=1790822837464} from checkpoint 14
2026-10-01 02:47:47,903 INFO  org.apache.flink.streaming.api.functions.sink.TwoPhaseCommitSinkFunction [] - FlinkKafkaProducer 4/8 - checkpoint 14 complete, committing transaction TransactionHolder{handle=KafkaTransactionState [transactionalId=null, producerId=-1, epoch=-1], transactionStartTime=1790822837464} from checkpoint 14
2026-10-01 02:47:47,903 INFO  org.apache.flink.streaming.api.functions.sink.TwoPhaseCommitSinkFunction [] - FlinkKafkaProducer 4/8 - checkpoint 14 complete, committing transaction TransactionHolder{handle=KafkaTransactionState [transactionalId=null, producerId=-1, epoch=-1], transactionStartTime=1790822837465} from checkpoint 14
2026-10-01 02:47:47,904 INFO  org.apache.flink.streaming.api.functions.sink.TwoPhaseCommitSinkFunction [] - FlinkKafkaProducer 8/8 - checkpoint 14 complete, committing transaction TransactionHolder{handle=KafkaTransactionState [transactionalId=null, producerId=-1, epoch=-1], transactionStartTime=1790822837471} from checkpoint 14
2026-10-01 02:47:47,904 INFO  org.apache.flink.streaming.api.functions.sink.TwoPhaseCommitSinkFunction [] - FlinkKafkaProducer 8/8 - checkpoint 14 complete, committing transaction TransactionHolder{handle=KafkaTransactionState [transactionalId=null, producerId=-1, epoch=-1], transactionStartTime=1790822837471} from checkpoint 14
2026-10-01 02:47:47,904 INFO  org.apache.flink.streaming.api.functions.sink.TwoPhaseCommitSinkFunction [] - FlinkKafkaProducer 1/8 - checkpoint 14 complete, committing transaction TransactionHolder{handle=KafkaTransactionState [transactionalId=null, producerId=-1, epoch=-1], transactionStartTime=1790822837464} from checkpoint 14
2026-10-01 02:47:47,904 INFO  org.apache.flink.streaming.api.functions.sink.TwoPhaseCommitSinkFunction [] - FlinkKafkaProducer 4/8 - checkpoint 14 complete, committing transaction TransactionHolder{handle=KafkaTransactionState [transactionalId=null, producerId=-1, epoch=-1], transactionStartTime=1790822837464} from checkpoint 14
2026-10-01 02:47:47,905 INFO  org.apache.flink.streaming.api.functions.sink.TwoPhaseCommitSinkFunction [] - FlinkKafkaProducer 5/8 - checkpoint 14 complete, committing transaction TransactionHolder{handle=KafkaTransactionState [transactionalId=null, producerId=-1, epoch=-1], transactionStartTime=1790822837465} from checkpoint 14
2026-10-01 02:47:47,905 INFO  org.apache.flink.streaming.api.functions.sink.TwoPhaseCommitSinkFunction [] - FlinkKafkaProducer 8/8 - checkpoint 14 complete, committing transaction TransactionHolder{handle=KafkaTransactionState [transactionalId=null, producerId=-1, epoch=-1], transactionStartTime=1790822837466} from checkpoint 14
2026-10-01 02:48:17,943 INFO  org.apache.flink.streaming.api.functions.sink.TwoPhaseCommitSinkFunction [] - FlinkKafkaProducer 1/8 - checkpoint 15 complete, committing transaction TransactionHolder{handle=KafkaTransactionState [transactionalId=null, producerId=-1, epoch=-1], transactionStartTime=1790822867448} from checkpoint 15
2026-10-01 02:48:17,954 INFO  org.apache.flink.streaming.api.functions.sink.TwoPhaseCommitSinkFunction [] - FlinkKafkaProducer 4/8 - checkpoint 15 complete, committing transaction TransactionHolder{handle=KafkaTransactionState [transactionalId=null, producerId=-1, epoch=-1], transactionStartTime=1790822867449} from checkpoint 15
2026-10-01 02:48:17,955 INFO  org.apache.flink.streaming.api.functions.sink.TwoPhaseCommitSinkFunction [] - FlinkKafkaProducer 5/8 - checkpoint 15 complete, committing transaction TransactionHolder{handle=KafkaTransactionState [transactionalId=null, producerId=-1, epoch=-1], transactionStartTime=1790822867448} from checkpoint 15
2026-10-01 02:48:17,955 INFO  org.apache.flink.streaming.api.functions.sink.TwoPhaseCommitSinkFunction [] - FlinkKafkaProducer 8/8 - checkpoint 15 complete, committing transaction TransactionHolder{handle=KafkaTransactionState [transactionalId=null, producerId=-1, epoch=-1], transactionStartTime=1790822867451} from checkpoint 15
2026-10-01 02:48:17,959 INFO  org.apache.flink.streaming.api.functions.sink.TwoPhaseCommitSinkFunction [] - FlinkKafkaProducer 4/8 - checkpoint 15 complete, committing transaction TransactionHolder{handle=KafkaTransactionState [transactionalId=null, producerId=-1, epoch=-1], transactionStartTime=1790822867465} from checkpoint 15
2026-10-01 02:48:17,959 INFO  org.apache.flink.streaming.api.functions.sink.TwoPhaseCommitSinkFunction [] - FlinkKafkaProducer 4/8 - checkpoint 15 complete, committing transaction TransactionHolder{handle=KafkaTransactionState [transactionalId=null, producerId=-1, epoch=-1], transactionStartTime=1790822867465} from checkpoint 15
2026-10-01 02:48:17,959 INFO  org.apache.flink.streaming.api.functions.sink.TwoPhaseCommitSinkFunction [] - FlinkKafkaProducer 8/8 - checkpoint 15 complete, committing transaction TransactionHolder{handle=KafkaTransactionState [transactionalId=null, producerId=-1, epoch=-1], transactionStartTime=1790822867465} from checkpoint 15
2026-10-01 02:48:17,959 INFO  org.apache.flink.streaming.api.functions.sink.TwoPhaseCommitSinkFunction [] - FlinkKafkaProducer 1/8 - checkpoint 15 complete, committing transaction TransactionHolder{handle=KafkaTransactionState [transactionalId=null, producerId=-1, epoch=-1], transactionStartTime=1790822867523} from checkpoint 15
2026-10-01 02:48:17,959 INFO  org.apache.flink.streaming.api.functions.sink.TwoPhaseCommitSinkFunction [] - FlinkKafkaProducer 1/8 - checkpoint 15 complete, committing transaction TransactionHolder{handle=KafkaTransactionState [transactionalId=null, producerId=-1, epoch=-1], transactionStartTime=1790822867456} from checkpoint 15
2026-10-01 02:48:17,959 INFO  org.apache.flink.streaming.api.functions.sink.TwoPhaseCommitSinkFunction [] - FlinkKafkaProducer 4/8 - checkpoint 15 complete, committing transaction TransactionHolder{handle=KafkaTransactionState [transactionalId=null, producerId=-1, epoch=-1], transactionStartTime=1790822867523} from checkpoint 15
2026-10-01 02:48:17,960 INFO  org.apache.flink.streaming.api.functions.sink.TwoPhaseCommitSinkFunction [] - FlinkKafkaProducer 4/8 - checkpoint 15 complete, committing transaction TransactionHolder{handle=KafkaTransactionState [transactionalId=null, producerId=-1, epoch=-1], transactionStartTime=1790822867523} from checkpoint 15
2026-10-01 02:48:17,960 INFO  org.apache.flink.streaming.api.functions.sink.TwoPhaseCommitSinkFunction [] - FlinkKafkaProducer 1/8 - checkpoint 15 complete, committing transaction TransactionHolder{handle=KafkaTransactionState [transactionalId=null, producerId=-1, epoch=-1], transactionStartTime=1790822867523} from checkpoint 15
2026-10-01 02:48:17,960 INFO  org.apache.flink.streaming.api.functions.sink.TwoPhaseCommitSinkFunction [] - FlinkKafkaProducer 1/8 - checkpoint 15 complete, committing transaction TransactionHolder{handle=KafkaTransactionState [transactionalId=null, producerId=-1, epoch=-1], transactionStartTime=1790822867456} from checkpoint 15
2026-10-01 02:48:17,960 INFO  org.apache.flink.streaming.api.functions.sink.TwoPhaseCommitSinkFunction [] - FlinkKafkaProducer 8/8 - checkpoint 15 complete, committing transaction TransactionHolder{handle=KafkaTransactionState [transactionalId=null, producerId=-1, epoch=-1], transactionStartTime=1790822867526} from checkpoint 15
2026-10-01 02:48:17,960 INFO  org.apache.flink.streaming.api.functions.sink.TwoPhaseCommitSinkFunction [] - FlinkKafkaProducer 5/8 - checkpoint 15 complete, committing transaction TransactionHolder{handle=KafkaTransactionState [transactionalId=null, producerId=-1, epoch=-1], transactionStartTime=1790822867524} from checkpoint 15
2026-10-01 02:48:17,960 INFO  org.apache.flink.streaming.api.functions.sink.TwoPhaseCommitSinkFunction [] - FlinkKafkaProducer 8/8 - checkpoint 15 complete, committing transaction TransactionHolder{handle=KafkaTransactionState [transactionalId=null, producerId=-1, epoch=-1], transactionStartTime=1790822867465} from checkpoint 15
2026-10-01 02:48:17,960 INFO  org.apache.flink.streaming.api.functions.sink.TwoPhaseCommitSinkFunction [] - FlinkKafkaProducer 5/8 - checkpoint 15 complete, committing transaction TransactionHolder{handle=KafkaTransactionState [transactionalId=null, producerId=-1, epoch=-1], transactionStartTime=1790822867466} from checkpoint 15
2026-10-01 02:48:17,960 INFO  org.apache.flink.streaming.api.functions.sink.TwoPhaseCommitSinkFunction [] - FlinkKafkaProducer 1/8 - checkpoint 15 complete, committing transaction TransactionHolder{handle=KafkaTransactionState [transactionalId=null, producerId=-1, epoch=-1], transactionStartTime=1790822867467} from checkpoint 15
2026-10-01 02:48:17,960 INFO  org.apache.flink.streaming.api.functions.sink.TwoPhaseCommitSinkFunction [] - FlinkKafkaProducer 5/8 - checkpoint 15 complete, committing transaction TransactionHolder{handle=KafkaTransactionState [transactionalId=null, producerId=-1, epoch=-1], transactionStartTime=1790822867466} from checkpoint 15
2026-10-01 02:48:17,960 INFO  org.apache.flink.streaming.api.functions.sink.TwoPhaseCommitSinkFunction [] - FlinkKafkaProducer 5/8 - checkpoint 15 complete, committing transaction TransactionHolder{handle=KafkaTransactionState [transactionalId=null, producerId=-1, epoch=-1], transactionStartTime=1790822867524} from checkpoint 15
2026-10-01 02:48:17,961 INFO  org.apache.flink.streaming.api.functions.sink.TwoPhaseCommitSinkFunction [] - FlinkKafkaProducer 8/8 - checkpoint 15 complete, committing transaction TransactionHolder{handle=KafkaTransactionState [transactionalId=null, producerId=-1, epoch=-1], transactionStartTime=1790822867466} from checkpoint 15
2026-10-01 02:48:17,961 INFO  org.apache.flink.streaming.api.functions.sink.TwoPhaseCommitSinkFunction [] - FlinkKafkaProducer 4/8 - checkpoint 15 complete, committing transaction TransactionHolder{handle=KafkaTransactionState [transactionalId=null, producerId=-1, epoch=-1], transactionStartTime=1790822867465} from checkpoint 15
2026-10-01 02:48:17,960 INFO  org.apache.flink.streaming.api.functions.sink.TwoPhaseCommitSinkFunction [] - FlinkKafkaProducer 8/8 - checkpoint 15 complete, committing transaction TransactionHolder{handle=KafkaTransactionState [transactionalId=null, producerId=-1, epoch=-1], transactionStartTime=1790822867526} from checkpoint 15
2026-10-01 02:48:17,961 INFO  org.apache.flink.streaming.api.functions.sink.TwoPhaseCommitSinkFunction [] - FlinkKafkaProducer 5/8 - checkpoint 15 complete, committing transaction TransactionHolder{handle=KafkaTransactionState [transactionalId=null, producerId=-1, epoch=-1], transactionStartTime=1790822867465} from checkpoint 15
2026-10-01 02:50:27,721 INFO  com.leejean.m3.M3Function                                    [] - [M3] Device D (subtask 7) entering TRAINING: 993 train windows (15 excluded by outlier sanitization), 288 early-stop windows
2026-10-01 02:50:27,752 INFO  org.nd4j.linalg.factory.Nd4jBackend                          [] - Loaded [CpuBackend] backend
2026-10-01 02:50:29,758 INFO  org.nd4j.nativeblas.NativeOpsHolder                          [] - Number of threads used for linear algebra: 1
2026-10-01 02:50:29,759 INFO  org.nd4j.linalg.cpu.nativecpu.CpuNDArrayFactory              [] - Binary level Generic x86 optimization level AVX512
2026-10-01 02:50:29,764 INFO  org.nd4j.nativeblas.Nd4jBlas                                 [] - Number of threads used for OpenMP BLAS: 1
2026-10-01 02:50:29,767 INFO  org.nd4j.linalg.api.ops.executioner.DefaultOpExecutioner     [] - Backend used: [CPU]; OS: [Linux]
2026-10-01 02:50:29,767 INFO  org.nd4j.linalg.api.ops.executioner.DefaultOpExecutioner     [] - Cores: [4]; Memory: [1.9GB];
2026-10-01 02:50:29,767 INFO  org.nd4j.linalg.api.ops.executioner.DefaultOpExecutioner     [] - Blas vendor: [OPENBLAS]
2026-10-01 02:50:29,769 INFO  org.nd4j.linalg.cpu.nativecpu.CpuBackend                     [] - Backend build information:
 GCC: "7.5.0"
STD version: 201103L
DEFAULT_ENGINE: samediff::ENGINE_CPU
HAVE_FLATBUFFERS
HAVE_OPENBLAS
2026-10-01 02:50:29,806 INFO  org.deeplearning4j.nn.multilayer.MultiLayerNetwork           [] - Starting MultiLayerNetwork with WorkspaceModes set to [training: ENABLED; inference: ENABLED], cacheMode set to [NONE]
2026-10-01 02:50:40,000 INFO  com.leejean.m3.M3Function                                    [] - [M3] Device D training epoch 1/300: train loss=56.03139953035296, early-stop loss=0.42914313448556707, 10.124s
2026-10-01 02:50:48,450 INFO  com.leejean.m3.M3Function                                    [] - [M3] Device D training epoch 2/300: train loss=26.5373254255815, early-stop loss=0.2715734740202088, 8.45s
2026-10-01 02:50:55,980 INFO  com.leejean.m3.M3Function                                    [] - [M3] Device D training epoch 3/300: train loss=17.18997679117954, early-stop loss=0.20873306815994755, 7.53s
2026-10-01 02:51:03,603 INFO  com.leejean.m3.M3Function                                    [] - [M3] Device D training epoch 4/300: train loss=13.661651304273896, early-stop loss=0.27125575680879094, 7.623s
2026-10-01 02:51:11,192 INFO  com.leejean.m3.M3Function                                    [] - [M3] Device D training epoch 5/300: train loss=8.881445305997675, early-stop loss=0.17678989665198896, 7.589s
2026-10-01 02:51:19,132 INFO  com.leejean.m3.M3Function                                    [] - [M3] Device D training epoch 6/300: train loss=7.239859414100648, early-stop loss=0.13760824948676786, 7.94s
2026-10-01 02:51:26,819 INFO  com.leejean.m3.M3Function                                    [] - [M3] Device D training epoch 7/300: train loss=5.739953275160357, early-stop loss=0.1126447152035413, 7.687s
2026-10-01 02:51:34,740 INFO  com.leejean.m3.M3Function                                    [] - [M3] Device D training epoch 8/300: train loss=5.345009282502261, early-stop loss=0.08549512867390323, 7.921s
2026-10-01 02:51:42,687 INFO  com.leejean.m3.M3Function                                    [] - [M3] Device D training epoch 9/300: train loss=5.001360428694523, early-stop loss=0.1300036075563764, 7.947s
2026-10-01 02:51:50,458 INFO  com.leejean.m3.M3Function                                    [] - [M3] Device D training epoch 10/300: train loss=4.796093454505459, early-stop loss=0.09948984054018621, 7.771s
2026-10-01 02:51:58,349 INFO  com.leejean.m3.M3Function                                    [] - [M3] Device D training epoch 11/300: train loss=4.644314444426334, early-stop loss=0.06836522932140762, 7.891s
2026-10-01 02:52:05,971 INFO  com.leejean.m3.M3Function                                    [] - [M3] Device D training epoch 12/300: train loss=4.2841531926935374, early-stop loss=0.07984618711823746, 7.622s
2026-10-01 02:52:13,459 INFO  com.leejean.m3.M3Function                                    [] - [M3] Device D training epoch 13/300: train loss=4.925333701841758, early-stop loss=0.12342676392656188, 7.488s
2026-10-01 02:52:21,299 INFO  com.leejean.m3.M3Function                                    [] - [M3] Device D training epoch 14/300: train loss=5.682707525383342, early-stop loss=0.10573400901097382, 7.838s
2026-10-01 02:52:28,869 INFO  com.leejean.m3.M3Function                                    [] - [M3] Device D training epoch 15/300: train loss=5.1658329302614385, early-stop loss=0.08228541655373814, 7.57s
2026-10-01 02:52:36,511 INFO  com.leejean.m3.M3Function                                    [] - [M3] Device D training epoch 16/300: train loss=5.19815022837032, early-stop loss=0.15153775904986683, 7.642s
2026-10-01 02:52:44,800 INFO  com.leejean.m3.M3Function                                    [] - [M3] Device D training epoch 17/300: train loss=6.120172682314208, early-stop loss=0.08029450319895245, 8.289s
2026-10-01 02:52:52,547 INFO  com.leejean.m3.M3Function                                    [] - [M3] Device D training epoch 18/300: train loss=4.4829184326258575, early-stop loss=0.07446777214432683, 7.747s
2026-10-01 02:53:00,240 INFO  com.leejean.m3.M3Function                                    [] - [M3] Device D training epoch 19/300: train loss=4.957876707207072, early-stop loss=0.07887952508479276, 7.693s
2026-10-01 02:53:07,709 INFO  com.leejean.m3.M3Function                                    [] - [M3] Device D training epoch 20/300: train loss=7.325037367777391, early-stop loss=0.10628565508319682, 7.469s
2026-10-01 02:53:15,473 INFO  com.leejean.m3.M3Function                                    [] - [M3] Device D training epoch 21/300: train loss=5.9835362967216605, early-stop loss=0.1478183639860121, 7.764s
2026-10-01 02:53:23,104 INFO  com.leejean.m3.M3Function                                    [] - [M3] Device D training epoch 22/300: train loss=5.111744220690293, early-stop loss=0.0712029331762298, 7.63s
2026-10-01 02:53:33,118 INFO  com.leejean.m3.M3Function                                    [] - [M3] Device D training epoch 23/300: train loss=3.236851448362524, early-stop loss=0.09614218548970552, 10.014s
2026-10-01 02:53:40,432 INFO  com.leejean.m3.M3Function                                    [] - [M3] Device D training epoch 24/300: train loss=3.1133853961120947, early-stop loss=0.07406648828408852, 7.313s
2026-10-01 02:53:48,337 INFO  com.leejean.m3.M3Function                                    [] - [M3] Device D training epoch 25/300: train loss=2.496512996698871, early-stop loss=0.07052769666909048, 7.905s
2026-10-01 02:53:56,051 INFO  com.leejean.m3.M3Function                                    [] - [M3] Device D training epoch 26/300: train loss=2.3383873503316535, early-stop loss=0.06470743992039682, 7.714s
2026-10-01 02:54:03,926 INFO  com.leejean.m3.M3Function                                    [] - [M3] Device D training epoch 27/300: train loss=2.036484574458816, early-stop loss=0.06786143140023691, 7.875s
2026-10-01 02:54:11,773 INFO  com.leejean.m3.M3Function                                    [] - [M3] Device D training epoch 28/300: train loss=2.0836462340571664, early-stop loss=0.06199532668368671, 7.847s
2026-10-01 02:54:19,311 INFO  com.leejean.m3.M3Function                                    [] - [M3] Device D training epoch 29/300: train loss=2.611397500291015, early-stop loss=0.056592665121095655, 7.538s
2026-10-01 02:54:28,162 INFO  com.leejean.m3.M3Function                                    [] - [M3] Device D training epoch 30/300: train loss=3.041013342503345, early-stop loss=0.16411142616699553, 8.851s
2026-10-01 02:54:35,586 INFO  com.leejean.m3.M3Function                                    [] - [M3] Device D training epoch 31/300: train loss=2.8812591659300257, early-stop loss=0.10548078602766085, 7.423s
2026-10-01 02:54:43,364 INFO  com.leejean.m3.M3Function                                    [] - [M3] Device D training epoch 32/300: train loss=2.340478772828073, early-stop loss=0.10710447716868547, 7.777s
2026-10-01 02:54:50,839 INFO  com.leejean.m3.M3Function                                    [] - [M3] Device D training epoch 33/300: train loss=2.521211966962525, early-stop loss=0.09863137546203572, 7.475s
2026-10-01 02:54:58,539 INFO  com.leejean.m3.M3Function                                    [] - [M3] Device D training epoch 34/300: train loss=2.1878432755217405, early-stop loss=0.10079312939561864, 7.7s
2026-10-01 02:55:05,922 INFO  com.leejean.m3.M3Function                                    [] - [M3] Device D training epoch 35/300: train loss=2.254066686558001, early-stop loss=0.10695830288335302, 7.383s
2026-10-01 02:55:13,261 INFO  com.leejean.m3.M3Function                                    [] - [M3] Device D training epoch 36/300: train loss=2.266566369389043, early-stop loss=0.07958546594265335, 7.338s
2026-10-01 02:55:20,915 INFO  com.leejean.m3.M3Function                                    [] - [M3] Device D training epoch 37/300: train loss=2.189381660204945, early-stop loss=0.09454341215905927, 7.654s
2026-10-01 02:55:27,377 INFO  com.leejean.m3.M3Function                                    [] - [M3] Device D training epoch 38/300: train loss=2.0801027121869002, early-stop loss=0.10787220952972348, 6.462s
2026-10-01 02:55:34,216 INFO  com.leejean.m3.M3Function                                    [] - [M3] Device D training epoch 39/300: train loss=1.915605769916014, early-stop loss=0.06858299593311697, 6.839s
2026-10-01 02:55:40,730 INFO  com.leejean.m3.M3Function                                    [] - [M3] Device D training epoch 40/300: train loss=1.962554693131736, early-stop loss=0.08338504511401235, 6.514s
2026-10-01 02:55:48,391 INFO  com.leejean.m3.M3Function                                    [] - [M3] Device D training epoch 41/300: train loss=1.911749921332706, early-stop loss=0.0904174975986135, 7.661s
2026-10-01 02:55:54,701 INFO  com.leejean.m3.M3Function                                    [] - [M3] Device D training epoch 42/300: train loss=1.8788827713691827, early-stop loss=0.06434984648010532, 6.31s
2026-10-01 02:56:01,249 INFO  com.leejean.m3.M3Function                                    [] - [M3] Device D training epoch 43/300: train loss=1.6997985628518193, early-stop loss=0.0570607144783464, 6.548s
2026-10-01 02:56:08,094 INFO  com.leejean.m3.M3Function                                    [] - [M3] Device D training epoch 44/300: train loss=1.415992359500943, early-stop loss=0.07204592926184665, 6.845s
2026-10-01 02:56:14,525 INFO  com.leejean.m3.M3Function                                    [] - [M3] Device D training epoch 45/300: train loss=1.5486087216572328, early-stop loss=0.05563133462817725, 6.431s
2026-10-01 02:56:21,050 INFO  com.leejean.m3.M3Function                                    [] - [M3] Device D training epoch 46/300: train loss=1.4295688543355827, early-stop loss=0.04883542746032336, 6.525s
2026-10-01 02:56:27,779 INFO  com.leejean.m3.M3Function                                    [] - [M3] Device D training epoch 47/300: train loss=1.7339650811571063, early-stop loss=0.06390801449899464, 6.729s
2026-10-01 02:56:34,325 INFO  com.leejean.m3.M3Function                                    [] - [M3] Device D training epoch 48/300: train loss=2.285958661726027, early-stop loss=0.06507454033479448, 6.546s
2026-10-01 02:56:40,892 INFO  com.leejean.m3.M3Function                                    [] - [M3] Device D training epoch 49/300: train loss=2.0406583908832436, early-stop loss=0.05654369014331658, 6.567s
2026-10-01 02:56:47,583 INFO  com.leejean.m3.M3Function                                    [] - [M3] Device D training epoch 50/300: train loss=1.8956868453007756, early-stop loss=0.05848697961787788, 6.691s
2026-10-01 02:56:54,102 INFO  com.leejean.m3.M3Function                                    [] - [M3] Device D training epoch 51/300: train loss=1.776942664746082, early-stop loss=0.05773254972823686, 6.519s
2026-10-01 02:57:00,802 INFO  com.leejean.m3.M3Function                                    [] - [M3] Device D training epoch 52/300: train loss=1.4777598560759515, early-stop loss=0.04442755558904782, 6.7s
2026-10-01 02:57:07,344 INFO  com.leejean.m3.M3Function                                    [] - [M3] Device D training epoch 53/300: train loss=1.3500875880320868, early-stop loss=0.04998432172526018, 6.542s
2026-10-01 02:57:14,026 INFO  com.leejean.m3.M3Function                                    [] - [M3] Device D training epoch 54/300: train loss=1.1281614095875712, early-stop loss=0.04775891048278899, 6.681s
2026-10-01 02:57:22,074 INFO  com.leejean.m3.M3Function                                    [] - [M3] Device D training epoch 55/300: train loss=1.0296960829785378, early-stop loss=0.04341987516062154, 8.048s
2026-10-01 02:57:28,594 INFO  com.leejean.m3.M3Function                                    [] - [M3] Device D training epoch 56/300: train loss=1.093934259586262, early-stop loss=0.04997955509340502, 6.52s
2026-10-01 02:57:35,235 INFO  com.leejean.m3.M3Function                                    [] - [M3] Device D training epoch 57/300: train loss=0.9817820735953071, early-stop loss=0.0498670697538472, 6.64s
2026-10-01 02:57:41,729 INFO  com.leejean.m3.M3Function                                    [] - [M3] Device D training epoch 58/300: train loss=1.0470394895835355, early-stop loss=0.045496395533675654, 6.494s
2026-10-01 02:57:48,310 INFO  com.leejean.m3.M3Function                                    [] - [M3] Device D training epoch 59/300: train loss=1.1588533631779931, early-stop loss=0.0453281736165935, 6.581s
2026-10-01 02:57:55,100 INFO  com.leejean.m3.M3Function                                    [] - [M3] Device D training epoch 60/300: train loss=0.9572236892400366, early-stop loss=0.05197333021614008, 6.79s
2026-10-01 02:58:01,642 INFO  com.leejean.m3.M3Function                                    [] - [M3] Device D training epoch 61/300: train loss=1.1510364255670347, early-stop loss=0.04856106696656003, 6.542s
2026-10-01 02:58:08,483 INFO  com.leejean.m3.M3Function                                    [] - [M3] Device D training epoch 62/300: train loss=1.2788233174519106, early-stop loss=0.043250576678836965, 6.84s
2026-10-01 02:58:14,954 INFO  com.leejean.m3.M3Function                                    [] - [M3] Device D training epoch 63/300: train loss=1.2556519035588611, early-stop loss=0.05755264901788334, 6.471s
2026-10-01 02:58:21,654 INFO  com.leejean.m3.M3Function                                    [] - [M3] Device D training epoch 64/300: train loss=1.2901072019428919, early-stop loss=0.05458544298027137, 6.7s
2026-10-01 02:58:28,301 INFO  com.leejean.m3.M3Function                                    [] - [M3] Device D training epoch 65/300: train loss=1.4784396106998126, early-stop loss=0.04388585561588832, 6.647s
2026-10-01 02:58:36,188 INFO  com.leejean.m3.M3Function                                    [] - [M3] Device D training epoch 66/300: train loss=1.6647045406428247, early-stop loss=0.06408743960843882, 7.887s
2026-10-01 02:58:42,839 INFO  com.leejean.m3.M3Function                                    [] - [M3] Device D training epoch 67/300: train loss=1.9051785180062961, early-stop loss=0.05246880925974276, 6.649s
2026-10-01 02:58:49,530 INFO  com.leejean.m3.M3Function                                    [] - [M3] Device D training epoch 68/300: train loss=1.5769993473183028, early-stop loss=0.05256252514401053, 6.691s
2026-10-01 02:58:56,024 INFO  com.leejean.m3.M3Function                                    [] - [M3] Device D training epoch 69/300: train loss=1.5120793749888737, early-stop loss=0.057174996213711325, 6.494s
2026-10-01 02:59:02,454 INFO  com.leejean.m3.M3Function                                    [] - [M3] Device D training epoch 70/300: train loss=1.3424349476893742, early-stop loss=0.05004453363597601, 6.43s
2026-10-01 02:59:09,174 INFO  com.leejean.m3.M3Function                                    [] - [M3] Device D training epoch 71/300: train loss=1.1204899601864093, early-stop loss=0.045243231224033474, 6.72s
2026-10-01 02:59:15,637 INFO  com.leejean.m3.M3Function                                    [] - [M3] Device D training epoch 72/300: train loss=0.9910955019069441, early-stop loss=0.054401555959226536, 6.463s
2026-10-01 02:59:22,186 INFO  com.leejean.m3.M3Function                                    [] - [M3] Device D training epoch 73/300: train loss=0.9988410583951256, early-stop loss=0.04587375706591021, 6.549s
2026-10-01 02:59:29,348 INFO  com.leejean.m3.M3Function                                    [] - [M3] Device D training epoch 74/300: train loss=0.8361479220968304, early-stop loss=0.04218911335984033, 7.162s
2026-10-01 02:59:36,170 INFO  com.leejean.m3.M3Function                                    [] - [M3] Device D training epoch 75/300: train loss=0.943888472246401, early-stop loss=0.05480357322891169, 6.822s
2026-10-01 02:59:43,254 INFO  com.leejean.m3.M3Function                                    [] - [M3] Device D training epoch 76/300: train loss=0.9173561729264982, early-stop loss=0.046295262873961185, 7.084s
2026-10-01 02:59:50,103 INFO  com.leejean.m3.M3Function                                    [] - [M3] Device D training epoch 77/300: train loss=1.035409893772819, early-stop loss=0.046410595681593864, 6.849s
2026-10-01 02:59:56,536 INFO  com.leejean.m3.M3Function                                    [] - [M3] Device D training epoch 78/300: train loss=1.2122245283740938, early-stop loss=0.047381217846771254, 6.433s
2026-10-01 03:00:03,257 INFO  com.leejean.m3.M3Function                                    [] - [M3] Device D training epoch 79/300: train loss=0.9448787251205156, early-stop loss=0.05691408192046272, 6.721s
2026-10-01 03:00:09,954 INFO  com.leejean.m3.M3Function                                    [] - [M3] Device D training epoch 80/300: train loss=1.410804216699167, early-stop loss=0.05710019058937575, 6.697s
2026-10-01 03:00:16,838 INFO  com.leejean.m3.M3Function                                    [] - [M3] Device D training epoch 81/300: train loss=1.3185801947658715, early-stop loss=0.04304176687121894, 6.883s
2026-10-01 03:00:24,790 INFO  com.leejean.m3.M3Function                                    [] - [M3] Device D training epoch 82/300: train loss=1.3533523198330042, early-stop loss=0.05405130455345621, 7.951s
2026-10-01 03:00:31,367 INFO  com.leejean.m3.M3Function                                    [] - [M3] Device D training epoch 83/300: train loss=1.5836116085449854, early-stop loss=0.0573908480129662, 6.577s
2026-10-01 03:00:37,926 INFO  com.leejean.m3.M3Function                                    [] - [M3] Device D training epoch 84/300: train loss=1.264600935217106, early-stop loss=0.04051213867430009, 6.559s
2026-10-01 03:00:44,403 INFO  com.leejean.m3.M3Function                                    [] - [M3] Device D training epoch 85/300: train loss=1.0574330815763184, early-stop loss=0.04959194545606184, 6.477s
2026-10-01 03:00:50,913 INFO  com.leejean.m3.M3Function                                    [] - [M3] Device D training epoch 86/300: train loss=1.1303488940903632, early-stop loss=0.049246886994647104, 6.51s
2026-10-01 03:00:57,614 INFO  com.leejean.m3.M3Function                                    [] - [M3] Device D training epoch 87/300: train loss=1.1034545875859982, early-stop loss=0.047483348645086215, 6.701s
2026-10-01 03:01:04,152 INFO  com.leejean.m3.M3Function                                    [] - [M3] Device D training epoch 88/300: train loss=1.3952998462048445, early-stop loss=0.047234853055121435, 6.537s
2026-10-01 03:01:10,949 INFO  com.leejean.m3.M3Function                                    [] - [M3] Device D training epoch 89/300: train loss=1.2034951970884293, early-stop loss=0.04681894009578391, 6.797s
2026-10-01 03:01:17,451 INFO  com.leejean.m3.M3Function                                    [] - [M3] Device D training epoch 90/300: train loss=1.7343938686630942, early-stop loss=0.05303631731925156, 6.502s
2026-10-01 03:01:24,196 INFO  com.leejean.m3.M3Function                                    [] - [M3] Device D training epoch 91/300: train loss=2.0320116062959035, early-stop loss=0.057703863509791335, 6.745s
2026-10-01 03:01:30,891 INFO  com.leejean.m3.M3Function                                    [] - [M3] Device D training epoch 92/300: train loss=1.5016354206836584, early-stop loss=0.04279893104901618, 6.695s
2026-10-01 03:01:37,978 INFO  com.leejean.m3.M3Function                                    [] - [M3] Device D training epoch 93/300: train loss=1.283652398170847, early-stop loss=0.04849770087425301, 7.087s
2026-10-01 03:01:45,527 INFO  com.leejean.m3.M3Function                                    [] - [M3] Device D training epoch 94/300: train loss=1.469252194599672, early-stop loss=0.04485114107777943, 7.549s
2026-10-01 03:01:52,212 INFO  com.leejean.m3.M3Function                                    [] - [M3] Device D training epoch 95/300: train loss=1.194372124744184, early-stop loss=0.04139449389517787, 6.685s
2026-10-01 03:01:58,794 INFO  com.leejean.m3.M3Function                                    [] - [M3] Device D training epoch 96/300: train loss=1.0212971531532027, early-stop loss=0.04214762475474211, 6.582s
2026-10-01 03:02:05,374 INFO  com.leejean.m3.M3Function                                    [] - [M3] Device D training epoch 97/300: train loss=0.9372323377565903, early-stop loss=0.035785941491967434, 6.579s
2026-10-01 03:02:11,854 INFO  com.leejean.m3.M3Function                                    [] - [M3] Device D training epoch 98/300: train loss=0.6502900009805506, early-stop loss=0.03955061623364716, 6.48s
2026-10-01 03:02:18,341 INFO  com.leejean.m3.M3Function                                    [] - [M3] Device D training epoch 99/300: train loss=0.6253120199748964, early-stop loss=0.039139996023184256, 6.487s
2026-10-01 03:02:25,065 INFO  com.leejean.m3.M3Function                                    [] - [M3] Device D training epoch 100/300: train loss=0.6195557422710188, early-stop loss=0.036601039213441156, 6.724s
2026-10-01 03:02:31,599 INFO  com.leejean.m3.M3Function                                    [] - [M3] Device D training epoch 101/300: train loss=0.5871033861555837, early-stop loss=0.03895292210733096, 6.534s
2026-10-01 03:02:38,341 INFO  com.leejean.m3.M3Function                                    [] - [M3] Device D training epoch 102/300: train loss=0.6296368294367284, early-stop loss=0.03842924223957308, 6.742s
2026-10-01 03:02:44,817 INFO  com.leejean.m3.M3Function                                    [] - [M3] Device D training epoch 103/300: train loss=0.5838966379563014, early-stop loss=0.035920994009573576, 6.476s
2026-10-01 03:02:51,541 INFO  com.leejean.m3.M3Function                                    [] - [M3] Device D training epoch 104/300: train loss=0.5077284404951515, early-stop loss=0.037729797969239615, 6.724s
2026-10-01 03:02:58,209 INFO  com.leejean.m3.M3Function                                    [] - [M3] Device D training epoch 105/300: train loss=0.5379714592388182, early-stop loss=0.03990369456356668, 6.668s
2026-10-01 03:03:04,914 INFO  com.leejean.m3.M3Function                                    [] - [M3] Device D training epoch 106/300: train loss=0.6192036686521588, early-stop loss=0.03488030557975365, 6.705s
2026-10-01 03:03:13,007 INFO  com.leejean.m3.M3Function                                    [] - [M3] Device D training epoch 107/300: train loss=0.6780014693737029, early-stop loss=0.03966692785904645, 8.093s
2026-10-01 03:03:19,304 INFO  com.leejean.m3.M3Function                                    [] - [M3] Device D training epoch 108/300: train loss=0.8352177291205435, early-stop loss=0.0420364870640811, 6.297s
2026-10-01 03:03:25,934 INFO  com.leejean.m3.M3Function                                    [] - [M3] Device D training epoch 109/300: train loss=0.8122750386144175, early-stop loss=0.03608263327198762, 6.63s
2026-10-01 03:03:32,683 INFO  com.leejean.m3.M3Function                                    [] - [M3] Device D training epoch 110/300: train loss=0.7964566499446378, early-stop loss=0.039206363372689255, 6.749s
2026-10-01 03:03:39,229 INFO  com.leejean.m3.M3Function                                    [] - [M3] Device D training epoch 111/300: train loss=0.8047440761418053, early-stop loss=0.05206444550421765, 6.546s
2026-10-01 03:03:45,799 INFO  com.leejean.m3.M3Function                                    [] - [M3] Device D training epoch 112/300: train loss=1.0086791688294123, early-stop loss=0.03609960414836364, 6.569s
2026-10-01 03:03:52,302 INFO  com.leejean.m3.M3Function                                    [] - [M3] Device D training epoch 113/300: train loss=1.097878611358729, early-stop loss=0.039791148185525455, 6.503s
2026-10-01 03:03:59,060 INFO  com.leejean.m3.M3Function                                    [] - [M3] Device D training epoch 114/300: train loss=0.9802869971051362, early-stop loss=0.05027577686208909, 6.758s
2026-10-01 03:04:05,621 INFO  com.leejean.m3.M3Function                                    [] - [M3] Device D training epoch 115/300: train loss=1.0061291151877605, early-stop loss=0.042407379735950435, 6.561s
2026-10-01 03:04:12,356 INFO  com.leejean.m3.M3Function                                    [] - [M3] Device D training epoch 116/300: train loss=0.9174966554298547, early-stop loss=0.03517938130352693, 6.735s
2026-10-01 03:04:18,893 INFO  com.leejean.m3.M3Function                                    [] - [M3] Device D training epoch 117/300: train loss=1.0819746733163342, early-stop loss=0.05950425194048861, 6.537s
2026-10-01 03:04:25,567 INFO  com.leejean.m3.M3Function                                    [] - [M3] Device D training epoch 118/300: train loss=1.111622081471212, early-stop loss=0.03999065700708914, 6.674s
2026-10-01 03:04:32,248 INFO  com.leejean.m3.M3Function                                    [] - [M3] Device D training epoch 119/300: train loss=0.9652131890708749, early-stop loss=0.039979806984905525, 6.681s
2026-10-01 03:04:39,875 INFO  com.leejean.m3.M3Function                                    [] - [M3] Device D training epoch 120/300: train loss=1.183844868793632, early-stop loss=0.06365203299009382, 7.627s
2026-10-01 03:04:46,771 INFO  com.leejean.m3.M3Function                                    [] - [M3] Device D training epoch 121/300: train loss=1.204434023571737, early-stop loss=0.04519779043274283, 6.895s
2026-10-01 03:04:53,434 INFO  com.leejean.m3.M3Function                                    [] - [M3] Device D training epoch 122/300: train loss=1.0274617104819328, early-stop loss=0.04670828973920404, 6.663s
2026-10-01 03:04:59,898 INFO  com.leejean.m3.M3Function                                    [] - [M3] Device D training epoch 123/300: train loss=1.0335792609236456, early-stop loss=0.05656828203262392, 6.464s
2026-10-01 03:05:06,505 INFO  com.leejean.m3.M3Function                                    [] - [M3] Device D training epoch 124/300: train loss=0.9857193479935328, early-stop loss=0.04172688267849885, 6.606s
2026-10-01 03:05:13,254 INFO  com.leejean.m3.M3Function                                    [] - [M3] Device D training epoch 125/300: train loss=0.8082632580941372, early-stop loss=0.046704338422787955, 6.748s
2026-10-01 03:05:19,848 INFO  com.leejean.m3.M3Function                                    [] - [M3] Device D training epoch 126/300: train loss=0.8248703909191217, early-stop loss=0.04550920786224863, 6.594s
2026-10-01 03:05:20,347 INFO  com.leejean.m3.M3Function                                    [] - [M3] Device D trained: hidden=60, window=60, batch=64, 126 epochs (last improvement at epoch 106, longest plateau 15), early-stop loss=0.04550920786224863, 892.625s
2026-10-01 03:05:20,347 WARN  com.leejean.m3.M3Function                                    [] - [M3] Device D REPORT: longest plateau 15 epochs is within 5 of the patience 20
2026-10-01 03:05:32,607 INFO  com.leejean.m3.M3Function                                    [] - [M3] Device D calibrated: median=0.16265831625787602, IQR=0.36413963746677647, threshold=2.22
2026-10-01 03:05:32,607 INFO  com.leejean.m3.M3Function                                    [] - [M3] Device D entering ONLINE
2026-10-01 03:05:32,857 INFO  com.leejean.m3.M3Function                                    [] - [M3] Device G (subtask 7) entering TRAINING: 878 train windows (130 excluded by outlier sanitization), 288 early-stop windows
2026-10-01 03:05:40,375 INFO  com.leejean.m3.M3Function                                    [] - [M3] Device G training epoch 1/300: train loss=46.619730078655735, early-stop loss=0.3233676593010861, 7.516s
2026-10-01 03:05:46,144 INFO  com.leejean.m3.M3Function                                    [] - [M3] Device G training epoch 2/300: train loss=21.589257897797577, early-stop loss=0.2725469335356014, 5.769s
2026-10-01 03:05:52,094 INFO  com.leejean.m3.M3Function                                    [] - [M3] Device G training epoch 3/300: train loss=13.905647923487313, early-stop loss=0.2893324849618474, 5.95s
2026-10-01 03:05:57,887 INFO  com.leejean.m3.M3Function                                    [] - [M3] Device G training epoch 4/300: train loss=9.764875287595002, early-stop loss=0.1909812396831472, 5.793s
2026-10-01 03:06:03,809 INFO  com.leejean.m3.M3Function                                    [] - [M3] Device G training epoch 5/300: train loss=6.898371585407612, early-stop loss=0.16505911847798338, 5.922s
2026-10-01 03:06:09,702 INFO  com.leejean.m3.M3Function                                    [] - [M3] Device G training epoch 6/300: train loss=6.135684140424551, early-stop loss=0.12431663068036235, 5.892s
2026-10-01 03:06:15,528 INFO  com.leejean.m3.M3Function                                    [] - [M3] Device G training epoch 7/300: train loss=5.8272129272081825, early-stop loss=0.1363108369281967, 5.826s
2026-10-01 03:06:21,401 INFO  com.leejean.m3.M3Function                                    [] - [M3] Device G training epoch 8/300: train loss=5.331338708889411, early-stop loss=0.11405590664952195, 5.873s
2026-10-01 03:06:27,457 INFO  com.leejean.m3.M3Function                                    [] - [M3] Device G training epoch 9/300: train loss=5.0681265979079715, early-stop loss=0.11039798355035321, 6.056s
2026-10-01 03:06:33,328 INFO  com.leejean.m3.M3Function                                    [] - [M3] Device G training epoch 10/300: train loss=5.024227257841122, early-stop loss=0.10787797524575805, 5.871s
2026-10-01 03:06:39,198 INFO  com.leejean.m3.M3Function                                    [] - [M3] Device G training epoch 11/300: train loss=4.252500180131901, early-stop loss=0.143755124493805, 5.87s
2026-10-01 03:06:45,237 INFO  com.leejean.m3.M3Function                                    [] - [M3] Device G training epoch 12/300: train loss=7.834209878696419, early-stop loss=0.10077185121958877, 6.039s
2026-10-01 03:06:51,102 INFO  com.leejean.m3.M3Function                                    [] - [M3] Device G training epoch 13/300: train loss=4.918793596540178, early-stop loss=0.1507246952244218, 5.865s
2026-10-01 03:06:58,485 INFO  com.leejean.m3.M3Function                                    [] - [M3] Device G training epoch 14/300: train loss=5.639477222750645, early-stop loss=0.08660388860134396, 7.383s
2026-10-01 03:07:04,078 INFO  com.leejean.m3.M3Function                                    [] - [M3] Device G training epoch 15/300: train loss=5.253274461793603, early-stop loss=0.14577485819060512, 5.593s
2026-10-01 03:07:10,092 INFO  com.leejean.m3.M3Function                                    [] - [M3] Device G training epoch 16/300: train loss=5.451839422735367, early-stop loss=0.11071330885445399, 6.013s
2026-10-01 03:07:15,934 INFO  com.leejean.m3.M3Function                                    [] - [M3] Device G training epoch 17/300: train loss=3.3312859387131213, early-stop loss=0.08339409241480397, 5.842s
2026-10-01 03:07:21,868 INFO  com.leejean.m3.M3Function                                    [] - [M3] Device G training epoch 18/300: train loss=2.620704718109984, early-stop loss=0.07053081605061191, 5.933s
2026-10-01 03:07:27,901 INFO  com.leejean.m3.M3Function                                    [] - [M3] Device G training epoch 19/300: train loss=2.1752280327103892, early-stop loss=0.07105298730810623, 6.033s
2026-10-01 03:07:33,816 INFO  com.leejean.m3.M3Function                                    [] - [M3] Device G training epoch 20/300: train loss=2.0619423688568683, early-stop loss=0.05957796690606105, 5.915s
2026-10-01 03:07:39,704 INFO  com.leejean.m3.M3Function                                    [] - [M3] Device G training epoch 21/300: train loss=2.116900691186419, early-stop loss=0.06790888738036573, 5.888s
2026-10-01 03:07:45,569 INFO  com.leejean.m3.M3Function                                    [] - [M3] Device G training epoch 22/300: train loss=2.6355971407446064, early-stop loss=0.060838894458468414, 5.865s
2026-10-01 03:07:51,447 INFO  com.leejean.m3.M3Function                                    [] - [M3] Device G training epoch 23/300: train loss=2.927492646697145, early-stop loss=0.07361860027653912, 5.878s
2026-10-01 03:07:57,486 INFO  com.leejean.m3.M3Function                                    [] - [M3] Device G training epoch 24/300: train loss=3.265751822690786, early-stop loss=0.06403802081468342, 6.039s
2026-10-01 03:08:03,362 INFO  com.leejean.m3.M3Function                                    [] - [M3] Device G training epoch 25/300: train loss=3.5546859368034025, early-stop loss=0.06221583023459048, 5.875s
2026-10-01 03:08:09,370 INFO  com.leejean.m3.M3Function                                    [] - [M3] Device G training epoch 26/300: train loss=4.035780370013314, early-stop loss=0.054538331295810566, 6.008s
2026-10-01 03:08:15,206 INFO  com.leejean.m3.M3Function                                    [] - [M3] Device G training epoch 27/300: train loss=2.9305288510292953, early-stop loss=0.08078881816680279, 5.836s
2026-10-01 03:08:22,085 INFO  com.leejean.m3.M3Function                                    [] - [M3] Device G training epoch 28/300: train loss=2.689256970778755, early-stop loss=0.047100504724523914, 6.879s
2026-10-01 03:08:28,377 INFO  com.leejean.m3.M3Function                                    [] - [M3] Device G training epoch 29/300: train loss=2.2754778174880133, early-stop loss=0.07098509470224185, 6.292s
2026-10-01 03:08:34,057 INFO  com.leejean.m3.M3Function                                    [] - [M3] Device G training epoch 30/300: train loss=1.997631782330341, early-stop loss=0.0568931707623686, 5.68s
2026-10-01 03:08:40,264 INFO  com.leejean.m3.M3Function                                    [] - [M3] Device G training epoch 31/300: train loss=1.72246455287341, early-stop loss=0.06709209118604545, 6.207s
2026-10-01 03:08:46,198 INFO  com.leejean.m3.M3Function                                    [] - [M3] Device G training epoch 32/300: train loss=1.552491937512937, early-stop loss=0.05106619135751228, 5.934s
2026-10-01 03:08:52,112 INFO  com.leejean.m3.M3Function                                    [] - [M3] Device G training epoch 33/300: train loss=1.3417832938780696, early-stop loss=0.053495974162834324, 5.913s
2026-10-01 03:08:57,945 INFO  com.leejean.m3.M3Function                                    [] - [M3] Device G training epoch 34/300: train loss=1.3228121504280137, early-stop loss=0.04448246729663226, 5.833s
2026-10-01 03:09:03,814 INFO  com.leejean.m3.M3Function                                    [] - [M3] Device G training epoch 35/300: train loss=1.2659351606546723, early-stop loss=0.054704761264320986, 5.869s
2026-10-01 03:09:09,695 INFO  com.leejean.m3.M3Function                                    [] - [M3] Device G training epoch 36/300: train loss=1.290921279954614, early-stop loss=0.044404767900447, 5.881s
2026-10-01 03:09:15,776 INFO  com.leejean.m3.M3Function                                    [] - [M3] Device G training epoch 37/300: train loss=1.1901346997444673, early-stop loss=0.0521346072315541, 6.081s
2026-10-01 03:09:21,641 INFO  com.leejean.m3.M3Function                                    [] - [M3] Device G training epoch 38/300: train loss=1.182722622711466, early-stop loss=0.04654904582878629, 5.865s
2026-10-01 03:09:27,662 INFO  com.leejean.m3.M3Function                                    [] - [M3] Device G training epoch 39/300: train loss=1.188093151809266, early-stop loss=0.05261203488924989, 6.021s
2026-10-01 03:09:33,493 INFO  com.leejean.m3.M3Function                                    [] - [M3] Device G training epoch 40/300: train loss=1.261939639186267, early-stop loss=0.041944664904053935, 5.831s
2026-10-01 03:09:40,553 INFO  com.leejean.m3.M3Function                                    [] - [M3] Device G training epoch 41/300: train loss=1.4529234231628987, early-stop loss=0.0555008068528922, 7.06s
2026-10-01 03:09:46,535 INFO  com.leejean.m3.M3Function                                    [] - [M3] Device G training epoch 42/300: train loss=1.4067034567364995, early-stop loss=0.047359694733457594, 5.981s
2026-10-01 03:09:52,171 INFO  com.leejean.m3.M3Function                                    [] - [M3] Device G training epoch 43/300: train loss=1.0699988378501086, early-stop loss=0.04128332372523994, 5.636s
2026-10-01 03:09:58,086 INFO  com.leejean.m3.M3Function                                    [] - [M3] Device G training epoch 44/300: train loss=0.9300738268757458, early-stop loss=0.04523715744655518, 5.915s
2026-10-01 03:10:04,035 INFO  com.leejean.m3.M3Function                                    [] - [M3] Device G training epoch 45/300: train loss=0.9756414309791895, early-stop loss=0.04493566494835954, 5.949s
2026-10-01 03:10:10,144 INFO  com.leejean.m3.M3Function                                    [] - [M3] Device G training epoch 46/300: train loss=0.9558784889138263, early-stop loss=0.040848581950157975, 6.109s
2026-10-01 03:10:16,014 INFO  com.leejean.m3.M3Function                                    [] - [M3] Device G training epoch 47/300: train loss=0.9199372476672533, early-stop loss=0.04329965071503263, 5.87s
2026-10-01 03:10:21,920 INFO  com.leejean.m3.M3Function                                    [] - [M3] Device G training epoch 48/300: train loss=0.9073405750049567, early-stop loss=0.043983737659438096, 5.906s
2026-10-01 03:10:27,778 INFO  com.leejean.m3.M3Function                                    [] - [M3] Device G training epoch 49/300: train loss=0.9726568516737187, early-stop loss=0.04462746309609182, 5.858s
2026-10-01 03:10:33,695 INFO  com.leejean.m3.M3Function                                    [] - [M3] Device G training epoch 50/300: train loss=0.9920283513039535, early-stop loss=0.04634625397842339, 5.917s
2026-10-01 03:10:39,781 INFO  com.leejean.m3.M3Function                                    [] - [M3] Device G training epoch 51/300: train loss=0.9614340528938341, early-stop loss=0.042216006761591165, 6.085s
2026-10-01 03:10:45,649 INFO  com.leejean.m3.M3Function                                    [] - [M3] Device G training epoch 52/300: train loss=0.9959979047686415, early-stop loss=0.04071583974724291, 5.868s
2026-10-01 03:10:51,703 INFO  com.leejean.m3.M3Function                                    [] - [M3] Device G training epoch 53/300: train loss=0.9889915772106338, early-stop loss=0.055961127111466266, 6.053s
2026-10-01 03:10:57,690 INFO  com.leejean.m3.M3Function                                    [] - [M3] Device G training epoch 54/300: train loss=0.9730418907929652, early-stop loss=0.03537141858805152, 5.987s
2026-10-01 03:11:04,626 INFO  com.leejean.m3.M3Function                                    [] - [M3] Device G training epoch 55/300: train loss=0.9959043570927212, early-stop loss=0.057597822387177526, 6.935s
2026-10-01 03:11:10,536 INFO  com.leejean.m3.M3Function                                    [] - [M3] Device G training epoch 56/300: train loss=1.0338937048586259, early-stop loss=0.04377360014780009, 5.91s
2026-10-01 03:11:16,489 INFO  com.leejean.m3.M3Function                                    [] - [M3] Device G training epoch 57/300: train loss=0.9839282257956748, early-stop loss=0.03308195049520141, 5.953s
2026-10-01 03:11:22,430 INFO  com.leejean.m3.M3Function                                    [] - [M3] Device G training epoch 58/300: train loss=1.067451774481661, early-stop loss=0.06596618359625278, 5.941s
2026-10-01 03:11:28,121 INFO  com.leejean.m3.M3Function                                    [] - [M3] Device G training epoch 59/300: train loss=1.2019284520830429, early-stop loss=0.0373833428200441, 5.691s
2026-10-01 03:11:33,905 INFO  com.leejean.m3.M3Function                                    [] - [M3] Device G training epoch 60/300: train loss=1.357957210600006, early-stop loss=0.048476510348748836, 5.784s
2026-10-01 03:11:39,923 INFO  com.leejean.m3.M3Function                                    [] - [M3] Device G training epoch 61/300: train loss=1.1549024511568293, early-stop loss=0.052325156998476015, 6.018s
2026-10-01 03:11:45,750 INFO  com.leejean.m3.M3Function                                    [] - [M3] Device G training epoch 62/300: train loss=1.0644585379902618, early-stop loss=0.03305116563294353, 5.827s
2026-10-01 03:11:51,546 INFO  com.leejean.m3.M3Function                                    [] - [M3] Device G training epoch 63/300: train loss=1.1916525415752244, early-stop loss=0.06840839651969172, 5.796s
2026-10-01 03:11:57,603 INFO  com.leejean.m3.M3Function                                    [] - [M3] Device G training epoch 64/300: train loss=1.4777115974367034, early-stop loss=0.05592841646022111, 6.056s
2026-10-01 03:12:03,464 INFO  com.leejean.m3.M3Function                                    [] - [M3] Device G training epoch 65/300: train loss=1.4127355091320066, early-stop loss=0.05135642596030586, 5.861s
2026-10-01 03:12:09,355 INFO  com.leejean.m3.M3Function                                    [] - [M3] Device G training epoch 66/300: train loss=1.3176475443455005, early-stop loss=0.04745996757351398, 5.89s
2026-10-01 03:12:15,365 INFO  com.leejean.m3.M3Function                                    [] - [M3] Device G training epoch 67/300: train loss=1.1707885813268817, early-stop loss=0.03941013539900817, 6.01s
2026-10-01 03:12:21,200 INFO  com.leejean.m3.M3Function                                    [] - [M3] Device G training epoch 68/300: train loss=1.2206245225408805, early-stop loss=0.05117137658029663, 5.835s
2026-10-01 03:12:26,074 WARN  org.apache.flink.streaming.runtime.tasks.SubtaskCheckpointCoordinatorImpl [] - Time from receiving all checkpoint barriers/RPC to executing it exceeded threshold: 1298639ms
2026-10-01 03:12:26,076 WARN  org.apache.flink.streaming.runtime.tasks.SubtaskCheckpointCoordinatorImpl [] - Time from receiving all checkpoint barriers/RPC to executing it exceeded threshold: 1298641ms
2026-10-01 03:12:26,088 INFO  org.apache.kafka.clients.FetchSessionHandler                 [] - [Consumer clientId=consumer-m2-job-6f236608-6, groupId=m2-job-6f236608] Error sending fetch request (sessionId=1782194680, epoch=169045) to node 2:
org.apache.kafka.common.errors.DisconnectException: null
2026-10-01 03:12:26,091 INFO  org.apache.kafka.clients.FetchSessionHandler                 [] - [Consumer clientId=consumer-m2-job-6f236608-7, groupId=m2-job-6f236608] Error sending fetch request (sessionId=840761098, epoch=160992) to node 3:
org.apache.kafka.common.errors.DisconnectException: null
2026-10-01 03:12:26,140 INFO  org.apache.kafka.clients.FetchSessionHandler                 [] - [Consumer clientId=consumer-m2-job-6f236608-8, groupId=m2-job-6f236608] Error sending fetch request (sessionId=680028467, epoch=179526) to node 2:
org.apache.kafka.common.errors.DisconnectException: null
2026-10-01 03:12:26,181 INFO  org.apache.kafka.clients.FetchSessionHandler                 [] - [Consumer clientId=consumer-m2-job-6f236608-5, groupId=m2-job-6f236608] Error sending fetch request (sessionId=1016317756, epoch=145612) to node 1:
org.apache.kafka.common.errors.DisconnectException: null
2026-10-01 03:12:29,340 INFO  com.leejean.m3.M3Function                                    [] - [M3] Device G training epoch 69/300: train loss=1.269276639985742, early-stop loss=0.044878836027478435, 8.14s
2026-10-01 03:12:36,316 INFO  com.leejean.m3.M3Function                                    [] - [M3] Device G training epoch 70/300: train loss=1.2701257042262863, early-stop loss=0.0400509054546213, 6.976s
2026-10-01 03:12:42,228 INFO  com.leejean.m3.M3Function                                    [] - [M3] Device G training epoch 71/300: train loss=1.2460450244986492, early-stop loss=0.05984094259517806, 5.912s
2026-10-01 03:12:48,197 INFO  com.leejean.m3.M3Function                                    [] - [M3] Device G training epoch 72/300: train loss=1.63832352442771, early-stop loss=0.056633477911842735, 5.969s
2026-10-01 03:12:54,033 INFO  com.leejean.m3.M3Function                                    [] - [M3] Device G training epoch 73/300: train loss=1.373213077331922, early-stop loss=0.056086054195485374, 5.836s
2026-10-01 03:12:59,882 INFO  com.leejean.m3.M3Function                                    [] - [M3] Device G training epoch 74/300: train loss=1.2277139038773055, early-stop loss=0.041693988102672885, 5.849s
2026-10-01 03:13:06,575 INFO  com.leejean.m3.M3Function                                    [] - [M3] Device G training epoch 75/300: train loss=0.9724093018111235, early-stop loss=0.05044280814749188, 6.693s
2026-10-01 03:13:12,188 INFO  com.leejean.m3.M3Function                                    [] - [M3] Device G training epoch 76/300: train loss=0.9730935478802794, early-stop loss=0.04241089844320791, 5.613s
2026-10-01 03:13:18,132 INFO  com.leejean.m3.M3Function                                    [] - [M3] Device G training epoch 77/300: train loss=0.9824016156403914, early-stop loss=0.04639156834574711, 5.943s
2026-10-01 03:13:24,054 INFO  com.leejean.m3.M3Function                                    [] - [M3] Device G training epoch 78/300: train loss=0.9566474134137171, early-stop loss=0.034302419392841094, 5.922s
2026-10-01 03:13:30,360 INFO  com.leejean.m3.M3Function                                    [] - [M3] Device G training epoch 79/300: train loss=0.9734610949984248, early-stop loss=0.04715152742360065, 6.306s
2026-10-01 03:13:35,988 INFO  com.leejean.m3.M3Function                                    [] - [M3] Device G training epoch 80/300: train loss=1.0149325258243158, early-stop loss=0.03675219381350401, 5.628s
2026-10-01 03:13:41,893 INFO  com.leejean.m3.M3Function                                    [] - [M3] Device G training epoch 81/300: train loss=0.9850590726603633, early-stop loss=0.040123213807608665, 5.905s
2026-10-01 03:13:47,837 INFO  com.leejean.m3.M3Function                                    [] - [M3] Device G training epoch 82/300: train loss=0.8708543654554378, early-stop loss=0.046266392714934906, 5.943s
2026-10-01 03:13:48,341 INFO  com.leejean.m3.M3Function                                    [] - [M3] Device G trained: hidden=60, window=60, batch=64, 82 epochs (last improvement at epoch 62, longest plateau 5), early-stop loss=0.046266392714934906, 495.484s
2026-10-01 03:14:00,627 INFO  com.leejean.m3.M3Function                                    [] - [M3] Device G calibrated: median=0.24950755919012624, IQR=0.3251563083184573, threshold=2.22
2026-10-01 03:14:00,627 INFO  com.leejean.m3.M3Function                                    [] - [M3] Device G entering ONLINE
2026-10-01 03:21:11,933 WARN  akka.remote.ReliableDeliverySupervisor                       [] - Association with remote system [akka.tcp://flink@172.16.0.162:6123] has failed, address is now gated for [50] ms. Reason: [Disassociated] 
2026-10-01 03:21:17,019 INFO  org.apache.flink.runtime.taskmanager.Task                    [] - Attempting to cancel task Source: Custom Source -> Kafka Source [synergia-source] -> RawLineParser (1/8)#0 (d843b05d1ce0ab2a17e210b13703930c).
2026-10-01 03:21:17,019 INFO  org.apache.flink.runtime.taskmanager.Task                    [] - Source: Custom Source -> Kafka Source [synergia-source] -> RawLineParser (1/8)#0 (d843b05d1ce0ab2a17e210b13703930c) switched from RUNNING to CANCELING.
2026-10-01 03:21:17,019 INFO  org.apache.flink.runtime.taskmanager.Task                    [] - Triggering cancellation of task code Source: Custom Source -> Kafka Source [synergia-source] -> RawLineParser (1/8)#0 (d843b05d1ce0ab2a17e210b13703930c).
2026-10-01 03:21:17,026 INFO  org.apache.flink.runtime.taskmanager.Task                    [] - Source: Custom Source -> Kafka Source [synergia-source] -> RawLineParser (1/8)#0 (d843b05d1ce0ab2a17e210b13703930c) switched from CANCELING to CANCELED.
2026-10-01 03:21:17,026 INFO  org.apache.flink.runtime.taskmanager.Task                    [] - Freeing task resources for Source: Custom Source -> Kafka Source [synergia-source] -> RawLineParser (1/8)#0 (d843b05d1ce0ab2a17e210b13703930c).
2026-10-01 03:21:17,031 INFO  org.apache.flink.runtime.taskexecutor.TaskExecutor           [] - Un-registering task and sending final execution state CANCELED to JobManager for task Source: Custom Source -> Kafka Source [synergia-source] -> RawLineParser (1/8)#0 d843b05d1ce0ab2a17e210b13703930c.
2026-10-01 03:21:17,042 INFO  org.apache.flink.runtime.taskmanager.Task                    [] - Attempting to cancel task Source: Custom Source -> Kafka Source [synergia-source] -> RawLineParser (4/8)#0 (e297e91b718e8b17b768a2c6acc6af5e).
2026-10-01 03:21:17,042 INFO  org.apache.flink.runtime.taskmanager.Task                    [] - Source: Custom Source -> Kafka Source [synergia-source] -> RawLineParser (4/8)#0 (e297e91b718e8b17b768a2c6acc6af5e) switched from RUNNING to CANCELING.
2026-10-01 03:21:17,042 INFO  org.apache.flink.runtime.taskmanager.Task                    [] - Triggering cancellation of task code Source: Custom Source -> Kafka Source [synergia-source] -> RawLineParser (4/8)#0 (e297e91b718e8b17b768a2c6acc6af5e).
2026-10-01 03:21:17,045 INFO  org.apache.flink.runtime.taskmanager.Task                    [] - Source: Custom Source -> Kafka Source [synergia-source] -> RawLineParser (4/8)#0 (e297e91b718e8b17b768a2c6acc6af5e) switched from CANCELING to CANCELED.
2026-10-01 03:21:17,046 INFO  org.apache.flink.runtime.taskmanager.Task                    [] - Freeing task resources for Source: Custom Source -> Kafka Source [synergia-source] -> RawLineParser (4/8)#0 (e297e91b718e8b17b768a2c6acc6af5e).
2026-10-01 03:21:17,054 INFO  org.apache.flink.runtime.taskmanager.Task                    [] - Attempting to cancel task Source: Custom Source -> Kafka Source [synergia-source] -> RawLineParser (5/8)#0 (35efe4aa977ce3b4aebaccf2b2d68a85).
2026-10-01 03:21:17,054 INFO  org.apache.flink.runtime.taskmanager.Task                    [] - Source: Custom Source -> Kafka Source [synergia-source] -> RawLineParser (5/8)#0 (35efe4aa977ce3b4aebaccf2b2d68a85) switched from RUNNING to CANCELING.
2026-10-01 03:21:17,054 INFO  org.apache.flink.runtime.taskmanager.Task                    [] - Triggering cancellation of task code Source: Custom Source -> Kafka Source [synergia-source] -> RawLineParser (5/8)#0 (35efe4aa977ce3b4aebaccf2b2d68a85).
2026-10-01 03:21:17,056 INFO  org.apache.flink.runtime.taskmanager.Task                    [] - Attempting to cancel task Source: Custom Source -> Kafka Source [synergia-source] -> RawLineParser (8/8)#0 (ff7d52d2026fea6fb37a010f2b4dc34f).
2026-10-01 03:21:17,057 INFO  org.apache.flink.runtime.taskmanager.Task                    [] - Source: Custom Source -> Kafka Source [synergia-source] -> RawLineParser (8/8)#0 (ff7d52d2026fea6fb37a010f2b4dc34f) switched from RUNNING to CANCELING.
2026-10-01 03:21:17,057 INFO  org.apache.flink.runtime.taskmanager.Task                    [] - Triggering cancellation of task code Source: Custom Source -> Kafka Source [synergia-source] -> RawLineParser (8/8)#0 (ff7d52d2026fea6fb37a010f2b4dc34f).
2026-10-01 03:21:17,058 INFO  org.apache.flink.runtime.taskmanager.Task                    [] - Attempting to cancel task RoundAssembler -> AlignEventTime (1/8)#0 (f0f47057b5437551bdc49f16f1e847a6).
2026-10-01 03:21:17,058 INFO  org.apache.flink.runtime.taskmanager.Task                    [] - RoundAssembler -> AlignEventTime (1/8)#0 (f0f47057b5437551bdc49f16f1e847a6) switched from RUNNING to CANCELING.
2026-10-01 03:21:17,058 INFO  org.apache.flink.runtime.taskmanager.Task                    [] - Triggering cancellation of task code RoundAssembler -> AlignEventTime (1/8)#0 (f0f47057b5437551bdc49f16f1e847a6).
2026-10-01 03:21:17,059 INFO  org.apache.flink.runtime.taskmanager.Task                    [] - RoundAssembler -> AlignEventTime (1/8)#0 (f0f47057b5437551bdc49f16f1e847a6) switched from CANCELING to CANCELED.
2026-10-01 03:21:17,060 INFO  org.apache.flink.runtime.taskmanager.Task                    [] - Freeing task resources for RoundAssembler -> AlignEventTime (1/8)#0 (f0f47057b5437551bdc49f16f1e847a6).
2026-10-01 03:21:17,060 INFO  org.apache.flink.runtime.taskmanager.Task                    [] - Source: Custom Source -> Kafka Source [synergia-source] -> RawLineParser (8/8)#0 (ff7d52d2026fea6fb37a010f2b4dc34f) switched from CANCELING to CANCELED.
2026-10-01 03:21:17,060 INFO  org.apache.flink.runtime.taskmanager.Task                    [] - Freeing task resources for Source: Custom Source -> Kafka Source [synergia-source] -> RawLineParser (8/8)#0 (ff7d52d2026fea6fb37a010f2b4dc34f).
2026-10-01 03:21:17,061 INFO  org.apache.flink.runtime.taskmanager.Task                    [] - Source: Custom Source -> Kafka Source [synergia-source] -> RawLineParser (5/8)#0 (35efe4aa977ce3b4aebaccf2b2d68a85) switched from CANCELING to CANCELED.
2026-10-01 03:21:17,061 INFO  org.apache.flink.runtime.taskmanager.Task                    [] - Freeing task resources for Source: Custom Source -> Kafka Source [synergia-source] -> RawLineParser (5/8)#0 (35efe4aa977ce3b4aebaccf2b2d68a85).
2026-10-01 03:21:17,063 INFO  org.apache.flink.runtime.taskmanager.Task                    [] - Attempting to cancel task RoundAssembler -> AlignEventTime (4/8)#0 (8ba6cc26c4cd8fa538c5700e5af5a791).
2026-10-01 03:21:17,063 INFO  org.apache.flink.runtime.taskmanager.Task                    [] - RoundAssembler -> AlignEventTime (4/8)#0 (8ba6cc26c4cd8fa538c5700e5af5a791) switched from RUNNING to CANCELING.
2026-10-01 03:21:17,072 INFO  org.apache.flink.runtime.taskmanager.Task                    [] - Triggering cancellation of task code RoundAssembler -> AlignEventTime (4/8)#0 (8ba6cc26c4cd8fa538c5700e5af5a791).
2026-10-01 03:21:17,074 INFO  org.apache.flink.runtime.taskmanager.Task                    [] - RoundAssembler -> AlignEventTime (4/8)#0 (8ba6cc26c4cd8fa538c5700e5af5a791) switched from CANCELING to CANCELED.
2026-10-01 03:21:17,074 INFO  org.apache.flink.runtime.taskmanager.Task                    [] - Freeing task resources for RoundAssembler -> AlignEventTime (4/8)#0 (8ba6cc26c4cd8fa538c5700e5af5a791).
2026-10-01 03:21:17,074 INFO  org.apache.flink.runtime.taskmanager.Task                    [] - Attempting to cancel task RoundAssembler -> AlignEventTime (5/8)#0 (8b107b4acf8c1a81edd5d60baadd5357).
2026-10-01 03:21:17,075 INFO  org.apache.flink.runtime.taskmanager.Task                    [] - RoundAssembler -> AlignEventTime (5/8)#0 (8b107b4acf8c1a81edd5d60baadd5357) switched from RUNNING to CANCELING.
2026-10-01 03:21:17,075 INFO  org.apache.flink.runtime.taskmanager.Task                    [] - Triggering cancellation of task code RoundAssembler -> AlignEventTime (5/8)#0 (8b107b4acf8c1a81edd5d60baadd5357).
2026-10-01 03:21:17,076 INFO  org.apache.flink.runtime.taskmanager.Task                    [] - RoundAssembler -> AlignEventTime (5/8)#0 (8b107b4acf8c1a81edd5d60baadd5357) switched from CANCELING to CANCELED.
2026-10-01 03:21:17,076 INFO  org.apache.flink.runtime.taskmanager.Task                    [] - Freeing task resources for RoundAssembler -> AlignEventTime (5/8)#0 (8b107b4acf8c1a81edd5d60baadd5357).
2026-10-01 03:21:17,076 INFO  org.apache.flink.runtime.taskmanager.Task                    [] - Attempting to cancel task RoundAssembler -> AlignEventTime (8/8)#0 (7f2d07ee1e32fd69d4489b20cb71e0bc).
2026-10-01 03:21:17,076 INFO  org.apache.flink.runtime.taskmanager.Task                    [] - RoundAssembler -> AlignEventTime (8/8)#0 (7f2d07ee1e32fd69d4489b20cb71e0bc) switched from RUNNING to CANCELING.
2026-10-01 03:21:17,077 INFO  org.apache.flink.runtime.taskmanager.Task                    [] - Triggering cancellation of task code RoundAssembler -> AlignEventTime (8/8)#0 (7f2d07ee1e32fd69d4489b20cb71e0bc).
2026-10-01 03:21:17,078 INFO  org.apache.flink.runtime.taskmanager.Task                    [] - RoundAssembler -> AlignEventTime (8/8)#0 (7f2d07ee1e32fd69d4489b20cb71e0bc) switched from CANCELING to CANCELED.
2026-10-01 03:21:17,078 INFO  org.apache.flink.runtime.taskmanager.Task                    [] - Freeing task resources for RoundAssembler -> AlignEventTime (8/8)#0 (7f2d07ee1e32fd69d4489b20cb71e0bc).
2026-10-01 03:21:17,084 INFO  org.apache.flink.runtime.taskexecutor.TaskExecutor           [] - Un-registering task and sending final execution state CANCELED to JobManager for task Source: Custom Source -> Kafka Source [synergia-source] -> RawLineParser (4/8)#0 e297e91b718e8b17b768a2c6acc6af5e.
2026-10-01 03:21:17,084 INFO  org.apache.flink.runtime.taskmanager.Task                    [] - Attempting to cancel task RobustScaler (1/8)#0 (67e0f0a8278630066d5a55fdf02242c1).
2026-10-01 03:21:17,085 INFO  org.apache.flink.runtime.taskmanager.Task                    [] - RobustScaler (1/8)#0 (67e0f0a8278630066d5a55fdf02242c1) switched from RUNNING to CANCELING.
2026-10-01 03:21:17,085 INFO  org.apache.flink.runtime.taskmanager.Task                    [] - Triggering cancellation of task code RobustScaler (1/8)#0 (67e0f0a8278630066d5a55fdf02242c1).
2026-10-01 03:21:17,086 INFO  org.apache.flink.runtime.taskmanager.Task                    [] - RobustScaler (1/8)#0 (67e0f0a8278630066d5a55fdf02242c1) switched from CANCELING to CANCELED.
2026-10-01 03:21:17,086 INFO  org.apache.flink.runtime.taskmanager.Task                    [] - Freeing task resources for RobustScaler (1/8)#0 (67e0f0a8278630066d5a55fdf02242c1).
2026-10-01 03:21:17,095 INFO  org.apache.flink.runtime.taskmanager.Task                    [] - Attempting to cancel task RobustScaler (4/8)#0 (f23f183c8645c4aed3e6bee4d5b44ba9).
2026-10-01 03:21:17,095 INFO  org.apache.flink.runtime.taskmanager.Task                    [] - RobustScaler (4/8)#0 (f23f183c8645c4aed3e6bee4d5b44ba9) switched from RUNNING to CANCELING.
2026-10-01 03:21:17,095 INFO  org.apache.flink.runtime.taskmanager.Task                    [] - Triggering cancellation of task code RobustScaler (4/8)#0 (f23f183c8645c4aed3e6bee4d5b44ba9).
2026-10-01 03:21:17,098 INFO  org.apache.flink.runtime.taskmanager.Task                    [] - RobustScaler (4/8)#0 (f23f183c8645c4aed3e6bee4d5b44ba9) switched from CANCELING to CANCELED.
2026-10-01 03:21:17,098 INFO  org.apache.flink.runtime.taskmanager.Task                    [] - Freeing task resources for RobustScaler (4/8)#0 (f23f183c8645c4aed3e6bee4d5b44ba9).
2026-10-01 03:21:17,098 INFO  org.apache.flink.runtime.taskmanager.Task                    [] - Attempting to cancel task RobustScaler (5/8)#0 (78d7ced31065c4e221e3685a3f07474f).
2026-10-01 03:21:17,098 INFO  org.apache.flink.runtime.taskmanager.Task                    [] - RobustScaler (5/8)#0 (78d7ced31065c4e221e3685a3f07474f) switched from RUNNING to CANCELING.
2026-10-01 03:21:17,099 INFO  org.apache.flink.runtime.taskmanager.Task                    [] - Triggering cancellation of task code RobustScaler (5/8)#0 (78d7ced31065c4e221e3685a3f07474f).
2026-10-01 03:21:17,100 INFO  org.apache.flink.runtime.taskmanager.Task                    [] - RobustScaler (5/8)#0 (78d7ced31065c4e221e3685a3f07474f) switched from CANCELING to CANCELED.
2026-10-01 03:21:17,100 INFO  org.apache.flink.runtime.taskmanager.Task                    [] - Freeing task resources for RobustScaler (5/8)#0 (78d7ced31065c4e221e3685a3f07474f).
2026-10-01 03:21:17,101 INFO  org.apache.flink.runtime.taskmanager.Task                    [] - Attempting to cancel task RobustScaler (8/8)#0 (7878be67b66594a21bef79366533ad71).
2026-10-01 03:21:17,101 INFO  org.apache.flink.runtime.taskmanager.Task                    [] - RobustScaler (8/8)#0 (7878be67b66594a21bef79366533ad71) switched from RUNNING to CANCELING.
2026-10-01 03:21:17,104 INFO  org.apache.flink.runtime.taskmanager.Task                    [] - Triggering cancellation of task code RobustScaler (8/8)#0 (7878be67b66594a21bef79366533ad71).
2026-10-01 03:21:17,105 INFO  org.apache.flink.runtime.taskmanager.Task                    [] - RobustScaler (8/8)#0 (7878be67b66594a21bef79366533ad71) switched from CANCELING to CANCELED.
2026-10-01 03:21:17,105 INFO  org.apache.flink.runtime.taskmanager.Task                    [] - Freeing task resources for RobustScaler (8/8)#0 (7878be67b66594a21bef79366533ad71).
2026-10-01 03:21:17,107 INFO  org.apache.flink.runtime.taskmanager.Task                    [] - Attempting to cancel task RawCache -> (Sink: Kafka Sink [synergia-m1-out], M2Gate) (1/8)#0 (15a777733ef4aa549d4b8bccccdfbea7).
2026-10-01 03:21:17,107 INFO  org.apache.flink.runtime.taskmanager.Task                    [] - RawCache -> (Sink: Kafka Sink [synergia-m1-out], M2Gate) (1/8)#0 (15a777733ef4aa549d4b8bccccdfbea7) switched from RUNNING to CANCELING.
2026-10-01 03:21:17,107 INFO  org.apache.flink.runtime.taskmanager.Task                    [] - Triggering cancellation of task code RawCache -> (Sink: Kafka Sink [synergia-m1-out], M2Gate) (1/8)#0 (15a777733ef4aa549d4b8bccccdfbea7).
2026-10-01 03:21:17,111 INFO  org.apache.kafka.clients.producer.KafkaProducer              [] - [Producer clientId=producer-3] Closing the Kafka producer with timeoutMillis = 0 ms.
2026-10-01 03:21:17,111 INFO  org.apache.kafka.clients.producer.KafkaProducer              [] - [Producer clientId=producer-3] Proceeding to force close the producer since pending requests could not be completed within timeout 0 ms.
2026-10-01 03:21:17,115 INFO  org.apache.kafka.clients.producer.KafkaProducer              [] - [Producer clientId=producer-3] Closing the Kafka producer with timeoutMillis = 0 ms.
2026-10-01 03:21:17,115 INFO  org.apache.kafka.clients.producer.KafkaProducer              [] - [Producer clientId=producer-3] Closing the Kafka producer with timeoutMillis = 0 ms.
2026-10-01 03:21:17,115 INFO  org.apache.kafka.clients.producer.KafkaProducer              [] - [Producer clientId=producer-3] Closing the Kafka producer with timeoutMillis = 0 ms.
2026-10-01 03:21:17,116 INFO  org.apache.kafka.clients.producer.KafkaProducer              [] - [Producer clientId=producer-3] Closing the Kafka producer with timeoutMillis = 0 ms.
2026-10-01 03:21:17,116 INFO  org.apache.kafka.clients.producer.KafkaProducer              [] - [Producer clientId=producer-3] Closing the Kafka producer with timeoutMillis = 0 ms.
2026-10-01 03:21:17,116 INFO  org.apache.kafka.clients.producer.KafkaProducer              [] - [Producer clientId=producer-3] Closing the Kafka producer with timeoutMillis = 0 ms.
2026-10-01 03:21:17,116 INFO  org.apache.flink.runtime.taskmanager.Task                    [] - RawCache -> (Sink: Kafka Sink [synergia-m1-out], M2Gate) (1/8)#0 (15a777733ef4aa549d4b8bccccdfbea7) switched from CANCELING to CANCELED.
2026-10-01 03:21:17,116 INFO  org.apache.flink.runtime.taskmanager.Task                    [] - Freeing task resources for RawCache -> (Sink: Kafka Sink [synergia-m1-out], M2Gate) (1/8)#0 (15a777733ef4aa549d4b8bccccdfbea7).
2026-10-01 03:21:17,121 INFO  org.apache.flink.runtime.taskmanager.Task                    [] - Attempting to cancel task RawCache -> (Sink: Kafka Sink [synergia-m1-out], M2Gate) (4/8)#0 (3e6cbb0641704ab9abf99932dff6436e).
2026-10-01 03:21:17,121 INFO  org.apache.flink.runtime.taskmanager.Task                    [] - RawCache -> (Sink: Kafka Sink [synergia-m1-out], M2Gate) (4/8)#0 (3e6cbb0641704ab9abf99932dff6436e) switched from RUNNING to CANCELING.
2026-10-01 03:21:17,121 INFO  org.apache.flink.runtime.taskmanager.Task                    [] - Triggering cancellation of task code RawCache -> (Sink: Kafka Sink [synergia-m1-out], M2Gate) (4/8)#0 (3e6cbb0641704ab9abf99932dff6436e).
2026-10-01 03:21:17,122 INFO  org.apache.flink.runtime.taskexecutor.TaskExecutor           [] - Un-registering task and sending final execution state CANCELED to JobManager for task Source: Custom Source -> Kafka Source [synergia-source] -> RawLineParser (8/8)#0 ff7d52d2026fea6fb37a010f2b4dc34f.
2026-10-01 03:21:17,122 INFO  org.apache.kafka.clients.producer.KafkaProducer              [] - [Producer clientId=producer-11] Closing the Kafka producer with timeoutMillis = 0 ms.
2026-10-01 03:21:17,123 INFO  org.apache.kafka.clients.producer.KafkaProducer              [] - [Producer clientId=producer-11] Proceeding to force close the producer since pending requests could not be completed within timeout 0 ms.
2026-10-01 03:21:17,123 INFO  org.apache.flink.runtime.taskmanager.Task                    [] - Attempting to cancel task RawCache -> (Sink: Kafka Sink [synergia-m1-out], M2Gate) (5/8)#0 (0621ff6c5f8783dee36e44439b25c2b4).
2026-10-01 03:21:17,123 INFO  org.apache.flink.runtime.taskmanager.Task                    [] - RawCache -> (Sink: Kafka Sink [synergia-m1-out], M2Gate) (5/8)#0 (0621ff6c5f8783dee36e44439b25c2b4) switched from RUNNING to CANCELING.
2026-10-01 03:21:17,123 INFO  org.apache.flink.runtime.taskmanager.Task                    [] - Triggering cancellation of task code RawCache -> (Sink: Kafka Sink [synergia-m1-out], M2Gate) (5/8)#0 (0621ff6c5f8783dee36e44439b25c2b4).
2026-10-01 03:21:17,123 INFO  org.apache.kafka.clients.producer.KafkaProducer              [] - [Producer clientId=producer-8] Closing the Kafka producer with timeoutMillis = 0 ms.
2026-10-01 03:21:17,123 INFO  org.apache.kafka.clients.producer.KafkaProducer              [] - [Producer clientId=producer-8] Proceeding to force close the producer since pending requests could not be completed within timeout 0 ms.
2026-10-01 03:21:17,127 INFO  org.apache.flink.runtime.taskexecutor.TaskExecutor           [] - Un-registering task and sending final execution state CANCELED to JobManager for task RoundAssembler -> AlignEventTime (1/8)#0 f0f47057b5437551bdc49f16f1e847a6.
2026-10-01 03:21:17,127 INFO  org.apache.flink.runtime.taskexecutor.TaskExecutor           [] - Un-registering task and sending final execution state CANCELED to JobManager for task Source: Custom Source -> Kafka Source [synergia-source] -> RawLineParser (5/8)#0 35efe4aa977ce3b4aebaccf2b2d68a85.
2026-10-01 03:21:17,129 INFO  org.apache.flink.runtime.taskmanager.Task                    [] - Attempting to cancel task RawCache -> (Sink: Kafka Sink [synergia-m1-out], M2Gate) (8/8)#0 (de631de9e4aa02a25011ef3766605338).
2026-10-01 03:21:17,131 INFO  org.apache.flink.runtime.taskmanager.Task                    [] - RawCache -> (Sink: Kafka Sink [synergia-m1-out], M2Gate) (8/8)#0 (de631de9e4aa02a25011ef3766605338) switched from RUNNING to CANCELING.
2026-10-01 03:21:17,131 INFO  org.apache.flink.runtime.taskmanager.Task                    [] - Triggering cancellation of task code RawCache -> (Sink: Kafka Sink [synergia-m1-out], M2Gate) (8/8)#0 (de631de9e4aa02a25011ef3766605338).
2026-10-01 03:21:17,131 INFO  org.apache.kafka.clients.producer.KafkaProducer              [] - [Producer clientId=producer-15] Closing the Kafka producer with timeoutMillis = 0 ms.
2026-10-01 03:21:17,132 INFO  org.apache.kafka.clients.producer.KafkaProducer              [] - [Producer clientId=producer-15] Proceeding to force close the producer since pending requests could not be completed within timeout 0 ms.
2026-10-01 03:21:17,132 INFO  org.apache.kafka.clients.producer.KafkaProducer              [] - [Producer clientId=producer-8] Closing the Kafka producer with timeoutMillis = 0 ms.
2026-10-01 03:21:17,132 INFO  org.apache.kafka.clients.producer.KafkaProducer              [] - [Producer clientId=producer-8] Closing the Kafka producer with timeoutMillis = 0 ms.
2026-10-01 03:21:17,132 INFO  org.apache.kafka.clients.producer.KafkaProducer              [] - [Producer clientId=producer-8] Closing the Kafka producer with timeoutMillis = 0 ms.
2026-10-01 03:21:17,132 INFO  org.apache.kafka.clients.producer.KafkaProducer              [] - [Producer clientId=producer-8] Closing the Kafka producer with timeoutMillis = 0 ms.
2026-10-01 03:21:17,132 INFO  org.apache.kafka.clients.producer.KafkaProducer              [] - [Producer clientId=producer-8] Closing the Kafka producer with timeoutMillis = 0 ms.
2026-10-01 03:21:17,132 INFO  org.apache.kafka.clients.producer.KafkaProducer              [] - [Producer clientId=producer-8] Closing the Kafka producer with timeoutMillis = 0 ms.
2026-10-01 03:21:17,131 INFO  org.apache.kafka.clients.producer.KafkaProducer              [] - [Producer clientId=producer-11] Closing the Kafka producer with timeoutMillis = 0 ms.
2026-10-01 03:21:17,132 INFO  org.apache.kafka.clients.producer.KafkaProducer              [] - [Producer clientId=producer-11] Closing the Kafka producer with timeoutMillis = 0 ms.
2026-10-01 03:21:17,132 INFO  org.apache.kafka.clients.producer.KafkaProducer              [] - [Producer clientId=producer-11] Closing the Kafka producer with timeoutMillis = 0 ms.
2026-10-01 03:21:17,134 INFO  org.apache.kafka.clients.producer.KafkaProducer              [] - [Producer clientId=producer-11] Closing the Kafka producer with timeoutMillis = 0 ms.
2026-10-01 03:21:17,134 INFO  org.apache.kafka.clients.producer.KafkaProducer              [] - [Producer clientId=producer-11] Closing the Kafka producer with timeoutMillis = 0 ms.
2026-10-01 03:21:17,134 INFO  org.apache.kafka.clients.producer.KafkaProducer              [] - [Producer clientId=producer-15] Closing the Kafka producer with timeoutMillis = 0 ms.
2026-10-01 03:21:17,135 INFO  org.apache.kafka.clients.producer.KafkaProducer              [] - [Producer clientId=producer-15] Closing the Kafka producer with timeoutMillis = 0 ms.
2026-10-01 03:21:17,135 INFO  org.apache.kafka.clients.producer.KafkaProducer              [] - [Producer clientId=producer-15] Closing the Kafka producer with timeoutMillis = 0 ms.
2026-10-01 03:21:17,135 INFO  org.apache.kafka.clients.producer.KafkaProducer              [] - [Producer clientId=producer-15] Closing the Kafka producer with timeoutMillis = 0 ms.
2026-10-01 03:21:17,135 INFO  org.apache.kafka.clients.producer.KafkaProducer              [] - [Producer clientId=producer-15] Closing the Kafka producer with timeoutMillis = 0 ms.
2026-10-01 03:21:17,135 INFO  org.apache.kafka.clients.producer.KafkaProducer              [] - [Producer clientId=producer-15] Closing the Kafka producer with timeoutMillis = 0 ms.
2026-10-01 03:21:17,135 INFO  org.apache.flink.runtime.taskmanager.Task                    [] - RawCache -> (Sink: Kafka Sink [synergia-m1-out], M2Gate) (8/8)#0 (de631de9e4aa02a25011ef3766605338) switched from CANCELING to CANCELED.
2026-10-01 03:21:17,135 INFO  org.apache.flink.runtime.taskmanager.Task                    [] - Freeing task resources for RawCache -> (Sink: Kafka Sink [synergia-m1-out], M2Gate) (8/8)#0 (de631de9e4aa02a25011ef3766605338).
2026-10-01 03:21:17,136 INFO  org.apache.flink.runtime.taskmanager.Task                    [] - RawCache -> (Sink: Kafka Sink [synergia-m1-out], M2Gate) (5/8)#0 (0621ff6c5f8783dee36e44439b25c2b4) switched from CANCELING to CANCELED.
2026-10-01 03:21:17,136 INFO  org.apache.flink.runtime.taskmanager.Task                    [] - Freeing task resources for RawCache -> (Sink: Kafka Sink [synergia-m1-out], M2Gate) (5/8)#0 (0621ff6c5f8783dee36e44439b25c2b4).
2026-10-01 03:21:17,137 INFO  org.apache.flink.runtime.taskmanager.Task                    [] - Attempting to cancel task Pmcod -> (Sink: Kafka Sink [synergia-scores], Sink: Kafka Sink [synergia-monitoring / M2], M2LateDrops) (1/8)#0 (028c7ee25356d7414d73eaec1ba1b99f).
2026-10-01 03:21:17,137 INFO  org.apache.kafka.clients.producer.KafkaProducer              [] - [Producer clientId=producer-11] Closing the Kafka producer with timeoutMillis = 0 ms.
2026-10-01 03:21:17,137 INFO  org.apache.flink.runtime.taskmanager.Task                    [] - Pmcod -> (Sink: Kafka Sink [synergia-scores], Sink: Kafka Sink [synergia-monitoring / M2], M2LateDrops) (1/8)#0 (028c7ee25356d7414d73eaec1ba1b99f) switched from RUNNING to CANCELING.
2026-10-01 03:21:17,141 INFO  org.apache.flink.runtime.taskmanager.Task                    [] - RawCache -> (Sink: Kafka Sink [synergia-m1-out], M2Gate) (4/8)#0 (3e6cbb0641704ab9abf99932dff6436e) switched from CANCELING to CANCELED.
2026-10-01 03:21:17,141 INFO  org.apache.flink.runtime.taskmanager.Task                    [] - Triggering cancellation of task code Pmcod -> (Sink: Kafka Sink [synergia-scores], Sink: Kafka Sink [synergia-monitoring / M2], M2LateDrops) (1/8)#0 (028c7ee25356d7414d73eaec1ba1b99f).
2026-10-01 03:21:17,141 INFO  org.apache.flink.runtime.taskmanager.Task                    [] - Freeing task resources for RawCache -> (Sink: Kafka Sink [synergia-m1-out], M2Gate) (4/8)#0 (3e6cbb0641704ab9abf99932dff6436e).
2026-10-01 03:21:17,142 INFO  org.apache.kafka.clients.producer.KafkaProducer              [] - [Producer clientId=producer-5] Closing the Kafka producer with timeoutMillis = 0 ms.
2026-10-01 03:21:17,142 INFO  org.apache.kafka.clients.producer.KafkaProducer              [] - [Producer clientId=producer-5] Proceeding to force close the producer since pending requests could not be completed within timeout 0 ms.
2026-10-01 03:21:17,147 INFO  org.apache.flink.runtime.taskmanager.Task                    [] - Attempting to cancel task Pmcod -> (Sink: Kafka Sink [synergia-scores], Sink: Kafka Sink [synergia-monitoring / M2], M2LateDrops) (4/8)#0 (214b962a22c9264f3b3e1cdfe3c6baa8).
2026-10-01 03:21:17,147 INFO  org.apache.flink.runtime.taskmanager.Task                    [] - Pmcod -> (Sink: Kafka Sink [synergia-scores], Sink: Kafka Sink [synergia-monitoring / M2], M2LateDrops) (4/8)#0 (214b962a22c9264f3b3e1cdfe3c6baa8) switched from RUNNING to CANCELING.
2026-10-01 03:21:17,147 INFO  org.apache.flink.runtime.taskmanager.Task                    [] - Triggering cancellation of task code Pmcod -> (Sink: Kafka Sink [synergia-scores], Sink: Kafka Sink [synergia-monitoring / M2], M2LateDrops) (4/8)#0 (214b962a22c9264f3b3e1cdfe3c6baa8).
2026-10-01 03:21:17,148 INFO  org.apache.flink.runtime.taskmanager.Task                    [] - Attempting to cancel task Pmcod -> (Sink: Kafka Sink [synergia-scores], Sink: Kafka Sink [synergia-monitoring / M2], M2LateDrops) (5/8)#0 (2f66613ab63c1c7e17b17e326d95e5d0).
2026-10-01 03:21:17,148 INFO  org.apache.flink.runtime.taskmanager.Task                    [] - Pmcod -> (Sink: Kafka Sink [synergia-scores], Sink: Kafka Sink [synergia-monitoring / M2], M2LateDrops) (5/8)#0 (2f66613ab63c1c7e17b17e326d95e5d0) switched from RUNNING to CANCELING.
2026-10-01 03:21:17,148 INFO  org.apache.flink.runtime.taskmanager.Task                    [] - Triggering cancellation of task code Pmcod -> (Sink: Kafka Sink [synergia-scores], Sink: Kafka Sink [synergia-monitoring / M2], M2LateDrops) (5/8)#0 (2f66613ab63c1c7e17b17e326d95e5d0).
2026-10-01 03:21:17,148 INFO  org.apache.kafka.clients.producer.KafkaProducer              [] - [Producer clientId=producer-13] Closing the Kafka producer with timeoutMillis = 0 ms.
2026-10-01 03:21:17,148 INFO  org.apache.kafka.clients.producer.KafkaProducer              [] - [Producer clientId=producer-13] Proceeding to force close the producer since pending requests could not be completed within timeout 0 ms.
2026-10-01 03:21:17,148 INFO  org.apache.kafka.clients.producer.KafkaProducer              [] - [Producer clientId=producer-14] Closing the Kafka producer with timeoutMillis = 0 ms.
2026-10-01 03:21:17,148 INFO  org.apache.kafka.clients.producer.KafkaProducer              [] - [Producer clientId=producer-14] Proceeding to force close the producer since pending requests could not be completed within timeout 0 ms.
2026-10-01 03:21:17,149 INFO  org.apache.flink.runtime.taskmanager.Task                    [] - Attempting to cancel task Pmcod -> (Sink: Kafka Sink [synergia-scores], Sink: Kafka Sink [synergia-monitoring / M2], M2LateDrops) (8/8)#0 (20e3c219fa267df08853650aa8c57fd8).
2026-10-01 03:21:17,149 INFO  org.apache.flink.runtime.taskmanager.Task                    [] - Pmcod -> (Sink: Kafka Sink [synergia-scores], Sink: Kafka Sink [synergia-monitoring / M2], M2LateDrops) (8/8)#0 (20e3c219fa267df08853650aa8c57fd8) switched from RUNNING to CANCELING.
2026-10-01 03:21:17,149 INFO  org.apache.flink.runtime.taskmanager.Task                    [] - Triggering cancellation of task code Pmcod -> (Sink: Kafka Sink [synergia-scores], Sink: Kafka Sink [synergia-monitoring / M2], M2LateDrops) (8/8)#0 (20e3c219fa267df08853650aa8c57fd8).
2026-10-01 03:21:17,149 INFO  org.apache.kafka.clients.producer.KafkaProducer              [] - [Producer clientId=producer-7] Closing the Kafka producer with timeoutMillis = 0 ms.
2026-10-01 03:21:17,149 INFO  org.apache.kafka.clients.producer.KafkaProducer              [] - [Producer clientId=producer-7] Proceeding to force close the producer since pending requests could not be completed within timeout 0 ms.
2026-10-01 03:21:17,161 INFO  org.apache.flink.runtime.taskmanager.Task                    [] - Attempting to cancel task M3-LSTM-AE -> (Sink: Kafka Sink [synergia-scores / M3], Sink: Kafka Sink [synergia-monitoring / M3]) (1/8)#0 (59a4b51c8dd2cdd5671c71c47cedf5f1).
2026-10-01 03:21:17,169 INFO  org.apache.flink.runtime.taskmanager.Task                    [] - M3-LSTM-AE -> (Sink: Kafka Sink [synergia-scores / M3], Sink: Kafka Sink [synergia-monitoring / M3]) (1/8)#0 (59a4b51c8dd2cdd5671c71c47cedf5f1) switched from RUNNING to CANCELING.
2026-10-01 03:21:17,170 INFO  org.apache.flink.runtime.taskmanager.Task                    [] - Triggering cancellation of task code M3-LSTM-AE -> (Sink: Kafka Sink [synergia-scores / M3], Sink: Kafka Sink [synergia-monitoring / M3]) (1/8)#0 (59a4b51c8dd2cdd5671c71c47cedf5f1).
2026-10-01 03:21:17,167 INFO  org.apache.kafka.clients.producer.KafkaProducer              [] - [Producer clientId=producer-7] Closing the Kafka producer with timeoutMillis = 0 ms.
2026-10-01 03:21:17,166 INFO  org.apache.kafka.clients.producer.KafkaProducer              [] - [Producer clientId=producer-14] Closing the Kafka producer with timeoutMillis = 0 ms.
2026-10-01 03:21:17,165 INFO  org.apache.kafka.clients.producer.KafkaProducer              [] - [Producer clientId=producer-13] Closing the Kafka producer with timeoutMillis = 0 ms.
2026-10-01 03:21:17,164 INFO  org.apache.kafka.clients.producer.KafkaProducer              [] - [Producer clientId=producer-5] Closing the Kafka producer with timeoutMillis = 0 ms.
2026-10-01 03:21:17,170 INFO  org.apache.kafka.clients.producer.KafkaProducer              [] - [Producer clientId=producer-7] Closing the Kafka producer with timeoutMillis = 0 ms.
2026-10-01 03:21:17,170 INFO  org.apache.kafka.clients.producer.KafkaProducer              [] - [Producer clientId=producer-5] Closing the Kafka producer with timeoutMillis = 0 ms.
2026-10-01 03:21:17,170 INFO  org.apache.kafka.clients.producer.KafkaProducer              [] - [Producer clientId=producer-5] Closing the Kafka producer with timeoutMillis = 0 ms.
2026-10-01 03:21:17,170 INFO  org.apache.kafka.clients.producer.KafkaProducer              [] - [Producer clientId=producer-7] Closing the Kafka producer with timeoutMillis = 0 ms.
2026-10-01 03:21:17,170 INFO  org.apache.kafka.clients.producer.KafkaProducer              [] - [Producer clientId=producer-13] Closing the Kafka producer with timeoutMillis = 0 ms.
2026-10-01 03:21:17,170 INFO  org.apache.kafka.clients.producer.KafkaProducer              [] - [Producer clientId=producer-14] Closing the Kafka producer with timeoutMillis = 0 ms.
2026-10-01 03:21:17,170 INFO  org.apache.kafka.clients.producer.KafkaProducer              [] - [Producer clientId=producer-5] Closing the Kafka producer with timeoutMillis = 0 ms.
2026-10-01 03:21:17,171 INFO  org.apache.kafka.clients.producer.KafkaProducer              [] - [Producer clientId=producer-7] Closing the Kafka producer with timeoutMillis = 0 ms.
2026-10-01 03:21:17,171 INFO  org.apache.kafka.clients.producer.KafkaProducer              [] - [Producer clientId=producer-7] Closing the Kafka producer with timeoutMillis = 0 ms.
2026-10-01 03:21:17,171 INFO  org.apache.kafka.clients.producer.KafkaProducer              [] - [Producer clientId=producer-7] Closing the Kafka producer with timeoutMillis = 0 ms.
2026-10-01 03:21:17,171 INFO  org.apache.kafka.clients.producer.KafkaProducer              [] - [Producer clientId=producer-14] Closing the Kafka producer with timeoutMillis = 0 ms.
2026-10-01 03:21:17,171 INFO  org.apache.kafka.clients.producer.KafkaProducer              [] - [Producer clientId=producer-14] Closing the Kafka producer with timeoutMillis = 0 ms.
2026-10-01 03:21:17,171 INFO  org.apache.kafka.clients.producer.KafkaProducer              [] - [Producer clientId=producer-14] Closing the Kafka producer with timeoutMillis = 0 ms.
2026-10-01 03:21:17,171 INFO  org.apache.kafka.clients.producer.KafkaProducer              [] - [Producer clientId=producer-14] Closing the Kafka producer with timeoutMillis = 0 ms.
2026-10-01 03:21:17,171 INFO  org.apache.kafka.clients.producer.KafkaProducer              [] - [Producer clientId=producer-18] Closing the Kafka producer with timeoutMillis = 0 ms.
2026-10-01 03:21:17,171 INFO  org.apache.kafka.clients.producer.KafkaProducer              [] - [Producer clientId=producer-18] Proceeding to force close the producer since pending requests could not be completed within timeout 0 ms.
2026-10-01 03:21:17,171 INFO  org.apache.kafka.clients.producer.KafkaProducer              [] - [Producer clientId=producer-13] Closing the Kafka producer with timeoutMillis = 0 ms.
2026-10-01 03:21:17,172 INFO  org.apache.kafka.clients.producer.KafkaProducer              [] - [Producer clientId=producer-13] Closing the Kafka producer with timeoutMillis = 0 ms.
2026-10-01 03:21:17,172 INFO  org.apache.kafka.clients.producer.KafkaProducer              [] - [Producer clientId=producer-13] Closing the Kafka producer with timeoutMillis = 0 ms.
2026-10-01 03:21:17,172 INFO  org.apache.kafka.clients.producer.KafkaProducer              [] - [Producer clientId=producer-13] Closing the Kafka producer with timeoutMillis = 0 ms.
2026-10-01 03:21:17,172 INFO  org.apache.kafka.clients.producer.KafkaProducer              [] - [Producer clientId=producer-23] Closing the Kafka producer with timeoutMillis = 0 ms.
2026-10-01 03:21:17,172 INFO  org.apache.kafka.clients.producer.KafkaProducer              [] - [Producer clientId=producer-17] Closing the Kafka producer with timeoutMillis = 0 ms.
2026-10-01 03:21:17,172 INFO  org.apache.kafka.clients.producer.KafkaProducer              [] - [Producer clientId=producer-23] Proceeding to force close the producer since pending requests could not be completed within timeout 0 ms.
2026-10-01 03:21:17,171 INFO  org.apache.kafka.clients.producer.KafkaProducer              [] - [Producer clientId=producer-5] Closing the Kafka producer with timeoutMillis = 0 ms.
2026-10-01 03:21:17,172 INFO  org.apache.kafka.clients.producer.KafkaProducer              [] - [Producer clientId=producer-5] Closing the Kafka producer with timeoutMillis = 0 ms.
2026-10-01 03:21:17,172 INFO  org.apache.kafka.clients.producer.KafkaProducer              [] - [Producer clientId=producer-17] Proceeding to force close the producer since pending requests could not be completed within timeout 0 ms.
2026-10-01 03:21:17,172 INFO  org.apache.kafka.clients.producer.KafkaProducer              [] - [Producer clientId=producer-22] Closing the Kafka producer with timeoutMillis = 0 ms.
2026-10-01 03:21:17,172 INFO  org.apache.kafka.clients.producer.KafkaProducer              [] - [Producer clientId=producer-22] Proceeding to force close the producer since pending requests could not be completed within timeout 0 ms.
2026-10-01 03:21:17,173 INFO  org.apache.flink.runtime.taskexecutor.TaskExecutor           [] - Un-registering task and sending final execution state CANCELED to JobManager for task RoundAssembler -> AlignEventTime (4/8)#0 8ba6cc26c4cd8fa538c5700e5af5a791.
2026-10-01 03:21:17,181 INFO  org.apache.kafka.clients.producer.KafkaProducer              [] - [Producer clientId=producer-23] Closing the Kafka producer with timeoutMillis = 0 ms.
2026-10-01 03:21:17,180 INFO  org.apache.kafka.clients.producer.KafkaProducer              [] - [Producer clientId=producer-22] Closing the Kafka producer with timeoutMillis = 0 ms.
2026-10-01 03:21:17,178 INFO  org.apache.kafka.clients.producer.KafkaProducer              [] - [Producer clientId=producer-18] Closing the Kafka producer with timeoutMillis = 0 ms.
2026-10-01 03:21:17,174 INFO  org.apache.kafka.clients.producer.KafkaProducer              [] - [Producer clientId=producer-2] Closing the Kafka producer with timeoutMillis = 0 ms.
2026-10-01 03:21:17,189 INFO  org.apache.kafka.clients.producer.KafkaProducer              [] - [Producer clientId=producer-17] Closing the Kafka producer with timeoutMillis = 0 ms.
2026-10-01 03:21:17,189 INFO  org.apache.kafka.clients.producer.KafkaProducer              [] - [Producer clientId=producer-2] Proceeding to force close the producer since pending requests could not be completed within timeout 0 ms.
2026-10-01 03:21:17,189 INFO  org.apache.kafka.clients.producer.KafkaProducer              [] - [Producer clientId=producer-17] Closing the Kafka producer with timeoutMillis = 0 ms.
2026-10-01 03:21:17,189 INFO  org.apache.kafka.clients.producer.KafkaProducer              [] - [Producer clientId=producer-17] Closing the Kafka producer with timeoutMillis = 0 ms.
2026-10-01 03:21:17,189 INFO  org.apache.kafka.clients.producer.KafkaProducer              [] - [Producer clientId=producer-17] Closing the Kafka producer with timeoutMillis = 0 ms.
2026-10-01 03:21:17,189 INFO  org.apache.kafka.clients.producer.KafkaProducer              [] - [Producer clientId=producer-17] Closing the Kafka producer with timeoutMillis = 0 ms.
2026-10-01 03:21:17,189 INFO  org.apache.kafka.clients.producer.KafkaProducer              [] - [Producer clientId=producer-17] Closing the Kafka producer with timeoutMillis = 0 ms.
2026-10-01 03:21:17,189 INFO  org.apache.kafka.clients.producer.KafkaProducer              [] - [Producer clientId=producer-23] Closing the Kafka producer with timeoutMillis = 0 ms.
2026-10-01 03:21:17,189 INFO  org.apache.kafka.clients.producer.KafkaProducer              [] - [Producer clientId=producer-23] Closing the Kafka producer with timeoutMillis = 0 ms.
2026-10-01 03:21:17,189 INFO  org.apache.kafka.clients.producer.KafkaProducer              [] - [Producer clientId=producer-22] Closing the Kafka producer with timeoutMillis = 0 ms.
2026-10-01 03:21:17,193 INFO  org.apache.kafka.clients.producer.KafkaProducer              [] - [Producer clientId=producer-22] Closing the Kafka producer with timeoutMillis = 0 ms.
2026-10-01 03:21:17,194 INFO  org.apache.kafka.clients.producer.KafkaProducer              [] - [Producer clientId=producer-22] Closing the Kafka producer with timeoutMillis = 0 ms.
2026-10-01 03:21:17,189 INFO  org.apache.kafka.clients.producer.KafkaProducer              [] - [Producer clientId=producer-18] Closing the Kafka producer with timeoutMillis = 0 ms.
2026-10-01 03:21:17,194 INFO  org.apache.kafka.clients.producer.KafkaProducer              [] - [Producer clientId=producer-22] Closing the Kafka producer with timeoutMillis = 0 ms.
2026-10-01 03:21:17,193 INFO  org.apache.flink.runtime.taskmanager.Task                    [] - Pmcod -> (Sink: Kafka Sink [synergia-scores], Sink: Kafka Sink [synergia-monitoring / M2], M2LateDrops) (8/8)#0 (20e3c219fa267df08853650aa8c57fd8) switched from CANCELING to CANCELED.
2026-10-01 03:21:17,193 INFO  org.apache.kafka.clients.producer.KafkaProducer              [] - [Producer clientId=producer-23] Closing the Kafka producer with timeoutMillis = 0 ms.
2026-10-01 03:21:17,194 INFO  org.apache.flink.runtime.taskmanager.Task                    [] - Freeing task resources for Pmcod -> (Sink: Kafka Sink [synergia-scores], Sink: Kafka Sink [synergia-monitoring / M2], M2LateDrops) (8/8)#0 (20e3c219fa267df08853650aa8c57fd8).
2026-10-01 03:21:17,194 INFO  org.apache.kafka.clients.producer.KafkaProducer              [] - [Producer clientId=producer-23] Closing the Kafka producer with timeoutMillis = 0 ms.
2026-10-01 03:21:17,194 INFO  org.apache.kafka.clients.producer.KafkaProducer              [] - [Producer clientId=producer-23] Closing the Kafka producer with timeoutMillis = 0 ms.
2026-10-01 03:21:17,195 INFO  org.apache.flink.runtime.taskmanager.Task                    [] - Pmcod -> (Sink: Kafka Sink [synergia-scores], Sink: Kafka Sink [synergia-monitoring / M2], M2LateDrops) (4/8)#0 (214b962a22c9264f3b3e1cdfe3c6baa8) switched from CANCELING to CANCELED.
2026-10-01 03:21:17,195 INFO  org.apache.flink.runtime.taskmanager.Task                    [] - Freeing task resources for Pmcod -> (Sink: Kafka Sink [synergia-scores], Sink: Kafka Sink [synergia-monitoring / M2], M2LateDrops) (4/8)#0 (214b962a22c9264f3b3e1cdfe3c6baa8).
2026-10-01 03:21:17,189 INFO  org.apache.flink.runtime.taskmanager.Task                    [] - Attempting to cancel task M3-LSTM-AE -> (Sink: Kafka Sink [synergia-scores / M3], Sink: Kafka Sink [synergia-monitoring / M3]) (4/8)#0 (80117f4fc7113ff7de217bd4885a611f).
2026-10-01 03:21:17,197 INFO  org.apache.flink.runtime.taskmanager.Task                    [] - M3-LSTM-AE -> (Sink: Kafka Sink [synergia-scores / M3], Sink: Kafka Sink [synergia-monitoring / M3]) (4/8)#0 (80117f4fc7113ff7de217bd4885a611f) switched from RUNNING to CANCELING.
2026-10-01 03:21:17,197 INFO  org.apache.flink.runtime.taskmanager.Task                    [] - Triggering cancellation of task code M3-LSTM-AE -> (Sink: Kafka Sink [synergia-scores / M3], Sink: Kafka Sink [synergia-monitoring / M3]) (4/8)#0 (80117f4fc7113ff7de217bd4885a611f).
2026-10-01 03:21:17,198 INFO  org.apache.kafka.clients.producer.KafkaProducer              [] - [Producer clientId=producer-6] Closing the Kafka producer with timeoutMillis = 0 ms.
2026-10-01 03:21:17,198 INFO  org.apache.kafka.clients.producer.KafkaProducer              [] - [Producer clientId=producer-6] Proceeding to force close the producer since pending requests could not be completed within timeout 0 ms.
2026-10-01 03:21:17,194 INFO  org.apache.kafka.clients.producer.KafkaProducer              [] - [Producer clientId=producer-22] Closing the Kafka producer with timeoutMillis = 0 ms.
2026-10-01 03:21:17,194 INFO  org.apache.kafka.clients.producer.KafkaProducer              [] - [Producer clientId=producer-18] Closing the Kafka producer with timeoutMillis = 0 ms.
2026-10-01 03:21:17,194 INFO  org.apache.kafka.clients.producer.KafkaProducer              [] - [Producer clientId=producer-2] Closing the Kafka producer with timeoutMillis = 0 ms.
2026-10-01 03:21:17,199 INFO  org.apache.flink.runtime.taskmanager.Task                    [] - Attempting to cancel task M3-LSTM-AE -> (Sink: Kafka Sink [synergia-scores / M3], Sink: Kafka Sink [synergia-monitoring / M3]) (5/8)#0 (f8617c6b42fd77c9d3527e8c8c7294ea).
2026-10-01 03:21:17,199 INFO  org.apache.kafka.clients.producer.KafkaProducer              [] - [Producer clientId=producer-2] Closing the Kafka producer with timeoutMillis = 0 ms.
2026-10-01 03:21:17,199 INFO  org.apache.flink.runtime.taskmanager.Task                    [] - M3-LSTM-AE -> (Sink: Kafka Sink [synergia-scores / M3], Sink: Kafka Sink [synergia-monitoring / M3]) (5/8)#0 (f8617c6b42fd77c9d3527e8c8c7294ea) switched from RUNNING to CANCELING.
2026-10-01 03:21:17,199 INFO  org.apache.flink.runtime.taskmanager.Task                    [] - Triggering cancellation of task code M3-LSTM-AE -> (Sink: Kafka Sink [synergia-scores / M3], Sink: Kafka Sink [synergia-monitoring / M3]) (5/8)#0 (f8617c6b42fd77c9d3527e8c8c7294ea).
2026-10-01 03:21:17,199 INFO  org.apache.kafka.clients.producer.KafkaProducer              [] - [Producer clientId=producer-18] Closing the Kafka producer with timeoutMillis = 0 ms.
2026-10-01 03:21:17,199 INFO  org.apache.kafka.clients.producer.KafkaProducer              [] - [Producer clientId=producer-18] Closing the Kafka producer with timeoutMillis = 0 ms.
2026-10-01 03:21:17,200 INFO  org.apache.kafka.clients.producer.KafkaProducer              [] - [Producer clientId=producer-18] Closing the Kafka producer with timeoutMillis = 0 ms.
2026-10-01 03:21:17,200 INFO  org.apache.flink.runtime.taskmanager.Task                    [] - Pmcod -> (Sink: Kafka Sink [synergia-scores], Sink: Kafka Sink [synergia-monitoring / M2], M2LateDrops) (1/8)#0 (028c7ee25356d7414d73eaec1ba1b99f) switched from CANCELING to CANCELED.
2026-10-01 03:21:17,200 INFO  org.apache.flink.runtime.taskmanager.Task                    [] - Freeing task resources for Pmcod -> (Sink: Kafka Sink [synergia-scores], Sink: Kafka Sink [synergia-monitoring / M2], M2LateDrops) (1/8)#0 (028c7ee25356d7414d73eaec1ba1b99f).
2026-10-01 03:21:17,200 INFO  org.apache.kafka.clients.producer.KafkaProducer              [] - [Producer clientId=producer-2] Closing the Kafka producer with timeoutMillis = 0 ms.
2026-10-01 03:21:17,200 INFO  org.apache.flink.runtime.taskmanager.Task                    [] - Pmcod -> (Sink: Kafka Sink [synergia-scores], Sink: Kafka Sink [synergia-monitoring / M2], M2LateDrops) (5/8)#0 (2f66613ab63c1c7e17b17e326d95e5d0) switched from CANCELING to CANCELED.
2026-10-01 03:21:17,200 INFO  org.apache.flink.runtime.taskmanager.Task                    [] - Freeing task resources for Pmcod -> (Sink: Kafka Sink [synergia-scores], Sink: Kafka Sink [synergia-monitoring / M2], M2LateDrops) (5/8)#0 (2f66613ab63c1c7e17b17e326d95e5d0).
2026-10-01 03:21:17,200 INFO  org.apache.kafka.clients.producer.KafkaProducer              [] - [Producer clientId=producer-9] Closing the Kafka producer with timeoutMillis = 0 ms.
2026-10-01 03:21:17,200 INFO  org.apache.kafka.clients.producer.KafkaProducer              [] - [Producer clientId=producer-6] Closing the Kafka producer with timeoutMillis = 0 ms.
2026-10-01 03:21:17,200 INFO  org.apache.kafka.clients.producer.KafkaProducer              [] - [Producer clientId=producer-2] Closing the Kafka producer with timeoutMillis = 0 ms.
2026-10-01 03:21:17,200 INFO  org.apache.kafka.clients.producer.KafkaProducer              [] - [Producer clientId=producer-9] Proceeding to force close the producer since pending requests could not be completed within timeout 0 ms.
2026-10-01 03:21:17,201 INFO  org.apache.kafka.clients.producer.KafkaProducer              [] - [Producer clientId=producer-6] Closing the Kafka producer with timeoutMillis = 0 ms.
2026-10-01 03:21:17,201 INFO  org.apache.kafka.clients.producer.KafkaProducer              [] - [Producer clientId=producer-2] Closing the Kafka producer with timeoutMillis = 0 ms.
2026-10-01 03:21:17,201 INFO  org.apache.kafka.clients.producer.KafkaProducer              [] - [Producer clientId=producer-6] Closing the Kafka producer with timeoutMillis = 0 ms.
2026-10-01 03:21:17,201 INFO  org.apache.kafka.clients.producer.KafkaProducer              [] - [Producer clientId=producer-19] Closing the Kafka producer with timeoutMillis = 0 ms.
2026-10-01 03:21:17,201 INFO  org.apache.kafka.clients.producer.KafkaProducer              [] - [Producer clientId=producer-6] Closing the Kafka producer with timeoutMillis = 0 ms.
2026-10-01 03:21:17,201 INFO  org.apache.kafka.clients.producer.KafkaProducer              [] - [Producer clientId=producer-19] Proceeding to force close the producer since pending requests could not be completed within timeout 0 ms.
2026-10-01 03:21:17,202 INFO  org.apache.kafka.clients.producer.KafkaProducer              [] - [Producer clientId=producer-6] Closing the Kafka producer with timeoutMillis = 0 ms.
2026-10-01 03:21:17,202 INFO  org.apache.kafka.clients.producer.KafkaProducer              [] - [Producer clientId=producer-24] Closing the Kafka producer with timeoutMillis = 0 ms.
2026-10-01 03:21:17,202 INFO  org.apache.kafka.clients.producer.KafkaProducer              [] - [Producer clientId=producer-24] Proceeding to force close the producer since pending requests could not be completed within timeout 0 ms.
2026-10-01 03:21:17,207 INFO  org.apache.flink.runtime.taskexecutor.TaskExecutor           [] - Un-registering task and sending final execution state CANCELED to JobManager for task RoundAssembler -> AlignEventTime (5/8)#0 8b107b4acf8c1a81edd5d60baadd5357.
2026-10-01 03:21:17,208 INFO  org.apache.flink.runtime.taskmanager.Task                    [] - Attempting to cancel task M3-LSTM-AE -> (Sink: Kafka Sink [synergia-scores / M3], Sink: Kafka Sink [synergia-monitoring / M3]) (8/8)#0 (ae713aa0a3472115b3f15699b0c36518).
2026-10-01 03:21:17,208 INFO  org.apache.flink.runtime.taskmanager.Task                    [] - M3-LSTM-AE -> (Sink: Kafka Sink [synergia-scores / M3], Sink: Kafka Sink [synergia-monitoring / M3]) (8/8)#0 (ae713aa0a3472115b3f15699b0c36518) switched from RUNNING to CANCELING.
2026-10-01 03:21:17,208 INFO  org.apache.flink.runtime.taskmanager.Task                    [] - Triggering cancellation of task code M3-LSTM-AE -> (Sink: Kafka Sink [synergia-scores / M3], Sink: Kafka Sink [synergia-monitoring / M3]) (8/8)#0 (ae713aa0a3472115b3f15699b0c36518).
2026-10-01 03:21:17,209 INFO  org.apache.kafka.clients.producer.KafkaProducer              [] - [Producer clientId=producer-9] Closing the Kafka producer with timeoutMillis = 0 ms.
2026-10-01 03:21:17,209 INFO  org.apache.kafka.clients.producer.KafkaProducer              [] - [Producer clientId=producer-9] Closing the Kafka producer with timeoutMillis = 0 ms.
2026-10-01 03:21:17,209 INFO  org.apache.kafka.clients.producer.KafkaProducer              [] - [Producer clientId=producer-9] Closing the Kafka producer with timeoutMillis = 0 ms.
2026-10-01 03:21:17,209 INFO  org.apache.kafka.clients.producer.KafkaProducer              [] - [Producer clientId=producer-9] Closing the Kafka producer with timeoutMillis = 0 ms.
2026-10-01 03:21:17,209 INFO  org.apache.kafka.clients.producer.KafkaProducer              [] - [Producer clientId=producer-9] Closing the Kafka producer with timeoutMillis = 0 ms.
2026-10-01 03:21:17,209 INFO  org.apache.kafka.clients.producer.KafkaProducer              [] - [Producer clientId=producer-21] Closing the Kafka producer with timeoutMillis = 0 ms.
2026-10-01 03:21:17,209 INFO  org.apache.kafka.clients.producer.KafkaProducer              [] - [Producer clientId=producer-21] Proceeding to force close the producer since pending requests could not be completed within timeout 0 ms.
2026-10-01 03:21:17,210 INFO  org.apache.kafka.clients.producer.KafkaProducer              [] - [Producer clientId=producer-12] Closing the Kafka producer with timeoutMillis = 0 ms.
2026-10-01 03:21:17,210 INFO  org.apache.kafka.clients.producer.KafkaProducer              [] - [Producer clientId=producer-12] Proceeding to force close the producer since pending requests could not be completed within timeout 0 ms.
2026-10-01 03:21:17,212 INFO  org.apache.kafka.clients.producer.KafkaProducer              [] - [Producer clientId=producer-19] Closing the Kafka producer with timeoutMillis = 0 ms.
2026-10-01 03:21:17,212 INFO  org.apache.kafka.clients.producer.KafkaProducer              [] - [Producer clientId=producer-24] Closing the Kafka producer with timeoutMillis = 0 ms.
2026-10-01 03:21:17,212 INFO  org.apache.kafka.clients.producer.KafkaProducer              [] - [Producer clientId=producer-19] Closing the Kafka producer with timeoutMillis = 0 ms.
2026-10-01 03:21:17,212 INFO  org.apache.kafka.clients.producer.KafkaProducer              [] - [Producer clientId=producer-24] Closing the Kafka producer with timeoutMillis = 0 ms.
2026-10-01 03:21:17,212 INFO  org.apache.kafka.clients.producer.KafkaProducer              [] - [Producer clientId=producer-24] Closing the Kafka producer with timeoutMillis = 0 ms.
2026-10-01 03:21:17,212 INFO  org.apache.kafka.clients.producer.KafkaProducer              [] - [Producer clientId=producer-19] Closing the Kafka producer with timeoutMillis = 0 ms.
2026-10-01 03:21:17,212 INFO  org.apache.kafka.clients.producer.KafkaProducer              [] - [Producer clientId=producer-24] Closing the Kafka producer with timeoutMillis = 0 ms.
2026-10-01 03:21:17,212 INFO  org.apache.kafka.clients.producer.KafkaProducer              [] - [Producer clientId=producer-24] Closing the Kafka producer with timeoutMillis = 0 ms.
2026-10-01 03:21:17,212 INFO  org.apache.flink.runtime.taskmanager.Task                    [] - M3-LSTM-AE -> (Sink: Kafka Sink [synergia-scores / M3], Sink: Kafka Sink [synergia-monitoring / M3]) (4/8)#0 (80117f4fc7113ff7de217bd4885a611f) switched from CANCELING to CANCELED.
2026-10-01 03:21:17,213 INFO  org.apache.flink.runtime.taskmanager.Task                    [] - Freeing task resources for M3-LSTM-AE -> (Sink: Kafka Sink [synergia-scores / M3], Sink: Kafka Sink [synergia-monitoring / M3]) (4/8)#0 (80117f4fc7113ff7de217bd4885a611f).
2026-10-01 03:21:17,213 INFO  org.apache.kafka.clients.producer.KafkaProducer              [] - [Producer clientId=producer-19] Closing the Kafka producer with timeoutMillis = 0 ms.
2026-10-01 03:21:17,213 INFO  org.apache.kafka.clients.producer.KafkaProducer              [] - [Producer clientId=producer-19] Closing the Kafka producer with timeoutMillis = 0 ms.
2026-10-01 03:21:17,213 INFO  org.apache.flink.runtime.taskmanager.Task                    [] - M3-LSTM-AE -> (Sink: Kafka Sink [synergia-scores / M3], Sink: Kafka Sink [synergia-monitoring / M3]) (1/8)#0 (59a4b51c8dd2cdd5671c71c47cedf5f1) switched from CANCELING to CANCELED.
2026-10-01 03:21:17,213 INFO  org.apache.flink.runtime.taskmanager.Task                    [] - Freeing task resources for M3-LSTM-AE -> (Sink: Kafka Sink [synergia-scores / M3], Sink: Kafka Sink [synergia-monitoring / M3]) (1/8)#0 (59a4b51c8dd2cdd5671c71c47cedf5f1).
2026-10-01 03:21:17,218 INFO  org.apache.flink.runtime.taskmanager.Task                    [] - Attempting to cancel task MonitoringAggregator -> Sink: Kafka Sink [synergia-monitoring / M1] (1/8)#0 (38fefc4c46cec919c23572bbf400f9e5).
2026-10-01 03:21:17,218 INFO  org.apache.flink.runtime.taskmanager.Task                    [] - MonitoringAggregator -> Sink: Kafka Sink [synergia-monitoring / M1] (1/8)#0 (38fefc4c46cec919c23572bbf400f9e5) switched from RUNNING to CANCELING.
2026-10-01 03:21:17,218 INFO  org.apache.flink.runtime.taskmanager.Task                    [] - Triggering cancellation of task code MonitoringAggregator -> Sink: Kafka Sink [synergia-monitoring / M1] (1/8)#0 (38fefc4c46cec919c23572bbf400f9e5).
2026-10-01 03:21:17,223 INFO  org.apache.kafka.clients.producer.KafkaProducer              [] - [Producer clientId=producer-10] Closing the Kafka producer with timeoutMillis = 0 ms.
2026-10-01 03:21:17,223 INFO  org.apache.kafka.clients.producer.KafkaProducer              [] - [Producer clientId=producer-10] Proceeding to force close the producer since pending requests could not be completed within timeout 0 ms.
2026-10-01 03:21:17,226 INFO  org.apache.flink.runtime.taskexecutor.TaskExecutor           [] - Un-registering task and sending final execution state CANCELED to JobManager for task RoundAssembler -> AlignEventTime (8/8)#0 7f2d07ee1e32fd69d4489b20cb71e0bc.
2026-10-01 03:21:17,226 INFO  org.apache.flink.runtime.taskexecutor.TaskExecutor           [] - Un-registering task and sending final execution state CANCELED to JobManager for task RobustScaler (1/8)#0 67e0f0a8278630066d5a55fdf02242c1.
2026-10-01 03:21:17,226 INFO  org.apache.flink.runtime.taskmanager.Task                    [] - Attempting to cancel task MonitoringAggregator -> Sink: Kafka Sink [synergia-monitoring / M1] (4/8)#0 (6c184021d390643af357fbf7b9216a9c).
2026-10-01 03:21:17,226 INFO  org.apache.flink.runtime.taskmanager.Task                    [] - MonitoringAggregator -> Sink: Kafka Sink [synergia-monitoring / M1] (4/8)#0 (6c184021d390643af357fbf7b9216a9c) switched from RUNNING to CANCELING.
2026-10-01 03:21:17,226 INFO  org.apache.flink.runtime.taskmanager.Task                    [] - Triggering cancellation of task code MonitoringAggregator -> Sink: Kafka Sink [synergia-monitoring / M1] (4/8)#0 (6c184021d390643af357fbf7b9216a9c).
2026-10-01 03:21:17,227 INFO  org.apache.kafka.clients.producer.KafkaProducer              [] - [Producer clientId=producer-4] Closing the Kafka producer with timeoutMillis = 0 ms.
2026-10-01 03:21:17,227 INFO  org.apache.kafka.clients.producer.KafkaProducer              [] - [Producer clientId=producer-4] Proceeding to force close the producer since pending requests could not be completed within timeout 0 ms.
2026-10-01 03:21:17,227 INFO  org.apache.flink.runtime.taskmanager.Task                    [] - Attempting to cancel task MonitoringAggregator -> Sink: Kafka Sink [synergia-monitoring / M1] (5/8)#0 (9abf0d2303d6a2c8221b01bc1bc6784a).
2026-10-01 03:21:17,227 INFO  org.apache.flink.runtime.taskmanager.Task                    [] - MonitoringAggregator -> Sink: Kafka Sink [synergia-monitoring / M1] (5/8)#0 (9abf0d2303d6a2c8221b01bc1bc6784a) switched from RUNNING to CANCELING.
2026-10-01 03:21:17,228 INFO  org.apache.flink.runtime.taskmanager.Task                    [] - Triggering cancellation of task code MonitoringAggregator -> Sink: Kafka Sink [synergia-monitoring / M1] (5/8)#0 (9abf0d2303d6a2c8221b01bc1bc6784a).
2026-10-01 03:21:17,228 INFO  org.apache.kafka.clients.producer.KafkaProducer              [] - [Producer clientId=producer-1] Closing the Kafka producer with timeoutMillis = 0 ms.
2026-10-01 03:21:17,228 INFO  org.apache.kafka.clients.producer.KafkaProducer              [] - [Producer clientId=producer-1] Proceeding to force close the producer since pending requests could not be completed within timeout 0 ms.
2026-10-01 03:21:17,228 INFO  org.apache.flink.runtime.taskmanager.Task                    [] - Attempting to cancel task MonitoringAggregator -> Sink: Kafka Sink [synergia-monitoring / M1] (8/8)#0 (028b0b27147fea98f45d53cb9cdeb8c2).
2026-10-01 03:21:17,229 INFO  org.apache.flink.runtime.taskmanager.Task                    [] - MonitoringAggregator -> Sink: Kafka Sink [synergia-monitoring / M1] (8/8)#0 (028b0b27147fea98f45d53cb9cdeb8c2) switched from RUNNING to CANCELING.
2026-10-01 03:21:17,229 INFO  org.apache.flink.runtime.taskmanager.Task                    [] - Triggering cancellation of task code MonitoringAggregator -> Sink: Kafka Sink [synergia-monitoring / M1] (8/8)#0 (028b0b27147fea98f45d53cb9cdeb8c2).
2026-10-01 03:21:17,232 INFO  org.apache.kafka.clients.producer.KafkaProducer              [] - [Producer clientId=producer-1] Closing the Kafka producer with timeoutMillis = 0 ms.
2026-10-01 03:21:17,232 INFO  org.apache.kafka.clients.producer.KafkaProducer              [] - [Producer clientId=producer-1] Closing the Kafka producer with timeoutMillis = 0 ms.
2026-10-01 03:21:17,232 INFO  org.apache.kafka.clients.producer.KafkaProducer              [] - [Producer clientId=producer-1] Closing the Kafka producer with timeoutMillis = 0 ms.
2026-10-01 03:21:17,232 INFO  org.apache.kafka.clients.producer.KafkaProducer              [] - [Producer clientId=producer-1] Closing the Kafka producer with timeoutMillis = 0 ms.
2026-10-01 03:21:17,232 INFO  org.apache.kafka.clients.producer.KafkaProducer              [] - [Producer clientId=producer-1] Closing the Kafka producer with timeoutMillis = 0 ms.
2026-10-01 03:21:17,232 INFO  org.apache.kafka.clients.producer.KafkaProducer              [] - [Producer clientId=producer-1] Closing the Kafka producer with timeoutMillis = 0 ms.
2026-10-01 03:21:17,232 INFO  org.apache.flink.runtime.taskmanager.Task                    [] - MonitoringAggregator -> Sink: Kafka Sink [synergia-monitoring / M1] (5/8)#0 (9abf0d2303d6a2c8221b01bc1bc6784a) switched from CANCELING to CANCELED.
2026-10-01 03:21:17,232 INFO  org.apache.flink.runtime.taskmanager.Task                    [] - Freeing task resources for MonitoringAggregator -> Sink: Kafka Sink [synergia-monitoring / M1] (5/8)#0 (9abf0d2303d6a2c8221b01bc1bc6784a).
2026-10-01 03:21:17,232 INFO  org.apache.kafka.clients.producer.KafkaProducer              [] - [Producer clientId=producer-12] Closing the Kafka producer with timeoutMillis = 0 ms.
2026-10-01 03:21:17,233 INFO  org.apache.kafka.clients.producer.KafkaProducer              [] - [Producer clientId=producer-12] Closing the Kafka producer with timeoutMillis = 0 ms.
2026-10-01 03:21:17,233 INFO  org.apache.kafka.clients.producer.KafkaProducer              [] - [Producer clientId=producer-12] Closing the Kafka producer with timeoutMillis = 0 ms.
2026-10-01 03:21:17,233 INFO  org.apache.kafka.clients.producer.KafkaProducer              [] - [Producer clientId=producer-4] Closing the Kafka producer with timeoutMillis = 0 ms.
2026-10-01 03:21:17,233 INFO  org.apache.kafka.clients.producer.KafkaProducer              [] - [Producer clientId=producer-4] Closing the Kafka producer with timeoutMillis = 0 ms.
2026-10-01 03:21:17,234 INFO  org.apache.kafka.clients.producer.KafkaProducer              [] - [Producer clientId=producer-4] Closing the Kafka producer with timeoutMillis = 0 ms.
2026-10-01 03:21:17,234 INFO  org.apache.kafka.clients.producer.KafkaProducer              [] - [Producer clientId=producer-4] Closing the Kafka producer with timeoutMillis = 0 ms.
2026-10-01 03:21:17,234 INFO  org.apache.kafka.clients.producer.KafkaProducer              [] - [Producer clientId=producer-4] Closing the Kafka producer with timeoutMillis = 0 ms.
2026-10-01 03:21:17,234 INFO  org.apache.kafka.clients.producer.KafkaProducer              [] - [Producer clientId=producer-4] Closing the Kafka producer with timeoutMillis = 0 ms.
2026-10-01 03:21:17,234 INFO  org.apache.flink.runtime.taskmanager.Task                    [] - MonitoringAggregator -> Sink: Kafka Sink [synergia-monitoring / M1] (4/8)#0 (6c184021d390643af357fbf7b9216a9c) switched from CANCELING to CANCELED.
2026-10-01 03:21:17,234 INFO  org.apache.flink.runtime.taskmanager.Task                    [] - Freeing task resources for MonitoringAggregator -> Sink: Kafka Sink [synergia-monitoring / M1] (4/8)#0 (6c184021d390643af357fbf7b9216a9c).
2026-10-01 03:21:17,235 INFO  org.apache.kafka.clients.producer.KafkaProducer              [] - [Producer clientId=producer-10] Closing the Kafka producer with timeoutMillis = 0 ms.
2026-10-01 03:21:17,235 INFO  org.apache.kafka.clients.producer.KafkaProducer              [] - [Producer clientId=producer-10] Closing the Kafka producer with timeoutMillis = 0 ms.
2026-10-01 03:21:17,235 INFO  org.apache.kafka.clients.producer.KafkaProducer              [] - [Producer clientId=producer-10] Closing the Kafka producer with timeoutMillis = 0 ms.
2026-10-01 03:21:17,235 INFO  org.apache.kafka.clients.producer.KafkaProducer              [] - [Producer clientId=producer-10] Closing the Kafka producer with timeoutMillis = 0 ms.
2026-10-01 03:21:17,235 INFO  org.apache.kafka.clients.producer.KafkaProducer              [] - [Producer clientId=producer-10] Closing the Kafka producer with timeoutMillis = 0 ms.
2026-10-01 03:21:17,235 INFO  org.apache.kafka.clients.producer.KafkaProducer              [] - [Producer clientId=producer-10] Closing the Kafka producer with timeoutMillis = 0 ms.
2026-10-01 03:21:17,235 INFO  org.apache.flink.runtime.taskmanager.Task                    [] - MonitoringAggregator -> Sink: Kafka Sink [synergia-monitoring / M1] (1/8)#0 (38fefc4c46cec919c23572bbf400f9e5) switched from CANCELING to CANCELED.
2026-10-01 03:21:17,235 INFO  org.apache.flink.runtime.taskmanager.Task                    [] - Freeing task resources for MonitoringAggregator -> Sink: Kafka Sink [synergia-monitoring / M1] (1/8)#0 (38fefc4c46cec919c23572bbf400f9e5).
2026-10-01 03:21:17,235 INFO  org.apache.kafka.clients.producer.KafkaProducer              [] - [Producer clientId=producer-12] Closing the Kafka producer with timeoutMillis = 0 ms.
2026-10-01 03:21:17,235 INFO  org.apache.kafka.clients.producer.KafkaProducer              [] - [Producer clientId=producer-12] Closing the Kafka producer with timeoutMillis = 0 ms.
2026-10-01 03:21:17,236 INFO  org.apache.kafka.clients.producer.KafkaProducer              [] - [Producer clientId=producer-20] Closing the Kafka producer with timeoutMillis = 0 ms.
2026-10-01 03:21:17,236 INFO  org.apache.kafka.clients.producer.KafkaProducer              [] - [Producer clientId=producer-20] Proceeding to force close the producer since pending requests could not be completed within timeout 0 ms.
2026-10-01 03:21:17,236 INFO  org.apache.kafka.clients.producer.KafkaProducer              [] - [Producer clientId=producer-21] Closing the Kafka producer with timeoutMillis = 0 ms.
2026-10-01 03:21:17,236 INFO  org.apache.kafka.clients.producer.KafkaProducer              [] - [Producer clientId=producer-21] Closing the Kafka producer with timeoutMillis = 0 ms.
2026-10-01 03:21:17,236 INFO  org.apache.kafka.clients.producer.KafkaProducer              [] - [Producer clientId=producer-21] Closing the Kafka producer with timeoutMillis = 0 ms.
2026-10-01 03:21:17,236 INFO  org.apache.kafka.clients.producer.KafkaProducer              [] - [Producer clientId=producer-21] Closing the Kafka producer with timeoutMillis = 0 ms.
2026-10-01 03:21:17,236 INFO  org.apache.kafka.clients.producer.KafkaProducer              [] - [Producer clientId=producer-21] Closing the Kafka producer with timeoutMillis = 0 ms.
2026-10-01 03:21:17,236 INFO  org.apache.flink.runtime.taskmanager.Task                    [] - M3-LSTM-AE -> (Sink: Kafka Sink [synergia-scores / M3], Sink: Kafka Sink [synergia-monitoring / M3]) (5/8)#0 (f8617c6b42fd77c9d3527e8c8c7294ea) switched from CANCELING to CANCELED.
2026-10-01 03:21:17,236 INFO  org.apache.flink.runtime.taskmanager.Task                    [] - Freeing task resources for M3-LSTM-AE -> (Sink: Kafka Sink [synergia-scores / M3], Sink: Kafka Sink [synergia-monitoring / M3]) (5/8)#0 (f8617c6b42fd77c9d3527e8c8c7294ea).
2026-10-01 03:21:17,237 INFO  org.apache.kafka.clients.producer.KafkaProducer              [] - [Producer clientId=producer-16] Closing the Kafka producer with timeoutMillis = 0 ms.
2026-10-01 03:21:17,238 INFO  org.apache.kafka.clients.producer.KafkaProducer              [] - [Producer clientId=producer-16] Proceeding to force close the producer since pending requests could not be completed within timeout 0 ms.
2026-10-01 03:21:17,238 INFO  org.apache.flink.runtime.taskexecutor.TaskExecutor           [] - Un-registering task and sending final execution state CANCELED to JobManager for task RobustScaler (4/8)#0 f23f183c8645c4aed3e6bee4d5b44ba9.
2026-10-01 03:21:17,238 INFO  org.apache.flink.runtime.taskexecutor.TaskExecutor           [] - Un-registering task and sending final execution state CANCELED to JobManager for task RobustScaler (5/8)#0 78d7ced31065c4e221e3685a3f07474f.
2026-10-01 03:21:17,238 INFO  org.apache.flink.runtime.taskexecutor.TaskExecutor           [] - Un-registering task and sending final execution state CANCELED to JobManager for task RobustScaler (8/8)#0 7878be67b66594a21bef79366533ad71.
2026-10-01 03:21:17,243 INFO  org.apache.kafka.clients.producer.KafkaProducer              [] - [Producer clientId=producer-20] Closing the Kafka producer with timeoutMillis = 0 ms.
2026-10-01 03:21:17,244 INFO  org.apache.kafka.clients.producer.KafkaProducer              [] - [Producer clientId=producer-20] Closing the Kafka producer with timeoutMillis = 0 ms.
2026-10-01 03:21:17,245 INFO  org.apache.kafka.clients.producer.KafkaProducer              [] - [Producer clientId=producer-20] Closing the Kafka producer with timeoutMillis = 0 ms.
2026-10-01 03:21:17,245 INFO  org.apache.kafka.clients.producer.KafkaProducer              [] - [Producer clientId=producer-20] Closing the Kafka producer with timeoutMillis = 0 ms.
2026-10-01 03:21:17,245 INFO  org.apache.kafka.clients.producer.KafkaProducer              [] - [Producer clientId=producer-16] Closing the Kafka producer with timeoutMillis = 0 ms.
2026-10-01 03:21:17,245 INFO  org.apache.kafka.clients.producer.KafkaProducer              [] - [Producer clientId=producer-20] Closing the Kafka producer with timeoutMillis = 0 ms.
2026-10-01 03:21:17,245 INFO  org.apache.kafka.clients.producer.KafkaProducer              [] - [Producer clientId=producer-16] Closing the Kafka producer with timeoutMillis = 0 ms.
2026-10-01 03:21:17,246 INFO  org.apache.flink.runtime.taskmanager.Task                    [] - M3-LSTM-AE -> (Sink: Kafka Sink [synergia-scores / M3], Sink: Kafka Sink [synergia-monitoring / M3]) (8/8)#0 (ae713aa0a3472115b3f15699b0c36518) switched from CANCELING to CANCELED.
2026-10-01 03:21:17,246 INFO  org.apache.kafka.clients.producer.KafkaProducer              [] - [Producer clientId=producer-16] Closing the Kafka producer with timeoutMillis = 0 ms.
2026-10-01 03:21:17,246 INFO  org.apache.flink.runtime.taskexecutor.slot.TaskSlotTableImpl [] - Free slot TaskSlot(index:2, state:ACTIVE, resource profile: ResourceProfile{cpuCores=1.0000000000000000, taskHeapMemory=451.840mb (473788577 bytes), taskOffHeapMemory=192.000mb (201326592 bytes), managedMemory=64.000mb (67108864 bytes), networkMemory=85.760mb (89925878 bytes)}, allocationId: db50299dbf93a788424c49181518575d, jobId: 6905b0331435ca57a7b1b0b7790a30e1).
2026-10-01 03:21:17,246 INFO  org.apache.flink.runtime.taskmanager.Task                    [] - Freeing task resources for M3-LSTM-AE -> (Sink: Kafka Sink [synergia-scores / M3], Sink: Kafka Sink [synergia-monitoring / M3]) (8/8)#0 (ae713aa0a3472115b3f15699b0c36518).
2026-10-01 03:21:17,246 INFO  org.apache.kafka.clients.producer.KafkaProducer              [] - [Producer clientId=producer-16] Closing the Kafka producer with timeoutMillis = 0 ms.
2026-10-01 03:21:17,246 INFO  org.apache.kafka.clients.producer.KafkaProducer              [] - [Producer clientId=producer-16] Closing the Kafka producer with timeoutMillis = 0 ms.
2026-10-01 03:21:17,247 INFO  org.apache.kafka.clients.producer.KafkaProducer              [] - [Producer clientId=producer-16] Closing the Kafka producer with timeoutMillis = 0 ms.
2026-10-01 03:21:17,247 INFO  org.apache.flink.runtime.taskmanager.Task                    [] - MonitoringAggregator -> Sink: Kafka Sink [synergia-monitoring / M1] (8/8)#0 (028b0b27147fea98f45d53cb9cdeb8c2) switched from CANCELING to CANCELED.
2026-10-01 03:21:17,247 INFO  org.apache.flink.runtime.taskmanager.Task                    [] - Attempting to fail task externally RawCache -> (Sink: Kafka Sink [synergia-m1-out], M2Gate) (5/8)#0 (0621ff6c5f8783dee36e44439b25c2b4).
2026-10-01 03:21:17,247 INFO  org.apache.flink.runtime.taskmanager.Task                    [] - Freeing task resources for MonitoringAggregator -> Sink: Kafka Sink [synergia-monitoring / M1] (8/8)#0 (028b0b27147fea98f45d53cb9cdeb8c2).
2026-10-01 03:21:17,247 INFO  org.apache.flink.runtime.taskmanager.Task                    [] - Task RawCache -> (Sink: Kafka Sink [synergia-m1-out], M2Gate) (5/8)#0 is already in state CANCELED
2026-10-01 03:21:17,247 INFO  org.apache.flink.runtime.taskmanager.Task                    [] - Attempting to fail task externally Pmcod -> (Sink: Kafka Sink [synergia-scores], Sink: Kafka Sink [synergia-monitoring / M2], M2LateDrops) (5/8)#0 (2f66613ab63c1c7e17b17e326d95e5d0).
2026-10-01 03:21:17,247 INFO  org.apache.flink.runtime.taskmanager.Task                    [] - Task Pmcod -> (Sink: Kafka Sink [synergia-scores], Sink: Kafka Sink [synergia-monitoring / M2], M2LateDrops) (5/8)#0 is already in state CANCELED
2026-10-01 03:21:17,247 INFO  org.apache.flink.runtime.taskmanager.Task                    [] - Attempting to fail task externally M3-LSTM-AE -> (Sink: Kafka Sink [synergia-scores / M3], Sink: Kafka Sink [synergia-monitoring / M3]) (5/8)#0 (f8617c6b42fd77c9d3527e8c8c7294ea).
2026-10-01 03:21:17,248 INFO  org.apache.flink.runtime.taskmanager.Task                    [] - Task M3-LSTM-AE -> (Sink: Kafka Sink [synergia-scores / M3], Sink: Kafka Sink [synergia-monitoring / M3]) (5/8)#0 is already in state CANCELED
2026-10-01 03:21:17,248 INFO  org.apache.flink.runtime.taskmanager.Task                    [] - Attempting to fail task externally MonitoringAggregator -> Sink: Kafka Sink [synergia-monitoring / M1] (5/8)#0 (9abf0d2303d6a2c8221b01bc1bc6784a).
2026-10-01 03:21:17,248 INFO  org.apache.flink.runtime.taskmanager.Task                    [] - Task MonitoringAggregator -> Sink: Kafka Sink [synergia-monitoring / M1] (5/8)#0 is already in state CANCELED
2026-10-01 03:21:17,251 INFO  org.apache.flink.runtime.taskexecutor.slot.TaskSlotTableImpl [] - Free slot TaskSlot(index:1, state:ACTIVE, resource profile: ResourceProfile{cpuCores=1.0000000000000000, taskHeapMemory=451.840mb (473788577 bytes), taskOffHeapMemory=192.000mb (201326592 bytes), managedMemory=64.000mb (67108864 bytes), networkMemory=85.760mb (89925878 bytes)}, allocationId: 38d479101b94804cdbbdbe968c3c1d90, jobId: 6905b0331435ca57a7b1b0b7790a30e1).
2026-10-01 03:21:17,251 INFO  org.apache.flink.runtime.taskmanager.Task                    [] - Attempting to fail task externally RawCache -> (Sink: Kafka Sink [synergia-m1-out], M2Gate) (4/8)#0 (3e6cbb0641704ab9abf99932dff6436e).
2026-10-01 03:21:17,251 INFO  org.apache.flink.runtime.taskmanager.Task                    [] - Task RawCache -> (Sink: Kafka Sink [synergia-m1-out], M2Gate) (4/8)#0 is already in state CANCELED
2026-10-01 03:21:17,251 INFO  org.apache.flink.runtime.taskmanager.Task                    [] - Attempting to fail task externally Pmcod -> (Sink: Kafka Sink [synergia-scores], Sink: Kafka Sink [synergia-monitoring / M2], M2LateDrops) (4/8)#0 (214b962a22c9264f3b3e1cdfe3c6baa8).
2026-10-01 03:21:17,251 INFO  org.apache.flink.runtime.taskmanager.Task                    [] - Task Pmcod -> (Sink: Kafka Sink [synergia-scores], Sink: Kafka Sink [synergia-monitoring / M2], M2LateDrops) (4/8)#0 is already in state CANCELED
2026-10-01 03:21:17,251 INFO  org.apache.flink.runtime.taskmanager.Task                    [] - Attempting to fail task externally M3-LSTM-AE -> (Sink: Kafka Sink [synergia-scores / M3], Sink: Kafka Sink [synergia-monitoring / M3]) (4/8)#0 (80117f4fc7113ff7de217bd4885a611f).
2026-10-01 03:21:17,251 INFO  org.apache.flink.runtime.taskmanager.Task                    [] - Task M3-LSTM-AE -> (Sink: Kafka Sink [synergia-scores / M3], Sink: Kafka Sink [synergia-monitoring / M3]) (4/8)#0 is already in state CANCELED
2026-10-01 03:21:17,251 INFO  org.apache.flink.runtime.taskmanager.Task                    [] - Attempting to fail task externally MonitoringAggregator -> Sink: Kafka Sink [synergia-monitoring / M1] (4/8)#0 (6c184021d390643af357fbf7b9216a9c).
2026-10-01 03:21:17,251 INFO  org.apache.flink.runtime.taskmanager.Task                    [] - Task MonitoringAggregator -> Sink: Kafka Sink [synergia-monitoring / M1] (4/8)#0 is already in state CANCELED
2026-10-01 03:21:17,251 INFO  org.apache.flink.runtime.taskexecutor.slot.TaskSlotTableImpl [] - Free slot TaskSlot(index:3, state:ACTIVE, resource profile: ResourceProfile{cpuCores=1.0000000000000000, taskHeapMemory=451.840mb (473788577 bytes), taskOffHeapMemory=192.000mb (201326592 bytes), managedMemory=64.000mb (67108864 bytes), networkMemory=85.760mb (89925878 bytes)}, allocationId: 42647eee2810a87d147bb2cfed23781b, jobId: 6905b0331435ca57a7b1b0b7790a30e1).
2026-10-01 03:21:17,251 INFO  org.apache.flink.runtime.taskmanager.Task                    [] - Attempting to fail task externally M3-LSTM-AE -> (Sink: Kafka Sink [synergia-scores / M3], Sink: Kafka Sink [synergia-monitoring / M3]) (8/8)#0 (ae713aa0a3472115b3f15699b0c36518).
2026-10-01 03:21:17,251 INFO  org.apache.flink.runtime.taskmanager.Task                    [] - Task M3-LSTM-AE -> (Sink: Kafka Sink [synergia-scores / M3], Sink: Kafka Sink [synergia-monitoring / M3]) (8/8)#0 is already in state CANCELED
2026-10-01 03:21:17,251 INFO  org.apache.flink.runtime.taskmanager.Task                    [] - Attempting to fail task externally MonitoringAggregator -> Sink: Kafka Sink [synergia-monitoring / M1] (8/8)#0 (028b0b27147fea98f45d53cb9cdeb8c2).
2026-10-01 03:21:17,251 INFO  org.apache.flink.runtime.taskmanager.Task                    [] - Task MonitoringAggregator -> Sink: Kafka Sink [synergia-monitoring / M1] (8/8)#0 is already in state CANCELED
2026-10-01 03:21:17,251 INFO  org.apache.flink.runtime.taskmanager.Task                    [] - Attempting to fail task externally Pmcod -> (Sink: Kafka Sink [synergia-scores], Sink: Kafka Sink [synergia-monitoring / M2], M2LateDrops) (8/8)#0 (20e3c219fa267df08853650aa8c57fd8).
2026-10-01 03:21:17,251 INFO  org.apache.flink.runtime.taskmanager.Task                    [] - Task Pmcod -> (Sink: Kafka Sink [synergia-scores], Sink: Kafka Sink [synergia-monitoring / M2], M2LateDrops) (8/8)#0 is already in state CANCELED
2026-10-01 03:21:17,251 INFO  org.apache.flink.runtime.taskmanager.Task                    [] - Attempting to fail task externally RawCache -> (Sink: Kafka Sink [synergia-m1-out], M2Gate) (8/8)#0 (de631de9e4aa02a25011ef3766605338).
2026-10-01 03:21:17,251 INFO  org.apache.flink.runtime.taskmanager.Task                    [] - Task RawCache -> (Sink: Kafka Sink [synergia-m1-out], M2Gate) (8/8)#0 is already in state CANCELED
2026-10-01 03:21:17,252 INFO  org.apache.flink.runtime.taskexecutor.slot.TaskSlotTableImpl [] - Free slot TaskSlot(index:0, state:ACTIVE, resource profile: ResourceProfile{cpuCores=1.0000000000000000, taskHeapMemory=451.840mb (473788577 bytes), taskOffHeapMemory=192.000mb (201326592 bytes), managedMemory=64.000mb (67108864 bytes), networkMemory=85.760mb (89925878 bytes)}, allocationId: 43339e3eb01aaa761c7478bc98861963, jobId: 6905b0331435ca57a7b1b0b7790a30e1).
2026-10-01 03:21:17,252 INFO  org.apache.flink.runtime.taskmanager.Task                    [] - Attempting to fail task externally Pmcod -> (Sink: Kafka Sink [synergia-scores], Sink: Kafka Sink [synergia-monitoring / M2], M2LateDrops) (1/8)#0 (028c7ee25356d7414d73eaec1ba1b99f).
2026-10-01 03:21:17,252 INFO  org.apache.flink.runtime.taskmanager.Task                    [] - Task Pmcod -> (Sink: Kafka Sink [synergia-scores], Sink: Kafka Sink [synergia-monitoring / M2], M2LateDrops) (1/8)#0 is already in state CANCELED
2026-10-01 03:21:17,252 INFO  org.apache.flink.runtime.taskmanager.Task                    [] - Attempting to fail task externally RawCache -> (Sink: Kafka Sink [synergia-m1-out], M2Gate) (1/8)#0 (15a777733ef4aa549d4b8bccccdfbea7).
2026-10-01 03:21:17,252 INFO  org.apache.flink.runtime.taskmanager.Task                    [] - Task RawCache -> (Sink: Kafka Sink [synergia-m1-out], M2Gate) (1/8)#0 is already in state CANCELED
2026-10-01 03:21:17,252 INFO  org.apache.flink.runtime.taskmanager.Task                    [] - Attempting to fail task externally M3-LSTM-AE -> (Sink: Kafka Sink [synergia-scores / M3], Sink: Kafka Sink [synergia-monitoring / M3]) (1/8)#0 (59a4b51c8dd2cdd5671c71c47cedf5f1).
2026-10-01 03:21:17,252 INFO  org.apache.flink.runtime.taskmanager.Task                    [] - Task M3-LSTM-AE -> (Sink: Kafka Sink [synergia-scores / M3], Sink: Kafka Sink [synergia-monitoring / M3]) (1/8)#0 is already in state CANCELED
2026-10-01 03:21:17,252 INFO  org.apache.flink.runtime.taskmanager.Task                    [] - Attempting to fail task externally MonitoringAggregator -> Sink: Kafka Sink [synergia-monitoring / M1] (1/8)#0 (38fefc4c46cec919c23572bbf400f9e5).
2026-10-01 03:21:17,252 INFO  org.apache.flink.runtime.taskmanager.Task                    [] - Task MonitoringAggregator -> Sink: Kafka Sink [synergia-monitoring / M1] (1/8)#0 is already in state CANCELED
2026-10-01 03:21:17,253 INFO  org.apache.flink.runtime.taskexecutor.TaskExecutor           [] - Close JobManager connection for job 6905b0331435ca57a7b1b0b7790a30e1.
2026-10-01 03:21:17,254 INFO  org.apache.flink.runtime.taskexecutor.TaskExecutor           [] - Un-registering task and sending final execution state CANCELED to JobManager for task RawCache -> (Sink: Kafka Sink [synergia-m1-out], M2Gate) (1/8)#0 15a777733ef4aa549d4b8bccccdfbea7.
2026-10-01 03:21:17,254 INFO  org.apache.flink.runtime.taskexecutor.TaskExecutor           [] - Un-registering task and sending final execution state CANCELED to JobManager for task RawCache -> (Sink: Kafka Sink [synergia-m1-out], M2Gate) (8/8)#0 de631de9e4aa02a25011ef3766605338.
2026-10-01 03:21:17,255 INFO  org.apache.flink.runtime.taskexecutor.TaskExecutor           [] - Un-registering task and sending final execution state CANCELED to JobManager for task RawCache -> (Sink: Kafka Sink [synergia-m1-out], M2Gate) (5/8)#0 0621ff6c5f8783dee36e44439b25c2b4.
2026-10-01 03:21:17,257 WARN  akka.remote.transport.netty.NettyTransport                   [] - Remote connection to [null] failed with java.net.ConnectException: Connection refused: /172.16.0.162:6123
2026-10-01 03:21:17,257 WARN  akka.remote.ReliableDeliverySupervisor                       [] - Association with remote system [akka.tcp://flink@172.16.0.162:6123] has failed, address is now gated for [50] ms. Reason: [Association failed with [akka.tcp://flink@172.16.0.162:6123]] Caused by: [java.net.ConnectException: Connection refused: /172.16.0.162:6123]
2026-10-01 03:21:17,255 INFO  org.apache.flink.runtime.taskexecutor.TaskExecutor           [] - Un-registering task and sending final execution state CANCELED to JobManager for task RawCache -> (Sink: Kafka Sink [synergia-m1-out], M2Gate) (4/8)#0 3e6cbb0641704ab9abf99932dff6436e.
2026-10-01 03:21:17,258 INFO  org.apache.flink.runtime.taskexecutor.DefaultJobLeaderService [] - Could not resolve JobManager address akka.tcp://flink@172.16.0.162:6123/user/rpc/jobmanager_2, retrying in 10000 ms: Could not connect to rpc endpoint under address akka.tcp://flink@172.16.0.162:6123/user/rpc/jobmanager_2.
2026-10-01 03:21:17,258 INFO  org.apache.flink.runtime.taskexecutor.TaskExecutor           [] - Un-registering task and sending final execution state CANCELED to JobManager for task Pmcod -> (Sink: Kafka Sink [synergia-scores], Sink: Kafka Sink [synergia-monitoring / M2], M2LateDrops) (8/8)#0 20e3c219fa267df08853650aa8c57fd8.
2026-10-01 03:21:17,258 INFO  org.apache.flink.runtime.taskexecutor.TaskExecutor           [] - Un-registering task and sending final execution state CANCELED to JobManager for task Pmcod -> (Sink: Kafka Sink [synergia-scores], Sink: Kafka Sink [synergia-monitoring / M2], M2LateDrops) (4/8)#0 214b962a22c9264f3b3e1cdfe3c6baa8.
2026-10-01 03:21:17,258 INFO  org.apache.flink.runtime.taskexecutor.TaskExecutor           [] - Un-registering task and sending final execution state CANCELED to JobManager for task Pmcod -> (Sink: Kafka Sink [synergia-scores], Sink: Kafka Sink [synergia-monitoring / M2], M2LateDrops) (1/8)#0 028c7ee25356d7414d73eaec1ba1b99f.
2026-10-01 03:21:17,258 INFO  org.apache.flink.runtime.taskexecutor.TaskExecutor           [] - Un-registering task and sending final execution state CANCELED to JobManager for task Pmcod -> (Sink: Kafka Sink [synergia-scores], Sink: Kafka Sink [synergia-monitoring / M2], M2LateDrops) (5/8)#0 2f66613ab63c1c7e17b17e326d95e5d0.
2026-10-01 03:21:17,259 INFO  org.apache.flink.runtime.taskexecutor.TaskExecutor           [] - Un-registering task and sending final execution state CANCELED to JobManager for task M3-LSTM-AE -> (Sink: Kafka Sink [synergia-scores / M3], Sink: Kafka Sink [synergia-monitoring / M3]) (4/8)#0 80117f4fc7113ff7de217bd4885a611f.
2026-10-01 03:21:17,259 INFO  org.apache.flink.runtime.taskexecutor.TaskExecutor           [] - Un-registering task and sending final execution state CANCELED to JobManager for task M3-LSTM-AE -> (Sink: Kafka Sink [synergia-scores / M3], Sink: Kafka Sink [synergia-monitoring / M3]) (1/8)#0 59a4b51c8dd2cdd5671c71c47cedf5f1.
2026-10-01 03:21:17,259 INFO  org.apache.flink.runtime.taskexecutor.TaskExecutor           [] - Un-registering task and sending final execution state CANCELED to JobManager for task MonitoringAggregator -> Sink: Kafka Sink [synergia-monitoring / M1] (5/8)#0 9abf0d2303d6a2c8221b01bc1bc6784a.
2026-10-01 03:21:17,259 INFO  org.apache.flink.runtime.taskexecutor.TaskExecutor           [] - Un-registering task and sending final execution state CANCELED to JobManager for task MonitoringAggregator -> Sink: Kafka Sink [synergia-monitoring / M1] (4/8)#0 6c184021d390643af357fbf7b9216a9c.
2026-10-01 03:21:17,259 INFO  org.apache.flink.runtime.taskexecutor.TaskExecutor           [] - Un-registering task and sending final execution state CANCELED to JobManager for task MonitoringAggregator -> Sink: Kafka Sink [synergia-monitoring / M1] (1/8)#0 38fefc4c46cec919c23572bbf400f9e5.
2026-10-01 03:21:17,260 INFO  org.apache.flink.runtime.taskexecutor.TaskExecutor           [] - Un-registering task and sending final execution state CANCELED to JobManager for task M3-LSTM-AE -> (Sink: Kafka Sink [synergia-scores / M3], Sink: Kafka Sink [synergia-monitoring / M3]) (5/8)#0 f8617c6b42fd77c9d3527e8c8c7294ea.
2026-10-01 03:21:17,260 INFO  org.apache.flink.runtime.taskexecutor.TaskExecutor           [] - Un-registering task and sending final execution state CANCELED to JobManager for task M3-LSTM-AE -> (Sink: Kafka Sink [synergia-scores / M3], Sink: Kafka Sink [synergia-monitoring / M3]) (8/8)#0 ae713aa0a3472115b3f15699b0c36518.
2026-10-01 03:21:17,260 INFO  org.apache.flink.runtime.taskexecutor.TaskExecutor           [] - Un-registering task and sending final execution state CANCELED to JobManager for task MonitoringAggregator -> Sink: Kafka Sink [synergia-monitoring / M1] (8/8)#0 028b0b27147fea98f45d53cb9cdeb8c2.
2026-10-01 03:21:17,260 INFO  org.apache.flink.runtime.taskexecutor.slot.TaskSlotTableImpl [] - Free slot TaskSlot(index:1, state:RELEASING, resource profile: ResourceProfile{cpuCores=1.0000000000000000, taskHeapMemory=451.840mb (473788577 bytes), taskOffHeapMemory=192.000mb (201326592 bytes), managedMemory=64.000mb (67108864 bytes), networkMemory=85.760mb (89925878 bytes)}, allocationId: 38d479101b94804cdbbdbe968c3c1d90, jobId: 6905b0331435ca57a7b1b0b7790a30e1).
2026-10-01 03:21:17,261 INFO  org.apache.flink.runtime.taskexecutor.slot.TaskSlotTableImpl [] - Free slot TaskSlot(index:0, state:RELEASING, resource profile: ResourceProfile{cpuCores=1.0000000000000000, taskHeapMemory=451.840mb (473788577 bytes), taskOffHeapMemory=192.000mb (201326592 bytes), managedMemory=64.000mb (67108864 bytes), networkMemory=85.760mb (89925878 bytes)}, allocationId: 43339e3eb01aaa761c7478bc98861963, jobId: 6905b0331435ca57a7b1b0b7790a30e1).
2026-10-01 03:21:17,261 INFO  org.apache.flink.runtime.taskexecutor.slot.TaskSlotTableImpl [] - Free slot TaskSlot(index:2, state:RELEASING, resource profile: ResourceProfile{cpuCores=1.0000000000000000, taskHeapMemory=451.840mb (473788577 bytes), taskOffHeapMemory=192.000mb (201326592 bytes), managedMemory=64.000mb (67108864 bytes), networkMemory=85.760mb (89925878 bytes)}, allocationId: db50299dbf93a788424c49181518575d, jobId: 6905b0331435ca57a7b1b0b7790a30e1).
2026-10-01 03:21:17,261 INFO  org.apache.flink.runtime.taskexecutor.slot.TaskSlotTableImpl [] - Free slot TaskSlot(index:3, state:RELEASING, resource profile: ResourceProfile{cpuCores=1.0000000000000000, taskHeapMemory=451.840mb (473788577 bytes), taskOffHeapMemory=192.000mb (201326592 bytes), managedMemory=64.000mb (67108864 bytes), networkMemory=85.760mb (89925878 bytes)}, allocationId: 42647eee2810a87d147bb2cfed23781b, jobId: 6905b0331435ca57a7b1b0b7790a30e1).
2026-10-01 03:21:27,056 INFO  org.apache.flink.runtime.taskexecutor.TaskExecutor           [] - Cannot find task to fail for execution d843b05d1ce0ab2a17e210b13703930c with exception:
java.util.concurrent.TimeoutException: Invocation of public abstract java.util.concurrent.CompletableFuture org.apache.flink.runtime.jobmaster.JobMasterGateway.updateTaskExecutionState(org.apache.flink.runtime.taskmanager.TaskExecutionState) timed out.
	at com.sun.proxy.$Proxy25.updateTaskExecutionState(Unknown Source) ~[?:?]
	at org.apache.flink.runtime.taskexecutor.TaskExecutor.updateTaskExecutionState(TaskExecutor.java:1852) ~[flink-dist_2.12-1.13.6.jar:1.13.6]
	at org.apache.flink.runtime.taskexecutor.TaskExecutor.unregisterTaskAndNotifyFinalState(TaskExecutor.java:1885) ~[flink-dist_2.12-1.13.6.jar:1.13.6]
	at org.apache.flink.runtime.taskexecutor.TaskExecutor.access$2600(TaskExecutor.java:181) ~[flink-dist_2.12-1.13.6.jar:1.13.6]
	at org.apache.flink.runtime.taskexecutor.TaskExecutor$TaskManagerActionsImpl.lambda$updateTaskExecutionState$1(TaskExecutor.java:2289) ~[flink-dist_2.12-1.13.6.jar:1.13.6]
	at org.apache.flink.runtime.rpc.akka.AkkaRpcActor.handleRunAsync(AkkaRpcActor.java:440) ~[flink-dist_2.12-1.13.6.jar:1.13.6]
	at org.apache.flink.runtime.rpc.akka.AkkaRpcActor.handleRpcMessage(AkkaRpcActor.java:208) ~[flink-dist_2.12-1.13.6.jar:1.13.6]
	at org.apache.flink.runtime.rpc.akka.AkkaRpcActor.handleMessage(AkkaRpcActor.java:158) ~[flink-dist_2.12-1.13.6.jar:1.13.6]
	at akka.japi.pf.UnitCaseStatement.apply(CaseStatements.scala:26) [flink-dist_2.12-1.13.6.jar:1.13.6]
	at akka.japi.pf.UnitCaseStatement.apply(CaseStatements.scala:21) [flink-dist_2.12-1.13.6.jar:1.13.6]
	at scala.PartialFunction.applyOrElse(PartialFunction.scala:123) [flink-dist_2.12-1.13.6.jar:1.13.6]
	at scala.PartialFunction.applyOrElse$(PartialFunction.scala:122) [flink-dist_2.12-1.13.6.jar:1.13.6]
	at akka.japi.pf.UnitCaseStatement.applyOrElse(CaseStatements.scala:21) [flink-dist_2.12-1.13.6.jar:1.13.6]
	at scala.PartialFunction$OrElse.applyOrElse(PartialFunction.scala:171) [flink-dist_2.12-1.13.6.jar:1.13.6]
	at scala.PartialFunction$OrElse.applyOrElse(PartialFunction.scala:172) [flink-dist_2.12-1.13.6.jar:1.13.6]
	at scala.PartialFunction$OrElse.applyOrElse(PartialFunction.scala:172) [flink-dist_2.12-1.13.6.jar:1.13.6]
	at akka.actor.Actor.aroundReceive(Actor.scala:517) [flink-dist_2.12-1.13.6.jar:1.13.6]
	at akka.actor.Actor.aroundReceive$(Actor.scala:515) [flink-dist_2.12-1.13.6.jar:1.13.6]
	at akka.actor.AbstractActor.aroundReceive(AbstractActor.scala:225) [flink-dist_2.12-1.13.6.jar:1.13.6]
	at akka.actor.ActorCell.receiveMessage(ActorCell.scala:592) [flink-dist_2.12-1.13.6.jar:1.13.6]
	at akka.actor.ActorCell.invoke(ActorCell.scala:561) [flink-dist_2.12-1.13.6.jar:1.13.6]
	at akka.dispatch.Mailbox.processMailbox(Mailbox.scala:258) [flink-dist_2.12-1.13.6.jar:1.13.6]
	at akka.dispatch.Mailbox.run(Mailbox.scala:225) [flink-dist_2.12-1.13.6.jar:1.13.6]
	at akka.dispatch.Mailbox.exec(Mailbox.scala:235) [flink-dist_2.12-1.13.6.jar:1.13.6]
	at akka.dispatch.forkjoin.ForkJoinTask.doExec(ForkJoinTask.java:260) [flink-dist_2.12-1.13.6.jar:1.13.6]
	at akka.dispatch.forkjoin.ForkJoinPool$WorkQueue.runTask(ForkJoinPool.java:1339) [flink-dist_2.12-1.13.6.jar:1.13.6]
	at akka.dispatch.forkjoin.ForkJoinPool.runWorker(ForkJoinPool.java:1979) [flink-dist_2.12-1.13.6.jar:1.13.6]
	at akka.dispatch.forkjoin.ForkJoinWorkerThread.run(ForkJoinWorkerThread.java:107) [flink-dist_2.12-1.13.6.jar:1.13.6]
Caused by: akka.pattern.AskTimeoutException: Ask timed out on [Actor[akka.tcp://flink@172.16.0.162:6123/user/rpc/jobmanager_2#5895618]] after [10000 ms]. Message of type [org.apache.flink.runtime.rpc.messages.RemoteFencedMessage]. A typical reason for `AskTimeoutException` is that the recipient actor didn't send a reply.
	at akka.pattern.PromiseActorRef$.$anonfun$defaultOnTimeout$1(AskSupport.scala:635) ~[flink-dist_2.12-1.13.6.jar:1.13.6]
	at akka.pattern.PromiseActorRef$.$anonfun$apply$1(AskSupport.scala:650) ~[flink-dist_2.12-1.13.6.jar:1.13.6]
	at akka.actor.Scheduler$$anon$4.run(Scheduler.scala:205) ~[flink-dist_2.12-1.13.6.jar:1.13.6]
	at scala.concurrent.Future$InternalCallbackExecutor$.unbatchedExecute(Future.scala:870) ~[flink-dist_2.12-1.13.6.jar:1.13.6]
	at scala.concurrent.BatchingExecutor.execute(BatchingExecutor.scala:109) ~[flink-dist_2.12-1.13.6.jar:1.13.6]
	at scala.concurrent.BatchingExecutor.execute$(BatchingExecutor.scala:103) ~[flink-dist_2.12-1.13.6.jar:1.13.6]
	at scala.concurrent.Future$InternalCallbackExecutor$.execute(Future.scala:868) ~[flink-dist_2.12-1.13.6.jar:1.13.6]
	at akka.actor.LightArrayRevolverScheduler$TaskHolder.executeTask(LightArrayRevolverScheduler.scala:328) ~[flink-dist_2.12-1.13.6.jar:1.13.6]
	at akka.actor.LightArrayRevolverScheduler$$anon$3.executeBucket$1(LightArrayRevolverScheduler.scala:279) ~[flink-dist_2.12-1.13.6.jar:1.13.6]
	at akka.actor.LightArrayRevolverScheduler$$anon$3.nextTick(LightArrayRevolverScheduler.scala:283) ~[flink-dist_2.12-1.13.6.jar:1.13.6]
	at akka.actor.LightArrayRevolverScheduler$$anon$3.run(LightArrayRevolverScheduler.scala:235) ~[flink-dist_2.12-1.13.6.jar:1.13.6]
	at java.lang.Thread.run(Unknown Source) ~[?:?]
2026-10-01 03:21:27,095 INFO  org.apache.flink.runtime.taskexecutor.TaskExecutor           [] - Cannot find task to fail for execution e297e91b718e8b17b768a2c6acc6af5e with exception:
java.util.concurrent.TimeoutException: Invocation of public abstract java.util.concurrent.CompletableFuture org.apache.flink.runtime.jobmaster.JobMasterGateway.updateTaskExecutionState(org.apache.flink.runtime.taskmanager.TaskExecutionState) timed out.
	at com.sun.proxy.$Proxy25.updateTaskExecutionState(Unknown Source) ~[?:?]
	at org.apache.flink.runtime.taskexecutor.TaskExecutor.updateTaskExecutionState(TaskExecutor.java:1852) ~[flink-dist_2.12-1.13.6.jar:1.13.6]
	at org.apache.flink.runtime.taskexecutor.TaskExecutor.unregisterTaskAndNotifyFinalState(TaskExecutor.java:1885) ~[flink-dist_2.12-1.13.6.jar:1.13.6]
	at org.apache.flink.runtime.taskexecutor.TaskExecutor.access$2600(TaskExecutor.java:181) ~[flink-dist_2.12-1.13.6.jar:1.13.6]
	at org.apache.flink.runtime.taskexecutor.TaskExecutor$TaskManagerActionsImpl.lambda$updateTaskExecutionState$1(TaskExecutor.java:2289) ~[flink-dist_2.12-1.13.6.jar:1.13.6]
	at org.apache.flink.runtime.rpc.akka.AkkaRpcActor.handleRunAsync(AkkaRpcActor.java:440) ~[flink-dist_2.12-1.13.6.jar:1.13.6]
	at org.apache.flink.runtime.rpc.akka.AkkaRpcActor.handleRpcMessage(AkkaRpcActor.java:208) ~[flink-dist_2.12-1.13.6.jar:1.13.6]
	at org.apache.flink.runtime.rpc.akka.AkkaRpcActor.handleMessage(AkkaRpcActor.java:158) ~[flink-dist_2.12-1.13.6.jar:1.13.6]
	at akka.japi.pf.UnitCaseStatement.apply(CaseStatements.scala:26) [flink-dist_2.12-1.13.6.jar:1.13.6]
	at akka.japi.pf.UnitCaseStatement.apply(CaseStatements.scala:21) [flink-dist_2.12-1.13.6.jar:1.13.6]
	at scala.PartialFunction.applyOrElse(PartialFunction.scala:123) [flink-dist_2.12-1.13.6.jar:1.13.6]
	at scala.PartialFunction.applyOrElse$(PartialFunction.scala:122) [flink-dist_2.12-1.13.6.jar:1.13.6]
	at akka.japi.pf.UnitCaseStatement.applyOrElse(CaseStatements.scala:21) [flink-dist_2.12-1.13.6.jar:1.13.6]
	at scala.PartialFunction$OrElse.applyOrElse(PartialFunction.scala:171) [flink-dist_2.12-1.13.6.jar:1.13.6]
	at scala.PartialFunction$OrElse.applyOrElse(PartialFunction.scala:172) [flink-dist_2.12-1.13.6.jar:1.13.6]
	at scala.PartialFunction$OrElse.applyOrElse(PartialFunction.scala:172) [flink-dist_2.12-1.13.6.jar:1.13.6]
	at akka.actor.Actor.aroundReceive(Actor.scala:517) [flink-dist_2.12-1.13.6.jar:1.13.6]
	at akka.actor.Actor.aroundReceive$(Actor.scala:515) [flink-dist_2.12-1.13.6.jar:1.13.6]
	at akka.actor.AbstractActor.aroundReceive(AbstractActor.scala:225) [flink-dist_2.12-1.13.6.jar:1.13.6]
	at akka.actor.ActorCell.receiveMessage(ActorCell.scala:592) [flink-dist_2.12-1.13.6.jar:1.13.6]
	at akka.actor.ActorCell.invoke(ActorCell.scala:561) [flink-dist_2.12-1.13.6.jar:1.13.6]
	at akka.dispatch.Mailbox.processMailbox(Mailbox.scala:258) [flink-dist_2.12-1.13.6.jar:1.13.6]
	at akka.dispatch.Mailbox.run(Mailbox.scala:225) [flink-dist_2.12-1.13.6.jar:1.13.6]
	at akka.dispatch.Mailbox.exec(Mailbox.scala:235) [flink-dist_2.12-1.13.6.jar:1.13.6]
	at akka.dispatch.forkjoin.ForkJoinTask.doExec(ForkJoinTask.java:260) [flink-dist_2.12-1.13.6.jar:1.13.6]
	at akka.dispatch.forkjoin.ForkJoinPool$WorkQueue.runTask(ForkJoinPool.java:1339) [flink-dist_2.12-1.13.6.jar:1.13.6]
	at akka.dispatch.forkjoin.ForkJoinPool.runWorker(ForkJoinPool.java:1979) [flink-dist_2.12-1.13.6.jar:1.13.6]
	at akka.dispatch.forkjoin.ForkJoinWorkerThread.run(ForkJoinWorkerThread.java:107) [flink-dist_2.12-1.13.6.jar:1.13.6]
Caused by: akka.pattern.AskTimeoutException: Ask timed out on [Actor[akka.tcp://flink@172.16.0.162:6123/user/rpc/jobmanager_2#5895618]] after [10000 ms]. Message of type [org.apache.flink.runtime.rpc.messages.RemoteFencedMessage]. A typical reason for `AskTimeoutException` is that the recipient actor didn't send a reply.
	at akka.pattern.PromiseActorRef$.$anonfun$defaultOnTimeout$1(AskSupport.scala:635) ~[flink-dist_2.12-1.13.6.jar:1.13.6]
	at akka.pattern.PromiseActorRef$.$anonfun$apply$1(AskSupport.scala:650) ~[flink-dist_2.12-1.13.6.jar:1.13.6]
	at akka.actor.Scheduler$$anon$4.run(Scheduler.scala:205) ~[flink-dist_2.12-1.13.6.jar:1.13.6]
	at scala.concurrent.Future$InternalCallbackExecutor$.unbatchedExecute(Future.scala:870) ~[flink-dist_2.12-1.13.6.jar:1.13.6]
	at scala.concurrent.BatchingExecutor.execute(BatchingExecutor.scala:109) ~[flink-dist_2.12-1.13.6.jar:1.13.6]
	at scala.concurrent.BatchingExecutor.execute$(BatchingExecutor.scala:103) ~[flink-dist_2.12-1.13.6.jar:1.13.6]
	at scala.concurrent.Future$InternalCallbackExecutor$.execute(Future.scala:868) ~[flink-dist_2.12-1.13.6.jar:1.13.6]
	at akka.actor.LightArrayRevolverScheduler$TaskHolder.executeTask(LightArrayRevolverScheduler.scala:328) ~[flink-dist_2.12-1.13.6.jar:1.13.6]
	at akka.actor.LightArrayRevolverScheduler$$anon$3.executeBucket$1(LightArrayRevolverScheduler.scala:279) ~[flink-dist_2.12-1.13.6.jar:1.13.6]
	at akka.actor.LightArrayRevolverScheduler$$anon$3.nextTick(LightArrayRevolverScheduler.scala:283) ~[flink-dist_2.12-1.13.6.jar:1.13.6]
	at akka.actor.LightArrayRevolverScheduler$$anon$3.run(LightArrayRevolverScheduler.scala:235) ~[flink-dist_2.12-1.13.6.jar:1.13.6]
	at java.lang.Thread.run(Unknown Source) ~[?:?]
2026-10-01 03:21:27,136 INFO  org.apache.flink.runtime.taskexecutor.TaskExecutor           [] - Cannot find task to fail for execution ff7d52d2026fea6fb37a010f2b4dc34f with exception:
java.util.concurrent.TimeoutException: Invocation of public abstract java.util.concurrent.CompletableFuture org.apache.flink.runtime.jobmaster.JobMasterGateway.updateTaskExecutionState(org.apache.flink.runtime.taskmanager.TaskExecutionState) timed out.
	at com.sun.proxy.$Proxy25.updateTaskExecutionState(Unknown Source) ~[?:?]
	at org.apache.flink.runtime.taskexecutor.TaskExecutor.updateTaskExecutionState(TaskExecutor.java:1852) ~[flink-dist_2.12-1.13.6.jar:1.13.6]
	at org.apache.flink.runtime.taskexecutor.TaskExecutor.unregisterTaskAndNotifyFinalState(TaskExecutor.java:1885) ~[flink-dist_2.12-1.13.6.jar:1.13.6]
	at org.apache.flink.runtime.taskexecutor.TaskExecutor.access$2600(TaskExecutor.java:181) ~[flink-dist_2.12-1.13.6.jar:1.13.6]
	at org.apache.flink.runtime.taskexecutor.TaskExecutor$TaskManagerActionsImpl.lambda$updateTaskExecutionState$1(TaskExecutor.java:2289) ~[flink-dist_2.12-1.13.6.jar:1.13.6]
	at org.apache.flink.runtime.rpc.akka.AkkaRpcActor.handleRunAsync(AkkaRpcActor.java:440) ~[flink-dist_2.12-1.13.6.jar:1.13.6]
	at org.apache.flink.runtime.rpc.akka.AkkaRpcActor.handleRpcMessage(AkkaRpcActor.java:208) ~[flink-dist_2.12-1.13.6.jar:1.13.6]
	at org.apache.flink.runtime.rpc.akka.AkkaRpcActor.handleMessage(AkkaRpcActor.java:158) ~[flink-dist_2.12-1.13.6.jar:1.13.6]
	at akka.japi.pf.UnitCaseStatement.apply(CaseStatements.scala:26) [flink-dist_2.12-1.13.6.jar:1.13.6]
	at akka.japi.pf.UnitCaseStatement.apply(CaseStatements.scala:21) [flink-dist_2.12-1.13.6.jar:1.13.6]
	at scala.PartialFunction.applyOrElse(PartialFunction.scala:123) [flink-dist_2.12-1.13.6.jar:1.13.6]
	at scala.PartialFunction.applyOrElse$(PartialFunction.scala:122) [flink-dist_2.12-1.13.6.jar:1.13.6]
	at akka.japi.pf.UnitCaseStatement.applyOrElse(CaseStatements.scala:21) [flink-dist_2.12-1.13.6.jar:1.13.6]
	at scala.PartialFunction$OrElse.applyOrElse(PartialFunction.scala:171) [flink-dist_2.12-1.13.6.jar:1.13.6]
	at scala.PartialFunction$OrElse.applyOrElse(PartialFunction.scala:172) [flink-dist_2.12-1.13.6.jar:1.13.6]
	at scala.PartialFunction$OrElse.applyOrElse(PartialFunction.scala:172) [flink-dist_2.12-1.13.6.jar:1.13.6]
	at akka.actor.Actor.aroundReceive(Actor.scala:517) [flink-dist_2.12-1.13.6.jar:1.13.6]
	at akka.actor.Actor.aroundReceive$(Actor.scala:515) [flink-dist_2.12-1.13.6.jar:1.13.6]
	at akka.actor.AbstractActor.aroundReceive(AbstractActor.scala:225) [flink-dist_2.12-1.13.6.jar:1.13.6]
	at akka.actor.ActorCell.receiveMessage(ActorCell.scala:592) [flink-dist_2.12-1.13.6.jar:1.13.6]
	at akka.actor.ActorCell.invoke(ActorCell.scala:561) [flink-dist_2.12-1.13.6.jar:1.13.6]
	at akka.dispatch.Mailbox.processMailbox(Mailbox.scala:258) [flink-dist_2.12-1.13.6.jar:1.13.6]
	at akka.dispatch.Mailbox.run(Mailbox.scala:225) [flink-dist_2.12-1.13.6.jar:1.13.6]
	at akka.dispatch.Mailbox.exec(Mailbox.scala:235) [flink-dist_2.12-1.13.6.jar:1.13.6]
	at akka.dispatch.forkjoin.ForkJoinTask.doExec(ForkJoinTask.java:260) [flink-dist_2.12-1.13.6.jar:1.13.6]
	at akka.dispatch.forkjoin.ForkJoinPool$WorkQueue.runTask(ForkJoinPool.java:1339) [flink-dist_2.12-1.13.6.jar:1.13.6]
	at akka.dispatch.forkjoin.ForkJoinPool.runWorker(ForkJoinPool.java:1979) [flink-dist_2.12-1.13.6.jar:1.13.6]
	at akka.dispatch.forkjoin.ForkJoinWorkerThread.run(ForkJoinWorkerThread.java:107) [flink-dist_2.12-1.13.6.jar:1.13.6]
Caused by: akka.pattern.AskTimeoutException: Ask timed out on [Actor[akka.tcp://flink@172.16.0.162:6123/user/rpc/jobmanager_2#5895618]] after [10000 ms]. Message of type [org.apache.flink.runtime.rpc.messages.RemoteFencedMessage]. A typical reason for `AskTimeoutException` is that the recipient actor didn't send a reply.
	at akka.pattern.PromiseActorRef$.$anonfun$defaultOnTimeout$1(AskSupport.scala:635) ~[flink-dist_2.12-1.13.6.jar:1.13.6]
	at akka.pattern.PromiseActorRef$.$anonfun$apply$1(AskSupport.scala:650) ~[flink-dist_2.12-1.13.6.jar:1.13.6]
	at akka.actor.Scheduler$$anon$4.run(Scheduler.scala:205) ~[flink-dist_2.12-1.13.6.jar:1.13.6]
	at scala.concurrent.Future$InternalCallbackExecutor$.unbatchedExecute(Future.scala:870) ~[flink-dist_2.12-1.13.6.jar:1.13.6]
	at scala.concurrent.BatchingExecutor.execute(BatchingExecutor.scala:109) ~[flink-dist_2.12-1.13.6.jar:1.13.6]
	at scala.concurrent.BatchingExecutor.execute$(BatchingExecutor.scala:103) ~[flink-dist_2.12-1.13.6.jar:1.13.6]
	at scala.concurrent.Future$InternalCallbackExecutor$.execute(Future.scala:868) ~[flink-dist_2.12-1.13.6.jar:1.13.6]
	at akka.actor.LightArrayRevolverScheduler$TaskHolder.executeTask(LightArrayRevolverScheduler.scala:328) ~[flink-dist_2.12-1.13.6.jar:1.13.6]
	at akka.actor.LightArrayRevolverScheduler$$anon$3.executeBucket$1(LightArrayRevolverScheduler.scala:279) ~[flink-dist_2.12-1.13.6.jar:1.13.6]
	at akka.actor.LightArrayRevolverScheduler$$anon$3.nextTick(LightArrayRevolverScheduler.scala:283) ~[flink-dist_2.12-1.13.6.jar:1.13.6]
	at akka.actor.LightArrayRevolverScheduler$$anon$3.run(LightArrayRevolverScheduler.scala:235) ~[flink-dist_2.12-1.13.6.jar:1.13.6]
	at java.lang.Thread.run(Unknown Source) ~[?:?]
2026-10-01 03:21:27,145 INFO  org.apache.flink.runtime.taskexecutor.TaskExecutor           [] - Cannot find task to fail for execution f0f47057b5437551bdc49f16f1e847a6 with exception:
java.util.concurrent.TimeoutException: Invocation of public abstract java.util.concurrent.CompletableFuture org.apache.flink.runtime.jobmaster.JobMasterGateway.updateTaskExecutionState(org.apache.flink.runtime.taskmanager.TaskExecutionState) timed out.
	at com.sun.proxy.$Proxy25.updateTaskExecutionState(Unknown Source) ~[?:?]
	at org.apache.flink.runtime.taskexecutor.TaskExecutor.updateTaskExecutionState(TaskExecutor.java:1852) ~[flink-dist_2.12-1.13.6.jar:1.13.6]
	at org.apache.flink.runtime.taskexecutor.TaskExecutor.unregisterTaskAndNotifyFinalState(TaskExecutor.java:1885) ~[flink-dist_2.12-1.13.6.jar:1.13.6]
	at org.apache.flink.runtime.taskexecutor.TaskExecutor.access$2600(TaskExecutor.java:181) ~[flink-dist_2.12-1.13.6.jar:1.13.6]
	at org.apache.flink.runtime.taskexecutor.TaskExecutor$TaskManagerActionsImpl.lambda$updateTaskExecutionState$1(TaskExecutor.java:2289) ~[flink-dist_2.12-1.13.6.jar:1.13.6]
	at org.apache.flink.runtime.rpc.akka.AkkaRpcActor.handleRunAsync(AkkaRpcActor.java:440) ~[flink-dist_2.12-1.13.6.jar:1.13.6]
	at org.apache.flink.runtime.rpc.akka.AkkaRpcActor.handleRpcMessage(AkkaRpcActor.java:208) ~[flink-dist_2.12-1.13.6.jar:1.13.6]
	at org.apache.flink.runtime.rpc.akka.AkkaRpcActor.handleMessage(AkkaRpcActor.java:158) ~[flink-dist_2.12-1.13.6.jar:1.13.6]
	at akka.japi.pf.UnitCaseStatement.apply(CaseStatements.scala:26) [flink-dist_2.12-1.13.6.jar:1.13.6]
	at akka.japi.pf.UnitCaseStatement.apply(CaseStatements.scala:21) [flink-dist_2.12-1.13.6.jar:1.13.6]
	at scala.PartialFunction.applyOrElse(PartialFunction.scala:123) [flink-dist_2.12-1.13.6.jar:1.13.6]
	at scala.PartialFunction.applyOrElse$(PartialFunction.scala:122) [flink-dist_2.12-1.13.6.jar:1.13.6]
	at akka.japi.pf.UnitCaseStatement.applyOrElse(CaseStatements.scala:21) [flink-dist_2.12-1.13.6.jar:1.13.6]
	at scala.PartialFunction$OrElse.applyOrElse(PartialFunction.scala:171) [flink-dist_2.12-1.13.6.jar:1.13.6]
	at scala.PartialFunction$OrElse.applyOrElse(PartialFunction.scala:172) [flink-dist_2.12-1.13.6.jar:1.13.6]
	at scala.PartialFunction$OrElse.applyOrElse(PartialFunction.scala:172) [flink-dist_2.12-1.13.6.jar:1.13.6]
	at akka.actor.Actor.aroundReceive(Actor.scala:517) [flink-dist_2.12-1.13.6.jar:1.13.6]
	at akka.actor.Actor.aroundReceive$(Actor.scala:515) [flink-dist_2.12-1.13.6.jar:1.13.6]
	at akka.actor.AbstractActor.aroundReceive(AbstractActor.scala:225) [flink-dist_2.12-1.13.6.jar:1.13.6]
	at akka.actor.ActorCell.receiveMessage(ActorCell.scala:592) [flink-dist_2.12-1.13.6.jar:1.13.6]
	at akka.actor.ActorCell.invoke(ActorCell.scala:561) [flink-dist_2.12-1.13.6.jar:1.13.6]
	at akka.dispatch.Mailbox.processMailbox(Mailbox.scala:258) [flink-dist_2.12-1.13.6.jar:1.13.6]
	at akka.dispatch.Mailbox.run(Mailbox.scala:225) [flink-dist_2.12-1.13.6.jar:1.13.6]
	at akka.dispatch.Mailbox.exec(Mailbox.scala:235) [flink-dist_2.12-1.13.6.jar:1.13.6]
	at akka.dispatch.forkjoin.ForkJoinTask.doExec(ForkJoinTask.java:260) [flink-dist_2.12-1.13.6.jar:1.13.6]
	at akka.dispatch.forkjoin.ForkJoinPool$WorkQueue.runTask(ForkJoinPool.java:1339) [flink-dist_2.12-1.13.6.jar:1.13.6]
	at akka.dispatch.forkjoin.ForkJoinPool.runWorker(ForkJoinPool.java:1979) [flink-dist_2.12-1.13.6.jar:1.13.6]
	at akka.dispatch.forkjoin.ForkJoinWorkerThread.run(ForkJoinWorkerThread.java:107) [flink-dist_2.12-1.13.6.jar:1.13.6]
Caused by: akka.pattern.AskTimeoutException: Ask timed out on [Actor[akka.tcp://flink@172.16.0.162:6123/user/rpc/jobmanager_2#5895618]] after [10000 ms]. Message of type [org.apache.flink.runtime.rpc.messages.RemoteFencedMessage]. A typical reason for `AskTimeoutException` is that the recipient actor didn't send a reply.
	at akka.pattern.PromiseActorRef$.$anonfun$defaultOnTimeout$1(AskSupport.scala:635) ~[flink-dist_2.12-1.13.6.jar:1.13.6]
	at akka.pattern.PromiseActorRef$.$anonfun$apply$1(AskSupport.scala:650) ~[flink-dist_2.12-1.13.6.jar:1.13.6]
	at akka.actor.Scheduler$$anon$4.run(Scheduler.scala:205) ~[flink-dist_2.12-1.13.6.jar:1.13.6]
	at scala.concurrent.Future$InternalCallbackExecutor$.unbatchedExecute(Future.scala:870) ~[flink-dist_2.12-1.13.6.jar:1.13.6]
	at scala.concurrent.BatchingExecutor.execute(BatchingExecutor.scala:109) ~[flink-dist_2.12-1.13.6.jar:1.13.6]
	at scala.concurrent.BatchingExecutor.execute$(BatchingExecutor.scala:103) ~[flink-dist_2.12-1.13.6.jar:1.13.6]
	at scala.concurrent.Future$InternalCallbackExecutor$.execute(Future.scala:868) ~[flink-dist_2.12-1.13.6.jar:1.13.6]
	at akka.actor.LightArrayRevolverScheduler$TaskHolder.executeTask(LightArrayRevolverScheduler.scala:328) ~[flink-dist_2.12-1.13.6.jar:1.13.6]
	at akka.actor.LightArrayRevolverScheduler$$anon$3.executeBucket$1(LightArrayRevolverScheduler.scala:279) ~[flink-dist_2.12-1.13.6.jar:1.13.6]
	at akka.actor.LightArrayRevolverScheduler$$anon$3.nextTick(LightArrayRevolverScheduler.scala:283) ~[flink-dist_2.12-1.13.6.jar:1.13.6]
	at akka.actor.LightArrayRevolverScheduler$$anon$3.run(LightArrayRevolverScheduler.scala:235) ~[flink-dist_2.12-1.13.6.jar:1.13.6]
	at java.lang.Thread.run(Unknown Source) ~[?:?]
2026-10-01 03:21:27,146 INFO  org.apache.flink.runtime.taskexecutor.TaskExecutor           [] - Cannot find task to fail for execution 35efe4aa977ce3b4aebaccf2b2d68a85 with exception:
java.util.concurrent.TimeoutException: Invocation of public abstract java.util.concurrent.CompletableFuture org.apache.flink.runtime.jobmaster.JobMasterGateway.updateTaskExecutionState(org.apache.flink.runtime.taskmanager.TaskExecutionState) timed out.
	at com.sun.proxy.$Proxy25.updateTaskExecutionState(Unknown Source) ~[?:?]
	at org.apache.flink.runtime.taskexecutor.TaskExecutor.updateTaskExecutionState(TaskExecutor.java:1852) ~[flink-dist_2.12-1.13.6.jar:1.13.6]
	at org.apache.flink.runtime.taskexecutor.TaskExecutor.unregisterTaskAndNotifyFinalState(TaskExecutor.java:1885) ~[flink-dist_2.12-1.13.6.jar:1.13.6]
	at org.apache.flink.runtime.taskexecutor.TaskExecutor.access$2600(TaskExecutor.java:181) ~[flink-dist_2.12-1.13.6.jar:1.13.6]
	at org.apache.flink.runtime.taskexecutor.TaskExecutor$TaskManagerActionsImpl.lambda$updateTaskExecutionState$1(TaskExecutor.java:2289) ~[flink-dist_2.12-1.13.6.jar:1.13.6]
	at org.apache.flink.runtime.rpc.akka.AkkaRpcActor.handleRunAsync(AkkaRpcActor.java:440) ~[flink-dist_2.12-1.13.6.jar:1.13.6]
	at org.apache.flink.runtime.rpc.akka.AkkaRpcActor.handleRpcMessage(AkkaRpcActor.java:208) ~[flink-dist_2.12-1.13.6.jar:1.13.6]
	at org.apache.flink.runtime.rpc.akka.AkkaRpcActor.handleMessage(AkkaRpcActor.java:158) ~[flink-dist_2.12-1.13.6.jar:1.13.6]
	at akka.japi.pf.UnitCaseStatement.apply(CaseStatements.scala:26) [flink-dist_2.12-1.13.6.jar:1.13.6]
	at akka.japi.pf.UnitCaseStatement.apply(CaseStatements.scala:21) [flink-dist_2.12-1.13.6.jar:1.13.6]
	at scala.PartialFunction.applyOrElse(PartialFunction.scala:123) [flink-dist_2.12-1.13.6.jar:1.13.6]
	at scala.PartialFunction.applyOrElse$(PartialFunction.scala:122) [flink-dist_2.12-1.13.6.jar:1.13.6]
	at akka.japi.pf.UnitCaseStatement.applyOrElse(CaseStatements.scala:21) [flink-dist_2.12-1.13.6.jar:1.13.6]
	at scala.PartialFunction$OrElse.applyOrElse(PartialFunction.scala:171) [flink-dist_2.12-1.13.6.jar:1.13.6]
	at scala.PartialFunction$OrElse.applyOrElse(PartialFunction.scala:172) [flink-dist_2.12-1.13.6.jar:1.13.6]
	at scala.PartialFunction$OrElse.applyOrElse(PartialFunction.scala:172) [flink-dist_2.12-1.13.6.jar:1.13.6]
	at akka.actor.Actor.aroundReceive(Actor.scala:517) [flink-dist_2.12-1.13.6.jar:1.13.6]
	at akka.actor.Actor.aroundReceive$(Actor.scala:515) [flink-dist_2.12-1.13.6.jar:1.13.6]
	at akka.actor.AbstractActor.aroundReceive(AbstractActor.scala:225) [flink-dist_2.12-1.13.6.jar:1.13.6]
	at akka.actor.ActorCell.receiveMessage(ActorCell.scala:592) [flink-dist_2.12-1.13.6.jar:1.13.6]
	at akka.actor.ActorCell.invoke(ActorCell.scala:561) [flink-dist_2.12-1.13.6.jar:1.13.6]
	at akka.dispatch.Mailbox.processMailbox(Mailbox.scala:258) [flink-dist_2.12-1.13.6.jar:1.13.6]
	at akka.dispatch.Mailbox.run(Mailbox.scala:225) [flink-dist_2.12-1.13.6.jar:1.13.6]
	at akka.dispatch.Mailbox.exec(Mailbox.scala:235) [flink-dist_2.12-1.13.6.jar:1.13.6]
	at akka.dispatch.forkjoin.ForkJoinTask.doExec(ForkJoinTask.java:260) [flink-dist_2.12-1.13.6.jar:1.13.6]
	at akka.dispatch.forkjoin.ForkJoinPool$WorkQueue.runTask(ForkJoinPool.java:1339) [flink-dist_2.12-1.13.6.jar:1.13.6]
	at akka.dispatch.forkjoin.ForkJoinPool.runWorker(ForkJoinPool.java:1979) [flink-dist_2.12-1.13.6.jar:1.13.6]
	at akka.dispatch.forkjoin.ForkJoinWorkerThread.run(ForkJoinWorkerThread.java:107) [flink-dist_2.12-1.13.6.jar:1.13.6]
Caused by: akka.pattern.AskTimeoutException: Ask timed out on [Actor[akka.tcp://flink@172.16.0.162:6123/user/rpc/jobmanager_2#5895618]] after [10000 ms]. Message of type [org.apache.flink.runtime.rpc.messages.RemoteFencedMessage]. A typical reason for `AskTimeoutException` is that the recipient actor didn't send a reply.
	at akka.pattern.PromiseActorRef$.$anonfun$defaultOnTimeout$1(AskSupport.scala:635) ~[flink-dist_2.12-1.13.6.jar:1.13.6]
	at akka.pattern.PromiseActorRef$.$anonfun$apply$1(AskSupport.scala:650) ~[flink-dist_2.12-1.13.6.jar:1.13.6]
	at akka.actor.Scheduler$$anon$4.run(Scheduler.scala:205) ~[flink-dist_2.12-1.13.6.jar:1.13.6]
	at scala.concurrent.Future$InternalCallbackExecutor$.unbatchedExecute(Future.scala:870) ~[flink-dist_2.12-1.13.6.jar:1.13.6]
	at scala.concurrent.BatchingExecutor.execute(BatchingExecutor.scala:109) ~[flink-dist_2.12-1.13.6.jar:1.13.6]
	at scala.concurrent.BatchingExecutor.execute$(BatchingExecutor.scala:103) ~[flink-dist_2.12-1.13.6.jar:1.13.6]
	at scala.concurrent.Future$InternalCallbackExecutor$.execute(Future.scala:868) ~[flink-dist_2.12-1.13.6.jar:1.13.6]
	at akka.actor.LightArrayRevolverScheduler$TaskHolder.executeTask(LightArrayRevolverScheduler.scala:328) ~[flink-dist_2.12-1.13.6.jar:1.13.6]
	at akka.actor.LightArrayRevolverScheduler$$anon$3.executeBucket$1(LightArrayRevolverScheduler.scala:279) ~[flink-dist_2.12-1.13.6.jar:1.13.6]
	at akka.actor.LightArrayRevolverScheduler$$anon$3.nextTick(LightArrayRevolverScheduler.scala:283) ~[flink-dist_2.12-1.13.6.jar:1.13.6]
	at akka.actor.LightArrayRevolverScheduler$$anon$3.run(LightArrayRevolverScheduler.scala:235) ~[flink-dist_2.12-1.13.6.jar:1.13.6]
	at java.lang.Thread.run(Unknown Source) ~[?:?]
2026-10-01 03:21:27,205 INFO  org.apache.flink.runtime.taskexecutor.TaskExecutor           [] - Cannot find task to fail for execution 8ba6cc26c4cd8fa538c5700e5af5a791 with exception:
java.util.concurrent.TimeoutException: Invocation of public abstract java.util.concurrent.CompletableFuture org.apache.flink.runtime.jobmaster.JobMasterGateway.updateTaskExecutionState(org.apache.flink.runtime.taskmanager.TaskExecutionState) timed out.
	at com.sun.proxy.$Proxy25.updateTaskExecutionState(Unknown Source) ~[?:?]
	at org.apache.flink.runtime.taskexecutor.TaskExecutor.updateTaskExecutionState(TaskExecutor.java:1852) ~[flink-dist_2.12-1.13.6.jar:1.13.6]
	at org.apache.flink.runtime.taskexecutor.TaskExecutor.unregisterTaskAndNotifyFinalState(TaskExecutor.java:1885) ~[flink-dist_2.12-1.13.6.jar:1.13.6]
	at org.apache.flink.runtime.taskexecutor.TaskExecutor.access$2600(TaskExecutor.java:181) ~[flink-dist_2.12-1.13.6.jar:1.13.6]
	at org.apache.flink.runtime.taskexecutor.TaskExecutor$TaskManagerActionsImpl.lambda$updateTaskExecutionState$1(TaskExecutor.java:2289) ~[flink-dist_2.12-1.13.6.jar:1.13.6]
	at org.apache.flink.runtime.rpc.akka.AkkaRpcActor.handleRunAsync(AkkaRpcActor.java:440) ~[flink-dist_2.12-1.13.6.jar:1.13.6]
	at org.apache.flink.runtime.rpc.akka.AkkaRpcActor.handleRpcMessage(AkkaRpcActor.java:208) ~[flink-dist_2.12-1.13.6.jar:1.13.6]
	at org.apache.flink.runtime.rpc.akka.AkkaRpcActor.handleMessage(AkkaRpcActor.java:158) ~[flink-dist_2.12-1.13.6.jar:1.13.6]
	at akka.japi.pf.UnitCaseStatement.apply(CaseStatements.scala:26) [flink-dist_2.12-1.13.6.jar:1.13.6]
	at akka.japi.pf.UnitCaseStatement.apply(CaseStatements.scala:21) [flink-dist_2.12-1.13.6.jar:1.13.6]
	at scala.PartialFunction.applyOrElse(PartialFunction.scala:123) [flink-dist_2.12-1.13.6.jar:1.13.6]
	at scala.PartialFunction.applyOrElse$(PartialFunction.scala:122) [flink-dist_2.12-1.13.6.jar:1.13.6]
	at akka.japi.pf.UnitCaseStatement.applyOrElse(CaseStatements.scala:21) [flink-dist_2.12-1.13.6.jar:1.13.6]
	at scala.PartialFunction$OrElse.applyOrElse(PartialFunction.scala:171) [flink-dist_2.12-1.13.6.jar:1.13.6]
	at scala.PartialFunction$OrElse.applyOrElse(PartialFunction.scala:172) [flink-dist_2.12-1.13.6.jar:1.13.6]
	at scala.PartialFunction$OrElse.applyOrElse(PartialFunction.scala:172) [flink-dist_2.12-1.13.6.jar:1.13.6]
	at akka.actor.Actor.aroundReceive(Actor.scala:517) [flink-dist_2.12-1.13.6.jar:1.13.6]
	at akka.actor.Actor.aroundReceive$(Actor.scala:515) [flink-dist_2.12-1.13.6.jar:1.13.6]
	at akka.actor.AbstractActor.aroundReceive(AbstractActor.scala:225) [flink-dist_2.12-1.13.6.jar:1.13.6]
	at akka.actor.ActorCell.receiveMessage(ActorCell.scala:592) [flink-dist_2.12-1.13.6.jar:1.13.6]
	at akka.actor.ActorCell.invoke(ActorCell.scala:561) [flink-dist_2.12-1.13.6.jar:1.13.6]
	at akka.dispatch.Mailbox.processMailbox(Mailbox.scala:258) [flink-dist_2.12-1.13.6.jar:1.13.6]
	at akka.dispatch.Mailbox.run(Mailbox.scala:225) [flink-dist_2.12-1.13.6.jar:1.13.6]
	at akka.dispatch.Mailbox.exec(Mailbox.scala:235) [flink-dist_2.12-1.13.6.jar:1.13.6]
	at akka.dispatch.forkjoin.ForkJoinTask.doExec(ForkJoinTask.java:260) [flink-dist_2.12-1.13.6.jar:1.13.6]
	at akka.dispatch.forkjoin.ForkJoinPool$WorkQueue.runTask(ForkJoinPool.java:1339) [flink-dist_2.12-1.13.6.jar:1.13.6]
	at akka.dispatch.forkjoin.ForkJoinPool.runWorker(ForkJoinPool.java:1979) [flink-dist_2.12-1.13.6.jar:1.13.6]
	at akka.dispatch.forkjoin.ForkJoinWorkerThread.run(ForkJoinWorkerThread.java:107) [flink-dist_2.12-1.13.6.jar:1.13.6]
Caused by: akka.pattern.AskTimeoutException: Ask timed out on [Actor[akka.tcp://flink@172.16.0.162:6123/user/rpc/jobmanager_2#5895618]] after [10000 ms]. Message of type [org.apache.flink.runtime.rpc.messages.RemoteFencedMessage]. A typical reason for `AskTimeoutException` is that the recipient actor didn't send a reply.
	at akka.pattern.PromiseActorRef$.$anonfun$defaultOnTimeout$1(AskSupport.scala:635) ~[flink-dist_2.12-1.13.6.jar:1.13.6]
	at akka.pattern.PromiseActorRef$.$anonfun$apply$1(AskSupport.scala:650) ~[flink-dist_2.12-1.13.6.jar:1.13.6]
	at akka.actor.Scheduler$$anon$4.run(Scheduler.scala:205) ~[flink-dist_2.12-1.13.6.jar:1.13.6]
	at scala.concurrent.Future$InternalCallbackExecutor$.unbatchedExecute(Future.scala:870) ~[flink-dist_2.12-1.13.6.jar:1.13.6]
	at scala.concurrent.BatchingExecutor.execute(BatchingExecutor.scala:109) ~[flink-dist_2.12-1.13.6.jar:1.13.6]
	at scala.concurrent.BatchingExecutor.execute$(BatchingExecutor.scala:103) ~[flink-dist_2.12-1.13.6.jar:1.13.6]
	at scala.concurrent.Future$InternalCallbackExecutor$.execute(Future.scala:868) ~[flink-dist_2.12-1.13.6.jar:1.13.6]
	at akka.actor.LightArrayRevolverScheduler$TaskHolder.executeTask(LightArrayRevolverScheduler.scala:328) ~[flink-dist_2.12-1.13.6.jar:1.13.6]
	at akka.actor.LightArrayRevolverScheduler$$anon$3.executeBucket$1(LightArrayRevolverScheduler.scala:279) ~[flink-dist_2.12-1.13.6.jar:1.13.6]
	at akka.actor.LightArrayRevolverScheduler$$anon$3.nextTick(LightArrayRevolverScheduler.scala:283) ~[flink-dist_2.12-1.13.6.jar:1.13.6]
	at akka.actor.LightArrayRevolverScheduler$$anon$3.run(LightArrayRevolverScheduler.scala:235) ~[flink-dist_2.12-1.13.6.jar:1.13.6]
	at java.lang.Thread.run(Unknown Source) ~[?:?]
2026-10-01 03:21:27,226 INFO  org.apache.flink.runtime.taskexecutor.TaskExecutor           [] - Cannot find task to fail for execution 8b107b4acf8c1a81edd5d60baadd5357 with exception:
java.util.concurrent.TimeoutException: Invocation of public abstract java.util.concurrent.CompletableFuture org.apache.flink.runtime.jobmaster.JobMasterGateway.updateTaskExecutionState(org.apache.flink.runtime.taskmanager.TaskExecutionState) timed out.
	at com.sun.proxy.$Proxy25.updateTaskExecutionState(Unknown Source) ~[?:?]
	at org.apache.flink.runtime.taskexecutor.TaskExecutor.updateTaskExecutionState(TaskExecutor.java:1852) ~[flink-dist_2.12-1.13.6.jar:1.13.6]
	at org.apache.flink.runtime.taskexecutor.TaskExecutor.unregisterTaskAndNotifyFinalState(TaskExecutor.java:1885) ~[flink-dist_2.12-1.13.6.jar:1.13.6]
	at org.apache.flink.runtime.taskexecutor.TaskExecutor.access$2600(TaskExecutor.java:181) ~[flink-dist_2.12-1.13.6.jar:1.13.6]
	at org.apache.flink.runtime.taskexecutor.TaskExecutor$TaskManagerActionsImpl.lambda$updateTaskExecutionState$1(TaskExecutor.java:2289) ~[flink-dist_2.12-1.13.6.jar:1.13.6]
	at org.apache.flink.runtime.rpc.akka.AkkaRpcActor.handleRunAsync(AkkaRpcActor.java:440) ~[flink-dist_2.12-1.13.6.jar:1.13.6]
	at org.apache.flink.runtime.rpc.akka.AkkaRpcActor.handleRpcMessage(AkkaRpcActor.java:208) ~[flink-dist_2.12-1.13.6.jar:1.13.6]
	at org.apache.flink.runtime.rpc.akka.AkkaRpcActor.handleMessage(AkkaRpcActor.java:158) ~[flink-dist_2.12-1.13.6.jar:1.13.6]
	at akka.japi.pf.UnitCaseStatement.apply(CaseStatements.scala:26) [flink-dist_2.12-1.13.6.jar:1.13.6]
	at akka.japi.pf.UnitCaseStatement.apply(CaseStatements.scala:21) [flink-dist_2.12-1.13.6.jar:1.13.6]
	at scala.PartialFunction.applyOrElse(PartialFunction.scala:123) [flink-dist_2.12-1.13.6.jar:1.13.6]
	at scala.PartialFunction.applyOrElse$(PartialFunction.scala:122) [flink-dist_2.12-1.13.6.jar:1.13.6]
	at akka.japi.pf.UnitCaseStatement.applyOrElse(CaseStatements.scala:21) [flink-dist_2.12-1.13.6.jar:1.13.6]
	at scala.PartialFunction$OrElse.applyOrElse(PartialFunction.scala:171) [flink-dist_2.12-1.13.6.jar:1.13.6]
	at scala.PartialFunction$OrElse.applyOrElse(PartialFunction.scala:172) [flink-dist_2.12-1.13.6.jar:1.13.6]
	at scala.PartialFunction$OrElse.applyOrElse(PartialFunction.scala:172) [flink-dist_2.12-1.13.6.jar:1.13.6]
	at akka.actor.Actor.aroundReceive(Actor.scala:517) [flink-dist_2.12-1.13.6.jar:1.13.6]
	at akka.actor.Actor.aroundReceive$(Actor.scala:515) [flink-dist_2.12-1.13.6.jar:1.13.6]
	at akka.actor.AbstractActor.aroundReceive(AbstractActor.scala:225) [flink-dist_2.12-1.13.6.jar:1.13.6]
	at akka.actor.ActorCell.receiveMessage(ActorCell.scala:592) [flink-dist_2.12-1.13.6.jar:1.13.6]
	at akka.actor.ActorCell.invoke(ActorCell.scala:561) [flink-dist_2.12-1.13.6.jar:1.13.6]
	at akka.dispatch.Mailbox.processMailbox(Mailbox.scala:258) [flink-dist_2.12-1.13.6.jar:1.13.6]
	at akka.dispatch.Mailbox.run(Mailbox.scala:225) [flink-dist_2.12-1.13.6.jar:1.13.6]
	at akka.dispatch.Mailbox.exec(Mailbox.scala:235) [flink-dist_2.12-1.13.6.jar:1.13.6]
	at akka.dispatch.forkjoin.ForkJoinTask.doExec(ForkJoinTask.java:260) [flink-dist_2.12-1.13.6.jar:1.13.6]
	at akka.dispatch.forkjoin.ForkJoinPool$WorkQueue.runTask(ForkJoinPool.java:1339) [flink-dist_2.12-1.13.6.jar:1.13.6]
	at akka.dispatch.forkjoin.ForkJoinPool.runWorker(ForkJoinPool.java:1979) [flink-dist_2.12-1.13.6.jar:1.13.6]
	at akka.dispatch.forkjoin.ForkJoinWorkerThread.run(ForkJoinWorkerThread.java:107) [flink-dist_2.12-1.13.6.jar:1.13.6]
Caused by: akka.pattern.AskTimeoutException: Ask timed out on [Actor[akka.tcp://flink@172.16.0.162:6123/user/rpc/jobmanager_2#5895618]] after [10000 ms]. Message of type [org.apache.flink.runtime.rpc.messages.RemoteFencedMessage]. A typical reason for `AskTimeoutException` is that the recipient actor didn't send a reply.
	at akka.pattern.PromiseActorRef$.$anonfun$defaultOnTimeout$1(AskSupport.scala:635) ~[flink-dist_2.12-1.13.6.jar:1.13.6]
	at akka.pattern.PromiseActorRef$.$anonfun$apply$1(AskSupport.scala:650) ~[flink-dist_2.12-1.13.6.jar:1.13.6]
	at akka.actor.Scheduler$$anon$4.run(Scheduler.scala:205) ~[flink-dist_2.12-1.13.6.jar:1.13.6]
	at scala.concurrent.Future$InternalCallbackExecutor$.unbatchedExecute(Future.scala:870) ~[flink-dist_2.12-1.13.6.jar:1.13.6]
	at scala.concurrent.BatchingExecutor.execute(BatchingExecutor.scala:109) ~[flink-dist_2.12-1.13.6.jar:1.13.6]
	at scala.concurrent.BatchingExecutor.execute$(BatchingExecutor.scala:103) ~[flink-dist_2.12-1.13.6.jar:1.13.6]
	at scala.concurrent.Future$InternalCallbackExecutor$.execute(Future.scala:868) ~[flink-dist_2.12-1.13.6.jar:1.13.6]
	at akka.actor.LightArrayRevolverScheduler$TaskHolder.executeTask(LightArrayRevolverScheduler.scala:328) ~[flink-dist_2.12-1.13.6.jar:1.13.6]
	at akka.actor.LightArrayRevolverScheduler$$anon$3.executeBucket$1(LightArrayRevolverScheduler.scala:279) ~[flink-dist_2.12-1.13.6.jar:1.13.6]
	at akka.actor.LightArrayRevolverScheduler$$anon$3.nextTick(LightArrayRevolverScheduler.scala:283) ~[flink-dist_2.12-1.13.6.jar:1.13.6]
	at akka.actor.LightArrayRevolverScheduler$$anon$3.run(LightArrayRevolverScheduler.scala:235) ~[flink-dist_2.12-1.13.6.jar:1.13.6]
	at java.lang.Thread.run(Unknown Source) ~[?:?]
2026-10-01 03:21:27,246 INFO  org.apache.flink.runtime.taskexecutor.TaskExecutor           [] - Cannot find task to fail for execution 7f2d07ee1e32fd69d4489b20cb71e0bc with exception:
java.util.concurrent.TimeoutException: Invocation of public abstract java.util.concurrent.CompletableFuture org.apache.flink.runtime.jobmaster.JobMasterGateway.updateTaskExecutionState(org.apache.flink.runtime.taskmanager.TaskExecutionState) timed out.
	at com.sun.proxy.$Proxy25.updateTaskExecutionState(Unknown Source) ~[?:?]
	at org.apache.flink.runtime.taskexecutor.TaskExecutor.updateTaskExecutionState(TaskExecutor.java:1852) ~[flink-dist_2.12-1.13.6.jar:1.13.6]
	at org.apache.flink.runtime.taskexecutor.TaskExecutor.unregisterTaskAndNotifyFinalState(TaskExecutor.java:1885) ~[flink-dist_2.12-1.13.6.jar:1.13.6]
	at org.apache.flink.runtime.taskexecutor.TaskExecutor.access$2600(TaskExecutor.java:181) ~[flink-dist_2.12-1.13.6.jar:1.13.6]
	at org.apache.flink.runtime.taskexecutor.TaskExecutor$TaskManagerActionsImpl.lambda$updateTaskExecutionState$1(TaskExecutor.java:2289) ~[flink-dist_2.12-1.13.6.jar:1.13.6]
	at org.apache.flink.runtime.rpc.akka.AkkaRpcActor.handleRunAsync(AkkaRpcActor.java:440) ~[flink-dist_2.12-1.13.6.jar:1.13.6]
	at org.apache.flink.runtime.rpc.akka.AkkaRpcActor.handleRpcMessage(AkkaRpcActor.java:208) ~[flink-dist_2.12-1.13.6.jar:1.13.6]
	at org.apache.flink.runtime.rpc.akka.AkkaRpcActor.handleMessage(AkkaRpcActor.java:158) ~[flink-dist_2.12-1.13.6.jar:1.13.6]
	at akka.japi.pf.UnitCaseStatement.apply(CaseStatements.scala:26) [flink-dist_2.12-1.13.6.jar:1.13.6]
	at akka.japi.pf.UnitCaseStatement.apply(CaseStatements.scala:21) [flink-dist_2.12-1.13.6.jar:1.13.6]
	at scala.PartialFunction.applyOrElse(PartialFunction.scala:123) [flink-dist_2.12-1.13.6.jar:1.13.6]
	at scala.PartialFunction.applyOrElse$(PartialFunction.scala:122) [flink-dist_2.12-1.13.6.jar:1.13.6]
	at akka.japi.pf.UnitCaseStatement.applyOrElse(CaseStatements.scala:21) [flink-dist_2.12-1.13.6.jar:1.13.6]
	at scala.PartialFunction$OrElse.applyOrElse(PartialFunction.scala:171) [flink-dist_2.12-1.13.6.jar:1.13.6]
	at scala.PartialFunction$OrElse.applyOrElse(PartialFunction.scala:172) [flink-dist_2.12-1.13.6.jar:1.13.6]
	at scala.PartialFunction$OrElse.applyOrElse(PartialFunction.scala:172) [flink-dist_2.12-1.13.6.jar:1.13.6]
	at akka.actor.Actor.aroundReceive(Actor.scala:517) [flink-dist_2.12-1.13.6.jar:1.13.6]
	at akka.actor.Actor.aroundReceive$(Actor.scala:515) [flink-dist_2.12-1.13.6.jar:1.13.6]
	at akka.actor.AbstractActor.aroundReceive(AbstractActor.scala:225) [flink-dist_2.12-1.13.6.jar:1.13.6]
	at akka.actor.ActorCell.receiveMessage(ActorCell.scala:592) [flink-dist_2.12-1.13.6.jar:1.13.6]
	at akka.actor.ActorCell.invoke(ActorCell.scala:561) [flink-dist_2.12-1.13.6.jar:1.13.6]
	at akka.dispatch.Mailbox.processMailbox(Mailbox.scala:258) [flink-dist_2.12-1.13.6.jar:1.13.6]
	at akka.dispatch.Mailbox.run(Mailbox.scala:225) [flink-dist_2.12-1.13.6.jar:1.13.6]
	at akka.dispatch.Mailbox.exec(Mailbox.scala:235) [flink-dist_2.12-1.13.6.jar:1.13.6]
	at akka.dispatch.forkjoin.ForkJoinTask.doExec(ForkJoinTask.java:260) [flink-dist_2.12-1.13.6.jar:1.13.6]
	at akka.dispatch.forkjoin.ForkJoinPool$WorkQueue.runTask(ForkJoinPool.java:1339) [flink-dist_2.12-1.13.6.jar:1.13.6]
	at akka.dispatch.forkjoin.ForkJoinPool.runWorker(ForkJoinPool.java:1979) [flink-dist_2.12-1.13.6.jar:1.13.6]
	at akka.dispatch.forkjoin.ForkJoinWorkerThread.run(ForkJoinWorkerThread.java:107) [flink-dist_2.12-1.13.6.jar:1.13.6]
Caused by: akka.pattern.AskTimeoutException: Ask timed out on [Actor[akka.tcp://flink@172.16.0.162:6123/user/rpc/jobmanager_2#5895618]] after [10000 ms]. Message of type [org.apache.flink.runtime.rpc.messages.RemoteFencedMessage]. A typical reason for `AskTimeoutException` is that the recipient actor didn't send a reply.
	at akka.pattern.PromiseActorRef$.$anonfun$defaultOnTimeout$1(AskSupport.scala:635) ~[flink-dist_2.12-1.13.6.jar:1.13.6]
	at akka.pattern.PromiseActorRef$.$anonfun$apply$1(AskSupport.scala:650) ~[flink-dist_2.12-1.13.6.jar:1.13.6]
	at akka.actor.Scheduler$$anon$4.run(Scheduler.scala:205) ~[flink-dist_2.12-1.13.6.jar:1.13.6]
	at scala.concurrent.Future$InternalCallbackExecutor$.unbatchedExecute(Future.scala:870) ~[flink-dist_2.12-1.13.6.jar:1.13.6]
	at scala.concurrent.BatchingExecutor.execute(BatchingExecutor.scala:109) ~[flink-dist_2.12-1.13.6.jar:1.13.6]
	at scala.concurrent.BatchingExecutor.execute$(BatchingExecutor.scala:103) ~[flink-dist_2.12-1.13.6.jar:1.13.6]
	at scala.concurrent.Future$InternalCallbackExecutor$.execute(Future.scala:868) ~[flink-dist_2.12-1.13.6.jar:1.13.6]
	at akka.actor.LightArrayRevolverScheduler$TaskHolder.executeTask(LightArrayRevolverScheduler.scala:328) ~[flink-dist_2.12-1.13.6.jar:1.13.6]
	at akka.actor.LightArrayRevolverScheduler$$anon$3.executeBucket$1(LightArrayRevolverScheduler.scala:279) ~[flink-dist_2.12-1.13.6.jar:1.13.6]
	at akka.actor.LightArrayRevolverScheduler$$anon$3.nextTick(LightArrayRevolverScheduler.scala:283) ~[flink-dist_2.12-1.13.6.jar:1.13.6]
	at akka.actor.LightArrayRevolverScheduler$$anon$3.run(LightArrayRevolverScheduler.scala:235) ~[flink-dist_2.12-1.13.6.jar:1.13.6]
	at java.lang.Thread.run(Unknown Source) ~[?:?]
2026-10-01 03:21:27,247 INFO  org.apache.flink.runtime.taskexecutor.TaskExecutor           [] - Cannot find task to fail for execution 67e0f0a8278630066d5a55fdf02242c1 with exception:
java.util.concurrent.TimeoutException: Invocation of public abstract java.util.concurrent.CompletableFuture org.apache.flink.runtime.jobmaster.JobMasterGateway.updateTaskExecutionState(org.apache.flink.runtime.taskmanager.TaskExecutionState) timed out.
	at com.sun.proxy.$Proxy25.updateTaskExecutionState(Unknown Source) ~[?:?]
	at org.apache.flink.runtime.taskexecutor.TaskExecutor.updateTaskExecutionState(TaskExecutor.java:1852) ~[flink-dist_2.12-1.13.6.jar:1.13.6]
	at org.apache.flink.runtime.taskexecutor.TaskExecutor.unregisterTaskAndNotifyFinalState(TaskExecutor.java:1885) ~[flink-dist_2.12-1.13.6.jar:1.13.6]
	at org.apache.flink.runtime.taskexecutor.TaskExecutor.access$2600(TaskExecutor.java:181) ~[flink-dist_2.12-1.13.6.jar:1.13.6]
	at org.apache.flink.runtime.taskexecutor.TaskExecutor$TaskManagerActionsImpl.lambda$updateTaskExecutionState$1(TaskExecutor.java:2289) ~[flink-dist_2.12-1.13.6.jar:1.13.6]
	at org.apache.flink.runtime.rpc.akka.AkkaRpcActor.handleRunAsync(AkkaRpcActor.java:440) ~[flink-dist_2.12-1.13.6.jar:1.13.6]
	at org.apache.flink.runtime.rpc.akka.AkkaRpcActor.handleRpcMessage(AkkaRpcActor.java:208) ~[flink-dist_2.12-1.13.6.jar:1.13.6]
	at org.apache.flink.runtime.rpc.akka.AkkaRpcActor.handleMessage(AkkaRpcActor.java:158) ~[flink-dist_2.12-1.13.6.jar:1.13.6]
	at akka.japi.pf.UnitCaseStatement.apply(CaseStatements.scala:26) [flink-dist_2.12-1.13.6.jar:1.13.6]
	at akka.japi.pf.UnitCaseStatement.apply(CaseStatements.scala:21) [flink-dist_2.12-1.13.6.jar:1.13.6]
	at scala.PartialFunction.applyOrElse(PartialFunction.scala:123) [flink-dist_2.12-1.13.6.jar:1.13.6]
	at scala.PartialFunction.applyOrElse$(PartialFunction.scala:122) [flink-dist_2.12-1.13.6.jar:1.13.6]
	at akka.japi.pf.UnitCaseStatement.applyOrElse(CaseStatements.scala:21) [flink-dist_2.12-1.13.6.jar:1.13.6]
	at scala.PartialFunction$OrElse.applyOrElse(PartialFunction.scala:171) [flink-dist_2.12-1.13.6.jar:1.13.6]
	at scala.PartialFunction$OrElse.applyOrElse(PartialFunction.scala:172) [flink-dist_2.12-1.13.6.jar:1.13.6]
	at scala.PartialFunction$OrElse.applyOrElse(PartialFunction.scala:172) [flink-dist_2.12-1.13.6.jar:1.13.6]
	at akka.actor.Actor.aroundReceive(Actor.scala:517) [flink-dist_2.12-1.13.6.jar:1.13.6]
	at akka.actor.Actor.aroundReceive$(Actor.scala:515) [flink-dist_2.12-1.13.6.jar:1.13.6]
	at akka.actor.AbstractActor.aroundReceive(AbstractActor.scala:225) [flink-dist_2.12-1.13.6.jar:1.13.6]
	at akka.actor.ActorCell.receiveMessage(ActorCell.scala:592) [flink-dist_2.12-1.13.6.jar:1.13.6]
	at akka.actor.ActorCell.invoke(ActorCell.scala:561) [flink-dist_2.12-1.13.6.jar:1.13.6]
	at akka.dispatch.Mailbox.processMailbox(Mailbox.scala:258) [flink-dist_2.12-1.13.6.jar:1.13.6]
	at akka.dispatch.Mailbox.run(Mailbox.scala:225) [flink-dist_2.12-1.13.6.jar:1.13.6]
	at akka.dispatch.Mailbox.exec(Mailbox.scala:235) [flink-dist_2.12-1.13.6.jar:1.13.6]
	at akka.dispatch.forkjoin.ForkJoinTask.doExec(ForkJoinTask.java:260) [flink-dist_2.12-1.13.6.jar:1.13.6]
	at akka.dispatch.forkjoin.ForkJoinPool$WorkQueue.runTask(ForkJoinPool.java:1339) [flink-dist_2.12-1.13.6.jar:1.13.6]
	at akka.dispatch.forkjoin.ForkJoinPool.runWorker(ForkJoinPool.java:1979) [flink-dist_2.12-1.13.6.jar:1.13.6]
	at akka.dispatch.forkjoin.ForkJoinWorkerThread.run(ForkJoinWorkerThread.java:107) [flink-dist_2.12-1.13.6.jar:1.13.6]
Caused by: akka.pattern.AskTimeoutException: Ask timed out on [Actor[akka.tcp://flink@172.16.0.162:6123/user/rpc/jobmanager_2#5895618]] after [10000 ms]. Message of type [org.apache.flink.runtime.rpc.messages.RemoteFencedMessage]. A typical reason for `AskTimeoutException` is that the recipient actor didn't send a reply.
	at akka.pattern.PromiseActorRef$.$anonfun$defaultOnTimeout$1(AskSupport.scala:635) ~[flink-dist_2.12-1.13.6.jar:1.13.6]
	at akka.pattern.PromiseActorRef$.$anonfun$apply$1(AskSupport.scala:650) ~[flink-dist_2.12-1.13.6.jar:1.13.6]
	at akka.actor.Scheduler$$anon$4.run(Scheduler.scala:205) ~[flink-dist_2.12-1.13.6.jar:1.13.6]
	at scala.concurrent.Future$InternalCallbackExecutor$.unbatchedExecute(Future.scala:870) ~[flink-dist_2.12-1.13.6.jar:1.13.6]
	at scala.concurrent.BatchingExecutor.execute(BatchingExecutor.scala:109) ~[flink-dist_2.12-1.13.6.jar:1.13.6]
	at scala.concurrent.BatchingExecutor.execute$(BatchingExecutor.scala:103) ~[flink-dist_2.12-1.13.6.jar:1.13.6]
	at scala.concurrent.Future$InternalCallbackExecutor$.execute(Future.scala:868) ~[flink-dist_2.12-1.13.6.jar:1.13.6]
	at akka.actor.LightArrayRevolverScheduler$TaskHolder.executeTask(LightArrayRevolverScheduler.scala:328) ~[flink-dist_2.12-1.13.6.jar:1.13.6]
	at akka.actor.LightArrayRevolverScheduler$$anon$3.executeBucket$1(LightArrayRevolverScheduler.scala:279) ~[flink-dist_2.12-1.13.6.jar:1.13.6]
	at akka.actor.LightArrayRevolverScheduler$$anon$3.nextTick(LightArrayRevolverScheduler.scala:283) ~[flink-dist_2.12-1.13.6.jar:1.13.6]
	at akka.actor.LightArrayRevolverScheduler$$anon$3.run(LightArrayRevolverScheduler.scala:235) ~[flink-dist_2.12-1.13.6.jar:1.13.6]
	at java.lang.Thread.run(Unknown Source) ~[?:?]
2026-10-01 03:21:27,255 INFO  org.apache.flink.runtime.taskexecutor.TaskExecutor           [] - Cannot find task to fail for execution f23f183c8645c4aed3e6bee4d5b44ba9 with exception:
java.util.concurrent.TimeoutException: Invocation of public abstract java.util.concurrent.CompletableFuture org.apache.flink.runtime.jobmaster.JobMasterGateway.updateTaskExecutionState(org.apache.flink.runtime.taskmanager.TaskExecutionState) timed out.
	at com.sun.proxy.$Proxy25.updateTaskExecutionState(Unknown Source) ~[?:?]
	at org.apache.flink.runtime.taskexecutor.TaskExecutor.updateTaskExecutionState(TaskExecutor.java:1852) ~[flink-dist_2.12-1.13.6.jar:1.13.6]
	at org.apache.flink.runtime.taskexecutor.TaskExecutor.unregisterTaskAndNotifyFinalState(TaskExecutor.java:1885) ~[flink-dist_2.12-1.13.6.jar:1.13.6]
	at org.apache.flink.runtime.taskexecutor.TaskExecutor.access$2600(TaskExecutor.java:181) ~[flink-dist_2.12-1.13.6.jar:1.13.6]
	at org.apache.flink.runtime.taskexecutor.TaskExecutor$TaskManagerActionsImpl.lambda$updateTaskExecutionState$1(TaskExecutor.java:2289) ~[flink-dist_2.12-1.13.6.jar:1.13.6]
	at org.apache.flink.runtime.rpc.akka.AkkaRpcActor.handleRunAsync(AkkaRpcActor.java:440) ~[flink-dist_2.12-1.13.6.jar:1.13.6]
	at org.apache.flink.runtime.rpc.akka.AkkaRpcActor.handleRpcMessage(AkkaRpcActor.java:208) ~[flink-dist_2.12-1.13.6.jar:1.13.6]
	at org.apache.flink.runtime.rpc.akka.AkkaRpcActor.handleMessage(AkkaRpcActor.java:158) ~[flink-dist_2.12-1.13.6.jar:1.13.6]
	at akka.japi.pf.UnitCaseStatement.apply(CaseStatements.scala:26) [flink-dist_2.12-1.13.6.jar:1.13.6]
	at akka.japi.pf.UnitCaseStatement.apply(CaseStatements.scala:21) [flink-dist_2.12-1.13.6.jar:1.13.6]
	at scala.PartialFunction.applyOrElse(PartialFunction.scala:123) [flink-dist_2.12-1.13.6.jar:1.13.6]
	at scala.PartialFunction.applyOrElse$(PartialFunction.scala:122) [flink-dist_2.12-1.13.6.jar:1.13.6]
	at akka.japi.pf.UnitCaseStatement.applyOrElse(CaseStatements.scala:21) [flink-dist_2.12-1.13.6.jar:1.13.6]
	at scala.PartialFunction$OrElse.applyOrElse(PartialFunction.scala:171) [flink-dist_2.12-1.13.6.jar:1.13.6]
	at scala.PartialFunction$OrElse.applyOrElse(PartialFunction.scala:172) [flink-dist_2.12-1.13.6.jar:1.13.6]
	at scala.PartialFunction$OrElse.applyOrElse(PartialFunction.scala:172) [flink-dist_2.12-1.13.6.jar:1.13.6]
	at akka.actor.Actor.aroundReceive(Actor.scala:517) [flink-dist_2.12-1.13.6.jar:1.13.6]
	at akka.actor.Actor.aroundReceive$(Actor.scala:515) [flink-dist_2.12-1.13.6.jar:1.13.6]
	at akka.actor.AbstractActor.aroundReceive(AbstractActor.scala:225) [flink-dist_2.12-1.13.6.jar:1.13.6]
	at akka.actor.ActorCell.receiveMessage(ActorCell.scala:592) [flink-dist_2.12-1.13.6.jar:1.13.6]
	at akka.actor.ActorCell.invoke(ActorCell.scala:561) [flink-dist_2.12-1.13.6.jar:1.13.6]
	at akka.dispatch.Mailbox.processMailbox(Mailbox.scala:258) [flink-dist_2.12-1.13.6.jar:1.13.6]
	at akka.dispatch.Mailbox.run(Mailbox.scala:225) [flink-dist_2.12-1.13.6.jar:1.13.6]
	at akka.dispatch.Mailbox.exec(Mailbox.scala:235) [flink-dist_2.12-1.13.6.jar:1.13.6]
	at akka.dispatch.forkjoin.ForkJoinTask.doExec(ForkJoinTask.java:260) [flink-dist_2.12-1.13.6.jar:1.13.6]
	at akka.dispatch.forkjoin.ForkJoinPool$WorkQueue.runTask(ForkJoinPool.java:1339) [flink-dist_2.12-1.13.6.jar:1.13.6]
	at akka.dispatch.forkjoin.ForkJoinPool.runWorker(ForkJoinPool.java:1979) [flink-dist_2.12-1.13.6.jar:1.13.6]
	at akka.dispatch.forkjoin.ForkJoinWorkerThread.run(ForkJoinWorkerThread.java:107) [flink-dist_2.12-1.13.6.jar:1.13.6]
Caused by: akka.pattern.AskTimeoutException: Ask timed out on [Actor[akka.tcp://flink@172.16.0.162:6123/user/rpc/jobmanager_2#5895618]] after [10000 ms]. Message of type [org.apache.flink.runtime.rpc.messages.RemoteFencedMessage]. A typical reason for `AskTimeoutException` is that the recipient actor didn't send a reply.
	at akka.pattern.PromiseActorRef$.$anonfun$defaultOnTimeout$1(AskSupport.scala:635) ~[flink-dist_2.12-1.13.6.jar:1.13.6]
	at akka.pattern.PromiseActorRef$.$anonfun$apply$1(AskSupport.scala:650) ~[flink-dist_2.12-1.13.6.jar:1.13.6]
	at akka.actor.Scheduler$$anon$4.run(Scheduler.scala:205) ~[flink-dist_2.12-1.13.6.jar:1.13.6]
	at scala.concurrent.Future$InternalCallbackExecutor$.unbatchedExecute(Future.scala:870) ~[flink-dist_2.12-1.13.6.jar:1.13.6]
	at scala.concurrent.BatchingExecutor.execute(BatchingExecutor.scala:109) ~[flink-dist_2.12-1.13.6.jar:1.13.6]
	at scala.concurrent.BatchingExecutor.execute$(BatchingExecutor.scala:103) ~[flink-dist_2.12-1.13.6.jar:1.13.6]
	at scala.concurrent.Future$InternalCallbackExecutor$.execute(Future.scala:868) ~[flink-dist_2.12-1.13.6.jar:1.13.6]
	at akka.actor.LightArrayRevolverScheduler$TaskHolder.executeTask(LightArrayRevolverScheduler.scala:328) ~[flink-dist_2.12-1.13.6.jar:1.13.6]
	at akka.actor.LightArrayRevolverScheduler$$anon$3.executeBucket$1(LightArrayRevolverScheduler.scala:279) ~[flink-dist_2.12-1.13.6.jar:1.13.6]
	at akka.actor.LightArrayRevolverScheduler$$anon$3.nextTick(LightArrayRevolverScheduler.scala:283) ~[flink-dist_2.12-1.13.6.jar:1.13.6]
	at akka.actor.LightArrayRevolverScheduler$$anon$3.run(LightArrayRevolverScheduler.scala:235) ~[flink-dist_2.12-1.13.6.jar:1.13.6]
	at java.lang.Thread.run(Unknown Source) ~[?:?]
2026-10-01 03:21:27,256 INFO  org.apache.flink.runtime.taskexecutor.TaskExecutor           [] - Cannot find task to fail for execution 78d7ced31065c4e221e3685a3f07474f with exception:
java.util.concurrent.TimeoutException: Invocation of public abstract java.util.concurrent.CompletableFuture org.apache.flink.runtime.jobmaster.JobMasterGateway.updateTaskExecutionState(org.apache.flink.runtime.taskmanager.TaskExecutionState) timed out.
	at com.sun.proxy.$Proxy25.updateTaskExecutionState(Unknown Source) ~[?:?]
	at org.apache.flink.runtime.taskexecutor.TaskExecutor.updateTaskExecutionState(TaskExecutor.java:1852) ~[flink-dist_2.12-1.13.6.jar:1.13.6]
	at org.apache.flink.runtime.taskexecutor.TaskExecutor.unregisterTaskAndNotifyFinalState(TaskExecutor.java:1885) ~[flink-dist_2.12-1.13.6.jar:1.13.6]
	at org.apache.flink.runtime.taskexecutor.TaskExecutor.access$2600(TaskExecutor.java:181) ~[flink-dist_2.12-1.13.6.jar:1.13.6]
	at org.apache.flink.runtime.taskexecutor.TaskExecutor$TaskManagerActionsImpl.lambda$updateTaskExecutionState$1(TaskExecutor.java:2289) ~[flink-dist_2.12-1.13.6.jar:1.13.6]
	at org.apache.flink.runtime.rpc.akka.AkkaRpcActor.handleRunAsync(AkkaRpcActor.java:440) ~[flink-dist_2.12-1.13.6.jar:1.13.6]
	at org.apache.flink.runtime.rpc.akka.AkkaRpcActor.handleRpcMessage(AkkaRpcActor.java:208) ~[flink-dist_2.12-1.13.6.jar:1.13.6]
	at org.apache.flink.runtime.rpc.akka.AkkaRpcActor.handleMessage(AkkaRpcActor.java:158) ~[flink-dist_2.12-1.13.6.jar:1.13.6]
	at akka.japi.pf.UnitCaseStatement.apply(CaseStatements.scala:26) [flink-dist_2.12-1.13.6.jar:1.13.6]
	at akka.japi.pf.UnitCaseStatement.apply(CaseStatements.scala:21) [flink-dist_2.12-1.13.6.jar:1.13.6]
	at scala.PartialFunction.applyOrElse(PartialFunction.scala:123) [flink-dist_2.12-1.13.6.jar:1.13.6]
	at scala.PartialFunction.applyOrElse$(PartialFunction.scala:122) [flink-dist_2.12-1.13.6.jar:1.13.6]
	at akka.japi.pf.UnitCaseStatement.applyOrElse(CaseStatements.scala:21) [flink-dist_2.12-1.13.6.jar:1.13.6]
	at scala.PartialFunction$OrElse.applyOrElse(PartialFunction.scala:171) [flink-dist_2.12-1.13.6.jar:1.13.6]
	at scala.PartialFunction$OrElse.applyOrElse(PartialFunction.scala:172) [flink-dist_2.12-1.13.6.jar:1.13.6]
	at scala.PartialFunction$OrElse.applyOrElse(PartialFunction.scala:172) [flink-dist_2.12-1.13.6.jar:1.13.6]
	at akka.actor.Actor.aroundReceive(Actor.scala:517) [flink-dist_2.12-1.13.6.jar:1.13.6]
	at akka.actor.Actor.aroundReceive$(Actor.scala:515) [flink-dist_2.12-1.13.6.jar:1.13.6]
	at akka.actor.AbstractActor.aroundReceive(AbstractActor.scala:225) [flink-dist_2.12-1.13.6.jar:1.13.6]
	at akka.actor.ActorCell.receiveMessage(ActorCell.scala:592) [flink-dist_2.12-1.13.6.jar:1.13.6]
	at akka.actor.ActorCell.invoke(ActorCell.scala:561) [flink-dist_2.12-1.13.6.jar:1.13.6]
	at akka.dispatch.Mailbox.processMailbox(Mailbox.scala:258) [flink-dist_2.12-1.13.6.jar:1.13.6]
	at akka.dispatch.Mailbox.run(Mailbox.scala:225) [flink-dist_2.12-1.13.6.jar:1.13.6]
	at akka.dispatch.Mailbox.exec(Mailbox.scala:235) [flink-dist_2.12-1.13.6.jar:1.13.6]
	at akka.dispatch.forkjoin.ForkJoinTask.doExec(ForkJoinTask.java:260) [flink-dist_2.12-1.13.6.jar:1.13.6]
	at akka.dispatch.forkjoin.ForkJoinPool$WorkQueue.runTask(ForkJoinPool.java:1339) [flink-dist_2.12-1.13.6.jar:1.13.6]
	at akka.dispatch.forkjoin.ForkJoinPool.runWorker(ForkJoinPool.java:1979) [flink-dist_2.12-1.13.6.jar:1.13.6]
	at akka.dispatch.forkjoin.ForkJoinWorkerThread.run(ForkJoinWorkerThread.java:107) [flink-dist_2.12-1.13.6.jar:1.13.6]
Caused by: akka.pattern.AskTimeoutException: Ask timed out on [Actor[akka.tcp://flink@172.16.0.162:6123/user/rpc/jobmanager_2#5895618]] after [10000 ms]. Message of type [org.apache.flink.runtime.rpc.messages.RemoteFencedMessage]. A typical reason for `AskTimeoutException` is that the recipient actor didn't send a reply.
	at akka.pattern.PromiseActorRef$.$anonfun$defaultOnTimeout$1(AskSupport.scala:635) ~[flink-dist_2.12-1.13.6.jar:1.13.6]
	at akka.pattern.PromiseActorRef$.$anonfun$apply$1(AskSupport.scala:650) ~[flink-dist_2.12-1.13.6.jar:1.13.6]
	at akka.actor.Scheduler$$anon$4.run(Scheduler.scala:205) ~[flink-dist_2.12-1.13.6.jar:1.13.6]
	at scala.concurrent.Future$InternalCallbackExecutor$.unbatchedExecute(Future.scala:870) ~[flink-dist_2.12-1.13.6.jar:1.13.6]
	at scala.concurrent.BatchingExecutor.execute(BatchingExecutor.scala:109) ~[flink-dist_2.12-1.13.6.jar:1.13.6]
	at scala.concurrent.BatchingExecutor.execute$(BatchingExecutor.scala:103) ~[flink-dist_2.12-1.13.6.jar:1.13.6]
	at scala.concurrent.Future$InternalCallbackExecutor$.execute(Future.scala:868) ~[flink-dist_2.12-1.13.6.jar:1.13.6]
	at akka.actor.LightArrayRevolverScheduler$TaskHolder.executeTask(LightArrayRevolverScheduler.scala:328) ~[flink-dist_2.12-1.13.6.jar:1.13.6]
	at akka.actor.LightArrayRevolverScheduler$$anon$3.executeBucket$1(LightArrayRevolverScheduler.scala:279) ~[flink-dist_2.12-1.13.6.jar:1.13.6]
	at akka.actor.LightArrayRevolverScheduler$$anon$3.nextTick(LightArrayRevolverScheduler.scala:283) ~[flink-dist_2.12-1.13.6.jar:1.13.6]
	at akka.actor.LightArrayRevolverScheduler$$anon$3.run(LightArrayRevolverScheduler.scala:235) ~[flink-dist_2.12-1.13.6.jar:1.13.6]
	at java.lang.Thread.run(Unknown Source) ~[?:?]
2026-10-01 03:21:27,257 INFO  org.apache.flink.runtime.taskexecutor.TaskExecutor           [] - Cannot find task to fail for execution 7878be67b66594a21bef79366533ad71 with exception:
java.util.concurrent.TimeoutException: Invocation of public abstract java.util.concurrent.CompletableFuture org.apache.flink.runtime.jobmaster.JobMasterGateway.updateTaskExecutionState(org.apache.flink.runtime.taskmanager.TaskExecutionState) timed out.
	at com.sun.proxy.$Proxy25.updateTaskExecutionState(Unknown Source) ~[?:?]
	at org.apache.flink.runtime.taskexecutor.TaskExecutor.updateTaskExecutionState(TaskExecutor.java:1852) ~[flink-dist_2.12-1.13.6.jar:1.13.6]
	at org.apache.flink.runtime.taskexecutor.TaskExecutor.unregisterTaskAndNotifyFinalState(TaskExecutor.java:1885) ~[flink-dist_2.12-1.13.6.jar:1.13.6]
	at org.apache.flink.runtime.taskexecutor.TaskExecutor.access$2600(TaskExecutor.java:181) ~[flink-dist_2.12-1.13.6.jar:1.13.6]
	at org.apache.flink.runtime.taskexecutor.TaskExecutor$TaskManagerActionsImpl.lambda$updateTaskExecutionState$1(TaskExecutor.java:2289) ~[flink-dist_2.12-1.13.6.jar:1.13.6]
	at org.apache.flink.runtime.rpc.akka.AkkaRpcActor.handleRunAsync(AkkaRpcActor.java:440) ~[flink-dist_2.12-1.13.6.jar:1.13.6]
	at org.apache.flink.runtime.rpc.akka.AkkaRpcActor.handleRpcMessage(AkkaRpcActor.java:208) ~[flink-dist_2.12-1.13.6.jar:1.13.6]
	at org.apache.flink.runtime.rpc.akka.AkkaRpcActor.handleMessage(AkkaRpcActor.java:158) ~[flink-dist_2.12-1.13.6.jar:1.13.6]
	at akka.japi.pf.UnitCaseStatement.apply(CaseStatements.scala:26) [flink-dist_2.12-1.13.6.jar:1.13.6]
	at akka.japi.pf.UnitCaseStatement.apply(CaseStatements.scala:21) [flink-dist_2.12-1.13.6.jar:1.13.6]
	at scala.PartialFunction.applyOrElse(PartialFunction.scala:123) [flink-dist_2.12-1.13.6.jar:1.13.6]
	at scala.PartialFunction.applyOrElse$(PartialFunction.scala:122) [flink-dist_2.12-1.13.6.jar:1.13.6]
	at akka.japi.pf.UnitCaseStatement.applyOrElse(CaseStatements.scala:21) [flink-dist_2.12-1.13.6.jar:1.13.6]
	at scala.PartialFunction$OrElse.applyOrElse(PartialFunction.scala:171) [flink-dist_2.12-1.13.6.jar:1.13.6]
	at scala.PartialFunction$OrElse.applyOrElse(PartialFunction.scala:172) [flink-dist_2.12-1.13.6.jar:1.13.6]
	at scala.PartialFunction$OrElse.applyOrElse(PartialFunction.scala:172) [flink-dist_2.12-1.13.6.jar:1.13.6]
	at akka.actor.Actor.aroundReceive(Actor.scala:517) [flink-dist_2.12-1.13.6.jar:1.13.6]
	at akka.actor.Actor.aroundReceive$(Actor.scala:515) [flink-dist_2.12-1.13.6.jar:1.13.6]
	at akka.actor.AbstractActor.aroundReceive(AbstractActor.scala:225) [flink-dist_2.12-1.13.6.jar:1.13.6]
	at akka.actor.ActorCell.receiveMessage(ActorCell.scala:592) [flink-dist_2.12-1.13.6.jar:1.13.6]
	at akka.actor.ActorCell.invoke(ActorCell.scala:561) [flink-dist_2.12-1.13.6.jar:1.13.6]
	at akka.dispatch.Mailbox.processMailbox(Mailbox.scala:258) [flink-dist_2.12-1.13.6.jar:1.13.6]
	at akka.dispatch.Mailbox.run(Mailbox.scala:225) [flink-dist_2.12-1.13.6.jar:1.13.6]
	at akka.dispatch.Mailbox.exec(Mailbox.scala:235) [flink-dist_2.12-1.13.6.jar:1.13.6]
	at akka.dispatch.forkjoin.ForkJoinTask.doExec(ForkJoinTask.java:260) [flink-dist_2.12-1.13.6.jar:1.13.6]
	at akka.dispatch.forkjoin.ForkJoinPool$WorkQueue.runTask(ForkJoinPool.java:1339) [flink-dist_2.12-1.13.6.jar:1.13.6]
	at akka.dispatch.forkjoin.ForkJoinPool.runWorker(ForkJoinPool.java:1979) [flink-dist_2.12-1.13.6.jar:1.13.6]
	at akka.dispatch.forkjoin.ForkJoinWorkerThread.run(ForkJoinWorkerThread.java:107) [flink-dist_2.12-1.13.6.jar:1.13.6]
Caused by: akka.pattern.AskTimeoutException: Ask timed out on [Actor[akka.tcp://flink@172.16.0.162:6123/user/rpc/jobmanager_2#5895618]] after [10000 ms]. Message of type [org.apache.flink.runtime.rpc.messages.RemoteFencedMessage]. A typical reason for `AskTimeoutException` is that the recipient actor didn't send a reply.
	at akka.pattern.PromiseActorRef$.$anonfun$defaultOnTimeout$1(AskSupport.scala:635) ~[flink-dist_2.12-1.13.6.jar:1.13.6]
	at akka.pattern.PromiseActorRef$.$anonfun$apply$1(AskSupport.scala:650) ~[flink-dist_2.12-1.13.6.jar:1.13.6]
	at akka.actor.Scheduler$$anon$4.run(Scheduler.scala:205) ~[flink-dist_2.12-1.13.6.jar:1.13.6]
	at scala.concurrent.Future$InternalCallbackExecutor$.unbatchedExecute(Future.scala:870) ~[flink-dist_2.12-1.13.6.jar:1.13.6]
	at scala.concurrent.BatchingExecutor.execute(BatchingExecutor.scala:109) ~[flink-dist_2.12-1.13.6.jar:1.13.6]
	at scala.concurrent.BatchingExecutor.execute$(BatchingExecutor.scala:103) ~[flink-dist_2.12-1.13.6.jar:1.13.6]
	at scala.concurrent.Future$InternalCallbackExecutor$.execute(Future.scala:868) ~[flink-dist_2.12-1.13.6.jar:1.13.6]
	at akka.actor.LightArrayRevolverScheduler$TaskHolder.executeTask(LightArrayRevolverScheduler.scala:328) ~[flink-dist_2.12-1.13.6.jar:1.13.6]
	at akka.actor.LightArrayRevolverScheduler$$anon$3.executeBucket$1(LightArrayRevolverScheduler.scala:279) ~[flink-dist_2.12-1.13.6.jar:1.13.6]
	at akka.actor.LightArrayRevolverScheduler$$anon$3.nextTick(LightArrayRevolverScheduler.scala:283) ~[flink-dist_2.12-1.13.6.jar:1.13.6]
	at akka.actor.LightArrayRevolverScheduler$$anon$3.run(LightArrayRevolverScheduler.scala:235) ~[flink-dist_2.12-1.13.6.jar:1.13.6]
	at java.lang.Thread.run(Unknown Source) ~[?:?]
2026-10-01 03:21:27,265 INFO  org.apache.flink.runtime.taskexecutor.TaskExecutor           [] - Cannot find task to fail for execution 15a777733ef4aa549d4b8bccccdfbea7 with exception:
java.util.concurrent.TimeoutException: Invocation of public abstract java.util.concurrent.CompletableFuture org.apache.flink.runtime.jobmaster.JobMasterGateway.updateTaskExecutionState(org.apache.flink.runtime.taskmanager.TaskExecutionState) timed out.
	at com.sun.proxy.$Proxy25.updateTaskExecutionState(Unknown Source) ~[?:?]
	at org.apache.flink.runtime.taskexecutor.TaskExecutor.updateTaskExecutionState(TaskExecutor.java:1852) ~[flink-dist_2.12-1.13.6.jar:1.13.6]
	at org.apache.flink.runtime.taskexecutor.TaskExecutor.unregisterTaskAndNotifyFinalState(TaskExecutor.java:1885) ~[flink-dist_2.12-1.13.6.jar:1.13.6]
	at org.apache.flink.runtime.taskexecutor.TaskExecutor.access$2600(TaskExecutor.java:181) ~[flink-dist_2.12-1.13.6.jar:1.13.6]
	at org.apache.flink.runtime.taskexecutor.TaskExecutor$TaskManagerActionsImpl.lambda$updateTaskExecutionState$1(TaskExecutor.java:2289) ~[flink-dist_2.12-1.13.6.jar:1.13.6]
	at org.apache.flink.runtime.rpc.akka.AkkaRpcActor.handleRunAsync(AkkaRpcActor.java:440) ~[flink-dist_2.12-1.13.6.jar:1.13.6]
	at org.apache.flink.runtime.rpc.akka.AkkaRpcActor.handleRpcMessage(AkkaRpcActor.java:208) ~[flink-dist_2.12-1.13.6.jar:1.13.6]
	at org.apache.flink.runtime.rpc.akka.AkkaRpcActor.handleMessage(AkkaRpcActor.java:158) ~[flink-dist_2.12-1.13.6.jar:1.13.6]
	at akka.japi.pf.UnitCaseStatement.apply(CaseStatements.scala:26) [flink-dist_2.12-1.13.6.jar:1.13.6]
	at akka.japi.pf.UnitCaseStatement.apply(CaseStatements.scala:21) [flink-dist_2.12-1.13.6.jar:1.13.6]
	at scala.PartialFunction.applyOrElse(PartialFunction.scala:123) [flink-dist_2.12-1.13.6.jar:1.13.6]
	at scala.PartialFunction.applyOrElse$(PartialFunction.scala:122) [flink-dist_2.12-1.13.6.jar:1.13.6]
	at akka.japi.pf.UnitCaseStatement.applyOrElse(CaseStatements.scala:21) [flink-dist_2.12-1.13.6.jar:1.13.6]
	at scala.PartialFunction$OrElse.applyOrElse(PartialFunction.scala:171) [flink-dist_2.12-1.13.6.jar:1.13.6]
	at scala.PartialFunction$OrElse.applyOrElse(PartialFunction.scala:172) [flink-dist_2.12-1.13.6.jar:1.13.6]
	at scala.PartialFunction$OrElse.applyOrElse(PartialFunction.scala:172) [flink-dist_2.12-1.13.6.jar:1.13.6]
	at akka.actor.Actor.aroundReceive(Actor.scala:517) [flink-dist_2.12-1.13.6.jar:1.13.6]
	at akka.actor.Actor.aroundReceive$(Actor.scala:515) [flink-dist_2.12-1.13.6.jar:1.13.6]
	at akka.actor.AbstractActor.aroundReceive(AbstractActor.scala:225) [flink-dist_2.12-1.13.6.jar:1.13.6]
	at akka.actor.ActorCell.receiveMessage(ActorCell.scala:592) [flink-dist_2.12-1.13.6.jar:1.13.6]
	at akka.actor.ActorCell.invoke(ActorCell.scala:561) [flink-dist_2.12-1.13.6.jar:1.13.6]
	at akka.dispatch.Mailbox.processMailbox(Mailbox.scala:258) [flink-dist_2.12-1.13.6.jar:1.13.6]
	at akka.dispatch.Mailbox.run(Mailbox.scala:225) [flink-dist_2.12-1.13.6.jar:1.13.6]
	at akka.dispatch.Mailbox.exec(Mailbox.scala:235) [flink-dist_2.12-1.13.6.jar:1.13.6]
	at akka.dispatch.forkjoin.ForkJoinTask.doExec(ForkJoinTask.java:260) [flink-dist_2.12-1.13.6.jar:1.13.6]
	at akka.dispatch.forkjoin.ForkJoinPool$WorkQueue.runTask(ForkJoinPool.java:1339) [flink-dist_2.12-1.13.6.jar:1.13.6]
	at akka.dispatch.forkjoin.ForkJoinPool.runWorker(ForkJoinPool.java:1979) [flink-dist_2.12-1.13.6.jar:1.13.6]
	at akka.dispatch.forkjoin.ForkJoinWorkerThread.run(ForkJoinWorkerThread.java:107) [flink-dist_2.12-1.13.6.jar:1.13.6]
Caused by: akka.pattern.AskTimeoutException: Ask timed out on [Actor[akka.tcp://flink@172.16.0.162:6123/user/rpc/jobmanager_2#5895618]] after [10000 ms]. Message of type [org.apache.flink.runtime.rpc.messages.RemoteFencedMessage]. A typical reason for `AskTimeoutException` is that the recipient actor didn't send a reply.
	at akka.pattern.PromiseActorRef$.$anonfun$defaultOnTimeout$1(AskSupport.scala:635) ~[flink-dist_2.12-1.13.6.jar:1.13.6]
	at akka.pattern.PromiseActorRef$.$anonfun$apply$1(AskSupport.scala:650) ~[flink-dist_2.12-1.13.6.jar:1.13.6]
	at akka.actor.Scheduler$$anon$4.run(Scheduler.scala:205) ~[flink-dist_2.12-1.13.6.jar:1.13.6]
	at scala.concurrent.Future$InternalCallbackExecutor$.unbatchedExecute(Future.scala:870) ~[flink-dist_2.12-1.13.6.jar:1.13.6]
	at scala.concurrent.BatchingExecutor.execute(BatchingExecutor.scala:109) ~[flink-dist_2.12-1.13.6.jar:1.13.6]
	at scala.concurrent.BatchingExecutor.execute$(BatchingExecutor.scala:103) ~[flink-dist_2.12-1.13.6.jar:1.13.6]
	at scala.concurrent.Future$InternalCallbackExecutor$.execute(Future.scala:868) ~[flink-dist_2.12-1.13.6.jar:1.13.6]
	at akka.actor.LightArrayRevolverScheduler$TaskHolder.executeTask(LightArrayRevolverScheduler.scala:328) ~[flink-dist_2.12-1.13.6.jar:1.13.6]
	at akka.actor.LightArrayRevolverScheduler$$anon$3.executeBucket$1(LightArrayRevolverScheduler.scala:279) ~[flink-dist_2.12-1.13.6.jar:1.13.6]
	at akka.actor.LightArrayRevolverScheduler$$anon$3.nextTick(LightArrayRevolverScheduler.scala:283) ~[flink-dist_2.12-1.13.6.jar:1.13.6]
	at akka.actor.LightArrayRevolverScheduler$$anon$3.run(LightArrayRevolverScheduler.scala:235) ~[flink-dist_2.12-1.13.6.jar:1.13.6]
	at java.lang.Thread.run(Unknown Source) ~[?:?]
2026-10-01 03:21:27,266 INFO  org.apache.flink.runtime.taskexecutor.TaskExecutor           [] - Cannot find task to fail for execution de631de9e4aa02a25011ef3766605338 with exception:
java.util.concurrent.TimeoutException: Invocation of public abstract java.util.concurrent.CompletableFuture org.apache.flink.runtime.jobmaster.JobMasterGateway.updateTaskExecutionState(org.apache.flink.runtime.taskmanager.TaskExecutionState) timed out.
	at com.sun.proxy.$Proxy25.updateTaskExecutionState(Unknown Source) ~[?:?]
	at org.apache.flink.runtime.taskexecutor.TaskExecutor.updateTaskExecutionState(TaskExecutor.java:1852) ~[flink-dist_2.12-1.13.6.jar:1.13.6]
	at org.apache.flink.runtime.taskexecutor.TaskExecutor.unregisterTaskAndNotifyFinalState(TaskExecutor.java:1885) ~[flink-dist_2.12-1.13.6.jar:1.13.6]
	at org.apache.flink.runtime.taskexecutor.TaskExecutor.access$2600(TaskExecutor.java:181) ~[flink-dist_2.12-1.13.6.jar:1.13.6]
	at org.apache.flink.runtime.taskexecutor.TaskExecutor$TaskManagerActionsImpl.lambda$updateTaskExecutionState$1(TaskExecutor.java:2289) ~[flink-dist_2.12-1.13.6.jar:1.13.6]
	at org.apache.flink.runtime.rpc.akka.AkkaRpcActor.handleRunAsync(AkkaRpcActor.java:440) ~[flink-dist_2.12-1.13.6.jar:1.13.6]
	at org.apache.flink.runtime.rpc.akka.AkkaRpcActor.handleRpcMessage(AkkaRpcActor.java:208) ~[flink-dist_2.12-1.13.6.jar:1.13.6]
	at org.apache.flink.runtime.rpc.akka.AkkaRpcActor.handleMessage(AkkaRpcActor.java:158) ~[flink-dist_2.12-1.13.6.jar:1.13.6]
	at akka.japi.pf.UnitCaseStatement.apply(CaseStatements.scala:26) [flink-dist_2.12-1.13.6.jar:1.13.6]
	at akka.japi.pf.UnitCaseStatement.apply(CaseStatements.scala:21) [flink-dist_2.12-1.13.6.jar:1.13.6]
	at scala.PartialFunction.applyOrElse(PartialFunction.scala:123) [flink-dist_2.12-1.13.6.jar:1.13.6]
	at scala.PartialFunction.applyOrElse$(PartialFunction.scala:122) [flink-dist_2.12-1.13.6.jar:1.13.6]
	at akka.japi.pf.UnitCaseStatement.applyOrElse(CaseStatements.scala:21) [flink-dist_2.12-1.13.6.jar:1.13.6]
	at scala.PartialFunction$OrElse.applyOrElse(PartialFunction.scala:171) [flink-dist_2.12-1.13.6.jar:1.13.6]
	at scala.PartialFunction$OrElse.applyOrElse(PartialFunction.scala:172) [flink-dist_2.12-1.13.6.jar:1.13.6]
	at scala.PartialFunction$OrElse.applyOrElse(PartialFunction.scala:172) [flink-dist_2.12-1.13.6.jar:1.13.6]
	at akka.actor.Actor.aroundReceive(Actor.scala:517) [flink-dist_2.12-1.13.6.jar:1.13.6]
	at akka.actor.Actor.aroundReceive$(Actor.scala:515) [flink-dist_2.12-1.13.6.jar:1.13.6]
	at akka.actor.AbstractActor.aroundReceive(AbstractActor.scala:225) [flink-dist_2.12-1.13.6.jar:1.13.6]
	at akka.actor.ActorCell.receiveMessage(ActorCell.scala:592) [flink-dist_2.12-1.13.6.jar:1.13.6]
	at akka.actor.ActorCell.invoke(ActorCell.scala:561) [flink-dist_2.12-1.13.6.jar:1.13.6]
	at akka.dispatch.Mailbox.processMailbox(Mailbox.scala:258) [flink-dist_2.12-1.13.6.jar:1.13.6]
	at akka.dispatch.Mailbox.run(Mailbox.scala:225) [flink-dist_2.12-1.13.6.jar:1.13.6]
	at akka.dispatch.Mailbox.exec(Mailbox.scala:235) [flink-dist_2.12-1.13.6.jar:1.13.6]
	at akka.dispatch.forkjoin.ForkJoinTask.doExec(ForkJoinTask.java:260) [flink-dist_2.12-1.13.6.jar:1.13.6]
	at akka.dispatch.forkjoin.ForkJoinPool$WorkQueue.runTask(ForkJoinPool.java:1339) [flink-dist_2.12-1.13.6.jar:1.13.6]
	at akka.dispatch.forkjoin.ForkJoinPool.runWorker(ForkJoinPool.java:1979) [flink-dist_2.12-1.13.6.jar:1.13.6]
	at akka.dispatch.forkjoin.ForkJoinWorkerThread.run(ForkJoinWorkerThread.java:107) [flink-dist_2.12-1.13.6.jar:1.13.6]
Caused by: akka.pattern.AskTimeoutException: Ask timed out on [Actor[akka.tcp://flink@172.16.0.162:6123/user/rpc/jobmanager_2#5895618]] after [10000 ms]. Message of type [org.apache.flink.runtime.rpc.messages.RemoteFencedMessage]. A typical reason for `AskTimeoutException` is that the recipient actor didn't send a reply.
	at akka.pattern.PromiseActorRef$.$anonfun$defaultOnTimeout$1(AskSupport.scala:635) ~[flink-dist_2.12-1.13.6.jar:1.13.6]
	at akka.pattern.PromiseActorRef$.$anonfun$apply$1(AskSupport.scala:650) ~[flink-dist_2.12-1.13.6.jar:1.13.6]
	at akka.actor.Scheduler$$anon$4.run(Scheduler.scala:205) ~[flink-dist_2.12-1.13.6.jar:1.13.6]
	at scala.concurrent.Future$InternalCallbackExecutor$.unbatchedExecute(Future.scala:870) ~[flink-dist_2.12-1.13.6.jar:1.13.6]
	at scala.concurrent.BatchingExecutor.execute(BatchingExecutor.scala:109) ~[flink-dist_2.12-1.13.6.jar:1.13.6]
	at scala.concurrent.BatchingExecutor.execute$(BatchingExecutor.scala:103) ~[flink-dist_2.12-1.13.6.jar:1.13.6]
	at scala.concurrent.Future$InternalCallbackExecutor$.execute(Future.scala:868) ~[flink-dist_2.12-1.13.6.jar:1.13.6]
	at akka.actor.LightArrayRevolverScheduler$TaskHolder.executeTask(LightArrayRevolverScheduler.scala:328) ~[flink-dist_2.12-1.13.6.jar:1.13.6]
	at akka.actor.LightArrayRevolverScheduler$$anon$3.executeBucket$1(LightArrayRevolverScheduler.scala:279) ~[flink-dist_2.12-1.13.6.jar:1.13.6]
	at akka.actor.LightArrayRevolverScheduler$$anon$3.nextTick(LightArrayRevolverScheduler.scala:283) ~[flink-dist_2.12-1.13.6.jar:1.13.6]
	at akka.actor.LightArrayRevolverScheduler$$anon$3.run(LightArrayRevolverScheduler.scala:235) ~[flink-dist_2.12-1.13.6.jar:1.13.6]
	at java.lang.Thread.run(Unknown Source) ~[?:?]
2026-10-01 03:21:27,267 INFO  org.apache.flink.runtime.taskexecutor.TaskExecutor           [] - Cannot find task to fail for execution 0621ff6c5f8783dee36e44439b25c2b4 with exception:
java.util.concurrent.TimeoutException: Invocation of public abstract java.util.concurrent.CompletableFuture org.apache.flink.runtime.jobmaster.JobMasterGateway.updateTaskExecutionState(org.apache.flink.runtime.taskmanager.TaskExecutionState) timed out.
	at com.sun.proxy.$Proxy25.updateTaskExecutionState(Unknown Source) ~[?:?]
	at org.apache.flink.runtime.taskexecutor.TaskExecutor.updateTaskExecutionState(TaskExecutor.java:1852) ~[flink-dist_2.12-1.13.6.jar:1.13.6]
	at org.apache.flink.runtime.taskexecutor.TaskExecutor.unregisterTaskAndNotifyFinalState(TaskExecutor.java:1885) ~[flink-dist_2.12-1.13.6.jar:1.13.6]
	at org.apache.flink.runtime.taskexecutor.TaskExecutor.access$2600(TaskExecutor.java:181) ~[flink-dist_2.12-1.13.6.jar:1.13.6]
	at org.apache.flink.runtime.taskexecutor.TaskExecutor$TaskManagerActionsImpl.lambda$updateTaskExecutionState$1(TaskExecutor.java:2289) ~[flink-dist_2.12-1.13.6.jar:1.13.6]
	at org.apache.flink.runtime.rpc.akka.AkkaRpcActor.handleRunAsync(AkkaRpcActor.java:440) ~[flink-dist_2.12-1.13.6.jar:1.13.6]
	at org.apache.flink.runtime.rpc.akka.AkkaRpcActor.handleRpcMessage(AkkaRpcActor.java:208) ~[flink-dist_2.12-1.13.6.jar:1.13.6]
	at org.apache.flink.runtime.rpc.akka.AkkaRpcActor.handleMessage(AkkaRpcActor.java:158) ~[flink-dist_2.12-1.13.6.jar:1.13.6]
	at akka.japi.pf.UnitCaseStatement.apply(CaseStatements.scala:26) [flink-dist_2.12-1.13.6.jar:1.13.6]
	at akka.japi.pf.UnitCaseStatement.apply(CaseStatements.scala:21) [flink-dist_2.12-1.13.6.jar:1.13.6]
	at scala.PartialFunction.applyOrElse(PartialFunction.scala:123) [flink-dist_2.12-1.13.6.jar:1.13.6]
	at scala.PartialFunction.applyOrElse$(PartialFunction.scala:122) [flink-dist_2.12-1.13.6.jar:1.13.6]
	at akka.japi.pf.UnitCaseStatement.applyOrElse(CaseStatements.scala:21) [flink-dist_2.12-1.13.6.jar:1.13.6]
	at scala.PartialFunction$OrElse.applyOrElse(PartialFunction.scala:171) [flink-dist_2.12-1.13.6.jar:1.13.6]
	at scala.PartialFunction$OrElse.applyOrElse(PartialFunction.scala:172) [flink-dist_2.12-1.13.6.jar:1.13.6]
	at scala.PartialFunction$OrElse.applyOrElse(PartialFunction.scala:172) [flink-dist_2.12-1.13.6.jar:1.13.6]
	at akka.actor.Actor.aroundReceive(Actor.scala:517) [flink-dist_2.12-1.13.6.jar:1.13.6]
	at akka.actor.Actor.aroundReceive$(Actor.scala:515) [flink-dist_2.12-1.13.6.jar:1.13.6]
	at akka.actor.AbstractActor.aroundReceive(AbstractActor.scala:225) [flink-dist_2.12-1.13.6.jar:1.13.6]
	at akka.actor.ActorCell.receiveMessage(ActorCell.scala:592) [flink-dist_2.12-1.13.6.jar:1.13.6]
	at akka.actor.ActorCell.invoke(ActorCell.scala:561) [flink-dist_2.12-1.13.6.jar:1.13.6]
	at akka.dispatch.Mailbox.processMailbox(Mailbox.scala:258) [flink-dist_2.12-1.13.6.jar:1.13.6]
	at akka.dispatch.Mailbox.run(Mailbox.scala:225) [flink-dist_2.12-1.13.6.jar:1.13.6]
	at akka.dispatch.Mailbox.exec(Mailbox.scala:235) [flink-dist_2.12-1.13.6.jar:1.13.6]
	at akka.dispatch.forkjoin.ForkJoinTask.doExec(ForkJoinTask.java:260) [flink-dist_2.12-1.13.6.jar:1.13.6]
	at akka.dispatch.forkjoin.ForkJoinPool$WorkQueue.runTask(ForkJoinPool.java:1339) [flink-dist_2.12-1.13.6.jar:1.13.6]
	at akka.dispatch.forkjoin.ForkJoinPool.runWorker(ForkJoinPool.java:1979) [flink-dist_2.12-1.13.6.jar:1.13.6]
	at akka.dispatch.forkjoin.ForkJoinWorkerThread.run(ForkJoinWorkerThread.java:107) [flink-dist_2.12-1.13.6.jar:1.13.6]
Caused by: akka.pattern.AskTimeoutException: Ask timed out on [Actor[akka.tcp://flink@172.16.0.162:6123/user/rpc/jobmanager_2#5895618]] after [10000 ms]. Message of type [org.apache.flink.runtime.rpc.messages.RemoteFencedMessage]. A typical reason for `AskTimeoutException` is that the recipient actor didn't send a reply.
	at akka.pattern.PromiseActorRef$.$anonfun$defaultOnTimeout$1(AskSupport.scala:635) ~[flink-dist_2.12-1.13.6.jar:1.13.6]
	at akka.pattern.PromiseActorRef$.$anonfun$apply$1(AskSupport.scala:650) ~[flink-dist_2.12-1.13.6.jar:1.13.6]
	at akka.actor.Scheduler$$anon$4.run(Scheduler.scala:205) ~[flink-dist_2.12-1.13.6.jar:1.13.6]
	at scala.concurrent.Future$InternalCallbackExecutor$.unbatchedExecute(Future.scala:870) ~[flink-dist_2.12-1.13.6.jar:1.13.6]
	at scala.concurrent.BatchingExecutor.execute(BatchingExecutor.scala:109) ~[flink-dist_2.12-1.13.6.jar:1.13.6]
	at scala.concurrent.BatchingExecutor.execute$(BatchingExecutor.scala:103) ~[flink-dist_2.12-1.13.6.jar:1.13.6]
	at scala.concurrent.Future$InternalCallbackExecutor$.execute(Future.scala:868) ~[flink-dist_2.12-1.13.6.jar:1.13.6]
	at akka.actor.LightArrayRevolverScheduler$TaskHolder.executeTask(LightArrayRevolverScheduler.scala:328) ~[flink-dist_2.12-1.13.6.jar:1.13.6]
	at akka.actor.LightArrayRevolverScheduler$$anon$3.executeBucket$1(LightArrayRevolverScheduler.scala:279) ~[flink-dist_2.12-1.13.6.jar:1.13.6]
	at akka.actor.LightArrayRevolverScheduler$$anon$3.nextTick(LightArrayRevolverScheduler.scala:283) ~[flink-dist_2.12-1.13.6.jar:1.13.6]
	at akka.actor.LightArrayRevolverScheduler$$anon$3.run(LightArrayRevolverScheduler.scala:235) ~[flink-dist_2.12-1.13.6.jar:1.13.6]
	at java.lang.Thread.run(Unknown Source) ~[?:?]
2026-10-01 03:21:27,275 INFO  org.apache.flink.runtime.taskexecutor.TaskExecutor           [] - Cannot find task to fail for execution 3e6cbb0641704ab9abf99932dff6436e with exception:
java.util.concurrent.TimeoutException: Invocation of public abstract java.util.concurrent.CompletableFuture org.apache.flink.runtime.jobmaster.JobMasterGateway.updateTaskExecutionState(org.apache.flink.runtime.taskmanager.TaskExecutionState) timed out.
	at com.sun.proxy.$Proxy25.updateTaskExecutionState(Unknown Source) ~[?:?]
	at org.apache.flink.runtime.taskexecutor.TaskExecutor.updateTaskExecutionState(TaskExecutor.java:1852) ~[flink-dist_2.12-1.13.6.jar:1.13.6]
	at org.apache.flink.runtime.taskexecutor.TaskExecutor.unregisterTaskAndNotifyFinalState(TaskExecutor.java:1885) ~[flink-dist_2.12-1.13.6.jar:1.13.6]
	at org.apache.flink.runtime.taskexecutor.TaskExecutor.access$2600(TaskExecutor.java:181) ~[flink-dist_2.12-1.13.6.jar:1.13.6]
	at org.apache.flink.runtime.taskexecutor.TaskExecutor$TaskManagerActionsImpl.lambda$updateTaskExecutionState$1(TaskExecutor.java:2289) ~[flink-dist_2.12-1.13.6.jar:1.13.6]
	at org.apache.flink.runtime.rpc.akka.AkkaRpcActor.handleRunAsync(AkkaRpcActor.java:440) ~[flink-dist_2.12-1.13.6.jar:1.13.6]
	at org.apache.flink.runtime.rpc.akka.AkkaRpcActor.handleRpcMessage(AkkaRpcActor.java:208) ~[flink-dist_2.12-1.13.6.jar:1.13.6]
	at org.apache.flink.runtime.rpc.akka.AkkaRpcActor.handleMessage(AkkaRpcActor.java:158) ~[flink-dist_2.12-1.13.6.jar:1.13.6]
	at akka.japi.pf.UnitCaseStatement.apply(CaseStatements.scala:26) [flink-dist_2.12-1.13.6.jar:1.13.6]
	at akka.japi.pf.UnitCaseStatement.apply(CaseStatements.scala:21) [flink-dist_2.12-1.13.6.jar:1.13.6]
	at scala.PartialFunction.applyOrElse(PartialFunction.scala:123) [flink-dist_2.12-1.13.6.jar:1.13.6]
	at scala.PartialFunction.applyOrElse$(PartialFunction.scala:122) [flink-dist_2.12-1.13.6.jar:1.13.6]
	at akka.japi.pf.UnitCaseStatement.applyOrElse(CaseStatements.scala:21) [flink-dist_2.12-1.13.6.jar:1.13.6]
	at scala.PartialFunction$OrElse.applyOrElse(PartialFunction.scala:171) [flink-dist_2.12-1.13.6.jar:1.13.6]
	at scala.PartialFunction$OrElse.applyOrElse(PartialFunction.scala:172) [flink-dist_2.12-1.13.6.jar:1.13.6]
	at scala.PartialFunction$OrElse.applyOrElse(PartialFunction.scala:172) [flink-dist_2.12-1.13.6.jar:1.13.6]
	at akka.actor.Actor.aroundReceive(Actor.scala:517) [flink-dist_2.12-1.13.6.jar:1.13.6]
	at akka.actor.Actor.aroundReceive$(Actor.scala:515) [flink-dist_2.12-1.13.6.jar:1.13.6]
	at akka.actor.AbstractActor.aroundReceive(AbstractActor.scala:225) [flink-dist_2.12-1.13.6.jar:1.13.6]
	at akka.actor.ActorCell.receiveMessage(ActorCell.scala:592) [flink-dist_2.12-1.13.6.jar:1.13.6]
	at akka.actor.ActorCell.invoke(ActorCell.scala:561) [flink-dist_2.12-1.13.6.jar:1.13.6]
	at akka.dispatch.Mailbox.processMailbox(Mailbox.scala:258) [flink-dist_2.12-1.13.6.jar:1.13.6]
	at akka.dispatch.Mailbox.run(Mailbox.scala:225) [flink-dist_2.12-1.13.6.jar:1.13.6]
	at akka.dispatch.Mailbox.exec(Mailbox.scala:235) [flink-dist_2.12-1.13.6.jar:1.13.6]
	at akka.dispatch.forkjoin.ForkJoinTask.doExec(ForkJoinTask.java:260) [flink-dist_2.12-1.13.6.jar:1.13.6]
	at akka.dispatch.forkjoin.ForkJoinPool$WorkQueue.runTask(ForkJoinPool.java:1339) [flink-dist_2.12-1.13.6.jar:1.13.6]
	at akka.dispatch.forkjoin.ForkJoinPool.runWorker(ForkJoinPool.java:1979) [flink-dist_2.12-1.13.6.jar:1.13.6]
	at akka.dispatch.forkjoin.ForkJoinWorkerThread.run(ForkJoinWorkerThread.java:107) [flink-dist_2.12-1.13.6.jar:1.13.6]
Caused by: akka.pattern.AskTimeoutException: Ask timed out on [Actor[akka.tcp://flink@172.16.0.162:6123/user/rpc/jobmanager_2#5895618]] after [10000 ms]. Message of type [org.apache.flink.runtime.rpc.messages.RemoteFencedMessage]. A typical reason for `AskTimeoutException` is that the recipient actor didn't send a reply.
	at akka.pattern.PromiseActorRef$.$anonfun$defaultOnTimeout$1(AskSupport.scala:635) ~[flink-dist_2.12-1.13.6.jar:1.13.6]
	at akka.pattern.PromiseActorRef$.$anonfun$apply$1(AskSupport.scala:650) ~[flink-dist_2.12-1.13.6.jar:1.13.6]
	at akka.actor.Scheduler$$anon$4.run(Scheduler.scala:205) ~[flink-dist_2.12-1.13.6.jar:1.13.6]
	at scala.concurrent.Future$InternalCallbackExecutor$.unbatchedExecute(Future.scala:870) ~[flink-dist_2.12-1.13.6.jar:1.13.6]
	at scala.concurrent.BatchingExecutor.execute(BatchingExecutor.scala:109) ~[flink-dist_2.12-1.13.6.jar:1.13.6]
	at scala.concurrent.BatchingExecutor.execute$(BatchingExecutor.scala:103) ~[flink-dist_2.12-1.13.6.jar:1.13.6]
	at scala.concurrent.Future$InternalCallbackExecutor$.execute(Future.scala:868) ~[flink-dist_2.12-1.13.6.jar:1.13.6]
	at akka.actor.LightArrayRevolverScheduler$TaskHolder.executeTask(LightArrayRevolverScheduler.scala:328) ~[flink-dist_2.12-1.13.6.jar:1.13.6]
	at akka.actor.LightArrayRevolverScheduler$$anon$3.executeBucket$1(LightArrayRevolverScheduler.scala:279) ~[flink-dist_2.12-1.13.6.jar:1.13.6]
	at akka.actor.LightArrayRevolverScheduler$$anon$3.nextTick(LightArrayRevolverScheduler.scala:283) ~[flink-dist_2.12-1.13.6.jar:1.13.6]
	at akka.actor.LightArrayRevolverScheduler$$anon$3.run(LightArrayRevolverScheduler.scala:235) ~[flink-dist_2.12-1.13.6.jar:1.13.6]
	at java.lang.Thread.run(Unknown Source) ~[?:?]
2026-10-01 03:21:27,276 INFO  org.apache.flink.runtime.taskexecutor.TaskExecutor           [] - Cannot find task to fail for execution 20e3c219fa267df08853650aa8c57fd8 with exception:
java.util.concurrent.TimeoutException: Invocation of public abstract java.util.concurrent.CompletableFuture org.apache.flink.runtime.jobmaster.JobMasterGateway.updateTaskExecutionState(org.apache.flink.runtime.taskmanager.TaskExecutionState) timed out.
	at com.sun.proxy.$Proxy25.updateTaskExecutionState(Unknown Source) ~[?:?]
	at org.apache.flink.runtime.taskexecutor.TaskExecutor.updateTaskExecutionState(TaskExecutor.java:1852) ~[flink-dist_2.12-1.13.6.jar:1.13.6]
	at org.apache.flink.runtime.taskexecutor.TaskExecutor.unregisterTaskAndNotifyFinalState(TaskExecutor.java:1885) ~[flink-dist_2.12-1.13.6.jar:1.13.6]
	at org.apache.flink.runtime.taskexecutor.TaskExecutor.access$2600(TaskExecutor.java:181) ~[flink-dist_2.12-1.13.6.jar:1.13.6]
	at org.apache.flink.runtime.taskexecutor.TaskExecutor$TaskManagerActionsImpl.lambda$updateTaskExecutionState$1(TaskExecutor.java:2289) ~[flink-dist_2.12-1.13.6.jar:1.13.6]
	at org.apache.flink.runtime.rpc.akka.AkkaRpcActor.handleRunAsync(AkkaRpcActor.java:440) ~[flink-dist_2.12-1.13.6.jar:1.13.6]
	at org.apache.flink.runtime.rpc.akka.AkkaRpcActor.handleRpcMessage(AkkaRpcActor.java:208) ~[flink-dist_2.12-1.13.6.jar:1.13.6]
	at org.apache.flink.runtime.rpc.akka.AkkaRpcActor.handleMessage(AkkaRpcActor.java:158) ~[flink-dist_2.12-1.13.6.jar:1.13.6]
	at akka.japi.pf.UnitCaseStatement.apply(CaseStatements.scala:26) [flink-dist_2.12-1.13.6.jar:1.13.6]
	at akka.japi.pf.UnitCaseStatement.apply(CaseStatements.scala:21) [flink-dist_2.12-1.13.6.jar:1.13.6]
	at scala.PartialFunction.applyOrElse(PartialFunction.scala:123) [flink-dist_2.12-1.13.6.jar:1.13.6]
	at scala.PartialFunction.applyOrElse$(PartialFunction.scala:122) [flink-dist_2.12-1.13.6.jar:1.13.6]
	at akka.japi.pf.UnitCaseStatement.applyOrElse(CaseStatements.scala:21) [flink-dist_2.12-1.13.6.jar:1.13.6]
	at scala.PartialFunction$OrElse.applyOrElse(PartialFunction.scala:171) [flink-dist_2.12-1.13.6.jar:1.13.6]
	at scala.PartialFunction$OrElse.applyOrElse(PartialFunction.scala:172) [flink-dist_2.12-1.13.6.jar:1.13.6]
	at scala.PartialFunction$OrElse.applyOrElse(PartialFunction.scala:172) [flink-dist_2.12-1.13.6.jar:1.13.6]
	at akka.actor.Actor.aroundReceive(Actor.scala:517) [flink-dist_2.12-1.13.6.jar:1.13.6]
	at akka.actor.Actor.aroundReceive$(Actor.scala:515) [flink-dist_2.12-1.13.6.jar:1.13.6]
	at akka.actor.AbstractActor.aroundReceive(AbstractActor.scala:225) [flink-dist_2.12-1.13.6.jar:1.13.6]
	at akka.actor.ActorCell.receiveMessage(ActorCell.scala:592) [flink-dist_2.12-1.13.6.jar:1.13.6]
	at akka.actor.ActorCell.invoke(ActorCell.scala:561) [flink-dist_2.12-1.13.6.jar:1.13.6]
	at akka.dispatch.Mailbox.processMailbox(Mailbox.scala:258) [flink-dist_2.12-1.13.6.jar:1.13.6]
	at akka.dispatch.Mailbox.run(Mailbox.scala:225) [flink-dist_2.12-1.13.6.jar:1.13.6]
	at akka.dispatch.Mailbox.exec(Mailbox.scala:235) [flink-dist_2.12-1.13.6.jar:1.13.6]
	at akka.dispatch.forkjoin.ForkJoinTask.doExec(ForkJoinTask.java:260) [flink-dist_2.12-1.13.6.jar:1.13.6]
	at akka.dispatch.forkjoin.ForkJoinPool$WorkQueue.runTask(ForkJoinPool.java:1339) [flink-dist_2.12-1.13.6.jar:1.13.6]
	at akka.dispatch.forkjoin.ForkJoinPool.runWorker(ForkJoinPool.java:1979) [flink-dist_2.12-1.13.6.jar:1.13.6]
	at akka.dispatch.forkjoin.ForkJoinWorkerThread.run(ForkJoinWorkerThread.java:107) [flink-dist_2.12-1.13.6.jar:1.13.6]
Caused by: akka.pattern.AskTimeoutException: Ask timed out on [Actor[akka.tcp://flink@172.16.0.162:6123/user/rpc/jobmanager_2#5895618]] after [10000 ms]. Message of type [org.apache.flink.runtime.rpc.messages.RemoteFencedMessage]. A typical reason for `AskTimeoutException` is that the recipient actor didn't send a reply.
	at akka.pattern.PromiseActorRef$.$anonfun$defaultOnTimeout$1(AskSupport.scala:635) ~[flink-dist_2.12-1.13.6.jar:1.13.6]
	at akka.pattern.PromiseActorRef$.$anonfun$apply$1(AskSupport.scala:650) ~[flink-dist_2.12-1.13.6.jar:1.13.6]
	at akka.actor.Scheduler$$anon$4.run(Scheduler.scala:205) ~[flink-dist_2.12-1.13.6.jar:1.13.6]
	at scala.concurrent.Future$InternalCallbackExecutor$.unbatchedExecute(Future.scala:870) ~[flink-dist_2.12-1.13.6.jar:1.13.6]
	at scala.concurrent.BatchingExecutor.execute(BatchingExecutor.scala:109) ~[flink-dist_2.12-1.13.6.jar:1.13.6]
	at scala.concurrent.BatchingExecutor.execute$(BatchingExecutor.scala:103) ~[flink-dist_2.12-1.13.6.jar:1.13.6]
	at scala.concurrent.Future$InternalCallbackExecutor$.execute(Future.scala:868) ~[flink-dist_2.12-1.13.6.jar:1.13.6]
	at akka.actor.LightArrayRevolverScheduler$TaskHolder.executeTask(LightArrayRevolverScheduler.scala:328) ~[flink-dist_2.12-1.13.6.jar:1.13.6]
	at akka.actor.LightArrayRevolverScheduler$$anon$3.executeBucket$1(LightArrayRevolverScheduler.scala:279) ~[flink-dist_2.12-1.13.6.jar:1.13.6]
	at akka.actor.LightArrayRevolverScheduler$$anon$3.nextTick(LightArrayRevolverScheduler.scala:283) ~[flink-dist_2.12-1.13.6.jar:1.13.6]
	at akka.actor.LightArrayRevolverScheduler$$anon$3.run(LightArrayRevolverScheduler.scala:235) ~[flink-dist_2.12-1.13.6.jar:1.13.6]
	at java.lang.Thread.run(Unknown Source) ~[?:?]
2026-10-01 03:21:27,277 INFO  org.apache.flink.runtime.taskexecutor.TaskExecutor           [] - Cannot find task to fail for execution 214b962a22c9264f3b3e1cdfe3c6baa8 with exception:
java.util.concurrent.TimeoutException: Invocation of public abstract java.util.concurrent.CompletableFuture org.apache.flink.runtime.jobmaster.JobMasterGateway.updateTaskExecutionState(org.apache.flink.runtime.taskmanager.TaskExecutionState) timed out.
	at com.sun.proxy.$Proxy25.updateTaskExecutionState(Unknown Source) ~[?:?]
	at org.apache.flink.runtime.taskexecutor.TaskExecutor.updateTaskExecutionState(TaskExecutor.java:1852) ~[flink-dist_2.12-1.13.6.jar:1.13.6]
	at org.apache.flink.runtime.taskexecutor.TaskExecutor.unregisterTaskAndNotifyFinalState(TaskExecutor.java:1885) ~[flink-dist_2.12-1.13.6.jar:1.13.6]
	at org.apache.flink.runtime.taskexecutor.TaskExecutor.access$2600(TaskExecutor.java:181) ~[flink-dist_2.12-1.13.6.jar:1.13.6]
	at org.apache.flink.runtime.taskexecutor.TaskExecutor$TaskManagerActionsImpl.lambda$updateTaskExecutionState$1(TaskExecutor.java:2289) ~[flink-dist_2.12-1.13.6.jar:1.13.6]
	at org.apache.flink.runtime.rpc.akka.AkkaRpcActor.handleRunAsync(AkkaRpcActor.java:440) ~[flink-dist_2.12-1.13.6.jar:1.13.6]
	at org.apache.flink.runtime.rpc.akka.AkkaRpcActor.handleRpcMessage(AkkaRpcActor.java:208) ~[flink-dist_2.12-1.13.6.jar:1.13.6]
	at org.apache.flink.runtime.rpc.akka.AkkaRpcActor.handleMessage(AkkaRpcActor.java:158) ~[flink-dist_2.12-1.13.6.jar:1.13.6]
	at akka.japi.pf.UnitCaseStatement.apply(CaseStatements.scala:26) [flink-dist_2.12-1.13.6.jar:1.13.6]
	at akka.japi.pf.UnitCaseStatement.apply(CaseStatements.scala:21) [flink-dist_2.12-1.13.6.jar:1.13.6]
	at scala.PartialFunction.applyOrElse(PartialFunction.scala:123) [flink-dist_2.12-1.13.6.jar:1.13.6]
	at scala.PartialFunction.applyOrElse$(PartialFunction.scala:122) [flink-dist_2.12-1.13.6.jar:1.13.6]
	at akka.japi.pf.UnitCaseStatement.applyOrElse(CaseStatements.scala:21) [flink-dist_2.12-1.13.6.jar:1.13.6]
	at scala.PartialFunction$OrElse.applyOrElse(PartialFunction.scala:171) [flink-dist_2.12-1.13.6.jar:1.13.6]
	at scala.PartialFunction$OrElse.applyOrElse(PartialFunction.scala:172) [flink-dist_2.12-1.13.6.jar:1.13.6]
	at scala.PartialFunction$OrElse.applyOrElse(PartialFunction.scala:172) [flink-dist_2.12-1.13.6.jar:1.13.6]
	at akka.actor.Actor.aroundReceive(Actor.scala:517) [flink-dist_2.12-1.13.6.jar:1.13.6]
	at akka.actor.Actor.aroundReceive$(Actor.scala:515) [flink-dist_2.12-1.13.6.jar:1.13.6]
	at akka.actor.AbstractActor.aroundReceive(AbstractActor.scala:225) [flink-dist_2.12-1.13.6.jar:1.13.6]
	at akka.actor.ActorCell.receiveMessage(ActorCell.scala:592) [flink-dist_2.12-1.13.6.jar:1.13.6]
	at akka.actor.ActorCell.invoke(ActorCell.scala:561) [flink-dist_2.12-1.13.6.jar:1.13.6]
	at akka.dispatch.Mailbox.processMailbox(Mailbox.scala:258) [flink-dist_2.12-1.13.6.jar:1.13.6]
	at akka.dispatch.Mailbox.run(Mailbox.scala:225) [flink-dist_2.12-1.13.6.jar:1.13.6]
	at akka.dispatch.Mailbox.exec(Mailbox.scala:235) [flink-dist_2.12-1.13.6.jar:1.13.6]
	at akka.dispatch.forkjoin.ForkJoinTask.doExec(ForkJoinTask.java:260) [flink-dist_2.12-1.13.6.jar:1.13.6]
	at akka.dispatch.forkjoin.ForkJoinPool$WorkQueue.runTask(ForkJoinPool.java:1339) [flink-dist_2.12-1.13.6.jar:1.13.6]
	at akka.dispatch.forkjoin.ForkJoinPool.runWorker(ForkJoinPool.java:1979) [flink-dist_2.12-1.13.6.jar:1.13.6]
	at akka.dispatch.forkjoin.ForkJoinWorkerThread.run(ForkJoinWorkerThread.java:107) [flink-dist_2.12-1.13.6.jar:1.13.6]
Caused by: akka.pattern.AskTimeoutException: Ask timed out on [Actor[akka.tcp://flink@172.16.0.162:6123/user/rpc/jobmanager_2#5895618]] after [10000 ms]. Message of type [org.apache.flink.runtime.rpc.messages.RemoteFencedMessage]. A typical reason for `AskTimeoutException` is that the recipient actor didn't send a reply.
	at akka.pattern.PromiseActorRef$.$anonfun$defaultOnTimeout$1(AskSupport.scala:635) ~[flink-dist_2.12-1.13.6.jar:1.13.6]
	at akka.pattern.PromiseActorRef$.$anonfun$apply$1(AskSupport.scala:650) ~[flink-dist_2.12-1.13.6.jar:1.13.6]
	at akka.actor.Scheduler$$anon$4.run(Scheduler.scala:205) ~[flink-dist_2.12-1.13.6.jar:1.13.6]
	at scala.concurrent.Future$InternalCallbackExecutor$.unbatchedExecute(Future.scala:870) ~[flink-dist_2.12-1.13.6.jar:1.13.6]
	at scala.concurrent.BatchingExecutor.execute(BatchingExecutor.scala:109) ~[flink-dist_2.12-1.13.6.jar:1.13.6]
	at scala.concurrent.BatchingExecutor.execute$(BatchingExecutor.scala:103) ~[flink-dist_2.12-1.13.6.jar:1.13.6]
	at scala.concurrent.Future$InternalCallbackExecutor$.execute(Future.scala:868) ~[flink-dist_2.12-1.13.6.jar:1.13.6]
	at akka.actor.LightArrayRevolverScheduler$TaskHolder.executeTask(LightArrayRevolverScheduler.scala:328) ~[flink-dist_2.12-1.13.6.jar:1.13.6]
	at akka.actor.LightArrayRevolverScheduler$$anon$3.executeBucket$1(LightArrayRevolverScheduler.scala:279) ~[flink-dist_2.12-1.13.6.jar:1.13.6]
	at akka.actor.LightArrayRevolverScheduler$$anon$3.nextTick(LightArrayRevolverScheduler.scala:283) ~[flink-dist_2.12-1.13.6.jar:1.13.6]
	at akka.actor.LightArrayRevolverScheduler$$anon$3.run(LightArrayRevolverScheduler.scala:235) ~[flink-dist_2.12-1.13.6.jar:1.13.6]
	at java.lang.Thread.run(Unknown Source) ~[?:?]
2026-10-01 03:21:27,279 INFO  org.apache.flink.runtime.taskexecutor.TaskExecutor           [] - Cannot find task to fail for execution 028c7ee25356d7414d73eaec1ba1b99f with exception:
java.util.concurrent.TimeoutException: Invocation of public abstract java.util.concurrent.CompletableFuture org.apache.flink.runtime.jobmaster.JobMasterGateway.updateTaskExecutionState(org.apache.flink.runtime.taskmanager.TaskExecutionState) timed out.
	at com.sun.proxy.$Proxy25.updateTaskExecutionState(Unknown Source) ~[?:?]
	at org.apache.flink.runtime.taskexecutor.TaskExecutor.updateTaskExecutionState(TaskExecutor.java:1852) ~[flink-dist_2.12-1.13.6.jar:1.13.6]
	at org.apache.flink.runtime.taskexecutor.TaskExecutor.unregisterTaskAndNotifyFinalState(TaskExecutor.java:1885) ~[flink-dist_2.12-1.13.6.jar:1.13.6]
	at org.apache.flink.runtime.taskexecutor.TaskExecutor.access$2600(TaskExecutor.java:181) ~[flink-dist_2.12-1.13.6.jar:1.13.6]
	at org.apache.flink.runtime.taskexecutor.TaskExecutor$TaskManagerActionsImpl.lambda$updateTaskExecutionState$1(TaskExecutor.java:2289) ~[flink-dist_2.12-1.13.6.jar:1.13.6]
	at org.apache.flink.runtime.rpc.akka.AkkaRpcActor.handleRunAsync(AkkaRpcActor.java:440) ~[flink-dist_2.12-1.13.6.jar:1.13.6]
	at org.apache.flink.runtime.rpc.akka.AkkaRpcActor.handleRpcMessage(AkkaRpcActor.java:208) ~[flink-dist_2.12-1.13.6.jar:1.13.6]
	at org.apache.flink.runtime.rpc.akka.AkkaRpcActor.handleMessage(AkkaRpcActor.java:158) ~[flink-dist_2.12-1.13.6.jar:1.13.6]
	at akka.japi.pf.UnitCaseStatement.apply(CaseStatements.scala:26) [flink-dist_2.12-1.13.6.jar:1.13.6]
	at akka.japi.pf.UnitCaseStatement.apply(CaseStatements.scala:21) [flink-dist_2.12-1.13.6.jar:1.13.6]
	at scala.PartialFunction.applyOrElse(PartialFunction.scala:123) [flink-dist_2.12-1.13.6.jar:1.13.6]
	at scala.PartialFunction.applyOrElse$(PartialFunction.scala:122) [flink-dist_2.12-1.13.6.jar:1.13.6]
	at akka.japi.pf.UnitCaseStatement.applyOrElse(CaseStatements.scala:21) [flink-dist_2.12-1.13.6.jar:1.13.6]
	at scala.PartialFunction$OrElse.applyOrElse(PartialFunction.scala:171) [flink-dist_2.12-1.13.6.jar:1.13.6]
	at scala.PartialFunction$OrElse.applyOrElse(PartialFunction.scala:172) [flink-dist_2.12-1.13.6.jar:1.13.6]
	at scala.PartialFunction$OrElse.applyOrElse(PartialFunction.scala:172) [flink-dist_2.12-1.13.6.jar:1.13.6]
	at akka.actor.Actor.aroundReceive(Actor.scala:517) [flink-dist_2.12-1.13.6.jar:1.13.6]
	at akka.actor.Actor.aroundReceive$(Actor.scala:515) [flink-dist_2.12-1.13.6.jar:1.13.6]
	at akka.actor.AbstractActor.aroundReceive(AbstractActor.scala:225) [flink-dist_2.12-1.13.6.jar:1.13.6]
	at akka.actor.ActorCell.receiveMessage(ActorCell.scala:592) [flink-dist_2.12-1.13.6.jar:1.13.6]
	at akka.actor.ActorCell.invoke(ActorCell.scala:561) [flink-dist_2.12-1.13.6.jar:1.13.6]
	at akka.dispatch.Mailbox.processMailbox(Mailbox.scala:258) [flink-dist_2.12-1.13.6.jar:1.13.6]
	at akka.dispatch.Mailbox.run(Mailbox.scala:225) [flink-dist_2.12-1.13.6.jar:1.13.6]
	at akka.dispatch.Mailbox.exec(Mailbox.scala:235) [flink-dist_2.12-1.13.6.jar:1.13.6]
	at akka.dispatch.forkjoin.ForkJoinTask.doExec(ForkJoinTask.java:260) [flink-dist_2.12-1.13.6.jar:1.13.6]
	at akka.dispatch.forkjoin.ForkJoinPool$WorkQueue.runTask(ForkJoinPool.java:1339) [flink-dist_2.12-1.13.6.jar:1.13.6]
	at akka.dispatch.forkjoin.ForkJoinPool.runWorker(ForkJoinPool.java:1979) [flink-dist_2.12-1.13.6.jar:1.13.6]
	at akka.dispatch.forkjoin.ForkJoinWorkerThread.run(ForkJoinWorkerThread.java:107) [flink-dist_2.12-1.13.6.jar:1.13.6]
Caused by: akka.pattern.AskTimeoutException: Ask timed out on [Actor[akka.tcp://flink@172.16.0.162:6123/user/rpc/jobmanager_2#5895618]] after [10000 ms]. Message of type [org.apache.flink.runtime.rpc.messages.RemoteFencedMessage]. A typical reason for `AskTimeoutException` is that the recipient actor didn't send a reply.
	at akka.pattern.PromiseActorRef$.$anonfun$defaultOnTimeout$1(AskSupport.scala:635) ~[flink-dist_2.12-1.13.6.jar:1.13.6]
	at akka.pattern.PromiseActorRef$.$anonfun$apply$1(AskSupport.scala:650) ~[flink-dist_2.12-1.13.6.jar:1.13.6]
	at akka.actor.Scheduler$$anon$4.run(Scheduler.scala:205) ~[flink-dist_2.12-1.13.6.jar:1.13.6]
	at scala.concurrent.Future$InternalCallbackExecutor$.unbatchedExecute(Future.scala:870) ~[flink-dist_2.12-1.13.6.jar:1.13.6]
	at scala.concurrent.BatchingExecutor.execute(BatchingExecutor.scala:109) ~[flink-dist_2.12-1.13.6.jar:1.13.6]
	at scala.concurrent.BatchingExecutor.execute$(BatchingExecutor.scala:103) ~[flink-dist_2.12-1.13.6.jar:1.13.6]
	at scala.concurrent.Future$InternalCallbackExecutor$.execute(Future.scala:868) ~[flink-dist_2.12-1.13.6.jar:1.13.6]
	at akka.actor.LightArrayRevolverScheduler$TaskHolder.executeTask(LightArrayRevolverScheduler.scala:328) ~[flink-dist_2.12-1.13.6.jar:1.13.6]
	at akka.actor.LightArrayRevolverScheduler$$anon$3.executeBucket$1(LightArrayRevolverScheduler.scala:279) ~[flink-dist_2.12-1.13.6.jar:1.13.6]
	at akka.actor.LightArrayRevolverScheduler$$anon$3.nextTick(LightArrayRevolverScheduler.scala:283) ~[flink-dist_2.12-1.13.6.jar:1.13.6]
	at akka.actor.LightArrayRevolverScheduler$$anon$3.run(LightArrayRevolverScheduler.scala:235) ~[flink-dist_2.12-1.13.6.jar:1.13.6]
	at java.lang.Thread.run(Unknown Source) ~[?:?]
2026-10-01 03:21:27,282 INFO  org.apache.flink.runtime.taskexecutor.TaskExecutor           [] - Cannot find task to fail for execution 2f66613ab63c1c7e17b17e326d95e5d0 with exception:
java.util.concurrent.TimeoutException: Invocation of public abstract java.util.concurrent.CompletableFuture org.apache.flink.runtime.jobmaster.JobMasterGateway.updateTaskExecutionState(org.apache.flink.runtime.taskmanager.TaskExecutionState) timed out.
	at com.sun.proxy.$Proxy25.updateTaskExecutionState(Unknown Source) ~[?:?]
	at org.apache.flink.runtime.taskexecutor.TaskExecutor.updateTaskExecutionState(TaskExecutor.java:1852) ~[flink-dist_2.12-1.13.6.jar:1.13.6]
	at org.apache.flink.runtime.taskexecutor.TaskExecutor.unregisterTaskAndNotifyFinalState(TaskExecutor.java:1885) ~[flink-dist_2.12-1.13.6.jar:1.13.6]
	at org.apache.flink.runtime.taskexecutor.TaskExecutor.access$2600(TaskExecutor.java:181) ~[flink-dist_2.12-1.13.6.jar:1.13.6]
	at org.apache.flink.runtime.taskexecutor.TaskExecutor$TaskManagerActionsImpl.lambda$updateTaskExecutionState$1(TaskExecutor.java:2289) ~[flink-dist_2.12-1.13.6.jar:1.13.6]
	at org.apache.flink.runtime.rpc.akka.AkkaRpcActor.handleRunAsync(AkkaRpcActor.java:440) ~[flink-dist_2.12-1.13.6.jar:1.13.6]
	at org.apache.flink.runtime.rpc.akka.AkkaRpcActor.handleRpcMessage(AkkaRpcActor.java:208) ~[flink-dist_2.12-1.13.6.jar:1.13.6]
	at org.apache.flink.runtime.rpc.akka.AkkaRpcActor.handleMessage(AkkaRpcActor.java:158) ~[flink-dist_2.12-1.13.6.jar:1.13.6]
	at akka.japi.pf.UnitCaseStatement.apply(CaseStatements.scala:26) [flink-dist_2.12-1.13.6.jar:1.13.6]
	at akka.japi.pf.UnitCaseStatement.apply(CaseStatements.scala:21) [flink-dist_2.12-1.13.6.jar:1.13.6]
	at scala.PartialFunction.applyOrElse(PartialFunction.scala:123) [flink-dist_2.12-1.13.6.jar:1.13.6]
	at scala.PartialFunction.applyOrElse$(PartialFunction.scala:122) [flink-dist_2.12-1.13.6.jar:1.13.6]
	at akka.japi.pf.UnitCaseStatement.applyOrElse(CaseStatements.scala:21) [flink-dist_2.12-1.13.6.jar:1.13.6]
	at scala.PartialFunction$OrElse.applyOrElse(PartialFunction.scala:171) [flink-dist_2.12-1.13.6.jar:1.13.6]
	at scala.PartialFunction$OrElse.applyOrElse(PartialFunction.scala:172) [flink-dist_2.12-1.13.6.jar:1.13.6]
	at scala.PartialFunction$OrElse.applyOrElse(PartialFunction.scala:172) [flink-dist_2.12-1.13.6.jar:1.13.6]
	at akka.actor.Actor.aroundReceive(Actor.scala:517) [flink-dist_2.12-1.13.6.jar:1.13.6]
	at akka.actor.Actor.aroundReceive$(Actor.scala:515) [flink-dist_2.12-1.13.6.jar:1.13.6]
	at akka.actor.AbstractActor.aroundReceive(AbstractActor.scala:225) [flink-dist_2.12-1.13.6.jar:1.13.6]
	at akka.actor.ActorCell.receiveMessage(ActorCell.scala:592) [flink-dist_2.12-1.13.6.jar:1.13.6]
	at akka.actor.ActorCell.invoke(ActorCell.scala:561) [flink-dist_2.12-1.13.6.jar:1.13.6]
	at akka.dispatch.Mailbox.processMailbox(Mailbox.scala:258) [flink-dist_2.12-1.13.6.jar:1.13.6]
	at akka.dispatch.Mailbox.run(Mailbox.scala:225) [flink-dist_2.12-1.13.6.jar:1.13.6]
	at akka.dispatch.Mailbox.exec(Mailbox.scala:235) [flink-dist_2.12-1.13.6.jar:1.13.6]
	at akka.dispatch.forkjoin.ForkJoinTask.doExec(ForkJoinTask.java:260) [flink-dist_2.12-1.13.6.jar:1.13.6]
	at akka.dispatch.forkjoin.ForkJoinPool$WorkQueue.runTask(ForkJoinPool.java:1339) [flink-dist_2.12-1.13.6.jar:1.13.6]
	at akka.dispatch.forkjoin.ForkJoinPool.runWorker(ForkJoinPool.java:1979) [flink-dist_2.12-1.13.6.jar:1.13.6]
	at akka.dispatch.forkjoin.ForkJoinWorkerThread.run(ForkJoinWorkerThread.java:107) [flink-dist_2.12-1.13.6.jar:1.13.6]
Caused by: akka.pattern.AskTimeoutException: Ask timed out on [Actor[akka.tcp://flink@172.16.0.162:6123/user/rpc/jobmanager_2#5895618]] after [10000 ms]. Message of type [org.apache.flink.runtime.rpc.messages.RemoteFencedMessage]. A typical reason for `AskTimeoutException` is that the recipient actor didn't send a reply.
	at akka.pattern.PromiseActorRef$.$anonfun$defaultOnTimeout$1(AskSupport.scala:635) ~[flink-dist_2.12-1.13.6.jar:1.13.6]
	at akka.pattern.PromiseActorRef$.$anonfun$apply$1(AskSupport.scala:650) ~[flink-dist_2.12-1.13.6.jar:1.13.6]
	at akka.actor.Scheduler$$anon$4.run(Scheduler.scala:205) ~[flink-dist_2.12-1.13.6.jar:1.13.6]
	at scala.concurrent.Future$InternalCallbackExecutor$.unbatchedExecute(Future.scala:870) ~[flink-dist_2.12-1.13.6.jar:1.13.6]
	at scala.concurrent.BatchingExecutor.execute(BatchingExecutor.scala:109) ~[flink-dist_2.12-1.13.6.jar:1.13.6]
	at scala.concurrent.BatchingExecutor.execute$(BatchingExecutor.scala:103) ~[flink-dist_2.12-1.13.6.jar:1.13.6]
	at scala.concurrent.Future$InternalCallbackExecutor$.execute(Future.scala:868) ~[flink-dist_2.12-1.13.6.jar:1.13.6]
	at akka.actor.LightArrayRevolverScheduler$TaskHolder.executeTask(LightArrayRevolverScheduler.scala:328) ~[flink-dist_2.12-1.13.6.jar:1.13.6]
	at akka.actor.LightArrayRevolverScheduler$$anon$3.executeBucket$1(LightArrayRevolverScheduler.scala:279) ~[flink-dist_2.12-1.13.6.jar:1.13.6]
	at akka.actor.LightArrayRevolverScheduler$$anon$3.nextTick(LightArrayRevolverScheduler.scala:283) ~[flink-dist_2.12-1.13.6.jar:1.13.6]
	at akka.actor.LightArrayRevolverScheduler$$anon$3.run(LightArrayRevolverScheduler.scala:235) ~[flink-dist_2.12-1.13.6.jar:1.13.6]
	at java.lang.Thread.run(Unknown Source) ~[?:?]
2026-10-01 03:21:27,283 INFO  org.apache.flink.runtime.taskexecutor.TaskExecutor           [] - Cannot find task to fail for execution 80117f4fc7113ff7de217bd4885a611f with exception:
java.util.concurrent.TimeoutException: Invocation of public abstract java.util.concurrent.CompletableFuture org.apache.flink.runtime.jobmaster.JobMasterGateway.updateTaskExecutionState(org.apache.flink.runtime.taskmanager.TaskExecutionState) timed out.
	at com.sun.proxy.$Proxy25.updateTaskExecutionState(Unknown Source) ~[?:?]
	at org.apache.flink.runtime.taskexecutor.TaskExecutor.updateTaskExecutionState(TaskExecutor.java:1852) ~[flink-dist_2.12-1.13.6.jar:1.13.6]
	at org.apache.flink.runtime.taskexecutor.TaskExecutor.unregisterTaskAndNotifyFinalState(TaskExecutor.java:1885) ~[flink-dist_2.12-1.13.6.jar:1.13.6]
	at org.apache.flink.runtime.taskexecutor.TaskExecutor.access$2600(TaskExecutor.java:181) ~[flink-dist_2.12-1.13.6.jar:1.13.6]
	at org.apache.flink.runtime.taskexecutor.TaskExecutor$TaskManagerActionsImpl.lambda$updateTaskExecutionState$1(TaskExecutor.java:2289) ~[flink-dist_2.12-1.13.6.jar:1.13.6]
	at org.apache.flink.runtime.rpc.akka.AkkaRpcActor.handleRunAsync(AkkaRpcActor.java:440) ~[flink-dist_2.12-1.13.6.jar:1.13.6]
	at org.apache.flink.runtime.rpc.akka.AkkaRpcActor.handleRpcMessage(AkkaRpcActor.java:208) ~[flink-dist_2.12-1.13.6.jar:1.13.6]
	at org.apache.flink.runtime.rpc.akka.AkkaRpcActor.handleMessage(AkkaRpcActor.java:158) ~[flink-dist_2.12-1.13.6.jar:1.13.6]
	at akka.japi.pf.UnitCaseStatement.apply(CaseStatements.scala:26) [flink-dist_2.12-1.13.6.jar:1.13.6]
	at akka.japi.pf.UnitCaseStatement.apply(CaseStatements.scala:21) [flink-dist_2.12-1.13.6.jar:1.13.6]
	at scala.PartialFunction.applyOrElse(PartialFunction.scala:123) [flink-dist_2.12-1.13.6.jar:1.13.6]
	at scala.PartialFunction.applyOrElse$(PartialFunction.scala:122) [flink-dist_2.12-1.13.6.jar:1.13.6]
	at akka.japi.pf.UnitCaseStatement.applyOrElse(CaseStatements.scala:21) [flink-dist_2.12-1.13.6.jar:1.13.6]
	at scala.PartialFunction$OrElse.applyOrElse(PartialFunction.scala:171) [flink-dist_2.12-1.13.6.jar:1.13.6]
	at scala.PartialFunction$OrElse.applyOrElse(PartialFunction.scala:172) [flink-dist_2.12-1.13.6.jar:1.13.6]
	at scala.PartialFunction$OrElse.applyOrElse(PartialFunction.scala:172) [flink-dist_2.12-1.13.6.jar:1.13.6]
	at akka.actor.Actor.aroundReceive(Actor.scala:517) [flink-dist_2.12-1.13.6.jar:1.13.6]
	at akka.actor.Actor.aroundReceive$(Actor.scala:515) [flink-dist_2.12-1.13.6.jar:1.13.6]
	at akka.actor.AbstractActor.aroundReceive(AbstractActor.scala:225) [flink-dist_2.12-1.13.6.jar:1.13.6]
	at akka.actor.ActorCell.receiveMessage(ActorCell.scala:592) [flink-dist_2.12-1.13.6.jar:1.13.6]
	at akka.actor.ActorCell.invoke(ActorCell.scala:561) [flink-dist_2.12-1.13.6.jar:1.13.6]
	at akka.dispatch.Mailbox.processMailbox(Mailbox.scala:258) [flink-dist_2.12-1.13.6.jar:1.13.6]
	at akka.dispatch.Mailbox.run(Mailbox.scala:225) [flink-dist_2.12-1.13.6.jar:1.13.6]
	at akka.dispatch.Mailbox.exec(Mailbox.scala:235) [flink-dist_2.12-1.13.6.jar:1.13.6]
	at akka.dispatch.forkjoin.ForkJoinTask.doExec(ForkJoinTask.java:260) [flink-dist_2.12-1.13.6.jar:1.13.6]
	at akka.dispatch.forkjoin.ForkJoinPool$WorkQueue.runTask(ForkJoinPool.java:1339) [flink-dist_2.12-1.13.6.jar:1.13.6]
	at akka.dispatch.forkjoin.ForkJoinPool.runWorker(ForkJoinPool.java:1979) [flink-dist_2.12-1.13.6.jar:1.13.6]
	at akka.dispatch.forkjoin.ForkJoinWorkerThread.run(ForkJoinWorkerThread.java:107) [flink-dist_2.12-1.13.6.jar:1.13.6]
Caused by: akka.pattern.AskTimeoutException: Ask timed out on [Actor[akka.tcp://flink@172.16.0.162:6123/user/rpc/jobmanager_2#5895618]] after [10000 ms]. Message of type [org.apache.flink.runtime.rpc.messages.RemoteFencedMessage]. A typical reason for `AskTimeoutException` is that the recipient actor didn't send a reply.
	at akka.pattern.PromiseActorRef$.$anonfun$defaultOnTimeout$1(AskSupport.scala:635) ~[flink-dist_2.12-1.13.6.jar:1.13.6]
	at akka.pattern.PromiseActorRef$.$anonfun$apply$1(AskSupport.scala:650) ~[flink-dist_2.12-1.13.6.jar:1.13.6]
	at akka.actor.Scheduler$$anon$4.run(Scheduler.scala:205) ~[flink-dist_2.12-1.13.6.jar:1.13.6]
	at scala.concurrent.Future$InternalCallbackExecutor$.unbatchedExecute(Future.scala:870) ~[flink-dist_2.12-1.13.6.jar:1.13.6]
	at scala.concurrent.BatchingExecutor.execute(BatchingExecutor.scala:109) ~[flink-dist_2.12-1.13.6.jar:1.13.6]
	at scala.concurrent.BatchingExecutor.execute$(BatchingExecutor.scala:103) ~[flink-dist_2.12-1.13.6.jar:1.13.6]
	at scala.concurrent.Future$InternalCallbackExecutor$.execute(Future.scala:868) ~[flink-dist_2.12-1.13.6.jar:1.13.6]
	at akka.actor.LightArrayRevolverScheduler$TaskHolder.executeTask(LightArrayRevolverScheduler.scala:328) ~[flink-dist_2.12-1.13.6.jar:1.13.6]
	at akka.actor.LightArrayRevolverScheduler$$anon$3.executeBucket$1(LightArrayRevolverScheduler.scala:279) ~[flink-dist_2.12-1.13.6.jar:1.13.6]
	at akka.actor.LightArrayRevolverScheduler$$anon$3.nextTick(LightArrayRevolverScheduler.scala:283) ~[flink-dist_2.12-1.13.6.jar:1.13.6]
	at akka.actor.LightArrayRevolverScheduler$$anon$3.run(LightArrayRevolverScheduler.scala:235) ~[flink-dist_2.12-1.13.6.jar:1.13.6]
	at java.lang.Thread.run(Unknown Source) ~[?:?]
2026-10-01 03:21:27,284 INFO  org.apache.flink.runtime.taskexecutor.TaskExecutor           [] - Cannot find task to fail for execution 59a4b51c8dd2cdd5671c71c47cedf5f1 with exception:
java.util.concurrent.TimeoutException: Invocation of public abstract java.util.concurrent.CompletableFuture org.apache.flink.runtime.jobmaster.JobMasterGateway.updateTaskExecutionState(org.apache.flink.runtime.taskmanager.TaskExecutionState) timed out.
	at com.sun.proxy.$Proxy25.updateTaskExecutionState(Unknown Source) ~[?:?]
	at org.apache.flink.runtime.taskexecutor.TaskExecutor.updateTaskExecutionState(TaskExecutor.java:1852) ~[flink-dist_2.12-1.13.6.jar:1.13.6]
	at org.apache.flink.runtime.taskexecutor.TaskExecutor.unregisterTaskAndNotifyFinalState(TaskExecutor.java:1885) ~[flink-dist_2.12-1.13.6.jar:1.13.6]
	at org.apache.flink.runtime.taskexecutor.TaskExecutor.access$2600(TaskExecutor.java:181) ~[flink-dist_2.12-1.13.6.jar:1.13.6]
	at org.apache.flink.runtime.taskexecutor.TaskExecutor$TaskManagerActionsImpl.lambda$updateTaskExecutionState$1(TaskExecutor.java:2289) ~[flink-dist_2.12-1.13.6.jar:1.13.6]
	at org.apache.flink.runtime.rpc.akka.AkkaRpcActor.handleRunAsync(AkkaRpcActor.java:440) ~[flink-dist_2.12-1.13.6.jar:1.13.6]
	at org.apache.flink.runtime.rpc.akka.AkkaRpcActor.handleRpcMessage(AkkaRpcActor.java:208) ~[flink-dist_2.12-1.13.6.jar:1.13.6]
	at org.apache.flink.runtime.rpc.akka.AkkaRpcActor.handleMessage(AkkaRpcActor.java:158) ~[flink-dist_2.12-1.13.6.jar:1.13.6]
	at akka.japi.pf.UnitCaseStatement.apply(CaseStatements.scala:26) [flink-dist_2.12-1.13.6.jar:1.13.6]
	at akka.japi.pf.UnitCaseStatement.apply(CaseStatements.scala:21) [flink-dist_2.12-1.13.6.jar:1.13.6]
	at scala.PartialFunction.applyOrElse(PartialFunction.scala:123) [flink-dist_2.12-1.13.6.jar:1.13.6]
	at scala.PartialFunction.applyOrElse$(PartialFunction.scala:122) [flink-dist_2.12-1.13.6.jar:1.13.6]
	at akka.japi.pf.UnitCaseStatement.applyOrElse(CaseStatements.scala:21) [flink-dist_2.12-1.13.6.jar:1.13.6]
	at scala.PartialFunction$OrElse.applyOrElse(PartialFunction.scala:171) [flink-dist_2.12-1.13.6.jar:1.13.6]
	at scala.PartialFunction$OrElse.applyOrElse(PartialFunction.scala:172) [flink-dist_2.12-1.13.6.jar:1.13.6]
	at scala.PartialFunction$OrElse.applyOrElse(PartialFunction.scala:172) [flink-dist_2.12-1.13.6.jar:1.13.6]
	at akka.actor.Actor.aroundReceive(Actor.scala:517) [flink-dist_2.12-1.13.6.jar:1.13.6]
	at akka.actor.Actor.aroundReceive$(Actor.scala:515) [flink-dist_2.12-1.13.6.jar:1.13.6]
	at akka.actor.AbstractActor.aroundReceive(AbstractActor.scala:225) [flink-dist_2.12-1.13.6.jar:1.13.6]
	at akka.actor.ActorCell.receiveMessage(ActorCell.scala:592) [flink-dist_2.12-1.13.6.jar:1.13.6]
	at akka.actor.ActorCell.invoke(ActorCell.scala:561) [flink-dist_2.12-1.13.6.jar:1.13.6]
	at akka.dispatch.Mailbox.processMailbox(Mailbox.scala:258) [flink-dist_2.12-1.13.6.jar:1.13.6]
	at akka.dispatch.Mailbox.run(Mailbox.scala:225) [flink-dist_2.12-1.13.6.jar:1.13.6]
	at akka.dispatch.Mailbox.exec(Mailbox.scala:235) [flink-dist_2.12-1.13.6.jar:1.13.6]
	at akka.dispatch.forkjoin.ForkJoinTask.doExec(ForkJoinTask.java:260) [flink-dist_2.12-1.13.6.jar:1.13.6]
	at akka.dispatch.forkjoin.ForkJoinPool$WorkQueue.runTask(ForkJoinPool.java:1339) [flink-dist_2.12-1.13.6.jar:1.13.6]
	at akka.dispatch.forkjoin.ForkJoinPool.runWorker(ForkJoinPool.java:1979) [flink-dist_2.12-1.13.6.jar:1.13.6]
	at akka.dispatch.forkjoin.ForkJoinWorkerThread.run(ForkJoinWorkerThread.java:107) [flink-dist_2.12-1.13.6.jar:1.13.6]
Caused by: akka.pattern.AskTimeoutException: Ask timed out on [Actor[akka.tcp://flink@172.16.0.162:6123/user/rpc/jobmanager_2#5895618]] after [10000 ms]. Message of type [org.apache.flink.runtime.rpc.messages.RemoteFencedMessage]. A typical reason for `AskTimeoutException` is that the recipient actor didn't send a reply.
	at akka.pattern.PromiseActorRef$.$anonfun$defaultOnTimeout$1(AskSupport.scala:635) ~[flink-dist_2.12-1.13.6.jar:1.13.6]
	at akka.pattern.PromiseActorRef$.$anonfun$apply$1(AskSupport.scala:650) ~[flink-dist_2.12-1.13.6.jar:1.13.6]
	at akka.actor.Scheduler$$anon$4.run(Scheduler.scala:205) ~[flink-dist_2.12-1.13.6.jar:1.13.6]
	at scala.concurrent.Future$InternalCallbackExecutor$.unbatchedExecute(Future.scala:870) ~[flink-dist_2.12-1.13.6.jar:1.13.6]
	at scala.concurrent.BatchingExecutor.execute(BatchingExecutor.scala:109) ~[flink-dist_2.12-1.13.6.jar:1.13.6]
	at scala.concurrent.BatchingExecutor.execute$(BatchingExecutor.scala:103) ~[flink-dist_2.12-1.13.6.jar:1.13.6]
	at scala.concurrent.Future$InternalCallbackExecutor$.execute(Future.scala:868) ~[flink-dist_2.12-1.13.6.jar:1.13.6]
	at akka.actor.LightArrayRevolverScheduler$TaskHolder.executeTask(LightArrayRevolverScheduler.scala:328) ~[flink-dist_2.12-1.13.6.jar:1.13.6]
	at akka.actor.LightArrayRevolverScheduler$$anon$3.executeBucket$1(LightArrayRevolverScheduler.scala:279) ~[flink-dist_2.12-1.13.6.jar:1.13.6]
	at akka.actor.LightArrayRevolverScheduler$$anon$3.nextTick(LightArrayRevolverScheduler.scala:283) ~[flink-dist_2.12-1.13.6.jar:1.13.6]
	at akka.actor.LightArrayRevolverScheduler$$anon$3.run(LightArrayRevolverScheduler.scala:235) ~[flink-dist_2.12-1.13.6.jar:1.13.6]
	at java.lang.Thread.run(Unknown Source) ~[?:?]
2026-10-01 03:21:27,284 INFO  org.apache.flink.runtime.taskexecutor.TaskExecutor           [] - Cannot find task to fail for execution 9abf0d2303d6a2c8221b01bc1bc6784a with exception:
java.util.concurrent.TimeoutException: Invocation of public abstract java.util.concurrent.CompletableFuture org.apache.flink.runtime.jobmaster.JobMasterGateway.updateTaskExecutionState(org.apache.flink.runtime.taskmanager.TaskExecutionState) timed out.
	at com.sun.proxy.$Proxy25.updateTaskExecutionState(Unknown Source) ~[?:?]
	at org.apache.flink.runtime.taskexecutor.TaskExecutor.updateTaskExecutionState(TaskExecutor.java:1852) ~[flink-dist_2.12-1.13.6.jar:1.13.6]
	at org.apache.flink.runtime.taskexecutor.TaskExecutor.unregisterTaskAndNotifyFinalState(TaskExecutor.java:1885) ~[flink-dist_2.12-1.13.6.jar:1.13.6]
	at org.apache.flink.runtime.taskexecutor.TaskExecutor.access$2600(TaskExecutor.java:181) ~[flink-dist_2.12-1.13.6.jar:1.13.6]
	at org.apache.flink.runtime.taskexecutor.TaskExecutor$TaskManagerActionsImpl.lambda$updateTaskExecutionState$1(TaskExecutor.java:2289) ~[flink-dist_2.12-1.13.6.jar:1.13.6]
	at org.apache.flink.runtime.rpc.akka.AkkaRpcActor.handleRunAsync(AkkaRpcActor.java:440) ~[flink-dist_2.12-1.13.6.jar:1.13.6]
	at org.apache.flink.runtime.rpc.akka.AkkaRpcActor.handleRpcMessage(AkkaRpcActor.java:208) ~[flink-dist_2.12-1.13.6.jar:1.13.6]
	at org.apache.flink.runtime.rpc.akka.AkkaRpcActor.handleMessage(AkkaRpcActor.java:158) ~[flink-dist_2.12-1.13.6.jar:1.13.6]
	at akka.japi.pf.UnitCaseStatement.apply(CaseStatements.scala:26) [flink-dist_2.12-1.13.6.jar:1.13.6]
	at akka.japi.pf.UnitCaseStatement.apply(CaseStatements.scala:21) [flink-dist_2.12-1.13.6.jar:1.13.6]
	at scala.PartialFunction.applyOrElse(PartialFunction.scala:123) [flink-dist_2.12-1.13.6.jar:1.13.6]
	at scala.PartialFunction.applyOrElse$(PartialFunction.scala:122) [flink-dist_2.12-1.13.6.jar:1.13.6]
	at akka.japi.pf.UnitCaseStatement.applyOrElse(CaseStatements.scala:21) [flink-dist_2.12-1.13.6.jar:1.13.6]
	at scala.PartialFunction$OrElse.applyOrElse(PartialFunction.scala:171) [flink-dist_2.12-1.13.6.jar:1.13.6]
	at scala.PartialFunction$OrElse.applyOrElse(PartialFunction.scala:172) [flink-dist_2.12-1.13.6.jar:1.13.6]
	at scala.PartialFunction$OrElse.applyOrElse(PartialFunction.scala:172) [flink-dist_2.12-1.13.6.jar:1.13.6]
	at akka.actor.Actor.aroundReceive(Actor.scala:517) [flink-dist_2.12-1.13.6.jar:1.13.6]
	at akka.actor.Actor.aroundReceive$(Actor.scala:515) [flink-dist_2.12-1.13.6.jar:1.13.6]
	at akka.actor.AbstractActor.aroundReceive(AbstractActor.scala:225) [flink-dist_2.12-1.13.6.jar:1.13.6]
	at akka.actor.ActorCell.receiveMessage(ActorCell.scala:592) [flink-dist_2.12-1.13.6.jar:1.13.6]
	at akka.actor.ActorCell.invoke(ActorCell.scala:561) [flink-dist_2.12-1.13.6.jar:1.13.6]
	at akka.dispatch.Mailbox.processMailbox(Mailbox.scala:258) [flink-dist_2.12-1.13.6.jar:1.13.6]
	at akka.dispatch.Mailbox.run(Mailbox.scala:225) [flink-dist_2.12-1.13.6.jar:1.13.6]
	at akka.dispatch.Mailbox.exec(Mailbox.scala:235) [flink-dist_2.12-1.13.6.jar:1.13.6]
	at akka.dispatch.forkjoin.ForkJoinTask.doExec(ForkJoinTask.java:260) [flink-dist_2.12-1.13.6.jar:1.13.6]
	at akka.dispatch.forkjoin.ForkJoinPool$WorkQueue.runTask(ForkJoinPool.java:1339) [flink-dist_2.12-1.13.6.jar:1.13.6]
	at akka.dispatch.forkjoin.ForkJoinPool.runWorker(ForkJoinPool.java:1979) [flink-dist_2.12-1.13.6.jar:1.13.6]
	at akka.dispatch.forkjoin.ForkJoinWorkerThread.run(ForkJoinWorkerThread.java:107) [flink-dist_2.12-1.13.6.jar:1.13.6]
Caused by: akka.pattern.AskTimeoutException: Ask timed out on [Actor[akka.tcp://flink@172.16.0.162:6123/user/rpc/jobmanager_2#5895618]] after [10000 ms]. Message of type [org.apache.flink.runtime.rpc.messages.RemoteFencedMessage]. A typical reason for `AskTimeoutException` is that the recipient actor didn't send a reply.
	at akka.pattern.PromiseActorRef$.$anonfun$defaultOnTimeout$1(AskSupport.scala:635) ~[flink-dist_2.12-1.13.6.jar:1.13.6]
	at akka.pattern.PromiseActorRef$.$anonfun$apply$1(AskSupport.scala:650) ~[flink-dist_2.12-1.13.6.jar:1.13.6]
	at akka.actor.Scheduler$$anon$4.run(Scheduler.scala:205) ~[flink-dist_2.12-1.13.6.jar:1.13.6]
	at scala.concurrent.Future$InternalCallbackExecutor$.unbatchedExecute(Future.scala:870) ~[flink-dist_2.12-1.13.6.jar:1.13.6]
	at scala.concurrent.BatchingExecutor.execute(BatchingExecutor.scala:109) ~[flink-dist_2.12-1.13.6.jar:1.13.6]
	at scala.concurrent.BatchingExecutor.execute$(BatchingExecutor.scala:103) ~[flink-dist_2.12-1.13.6.jar:1.13.6]
	at scala.concurrent.Future$InternalCallbackExecutor$.execute(Future.scala:868) ~[flink-dist_2.12-1.13.6.jar:1.13.6]
	at akka.actor.LightArrayRevolverScheduler$TaskHolder.executeTask(LightArrayRevolverScheduler.scala:328) ~[flink-dist_2.12-1.13.6.jar:1.13.6]
	at akka.actor.LightArrayRevolverScheduler$$anon$3.executeBucket$1(LightArrayRevolverScheduler.scala:279) ~[flink-dist_2.12-1.13.6.jar:1.13.6]
	at akka.actor.LightArrayRevolverScheduler$$anon$3.nextTick(LightArrayRevolverScheduler.scala:283) ~[flink-dist_2.12-1.13.6.jar:1.13.6]
	at akka.actor.LightArrayRevolverScheduler$$anon$3.run(LightArrayRevolverScheduler.scala:235) ~[flink-dist_2.12-1.13.6.jar:1.13.6]
	at java.lang.Thread.run(Unknown Source) ~[?:?]
2026-10-01 03:21:27,284 INFO  org.apache.flink.runtime.taskexecutor.TaskExecutor           [] - Cannot find task to fail for execution 6c184021d390643af357fbf7b9216a9c with exception:
java.util.concurrent.TimeoutException: Invocation of public abstract java.util.concurrent.CompletableFuture org.apache.flink.runtime.jobmaster.JobMasterGateway.updateTaskExecutionState(org.apache.flink.runtime.taskmanager.TaskExecutionState) timed out.
	at com.sun.proxy.$Proxy25.updateTaskExecutionState(Unknown Source) ~[?:?]
	at org.apache.flink.runtime.taskexecutor.TaskExecutor.updateTaskExecutionState(TaskExecutor.java:1852) ~[flink-dist_2.12-1.13.6.jar:1.13.6]
	at org.apache.flink.runtime.taskexecutor.TaskExecutor.unregisterTaskAndNotifyFinalState(TaskExecutor.java:1885) ~[flink-dist_2.12-1.13.6.jar:1.13.6]
	at org.apache.flink.runtime.taskexecutor.TaskExecutor.access$2600(TaskExecutor.java:181) ~[flink-dist_2.12-1.13.6.jar:1.13.6]
	at org.apache.flink.runtime.taskexecutor.TaskExecutor$TaskManagerActionsImpl.lambda$updateTaskExecutionState$1(TaskExecutor.java:2289) ~[flink-dist_2.12-1.13.6.jar:1.13.6]
	at org.apache.flink.runtime.rpc.akka.AkkaRpcActor.handleRunAsync(AkkaRpcActor.java:440) ~[flink-dist_2.12-1.13.6.jar:1.13.6]
	at org.apache.flink.runtime.rpc.akka.AkkaRpcActor.handleRpcMessage(AkkaRpcActor.java:208) ~[flink-dist_2.12-1.13.6.jar:1.13.6]
	at org.apache.flink.runtime.rpc.akka.AkkaRpcActor.handleMessage(AkkaRpcActor.java:158) ~[flink-dist_2.12-1.13.6.jar:1.13.6]
	at akka.japi.pf.UnitCaseStatement.apply(CaseStatements.scala:26) [flink-dist_2.12-1.13.6.jar:1.13.6]
	at akka.japi.pf.UnitCaseStatement.apply(CaseStatements.scala:21) [flink-dist_2.12-1.13.6.jar:1.13.6]
	at scala.PartialFunction.applyOrElse(PartialFunction.scala:123) [flink-dist_2.12-1.13.6.jar:1.13.6]
	at scala.PartialFunction.applyOrElse$(PartialFunction.scala:122) [flink-dist_2.12-1.13.6.jar:1.13.6]
	at akka.japi.pf.UnitCaseStatement.applyOrElse(CaseStatements.scala:21) [flink-dist_2.12-1.13.6.jar:1.13.6]
	at scala.PartialFunction$OrElse.applyOrElse(PartialFunction.scala:171) [flink-dist_2.12-1.13.6.jar:1.13.6]
	at scala.PartialFunction$OrElse.applyOrElse(PartialFunction.scala:172) [flink-dist_2.12-1.13.6.jar:1.13.6]
	at scala.PartialFunction$OrElse.applyOrElse(PartialFunction.scala:172) [flink-dist_2.12-1.13.6.jar:1.13.6]
	at akka.actor.Actor.aroundReceive(Actor.scala:517) [flink-dist_2.12-1.13.6.jar:1.13.6]
	at akka.actor.Actor.aroundReceive$(Actor.scala:515) [flink-dist_2.12-1.13.6.jar:1.13.6]
	at akka.actor.AbstractActor.aroundReceive(AbstractActor.scala:225) [flink-dist_2.12-1.13.6.jar:1.13.6]
	at akka.actor.ActorCell.receiveMessage(ActorCell.scala:592) [flink-dist_2.12-1.13.6.jar:1.13.6]
	at akka.actor.ActorCell.invoke(ActorCell.scala:561) [flink-dist_2.12-1.13.6.jar:1.13.6]
	at akka.dispatch.Mailbox.processMailbox(Mailbox.scala:258) [flink-dist_2.12-1.13.6.jar:1.13.6]
	at akka.dispatch.Mailbox.run(Mailbox.scala:225) [flink-dist_2.12-1.13.6.jar:1.13.6]
	at akka.dispatch.Mailbox.exec(Mailbox.scala:235) [flink-dist_2.12-1.13.6.jar:1.13.6]
	at akka.dispatch.forkjoin.ForkJoinTask.doExec(ForkJoinTask.java:260) [flink-dist_2.12-1.13.6.jar:1.13.6]
	at akka.dispatch.forkjoin.ForkJoinPool$WorkQueue.runTask(ForkJoinPool.java:1339) [flink-dist_2.12-1.13.6.jar:1.13.6]
	at akka.dispatch.forkjoin.ForkJoinPool.runWorker(ForkJoinPool.java:1979) [flink-dist_2.12-1.13.6.jar:1.13.6]
	at akka.dispatch.forkjoin.ForkJoinWorkerThread.run(ForkJoinWorkerThread.java:107) [flink-dist_2.12-1.13.6.jar:1.13.6]
Caused by: akka.pattern.AskTimeoutException: Ask timed out on [Actor[akka.tcp://flink@172.16.0.162:6123/user/rpc/jobmanager_2#5895618]] after [10000 ms]. Message of type [org.apache.flink.runtime.rpc.messages.RemoteFencedMessage]. A typical reason for `AskTimeoutException` is that the recipient actor didn't send a reply.
	at akka.pattern.PromiseActorRef$.$anonfun$defaultOnTimeout$1(AskSupport.scala:635) ~[flink-dist_2.12-1.13.6.jar:1.13.6]
	at akka.pattern.PromiseActorRef$.$anonfun$apply$1(AskSupport.scala:650) ~[flink-dist_2.12-1.13.6.jar:1.13.6]
	at akka.actor.Scheduler$$anon$4.run(Scheduler.scala:205) ~[flink-dist_2.12-1.13.6.jar:1.13.6]
	at scala.concurrent.Future$InternalCallbackExecutor$.unbatchedExecute(Future.scala:870) ~[flink-dist_2.12-1.13.6.jar:1.13.6]
	at scala.concurrent.BatchingExecutor.execute(BatchingExecutor.scala:109) ~[flink-dist_2.12-1.13.6.jar:1.13.6]
	at scala.concurrent.BatchingExecutor.execute$(BatchingExecutor.scala:103) ~[flink-dist_2.12-1.13.6.jar:1.13.6]
	at scala.concurrent.Future$InternalCallbackExecutor$.execute(Future.scala:868) ~[flink-dist_2.12-1.13.6.jar:1.13.6]
	at akka.actor.LightArrayRevolverScheduler$TaskHolder.executeTask(LightArrayRevolverScheduler.scala:328) ~[flink-dist_2.12-1.13.6.jar:1.13.6]
	at akka.actor.LightArrayRevolverScheduler$$anon$3.executeBucket$1(LightArrayRevolverScheduler.scala:279) ~[flink-dist_2.12-1.13.6.jar:1.13.6]
	at akka.actor.LightArrayRevolverScheduler$$anon$3.nextTick(LightArrayRevolverScheduler.scala:283) ~[flink-dist_2.12-1.13.6.jar:1.13.6]
	at akka.actor.LightArrayRevolverScheduler$$anon$3.run(LightArrayRevolverScheduler.scala:235) ~[flink-dist_2.12-1.13.6.jar:1.13.6]
	at java.lang.Thread.run(Unknown Source) ~[?:?]
2026-10-01 03:21:27,284 INFO  org.apache.flink.runtime.taskexecutor.TaskExecutor           [] - Cannot find task to fail for execution 38fefc4c46cec919c23572bbf400f9e5 with exception:
java.util.concurrent.TimeoutException: Invocation of public abstract java.util.concurrent.CompletableFuture org.apache.flink.runtime.jobmaster.JobMasterGateway.updateTaskExecutionState(org.apache.flink.runtime.taskmanager.TaskExecutionState) timed out.
	at com.sun.proxy.$Proxy25.updateTaskExecutionState(Unknown Source) ~[?:?]
	at org.apache.flink.runtime.taskexecutor.TaskExecutor.updateTaskExecutionState(TaskExecutor.java:1852) ~[flink-dist_2.12-1.13.6.jar:1.13.6]
	at org.apache.flink.runtime.taskexecutor.TaskExecutor.unregisterTaskAndNotifyFinalState(TaskExecutor.java:1885) ~[flink-dist_2.12-1.13.6.jar:1.13.6]
	at org.apache.flink.runtime.taskexecutor.TaskExecutor.access$2600(TaskExecutor.java:181) ~[flink-dist_2.12-1.13.6.jar:1.13.6]
	at org.apache.flink.runtime.taskexecutor.TaskExecutor$TaskManagerActionsImpl.lambda$updateTaskExecutionState$1(TaskExecutor.java:2289) ~[flink-dist_2.12-1.13.6.jar:1.13.6]
	at org.apache.flink.runtime.rpc.akka.AkkaRpcActor.handleRunAsync(AkkaRpcActor.java:440) ~[flink-dist_2.12-1.13.6.jar:1.13.6]
	at org.apache.flink.runtime.rpc.akka.AkkaRpcActor.handleRpcMessage(AkkaRpcActor.java:208) ~[flink-dist_2.12-1.13.6.jar:1.13.6]
	at org.apache.flink.runtime.rpc.akka.AkkaRpcActor.handleMessage(AkkaRpcActor.java:158) ~[flink-dist_2.12-1.13.6.jar:1.13.6]
	at akka.japi.pf.UnitCaseStatement.apply(CaseStatements.scala:26) [flink-dist_2.12-1.13.6.jar:1.13.6]
	at akka.japi.pf.UnitCaseStatement.apply(CaseStatements.scala:21) [flink-dist_2.12-1.13.6.jar:1.13.6]
	at scala.PartialFunction.applyOrElse(PartialFunction.scala:123) [flink-dist_2.12-1.13.6.jar:1.13.6]
	at scala.PartialFunction.applyOrElse$(PartialFunction.scala:122) [flink-dist_2.12-1.13.6.jar:1.13.6]
	at akka.japi.pf.UnitCaseStatement.applyOrElse(CaseStatements.scala:21) [flink-dist_2.12-1.13.6.jar:1.13.6]
	at scala.PartialFunction$OrElse.applyOrElse(PartialFunction.scala:171) [flink-dist_2.12-1.13.6.jar:1.13.6]
	at scala.PartialFunction$OrElse.applyOrElse(PartialFunction.scala:172) [flink-dist_2.12-1.13.6.jar:1.13.6]
	at scala.PartialFunction$OrElse.applyOrElse(PartialFunction.scala:172) [flink-dist_2.12-1.13.6.jar:1.13.6]
	at akka.actor.Actor.aroundReceive(Actor.scala:517) [flink-dist_2.12-1.13.6.jar:1.13.6]
	at akka.actor.Actor.aroundReceive$(Actor.scala:515) [flink-dist_2.12-1.13.6.jar:1.13.6]
	at akka.actor.AbstractActor.aroundReceive(AbstractActor.scala:225) [flink-dist_2.12-1.13.6.jar:1.13.6]
	at akka.actor.ActorCell.receiveMessage(ActorCell.scala:592) [flink-dist_2.12-1.13.6.jar:1.13.6]
	at akka.actor.ActorCell.invoke(ActorCell.scala:561) [flink-dist_2.12-1.13.6.jar:1.13.6]
	at akka.dispatch.Mailbox.processMailbox(Mailbox.scala:258) [flink-dist_2.12-1.13.6.jar:1.13.6]
	at akka.dispatch.Mailbox.run(Mailbox.scala:225) [flink-dist_2.12-1.13.6.jar:1.13.6]
	at akka.dispatch.Mailbox.exec(Mailbox.scala:235) [flink-dist_2.12-1.13.6.jar:1.13.6]
	at akka.dispatch.forkjoin.ForkJoinTask.doExec(ForkJoinTask.java:260) [flink-dist_2.12-1.13.6.jar:1.13.6]
	at akka.dispatch.forkjoin.ForkJoinPool$WorkQueue.runTask(ForkJoinPool.java:1339) [flink-dist_2.12-1.13.6.jar:1.13.6]
	at akka.dispatch.forkjoin.ForkJoinPool.runWorker(ForkJoinPool.java:1979) [flink-dist_2.12-1.13.6.jar:1.13.6]
	at akka.dispatch.forkjoin.ForkJoinWorkerThread.run(ForkJoinWorkerThread.java:107) [flink-dist_2.12-1.13.6.jar:1.13.6]
Caused by: akka.pattern.AskTimeoutException: Ask timed out on [Actor[akka.tcp://flink@172.16.0.162:6123/user/rpc/jobmanager_2#5895618]] after [10000 ms]. Message of type [org.apache.flink.runtime.rpc.messages.RemoteFencedMessage]. A typical reason for `AskTimeoutException` is that the recipient actor didn't send a reply.
	at akka.pattern.PromiseActorRef$.$anonfun$defaultOnTimeout$1(AskSupport.scala:635) ~[flink-dist_2.12-1.13.6.jar:1.13.6]
	at akka.pattern.PromiseActorRef$.$anonfun$apply$1(AskSupport.scala:650) ~[flink-dist_2.12-1.13.6.jar:1.13.6]
	at akka.actor.Scheduler$$anon$4.run(Scheduler.scala:205) ~[flink-dist_2.12-1.13.6.jar:1.13.6]
	at scala.concurrent.Future$InternalCallbackExecutor$.unbatchedExecute(Future.scala:870) ~[flink-dist_2.12-1.13.6.jar:1.13.6]
	at scala.concurrent.BatchingExecutor.execute(BatchingExecutor.scala:109) ~[flink-dist_2.12-1.13.6.jar:1.13.6]
	at scala.concurrent.BatchingExecutor.execute$(BatchingExecutor.scala:103) ~[flink-dist_2.12-1.13.6.jar:1.13.6]
	at scala.concurrent.Future$InternalCallbackExecutor$.execute(Future.scala:868) ~[flink-dist_2.12-1.13.6.jar:1.13.6]
	at akka.actor.LightArrayRevolverScheduler$TaskHolder.executeTask(LightArrayRevolverScheduler.scala:328) ~[flink-dist_2.12-1.13.6.jar:1.13.6]
	at akka.actor.LightArrayRevolverScheduler$$anon$3.executeBucket$1(LightArrayRevolverScheduler.scala:279) ~[flink-dist_2.12-1.13.6.jar:1.13.6]
	at akka.actor.LightArrayRevolverScheduler$$anon$3.nextTick(LightArrayRevolverScheduler.scala:283) ~[flink-dist_2.12-1.13.6.jar:1.13.6]
	at akka.actor.LightArrayRevolverScheduler$$anon$3.run(LightArrayRevolverScheduler.scala:235) ~[flink-dist_2.12-1.13.6.jar:1.13.6]
	at java.lang.Thread.run(Unknown Source) ~[?:?]
2026-10-01 03:21:27,285 INFO  org.apache.flink.runtime.taskexecutor.TaskExecutor           [] - Cannot find task to fail for execution f8617c6b42fd77c9d3527e8c8c7294ea with exception:
java.util.concurrent.TimeoutException: Invocation of public abstract java.util.concurrent.CompletableFuture org.apache.flink.runtime.jobmaster.JobMasterGateway.updateTaskExecutionState(org.apache.flink.runtime.taskmanager.TaskExecutionState) timed out.
	at com.sun.proxy.$Proxy25.updateTaskExecutionState(Unknown Source) ~[?:?]
	at org.apache.flink.runtime.taskexecutor.TaskExecutor.updateTaskExecutionState(TaskExecutor.java:1852) ~[flink-dist_2.12-1.13.6.jar:1.13.6]
	at org.apache.flink.runtime.taskexecutor.TaskExecutor.unregisterTaskAndNotifyFinalState(TaskExecutor.java:1885) ~[flink-dist_2.12-1.13.6.jar:1.13.6]
	at org.apache.flink.runtime.taskexecutor.TaskExecutor.access$2600(TaskExecutor.java:181) ~[flink-dist_2.12-1.13.6.jar:1.13.6]
	at org.apache.flink.runtime.taskexecutor.TaskExecutor$TaskManagerActionsImpl.lambda$updateTaskExecutionState$1(TaskExecutor.java:2289) ~[flink-dist_2.12-1.13.6.jar:1.13.6]
	at org.apache.flink.runtime.rpc.akka.AkkaRpcActor.handleRunAsync(AkkaRpcActor.java:440) ~[flink-dist_2.12-1.13.6.jar:1.13.6]
	at org.apache.flink.runtime.rpc.akka.AkkaRpcActor.handleRpcMessage(AkkaRpcActor.java:208) ~[flink-dist_2.12-1.13.6.jar:1.13.6]
	at org.apache.flink.runtime.rpc.akka.AkkaRpcActor.handleMessage(AkkaRpcActor.java:158) ~[flink-dist_2.12-1.13.6.jar:1.13.6]
	at akka.japi.pf.UnitCaseStatement.apply(CaseStatements.scala:26) [flink-dist_2.12-1.13.6.jar:1.13.6]
	at akka.japi.pf.UnitCaseStatement.apply(CaseStatements.scala:21) [flink-dist_2.12-1.13.6.jar:1.13.6]
	at scala.PartialFunction.applyOrElse(PartialFunction.scala:123) [flink-dist_2.12-1.13.6.jar:1.13.6]
	at scala.PartialFunction.applyOrElse$(PartialFunction.scala:122) [flink-dist_2.12-1.13.6.jar:1.13.6]
	at akka.japi.pf.UnitCaseStatement.applyOrElse(CaseStatements.scala:21) [flink-dist_2.12-1.13.6.jar:1.13.6]
	at scala.PartialFunction$OrElse.applyOrElse(PartialFunction.scala:171) [flink-dist_2.12-1.13.6.jar:1.13.6]
	at scala.PartialFunction$OrElse.applyOrElse(PartialFunction.scala:172) [flink-dist_2.12-1.13.6.jar:1.13.6]
	at scala.PartialFunction$OrElse.applyOrElse(PartialFunction.scala:172) [flink-dist_2.12-1.13.6.jar:1.13.6]
	at akka.actor.Actor.aroundReceive(Actor.scala:517) [flink-dist_2.12-1.13.6.jar:1.13.6]
	at akka.actor.Actor.aroundReceive$(Actor.scala:515) [flink-dist_2.12-1.13.6.jar:1.13.6]
	at akka.actor.AbstractActor.aroundReceive(AbstractActor.scala:225) [flink-dist_2.12-1.13.6.jar:1.13.6]
	at akka.actor.ActorCell.receiveMessage(ActorCell.scala:592) [flink-dist_2.12-1.13.6.jar:1.13.6]
	at akka.actor.ActorCell.invoke(ActorCell.scala:561) [flink-dist_2.12-1.13.6.jar:1.13.6]
	at akka.dispatch.Mailbox.processMailbox(Mailbox.scala:258) [flink-dist_2.12-1.13.6.jar:1.13.6]
	at akka.dispatch.Mailbox.run(Mailbox.scala:225) [flink-dist_2.12-1.13.6.jar:1.13.6]
	at akka.dispatch.Mailbox.exec(Mailbox.scala:235) [flink-dist_2.12-1.13.6.jar:1.13.6]
	at akka.dispatch.forkjoin.ForkJoinTask.doExec(ForkJoinTask.java:260) [flink-dist_2.12-1.13.6.jar:1.13.6]
	at akka.dispatch.forkjoin.ForkJoinPool$WorkQueue.runTask(ForkJoinPool.java:1339) [flink-dist_2.12-1.13.6.jar:1.13.6]
	at akka.dispatch.forkjoin.ForkJoinPool.runWorker(ForkJoinPool.java:1979) [flink-dist_2.12-1.13.6.jar:1.13.6]
	at akka.dispatch.forkjoin.ForkJoinWorkerThread.run(ForkJoinWorkerThread.java:107) [flink-dist_2.12-1.13.6.jar:1.13.6]
Caused by: akka.pattern.AskTimeoutException: Ask timed out on [Actor[akka.tcp://flink@172.16.0.162:6123/user/rpc/jobmanager_2#5895618]] after [10000 ms]. Message of type [org.apache.flink.runtime.rpc.messages.RemoteFencedMessage]. A typical reason for `AskTimeoutException` is that the recipient actor didn't send a reply.
	at akka.pattern.PromiseActorRef$.$anonfun$defaultOnTimeout$1(AskSupport.scala:635) ~[flink-dist_2.12-1.13.6.jar:1.13.6]
	at akka.pattern.PromiseActorRef$.$anonfun$apply$1(AskSupport.scala:650) ~[flink-dist_2.12-1.13.6.jar:1.13.6]
	at akka.actor.Scheduler$$anon$4.run(Scheduler.scala:205) ~[flink-dist_2.12-1.13.6.jar:1.13.6]
	at scala.concurrent.Future$InternalCallbackExecutor$.unbatchedExecute(Future.scala:870) ~[flink-dist_2.12-1.13.6.jar:1.13.6]
	at scala.concurrent.BatchingExecutor.execute(BatchingExecutor.scala:109) ~[flink-dist_2.12-1.13.6.jar:1.13.6]
	at scala.concurrent.BatchingExecutor.execute$(BatchingExecutor.scala:103) ~[flink-dist_2.12-1.13.6.jar:1.13.6]
	at scala.concurrent.Future$InternalCallbackExecutor$.execute(Future.scala:868) ~[flink-dist_2.12-1.13.6.jar:1.13.6]
	at akka.actor.LightArrayRevolverScheduler$TaskHolder.executeTask(LightArrayRevolverScheduler.scala:328) ~[flink-dist_2.12-1.13.6.jar:1.13.6]
	at akka.actor.LightArrayRevolverScheduler$$anon$3.executeBucket$1(LightArrayRevolverScheduler.scala:279) ~[flink-dist_2.12-1.13.6.jar:1.13.6]
	at akka.actor.LightArrayRevolverScheduler$$anon$3.nextTick(LightArrayRevolverScheduler.scala:283) ~[flink-dist_2.12-1.13.6.jar:1.13.6]
	at akka.actor.LightArrayRevolverScheduler$$anon$3.run(LightArrayRevolverScheduler.scala:235) ~[flink-dist_2.12-1.13.6.jar:1.13.6]
	at java.lang.Thread.run(Unknown Source) ~[?:?]
2026-10-01 03:21:27,285 INFO  org.apache.flink.runtime.taskexecutor.TaskExecutor           [] - Cannot find task to fail for execution ae713aa0a3472115b3f15699b0c36518 with exception:
java.util.concurrent.TimeoutException: Invocation of public abstract java.util.concurrent.CompletableFuture org.apache.flink.runtime.jobmaster.JobMasterGateway.updateTaskExecutionState(org.apache.flink.runtime.taskmanager.TaskExecutionState) timed out.
	at com.sun.proxy.$Proxy25.updateTaskExecutionState(Unknown Source) ~[?:?]
	at org.apache.flink.runtime.taskexecutor.TaskExecutor.updateTaskExecutionState(TaskExecutor.java:1852) ~[flink-dist_2.12-1.13.6.jar:1.13.6]
	at org.apache.flink.runtime.taskexecutor.TaskExecutor.unregisterTaskAndNotifyFinalState(TaskExecutor.java:1885) ~[flink-dist_2.12-1.13.6.jar:1.13.6]
	at org.apache.flink.runtime.taskexecutor.TaskExecutor.access$2600(TaskExecutor.java:181) ~[flink-dist_2.12-1.13.6.jar:1.13.6]
	at org.apache.flink.runtime.taskexecutor.TaskExecutor$TaskManagerActionsImpl.lambda$updateTaskExecutionState$1(TaskExecutor.java:2289) ~[flink-dist_2.12-1.13.6.jar:1.13.6]
	at org.apache.flink.runtime.rpc.akka.AkkaRpcActor.handleRunAsync(AkkaRpcActor.java:440) ~[flink-dist_2.12-1.13.6.jar:1.13.6]
	at org.apache.flink.runtime.rpc.akka.AkkaRpcActor.handleRpcMessage(AkkaRpcActor.java:208) ~[flink-dist_2.12-1.13.6.jar:1.13.6]
	at org.apache.flink.runtime.rpc.akka.AkkaRpcActor.handleMessage(AkkaRpcActor.java:158) ~[flink-dist_2.12-1.13.6.jar:1.13.6]
	at akka.japi.pf.UnitCaseStatement.apply(CaseStatements.scala:26) [flink-dist_2.12-1.13.6.jar:1.13.6]
	at akka.japi.pf.UnitCaseStatement.apply(CaseStatements.scala:21) [flink-dist_2.12-1.13.6.jar:1.13.6]
	at scala.PartialFunction.applyOrElse(PartialFunction.scala:123) [flink-dist_2.12-1.13.6.jar:1.13.6]
	at scala.PartialFunction.applyOrElse$(PartialFunction.scala:122) [flink-dist_2.12-1.13.6.jar:1.13.6]
	at akka.japi.pf.UnitCaseStatement.applyOrElse(CaseStatements.scala:21) [flink-dist_2.12-1.13.6.jar:1.13.6]
	at scala.PartialFunction$OrElse.applyOrElse(PartialFunction.scala:171) [flink-dist_2.12-1.13.6.jar:1.13.6]
	at scala.PartialFunction$OrElse.applyOrElse(PartialFunction.scala:172) [flink-dist_2.12-1.13.6.jar:1.13.6]
	at scala.PartialFunction$OrElse.applyOrElse(PartialFunction.scala:172) [flink-dist_2.12-1.13.6.jar:1.13.6]
	at akka.actor.Actor.aroundReceive(Actor.scala:517) [flink-dist_2.12-1.13.6.jar:1.13.6]
	at akka.actor.Actor.aroundReceive$(Actor.scala:515) [flink-dist_2.12-1.13.6.jar:1.13.6]
	at akka.actor.AbstractActor.aroundReceive(AbstractActor.scala:225) [flink-dist_2.12-1.13.6.jar:1.13.6]
	at akka.actor.ActorCell.receiveMessage(ActorCell.scala:592) [flink-dist_2.12-1.13.6.jar:1.13.6]
	at akka.actor.ActorCell.invoke(ActorCell.scala:561) [flink-dist_2.12-1.13.6.jar:1.13.6]
	at akka.dispatch.Mailbox.processMailbox(Mailbox.scala:258) [flink-dist_2.12-1.13.6.jar:1.13.6]
	at akka.dispatch.Mailbox.run(Mailbox.scala:225) [flink-dist_2.12-1.13.6.jar:1.13.6]
	at akka.dispatch.Mailbox.exec(Mailbox.scala:235) [flink-dist_2.12-1.13.6.jar:1.13.6]
	at akka.dispatch.forkjoin.ForkJoinTask.doExec(ForkJoinTask.java:260) [flink-dist_2.12-1.13.6.jar:1.13.6]
	at akka.dispatch.forkjoin.ForkJoinPool$WorkQueue.runTask(ForkJoinPool.java:1339) [flink-dist_2.12-1.13.6.jar:1.13.6]
	at akka.dispatch.forkjoin.ForkJoinPool.runWorker(ForkJoinPool.java:1979) [flink-dist_2.12-1.13.6.jar:1.13.6]
	at akka.dispatch.forkjoin.ForkJoinWorkerThread.run(ForkJoinWorkerThread.java:107) [flink-dist_2.12-1.13.6.jar:1.13.6]
Caused by: akka.pattern.AskTimeoutException: Ask timed out on [Actor[akka.tcp://flink@172.16.0.162:6123/user/rpc/jobmanager_2#5895618]] after [10000 ms]. Message of type [org.apache.flink.runtime.rpc.messages.RemoteFencedMessage]. A typical reason for `AskTimeoutException` is that the recipient actor didn't send a reply.
	at akka.pattern.PromiseActorRef$.$anonfun$defaultOnTimeout$1(AskSupport.scala:635) ~[flink-dist_2.12-1.13.6.jar:1.13.6]
	at akka.pattern.PromiseActorRef$.$anonfun$apply$1(AskSupport.scala:650) ~[flink-dist_2.12-1.13.6.jar:1.13.6]
	at akka.actor.Scheduler$$anon$4.run(Scheduler.scala:205) ~[flink-dist_2.12-1.13.6.jar:1.13.6]
	at scala.concurrent.Future$InternalCallbackExecutor$.unbatchedExecute(Future.scala:870) ~[flink-dist_2.12-1.13.6.jar:1.13.6]
	at scala.concurrent.BatchingExecutor.execute(BatchingExecutor.scala:109) ~[flink-dist_2.12-1.13.6.jar:1.13.6]
	at scala.concurrent.BatchingExecutor.execute$(BatchingExecutor.scala:103) ~[flink-dist_2.12-1.13.6.jar:1.13.6]
	at scala.concurrent.Future$InternalCallbackExecutor$.execute(Future.scala:868) ~[flink-dist_2.12-1.13.6.jar:1.13.6]
	at akka.actor.LightArrayRevolverScheduler$TaskHolder.executeTask(LightArrayRevolverScheduler.scala:328) ~[flink-dist_2.12-1.13.6.jar:1.13.6]
	at akka.actor.LightArrayRevolverScheduler$$anon$3.executeBucket$1(LightArrayRevolverScheduler.scala:279) ~[flink-dist_2.12-1.13.6.jar:1.13.6]
	at akka.actor.LightArrayRevolverScheduler$$anon$3.nextTick(LightArrayRevolverScheduler.scala:283) ~[flink-dist_2.12-1.13.6.jar:1.13.6]
	at akka.actor.LightArrayRevolverScheduler$$anon$3.run(LightArrayRevolverScheduler.scala:235) ~[flink-dist_2.12-1.13.6.jar:1.13.6]
	at java.lang.Thread.run(Unknown Source) ~[?:?]
2026-10-01 03:21:27,285 INFO  org.apache.flink.runtime.taskexecutor.TaskExecutor           [] - Cannot find task to fail for execution 028b0b27147fea98f45d53cb9cdeb8c2 with exception:
java.util.concurrent.TimeoutException: Invocation of public abstract java.util.concurrent.CompletableFuture org.apache.flink.runtime.jobmaster.JobMasterGateway.updateTaskExecutionState(org.apache.flink.runtime.taskmanager.TaskExecutionState) timed out.
	at com.sun.proxy.$Proxy25.updateTaskExecutionState(Unknown Source) ~[?:?]
	at org.apache.flink.runtime.taskexecutor.TaskExecutor.updateTaskExecutionState(TaskExecutor.java:1852) ~[flink-dist_2.12-1.13.6.jar:1.13.6]
	at org.apache.flink.runtime.taskexecutor.TaskExecutor.unregisterTaskAndNotifyFinalState(TaskExecutor.java:1885) ~[flink-dist_2.12-1.13.6.jar:1.13.6]
	at org.apache.flink.runtime.taskexecutor.TaskExecutor.access$2600(TaskExecutor.java:181) ~[flink-dist_2.12-1.13.6.jar:1.13.6]
	at org.apache.flink.runtime.taskexecutor.TaskExecutor$TaskManagerActionsImpl.lambda$updateTaskExecutionState$1(TaskExecutor.java:2289) ~[flink-dist_2.12-1.13.6.jar:1.13.6]
	at org.apache.flink.runtime.rpc.akka.AkkaRpcActor.handleRunAsync(AkkaRpcActor.java:440) ~[flink-dist_2.12-1.13.6.jar:1.13.6]
	at org.apache.flink.runtime.rpc.akka.AkkaRpcActor.handleRpcMessage(AkkaRpcActor.java:208) ~[flink-dist_2.12-1.13.6.jar:1.13.6]
	at org.apache.flink.runtime.rpc.akka.AkkaRpcActor.handleMessage(AkkaRpcActor.java:158) ~[flink-dist_2.12-1.13.6.jar:1.13.6]
	at akka.japi.pf.UnitCaseStatement.apply(CaseStatements.scala:26) [flink-dist_2.12-1.13.6.jar:1.13.6]
	at akka.japi.pf.UnitCaseStatement.apply(CaseStatements.scala:21) [flink-dist_2.12-1.13.6.jar:1.13.6]
	at scala.PartialFunction.applyOrElse(PartialFunction.scala:123) [flink-dist_2.12-1.13.6.jar:1.13.6]
	at scala.PartialFunction.applyOrElse$(PartialFunction.scala:122) [flink-dist_2.12-1.13.6.jar:1.13.6]
	at akka.japi.pf.UnitCaseStatement.applyOrElse(CaseStatements.scala:21) [flink-dist_2.12-1.13.6.jar:1.13.6]
	at scala.PartialFunction$OrElse.applyOrElse(PartialFunction.scala:171) [flink-dist_2.12-1.13.6.jar:1.13.6]
	at scala.PartialFunction$OrElse.applyOrElse(PartialFunction.scala:172) [flink-dist_2.12-1.13.6.jar:1.13.6]
	at scala.PartialFunction$OrElse.applyOrElse(PartialFunction.scala:172) [flink-dist_2.12-1.13.6.jar:1.13.6]
	at akka.actor.Actor.aroundReceive(Actor.scala:517) [flink-dist_2.12-1.13.6.jar:1.13.6]
	at akka.actor.Actor.aroundReceive$(Actor.scala:515) [flink-dist_2.12-1.13.6.jar:1.13.6]
	at akka.actor.AbstractActor.aroundReceive(AbstractActor.scala:225) [flink-dist_2.12-1.13.6.jar:1.13.6]
	at akka.actor.ActorCell.receiveMessage(ActorCell.scala:592) [flink-dist_2.12-1.13.6.jar:1.13.6]
	at akka.actor.ActorCell.invoke(ActorCell.scala:561) [flink-dist_2.12-1.13.6.jar:1.13.6]
	at akka.dispatch.Mailbox.processMailbox(Mailbox.scala:258) [flink-dist_2.12-1.13.6.jar:1.13.6]
	at akka.dispatch.Mailbox.run(Mailbox.scala:225) [flink-dist_2.12-1.13.6.jar:1.13.6]
	at akka.dispatch.Mailbox.exec(Mailbox.scala:235) [flink-dist_2.12-1.13.6.jar:1.13.6]
	at akka.dispatch.forkjoin.ForkJoinTask.doExec(ForkJoinTask.java:260) [flink-dist_2.12-1.13.6.jar:1.13.6]
	at akka.dispatch.forkjoin.ForkJoinPool$WorkQueue.runTask(ForkJoinPool.java:1339) [flink-dist_2.12-1.13.6.jar:1.13.6]
	at akka.dispatch.forkjoin.ForkJoinPool.runWorker(ForkJoinPool.java:1979) [flink-dist_2.12-1.13.6.jar:1.13.6]
	at akka.dispatch.forkjoin.ForkJoinWorkerThread.run(ForkJoinWorkerThread.java:107) [flink-dist_2.12-1.13.6.jar:1.13.6]
Caused by: akka.pattern.AskTimeoutException: Ask timed out on [Actor[akka.tcp://flink@172.16.0.162:6123/user/rpc/jobmanager_2#5895618]] after [10000 ms]. Message of type [org.apache.flink.runtime.rpc.messages.RemoteFencedMessage]. A typical reason for `AskTimeoutException` is that the recipient actor didn't send a reply.
	at akka.pattern.PromiseActorRef$.$anonfun$defaultOnTimeout$1(AskSupport.scala:635) ~[flink-dist_2.12-1.13.6.jar:1.13.6]
	at akka.pattern.PromiseActorRef$.$anonfun$apply$1(AskSupport.scala:650) ~[flink-dist_2.12-1.13.6.jar:1.13.6]
	at akka.actor.Scheduler$$anon$4.run(Scheduler.scala:205) ~[flink-dist_2.12-1.13.6.jar:1.13.6]
	at scala.concurrent.Future$InternalCallbackExecutor$.unbatchedExecute(Future.scala:870) ~[flink-dist_2.12-1.13.6.jar:1.13.6]
	at scala.concurrent.BatchingExecutor.execute(BatchingExecutor.scala:109) ~[flink-dist_2.12-1.13.6.jar:1.13.6]
	at scala.concurrent.BatchingExecutor.execute$(BatchingExecutor.scala:103) ~[flink-dist_2.12-1.13.6.jar:1.13.6]
	at scala.concurrent.Future$InternalCallbackExecutor$.execute(Future.scala:868) ~[flink-dist_2.12-1.13.6.jar:1.13.6]
	at akka.actor.LightArrayRevolverScheduler$TaskHolder.executeTask(LightArrayRevolverScheduler.scala:328) ~[flink-dist_2.12-1.13.6.jar:1.13.6]
	at akka.actor.LightArrayRevolverScheduler$$anon$3.executeBucket$1(LightArrayRevolverScheduler.scala:279) ~[flink-dist_2.12-1.13.6.jar:1.13.6]
	at akka.actor.LightArrayRevolverScheduler$$anon$3.nextTick(LightArrayRevolverScheduler.scala:283) ~[flink-dist_2.12-1.13.6.jar:1.13.6]
	at akka.actor.LightArrayRevolverScheduler$$anon$3.run(LightArrayRevolverScheduler.scala:235) ~[flink-dist_2.12-1.13.6.jar:1.13.6]
	at java.lang.Thread.run(Unknown Source) ~[?:?]
2026-10-01 03:21:27,371 INFO  org.apache.flink.runtime.taskexecutor.DefaultJobLeaderService [] - Could not resolve JobManager address akka.tcp://flink@172.16.0.162:6123/user/rpc/jobmanager_2, retrying in 10000 ms: Could not connect to rpc endpoint under address akka.tcp://flink@172.16.0.162:6123/user/rpc/jobmanager_2.
2026-10-01 03:21:37,388 INFO  org.apache.flink.runtime.taskexecutor.DefaultJobLeaderService [] - Could not resolve JobManager address akka.tcp://flink@172.16.0.162:6123/user/rpc/jobmanager_2, retrying in 10000 ms: Could not connect to rpc endpoint under address akka.tcp://flink@172.16.0.162:6123/user/rpc/jobmanager_2.
2026-10-01 03:21:47,409 INFO  org.apache.flink.runtime.taskexecutor.DefaultJobLeaderService [] - Could not resolve JobManager address akka.tcp://flink@172.16.0.162:6123/user/rpc/jobmanager_2, retrying in 10000 ms: Could not connect to rpc endpoint under address akka.tcp://flink@172.16.0.162:6123/user/rpc/jobmanager_2.
2026-10-01 03:21:57,356 INFO  org.apache.flink.runtime.taskexecutor.TaskExecutor           [] - The heartbeat of ResourceManager with id 7a0c75731bd07a7b0d9c61270a393f48 timed out.
2026-10-01 03:21:57,356 INFO  org.apache.flink.runtime.taskexecutor.TaskExecutor           [] - Close ResourceManager connection 7a0c75731bd07a7b0d9c61270a393f48.
2026-10-01 03:21:57,359 INFO  org.apache.flink.runtime.taskexecutor.TaskExecutor           [] - Connecting to ResourceManager akka.tcp://flink@172.16.0.162:6123/user/rpc/resourcemanager_*(00000000000000000000000000000000).
2026-10-01 03:21:57,386 INFO  org.apache.flink.runtime.taskexecutor.TaskExecutor           [] - Resolved ResourceManager address, beginning registration
2026-10-01 03:21:57,418 INFO  org.apache.flink.runtime.taskexecutor.TaskExecutor           [] - Successful registration at resource manager akka.tcp://flink@172.16.0.162:6123/user/rpc/resourcemanager_* under registration id 29d1dac05d4d8a737499b209e08982c4.
2026-10-01 03:21:57,427 INFO  org.apache.flink.runtime.taskexecutor.DefaultJobLeaderService [] - Could not resolve JobManager address akka.tcp://flink@172.16.0.162:6123/user/rpc/jobmanager_2, retrying in 10000 ms: Could not connect to rpc endpoint under address akka.tcp://flink@172.16.0.162:6123/user/rpc/jobmanager_2.
2026-10-01 03:22:07,448 INFO  org.apache.flink.runtime.taskexecutor.DefaultJobLeaderService [] - Could not resolve JobManager address akka.tcp://flink@172.16.0.162:6123/user/rpc/jobmanager_2, retrying in 10000 ms: Could not connect to rpc endpoint under address akka.tcp://flink@172.16.0.162:6123/user/rpc/jobmanager_2.
2026-10-01 03:22:17,468 INFO  org.apache.flink.runtime.taskexecutor.DefaultJobLeaderService [] - Could not resolve JobManager address akka.tcp://flink@172.16.0.162:6123/user/rpc/jobmanager_2, retrying in 10000 ms: Could not connect to rpc endpoint under address akka.tcp://flink@172.16.0.162:6123/user/rpc/jobmanager_2.
2026-10-01 03:22:27,489 INFO  org.apache.flink.runtime.taskexecutor.DefaultJobLeaderService [] - Could not resolve JobManager address akka.tcp://flink@172.16.0.162:6123/user/rpc/jobmanager_2, retrying in 10000 ms: Could not connect to rpc endpoint under address akka.tcp://flink@172.16.0.162:6123/user/rpc/jobmanager_2.
2026-10-01 03:22:37,509 INFO  org.apache.flink.runtime.taskexecutor.DefaultJobLeaderService [] - Could not resolve JobManager address akka.tcp://flink@172.16.0.162:6123/user/rpc/jobmanager_2, retrying in 10000 ms: Could not connect to rpc endpoint under address akka.tcp://flink@172.16.0.162:6123/user/rpc/jobmanager_2.
2026-10-01 03:22:47,529 INFO  org.apache.flink.runtime.taskexecutor.DefaultJobLeaderService [] - Could not resolve JobManager address akka.tcp://flink@172.16.0.162:6123/user/rpc/jobmanager_2, retrying in 10000 ms: Could not connect to rpc endpoint under address akka.tcp://flink@172.16.0.162:6123/user/rpc/jobmanager_2.
2026-10-01 03:22:57,548 INFO  org.apache.flink.runtime.taskexecutor.DefaultJobLeaderService [] - Could not resolve JobManager address akka.tcp://flink@172.16.0.162:6123/user/rpc/jobmanager_2, retrying in 10000 ms: Could not connect to rpc endpoint under address akka.tcp://flink@172.16.0.162:6123/user/rpc/jobmanager_2.
2026-10-01 03:23:07,568 INFO  org.apache.flink.runtime.taskexecutor.DefaultJobLeaderService [] - Could not resolve JobManager address akka.tcp://flink@172.16.0.162:6123/user/rpc/jobmanager_2, retrying in 10000 ms: Could not connect to rpc endpoint under address akka.tcp://flink@172.16.0.162:6123/user/rpc/jobmanager_2.
2026-10-01 03:23:17,588 INFO  org.apache.flink.runtime.taskexecutor.DefaultJobLeaderService [] - Could not resolve JobManager address akka.tcp://flink@172.16.0.162:6123/user/rpc/jobmanager_2, retrying in 10000 ms: Could not connect to rpc endpoint under address akka.tcp://flink@172.16.0.162:6123/user/rpc/jobmanager_2.
2026-10-01 03:23:27,609 INFO  org.apache.flink.runtime.taskexecutor.DefaultJobLeaderService [] - Could not resolve JobManager address akka.tcp://flink@172.16.0.162:6123/user/rpc/jobmanager_2, retrying in 10000 ms: Could not connect to rpc endpoint under address akka.tcp://flink@172.16.0.162:6123/user/rpc/jobmanager_2.
2026-10-01 03:23:37,628 INFO  org.apache.flink.runtime.taskexecutor.DefaultJobLeaderService [] - Could not resolve JobManager address akka.tcp://flink@172.16.0.162:6123/user/rpc/jobmanager_2, retrying in 10000 ms: Could not connect to rpc endpoint under address akka.tcp://flink@172.16.0.162:6123/user/rpc/jobmanager_2.
2026-10-01 03:23:47,649 INFO  org.apache.flink.runtime.taskexecutor.DefaultJobLeaderService [] - Could not resolve JobManager address akka.tcp://flink@172.16.0.162:6123/user/rpc/jobmanager_2, retrying in 10000 ms: Could not connect to rpc endpoint under address akka.tcp://flink@172.16.0.162:6123/user/rpc/jobmanager_2.
2026-10-01 03:23:57,667 INFO  org.apache.flink.runtime.taskexecutor.DefaultJobLeaderService [] - Could not resolve JobManager address akka.tcp://flink@172.16.0.162:6123/user/rpc/jobmanager_2, retrying in 10000 ms: Could not connect to rpc endpoint under address akka.tcp://flink@172.16.0.162:6123/user/rpc/jobmanager_2.
2026-10-01 03:24:07,688 INFO  org.apache.flink.runtime.taskexecutor.DefaultJobLeaderService [] - Could not resolve JobManager address akka.tcp://flink@172.16.0.162:6123/user/rpc/jobmanager_2, retrying in 10000 ms: Could not connect to rpc endpoint under address akka.tcp://flink@172.16.0.162:6123/user/rpc/jobmanager_2.
2026-10-01 03:24:17,709 INFO  org.apache.flink.runtime.taskexecutor.DefaultJobLeaderService [] - Could not resolve JobManager address akka.tcp://flink@172.16.0.162:6123/user/rpc/jobmanager_2, retrying in 10000 ms: Could not connect to rpc endpoint under address akka.tcp://flink@172.16.0.162:6123/user/rpc/jobmanager_2.
2026-10-01 03:24:27,728 INFO  org.apache.flink.runtime.taskexecutor.DefaultJobLeaderService [] - Could not resolve JobManager address akka.tcp://flink@172.16.0.162:6123/user/rpc/jobmanager_2, retrying in 10000 ms: Could not connect to rpc endpoint under address akka.tcp://flink@172.16.0.162:6123/user/rpc/jobmanager_2.
2026-10-01 03:24:37,748 INFO  org.apache.flink.runtime.taskexecutor.DefaultJobLeaderService [] - Could not resolve JobManager address akka.tcp://flink@172.16.0.162:6123/user/rpc/jobmanager_2, retrying in 10000 ms: Could not connect to rpc endpoint under address akka.tcp://flink@172.16.0.162:6123/user/rpc/jobmanager_2.
2026-10-01 03:24:47,769 INFO  org.apache.flink.runtime.taskexecutor.DefaultJobLeaderService [] - Could not resolve JobManager address akka.tcp://flink@172.16.0.162:6123/user/rpc/jobmanager_2, retrying in 10000 ms: Could not connect to rpc endpoint under address akka.tcp://flink@172.16.0.162:6123/user/rpc/jobmanager_2.
2026-10-01 03:24:57,788 INFO  org.apache.flink.runtime.taskexecutor.DefaultJobLeaderService [] - Could not resolve JobManager address akka.tcp://flink@172.16.0.162:6123/user/rpc/jobmanager_2, retrying in 10000 ms: Could not connect to rpc endpoint under address akka.tcp://flink@172.16.0.162:6123/user/rpc/jobmanager_2.
2026-10-01 03:25:07,807 INFO  org.apache.flink.runtime.taskexecutor.DefaultJobLeaderService [] - Could not resolve JobManager address akka.tcp://flink@172.16.0.162:6123/user/rpc/jobmanager_2, retrying in 10000 ms: Could not connect to rpc endpoint under address akka.tcp://flink@172.16.0.162:6123/user/rpc/jobmanager_2.
2026-10-01 03:25:17,828 INFO  org.apache.flink.runtime.taskexecutor.DefaultJobLeaderService [] - Could not resolve JobManager address akka.tcp://flink@172.16.0.162:6123/user/rpc/jobmanager_2, retrying in 10000 ms: Could not connect to rpc endpoint under address akka.tcp://flink@172.16.0.162:6123/user/rpc/jobmanager_2.
2026-10-01 03:25:27,848 INFO  org.apache.flink.runtime.taskexecutor.DefaultJobLeaderService [] - Could not resolve JobManager address akka.tcp://flink@172.16.0.162:6123/user/rpc/jobmanager_2, retrying in 10000 ms: Could not connect to rpc endpoint under address akka.tcp://flink@172.16.0.162:6123/user/rpc/jobmanager_2.
2026-10-01 03:25:37,868 INFO  org.apache.flink.runtime.taskexecutor.DefaultJobLeaderService [] - Could not resolve JobManager address akka.tcp://flink@172.16.0.162:6123/user/rpc/jobmanager_2, retrying in 10000 ms: Could not connect to rpc endpoint under address akka.tcp://flink@172.16.0.162:6123/user/rpc/jobmanager_2.
2026-10-01 03:25:47,888 INFO  org.apache.flink.runtime.taskexecutor.DefaultJobLeaderService [] - Could not resolve JobManager address akka.tcp://flink@172.16.0.162:6123/user/rpc/jobmanager_2, retrying in 10000 ms: Could not connect to rpc endpoint under address akka.tcp://flink@172.16.0.162:6123/user/rpc/jobmanager_2.
2026-10-01 03:25:57,909 INFO  org.apache.flink.runtime.taskexecutor.DefaultJobLeaderService [] - Could not resolve JobManager address akka.tcp://flink@172.16.0.162:6123/user/rpc/jobmanager_2, retrying in 10000 ms: Could not connect to rpc endpoint under address akka.tcp://flink@172.16.0.162:6123/user/rpc/jobmanager_2.
2026-10-01 03:26:07,928 INFO  org.apache.flink.runtime.taskexecutor.DefaultJobLeaderService [] - Could not resolve JobManager address akka.tcp://flink@172.16.0.162:6123/user/rpc/jobmanager_2, retrying in 10000 ms: Could not connect to rpc endpoint under address akka.tcp://flink@172.16.0.162:6123/user/rpc/jobmanager_2.
2026-10-01 03:26:17,948 INFO  org.apache.flink.runtime.taskexecutor.DefaultJobLeaderService [] - Could not resolve JobManager address akka.tcp://flink@172.16.0.162:6123/user/rpc/jobmanager_2, retrying in 10000 ms: Could not connect to rpc endpoint under address akka.tcp://flink@172.16.0.162:6123/user/rpc/jobmanager_2.
2026-10-01 03:26:27,967 INFO  org.apache.flink.runtime.taskexecutor.DefaultJobLeaderService [] - Could not resolve JobManager address akka.tcp://flink@172.16.0.162:6123/user/rpc/jobmanager_2, retrying in 10000 ms: Could not connect to rpc endpoint under address akka.tcp://flink@172.16.0.162:6123/user/rpc/jobmanager_2.
2026-10-01 03:26:37,988 INFO  org.apache.flink.runtime.taskexecutor.DefaultJobLeaderService [] - Could not resolve JobManager address akka.tcp://flink@172.16.0.162:6123/user/rpc/jobmanager_2, retrying in 10000 ms: Could not connect to rpc endpoint under address akka.tcp://flink@172.16.0.162:6123/user/rpc/jobmanager_2.
2026-10-01 03:26:48,008 INFO  org.apache.flink.runtime.taskexecutor.DefaultJobLeaderService [] - Could not resolve JobManager address akka.tcp://flink@172.16.0.162:6123/user/rpc/jobmanager_2, retrying in 10000 ms: Could not connect to rpc endpoint under address akka.tcp://flink@172.16.0.162:6123/user/rpc/jobmanager_2.
2026-10-01 03:26:58,028 INFO  org.apache.flink.runtime.taskexecutor.DefaultJobLeaderService [] - Could not resolve JobManager address akka.tcp://flink@172.16.0.162:6123/user/rpc/jobmanager_2, retrying in 10000 ms: Could not connect to rpc endpoint under address akka.tcp://flink@172.16.0.162:6123/user/rpc/jobmanager_2.
2026-10-01 03:27:08,056 INFO  org.apache.flink.runtime.taskexecutor.DefaultJobLeaderService [] - Could not resolve JobManager address akka.tcp://flink@172.16.0.162:6123/user/rpc/jobmanager_2, retrying in 10000 ms: Could not connect to rpc endpoint under address akka.tcp://flink@172.16.0.162:6123/user/rpc/jobmanager_2.
2026-10-01 03:27:18,078 INFO  org.apache.flink.runtime.taskexecutor.DefaultJobLeaderService [] - Could not resolve JobManager address akka.tcp://flink@172.16.0.162:6123/user/rpc/jobmanager_2, retrying in 10000 ms: Could not connect to rpc endpoint under address akka.tcp://flink@172.16.0.162:6123/user/rpc/jobmanager_2.
2026-10-01 03:27:28,098 INFO  org.apache.flink.runtime.taskexecutor.DefaultJobLeaderService [] - Could not resolve JobManager address akka.tcp://flink@172.16.0.162:6123/user/rpc/jobmanager_2, retrying in 10000 ms: Could not connect to rpc endpoint under address akka.tcp://flink@172.16.0.162:6123/user/rpc/jobmanager_2.
2026-10-01 03:27:38,118 INFO  org.apache.flink.runtime.taskexecutor.DefaultJobLeaderService [] - Could not resolve JobManager address akka.tcp://flink@172.16.0.162:6123/user/rpc/jobmanager_2, retrying in 10000 ms: Could not connect to rpc endpoint under address akka.tcp://flink@172.16.0.162:6123/user/rpc/jobmanager_2.
2026-10-01 03:27:48,137 INFO  org.apache.flink.runtime.taskexecutor.DefaultJobLeaderService [] - Could not resolve JobManager address akka.tcp://flink@172.16.0.162:6123/user/rpc/jobmanager_2, retrying in 10000 ms: Could not connect to rpc endpoint under address akka.tcp://flink@172.16.0.162:6123/user/rpc/jobmanager_2.
2026-10-01 03:27:58,159 INFO  org.apache.flink.runtime.taskexecutor.DefaultJobLeaderService [] - Could not resolve JobManager address akka.tcp://flink@172.16.0.162:6123/user/rpc/jobmanager_2, retrying in 10000 ms: Could not connect to rpc endpoint under address akka.tcp://flink@172.16.0.162:6123/user/rpc/jobmanager_2.
2026-10-01 03:28:08,178 INFO  org.apache.flink.runtime.taskexecutor.DefaultJobLeaderService [] - Could not resolve JobManager address akka.tcp://flink@172.16.0.162:6123/user/rpc/jobmanager_2, retrying in 10000 ms: Could not connect to rpc endpoint under address akka.tcp://flink@172.16.0.162:6123/user/rpc/jobmanager_2.
2026-10-01 03:28:18,198 INFO  org.apache.flink.runtime.taskexecutor.DefaultJobLeaderService [] - Could not resolve JobManager address akka.tcp://flink@172.16.0.162:6123/user/rpc/jobmanager_2, retrying in 10000 ms: Could not connect to rpc endpoint under address akka.tcp://flink@172.16.0.162:6123/user/rpc/jobmanager_2.
2026-10-01 03:28:28,218 INFO  org.apache.flink.runtime.taskexecutor.DefaultJobLeaderService [] - Could not resolve JobManager address akka.tcp://flink@172.16.0.162:6123/user/rpc/jobmanager_2, retrying in 10000 ms: Could not connect to rpc endpoint under address akka.tcp://flink@172.16.0.162:6123/user/rpc/jobmanager_2.
2026-10-01 03:28:38,237 INFO  org.apache.flink.runtime.taskexecutor.DefaultJobLeaderService [] - Could not resolve JobManager address akka.tcp://flink@172.16.0.162:6123/user/rpc/jobmanager_2, retrying in 10000 ms: Could not connect to rpc endpoint under address akka.tcp://flink@172.16.0.162:6123/user/rpc/jobmanager_2.
2026-10-01 03:28:48,258 INFO  org.apache.flink.runtime.taskexecutor.DefaultJobLeaderService [] - Could not resolve JobManager address akka.tcp://flink@172.16.0.162:6123/user/rpc/jobmanager_2, retrying in 10000 ms: Could not connect to rpc endpoint under address akka.tcp://flink@172.16.0.162:6123/user/rpc/jobmanager_2.
2026-10-01 03:28:58,277 INFO  org.apache.flink.runtime.taskexecutor.DefaultJobLeaderService [] - Could not resolve JobManager address akka.tcp://flink@172.16.0.162:6123/user/rpc/jobmanager_2, retrying in 10000 ms: Could not connect to rpc endpoint under address akka.tcp://flink@172.16.0.162:6123/user/rpc/jobmanager_2.
2026-10-01 03:29:08,297 INFO  org.apache.flink.runtime.taskexecutor.DefaultJobLeaderService [] - Could not resolve JobManager address akka.tcp://flink@172.16.0.162:6123/user/rpc/jobmanager_2, retrying in 10000 ms: Could not connect to rpc endpoint under address akka.tcp://flink@172.16.0.162:6123/user/rpc/jobmanager_2.
2026-10-01 03:29:18,317 INFO  org.apache.flink.runtime.taskexecutor.DefaultJobLeaderService [] - Could not resolve JobManager address akka.tcp://flink@172.16.0.162:6123/user/rpc/jobmanager_2, retrying in 10000 ms: Could not connect to rpc endpoint under address akka.tcp://flink@172.16.0.162:6123/user/rpc/jobmanager_2.
2026-10-01 03:29:28,337 INFO  org.apache.flink.runtime.taskexecutor.DefaultJobLeaderService [] - Could not resolve JobManager address akka.tcp://flink@172.16.0.162:6123/user/rpc/jobmanager_2, retrying in 10000 ms: Could not connect to rpc endpoint under address akka.tcp://flink@172.16.0.162:6123/user/rpc/jobmanager_2.
2026-10-01 03:29:38,357 INFO  org.apache.flink.runtime.taskexecutor.DefaultJobLeaderService [] - Could not resolve JobManager address akka.tcp://flink@172.16.0.162:6123/user/rpc/jobmanager_2, retrying in 10000 ms: Could not connect to rpc endpoint under address akka.tcp://flink@172.16.0.162:6123/user/rpc/jobmanager_2.
2026-10-01 03:29:48,378 INFO  org.apache.flink.runtime.taskexecutor.DefaultJobLeaderService [] - Could not resolve JobManager address akka.tcp://flink@172.16.0.162:6123/user/rpc/jobmanager_2, retrying in 10000 ms: Could not connect to rpc endpoint under address akka.tcp://flink@172.16.0.162:6123/user/rpc/jobmanager_2.
2026-10-01 03:29:58,397 INFO  org.apache.flink.runtime.taskexecutor.DefaultJobLeaderService [] - Could not resolve JobManager address akka.tcp://flink@172.16.0.162:6123/user/rpc/jobmanager_2, retrying in 10000 ms: Could not connect to rpc endpoint under address akka.tcp://flink@172.16.0.162:6123/user/rpc/jobmanager_2.
2026-10-01 03:30:08,417 INFO  org.apache.flink.runtime.taskexecutor.DefaultJobLeaderService [] - Could not resolve JobManager address akka.tcp://flink@172.16.0.162:6123/user/rpc/jobmanager_2, retrying in 10000 ms: Could not connect to rpc endpoint under address akka.tcp://flink@172.16.0.162:6123/user/rpc/jobmanager_2.
2026-10-01 03:30:18,438 INFO  org.apache.flink.runtime.taskexecutor.DefaultJobLeaderService [] - Could not resolve JobManager address akka.tcp://flink@172.16.0.162:6123/user/rpc/jobmanager_2, retrying in 10000 ms: Could not connect to rpc endpoint under address akka.tcp://flink@172.16.0.162:6123/user/rpc/jobmanager_2.
2026-10-01 03:30:28,458 INFO  org.apache.flink.runtime.taskexecutor.DefaultJobLeaderService [] - Could not resolve JobManager address akka.tcp://flink@172.16.0.162:6123/user/rpc/jobmanager_2, retrying in 10000 ms: Could not connect to rpc endpoint under address akka.tcp://flink@172.16.0.162:6123/user/rpc/jobmanager_2.
2026-10-01 03:30:38,478 INFO  org.apache.flink.runtime.taskexecutor.DefaultJobLeaderService [] - Could not resolve JobManager address akka.tcp://flink@172.16.0.162:6123/user/rpc/jobmanager_2, retrying in 10000 ms: Could not connect to rpc endpoint under address akka.tcp://flink@172.16.0.162:6123/user/rpc/jobmanager_2.
2026-10-01 03:30:48,498 INFO  org.apache.flink.runtime.taskexecutor.DefaultJobLeaderService [] - Could not resolve JobManager address akka.tcp://flink@172.16.0.162:6123/user/rpc/jobmanager_2, retrying in 10000 ms: Could not connect to rpc endpoint under address akka.tcp://flink@172.16.0.162:6123/user/rpc/jobmanager_2.
2026-10-01 03:30:58,518 INFO  org.apache.flink.runtime.taskexecutor.DefaultJobLeaderService [] - Could not resolve JobManager address akka.tcp://flink@172.16.0.162:6123/user/rpc/jobmanager_2, retrying in 10000 ms: Could not connect to rpc endpoint under address akka.tcp://flink@172.16.0.162:6123/user/rpc/jobmanager_2.
2026-10-01 03:31:08,537 INFO  org.apache.flink.runtime.taskexecutor.DefaultJobLeaderService [] - Could not resolve JobManager address akka.tcp://flink@172.16.0.162:6123/user/rpc/jobmanager_2, retrying in 10000 ms: Could not connect to rpc endpoint under address akka.tcp://flink@172.16.0.162:6123/user/rpc/jobmanager_2.
2026-10-01 03:31:18,558 INFO  org.apache.flink.runtime.taskexecutor.DefaultJobLeaderService [] - Could not resolve JobManager address akka.tcp://flink@172.16.0.162:6123/user/rpc/jobmanager_2, retrying in 10000 ms: Could not connect to rpc endpoint under address akka.tcp://flink@172.16.0.162:6123/user/rpc/jobmanager_2.
2026-10-01 03:31:28,577 INFO  org.apache.flink.runtime.taskexecutor.DefaultJobLeaderService [] - Could not resolve JobManager address akka.tcp://flink@172.16.0.162:6123/user/rpc/jobmanager_2, retrying in 10000 ms: Could not connect to rpc endpoint under address akka.tcp://flink@172.16.0.162:6123/user/rpc/jobmanager_2.
2026-10-01 03:31:38,598 INFO  org.apache.flink.runtime.taskexecutor.DefaultJobLeaderService [] - Could not resolve JobManager address akka.tcp://flink@172.16.0.162:6123/user/rpc/jobmanager_2, retrying in 10000 ms: Could not connect to rpc endpoint under address akka.tcp://flink@172.16.0.162:6123/user/rpc/jobmanager_2.
2026-10-01 03:31:48,617 INFO  org.apache.flink.runtime.taskexecutor.DefaultJobLeaderService [] - Could not resolve JobManager address akka.tcp://flink@172.16.0.162:6123/user/rpc/jobmanager_2, retrying in 10000 ms: Could not connect to rpc endpoint under address akka.tcp://flink@172.16.0.162:6123/user/rpc/jobmanager_2.
2026-10-01 03:31:58,638 INFO  org.apache.flink.runtime.taskexecutor.DefaultJobLeaderService [] - Could not resolve JobManager address akka.tcp://flink@172.16.0.162:6123/user/rpc/jobmanager_2, retrying in 10000 ms: Could not connect to rpc endpoint under address akka.tcp://flink@172.16.0.162:6123/user/rpc/jobmanager_2.
2026-10-01 03:32:08,657 INFO  org.apache.flink.runtime.taskexecutor.DefaultJobLeaderService [] - Could not resolve JobManager address akka.tcp://flink@172.16.0.162:6123/user/rpc/jobmanager_2, retrying in 10000 ms: Could not connect to rpc endpoint under address akka.tcp://flink@172.16.0.162:6123/user/rpc/jobmanager_2.
2026-10-01 03:32:18,677 INFO  org.apache.flink.runtime.taskexecutor.DefaultJobLeaderService [] - Could not resolve JobManager address akka.tcp://flink@172.16.0.162:6123/user/rpc/jobmanager_2, retrying in 10000 ms: Could not connect to rpc endpoint under address akka.tcp://flink@172.16.0.162:6123/user/rpc/jobmanager_2.
2026-10-01 03:32:28,698 INFO  org.apache.flink.runtime.taskexecutor.DefaultJobLeaderService [] - Could not resolve JobManager address akka.tcp://flink@172.16.0.162:6123/user/rpc/jobmanager_2, retrying in 10000 ms: Could not connect to rpc endpoint under address akka.tcp://flink@172.16.0.162:6123/user/rpc/jobmanager_2.
2026-10-01 03:32:38,717 INFO  org.apache.flink.runtime.taskexecutor.DefaultJobLeaderService [] - Could not resolve JobManager address akka.tcp://flink@172.16.0.162:6123/user/rpc/jobmanager_2, retrying in 10000 ms: Could not connect to rpc endpoint under address akka.tcp://flink@172.16.0.162:6123/user/rpc/jobmanager_2.
2026-10-01 03:32:48,737 INFO  org.apache.flink.runtime.taskexecutor.DefaultJobLeaderService [] - Could not resolve JobManager address akka.tcp://flink@172.16.0.162:6123/user/rpc/jobmanager_2, retrying in 10000 ms: Could not connect to rpc endpoint under address akka.tcp://flink@172.16.0.162:6123/user/rpc/jobmanager_2.
2026-10-01 03:32:58,758 INFO  org.apache.flink.runtime.taskexecutor.DefaultJobLeaderService [] - Could not resolve JobManager address akka.tcp://flink@172.16.0.162:6123/user/rpc/jobmanager_2, retrying in 10000 ms: Could not connect to rpc endpoint under address akka.tcp://flink@172.16.0.162:6123/user/rpc/jobmanager_2.
2026-10-01 03:33:08,778 INFO  org.apache.flink.runtime.taskexecutor.DefaultJobLeaderService [] - Could not resolve JobManager address akka.tcp://flink@172.16.0.162:6123/user/rpc/jobmanager_2, retrying in 10000 ms: Could not connect to rpc endpoint under address akka.tcp://flink@172.16.0.162:6123/user/rpc/jobmanager_2.
2026-10-01 03:33:18,798 INFO  org.apache.flink.runtime.taskexecutor.DefaultJobLeaderService [] - Could not resolve JobManager address akka.tcp://flink@172.16.0.162:6123/user/rpc/jobmanager_2, retrying in 10000 ms: Could not connect to rpc endpoint under address akka.tcp://flink@172.16.0.162:6123/user/rpc/jobmanager_2.
2026-10-01 03:33:28,817 INFO  org.apache.flink.runtime.taskexecutor.DefaultJobLeaderService [] - Could not resolve JobManager address akka.tcp://flink@172.16.0.162:6123/user/rpc/jobmanager_2, retrying in 10000 ms: Could not connect to rpc endpoint under address akka.tcp://flink@172.16.0.162:6123/user/rpc/jobmanager_2.
2026-10-01 03:33:38,837 INFO  org.apache.flink.runtime.taskexecutor.DefaultJobLeaderService [] - Could not resolve JobManager address akka.tcp://flink@172.16.0.162:6123/user/rpc/jobmanager_2, retrying in 10000 ms: Could not connect to rpc endpoint under address akka.tcp://flink@172.16.0.162:6123/user/rpc/jobmanager_2.
2026-10-01 03:33:48,858 INFO  org.apache.flink.runtime.taskexecutor.DefaultJobLeaderService [] - Could not resolve JobManager address akka.tcp://flink@172.16.0.162:6123/user/rpc/jobmanager_2, retrying in 10000 ms: Could not connect to rpc endpoint under address akka.tcp://flink@172.16.0.162:6123/user/rpc/jobmanager_2.
2026-10-01 03:33:58,877 INFO  org.apache.flink.runtime.taskexecutor.DefaultJobLeaderService [] - Could not resolve JobManager address akka.tcp://flink@172.16.0.162:6123/user/rpc/jobmanager_2, retrying in 10000 ms: Could not connect to rpc endpoint under address akka.tcp://flink@172.16.0.162:6123/user/rpc/jobmanager_2.
2026-10-01 03:34:08,897 INFO  org.apache.flink.runtime.taskexecutor.DefaultJobLeaderService [] - Could not resolve JobManager address akka.tcp://flink@172.16.0.162:6123/user/rpc/jobmanager_2, retrying in 10000 ms: Could not connect to rpc endpoint under address akka.tcp://flink@172.16.0.162:6123/user/rpc/jobmanager_2.
2026-10-01 03:34:18,917 INFO  org.apache.flink.runtime.taskexecutor.DefaultJobLeaderService [] - Could not resolve JobManager address akka.tcp://flink@172.16.0.162:6123/user/rpc/jobmanager_2, retrying in 10000 ms: Could not connect to rpc endpoint under address akka.tcp://flink@172.16.0.162:6123/user/rpc/jobmanager_2.
2026-10-01 03:34:28,938 INFO  org.apache.flink.runtime.taskexecutor.DefaultJobLeaderService [] - Could not resolve JobManager address akka.tcp://flink@172.16.0.162:6123/user/rpc/jobmanager_2, retrying in 10000 ms: Could not connect to rpc endpoint under address akka.tcp://flink@172.16.0.162:6123/user/rpc/jobmanager_2.
2026-10-01 03:34:38,957 INFO  org.apache.flink.runtime.taskexecutor.DefaultJobLeaderService [] - Could not resolve JobManager address akka.tcp://flink@172.16.0.162:6123/user/rpc/jobmanager_2, retrying in 10000 ms: Could not connect to rpc endpoint under address akka.tcp://flink@172.16.0.162:6123/user/rpc/jobmanager_2.
2026-10-01 03:34:48,978 INFO  org.apache.flink.runtime.taskexecutor.DefaultJobLeaderService [] - Could not resolve JobManager address akka.tcp://flink@172.16.0.162:6123/user/rpc/jobmanager_2, retrying in 10000 ms: Could not connect to rpc endpoint under address akka.tcp://flink@172.16.0.162:6123/user/rpc/jobmanager_2.
2026-10-01 03:34:58,997 INFO  org.apache.flink.runtime.taskexecutor.DefaultJobLeaderService [] - Could not resolve JobManager address akka.tcp://flink@172.16.0.162:6123/user/rpc/jobmanager_2, retrying in 10000 ms: Could not connect to rpc endpoint under address akka.tcp://flink@172.16.0.162:6123/user/rpc/jobmanager_2.
2026-10-01 03:35:09,017 INFO  org.apache.flink.runtime.taskexecutor.DefaultJobLeaderService [] - Could not resolve JobManager address akka.tcp://flink@172.16.0.162:6123/user/rpc/jobmanager_2, retrying in 10000 ms: Could not connect to rpc endpoint under address akka.tcp://flink@172.16.0.162:6123/user/rpc/jobmanager_2.
2026-10-01 03:35:19,039 INFO  org.apache.flink.runtime.taskexecutor.DefaultJobLeaderService [] - Could not resolve JobManager address akka.tcp://flink@172.16.0.162:6123/user/rpc/jobmanager_2, retrying in 10000 ms: Could not connect to rpc endpoint under address akka.tcp://flink@172.16.0.162:6123/user/rpc/jobmanager_2.
2026-10-01 03:35:29,058 INFO  org.apache.flink.runtime.taskexecutor.DefaultJobLeaderService [] - Could not resolve JobManager address akka.tcp://flink@172.16.0.162:6123/user/rpc/jobmanager_2, retrying in 10000 ms: Could not connect to rpc endpoint under address akka.tcp://flink@172.16.0.162:6123/user/rpc/jobmanager_2.
2026-10-01 03:35:39,077 INFO  org.apache.flink.runtime.taskexecutor.DefaultJobLeaderService [] - Could not resolve JobManager address akka.tcp://flink@172.16.0.162:6123/user/rpc/jobmanager_2, retrying in 10000 ms: Could not connect to rpc endpoint under address akka.tcp://flink@172.16.0.162:6123/user/rpc/jobmanager_2.
2026-10-01 03:35:49,097 INFO  org.apache.flink.runtime.taskexecutor.DefaultJobLeaderService [] - Could not resolve JobManager address akka.tcp://flink@172.16.0.162:6123/user/rpc/jobmanager_2, retrying in 10000 ms: Could not connect to rpc endpoint under address akka.tcp://flink@172.16.0.162:6123/user/rpc/jobmanager_2.
2026-10-01 03:35:59,117 INFO  org.apache.flink.runtime.taskexecutor.DefaultJobLeaderService [] - Could not resolve JobManager address akka.tcp://flink@172.16.0.162:6123/user/rpc/jobmanager_2, retrying in 10000 ms: Could not connect to rpc endpoint under address akka.tcp://flink@172.16.0.162:6123/user/rpc/jobmanager_2.
2026-10-01 03:36:09,137 INFO  org.apache.flink.runtime.taskexecutor.DefaultJobLeaderService [] - Could not resolve JobManager address akka.tcp://flink@172.16.0.162:6123/user/rpc/jobmanager_2, retrying in 10000 ms: Could not connect to rpc endpoint under address akka.tcp://flink@172.16.0.162:6123/user/rpc/jobmanager_2.
2026-10-01 03:36:19,157 INFO  org.apache.flink.runtime.taskexecutor.DefaultJobLeaderService [] - Could not resolve JobManager address akka.tcp://flink@172.16.0.162:6123/user/rpc/jobmanager_2, retrying in 10000 ms: Could not connect to rpc endpoint under address akka.tcp://flink@172.16.0.162:6123/user/rpc/jobmanager_2.
2026-10-01 03:36:29,177 INFO  org.apache.flink.runtime.taskexecutor.DefaultJobLeaderService [] - Could not resolve JobManager address akka.tcp://flink@172.16.0.162:6123/user/rpc/jobmanager_2, retrying in 10000 ms: Could not connect to rpc endpoint under address akka.tcp://flink@172.16.0.162:6123/user/rpc/jobmanager_2.
2026-10-01 03:36:39,198 INFO  org.apache.flink.runtime.taskexecutor.DefaultJobLeaderService [] - Could not resolve JobManager address akka.tcp://flink@172.16.0.162:6123/user/rpc/jobmanager_2, retrying in 10000 ms: Could not connect to rpc endpoint under address akka.tcp://flink@172.16.0.162:6123/user/rpc/jobmanager_2.
2026-10-01 03:36:49,217 INFO  org.apache.flink.runtime.taskexecutor.DefaultJobLeaderService [] - Could not resolve JobManager address akka.tcp://flink@172.16.0.162:6123/user/rpc/jobmanager_2, retrying in 10000 ms: Could not connect to rpc endpoint under address akka.tcp://flink@172.16.0.162:6123/user/rpc/jobmanager_2.
2026-10-01 03:36:59,237 INFO  org.apache.flink.runtime.taskexecutor.DefaultJobLeaderService [] - Could not resolve JobManager address akka.tcp://flink@172.16.0.162:6123/user/rpc/jobmanager_2, retrying in 10000 ms: Could not connect to rpc endpoint under address akka.tcp://flink@172.16.0.162:6123/user/rpc/jobmanager_2.
2026-10-01 03:37:09,258 INFO  org.apache.flink.runtime.taskexecutor.DefaultJobLeaderService [] - Could not resolve JobManager address akka.tcp://flink@172.16.0.162:6123/user/rpc/jobmanager_2, retrying in 10000 ms: Could not connect to rpc endpoint under address akka.tcp://flink@172.16.0.162:6123/user/rpc/jobmanager_2.
2026-10-01 03:37:19,278 INFO  org.apache.flink.runtime.taskexecutor.DefaultJobLeaderService [] - Could not resolve JobManager address akka.tcp://flink@172.16.0.162:6123/user/rpc/jobmanager_2, retrying in 10000 ms: Could not connect to rpc endpoint under address akka.tcp://flink@172.16.0.162:6123/user/rpc/jobmanager_2.
2026-10-01 03:37:29,297 INFO  org.apache.flink.runtime.taskexecutor.DefaultJobLeaderService [] - Could not resolve JobManager address akka.tcp://flink@172.16.0.162:6123/user/rpc/jobmanager_2, retrying in 10000 ms: Could not connect to rpc endpoint under address akka.tcp://flink@172.16.0.162:6123/user/rpc/jobmanager_2.
2026-10-01 03:37:39,317 INFO  org.apache.flink.runtime.taskexecutor.DefaultJobLeaderService [] - Could not resolve JobManager address akka.tcp://flink@172.16.0.162:6123/user/rpc/jobmanager_2, retrying in 10000 ms: Could not connect to rpc endpoint under address akka.tcp://flink@172.16.0.162:6123/user/rpc/jobmanager_2.
2026-10-01 03:37:49,338 INFO  org.apache.flink.runtime.taskexecutor.DefaultJobLeaderService [] - Could not resolve JobManager address akka.tcp://flink@172.16.0.162:6123/user/rpc/jobmanager_2, retrying in 10000 ms: Could not connect to rpc endpoint under address akka.tcp://flink@172.16.0.162:6123/user/rpc/jobmanager_2.
2026-10-01 03:37:59,357 INFO  org.apache.flink.runtime.taskexecutor.DefaultJobLeaderService [] - Could not resolve JobManager address akka.tcp://flink@172.16.0.162:6123/user/rpc/jobmanager_2, retrying in 10000 ms: Could not connect to rpc endpoint under address akka.tcp://flink@172.16.0.162:6123/user/rpc/jobmanager_2.
2026-10-01 03:38:09,377 INFO  org.apache.flink.runtime.taskexecutor.DefaultJobLeaderService [] - Could not resolve JobManager address akka.tcp://flink@172.16.0.162:6123/user/rpc/jobmanager_2, retrying in 10000 ms: Could not connect to rpc endpoint under address akka.tcp://flink@172.16.0.162:6123/user/rpc/jobmanager_2.
2026-10-01 03:38:19,398 INFO  org.apache.flink.runtime.taskexecutor.DefaultJobLeaderService [] - Could not resolve JobManager address akka.tcp://flink@172.16.0.162:6123/user/rpc/jobmanager_2, retrying in 10000 ms: Could not connect to rpc endpoint under address akka.tcp://flink@172.16.0.162:6123/user/rpc/jobmanager_2.
2026-10-01 03:38:29,417 INFO  org.apache.flink.runtime.taskexecutor.DefaultJobLeaderService [] - Could not resolve JobManager address akka.tcp://flink@172.16.0.162:6123/user/rpc/jobmanager_2, retrying in 10000 ms: Could not connect to rpc endpoint under address akka.tcp://flink@172.16.0.162:6123/user/rpc/jobmanager_2.
2026-10-01 03:38:39,437 INFO  org.apache.flink.runtime.taskexecutor.DefaultJobLeaderService [] - Could not resolve JobManager address akka.tcp://flink@172.16.0.162:6123/user/rpc/jobmanager_2, retrying in 10000 ms: Could not connect to rpc endpoint under address akka.tcp://flink@172.16.0.162:6123/user/rpc/jobmanager_2.
2026-10-01 03:38:49,457 INFO  org.apache.flink.runtime.taskexecutor.DefaultJobLeaderService [] - Could not resolve JobManager address akka.tcp://flink@172.16.0.162:6123/user/rpc/jobmanager_2, retrying in 10000 ms: Could not connect to rpc endpoint under address akka.tcp://flink@172.16.0.162:6123/user/rpc/jobmanager_2.
2026-10-01 03:38:59,478 INFO  org.apache.flink.runtime.taskexecutor.DefaultJobLeaderService [] - Could not resolve JobManager address akka.tcp://flink@172.16.0.162:6123/user/rpc/jobmanager_2, retrying in 10000 ms: Could not connect to rpc endpoint under address akka.tcp://flink@172.16.0.162:6123/user/rpc/jobmanager_2.
2026-10-01 03:39:09,497 INFO  org.apache.flink.runtime.taskexecutor.DefaultJobLeaderService [] - Could not resolve JobManager address akka.tcp://flink@172.16.0.162:6123/user/rpc/jobmanager_2, retrying in 10000 ms: Could not connect to rpc endpoint under address akka.tcp://flink@172.16.0.162:6123/user/rpc/jobmanager_2.
2026-10-01 03:39:19,517 INFO  org.apache.flink.runtime.taskexecutor.DefaultJobLeaderService [] - Could not resolve JobManager address akka.tcp://flink@172.16.0.162:6123/user/rpc/jobmanager_2, retrying in 10000 ms: Could not connect to rpc endpoint under address akka.tcp://flink@172.16.0.162:6123/user/rpc/jobmanager_2.
2026-10-01 03:39:29,537 INFO  org.apache.flink.runtime.taskexecutor.DefaultJobLeaderService [] - Could not resolve JobManager address akka.tcp://flink@172.16.0.162:6123/user/rpc/jobmanager_2, retrying in 10000 ms: Could not connect to rpc endpoint under address akka.tcp://flink@172.16.0.162:6123/user/rpc/jobmanager_2.
2026-10-01 03:39:39,557 INFO  org.apache.flink.runtime.taskexecutor.DefaultJobLeaderService [] - Could not resolve JobManager address akka.tcp://flink@172.16.0.162:6123/user/rpc/jobmanager_2, retrying in 10000 ms: Could not connect to rpc endpoint under address akka.tcp://flink@172.16.0.162:6123/user/rpc/jobmanager_2.
2026-10-01 03:39:49,577 INFO  org.apache.flink.runtime.taskexecutor.DefaultJobLeaderService [] - Could not resolve JobManager address akka.tcp://flink@172.16.0.162:6123/user/rpc/jobmanager_2, retrying in 10000 ms: Could not connect to rpc endpoint under address akka.tcp://flink@172.16.0.162:6123/user/rpc/jobmanager_2.
2026-10-01 03:39:59,597 INFO  org.apache.flink.runtime.taskexecutor.DefaultJobLeaderService [] - Could not resolve JobManager address akka.tcp://flink@172.16.0.162:6123/user/rpc/jobmanager_2, retrying in 10000 ms: Could not connect to rpc endpoint under address akka.tcp://flink@172.16.0.162:6123/user/rpc/jobmanager_2.
2026-10-01 03:40:09,617 INFO  org.apache.flink.runtime.taskexecutor.DefaultJobLeaderService [] - Could not resolve JobManager address akka.tcp://flink@172.16.0.162:6123/user/rpc/jobmanager_2, retrying in 10000 ms: Could not connect to rpc endpoint under address akka.tcp://flink@172.16.0.162:6123/user/rpc/jobmanager_2.
2026-10-01 03:40:19,637 INFO  org.apache.flink.runtime.taskexecutor.DefaultJobLeaderService [] - Could not resolve JobManager address akka.tcp://flink@172.16.0.162:6123/user/rpc/jobmanager_2, retrying in 10000 ms: Could not connect to rpc endpoint under address akka.tcp://flink@172.16.0.162:6123/user/rpc/jobmanager_2.
2026-10-01 03:40:29,657 INFO  org.apache.flink.runtime.taskexecutor.DefaultJobLeaderService [] - Could not resolve JobManager address akka.tcp://flink@172.16.0.162:6123/user/rpc/jobmanager_2, retrying in 10000 ms: Could not connect to rpc endpoint under address akka.tcp://flink@172.16.0.162:6123/user/rpc/jobmanager_2.
2026-10-01 03:40:39,677 INFO  org.apache.flink.runtime.taskexecutor.DefaultJobLeaderService [] - Could not resolve JobManager address akka.tcp://flink@172.16.0.162:6123/user/rpc/jobmanager_2, retrying in 10000 ms: Could not connect to rpc endpoint under address akka.tcp://flink@172.16.0.162:6123/user/rpc/jobmanager_2.
2026-10-01 03:40:49,697 INFO  org.apache.flink.runtime.taskexecutor.DefaultJobLeaderService [] - Could not resolve JobManager address akka.tcp://flink@172.16.0.162:6123/user/rpc/jobmanager_2, retrying in 10000 ms: Could not connect to rpc endpoint under address akka.tcp://flink@172.16.0.162:6123/user/rpc/jobmanager_2.
2026-10-01 03:40:59,717 INFO  org.apache.flink.runtime.taskexecutor.DefaultJobLeaderService [] - Could not resolve JobManager address akka.tcp://flink@172.16.0.162:6123/user/rpc/jobmanager_2, retrying in 10000 ms: Could not connect to rpc endpoint under address akka.tcp://flink@172.16.0.162:6123/user/rpc/jobmanager_2.
2026-10-01 03:41:09,737 INFO  org.apache.flink.runtime.taskexecutor.DefaultJobLeaderService [] - Could not resolve JobManager address akka.tcp://flink@172.16.0.162:6123/user/rpc/jobmanager_2, retrying in 10000 ms: Could not connect to rpc endpoint under address akka.tcp://flink@172.16.0.162:6123/user/rpc/jobmanager_2.
2026-10-01 03:41:19,757 INFO  org.apache.flink.runtime.taskexecutor.DefaultJobLeaderService [] - Could not resolve JobManager address akka.tcp://flink@172.16.0.162:6123/user/rpc/jobmanager_2, retrying in 10000 ms: Could not connect to rpc endpoint under address akka.tcp://flink@172.16.0.162:6123/user/rpc/jobmanager_2.
2026-10-01 03:41:29,778 INFO  org.apache.flink.runtime.taskexecutor.DefaultJobLeaderService [] - Could not resolve JobManager address akka.tcp://flink@172.16.0.162:6123/user/rpc/jobmanager_2, retrying in 10000 ms: Could not connect to rpc endpoint under address akka.tcp://flink@172.16.0.162:6123/user/rpc/jobmanager_2.
2026-10-01 03:41:39,797 INFO  org.apache.flink.runtime.taskexecutor.DefaultJobLeaderService [] - Could not resolve JobManager address akka.tcp://flink@172.16.0.162:6123/user/rpc/jobmanager_2, retrying in 10000 ms: Could not connect to rpc endpoint under address akka.tcp://flink@172.16.0.162:6123/user/rpc/jobmanager_2.
2026-10-01 03:41:49,817 INFO  org.apache.flink.runtime.taskexecutor.DefaultJobLeaderService [] - Could not resolve JobManager address akka.tcp://flink@172.16.0.162:6123/user/rpc/jobmanager_2, retrying in 10000 ms: Could not connect to rpc endpoint under address akka.tcp://flink@172.16.0.162:6123/user/rpc/jobmanager_2.
2026-10-01 03:41:59,838 INFO  org.apache.flink.runtime.taskexecutor.DefaultJobLeaderService [] - Could not resolve JobManager address akka.tcp://flink@172.16.0.162:6123/user/rpc/jobmanager_2, retrying in 10000 ms: Could not connect to rpc endpoint under address akka.tcp://flink@172.16.0.162:6123/user/rpc/jobmanager_2.
2026-10-01 03:42:09,857 INFO  org.apache.flink.runtime.taskexecutor.DefaultJobLeaderService [] - Could not resolve JobManager address akka.tcp://flink@172.16.0.162:6123/user/rpc/jobmanager_2, retrying in 10000 ms: Could not connect to rpc endpoint under address akka.tcp://flink@172.16.0.162:6123/user/rpc/jobmanager_2.
2026-10-01 03:42:19,877 INFO  org.apache.flink.runtime.taskexecutor.DefaultJobLeaderService [] - Could not resolve JobManager address akka.tcp://flink@172.16.0.162:6123/user/rpc/jobmanager_2, retrying in 10000 ms: Could not connect to rpc endpoint under address akka.tcp://flink@172.16.0.162:6123/user/rpc/jobmanager_2.
2026-10-01 03:42:29,897 INFO  org.apache.flink.runtime.taskexecutor.DefaultJobLeaderService [] - Could not resolve JobManager address akka.tcp://flink@172.16.0.162:6123/user/rpc/jobmanager_2, retrying in 10000 ms: Could not connect to rpc endpoint under address akka.tcp://flink@172.16.0.162:6123/user/rpc/jobmanager_2.
2026-10-01 03:42:39,918 INFO  org.apache.flink.runtime.taskexecutor.DefaultJobLeaderService [] - Could not resolve JobManager address akka.tcp://flink@172.16.0.162:6123/user/rpc/jobmanager_2, retrying in 10000 ms: Could not connect to rpc endpoint under address akka.tcp://flink@172.16.0.162:6123/user/rpc/jobmanager_2.
2026-10-01 03:42:49,937 INFO  org.apache.flink.runtime.taskexecutor.DefaultJobLeaderService [] - Could not resolve JobManager address akka.tcp://flink@172.16.0.162:6123/user/rpc/jobmanager_2, retrying in 10000 ms: Could not connect to rpc endpoint under address akka.tcp://flink@172.16.0.162:6123/user/rpc/jobmanager_2.
2026-10-01 03:42:59,958 INFO  org.apache.flink.runtime.taskexecutor.DefaultJobLeaderService [] - Could not resolve JobManager address akka.tcp://flink@172.16.0.162:6123/user/rpc/jobmanager_2, retrying in 10000 ms: Could not connect to rpc endpoint under address akka.tcp://flink@172.16.0.162:6123/user/rpc/jobmanager_2.
2026-10-01 03:43:09,977 INFO  org.apache.flink.runtime.taskexecutor.DefaultJobLeaderService [] - Could not resolve JobManager address akka.tcp://flink@172.16.0.162:6123/user/rpc/jobmanager_2, retrying in 10000 ms: Could not connect to rpc endpoint under address akka.tcp://flink@172.16.0.162:6123/user/rpc/jobmanager_2.
2026-10-01 03:43:19,997 INFO  org.apache.flink.runtime.taskexecutor.DefaultJobLeaderService [] - Could not resolve JobManager address akka.tcp://flink@172.16.0.162:6123/user/rpc/jobmanager_2, retrying in 10000 ms: Could not connect to rpc endpoint under address akka.tcp://flink@172.16.0.162:6123/user/rpc/jobmanager_2.
2026-10-01 03:43:30,017 INFO  org.apache.flink.runtime.taskexecutor.DefaultJobLeaderService [] - Could not resolve JobManager address akka.tcp://flink@172.16.0.162:6123/user/rpc/jobmanager_2, retrying in 10000 ms: Could not connect to rpc endpoint under address akka.tcp://flink@172.16.0.162:6123/user/rpc/jobmanager_2.
2026-10-01 03:43:40,037 INFO  org.apache.flink.runtime.taskexecutor.DefaultJobLeaderService [] - Could not resolve JobManager address akka.tcp://flink@172.16.0.162:6123/user/rpc/jobmanager_2, retrying in 10000 ms: Could not connect to rpc endpoint under address akka.tcp://flink@172.16.0.162:6123/user/rpc/jobmanager_2.
2026-10-01 03:43:50,057 INFO  org.apache.flink.runtime.taskexecutor.DefaultJobLeaderService [] - Could not resolve JobManager address akka.tcp://flink@172.16.0.162:6123/user/rpc/jobmanager_2, retrying in 10000 ms: Could not connect to rpc endpoint under address akka.tcp://flink@172.16.0.162:6123/user/rpc/jobmanager_2.
2026-10-01 03:44:00,077 INFO  org.apache.flink.runtime.taskexecutor.DefaultJobLeaderService [] - Could not resolve JobManager address akka.tcp://flink@172.16.0.162:6123/user/rpc/jobmanager_2, retrying in 10000 ms: Could not connect to rpc endpoint under address akka.tcp://flink@172.16.0.162:6123/user/rpc/jobmanager_2.
2026-10-01 03:44:10,097 INFO  org.apache.flink.runtime.taskexecutor.DefaultJobLeaderService [] - Could not resolve JobManager address akka.tcp://flink@172.16.0.162:6123/user/rpc/jobmanager_2, retrying in 10000 ms: Could not connect to rpc endpoint under address akka.tcp://flink@172.16.0.162:6123/user/rpc/jobmanager_2.
2026-10-01 03:44:20,117 INFO  org.apache.flink.runtime.taskexecutor.DefaultJobLeaderService [] - Could not resolve JobManager address akka.tcp://flink@172.16.0.162:6123/user/rpc/jobmanager_2, retrying in 10000 ms: Could not connect to rpc endpoint under address akka.tcp://flink@172.16.0.162:6123/user/rpc/jobmanager_2.
2026-10-01 03:44:30,138 INFO  org.apache.flink.runtime.taskexecutor.DefaultJobLeaderService [] - Could not resolve JobManager address akka.tcp://flink@172.16.0.162:6123/user/rpc/jobmanager_2, retrying in 10000 ms: Could not connect to rpc endpoint under address akka.tcp://flink@172.16.0.162:6123/user/rpc/jobmanager_2.
2026-10-01 03:44:40,157 INFO  org.apache.flink.runtime.taskexecutor.DefaultJobLeaderService [] - Could not resolve JobManager address akka.tcp://flink@172.16.0.162:6123/user/rpc/jobmanager_2, retrying in 10000 ms: Could not connect to rpc endpoint under address akka.tcp://flink@172.16.0.162:6123/user/rpc/jobmanager_2.
2026-10-01 03:44:50,177 INFO  org.apache.flink.runtime.taskexecutor.DefaultJobLeaderService [] - Could not resolve JobManager address akka.tcp://flink@172.16.0.162:6123/user/rpc/jobmanager_2, retrying in 10000 ms: Could not connect to rpc endpoint under address akka.tcp://flink@172.16.0.162:6123/user/rpc/jobmanager_2.
2026-10-01 03:45:00,197 INFO  org.apache.flink.runtime.taskexecutor.DefaultJobLeaderService [] - Could not resolve JobManager address akka.tcp://flink@172.16.0.162:6123/user/rpc/jobmanager_2, retrying in 10000 ms: Could not connect to rpc endpoint under address akka.tcp://flink@172.16.0.162:6123/user/rpc/jobmanager_2.
2026-10-01 03:45:10,217 INFO  org.apache.flink.runtime.taskexecutor.DefaultJobLeaderService [] - Could not resolve JobManager address akka.tcp://flink@172.16.0.162:6123/user/rpc/jobmanager_2, retrying in 10000 ms: Could not connect to rpc endpoint under address akka.tcp://flink@172.16.0.162:6123/user/rpc/jobmanager_2.
2026-10-01 03:45:20,237 INFO  org.apache.flink.runtime.taskexecutor.DefaultJobLeaderService [] - Could not resolve JobManager address akka.tcp://flink@172.16.0.162:6123/user/rpc/jobmanager_2, retrying in 10000 ms: Could not connect to rpc endpoint under address akka.tcp://flink@172.16.0.162:6123/user/rpc/jobmanager_2.
2026-10-01 03:45:30,257 INFO  org.apache.flink.runtime.taskexecutor.DefaultJobLeaderService [] - Could not resolve JobManager address akka.tcp://flink@172.16.0.162:6123/user/rpc/jobmanager_2, retrying in 10000 ms: Could not connect to rpc endpoint under address akka.tcp://flink@172.16.0.162:6123/user/rpc/jobmanager_2.
2026-10-01 03:45:40,278 INFO  org.apache.flink.runtime.taskexecutor.DefaultJobLeaderService [] - Could not resolve JobManager address akka.tcp://flink@172.16.0.162:6123/user/rpc/jobmanager_2, retrying in 10000 ms: Could not connect to rpc endpoint under address akka.tcp://flink@172.16.0.162:6123/user/rpc/jobmanager_2.
2026-10-01 03:45:50,297 INFO  org.apache.flink.runtime.taskexecutor.DefaultJobLeaderService [] - Could not resolve JobManager address akka.tcp://flink@172.16.0.162:6123/user/rpc/jobmanager_2, retrying in 10000 ms: Could not connect to rpc endpoint under address akka.tcp://flink@172.16.0.162:6123/user/rpc/jobmanager_2.
2026-10-01 03:46:00,317 INFO  org.apache.flink.runtime.taskexecutor.DefaultJobLeaderService [] - Could not resolve JobManager address akka.tcp://flink@172.16.0.162:6123/user/rpc/jobmanager_2, retrying in 10000 ms: Could not connect to rpc endpoint under address akka.tcp://flink@172.16.0.162:6123/user/rpc/jobmanager_2.
2026-10-01 03:46:10,337 INFO  org.apache.flink.runtime.taskexecutor.DefaultJobLeaderService [] - Could not resolve JobManager address akka.tcp://flink@172.16.0.162:6123/user/rpc/jobmanager_2, retrying in 10000 ms: Could not connect to rpc endpoint under address akka.tcp://flink@172.16.0.162:6123/user/rpc/jobmanager_2.
2026-10-01 03:46:20,358 INFO  org.apache.flink.runtime.taskexecutor.DefaultJobLeaderService [] - Could not resolve JobManager address akka.tcp://flink@172.16.0.162:6123/user/rpc/jobmanager_2, retrying in 10000 ms: Could not connect to rpc endpoint under address akka.tcp://flink@172.16.0.162:6123/user/rpc/jobmanager_2.
2026-10-01 03:46:30,377 INFO  org.apache.flink.runtime.taskexecutor.DefaultJobLeaderService [] - Could not resolve JobManager address akka.tcp://flink@172.16.0.162:6123/user/rpc/jobmanager_2, retrying in 10000 ms: Could not connect to rpc endpoint under address akka.tcp://flink@172.16.0.162:6123/user/rpc/jobmanager_2.
2026-10-01 03:46:40,397 INFO  org.apache.flink.runtime.taskexecutor.DefaultJobLeaderService [] - Could not resolve JobManager address akka.tcp://flink@172.16.0.162:6123/user/rpc/jobmanager_2, retrying in 10000 ms: Could not connect to rpc endpoint under address akka.tcp://flink@172.16.0.162:6123/user/rpc/jobmanager_2.
2026-10-01 03:46:50,418 INFO  org.apache.flink.runtime.taskexecutor.DefaultJobLeaderService [] - Could not resolve JobManager address akka.tcp://flink@172.16.0.162:6123/user/rpc/jobmanager_2, retrying in 10000 ms: Could not connect to rpc endpoint under address akka.tcp://flink@172.16.0.162:6123/user/rpc/jobmanager_2.
2026-10-01 03:47:00,437 INFO  org.apache.flink.runtime.taskexecutor.DefaultJobLeaderService [] - Could not resolve JobManager address akka.tcp://flink@172.16.0.162:6123/user/rpc/jobmanager_2, retrying in 10000 ms: Could not connect to rpc endpoint under address akka.tcp://flink@172.16.0.162:6123/user/rpc/jobmanager_2.
2026-10-01 03:47:10,457 INFO  org.apache.flink.runtime.taskexecutor.DefaultJobLeaderService [] - Could not resolve JobManager address akka.tcp://flink@172.16.0.162:6123/user/rpc/jobmanager_2, retrying in 10000 ms: Could not connect to rpc endpoint under address akka.tcp://flink@172.16.0.162:6123/user/rpc/jobmanager_2.
2026-10-01 03:47:20,477 INFO  org.apache.flink.runtime.taskexecutor.DefaultJobLeaderService [] - Could not resolve JobManager address akka.tcp://flink@172.16.0.162:6123/user/rpc/jobmanager_2, retrying in 10000 ms: Could not connect to rpc endpoint under address akka.tcp://flink@172.16.0.162:6123/user/rpc/jobmanager_2.
2026-10-01 03:47:30,497 INFO  org.apache.flink.runtime.taskexecutor.DefaultJobLeaderService [] - Could not resolve JobManager address akka.tcp://flink@172.16.0.162:6123/user/rpc/jobmanager_2, retrying in 10000 ms: Could not connect to rpc endpoint under address akka.tcp://flink@172.16.0.162:6123/user/rpc/jobmanager_2.
2026-10-01 03:47:40,517 INFO  org.apache.flink.runtime.taskexecutor.DefaultJobLeaderService [] - Could not resolve JobManager address akka.tcp://flink@172.16.0.162:6123/user/rpc/jobmanager_2, retrying in 10000 ms: Could not connect to rpc endpoint under address akka.tcp://flink@172.16.0.162:6123/user/rpc/jobmanager_2.
2026-10-01 03:47:50,537 INFO  org.apache.flink.runtime.taskexecutor.DefaultJobLeaderService [] - Could not resolve JobManager address akka.tcp://flink@172.16.0.162:6123/user/rpc/jobmanager_2, retrying in 10000 ms: Could not connect to rpc endpoint under address akka.tcp://flink@172.16.0.162:6123/user/rpc/jobmanager_2.
2026-10-01 03:48:00,557 INFO  org.apache.flink.runtime.taskexecutor.DefaultJobLeaderService [] - Could not resolve JobManager address akka.tcp://flink@172.16.0.162:6123/user/rpc/jobmanager_2, retrying in 10000 ms: Could not connect to rpc endpoint under address akka.tcp://flink@172.16.0.162:6123/user/rpc/jobmanager_2.
2026-10-01 03:48:10,577 INFO  org.apache.flink.runtime.taskexecutor.DefaultJobLeaderService [] - Could not resolve JobManager address akka.tcp://flink@172.16.0.162:6123/user/rpc/jobmanager_2, retrying in 10000 ms: Could not connect to rpc endpoint under address akka.tcp://flink@172.16.0.162:6123/user/rpc/jobmanager_2.
2026-10-01 03:48:20,597 INFO  org.apache.flink.runtime.taskexecutor.DefaultJobLeaderService [] - Could not resolve JobManager address akka.tcp://flink@172.16.0.162:6123/user/rpc/jobmanager_2, retrying in 10000 ms: Could not connect to rpc endpoint under address akka.tcp://flink@172.16.0.162:6123/user/rpc/jobmanager_2.
2026-10-01 03:48:30,617 INFO  org.apache.flink.runtime.taskexecutor.DefaultJobLeaderService [] - Could not resolve JobManager address akka.tcp://flink@172.16.0.162:6123/user/rpc/jobmanager_2, retrying in 10000 ms: Could not connect to rpc endpoint under address akka.tcp://flink@172.16.0.162:6123/user/rpc/jobmanager_2.
2026-10-01 03:48:40,637 INFO  org.apache.flink.runtime.taskexecutor.DefaultJobLeaderService [] - Could not resolve JobManager address akka.tcp://flink@172.16.0.162:6123/user/rpc/jobmanager_2, retrying in 10000 ms: Could not connect to rpc endpoint under address akka.tcp://flink@172.16.0.162:6123/user/rpc/jobmanager_2.
2026-10-01 03:48:50,657 INFO  org.apache.flink.runtime.taskexecutor.DefaultJobLeaderService [] - Could not resolve JobManager address akka.tcp://flink@172.16.0.162:6123/user/rpc/jobmanager_2, retrying in 10000 ms: Could not connect to rpc endpoint under address akka.tcp://flink@172.16.0.162:6123/user/rpc/jobmanager_2.
2026-10-01 03:49:00,677 INFO  org.apache.flink.runtime.taskexecutor.DefaultJobLeaderService [] - Could not resolve JobManager address akka.tcp://flink@172.16.0.162:6123/user/rpc/jobmanager_2, retrying in 10000 ms: Could not connect to rpc endpoint under address akka.tcp://flink@172.16.0.162:6123/user/rpc/jobmanager_2.
2026-10-01 03:49:10,698 INFO  org.apache.flink.runtime.taskexecutor.DefaultJobLeaderService [] - Could not resolve JobManager address akka.tcp://flink@172.16.0.162:6123/user/rpc/jobmanager_2, retrying in 10000 ms: Could not connect to rpc endpoint under address akka.tcp://flink@172.16.0.162:6123/user/rpc/jobmanager_2.
2026-10-01 03:49:20,717 INFO  org.apache.flink.runtime.taskexecutor.DefaultJobLeaderService [] - Could not resolve JobManager address akka.tcp://flink@172.16.0.162:6123/user/rpc/jobmanager_2, retrying in 10000 ms: Could not connect to rpc endpoint under address akka.tcp://flink@172.16.0.162:6123/user/rpc/jobmanager_2.
2026-10-01 03:49:30,737 INFO  org.apache.flink.runtime.taskexecutor.DefaultJobLeaderService [] - Could not resolve JobManager address akka.tcp://flink@172.16.0.162:6123/user/rpc/jobmanager_2, retrying in 10000 ms: Could not connect to rpc endpoint under address akka.tcp://flink@172.16.0.162:6123/user/rpc/jobmanager_2.
2026-10-01 03:49:40,757 INFO  org.apache.flink.runtime.taskexecutor.DefaultJobLeaderService [] - Could not resolve JobManager address akka.tcp://flink@172.16.0.162:6123/user/rpc/jobmanager_2, retrying in 10000 ms: Could not connect to rpc endpoint under address akka.tcp://flink@172.16.0.162:6123/user/rpc/jobmanager_2.
2026-10-01 03:49:50,777 INFO  org.apache.flink.runtime.taskexecutor.DefaultJobLeaderService [] - Could not resolve JobManager address akka.tcp://flink@172.16.0.162:6123/user/rpc/jobmanager_2, retrying in 10000 ms: Could not connect to rpc endpoint under address akka.tcp://flink@172.16.0.162:6123/user/rpc/jobmanager_2.
2026-10-01 03:50:00,799 INFO  org.apache.flink.runtime.taskexecutor.DefaultJobLeaderService [] - Could not resolve JobManager address akka.tcp://flink@172.16.0.162:6123/user/rpc/jobmanager_2, retrying in 10000 ms: Could not connect to rpc endpoint under address akka.tcp://flink@172.16.0.162:6123/user/rpc/jobmanager_2.
2026-10-01 03:50:10,817 INFO  org.apache.flink.runtime.taskexecutor.DefaultJobLeaderService [] - Could not resolve JobManager address akka.tcp://flink@172.16.0.162:6123/user/rpc/jobmanager_2, retrying in 10000 ms: Could not connect to rpc endpoint under address akka.tcp://flink@172.16.0.162:6123/user/rpc/jobmanager_2.
2026-10-01 03:50:20,837 INFO  org.apache.flink.runtime.taskexecutor.DefaultJobLeaderService [] - Could not resolve JobManager address akka.tcp://flink@172.16.0.162:6123/user/rpc/jobmanager_2, retrying in 10000 ms: Could not connect to rpc endpoint under address akka.tcp://flink@172.16.0.162:6123/user/rpc/jobmanager_2.
2026-10-01 03:50:30,857 INFO  org.apache.flink.runtime.taskexecutor.DefaultJobLeaderService [] - Could not resolve JobManager address akka.tcp://flink@172.16.0.162:6123/user/rpc/jobmanager_2, retrying in 10000 ms: Could not connect to rpc endpoint under address akka.tcp://flink@172.16.0.162:6123/user/rpc/jobmanager_2.
2026-10-01 03:50:40,877 INFO  org.apache.flink.runtime.taskexecutor.DefaultJobLeaderService [] - Could not resolve JobManager address akka.tcp://flink@172.16.0.162:6123/user/rpc/jobmanager_2, retrying in 10000 ms: Could not connect to rpc endpoint under address akka.tcp://flink@172.16.0.162:6123/user/rpc/jobmanager_2.
2026-10-01 03:50:50,897 INFO  org.apache.flink.runtime.taskexecutor.DefaultJobLeaderService [] - Could not resolve JobManager address akka.tcp://flink@172.16.0.162:6123/user/rpc/jobmanager_2, retrying in 10000 ms: Could not connect to rpc endpoint under address akka.tcp://flink@172.16.0.162:6123/user/rpc/jobmanager_2.
2026-10-01 03:51:00,917 INFO  org.apache.flink.runtime.taskexecutor.DefaultJobLeaderService [] - Could not resolve JobManager address akka.tcp://flink@172.16.0.162:6123/user/rpc/jobmanager_2, retrying in 10000 ms: Could not connect to rpc endpoint under address akka.tcp://flink@172.16.0.162:6123/user/rpc/jobmanager_2.
2026-10-01 03:51:10,937 INFO  org.apache.flink.runtime.taskexecutor.DefaultJobLeaderService [] - Could not resolve JobManager address akka.tcp://flink@172.16.0.162:6123/user/rpc/jobmanager_2, retrying in 10000 ms: Could not connect to rpc endpoint under address akka.tcp://flink@172.16.0.162:6123/user/rpc/jobmanager_2.
2026-10-01 03:51:20,957 INFO  org.apache.flink.runtime.taskexecutor.DefaultJobLeaderService [] - Could not resolve JobManager address akka.tcp://flink@172.16.0.162:6123/user/rpc/jobmanager_2, retrying in 10000 ms: Could not connect to rpc endpoint under address akka.tcp://flink@172.16.0.162:6123/user/rpc/jobmanager_2.
2026-10-01 03:51:30,977 INFO  org.apache.flink.runtime.taskexecutor.DefaultJobLeaderService [] - Could not resolve JobManager address akka.tcp://flink@172.16.0.162:6123/user/rpc/jobmanager_2, retrying in 10000 ms: Could not connect to rpc endpoint under address akka.tcp://flink@172.16.0.162:6123/user/rpc/jobmanager_2.
2026-10-01 03:51:40,997 INFO  org.apache.flink.runtime.taskexecutor.DefaultJobLeaderService [] - Could not resolve JobManager address akka.tcp://flink@172.16.0.162:6123/user/rpc/jobmanager_2, retrying in 10000 ms: Could not connect to rpc endpoint under address akka.tcp://flink@172.16.0.162:6123/user/rpc/jobmanager_2.
2026-10-01 03:51:51,017 INFO  org.apache.flink.runtime.taskexecutor.DefaultJobLeaderService [] - Could not resolve JobManager address akka.tcp://flink@172.16.0.162:6123/user/rpc/jobmanager_2, retrying in 10000 ms: Could not connect to rpc endpoint under address akka.tcp://flink@172.16.0.162:6123/user/rpc/jobmanager_2.
2026-10-01 03:52:01,037 INFO  org.apache.flink.runtime.taskexecutor.DefaultJobLeaderService [] - Could not resolve JobManager address akka.tcp://flink@172.16.0.162:6123/user/rpc/jobmanager_2, retrying in 10000 ms: Could not connect to rpc endpoint under address akka.tcp://flink@172.16.0.162:6123/user/rpc/jobmanager_2.
2026-10-01 03:52:11,057 INFO  org.apache.flink.runtime.taskexecutor.DefaultJobLeaderService [] - Could not resolve JobManager address akka.tcp://flink@172.16.0.162:6123/user/rpc/jobmanager_2, retrying in 10000 ms: Could not connect to rpc endpoint under address akka.tcp://flink@172.16.0.162:6123/user/rpc/jobmanager_2.
2026-10-01 03:52:21,078 INFO  org.apache.flink.runtime.taskexecutor.DefaultJobLeaderService [] - Could not resolve JobManager address akka.tcp://flink@172.16.0.162:6123/user/rpc/jobmanager_2, retrying in 10000 ms: Could not connect to rpc endpoint under address akka.tcp://flink@172.16.0.162:6123/user/rpc/jobmanager_2.
2026-10-01 03:52:31,098 INFO  org.apache.flink.runtime.taskexecutor.DefaultJobLeaderService [] - Could not resolve JobManager address akka.tcp://flink@172.16.0.162:6123/user/rpc/jobmanager_2, retrying in 10000 ms: Could not connect to rpc endpoint under address akka.tcp://flink@172.16.0.162:6123/user/rpc/jobmanager_2.
2026-10-01 03:52:41,117 INFO  org.apache.flink.runtime.taskexecutor.DefaultJobLeaderService [] - Could not resolve JobManager address akka.tcp://flink@172.16.0.162:6123/user/rpc/jobmanager_2, retrying in 10000 ms: Could not connect to rpc endpoint under address akka.tcp://flink@172.16.0.162:6123/user/rpc/jobmanager_2.
