2026-10-01 02:41:08,478 INFO  org.apache.flink.runtime.taskexecutor.TaskExecutor           [] - Receive slot request aa50c7931943198367e27c27b9e2bd5d for job 6905b0331435ca57a7b1b0b7790a30e1 from resource manager with leader id 00000000000000000000000000000000.
2026-10-01 02:41:08,483 INFO  org.apache.flink.runtime.taskexecutor.TaskExecutor           [] - Allocated slot for aa50c7931943198367e27c27b9e2bd5d.
2026-10-01 02:41:08,484 INFO  org.apache.flink.runtime.taskexecutor.DefaultJobLeaderService [] - Add job 6905b0331435ca57a7b1b0b7790a30e1 for job leader monitoring.
2026-10-01 02:41:08,485 INFO  org.apache.flink.runtime.taskexecutor.DefaultJobLeaderService [] - Try to register at job manager akka.tcp://flink@172.16.0.162:6123/user/rpc/jobmanager_2 with leader id 00000000-0000-0000-0000-000000000000.
2026-10-01 02:41:08,489 INFO  org.apache.flink.runtime.taskexecutor.TaskExecutor           [] - Receive slot request 5663a05ca02eb4a7c382c1bb59275e65 for job 6905b0331435ca57a7b1b0b7790a30e1 from resource manager with leader id 00000000000000000000000000000000.
2026-10-01 02:41:08,489 INFO  org.apache.flink.runtime.taskexecutor.TaskExecutor           [] - Allocated slot for 5663a05ca02eb4a7c382c1bb59275e65.
2026-10-01 02:41:08,490 INFO  org.apache.flink.runtime.taskexecutor.TaskExecutor           [] - Receive slot request 7492880fdb955f5816e67e27ae24b866 for job 6905b0331435ca57a7b1b0b7790a30e1 from resource manager with leader id 00000000000000000000000000000000.
2026-10-01 02:41:08,491 INFO  org.apache.flink.runtime.taskexecutor.TaskExecutor           [] - Allocated slot for 7492880fdb955f5816e67e27ae24b866.
2026-10-01 02:41:08,492 INFO  org.apache.flink.runtime.taskexecutor.TaskExecutor           [] - Receive slot request ce64b5cd609d3769f6360d145a0cc3c6 for job 6905b0331435ca57a7b1b0b7790a30e1 from resource manager with leader id 00000000000000000000000000000000.
2026-10-01 02:41:08,492 INFO  org.apache.flink.runtime.taskexecutor.TaskExecutor           [] - Allocated slot for ce64b5cd609d3769f6360d145a0cc3c6.
2026-10-01 02:41:08,500 INFO  org.apache.flink.runtime.taskexecutor.DefaultJobLeaderService [] - Resolved JobManager address, beginning registration
2026-10-01 02:41:08,561 INFO  org.apache.flink.runtime.taskexecutor.DefaultJobLeaderService [] - Successful registration at job manager akka.tcp://flink@172.16.0.162:6123/user/rpc/jobmanager_2 for job 6905b0331435ca57a7b1b0b7790a30e1.
2026-10-01 02:41:08,562 INFO  org.apache.flink.runtime.taskexecutor.TaskExecutor           [] - Establish JobManager connection for job 6905b0331435ca57a7b1b0b7790a30e1.
2026-10-01 02:41:08,565 INFO  org.apache.flink.runtime.taskexecutor.TaskExecutor           [] - Offer reserved slots to the leader of job 6905b0331435ca57a7b1b0b7790a30e1.
2026-10-01 02:41:08,603 INFO  org.apache.flink.runtime.taskexecutor.slot.TaskSlotTableImpl [] - Activate slot 7492880fdb955f5816e67e27ae24b866.
2026-10-01 02:41:08,642 INFO  org.apache.flink.runtime.taskexecutor.TaskExecutor           [] - Received task Source: Custom Source -> Kafka Source [synergia-source] -> RawLineParser (2/8)#0 (c72b7d942c9797bc330e9fe194c79fc5), deploy into slot with allocation id 7492880fdb955f5816e67e27ae24b866.
2026-10-01 02:41:08,643 INFO  org.apache.flink.runtime.taskmanager.Task                    [] - Source: Custom Source -> Kafka Source [synergia-source] -> RawLineParser (2/8)#0 (c72b7d942c9797bc330e9fe194c79fc5) switched from CREATED to DEPLOYING.
2026-10-01 02:41:08,645 INFO  org.apache.flink.runtime.taskexecutor.slot.TaskSlotTableImpl [] - Activate slot ce64b5cd609d3769f6360d145a0cc3c6.
2026-10-01 02:41:08,659 INFO  org.apache.flink.runtime.taskexecutor.TaskExecutor           [] - Received task Source: Custom Source -> Kafka Source [synergia-source] -> RawLineParser (3/8)#0 (67128aa4be111a0e7bd31edf9fe47a18), deploy into slot with allocation id ce64b5cd609d3769f6360d145a0cc3c6.
2026-10-01 02:41:08,660 INFO  org.apache.flink.runtime.taskmanager.Task                    [] - Loading JAR files for task Source: Custom Source -> Kafka Source [synergia-source] -> RawLineParser (2/8)#0 (c72b7d942c9797bc330e9fe194c79fc5) [DEPLOYING].
2026-10-01 02:41:08,661 INFO  org.apache.flink.runtime.taskmanager.Task                    [] - Source: Custom Source -> Kafka Source [synergia-source] -> RawLineParser (3/8)#0 (67128aa4be111a0e7bd31edf9fe47a18) switched from CREATED to DEPLOYING.
2026-10-01 02:41:08,664 INFO  org.apache.flink.runtime.taskexecutor.slot.TaskSlotTableImpl [] - Activate slot 5663a05ca02eb4a7c382c1bb59275e65.
2026-10-01 02:41:08,665 INFO  org.apache.flink.runtime.blob.BlobClient                     [] - Downloading 6905b0331435ca57a7b1b0b7790a30e1/p-15cd8429ad0e44184060ebf8790295d491a04667-16324c35ba7e1472b9cea7bb5c63688f from /172.16.0.162:6124
2026-10-01 02:41:08,669 INFO  org.apache.flink.runtime.taskexecutor.TaskExecutor           [] - Received task Source: Custom Source -> Kafka Source [synergia-source] -> RawLineParser (6/8)#0 (82fcb2a78389a914fee2498e26c8f114), deploy into slot with allocation id 5663a05ca02eb4a7c382c1bb59275e65.
2026-10-01 02:41:08,672 INFO  org.apache.flink.runtime.taskmanager.Task                    [] - Source: Custom Source -> Kafka Source [synergia-source] -> RawLineParser (6/8)#0 (82fcb2a78389a914fee2498e26c8f114) switched from CREATED to DEPLOYING.
2026-10-01 02:41:08,672 INFO  org.apache.flink.runtime.taskmanager.Task                    [] - Loading JAR files for task Source: Custom Source -> Kafka Source [synergia-source] -> RawLineParser (6/8)#0 (82fcb2a78389a914fee2498e26c8f114) [DEPLOYING].
2026-10-01 02:41:08,677 INFO  org.apache.flink.runtime.taskmanager.Task                    [] - Loading JAR files for task Source: Custom Source -> Kafka Source [synergia-source] -> RawLineParser (3/8)#0 (67128aa4be111a0e7bd31edf9fe47a18) [DEPLOYING].
2026-10-01 02:41:08,679 INFO  org.apache.flink.runtime.taskexecutor.slot.TaskSlotTableImpl [] - Activate slot aa50c7931943198367e27c27b9e2bd5d.
2026-10-01 02:41:08,688 INFO  org.apache.flink.runtime.taskexecutor.TaskExecutor           [] - Received task Source: Custom Source -> Kafka Source [synergia-source] -> RawLineParser (7/8)#0 (e3fe24baf1efbb55f3b0236954b28c6b), deploy into slot with allocation id aa50c7931943198367e27c27b9e2bd5d.
2026-10-01 02:41:08,702 INFO  org.apache.flink.runtime.taskexecutor.slot.TaskSlotTableImpl [] - Activate slot 7492880fdb955f5816e67e27ae24b866.
2026-10-01 02:41:08,702 INFO  org.apache.flink.runtime.taskmanager.Task                    [] - Source: Custom Source -> Kafka Source [synergia-source] -> RawLineParser (7/8)#0 (e3fe24baf1efbb55f3b0236954b28c6b) switched from CREATED to DEPLOYING.
2026-10-01 02:41:08,704 INFO  org.apache.flink.runtime.taskmanager.Task                    [] - Loading JAR files for task Source: Custom Source -> Kafka Source [synergia-source] -> RawLineParser (7/8)#0 (e3fe24baf1efbb55f3b0236954b28c6b) [DEPLOYING].
2026-10-01 02:41:08,725 INFO  org.apache.flink.runtime.taskexecutor.TaskExecutor           [] - Received task RoundAssembler -> AlignEventTime (2/8)#0 (d50240a6ca94d749aa6b1bb9fe753c7e), deploy into slot with allocation id 7492880fdb955f5816e67e27ae24b866.
2026-10-01 02:41:08,730 INFO  org.apache.flink.runtime.taskmanager.Task                    [] - RoundAssembler -> AlignEventTime (2/8)#0 (d50240a6ca94d749aa6b1bb9fe753c7e) switched from CREATED to DEPLOYING.
2026-10-01 02:41:08,733 INFO  org.apache.flink.runtime.taskmanager.Task                    [] - Loading JAR files for task RoundAssembler -> AlignEventTime (2/8)#0 (d50240a6ca94d749aa6b1bb9fe753c7e) [DEPLOYING].
2026-10-01 02:41:08,736 INFO  org.apache.flink.runtime.taskexecutor.slot.TaskSlotTableImpl [] - Activate slot ce64b5cd609d3769f6360d145a0cc3c6.
2026-10-01 02:41:08,745 INFO  org.apache.flink.runtime.taskexecutor.TaskExecutor           [] - Received task RoundAssembler -> AlignEventTime (3/8)#0 (20fbdeba36ed87a839b6e7a3ed8d3853), deploy into slot with allocation id ce64b5cd609d3769f6360d145a0cc3c6.
2026-10-01 02:41:08,747 INFO  org.apache.flink.runtime.taskmanager.Task                    [] - RoundAssembler -> AlignEventTime (3/8)#0 (20fbdeba36ed87a839b6e7a3ed8d3853) switched from CREATED to DEPLOYING.
2026-10-01 02:41:08,748 INFO  org.apache.flink.runtime.taskexecutor.slot.TaskSlotTableImpl [] - Activate slot 5663a05ca02eb4a7c382c1bb59275e65.
2026-10-01 02:41:08,749 INFO  org.apache.flink.runtime.taskmanager.Task                    [] - Loading JAR files for task RoundAssembler -> AlignEventTime (3/8)#0 (20fbdeba36ed87a839b6e7a3ed8d3853) [DEPLOYING].
2026-10-01 02:41:08,752 INFO  org.apache.flink.runtime.taskexecutor.TaskExecutor           [] - Received task RoundAssembler -> AlignEventTime (6/8)#0 (9917c8c583ee63ecaeea47232294107d), deploy into slot with allocation id 5663a05ca02eb4a7c382c1bb59275e65.
2026-10-01 02:41:08,754 INFO  org.apache.flink.runtime.taskexecutor.slot.TaskSlotTableImpl [] - Activate slot aa50c7931943198367e27c27b9e2bd5d.
2026-10-01 02:41:08,767 INFO  org.apache.flink.runtime.taskexecutor.TaskExecutor           [] - Received task RoundAssembler -> AlignEventTime (7/8)#0 (90901828a1d4a8a7c7cdcb1da75fdad8), deploy into slot with allocation id aa50c7931943198367e27c27b9e2bd5d.
2026-10-01 02:41:08,770 INFO  org.apache.flink.runtime.taskmanager.Task                    [] - RoundAssembler -> AlignEventTime (6/8)#0 (9917c8c583ee63ecaeea47232294107d) switched from CREATED to DEPLOYING.
2026-10-01 02:41:08,771 INFO  org.apache.flink.runtime.taskmanager.Task                    [] - Loading JAR files for task RoundAssembler -> AlignEventTime (6/8)#0 (9917c8c583ee63ecaeea47232294107d) [DEPLOYING].
2026-10-01 02:41:08,774 INFO  org.apache.flink.runtime.taskexecutor.slot.TaskSlotTableImpl [] - Activate slot 7492880fdb955f5816e67e27ae24b866.
2026-10-01 02:41:08,777 INFO  org.apache.flink.runtime.taskexecutor.TaskExecutor           [] - Received task RobustScaler (2/8)#0 (4547a37b3f5316ce4df2a5c6c9c18bca), deploy into slot with allocation id 7492880fdb955f5816e67e27ae24b866.
2026-10-01 02:41:08,779 INFO  org.apache.flink.runtime.taskexecutor.slot.TaskSlotTableImpl [] - Activate slot ce64b5cd609d3769f6360d145a0cc3c6.
2026-10-01 02:41:08,785 INFO  org.apache.flink.runtime.taskexecutor.TaskExecutor           [] - Received task RobustScaler (3/8)#0 (775a1bcd4b40f2338a162aa358bb2543), deploy into slot with allocation id ce64b5cd609d3769f6360d145a0cc3c6.
2026-10-01 02:41:08,781 INFO  org.apache.flink.runtime.taskmanager.Task                    [] - RobustScaler (2/8)#0 (4547a37b3f5316ce4df2a5c6c9c18bca) switched from CREATED to DEPLOYING.
2026-10-01 02:41:08,780 INFO  org.apache.flink.runtime.taskmanager.Task                    [] - RoundAssembler -> AlignEventTime (7/8)#0 (90901828a1d4a8a7c7cdcb1da75fdad8) switched from CREATED to DEPLOYING.
2026-10-01 02:41:08,786 INFO  org.apache.flink.runtime.taskmanager.Task                    [] - Loading JAR files for task RoundAssembler -> AlignEventTime (7/8)#0 (90901828a1d4a8a7c7cdcb1da75fdad8) [DEPLOYING].
2026-10-01 02:41:08,786 INFO  org.apache.flink.runtime.taskmanager.Task                    [] - Loading JAR files for task RobustScaler (2/8)#0 (4547a37b3f5316ce4df2a5c6c9c18bca) [DEPLOYING].
2026-10-01 02:41:08,796 INFO  org.apache.flink.runtime.taskexecutor.slot.TaskSlotTableImpl [] - Activate slot aa50c7931943198367e27c27b9e2bd5d.
2026-10-01 02:41:08,800 INFO  org.apache.flink.runtime.taskexecutor.TaskExecutor           [] - Received task RobustScaler (7/8)#0 (41a56faa0c5ef26da4a6304152d2ad1c), deploy into slot with allocation id aa50c7931943198367e27c27b9e2bd5d.
2026-10-01 02:41:08,801 INFO  org.apache.flink.runtime.taskmanager.Task                    [] - RobustScaler (3/8)#0 (775a1bcd4b40f2338a162aa358bb2543) switched from CREATED to DEPLOYING.
2026-10-01 02:41:08,801 INFO  org.apache.flink.runtime.taskmanager.Task                    [] - Loading JAR files for task RobustScaler (3/8)#0 (775a1bcd4b40f2338a162aa358bb2543) [DEPLOYING].
2026-10-01 02:41:08,805 INFO  org.apache.flink.runtime.taskexecutor.slot.TaskSlotTableImpl [] - Activate slot 5663a05ca02eb4a7c382c1bb59275e65.
2026-10-01 02:41:08,807 INFO  org.apache.flink.runtime.taskmanager.Task                    [] - RobustScaler (7/8)#0 (41a56faa0c5ef26da4a6304152d2ad1c) switched from CREATED to DEPLOYING.
2026-10-01 02:41:08,809 INFO  org.apache.flink.runtime.taskexecutor.TaskExecutor           [] - Received task RobustScaler (6/8)#0 (dbe73078dff54e00fa258ae255b2ed5e), deploy into slot with allocation id 5663a05ca02eb4a7c382c1bb59275e65.
2026-10-01 02:41:08,809 INFO  org.apache.flink.runtime.taskmanager.Task                    [] - Loading JAR files for task RobustScaler (7/8)#0 (41a56faa0c5ef26da4a6304152d2ad1c) [DEPLOYING].
2026-10-01 02:41:08,819 INFO  org.apache.flink.runtime.taskexecutor.slot.TaskSlotTableImpl [] - Activate slot 7492880fdb955f5816e67e27ae24b866.
2026-10-01 02:41:08,823 INFO  org.apache.flink.runtime.taskmanager.Task                    [] - RobustScaler (6/8)#0 (dbe73078dff54e00fa258ae255b2ed5e) switched from CREATED to DEPLOYING.
2026-10-01 02:41:08,824 INFO  org.apache.flink.runtime.taskmanager.Task                    [] - Loading JAR files for task RobustScaler (6/8)#0 (dbe73078dff54e00fa258ae255b2ed5e) [DEPLOYING].
2026-10-01 02:41:08,825 INFO  org.apache.flink.runtime.taskexecutor.TaskExecutor           [] - Received task RawCache -> (Sink: Kafka Sink [synergia-m1-out], M2Gate) (2/8)#0 (dd6726b77a0f0dd4a8c392f0e8bf2471), deploy into slot with allocation id 7492880fdb955f5816e67e27ae24b866.
2026-10-01 02:41:08,839 INFO  org.apache.flink.runtime.taskexecutor.slot.TaskSlotTableImpl [] - Activate slot ce64b5cd609d3769f6360d145a0cc3c6.
2026-10-01 02:41:08,842 INFO  org.apache.flink.runtime.taskexecutor.TaskExecutor           [] - Received task RawCache -> (Sink: Kafka Sink [synergia-m1-out], M2Gate) (3/8)#0 (9fef2505298f01b75b56a344bcfe7c2e), deploy into slot with allocation id ce64b5cd609d3769f6360d145a0cc3c6.
2026-10-01 02:41:08,845 INFO  org.apache.flink.runtime.taskexecutor.slot.TaskSlotTableImpl [] - Activate slot 5663a05ca02eb4a7c382c1bb59275e65.
2026-10-01 02:41:08,851 INFO  org.apache.flink.runtime.taskmanager.Task                    [] - RawCache -> (Sink: Kafka Sink [synergia-m1-out], M2Gate) (2/8)#0 (dd6726b77a0f0dd4a8c392f0e8bf2471) switched from CREATED to DEPLOYING.
2026-10-01 02:41:08,852 INFO  org.apache.flink.runtime.taskmanager.Task                    [] - Loading JAR files for task RawCache -> (Sink: Kafka Sink [synergia-m1-out], M2Gate) (2/8)#0 (dd6726b77a0f0dd4a8c392f0e8bf2471) [DEPLOYING].
2026-10-01 02:41:08,851 INFO  org.apache.flink.runtime.taskmanager.Task                    [] - RawCache -> (Sink: Kafka Sink [synergia-m1-out], M2Gate) (3/8)#0 (9fef2505298f01b75b56a344bcfe7c2e) switched from CREATED to DEPLOYING.
2026-10-01 02:41:08,855 INFO  org.apache.flink.runtime.taskexecutor.TaskExecutor           [] - Received task RawCache -> (Sink: Kafka Sink [synergia-m1-out], M2Gate) (6/8)#0 (8ed7e468f91810dae91173b1aeab607d), deploy into slot with allocation id 5663a05ca02eb4a7c382c1bb59275e65.
2026-10-01 02:41:08,857 INFO  org.apache.flink.runtime.taskmanager.Task                    [] - Loading JAR files for task RawCache -> (Sink: Kafka Sink [synergia-m1-out], M2Gate) (3/8)#0 (9fef2505298f01b75b56a344bcfe7c2e) [DEPLOYING].
2026-10-01 02:41:08,858 INFO  org.apache.flink.runtime.taskmanager.Task                    [] - RawCache -> (Sink: Kafka Sink [synergia-m1-out], M2Gate) (6/8)#0 (8ed7e468f91810dae91173b1aeab607d) switched from CREATED to DEPLOYING.
2026-10-01 02:41:08,859 INFO  org.apache.flink.runtime.taskmanager.Task                    [] - Loading JAR files for task RawCache -> (Sink: Kafka Sink [synergia-m1-out], M2Gate) (6/8)#0 (8ed7e468f91810dae91173b1aeab607d) [DEPLOYING].
2026-10-01 02:41:08,860 INFO  org.apache.flink.runtime.taskexecutor.slot.TaskSlotTableImpl [] - Activate slot aa50c7931943198367e27c27b9e2bd5d.
2026-10-01 02:41:08,878 INFO  org.apache.flink.runtime.taskexecutor.TaskExecutor           [] - Received task RawCache -> (Sink: Kafka Sink [synergia-m1-out], M2Gate) (7/8)#0 (0f5f28642bec52b2c8a4b83b13c0a081), deploy into slot with allocation id aa50c7931943198367e27c27b9e2bd5d.
2026-10-01 02:41:08,878 INFO  org.apache.flink.runtime.taskmanager.Task                    [] - RawCache -> (Sink: Kafka Sink [synergia-m1-out], M2Gate) (7/8)#0 (0f5f28642bec52b2c8a4b83b13c0a081) switched from CREATED to DEPLOYING.
2026-10-01 02:41:08,880 INFO  org.apache.flink.runtime.taskmanager.Task                    [] - Loading JAR files for task RawCache -> (Sink: Kafka Sink [synergia-m1-out], M2Gate) (7/8)#0 (0f5f28642bec52b2c8a4b83b13c0a081) [DEPLOYING].
2026-10-01 02:41:08,879 INFO  org.apache.flink.runtime.taskexecutor.slot.TaskSlotTableImpl [] - Activate slot 7492880fdb955f5816e67e27ae24b866.
2026-10-01 02:41:08,885 INFO  org.apache.flink.runtime.taskexecutor.TaskExecutor           [] - Received task Pmcod -> (Sink: Kafka Sink [synergia-scores], Sink: Kafka Sink [synergia-monitoring / M2], M2LateDrops) (2/8)#0 (2a21bf03ff9fd7e2de90cc2131bba13b), deploy into slot with allocation id 7492880fdb955f5816e67e27ae24b866.
2026-10-01 02:41:08,886 INFO  org.apache.flink.runtime.taskmanager.Task                    [] - Pmcod -> (Sink: Kafka Sink [synergia-scores], Sink: Kafka Sink [synergia-monitoring / M2], M2LateDrops) (2/8)#0 (2a21bf03ff9fd7e2de90cc2131bba13b) switched from CREATED to DEPLOYING.
2026-10-01 02:41:08,887 INFO  org.apache.flink.runtime.taskmanager.Task                    [] - Loading JAR files for task Pmcod -> (Sink: Kafka Sink [synergia-scores], Sink: Kafka Sink [synergia-monitoring / M2], M2LateDrops) (2/8)#0 (2a21bf03ff9fd7e2de90cc2131bba13b) [DEPLOYING].
2026-10-01 02:41:08,887 INFO  org.apache.flink.runtime.taskexecutor.slot.TaskSlotTableImpl [] - Activate slot ce64b5cd609d3769f6360d145a0cc3c6.
2026-10-01 02:41:08,890 INFO  org.apache.flink.runtime.taskexecutor.TaskExecutor           [] - Received task Pmcod -> (Sink: Kafka Sink [synergia-scores], Sink: Kafka Sink [synergia-monitoring / M2], M2LateDrops) (3/8)#0 (b335918c6ab8023d50a7e0efb44ebc5e), deploy into slot with allocation id ce64b5cd609d3769f6360d145a0cc3c6.
2026-10-01 02:41:08,893 INFO  org.apache.flink.runtime.taskexecutor.slot.TaskSlotTableImpl [] - Activate slot aa50c7931943198367e27c27b9e2bd5d.
2026-10-01 02:41:08,896 INFO  org.apache.flink.runtime.taskmanager.Task                    [] - Pmcod -> (Sink: Kafka Sink [synergia-scores], Sink: Kafka Sink [synergia-monitoring / M2], M2LateDrops) (3/8)#0 (b335918c6ab8023d50a7e0efb44ebc5e) switched from CREATED to DEPLOYING.
2026-10-01 02:41:08,897 INFO  org.apache.flink.runtime.taskmanager.Task                    [] - Loading JAR files for task Pmcod -> (Sink: Kafka Sink [synergia-scores], Sink: Kafka Sink [synergia-monitoring / M2], M2LateDrops) (3/8)#0 (b335918c6ab8023d50a7e0efb44ebc5e) [DEPLOYING].
2026-10-01 02:41:08,897 INFO  org.apache.flink.runtime.taskexecutor.TaskExecutor           [] - Received task Pmcod -> (Sink: Kafka Sink [synergia-scores], Sink: Kafka Sink [synergia-monitoring / M2], M2LateDrops) (7/8)#0 (a42bf38005a8277cfd1b9c719d9f964e), deploy into slot with allocation id aa50c7931943198367e27c27b9e2bd5d.
2026-10-01 02:41:08,899 INFO  org.apache.flink.runtime.taskmanager.Task                    [] - Pmcod -> (Sink: Kafka Sink [synergia-scores], Sink: Kafka Sink [synergia-monitoring / M2], M2LateDrops) (7/8)#0 (a42bf38005a8277cfd1b9c719d9f964e) switched from CREATED to DEPLOYING.
2026-10-01 02:41:08,899 INFO  org.apache.flink.runtime.taskmanager.Task                    [] - Loading JAR files for task Pmcod -> (Sink: Kafka Sink [synergia-scores], Sink: Kafka Sink [synergia-monitoring / M2], M2LateDrops) (7/8)#0 (a42bf38005a8277cfd1b9c719d9f964e) [DEPLOYING].
2026-10-01 02:41:08,900 INFO  org.apache.flink.runtime.taskexecutor.slot.TaskSlotTableImpl [] - Activate slot aa50c7931943198367e27c27b9e2bd5d.
2026-10-01 02:41:08,901 INFO  org.apache.flink.runtime.taskexecutor.slot.TaskSlotTableImpl [] - Activate slot 7492880fdb955f5816e67e27ae24b866.
2026-10-01 02:41:08,901 INFO  org.apache.flink.runtime.taskexecutor.slot.TaskSlotTableImpl [] - Activate slot 5663a05ca02eb4a7c382c1bb59275e65.
2026-10-01 02:41:08,901 INFO  org.apache.flink.runtime.taskexecutor.slot.TaskSlotTableImpl [] - Activate slot ce64b5cd609d3769f6360d145a0cc3c6.
2026-10-01 02:41:08,903 INFO  org.apache.flink.runtime.taskexecutor.slot.TaskSlotTableImpl [] - Activate slot 5663a05ca02eb4a7c382c1bb59275e65.
2026-10-01 02:41:08,908 INFO  org.apache.flink.runtime.taskexecutor.TaskExecutor           [] - Received task Pmcod -> (Sink: Kafka Sink [synergia-scores], Sink: Kafka Sink [synergia-monitoring / M2], M2LateDrops) (6/8)#0 (ccf1533db1cbb9ff7b0cf47b550746a4), deploy into slot with allocation id 5663a05ca02eb4a7c382c1bb59275e65.
2026-10-01 02:41:08,909 INFO  org.apache.flink.runtime.taskmanager.Task                    [] - Pmcod -> (Sink: Kafka Sink [synergia-scores], Sink: Kafka Sink [synergia-monitoring / M2], M2LateDrops) (6/8)#0 (ccf1533db1cbb9ff7b0cf47b550746a4) switched from CREATED to DEPLOYING.
2026-10-01 02:41:08,910 INFO  org.apache.flink.runtime.taskmanager.Task                    [] - Loading JAR files for task Pmcod -> (Sink: Kafka Sink [synergia-scores], Sink: Kafka Sink [synergia-monitoring / M2], M2LateDrops) (6/8)#0 (ccf1533db1cbb9ff7b0cf47b550746a4) [DEPLOYING].
2026-10-01 02:41:08,910 INFO  org.apache.flink.runtime.taskexecutor.slot.TaskSlotTableImpl [] - Activate slot 7492880fdb955f5816e67e27ae24b866.
2026-10-01 02:41:08,916 INFO  org.apache.flink.runtime.taskexecutor.TaskExecutor           [] - Received task M3-LSTM-AE -> (Sink: Kafka Sink [synergia-scores / M3], Sink: Kafka Sink [synergia-monitoring / M3]) (2/8)#0 (3b57d50b5b78f481957bce3dcd11a0f0), deploy into slot with allocation id 7492880fdb955f5816e67e27ae24b866.
2026-10-01 02:41:08,916 INFO  org.apache.flink.runtime.taskmanager.Task                    [] - M3-LSTM-AE -> (Sink: Kafka Sink [synergia-scores / M3], Sink: Kafka Sink [synergia-monitoring / M3]) (2/8)#0 (3b57d50b5b78f481957bce3dcd11a0f0) switched from CREATED to DEPLOYING.
2026-10-01 02:41:08,917 INFO  org.apache.flink.runtime.taskmanager.Task                    [] - Loading JAR files for task M3-LSTM-AE -> (Sink: Kafka Sink [synergia-scores / M3], Sink: Kafka Sink [synergia-monitoring / M3]) (2/8)#0 (3b57d50b5b78f481957bce3dcd11a0f0) [DEPLOYING].
2026-10-01 02:41:08,918 INFO  org.apache.flink.runtime.taskexecutor.slot.TaskSlotTableImpl [] - Activate slot ce64b5cd609d3769f6360d145a0cc3c6.
2026-10-01 02:41:08,924 INFO  org.apache.flink.runtime.taskexecutor.TaskExecutor           [] - Received task M3-LSTM-AE -> (Sink: Kafka Sink [synergia-scores / M3], Sink: Kafka Sink [synergia-monitoring / M3]) (3/8)#0 (1acaac88511ae3cd2f7d470dcffca919), deploy into slot with allocation id ce64b5cd609d3769f6360d145a0cc3c6.
2026-10-01 02:41:08,926 INFO  org.apache.flink.runtime.taskexecutor.slot.TaskSlotTableImpl [] - Activate slot 5663a05ca02eb4a7c382c1bb59275e65.
2026-10-01 02:41:08,932 INFO  org.apache.flink.runtime.taskexecutor.TaskExecutor           [] - Received task M3-LSTM-AE -> (Sink: Kafka Sink [synergia-scores / M3], Sink: Kafka Sink [synergia-monitoring / M3]) (6/8)#0 (cb1f5f9f2302bafabab294252fa6809a), deploy into slot with allocation id 5663a05ca02eb4a7c382c1bb59275e65.
2026-10-01 02:41:08,925 INFO  org.apache.flink.runtime.taskmanager.Task                    [] - M3-LSTM-AE -> (Sink: Kafka Sink [synergia-scores / M3], Sink: Kafka Sink [synergia-monitoring / M3]) (3/8)#0 (1acaac88511ae3cd2f7d470dcffca919) switched from CREATED to DEPLOYING.
2026-10-01 02:41:08,934 INFO  org.apache.flink.runtime.taskmanager.Task                    [] - Loading JAR files for task M3-LSTM-AE -> (Sink: Kafka Sink [synergia-scores / M3], Sink: Kafka Sink [synergia-monitoring / M3]) (3/8)#0 (1acaac88511ae3cd2f7d470dcffca919) [DEPLOYING].
2026-10-01 02:41:08,935 INFO  org.apache.flink.runtime.taskmanager.Task                    [] - M3-LSTM-AE -> (Sink: Kafka Sink [synergia-scores / M3], Sink: Kafka Sink [synergia-monitoring / M3]) (6/8)#0 (cb1f5f9f2302bafabab294252fa6809a) switched from CREATED to DEPLOYING.
2026-10-01 02:41:08,936 INFO  org.apache.flink.runtime.taskmanager.Task                    [] - Loading JAR files for task M3-LSTM-AE -> (Sink: Kafka Sink [synergia-scores / M3], Sink: Kafka Sink [synergia-monitoring / M3]) (6/8)#0 (cb1f5f9f2302bafabab294252fa6809a) [DEPLOYING].
2026-10-01 02:41:08,937 INFO  org.apache.flink.runtime.taskexecutor.slot.TaskSlotTableImpl [] - Activate slot 7492880fdb955f5816e67e27ae24b866.
2026-10-01 02:41:08,942 INFO  org.apache.flink.runtime.taskexecutor.TaskExecutor           [] - Received task MonitoringAggregator -> Sink: Kafka Sink [synergia-monitoring / M1] (2/8)#0 (0cd3457239ac4739d4eeaa2ff3fac659), deploy into slot with allocation id 7492880fdb955f5816e67e27ae24b866.
2026-10-01 02:41:08,946 INFO  org.apache.flink.runtime.taskmanager.Task                    [] - MonitoringAggregator -> Sink: Kafka Sink [synergia-monitoring / M1] (2/8)#0 (0cd3457239ac4739d4eeaa2ff3fac659) switched from CREATED to DEPLOYING.
2026-10-01 02:41:08,947 INFO  org.apache.flink.runtime.taskmanager.Task                    [] - Loading JAR files for task MonitoringAggregator -> Sink: Kafka Sink [synergia-monitoring / M1] (2/8)#0 (0cd3457239ac4739d4eeaa2ff3fac659) [DEPLOYING].
2026-10-01 02:41:08,948 INFO  org.apache.flink.runtime.taskexecutor.slot.TaskSlotTableImpl [] - Activate slot ce64b5cd609d3769f6360d145a0cc3c6.
2026-10-01 02:41:08,952 INFO  org.apache.flink.runtime.taskexecutor.TaskExecutor           [] - Received task MonitoringAggregator -> Sink: Kafka Sink [synergia-monitoring / M1] (3/8)#0 (7cd8752240b73a6e92080d0632a449a9), deploy into slot with allocation id ce64b5cd609d3769f6360d145a0cc3c6.
2026-10-01 02:41:08,953 INFO  org.apache.flink.runtime.taskexecutor.slot.TaskSlotTableImpl [] - Activate slot 5663a05ca02eb4a7c382c1bb59275e65.
2026-10-01 02:41:08,957 INFO  org.apache.flink.runtime.taskexecutor.TaskExecutor           [] - Received task MonitoringAggregator -> Sink: Kafka Sink [synergia-monitoring / M1] (6/8)#0 (077c60363aaee95107326d98fc10f327), deploy into slot with allocation id 5663a05ca02eb4a7c382c1bb59275e65.
2026-10-01 02:41:08,958 INFO  org.apache.flink.runtime.taskmanager.Task                    [] - MonitoringAggregator -> Sink: Kafka Sink [synergia-monitoring / M1] (3/8)#0 (7cd8752240b73a6e92080d0632a449a9) switched from CREATED to DEPLOYING.
2026-10-01 02:41:08,958 INFO  org.apache.flink.runtime.taskmanager.Task                    [] - Loading JAR files for task MonitoringAggregator -> Sink: Kafka Sink [synergia-monitoring / M1] (3/8)#0 (7cd8752240b73a6e92080d0632a449a9) [DEPLOYING].
2026-10-01 02:41:08,960 INFO  org.apache.flink.runtime.taskexecutor.slot.TaskSlotTableImpl [] - Activate slot aa50c7931943198367e27c27b9e2bd5d.
2026-10-01 02:41:08,963 INFO  org.apache.flink.runtime.taskexecutor.TaskExecutor           [] - Received task MonitoringAggregator -> Sink: Kafka Sink [synergia-monitoring / M1] (7/8)#0 (92ba097e7128dac07819833d6575623f), deploy into slot with allocation id aa50c7931943198367e27c27b9e2bd5d.
2026-10-01 02:41:08,963 INFO  org.apache.flink.runtime.taskmanager.Task                    [] - MonitoringAggregator -> Sink: Kafka Sink [synergia-monitoring / M1] (6/8)#0 (077c60363aaee95107326d98fc10f327) switched from CREATED to DEPLOYING.
2026-10-01 02:41:08,964 INFO  org.apache.flink.runtime.taskmanager.Task                    [] - Loading JAR files for task MonitoringAggregator -> Sink: Kafka Sink [synergia-monitoring / M1] (6/8)#0 (077c60363aaee95107326d98fc10f327) [DEPLOYING].
2026-10-01 02:41:08,964 INFO  org.apache.flink.runtime.taskexecutor.slot.TaskSlotTableImpl [] - Activate slot aa50c7931943198367e27c27b9e2bd5d.
2026-10-01 02:41:08,968 INFO  org.apache.flink.runtime.taskexecutor.TaskExecutor           [] - Received task M3-LSTM-AE -> (Sink: Kafka Sink [synergia-scores / M3], Sink: Kafka Sink [synergia-monitoring / M3]) (7/8)#0 (19b23625f52d72d3563dea4ff417b3ca), deploy into slot with allocation id aa50c7931943198367e27c27b9e2bd5d.
2026-10-01 02:41:08,968 INFO  org.apache.flink.runtime.taskmanager.Task                    [] - MonitoringAggregator -> Sink: Kafka Sink [synergia-monitoring / M1] (7/8)#0 (92ba097e7128dac07819833d6575623f) switched from CREATED to DEPLOYING.
2026-10-01 02:41:08,969 INFO  org.apache.flink.runtime.taskmanager.Task                    [] - Loading JAR files for task MonitoringAggregator -> Sink: Kafka Sink [synergia-monitoring / M1] (7/8)#0 (92ba097e7128dac07819833d6575623f) [DEPLOYING].
2026-10-01 02:41:08,969 INFO  org.apache.flink.runtime.taskmanager.Task                    [] - M3-LSTM-AE -> (Sink: Kafka Sink [synergia-scores / M3], Sink: Kafka Sink [synergia-monitoring / M3]) (7/8)#0 (19b23625f52d72d3563dea4ff417b3ca) switched from CREATED to DEPLOYING.
2026-10-01 02:41:08,970 INFO  org.apache.flink.runtime.taskmanager.Task                    [] - Loading JAR files for task M3-LSTM-AE -> (Sink: Kafka Sink [synergia-scores / M3], Sink: Kafka Sink [synergia-monitoring / M3]) (7/8)#0 (19b23625f52d72d3563dea4ff417b3ca) [DEPLOYING].
2026-10-01 02:41:10,916 INFO  org.apache.flink.streaming.runtime.tasks.StreamTask          [] - No state backend has been configured, using default (HashMap) org.apache.flink.runtime.state.hashmap.HashMapStateBackend@25a9d078
2026-10-01 02:41:10,916 INFO  org.apache.flink.streaming.runtime.tasks.StreamTask          [] - No state backend has been configured, using default (HashMap) org.apache.flink.runtime.state.hashmap.HashMapStateBackend@640e8aaf
2026-10-01 02:41:10,916 INFO  org.apache.flink.streaming.runtime.tasks.StreamTask          [] - No state backend has been configured, using default (HashMap) org.apache.flink.runtime.state.hashmap.HashMapStateBackend@3870d60d
2026-10-01 02:41:10,916 INFO  org.apache.flink.streaming.runtime.tasks.StreamTask          [] - No state backend has been configured, using default (HashMap) org.apache.flink.runtime.state.hashmap.HashMapStateBackend@3b9a0183
2026-10-01 02:41:10,916 INFO  org.apache.flink.streaming.runtime.tasks.StreamTask          [] - No state backend has been configured, using default (HashMap) org.apache.flink.runtime.state.hashmap.HashMapStateBackend@7eb755bf
2026-10-01 02:41:10,916 INFO  org.apache.flink.streaming.runtime.tasks.StreamTask          [] - No state backend has been configured, using default (HashMap) org.apache.flink.runtime.state.hashmap.HashMapStateBackend@47cb913b
2026-10-01 02:41:10,916 INFO  org.apache.flink.streaming.runtime.tasks.StreamTask          [] - No state backend has been configured, using default (HashMap) org.apache.flink.runtime.state.hashmap.HashMapStateBackend@55cd9d50
2026-10-01 02:41:10,916 INFO  org.apache.flink.streaming.runtime.tasks.StreamTask          [] - No state backend has been configured, using default (HashMap) org.apache.flink.runtime.state.hashmap.HashMapStateBackend@4a41c4ea
2026-10-01 02:41:10,959 INFO  org.apache.flink.streaming.runtime.tasks.StreamTask          [] - Using job/cluster config to configure application-defined checkpoint storage: JobManagerCheckpointStorage (checkpoints to JobManager) ( maxStateSize: 134217728)
2026-10-01 02:41:10,959 INFO  org.apache.flink.streaming.runtime.tasks.StreamTask          [] - Using job/cluster config to configure application-defined checkpoint storage: JobManagerCheckpointStorage (checkpoints to JobManager) ( maxStateSize: 134217728)
2026-10-01 02:41:10,959 INFO  org.apache.flink.streaming.runtime.tasks.StreamTask          [] - Using job/cluster config to configure application-defined checkpoint storage: JobManagerCheckpointStorage (checkpoints to JobManager) ( maxStateSize: 134217728)
2026-10-01 02:41:10,963 INFO  org.apache.flink.streaming.runtime.tasks.StreamTask          [] - Using job/cluster config to configure application-defined checkpoint storage: JobManagerCheckpointStorage (checkpoints to JobManager) ( maxStateSize: 134217728)
2026-10-01 02:41:10,963 INFO  org.apache.flink.streaming.runtime.tasks.StreamTask          [] - Using job/cluster config to configure application-defined checkpoint storage: JobManagerCheckpointStorage (checkpoints to JobManager) ( maxStateSize: 134217728)
2026-10-01 02:41:10,960 INFO  org.apache.flink.streaming.runtime.tasks.StreamTask          [] - Using job/cluster config to configure application-defined checkpoint storage: JobManagerCheckpointStorage (checkpoints to JobManager) ( maxStateSize: 134217728)
2026-10-01 02:41:10,960 INFO  org.apache.flink.streaming.runtime.tasks.StreamTask          [] - Using job/cluster config to configure application-defined checkpoint storage: JobManagerCheckpointStorage (checkpoints to JobManager) ( maxStateSize: 134217728)
2026-10-01 02:41:10,959 INFO  org.apache.flink.streaming.runtime.tasks.StreamTask          [] - Using job/cluster config to configure application-defined checkpoint storage: JobManagerCheckpointStorage (checkpoints to JobManager) ( maxStateSize: 134217728)
2026-10-01 02:41:10,998 INFO  org.apache.flink.streaming.runtime.tasks.StreamTask          [] - No state backend has been configured, using default (HashMap) org.apache.flink.runtime.state.hashmap.HashMapStateBackend@4606a60c
2026-10-01 02:41:10,998 INFO  org.apache.flink.streaming.runtime.tasks.StreamTask          [] - Using job/cluster config to configure application-defined checkpoint storage: JobManagerCheckpointStorage (checkpoints to JobManager) ( maxStateSize: 134217728)
2026-10-01 02:41:11,005 INFO  org.apache.flink.runtime.taskmanager.Task                    [] - MonitoringAggregator -> Sink: Kafka Sink [synergia-monitoring / M1] (3/8)#0 (7cd8752240b73a6e92080d0632a449a9) switched from DEPLOYING to INITIALIZING.
2026-10-01 02:41:11,005 INFO  org.apache.flink.runtime.taskmanager.Task                    [] - M3-LSTM-AE -> (Sink: Kafka Sink [synergia-scores / M3], Sink: Kafka Sink [synergia-monitoring / M3]) (2/8)#0 (3b57d50b5b78f481957bce3dcd11a0f0) switched from DEPLOYING to INITIALIZING.
2026-10-01 02:41:11,005 INFO  org.apache.flink.runtime.taskmanager.Task                    [] - M3-LSTM-AE -> (Sink: Kafka Sink [synergia-scores / M3], Sink: Kafka Sink [synergia-monitoring / M3]) (3/8)#0 (1acaac88511ae3cd2f7d470dcffca919) switched from DEPLOYING to INITIALIZING.
2026-10-01 02:41:11,005 INFO  org.apache.flink.runtime.taskmanager.Task                    [] - M3-LSTM-AE -> (Sink: Kafka Sink [synergia-scores / M3], Sink: Kafka Sink [synergia-monitoring / M3]) (7/8)#0 (19b23625f52d72d3563dea4ff417b3ca) switched from DEPLOYING to INITIALIZING.
2026-10-01 02:41:11,005 INFO  org.apache.flink.runtime.taskmanager.Task                    [] - MonitoringAggregator -> Sink: Kafka Sink [synergia-monitoring / M1] (7/8)#0 (92ba097e7128dac07819833d6575623f) switched from DEPLOYING to INITIALIZING.
2026-10-01 02:41:11,005 INFO  org.apache.flink.runtime.taskmanager.Task                    [] - M3-LSTM-AE -> (Sink: Kafka Sink [synergia-scores / M3], Sink: Kafka Sink [synergia-monitoring / M3]) (6/8)#0 (cb1f5f9f2302bafabab294252fa6809a) switched from DEPLOYING to INITIALIZING.
2026-10-01 02:41:11,005 INFO  org.apache.flink.runtime.taskmanager.Task                    [] - Source: Custom Source -> Kafka Source [synergia-source] -> RawLineParser (6/8)#0 (82fcb2a78389a914fee2498e26c8f114) switched from DEPLOYING to INITIALIZING.
2026-10-01 02:41:11,005 INFO  org.apache.flink.runtime.taskmanager.Task                    [] - MonitoringAggregator -> Sink: Kafka Sink [synergia-monitoring / M1] (6/8)#0 (077c60363aaee95107326d98fc10f327) switched from DEPLOYING to INITIALIZING.
2026-10-01 02:41:11,005 INFO  org.apache.flink.runtime.taskmanager.Task                    [] - MonitoringAggregator -> Sink: Kafka Sink [synergia-monitoring / M1] (2/8)#0 (0cd3457239ac4739d4eeaa2ff3fac659) switched from DEPLOYING to INITIALIZING.
2026-10-01 02:41:11,027 INFO  org.apache.flink.streaming.runtime.tasks.StreamTask          [] - No state backend has been configured, using default (HashMap) org.apache.flink.runtime.state.hashmap.HashMapStateBackend@53f5faff
2026-10-01 02:41:11,027 INFO  org.apache.flink.streaming.runtime.tasks.StreamTask          [] - Using job/cluster config to configure application-defined checkpoint storage: JobManagerCheckpointStorage (checkpoints to JobManager) ( maxStateSize: 134217728)
2026-10-01 02:41:11,027 INFO  org.apache.flink.runtime.taskmanager.Task                    [] - Source: Custom Source -> Kafka Source [synergia-source] -> RawLineParser (7/8)#0 (e3fe24baf1efbb55f3b0236954b28c6b) switched from DEPLOYING to INITIALIZING.
2026-10-01 02:41:11,028 INFO  org.apache.flink.streaming.runtime.tasks.StreamTask          [] - No state backend has been configured, using default (HashMap) org.apache.flink.runtime.state.hashmap.HashMapStateBackend@10f7d244
2026-10-01 02:41:11,029 INFO  org.apache.flink.streaming.runtime.tasks.StreamTask          [] - Using job/cluster config to configure application-defined checkpoint storage: JobManagerCheckpointStorage (checkpoints to JobManager) ( maxStateSize: 134217728)
2026-10-01 02:41:11,029 INFO  org.apache.flink.runtime.taskmanager.Task                    [] - RobustScaler (6/8)#0 (dbe73078dff54e00fa258ae255b2ed5e) switched from DEPLOYING to INITIALIZING.
2026-10-01 02:41:11,033 INFO  org.apache.flink.streaming.runtime.tasks.StreamTask          [] - No state backend has been configured, using default (HashMap) org.apache.flink.runtime.state.hashmap.HashMapStateBackend@293ceef1
2026-10-01 02:41:11,033 INFO  org.apache.flink.streaming.runtime.tasks.StreamTask          [] - Using job/cluster config to configure application-defined checkpoint storage: JobManagerCheckpointStorage (checkpoints to JobManager) ( maxStateSize: 134217728)
2026-10-01 02:41:11,033 INFO  org.apache.flink.runtime.taskmanager.Task                    [] - RobustScaler (3/8)#0 (775a1bcd4b40f2338a162aa358bb2543) switched from DEPLOYING to INITIALIZING.
2026-10-01 02:41:11,047 INFO  org.apache.flink.streaming.runtime.tasks.StreamTask          [] - No state backend has been configured, using default (HashMap) org.apache.flink.runtime.state.hashmap.HashMapStateBackend@5cef809d
2026-10-01 02:41:11,048 INFO  org.apache.flink.streaming.runtime.tasks.StreamTask          [] - No state backend has been configured, using default (HashMap) org.apache.flink.runtime.state.hashmap.HashMapStateBackend@2b5b3408
2026-10-01 02:41:11,048 INFO  org.apache.flink.streaming.runtime.tasks.StreamTask          [] - Using job/cluster config to configure application-defined checkpoint storage: JobManagerCheckpointStorage (checkpoints to JobManager) ( maxStateSize: 134217728)
2026-10-01 02:41:11,048 INFO  org.apache.flink.runtime.taskmanager.Task                    [] - RawCache -> (Sink: Kafka Sink [synergia-m1-out], M2Gate) (7/8)#0 (0f5f28642bec52b2c8a4b83b13c0a081) switched from DEPLOYING to INITIALIZING.
2026-10-01 02:41:11,049 INFO  org.apache.flink.streaming.runtime.tasks.StreamTask          [] - Using job/cluster config to configure application-defined checkpoint storage: JobManagerCheckpointStorage (checkpoints to JobManager) ( maxStateSize: 134217728)
2026-10-01 02:41:11,050 INFO  org.apache.flink.runtime.taskmanager.Task                    [] - RawCache -> (Sink: Kafka Sink [synergia-m1-out], M2Gate) (2/8)#0 (dd6726b77a0f0dd4a8c392f0e8bf2471) switched from DEPLOYING to INITIALIZING.
2026-10-01 02:41:11,056 INFO  org.apache.flink.streaming.runtime.tasks.StreamTask          [] - No state backend has been configured, using default (HashMap) org.apache.flink.runtime.state.hashmap.HashMapStateBackend@e738dc7
2026-10-01 02:41:11,057 INFO  org.apache.flink.streaming.runtime.tasks.StreamTask          [] - Using job/cluster config to configure application-defined checkpoint storage: JobManagerCheckpointStorage (checkpoints to JobManager) ( maxStateSize: 134217728)
2026-10-01 02:41:11,057 INFO  org.apache.flink.runtime.taskmanager.Task                    [] - RoundAssembler -> AlignEventTime (6/8)#0 (9917c8c583ee63ecaeea47232294107d) switched from DEPLOYING to INITIALIZING.
2026-10-01 02:41:11,061 INFO  org.apache.flink.streaming.runtime.tasks.StreamTask          [] - No state backend has been configured, using default (HashMap) org.apache.flink.runtime.state.hashmap.HashMapStateBackend@7fc53e6d
2026-10-01 02:41:11,061 INFO  org.apache.flink.streaming.runtime.tasks.StreamTask          [] - No state backend has been configured, using default (HashMap) org.apache.flink.runtime.state.hashmap.HashMapStateBackend@14471ead
2026-10-01 02:41:11,061 INFO  org.apache.flink.streaming.runtime.tasks.StreamTask          [] - Using job/cluster config to configure application-defined checkpoint storage: JobManagerCheckpointStorage (checkpoints to JobManager) ( maxStateSize: 134217728)
2026-10-01 02:41:11,061 INFO  org.apache.flink.runtime.taskmanager.Task                    [] - Source: Custom Source -> Kafka Source [synergia-source] -> RawLineParser (3/8)#0 (67128aa4be111a0e7bd31edf9fe47a18) switched from DEPLOYING to INITIALIZING.
2026-10-01 02:41:11,061 INFO  org.apache.flink.streaming.runtime.tasks.StreamTask          [] - Using job/cluster config to configure application-defined checkpoint storage: JobManagerCheckpointStorage (checkpoints to JobManager) ( maxStateSize: 134217728)
2026-10-01 02:41:11,063 INFO  org.apache.flink.runtime.taskmanager.Task                    [] - Source: Custom Source -> Kafka Source [synergia-source] -> RawLineParser (2/8)#0 (c72b7d942c9797bc330e9fe194c79fc5) switched from DEPLOYING to INITIALIZING.
2026-10-01 02:41:11,081 INFO  org.apache.flink.streaming.runtime.tasks.StreamTask          [] - No state backend has been configured, using default (HashMap) org.apache.flink.runtime.state.hashmap.HashMapStateBackend@6c6cbc4e
2026-10-01 02:41:11,081 INFO  org.apache.flink.streaming.runtime.tasks.StreamTask          [] - Using job/cluster config to configure application-defined checkpoint storage: JobManagerCheckpointStorage (checkpoints to JobManager) ( maxStateSize: 134217728)
2026-10-01 02:41:11,082 INFO  org.apache.flink.runtime.taskmanager.Task                    [] - RawCache -> (Sink: Kafka Sink [synergia-m1-out], M2Gate) (3/8)#0 (9fef2505298f01b75b56a344bcfe7c2e) switched from DEPLOYING to INITIALIZING.
2026-10-01 02:41:11,088 INFO  org.apache.flink.streaming.runtime.tasks.StreamTask          [] - No state backend has been configured, using default (HashMap) org.apache.flink.runtime.state.hashmap.HashMapStateBackend@55fc674c
2026-10-01 02:41:11,088 INFO  org.apache.flink.streaming.runtime.tasks.StreamTask          [] - Using job/cluster config to configure application-defined checkpoint storage: JobManagerCheckpointStorage (checkpoints to JobManager) ( maxStateSize: 134217728)
2026-10-01 02:41:11,089 INFO  org.apache.flink.runtime.taskmanager.Task                    [] - RoundAssembler -> AlignEventTime (2/8)#0 (d50240a6ca94d749aa6b1bb9fe753c7e) switched from DEPLOYING to INITIALIZING.
2026-10-01 02:41:11,097 INFO  org.apache.flink.streaming.runtime.tasks.StreamTask          [] - No state backend has been configured, using default (HashMap) org.apache.flink.runtime.state.hashmap.HashMapStateBackend@7bd7dd80
2026-10-01 02:41:11,097 INFO  org.apache.flink.streaming.runtime.tasks.StreamTask          [] - Using job/cluster config to configure application-defined checkpoint storage: JobManagerCheckpointStorage (checkpoints to JobManager) ( maxStateSize: 134217728)
2026-10-01 02:41:11,097 INFO  org.apache.flink.runtime.taskmanager.Task                    [] - RoundAssembler -> AlignEventTime (3/8)#0 (20fbdeba36ed87a839b6e7a3ed8d3853) switched from DEPLOYING to INITIALIZING.
2026-10-01 02:41:11,109 INFO  org.apache.flink.streaming.runtime.tasks.StreamTask          [] - No state backend has been configured, using default (HashMap) org.apache.flink.runtime.state.hashmap.HashMapStateBackend@77b6214f
2026-10-01 02:41:11,109 INFO  org.apache.flink.streaming.runtime.tasks.StreamTask          [] - Using job/cluster config to configure application-defined checkpoint storage: JobManagerCheckpointStorage (checkpoints to JobManager) ( maxStateSize: 134217728)
2026-10-01 02:41:11,110 INFO  org.apache.flink.runtime.taskmanager.Task                    [] - RobustScaler (7/8)#0 (41a56faa0c5ef26da4a6304152d2ad1c) switched from DEPLOYING to INITIALIZING.
2026-10-01 02:41:11,117 INFO  org.apache.flink.streaming.runtime.tasks.StreamTask          [] - No state backend has been configured, using default (HashMap) org.apache.flink.runtime.state.hashmap.HashMapStateBackend@2654b5ac
2026-10-01 02:41:11,117 INFO  org.apache.flink.streaming.runtime.tasks.StreamTask          [] - Using job/cluster config to configure application-defined checkpoint storage: JobManagerCheckpointStorage (checkpoints to JobManager) ( maxStateSize: 134217728)
2026-10-01 02:41:11,118 INFO  org.apache.flink.runtime.taskmanager.Task                    [] - RoundAssembler -> AlignEventTime (7/8)#0 (90901828a1d4a8a7c7cdcb1da75fdad8) switched from DEPLOYING to INITIALIZING.
2026-10-01 02:41:11,122 INFO  org.apache.flink.streaming.runtime.tasks.StreamTask          [] - No state backend has been configured, using default (HashMap) org.apache.flink.runtime.state.hashmap.HashMapStateBackend@1f3e059c
2026-10-01 02:41:11,123 INFO  org.apache.flink.streaming.runtime.tasks.StreamTask          [] - Using job/cluster config to configure application-defined checkpoint storage: JobManagerCheckpointStorage (checkpoints to JobManager) ( maxStateSize: 134217728)
2026-10-01 02:41:11,123 INFO  org.apache.flink.runtime.taskmanager.Task                    [] - RobustScaler (2/8)#0 (4547a37b3f5316ce4df2a5c6c9c18bca) switched from DEPLOYING to INITIALIZING.
2026-10-01 02:41:11,127 INFO  org.apache.flink.streaming.runtime.tasks.StreamTask          [] - No state backend has been configured, using default (HashMap) org.apache.flink.runtime.state.hashmap.HashMapStateBackend@296c48b3
2026-10-01 02:41:11,127 INFO  org.apache.flink.streaming.runtime.tasks.StreamTask          [] - Using job/cluster config to configure application-defined checkpoint storage: JobManagerCheckpointStorage (checkpoints to JobManager) ( maxStateSize: 134217728)
2026-10-01 02:41:11,127 INFO  org.apache.flink.runtime.taskmanager.Task                    [] - Pmcod -> (Sink: Kafka Sink [synergia-scores], Sink: Kafka Sink [synergia-monitoring / M2], M2LateDrops) (3/8)#0 (b335918c6ab8023d50a7e0efb44ebc5e) switched from DEPLOYING to INITIALIZING.
2026-10-01 02:41:11,131 INFO  org.apache.flink.streaming.runtime.tasks.StreamTask          [] - No state backend has been configured, using default (HashMap) org.apache.flink.runtime.state.hashmap.HashMapStateBackend@8dec6
2026-10-01 02:41:11,131 INFO  org.apache.flink.streaming.runtime.tasks.StreamTask          [] - Using job/cluster config to configure application-defined checkpoint storage: JobManagerCheckpointStorage (checkpoints to JobManager) ( maxStateSize: 134217728)
2026-10-01 02:41:11,136 INFO  org.apache.flink.runtime.taskmanager.Task                    [] - RawCache -> (Sink: Kafka Sink [synergia-m1-out], M2Gate) (6/8)#0 (8ed7e468f91810dae91173b1aeab607d) switched from DEPLOYING to INITIALIZING.
2026-10-01 02:41:11,163 INFO  org.apache.flink.streaming.runtime.tasks.StreamTask          [] - No state backend has been configured, using default (HashMap) org.apache.flink.runtime.state.hashmap.HashMapStateBackend@3cd9eeed
2026-10-01 02:41:11,163 INFO  org.apache.flink.streaming.runtime.tasks.StreamTask          [] - Using job/cluster config to configure application-defined checkpoint storage: JobManagerCheckpointStorage (checkpoints to JobManager) ( maxStateSize: 134217728)
2026-10-01 02:41:11,164 INFO  org.apache.flink.runtime.taskmanager.Task                    [] - Pmcod -> (Sink: Kafka Sink [synergia-scores], Sink: Kafka Sink [synergia-monitoring / M2], M2LateDrops) (7/8)#0 (a42bf38005a8277cfd1b9c719d9f964e) switched from DEPLOYING to INITIALIZING.
2026-10-01 02:41:11,179 INFO  org.apache.flink.streaming.runtime.tasks.StreamTask          [] - No state backend has been configured, using default (HashMap) org.apache.flink.runtime.state.hashmap.HashMapStateBackend@4c6f63ee
2026-10-01 02:41:11,180 INFO  org.apache.flink.streaming.runtime.tasks.StreamTask          [] - Using job/cluster config to configure application-defined checkpoint storage: JobManagerCheckpointStorage (checkpoints to JobManager) ( maxStateSize: 134217728)
2026-10-01 02:41:11,180 INFO  org.apache.flink.runtime.taskmanager.Task                    [] - Pmcod -> (Sink: Kafka Sink [synergia-scores], Sink: Kafka Sink [synergia-monitoring / M2], M2LateDrops) (2/8)#0 (2a21bf03ff9fd7e2de90cc2131bba13b) switched from DEPLOYING to INITIALIZING.
2026-10-01 02:41:11,183 INFO  org.apache.flink.streaming.runtime.tasks.StreamTask          [] - No state backend has been configured, using default (HashMap) org.apache.flink.runtime.state.hashmap.HashMapStateBackend@3fc352fb
2026-10-01 02:41:11,185 INFO  org.apache.flink.streaming.runtime.tasks.StreamTask          [] - Using job/cluster config to configure application-defined checkpoint storage: JobManagerCheckpointStorage (checkpoints to JobManager) ( maxStateSize: 134217728)
2026-10-01 02:41:11,196 INFO  org.apache.flink.runtime.taskmanager.Task                    [] - Pmcod -> (Sink: Kafka Sink [synergia-scores], Sink: Kafka Sink [synergia-monitoring / M2], M2LateDrops) (6/8)#0 (ccf1533db1cbb9ff7b0cf47b550746a4) switched from DEPLOYING to INITIALIZING.
2026-10-01 02:41:11,352 INFO  org.apache.flink.runtime.state.heap.HeapKeyedStateBackendBuilder [] - Finished to build heap keyed state-backend.
2026-10-01 02:41:11,354 INFO  org.apache.flink.runtime.state.heap.HeapKeyedStateBackendBuilder [] - Finished to build heap keyed state-backend.
2026-10-01 02:41:11,356 INFO  org.apache.flink.streaming.api.functions.sink.TwoPhaseCommitSinkFunction [] - FlinkKafkaProducer 6/8 - no state to restore
2026-10-01 02:41:11,356 INFO  org.apache.flink.streaming.api.functions.sink.TwoPhaseCommitSinkFunction [] - FlinkKafkaProducer 6/8 - no state to restore
2026-10-01 02:41:11,362 INFO  org.apache.flink.runtime.state.heap.HeapKeyedStateBackend    [] - Initializing heap keyed state backend with stream factory.
2026-10-01 02:41:11,362 INFO  org.apache.flink.streaming.api.functions.sink.TwoPhaseCommitSinkFunction [] - FlinkKafkaProducer 3/8 - no state to restore
2026-10-01 02:41:11,363 INFO  org.apache.flink.streaming.api.functions.sink.TwoPhaseCommitSinkFunction [] - FlinkKafkaProducer 7/8 - no state to restore
2026-10-01 02:41:11,363 INFO  org.apache.flink.runtime.state.heap.HeapKeyedStateBackend    [] - Initializing heap keyed state backend with stream factory.
2026-10-01 02:41:11,369 INFO  org.apache.flink.streaming.api.functions.sink.TwoPhaseCommitSinkFunction [] - FlinkKafkaProducer 2/8 - no state to restore
2026-10-01 02:41:11,370 INFO  org.apache.flink.streaming.api.functions.sink.TwoPhaseCommitSinkFunction [] - FlinkKafkaProducer 2/8 - no state to restore
2026-10-01 02:41:11,377 INFO  org.apache.flink.streaming.api.functions.sink.TwoPhaseCommitSinkFunction [] - FlinkKafkaProducer 7/8 - no state to restore
2026-10-01 02:41:11,378 INFO  org.apache.flink.streaming.api.functions.sink.TwoPhaseCommitSinkFunction [] - FlinkKafkaProducer 3/8 - no state to restore
2026-10-01 02:41:11,378 INFO  org.apache.flink.runtime.state.heap.HeapKeyedStateBackendBuilder [] - Finished to build heap keyed state-backend.
2026-10-01 02:41:11,389 INFO  org.apache.flink.runtime.state.heap.HeapKeyedStateBackend    [] - Initializing heap keyed state backend with stream factory.
2026-10-01 02:41:11,394 INFO  org.apache.flink.streaming.api.functions.sink.TwoPhaseCommitSinkFunction [] - FlinkKafkaProducer 6/8 - no state to restore
2026-10-01 02:41:11,384 INFO  org.apache.flink.streaming.api.functions.sink.TwoPhaseCommitSinkFunction [] - FlinkKafkaProducer 3/8 - no state to restore
2026-10-01 02:41:11,381 INFO  org.apache.flink.runtime.state.heap.HeapKeyedStateBackendBuilder [] - Finished to build heap keyed state-backend.
2026-10-01 02:41:11,383 INFO  org.apache.flink.streaming.api.functions.sink.TwoPhaseCommitSinkFunction [] - FlinkKafkaProducer 2/8 - no state to restore
2026-10-01 02:41:11,383 INFO  org.apache.flink.runtime.state.heap.HeapKeyedStateBackendBuilder [] - Finished to build heap keyed state-backend.
2026-10-01 02:41:11,383 INFO  org.apache.flink.streaming.api.functions.sink.TwoPhaseCommitSinkFunction [] - FlinkKafkaProducer 6/8 - no state to restore
2026-10-01 02:41:11,382 INFO  org.apache.flink.streaming.api.functions.sink.TwoPhaseCommitSinkFunction [] - FlinkKafkaProducer 2/8 - no state to restore
2026-10-01 02:41:11,381 INFO  org.apache.flink.runtime.state.heap.HeapKeyedStateBackendBuilder [] - Finished to build heap keyed state-backend.
2026-10-01 02:41:11,395 INFO  org.apache.flink.runtime.state.heap.HeapKeyedStateBackend    [] - Initializing heap keyed state backend with stream factory.
2026-10-01 02:41:11,396 INFO  org.apache.flink.runtime.state.heap.HeapKeyedStateBackend    [] - Initializing heap keyed state backend with stream factory.
2026-10-01 02:41:11,396 INFO  org.apache.flink.runtime.state.heap.HeapKeyedStateBackendBuilder [] - Finished to build heap keyed state-backend.
2026-10-01 02:41:11,396 INFO  org.apache.flink.runtime.state.heap.HeapKeyedStateBackend    [] - Initializing heap keyed state backend with stream factory.
2026-10-01 02:41:11,396 INFO  org.apache.flink.runtime.state.heap.HeapKeyedStateBackend    [] - Initializing heap keyed state backend with stream factory.
2026-10-01 02:41:11,398 INFO  org.apache.flink.streaming.api.functions.sink.TwoPhaseCommitSinkFunction [] - FlinkKafkaProducer 7/8 - no state to restore
2026-10-01 02:41:11,399 INFO  org.apache.flink.streaming.api.functions.sink.TwoPhaseCommitSinkFunction [] - FlinkKafkaProducer 7/8 - no state to restore
2026-10-01 02:41:11,403 INFO  org.apache.flink.streaming.api.functions.sink.TwoPhaseCommitSinkFunction [] - FlinkKafkaProducer 3/8 - no state to restore
2026-10-01 02:41:11,413 INFO  org.apache.flink.streaming.connectors.kafka.FlinkKafkaConsumerBase [] - Consumer subtask 5 has no restore state.
2026-10-01 02:41:11,416 INFO  org.apache.flink.streaming.connectors.kafka.FlinkKafkaConsumerBase [] - Consumer subtask 2 has no restore state.
2026-10-01 02:41:11,419 INFO  org.apache.kafka.clients.producer.ProducerConfig             [] - ProducerConfig values: 
	acks = 1
	batch.size = 16384
	bootstrap.servers = [172.16.0.162:9092, 172.16.0.163:9092, 172.16.0.164:9092]
	buffer.memory = 33554432
	client.dns.lookup = use_all_dns_ips
	client.id = producer-2
	compression.type = none
	connections.max.idle.ms = 540000
	delivery.timeout.ms = 120000
	enable.idempotence = false
	interceptor.classes = []
	internal.auto.downgrade.txn.commit = false
	key.serializer = class org.apache.kafka.common.serialization.ByteArraySerializer
	linger.ms = 0
	max.block.ms = 60000
	max.in.flight.requests.per.connection = 5
	max.request.size = 1048576
	metadata.max.age.ms = 300000
	metadata.max.idle.ms = 300000
	metric.reporters = []
	metrics.num.samples = 2
	metrics.recording.level = INFO
	metrics.sample.window.ms = 30000
	partitioner.class = class org.apache.kafka.clients.producer.internals.DefaultPartitioner
	receive.buffer.bytes = 32768
	reconnect.backoff.max.ms = 1000
	reconnect.backoff.ms = 50
	request.timeout.ms = 30000
	retries = 2147483647
	retry.backoff.ms = 100
	sasl.client.callback.handler.class = null
	sasl.jaas.config = null
	sasl.kerberos.kinit.cmd = /usr/bin/kinit
	sasl.kerberos.min.time.before.relogin = 60000
	sasl.kerberos.service.name = null
	sasl.kerberos.ticket.renew.jitter = 0.05
	sasl.kerberos.ticket.renew.window.factor = 0.8
	sasl.login.callback.handler.class = null
	sasl.login.class = null
	sasl.login.refresh.buffer.seconds = 300
	sasl.login.refresh.min.period.seconds = 60
	sasl.login.refresh.window.factor = 0.8
	sasl.login.refresh.window.jitter = 0.05
	sasl.mechanism = GSSAPI
	security.protocol = PLAINTEXT
	security.providers = null
	send.buffer.bytes = 131072
	ssl.cipher.suites = null
	ssl.enabled.protocols = [TLSv1.2, TLSv1.3]
	ssl.endpoint.identification.algorithm = https
	ssl.engine.factory.class = null
	ssl.key.password = null
	ssl.keymanager.algorithm = SunX509
	ssl.keystore.location = null
	ssl.keystore.password = null
	ssl.keystore.type = JKS
	ssl.protocol = TLSv1.3
	ssl.provider = null
	ssl.secure.random.implementation = null
	ssl.trustmanager.algorithm = PKIX
	ssl.truststore.location = null
	ssl.truststore.password = null
	ssl.truststore.type = JKS
	transaction.timeout.ms = 3600000
	transactional.id = null
	value.serializer = class org.apache.kafka.common.serialization.ByteArraySerializer

2026-10-01 02:41:11,419 INFO  org.apache.kafka.clients.producer.ProducerConfig             [] - ProducerConfig values: 
	acks = 1
	batch.size = 16384
	bootstrap.servers = [172.16.0.162:9092, 172.16.0.163:9092, 172.16.0.164:9092]
	buffer.memory = 33554432
	client.dns.lookup = use_all_dns_ips
	client.id = producer-1
	compression.type = none
	connections.max.idle.ms = 540000
	delivery.timeout.ms = 120000
	enable.idempotence = false
	interceptor.classes = []
	internal.auto.downgrade.txn.commit = false
	key.serializer = class org.apache.kafka.common.serialization.ByteArraySerializer
	linger.ms = 0
	max.block.ms = 60000
	max.in.flight.requests.per.connection = 5
	max.request.size = 1048576
	metadata.max.age.ms = 300000
	metadata.max.idle.ms = 300000
	metric.reporters = []
	metrics.num.samples = 2
	metrics.recording.level = INFO
	metrics.sample.window.ms = 30000
	partitioner.class = class org.apache.kafka.clients.producer.internals.DefaultPartitioner
	receive.buffer.bytes = 32768
	reconnect.backoff.max.ms = 1000
	reconnect.backoff.ms = 50
	request.timeout.ms = 30000
	retries = 2147483647
	retry.backoff.ms = 100
	sasl.client.callback.handler.class = null
	sasl.jaas.config = null
	sasl.kerberos.kinit.cmd = /usr/bin/kinit
	sasl.kerberos.min.time.before.relogin = 60000
	sasl.kerberos.service.name = null
	sasl.kerberos.ticket.renew.jitter = 0.05
	sasl.kerberos.ticket.renew.window.factor = 0.8
	sasl.login.callback.handler.class = null
	sasl.login.class = null
	sasl.login.refresh.buffer.seconds = 300
	sasl.login.refresh.min.period.seconds = 60
	sasl.login.refresh.window.factor = 0.8
	sasl.login.refresh.window.jitter = 0.05
	sasl.mechanism = GSSAPI
	security.protocol = PLAINTEXT
	security.providers = null
	send.buffer.bytes = 131072
	ssl.cipher.suites = null
	ssl.enabled.protocols = [TLSv1.2, TLSv1.3]
	ssl.endpoint.identification.algorithm = https
	ssl.engine.factory.class = null
	ssl.key.password = null
	ssl.keymanager.algorithm = SunX509
	ssl.keystore.location = null
	ssl.keystore.password = null
	ssl.keystore.type = JKS
	ssl.protocol = TLSv1.3
	ssl.provider = null
	ssl.secure.random.implementation = null
	ssl.trustmanager.algorithm = PKIX
	ssl.truststore.location = null
	ssl.truststore.password = null
	ssl.truststore.type = JKS
	transaction.timeout.ms = 3600000
	transactional.id = null
	value.serializer = class org.apache.kafka.common.serialization.ByteArraySerializer

2026-10-01 02:41:11,421 INFO  org.apache.kafka.clients.producer.ProducerConfig             [] - ProducerConfig values: 
	acks = 1
	batch.size = 16384
	bootstrap.servers = [172.16.0.162:9092, 172.16.0.163:9092, 172.16.0.164:9092]
	buffer.memory = 33554432
	client.dns.lookup = use_all_dns_ips
	client.id = producer-4
	compression.type = none
	connections.max.idle.ms = 540000
	delivery.timeout.ms = 120000
	enable.idempotence = false
	interceptor.classes = []
	internal.auto.downgrade.txn.commit = false
	key.serializer = class org.apache.kafka.common.serialization.ByteArraySerializer
	linger.ms = 0
	max.block.ms = 60000
	max.in.flight.requests.per.connection = 5
	max.request.size = 1048576
	metadata.max.age.ms = 300000
	metadata.max.idle.ms = 300000
	metric.reporters = []
	metrics.num.samples = 2
	metrics.recording.level = INFO
	metrics.sample.window.ms = 30000
	partitioner.class = class org.apache.kafka.clients.producer.internals.DefaultPartitioner
	receive.buffer.bytes = 32768
	reconnect.backoff.max.ms = 1000
	reconnect.backoff.ms = 50
	request.timeout.ms = 30000
	retries = 2147483647
	retry.backoff.ms = 100
	sasl.client.callback.handler.class = null
	sasl.jaas.config = null
	sasl.kerberos.kinit.cmd = /usr/bin/kinit
	sasl.kerberos.min.time.before.relogin = 60000
	sasl.kerberos.service.name = null
	sasl.kerberos.ticket.renew.jitter = 0.05
	sasl.kerberos.ticket.renew.window.factor = 0.8
	sasl.login.callback.handler.class = null
	sasl.login.class = null
	sasl.login.refresh.buffer.seconds = 300
	sasl.login.refresh.min.period.seconds = 60
	sasl.login.refresh.window.factor = 0.8
	sasl.login.refresh.window.jitter = 0.05
	sasl.mechanism = GSSAPI
	security.protocol = PLAINTEXT
	security.providers = null
	send.buffer.bytes = 131072
	ssl.cipher.suites = null
	ssl.enabled.protocols = [TLSv1.2, TLSv1.3]
	ssl.endpoint.identification.algorithm = https
	ssl.engine.factory.class = null
	ssl.key.password = null
	ssl.keymanager.algorithm = SunX509
	ssl.keystore.location = null
	ssl.keystore.password = null
	ssl.keystore.type = JKS
	ssl.protocol = TLSv1.3
	ssl.provider = null
	ssl.secure.random.implementation = null
	ssl.trustmanager.algorithm = PKIX
	ssl.truststore.location = null
	ssl.truststore.password = null
	ssl.truststore.type = JKS
	transaction.timeout.ms = 3600000
	transactional.id = null
	value.serializer = class org.apache.kafka.common.serialization.ByteArraySerializer

2026-10-01 02:41:11,417 INFO  org.apache.flink.streaming.connectors.kafka.FlinkKafkaConsumerBase [] - Consumer subtask 1 has no restore state.
2026-10-01 02:41:11,420 INFO  org.apache.kafka.clients.producer.ProducerConfig             [] - ProducerConfig values: 
	acks = 1
	batch.size = 16384
	bootstrap.servers = [172.16.0.162:9092, 172.16.0.163:9092, 172.16.0.164:9092]
	buffer.memory = 33554432
	client.dns.lookup = use_all_dns_ips
	client.id = producer-3
	compression.type = none
	connections.max.idle.ms = 540000
	delivery.timeout.ms = 120000
	enable.idempotence = false
	interceptor.classes = []
	internal.auto.downgrade.txn.commit = false
	key.serializer = class org.apache.kafka.common.serialization.ByteArraySerializer
	linger.ms = 0
	max.block.ms = 60000
	max.in.flight.requests.per.connection = 5
	max.request.size = 1048576
	metadata.max.age.ms = 300000
	metadata.max.idle.ms = 300000
	metric.reporters = []
	metrics.num.samples = 2
	metrics.recording.level = INFO
	metrics.sample.window.ms = 30000
	partitioner.class = class org.apache.kafka.clients.producer.internals.DefaultPartitioner
	receive.buffer.bytes = 32768
	reconnect.backoff.max.ms = 1000
	reconnect.backoff.ms = 50
	request.timeout.ms = 30000
	retries = 2147483647
	retry.backoff.ms = 100
	sasl.client.callback.handler.class = null
	sasl.jaas.config = null
	sasl.kerberos.kinit.cmd = /usr/bin/kinit
	sasl.kerberos.min.time.before.relogin = 60000
	sasl.kerberos.service.name = null
	sasl.kerberos.ticket.renew.jitter = 0.05
	sasl.kerberos.ticket.renew.window.factor = 0.8
	sasl.login.callback.handler.class = null
	sasl.login.class = null
	sasl.login.refresh.buffer.seconds = 300
	sasl.login.refresh.min.period.seconds = 60
	sasl.login.refresh.window.factor = 0.8
	sasl.login.refresh.window.jitter = 0.05
	sasl.mechanism = GSSAPI
	security.protocol = PLAINTEXT
	security.providers = null
	send.buffer.bytes = 131072
	ssl.cipher.suites = null
	ssl.enabled.protocols = [TLSv1.2, TLSv1.3]
	ssl.endpoint.identification.algorithm = https
	ssl.engine.factory.class = null
	ssl.key.password = null
	ssl.keymanager.algorithm = SunX509
	ssl.keystore.location = null
	ssl.keystore.password = null
	ssl.keystore.type = JKS
	ssl.protocol = TLSv1.3
	ssl.provider = null
	ssl.secure.random.implementation = null
	ssl.trustmanager.algorithm = PKIX
	ssl.truststore.location = null
	ssl.truststore.password = null
	ssl.truststore.type = JKS
	transaction.timeout.ms = 3600000
	transactional.id = null
	value.serializer = class org.apache.kafka.common.serialization.ByteArraySerializer

2026-10-01 02:41:11,431 INFO  org.apache.flink.runtime.state.heap.HeapKeyedStateBackendBuilder [] - Finished to build heap keyed state-backend.
2026-10-01 02:41:11,431 INFO  org.apache.flink.runtime.state.heap.HeapKeyedStateBackend    [] - Initializing heap keyed state backend with stream factory.
2026-10-01 02:41:11,440 INFO  org.apache.flink.runtime.taskmanager.Task                    [] - RobustScaler (7/8)#0 (41a56faa0c5ef26da4a6304152d2ad1c) switched from INITIALIZING to RUNNING.
2026-10-01 02:41:11,441 INFO  org.apache.flink.runtime.taskmanager.Task                    [] - RoundAssembler -> AlignEventTime (6/8)#0 (9917c8c583ee63ecaeea47232294107d) switched from INITIALIZING to RUNNING.
2026-10-01 02:41:11,441 INFO  org.apache.flink.runtime.taskmanager.Task                    [] - RobustScaler (2/8)#0 (4547a37b3f5316ce4df2a5c6c9c18bca) switched from INITIALIZING to RUNNING.
2026-10-01 02:41:11,441 INFO  org.apache.flink.runtime.taskmanager.Task                    [] - RoundAssembler -> AlignEventTime (7/8)#0 (90901828a1d4a8a7c7cdcb1da75fdad8) switched from INITIALIZING to RUNNING.
2026-10-01 02:41:11,442 INFO  org.apache.flink.runtime.taskmanager.Task                    [] - RoundAssembler -> AlignEventTime (3/8)#0 (20fbdeba36ed87a839b6e7a3ed8d3853) switched from INITIALIZING to RUNNING.
2026-10-01 02:41:11,442 INFO  org.apache.flink.runtime.taskmanager.Task                    [] - RobustScaler (6/8)#0 (dbe73078dff54e00fa258ae255b2ed5e) switched from INITIALIZING to RUNNING.
2026-10-01 02:41:11,440 INFO  org.apache.flink.runtime.taskmanager.Task                    [] - RobustScaler (3/8)#0 (775a1bcd4b40f2338a162aa358bb2543) switched from INITIALIZING to RUNNING.
2026-10-01 02:41:11,447 INFO  org.apache.kafka.clients.producer.ProducerConfig             [] - ProducerConfig values: 
	acks = 1
	batch.size = 16384
	bootstrap.servers = [172.16.0.162:9092, 172.16.0.163:9092, 172.16.0.164:9092]
	buffer.memory = 33554432
	client.dns.lookup = use_all_dns_ips
	client.id = producer-6
	compression.type = none
	connections.max.idle.ms = 540000
	delivery.timeout.ms = 120000
	enable.idempotence = false
	interceptor.classes = []
	internal.auto.downgrade.txn.commit = false
	key.serializer = class org.apache.kafka.common.serialization.ByteArraySerializer
	linger.ms = 0
	max.block.ms = 60000
	max.in.flight.requests.per.connection = 5
	max.request.size = 1048576
	metadata.max.age.ms = 300000
	metadata.max.idle.ms = 300000
	metric.reporters = []
	metrics.num.samples = 2
	metrics.recording.level = INFO
	metrics.sample.window.ms = 30000
	partitioner.class = class org.apache.kafka.clients.producer.internals.DefaultPartitioner
	receive.buffer.bytes = 32768
	reconnect.backoff.max.ms = 1000
	reconnect.backoff.ms = 50
	request.timeout.ms = 30000
	retries = 2147483647
	retry.backoff.ms = 100
	sasl.client.callback.handler.class = null
	sasl.jaas.config = null
	sasl.kerberos.kinit.cmd = /usr/bin/kinit
	sasl.kerberos.min.time.before.relogin = 60000
	sasl.kerberos.service.name = null
	sasl.kerberos.ticket.renew.jitter = 0.05
	sasl.kerberos.ticket.renew.window.factor = 0.8
	sasl.login.callback.handler.class = null
	sasl.login.class = null
	sasl.login.refresh.buffer.seconds = 300
	sasl.login.refresh.min.period.seconds = 60
	sasl.login.refresh.window.factor = 0.8
	sasl.login.refresh.window.jitter = 0.05
	sasl.mechanism = GSSAPI
	security.protocol = PLAINTEXT
	security.providers = null
	send.buffer.bytes = 131072
	ssl.cipher.suites = null
	ssl.enabled.protocols = [TLSv1.2, TLSv1.3]
	ssl.endpoint.identification.algorithm = https
	ssl.engine.factory.class = null
	ssl.key.password = null
	ssl.keymanager.algorithm = SunX509
	ssl.keystore.location = null
	ssl.keystore.password = null
	ssl.keystore.type = JKS
	ssl.protocol = TLSv1.3
	ssl.provider = null
	ssl.secure.random.implementation = null
	ssl.trustmanager.algorithm = PKIX
	ssl.truststore.location = null
	ssl.truststore.password = null
	ssl.truststore.type = JKS
	transaction.timeout.ms = 3600000
	transactional.id = null
	value.serializer = class org.apache.kafka.common.serialization.ByteArraySerializer

2026-10-01 02:41:11,451 INFO  org.apache.kafka.clients.producer.ProducerConfig             [] - ProducerConfig values: 
	acks = 1
	batch.size = 16384
	bootstrap.servers = [172.16.0.162:9092, 172.16.0.163:9092, 172.16.0.164:9092]
	buffer.memory = 33554432
	client.dns.lookup = use_all_dns_ips
	client.id = producer-5
	compression.type = none
	connections.max.idle.ms = 540000
	delivery.timeout.ms = 120000
	enable.idempotence = false
	interceptor.classes = []
	internal.auto.downgrade.txn.commit = false
	key.serializer = class org.apache.kafka.common.serialization.ByteArraySerializer
	linger.ms = 0
	max.block.ms = 60000
	max.in.flight.requests.per.connection = 5
	max.request.size = 1048576
	metadata.max.age.ms = 300000
	metadata.max.idle.ms = 300000
	metric.reporters = []
	metrics.num.samples = 2
	metrics.recording.level = INFO
	metrics.sample.window.ms = 30000
	partitioner.class = class org.apache.kafka.clients.producer.internals.DefaultPartitioner
	receive.buffer.bytes = 32768
	reconnect.backoff.max.ms = 1000
	reconnect.backoff.ms = 50
	request.timeout.ms = 30000
	retries = 2147483647
	retry.backoff.ms = 100
	sasl.client.callback.handler.class = null
	sasl.jaas.config = null
	sasl.kerberos.kinit.cmd = /usr/bin/kinit
	sasl.kerberos.min.time.before.relogin = 60000
	sasl.kerberos.service.name = null
	sasl.kerberos.ticket.renew.jitter = 0.05
	sasl.kerberos.ticket.renew.window.factor = 0.8
	sasl.login.callback.handler.class = null
	sasl.login.class = null
	sasl.login.refresh.buffer.seconds = 300
	sasl.login.refresh.min.period.seconds = 60
	sasl.login.refresh.window.factor = 0.8
	sasl.login.refresh.window.jitter = 0.05
	sasl.mechanism = GSSAPI
	security.protocol = PLAINTEXT
	security.providers = null
	send.buffer.bytes = 131072
	ssl.cipher.suites = null
	ssl.enabled.protocols = [TLSv1.2, TLSv1.3]
	ssl.endpoint.identification.algorithm = https
	ssl.engine.factory.class = null
	ssl.key.password = null
	ssl.keymanager.algorithm = SunX509
	ssl.keystore.location = null
	ssl.keystore.password = null
	ssl.keystore.type = JKS
	ssl.protocol = TLSv1.3
	ssl.provider = null
	ssl.secure.random.implementation = null
	ssl.trustmanager.algorithm = PKIX
	ssl.truststore.location = null
	ssl.truststore.password = null
	ssl.truststore.type = JKS
	transaction.timeout.ms = 3600000
	transactional.id = null
	value.serializer = class org.apache.kafka.common.serialization.ByteArraySerializer

2026-10-01 02:41:11,450 INFO  org.apache.kafka.clients.producer.ProducerConfig             [] - ProducerConfig values: 
	acks = 1
	batch.size = 16384
	bootstrap.servers = [172.16.0.162:9092, 172.16.0.163:9092, 172.16.0.164:9092]
	buffer.memory = 33554432
	client.dns.lookup = use_all_dns_ips
	client.id = producer-7
	compression.type = none
	connections.max.idle.ms = 540000
	delivery.timeout.ms = 120000
	enable.idempotence = false
	interceptor.classes = []
	internal.auto.downgrade.txn.commit = false
	key.serializer = class org.apache.kafka.common.serialization.ByteArraySerializer
	linger.ms = 0
	max.block.ms = 60000
	max.in.flight.requests.per.connection = 5
	max.request.size = 1048576
	metadata.max.age.ms = 300000
	metadata.max.idle.ms = 300000
	metric.reporters = []
	metrics.num.samples = 2
	metrics.recording.level = INFO
	metrics.sample.window.ms = 30000
	partitioner.class = class org.apache.kafka.clients.producer.internals.DefaultPartitioner
	receive.buffer.bytes = 32768
	reconnect.backoff.max.ms = 1000
	reconnect.backoff.ms = 50
	request.timeout.ms = 30000
	retries = 2147483647
	retry.backoff.ms = 100
	sasl.client.callback.handler.class = null
	sasl.jaas.config = null
	sasl.kerberos.kinit.cmd = /usr/bin/kinit
	sasl.kerberos.min.time.before.relogin = 60000
	sasl.kerberos.service.name = null
	sasl.kerberos.ticket.renew.jitter = 0.05
	sasl.kerberos.ticket.renew.window.factor = 0.8
	sasl.login.callback.handler.class = null
	sasl.login.class = null
	sasl.login.refresh.buffer.seconds = 300
	sasl.login.refresh.min.period.seconds = 60
	sasl.login.refresh.window.factor = 0.8
	sasl.login.refresh.window.jitter = 0.05
	sasl.mechanism = GSSAPI
	security.protocol = PLAINTEXT
	security.providers = null
	send.buffer.bytes = 131072
	ssl.cipher.suites = null
	ssl.enabled.protocols = [TLSv1.2, TLSv1.3]
	ssl.endpoint.identification.algorithm = https
	ssl.engine.factory.class = null
	ssl.key.password = null
	ssl.keymanager.algorithm = SunX509
	ssl.keystore.location = null
	ssl.keystore.password = null
	ssl.keystore.type = JKS
	ssl.protocol = TLSv1.3
	ssl.provider = null
	ssl.secure.random.implementation = null
	ssl.trustmanager.algorithm = PKIX
	ssl.truststore.location = null
	ssl.truststore.password = null
	ssl.truststore.type = JKS
	transaction.timeout.ms = 3600000
	transactional.id = null
	value.serializer = class org.apache.kafka.common.serialization.ByteArraySerializer

2026-10-01 02:41:11,452 INFO  org.apache.kafka.clients.producer.ProducerConfig             [] - ProducerConfig values: 
	acks = 1
	batch.size = 16384
	bootstrap.servers = [172.16.0.162:9092, 172.16.0.163:9092, 172.16.0.164:9092]
	buffer.memory = 33554432
	client.dns.lookup = use_all_dns_ips
	client.id = producer-8
	compression.type = none
	connections.max.idle.ms = 540000
	delivery.timeout.ms = 120000
	enable.idempotence = false
	interceptor.classes = []
	internal.auto.downgrade.txn.commit = false
	key.serializer = class org.apache.kafka.common.serialization.ByteArraySerializer
	linger.ms = 0
	max.block.ms = 60000
	max.in.flight.requests.per.connection = 5
	max.request.size = 1048576
	metadata.max.age.ms = 300000
	metadata.max.idle.ms = 300000
	metric.reporters = []
	metrics.num.samples = 2
	metrics.recording.level = INFO
	metrics.sample.window.ms = 30000
	partitioner.class = class org.apache.kafka.clients.producer.internals.DefaultPartitioner
	receive.buffer.bytes = 32768
	reconnect.backoff.max.ms = 1000
	reconnect.backoff.ms = 50
	request.timeout.ms = 30000
	retries = 2147483647
	retry.backoff.ms = 100
	sasl.client.callback.handler.class = null
	sasl.jaas.config = null
	sasl.kerberos.kinit.cmd = /usr/bin/kinit
	sasl.kerberos.min.time.before.relogin = 60000
	sasl.kerberos.service.name = null
	sasl.kerberos.ticket.renew.jitter = 0.05
	sasl.kerberos.ticket.renew.window.factor = 0.8
	sasl.login.callback.handler.class = null
	sasl.login.class = null
	sasl.login.refresh.buffer.seconds = 300
	sasl.login.refresh.min.period.seconds = 60
	sasl.login.refresh.window.factor = 0.8
	sasl.login.refresh.window.jitter = 0.05
	sasl.mechanism = GSSAPI
	security.protocol = PLAINTEXT
	security.providers = null
	send.buffer.bytes = 131072
	ssl.cipher.suites = null
	ssl.enabled.protocols = [TLSv1.2, TLSv1.3]
	ssl.endpoint.identification.algorithm = https
	ssl.engine.factory.class = null
	ssl.key.password = null
	ssl.keymanager.algorithm = SunX509
	ssl.keystore.location = null
	ssl.keystore.password = null
	ssl.keystore.type = JKS
	ssl.protocol = TLSv1.3
	ssl.provider = null
	ssl.secure.random.implementation = null
	ssl.trustmanager.algorithm = PKIX
	ssl.truststore.location = null
	ssl.truststore.password = null
	ssl.truststore.type = JKS
	transaction.timeout.ms = 3600000
	transactional.id = null
	value.serializer = class org.apache.kafka.common.serialization.ByteArraySerializer

2026-10-01 02:41:11,453 INFO  org.apache.kafka.clients.producer.ProducerConfig             [] - ProducerConfig values: 
	acks = 1
	batch.size = 16384
	bootstrap.servers = [172.16.0.162:9092, 172.16.0.163:9092, 172.16.0.164:9092]
	buffer.memory = 33554432
	client.dns.lookup = use_all_dns_ips
	client.id = producer-10
	compression.type = none
	connections.max.idle.ms = 540000
	delivery.timeout.ms = 120000
	enable.idempotence = false
	interceptor.classes = []
	internal.auto.downgrade.txn.commit = false
	key.serializer = class org.apache.kafka.common.serialization.ByteArraySerializer
	linger.ms = 0
	max.block.ms = 60000
	max.in.flight.requests.per.connection = 5
	max.request.size = 1048576
	metadata.max.age.ms = 300000
	metadata.max.idle.ms = 300000
	metric.reporters = []
	metrics.num.samples = 2
	metrics.recording.level = INFO
	metrics.sample.window.ms = 30000
	partitioner.class = class org.apache.kafka.clients.producer.internals.DefaultPartitioner
	receive.buffer.bytes = 32768
	reconnect.backoff.max.ms = 1000
	reconnect.backoff.ms = 50
	request.timeout.ms = 30000
	retries = 2147483647
	retry.backoff.ms = 100
	sasl.client.callback.handler.class = null
	sasl.jaas.config = null
	sasl.kerberos.kinit.cmd = /usr/bin/kinit
	sasl.kerberos.min.time.before.relogin = 60000
	sasl.kerberos.service.name = null
	sasl.kerberos.ticket.renew.jitter = 0.05
	sasl.kerberos.ticket.renew.window.factor = 0.8
	sasl.login.callback.handler.class = null
	sasl.login.class = null
	sasl.login.refresh.buffer.seconds = 300
	sasl.login.refresh.min.period.seconds = 60
	sasl.login.refresh.window.factor = 0.8
	sasl.login.refresh.window.jitter = 0.05
	sasl.mechanism = GSSAPI
	security.protocol = PLAINTEXT
	security.providers = null
	send.buffer.bytes = 131072
	ssl.cipher.suites = null
	ssl.enabled.protocols = [TLSv1.2, TLSv1.3]
	ssl.endpoint.identification.algorithm = https
	ssl.engine.factory.class = null
	ssl.key.password = null
	ssl.keymanager.algorithm = SunX509
	ssl.keystore.location = null
	ssl.keystore.password = null
	ssl.keystore.type = JKS
	ssl.protocol = TLSv1.3
	ssl.provider = null
	ssl.secure.random.implementation = null
	ssl.trustmanager.algorithm = PKIX
	ssl.truststore.location = null
	ssl.truststore.password = null
	ssl.truststore.type = JKS
	transaction.timeout.ms = 3600000
	transactional.id = null
	value.serializer = class org.apache.kafka.common.serialization.ByteArraySerializer

2026-10-01 02:41:11,453 INFO  org.apache.kafka.clients.producer.ProducerConfig             [] - ProducerConfig values: 
	acks = 1
	batch.size = 16384
	bootstrap.servers = [172.16.0.162:9092, 172.16.0.163:9092, 172.16.0.164:9092]
	buffer.memory = 33554432
	client.dns.lookup = use_all_dns_ips
	client.id = producer-9
	compression.type = none
	connections.max.idle.ms = 540000
	delivery.timeout.ms = 120000
	enable.idempotence = false
	interceptor.classes = []
	internal.auto.downgrade.txn.commit = false
	key.serializer = class org.apache.kafka.common.serialization.ByteArraySerializer
	linger.ms = 0
	max.block.ms = 60000
	max.in.flight.requests.per.connection = 5
	max.request.size = 1048576
	metadata.max.age.ms = 300000
	metadata.max.idle.ms = 300000
	metric.reporters = []
	metrics.num.samples = 2
	metrics.recording.level = INFO
	metrics.sample.window.ms = 30000
	partitioner.class = class org.apache.kafka.clients.producer.internals.DefaultPartitioner
	receive.buffer.bytes = 32768
	reconnect.backoff.max.ms = 1000
	reconnect.backoff.ms = 50
	request.timeout.ms = 30000
	retries = 2147483647
	retry.backoff.ms = 100
	sasl.client.callback.handler.class = null
	sasl.jaas.config = null
	sasl.kerberos.kinit.cmd = /usr/bin/kinit
	sasl.kerberos.min.time.before.relogin = 60000
	sasl.kerberos.service.name = null
	sasl.kerberos.ticket.renew.jitter = 0.05
	sasl.kerberos.ticket.renew.window.factor = 0.8
	sasl.login.callback.handler.class = null
	sasl.login.class = null
	sasl.login.refresh.buffer.seconds = 300
	sasl.login.refresh.min.period.seconds = 60
	sasl.login.refresh.window.factor = 0.8
	sasl.login.refresh.window.jitter = 0.05
	sasl.mechanism = GSSAPI
	security.protocol = PLAINTEXT
	security.providers = null
	send.buffer.bytes = 131072
	ssl.cipher.suites = null
	ssl.enabled.protocols = [TLSv1.2, TLSv1.3]
	ssl.endpoint.identification.algorithm = https
	ssl.engine.factory.class = null
	ssl.key.password = null
	ssl.keymanager.algorithm = SunX509
	ssl.keystore.location = null
	ssl.keystore.password = null
	ssl.keystore.type = JKS
	ssl.protocol = TLSv1.3
	ssl.provider = null
	ssl.secure.random.implementation = null
	ssl.trustmanager.algorithm = PKIX
	ssl.truststore.location = null
	ssl.truststore.password = null
	ssl.truststore.type = JKS
	transaction.timeout.ms = 3600000
	transactional.id = null
	value.serializer = class org.apache.kafka.common.serialization.ByteArraySerializer

2026-10-01 02:41:11,453 INFO  org.apache.kafka.clients.producer.ProducerConfig             [] - ProducerConfig values: 
	acks = 1
	batch.size = 16384
	bootstrap.servers = [172.16.0.162:9092, 172.16.0.163:9092, 172.16.0.164:9092]
	buffer.memory = 33554432
	client.dns.lookup = use_all_dns_ips
	client.id = producer-11
	compression.type = none
	connections.max.idle.ms = 540000
	delivery.timeout.ms = 120000
	enable.idempotence = false
	interceptor.classes = []
	internal.auto.downgrade.txn.commit = false
	key.serializer = class org.apache.kafka.common.serialization.ByteArraySerializer
	linger.ms = 0
	max.block.ms = 60000
	max.in.flight.requests.per.connection = 5
	max.request.size = 1048576
	metadata.max.age.ms = 300000
	metadata.max.idle.ms = 300000
	metric.reporters = []
	metrics.num.samples = 2
	metrics.recording.level = INFO
	metrics.sample.window.ms = 30000
	partitioner.class = class org.apache.kafka.clients.producer.internals.DefaultPartitioner
	receive.buffer.bytes = 32768
	reconnect.backoff.max.ms = 1000
	reconnect.backoff.ms = 50
	request.timeout.ms = 30000
	retries = 2147483647
	retry.backoff.ms = 100
	sasl.client.callback.handler.class = null
	sasl.jaas.config = null
	sasl.kerberos.kinit.cmd = /usr/bin/kinit
	sasl.kerberos.min.time.before.relogin = 60000
	sasl.kerberos.service.name = null
	sasl.kerberos.ticket.renew.jitter = 0.05
	sasl.kerberos.ticket.renew.window.factor = 0.8
	sasl.login.callback.handler.class = null
	sasl.login.class = null
	sasl.login.refresh.buffer.seconds = 300
	sasl.login.refresh.min.period.seconds = 60
	sasl.login.refresh.window.factor = 0.8
	sasl.login.refresh.window.jitter = 0.05
	sasl.mechanism = GSSAPI
	security.protocol = PLAINTEXT
	security.providers = null
	send.buffer.bytes = 131072
	ssl.cipher.suites = null
	ssl.enabled.protocols = [TLSv1.2, TLSv1.3]
	ssl.endpoint.identification.algorithm = https
	ssl.engine.factory.class = null
	ssl.key.password = null
	ssl.keymanager.algorithm = SunX509
	ssl.keystore.location = null
	ssl.keystore.password = null
	ssl.keystore.type = JKS
	ssl.protocol = TLSv1.3
	ssl.provider = null
	ssl.secure.random.implementation = null
	ssl.trustmanager.algorithm = PKIX
	ssl.truststore.location = null
	ssl.truststore.password = null
	ssl.truststore.type = JKS
	transaction.timeout.ms = 3600000
	transactional.id = null
	value.serializer = class org.apache.kafka.common.serialization.ByteArraySerializer

2026-10-01 02:41:11,459 INFO  org.apache.kafka.clients.producer.ProducerConfig             [] - ProducerConfig values: 
	acks = 1
	batch.size = 16384
	bootstrap.servers = [172.16.0.162:9092, 172.16.0.163:9092, 172.16.0.164:9092]
	buffer.memory = 33554432
	client.dns.lookup = use_all_dns_ips
	client.id = producer-12
	compression.type = none
	connections.max.idle.ms = 540000
	delivery.timeout.ms = 120000
	enable.idempotence = false
	interceptor.classes = []
	internal.auto.downgrade.txn.commit = false
	key.serializer = class org.apache.kafka.common.serialization.ByteArraySerializer
	linger.ms = 0
	max.block.ms = 60000
	max.in.flight.requests.per.connection = 5
	max.request.size = 1048576
	metadata.max.age.ms = 300000
	metadata.max.idle.ms = 300000
	metric.reporters = []
	metrics.num.samples = 2
	metrics.recording.level = INFO
	metrics.sample.window.ms = 30000
	partitioner.class = class org.apache.kafka.clients.producer.internals.DefaultPartitioner
	receive.buffer.bytes = 32768
	reconnect.backoff.max.ms = 1000
	reconnect.backoff.ms = 50
	request.timeout.ms = 30000
	retries = 2147483647
	retry.backoff.ms = 100
	sasl.client.callback.handler.class = null
	sasl.jaas.config = null
	sasl.kerberos.kinit.cmd = /usr/bin/kinit
	sasl.kerberos.min.time.before.relogin = 60000
	sasl.kerberos.service.name = null
	sasl.kerberos.ticket.renew.jitter = 0.05
	sasl.kerberos.ticket.renew.window.factor = 0.8
	sasl.login.callback.handler.class = null
	sasl.login.class = null
	sasl.login.refresh.buffer.seconds = 300
	sasl.login.refresh.min.period.seconds = 60
	sasl.login.refresh.window.factor = 0.8
	sasl.login.refresh.window.jitter = 0.05
	sasl.mechanism = GSSAPI
	security.protocol = PLAINTEXT
	security.providers = null
	send.buffer.bytes = 131072
	ssl.cipher.suites = null
	ssl.enabled.protocols = [TLSv1.2, TLSv1.3]
	ssl.endpoint.identification.algorithm = https
	ssl.engine.factory.class = null
	ssl.key.password = null
	ssl.keymanager.algorithm = SunX509
	ssl.keystore.location = null
	ssl.keystore.password = null
	ssl.keystore.type = JKS
	ssl.protocol = TLSv1.3
	ssl.provider = null
	ssl.secure.random.implementation = null
	ssl.trustmanager.algorithm = PKIX
	ssl.truststore.location = null
	ssl.truststore.password = null
	ssl.truststore.type = JKS
	transaction.timeout.ms = 3600000
	transactional.id = null
	value.serializer = class org.apache.kafka.common.serialization.ByteArraySerializer

2026-10-01 02:41:11,460 INFO  org.apache.flink.streaming.connectors.kafka.FlinkKafkaConsumerBase [] - Consumer subtask 6 has no restore state.
2026-10-01 02:41:11,460 INFO  org.apache.flink.runtime.taskmanager.Task                    [] - RoundAssembler -> AlignEventTime (2/8)#0 (d50240a6ca94d749aa6b1bb9fe753c7e) switched from INITIALIZING to RUNNING.
2026-10-01 02:41:11,462 INFO  org.apache.kafka.clients.producer.ProducerConfig             [] - ProducerConfig values: 
	acks = 1
	batch.size = 16384
	bootstrap.servers = [172.16.0.162:9092, 172.16.0.163:9092, 172.16.0.164:9092]
	buffer.memory = 33554432
	client.dns.lookup = use_all_dns_ips
	client.id = producer-13
	compression.type = none
	connections.max.idle.ms = 540000
	delivery.timeout.ms = 120000
	enable.idempotence = false
	interceptor.classes = []
	internal.auto.downgrade.txn.commit = false
	key.serializer = class org.apache.kafka.common.serialization.ByteArraySerializer
	linger.ms = 0
	max.block.ms = 60000
	max.in.flight.requests.per.connection = 5
	max.request.size = 1048576
	metadata.max.age.ms = 300000
	metadata.max.idle.ms = 300000
	metric.reporters = []
	metrics.num.samples = 2
	metrics.recording.level = INFO
	metrics.sample.window.ms = 30000
	partitioner.class = class org.apache.kafka.clients.producer.internals.DefaultPartitioner
	receive.buffer.bytes = 32768
	reconnect.backoff.max.ms = 1000
	reconnect.backoff.ms = 50
	request.timeout.ms = 30000
	retries = 2147483647
	retry.backoff.ms = 100
	sasl.client.callback.handler.class = null
	sasl.jaas.config = null
	sasl.kerberos.kinit.cmd = /usr/bin/kinit
	sasl.kerberos.min.time.before.relogin = 60000
	sasl.kerberos.service.name = null
	sasl.kerberos.ticket.renew.jitter = 0.05
	sasl.kerberos.ticket.renew.window.factor = 0.8
	sasl.login.callback.handler.class = null
	sasl.login.class = null
	sasl.login.refresh.buffer.seconds = 300
	sasl.login.refresh.min.period.seconds = 60
	sasl.login.refresh.window.factor = 0.8
	sasl.login.refresh.window.jitter = 0.05
	sasl.mechanism = GSSAPI
	security.protocol = PLAINTEXT
	security.providers = null
	send.buffer.bytes = 131072
	ssl.cipher.suites = null
	ssl.enabled.protocols = [TLSv1.2, TLSv1.3]
	ssl.endpoint.identification.algorithm = https
	ssl.engine.factory.class = null
	ssl.key.password = null
	ssl.keymanager.algorithm = SunX509
	ssl.keystore.location = null
	ssl.keystore.password = null
	ssl.keystore.type = JKS
	ssl.protocol = TLSv1.3
	ssl.provider = null
	ssl.secure.random.implementation = null
	ssl.trustmanager.algorithm = PKIX
	ssl.truststore.location = null
	ssl.truststore.password = null
	ssl.truststore.type = JKS
	transaction.timeout.ms = 3600000
	transactional.id = null
	value.serializer = class org.apache.kafka.common.serialization.ByteArraySerializer

2026-10-01 02:41:11,463 INFO  org.apache.kafka.clients.producer.ProducerConfig             [] - ProducerConfig values: 
	acks = 1
	batch.size = 16384
	bootstrap.servers = [172.16.0.162:9092, 172.16.0.163:9092, 172.16.0.164:9092]
	buffer.memory = 33554432
	client.dns.lookup = use_all_dns_ips
	client.id = producer-14
	compression.type = none
	connections.max.idle.ms = 540000
	delivery.timeout.ms = 120000
	enable.idempotence = false
	interceptor.classes = []
	internal.auto.downgrade.txn.commit = false
	key.serializer = class org.apache.kafka.common.serialization.ByteArraySerializer
	linger.ms = 0
	max.block.ms = 60000
	max.in.flight.requests.per.connection = 5
	max.request.size = 1048576
	metadata.max.age.ms = 300000
	metadata.max.idle.ms = 300000
	metric.reporters = []
	metrics.num.samples = 2
	metrics.recording.level = INFO
	metrics.sample.window.ms = 30000
	partitioner.class = class org.apache.kafka.clients.producer.internals.DefaultPartitioner
	receive.buffer.bytes = 32768
	reconnect.backoff.max.ms = 1000
	reconnect.backoff.ms = 50
	request.timeout.ms = 30000
	retries = 2147483647
	retry.backoff.ms = 100
	sasl.client.callback.handler.class = null
	sasl.jaas.config = null
	sasl.kerberos.kinit.cmd = /usr/bin/kinit
	sasl.kerberos.min.time.before.relogin = 60000
	sasl.kerberos.service.name = null
	sasl.kerberos.ticket.renew.jitter = 0.05
	sasl.kerberos.ticket.renew.window.factor = 0.8
	sasl.login.callback.handler.class = null
	sasl.login.class = null
	sasl.login.refresh.buffer.seconds = 300
	sasl.login.refresh.min.period.seconds = 60
	sasl.login.refresh.window.factor = 0.8
	sasl.login.refresh.window.jitter = 0.05
	sasl.mechanism = GSSAPI
	security.protocol = PLAINTEXT
	security.providers = null
	send.buffer.bytes = 131072
	ssl.cipher.suites = null
	ssl.enabled.protocols = [TLSv1.2, TLSv1.3]
	ssl.endpoint.identification.algorithm = https
	ssl.engine.factory.class = null
	ssl.key.password = null
	ssl.keymanager.algorithm = SunX509
	ssl.keystore.location = null
	ssl.keystore.password = null
	ssl.keystore.type = JKS
	ssl.protocol = TLSv1.3
	ssl.provider = null
	ssl.secure.random.implementation = null
	ssl.trustmanager.algorithm = PKIX
	ssl.truststore.location = null
	ssl.truststore.password = null
	ssl.truststore.type = JKS
	transaction.timeout.ms = 3600000
	transactional.id = null
	value.serializer = class org.apache.kafka.common.serialization.ByteArraySerializer

2026-10-01 02:41:11,463 INFO  org.apache.kafka.clients.producer.ProducerConfig             [] - ProducerConfig values: 
	acks = 1
	batch.size = 16384
	bootstrap.servers = [172.16.0.162:9092, 172.16.0.163:9092, 172.16.0.164:9092]
	buffer.memory = 33554432
	client.dns.lookup = use_all_dns_ips
	client.id = producer-15
	compression.type = none
	connections.max.idle.ms = 540000
	delivery.timeout.ms = 120000
	enable.idempotence = false
	interceptor.classes = []
	internal.auto.downgrade.txn.commit = false
	key.serializer = class org.apache.kafka.common.serialization.ByteArraySerializer
	linger.ms = 0
	max.block.ms = 60000
	max.in.flight.requests.per.connection = 5
	max.request.size = 1048576
	metadata.max.age.ms = 300000
	metadata.max.idle.ms = 300000
	metric.reporters = []
	metrics.num.samples = 2
	metrics.recording.level = INFO
	metrics.sample.window.ms = 30000
	partitioner.class = class org.apache.kafka.clients.producer.internals.DefaultPartitioner
	receive.buffer.bytes = 32768
	reconnect.backoff.max.ms = 1000
	reconnect.backoff.ms = 50
	request.timeout.ms = 30000
	retries = 2147483647
	retry.backoff.ms = 100
	sasl.client.callback.handler.class = null
	sasl.jaas.config = null
	sasl.kerberos.kinit.cmd = /usr/bin/kinit
	sasl.kerberos.min.time.before.relogin = 60000
	sasl.kerberos.service.name = null
	sasl.kerberos.ticket.renew.jitter = 0.05
	sasl.kerberos.ticket.renew.window.factor = 0.8
	sasl.login.callback.handler.class = null
	sasl.login.class = null
	sasl.login.refresh.buffer.seconds = 300
	sasl.login.refresh.min.period.seconds = 60
	sasl.login.refresh.window.factor = 0.8
	sasl.login.refresh.window.jitter = 0.05
	sasl.mechanism = GSSAPI
	security.protocol = PLAINTEXT
	security.providers = null
	send.buffer.bytes = 131072
	ssl.cipher.suites = null
	ssl.enabled.protocols = [TLSv1.2, TLSv1.3]
	ssl.endpoint.identification.algorithm = https
	ssl.engine.factory.class = null
	ssl.key.password = null
	ssl.keymanager.algorithm = SunX509
	ssl.keystore.location = null
	ssl.keystore.password = null
	ssl.keystore.type = JKS
	ssl.protocol = TLSv1.3
	ssl.provider = null
	ssl.secure.random.implementation = null
	ssl.trustmanager.algorithm = PKIX
	ssl.truststore.location = null
	ssl.truststore.password = null
	ssl.truststore.type = JKS
	transaction.timeout.ms = 3600000
	transactional.id = null
	value.serializer = class org.apache.kafka.common.serialization.ByteArraySerializer

2026-10-01 02:41:11,467 INFO  org.apache.kafka.clients.consumer.ConsumerConfig             [] - ConsumerConfig values: 
	allow.auto.create.topics = true
	auto.commit.interval.ms = 5000
	auto.offset.reset = latest
	bootstrap.servers = [172.16.0.162:9092, 172.16.0.163:9092, 172.16.0.164:9092]
	check.crcs = true
	client.dns.lookup = use_all_dns_ips
	client.id = consumer-m2-job-6f236608-2
	client.rack = 
	connections.max.idle.ms = 540000
	default.api.timeout.ms = 60000
	enable.auto.commit = true
	exclude.internal.topics = true
	fetch.max.bytes = 52428800
	fetch.max.wait.ms = 500
	fetch.min.bytes = 1
	group.id = m2-job-6f236608
	group.instance.id = null
	heartbeat.interval.ms = 3000
	interceptor.classes = []
	internal.leave.group.on.close = true
	internal.throw.on.fetch.stable.offset.unsupported = false
	isolation.level = read_uncommitted
	key.deserializer = class org.apache.kafka.common.serialization.ByteArrayDeserializer
	max.partition.fetch.bytes = 1048576
	max.poll.interval.ms = 300000
	max.poll.records = 500
	metadata.max.age.ms = 300000
	metric.reporters = []
	metrics.num.samples = 2
	metrics.recording.level = INFO
	metrics.sample.window.ms = 30000
	partition.assignment.strategy = [class org.apache.kafka.clients.consumer.RangeAssignor]
	receive.buffer.bytes = 65536
	reconnect.backoff.max.ms = 1000
	reconnect.backoff.ms = 50
	request.timeout.ms = 30000
	retry.backoff.ms = 100
	sasl.client.callback.handler.class = null
	sasl.jaas.config = null
	sasl.kerberos.kinit.cmd = /usr/bin/kinit
	sasl.kerberos.min.time.before.relogin = 60000
	sasl.kerberos.service.name = null
	sasl.kerberos.ticket.renew.jitter = 0.05
	sasl.kerberos.ticket.renew.window.factor = 0.8
	sasl.login.callback.handler.class = null
	sasl.login.class = null
	sasl.login.refresh.buffer.seconds = 300
	sasl.login.refresh.min.period.seconds = 60
	sasl.login.refresh.window.factor = 0.8
	sasl.login.refresh.window.jitter = 0.05
	sasl.mechanism = GSSAPI
	security.protocol = PLAINTEXT
	security.providers = null
	send.buffer.bytes = 131072
	session.timeout.ms = 10000
	ssl.cipher.suites = null
	ssl.enabled.protocols = [TLSv1.2, TLSv1.3]
	ssl.endpoint.identification.algorithm = https
	ssl.engine.factory.class = null
	ssl.key.password = null
	ssl.keymanager.algorithm = SunX509
	ssl.keystore.location = null
	ssl.keystore.password = null
	ssl.keystore.type = JKS
	ssl.protocol = TLSv1.3
	ssl.provider = null
	ssl.secure.random.implementation = null
	ssl.trustmanager.algorithm = PKIX
	ssl.truststore.location = null
	ssl.truststore.password = null
	ssl.truststore.type = JKS
	value.deserializer = class org.apache.kafka.common.serialization.ByteArrayDeserializer

2026-10-01 02:41:11,468 INFO  org.apache.kafka.clients.consumer.ConsumerConfig             [] - ConsumerConfig values: 
	allow.auto.create.topics = true
	auto.commit.interval.ms = 5000
	auto.offset.reset = latest
	bootstrap.servers = [172.16.0.162:9092, 172.16.0.163:9092, 172.16.0.164:9092]
	check.crcs = true
	client.dns.lookup = use_all_dns_ips
	client.id = consumer-m2-job-6f236608-3
	client.rack = 
	connections.max.idle.ms = 540000
	default.api.timeout.ms = 60000
	enable.auto.commit = true
	exclude.internal.topics = true
	fetch.max.bytes = 52428800
	fetch.max.wait.ms = 500
	fetch.min.bytes = 1
	group.id = m2-job-6f236608
	group.instance.id = null
	heartbeat.interval.ms = 3000
	interceptor.classes = []
	internal.leave.group.on.close = true
	internal.throw.on.fetch.stable.offset.unsupported = false
	isolation.level = read_uncommitted
	key.deserializer = class org.apache.kafka.common.serialization.ByteArrayDeserializer
	max.partition.fetch.bytes = 1048576
	max.poll.interval.ms = 300000
	max.poll.records = 500
	metadata.max.age.ms = 300000
	metric.reporters = []
	metrics.num.samples = 2
	metrics.recording.level = INFO
	metrics.sample.window.ms = 30000
	partition.assignment.strategy = [class org.apache.kafka.clients.consumer.RangeAssignor]
	receive.buffer.bytes = 65536
	reconnect.backoff.max.ms = 1000
	reconnect.backoff.ms = 50
	request.timeout.ms = 30000
	retry.backoff.ms = 100
	sasl.client.callback.handler.class = null
	sasl.jaas.config = null
	sasl.kerberos.kinit.cmd = /usr/bin/kinit
	sasl.kerberos.min.time.before.relogin = 60000
	sasl.kerberos.service.name = null
	sasl.kerberos.ticket.renew.jitter = 0.05
	sasl.kerberos.ticket.renew.window.factor = 0.8
	sasl.login.callback.handler.class = null
	sasl.login.class = null
	sasl.login.refresh.buffer.seconds = 300
	sasl.login.refresh.min.period.seconds = 60
	sasl.login.refresh.window.factor = 0.8
	sasl.login.refresh.window.jitter = 0.05
	sasl.mechanism = GSSAPI
	security.protocol = PLAINTEXT
	security.providers = null
	send.buffer.bytes = 131072
	session.timeout.ms = 10000
	ssl.cipher.suites = null
	ssl.enabled.protocols = [TLSv1.2, TLSv1.3]
	ssl.endpoint.identification.algorithm = https
	ssl.engine.factory.class = null
	ssl.key.password = null
	ssl.keymanager.algorithm = SunX509
	ssl.keystore.location = null
	ssl.keystore.password = null
	ssl.keystore.type = JKS
	ssl.protocol = TLSv1.3
	ssl.provider = null
	ssl.secure.random.implementation = null
	ssl.trustmanager.algorithm = PKIX
	ssl.truststore.location = null
	ssl.truststore.password = null
	ssl.truststore.type = JKS
	value.deserializer = class org.apache.kafka.common.serialization.ByteArrayDeserializer

2026-10-01 02:41:11,469 INFO  org.apache.kafka.clients.producer.ProducerConfig             [] - ProducerConfig values: 
	acks = 1
	batch.size = 16384
	bootstrap.servers = [172.16.0.162:9092, 172.16.0.163:9092, 172.16.0.164:9092]
	buffer.memory = 33554432
	client.dns.lookup = use_all_dns_ips
	client.id = producer-16
	compression.type = none
	connections.max.idle.ms = 540000
	delivery.timeout.ms = 120000
	enable.idempotence = false
	interceptor.classes = []
	internal.auto.downgrade.txn.commit = false
	key.serializer = class org.apache.kafka.common.serialization.ByteArraySerializer
	linger.ms = 0
	max.block.ms = 60000
	max.in.flight.requests.per.connection = 5
	max.request.size = 1048576
	metadata.max.age.ms = 300000
	metadata.max.idle.ms = 300000
	metric.reporters = []
	metrics.num.samples = 2
	metrics.recording.level = INFO
	metrics.sample.window.ms = 30000
	partitioner.class = class org.apache.kafka.clients.producer.internals.DefaultPartitioner
	receive.buffer.bytes = 32768
	reconnect.backoff.max.ms = 1000
	reconnect.backoff.ms = 50
	request.timeout.ms = 30000
	retries = 2147483647
	retry.backoff.ms = 100
	sasl.client.callback.handler.class = null
	sasl.jaas.config = null
	sasl.kerberos.kinit.cmd = /usr/bin/kinit
	sasl.kerberos.min.time.before.relogin = 60000
	sasl.kerberos.service.name = null
	sasl.kerberos.ticket.renew.jitter = 0.05
	sasl.kerberos.ticket.renew.window.factor = 0.8
	sasl.login.callback.handler.class = null
	sasl.login.class = null
	sasl.login.refresh.buffer.seconds = 300
	sasl.login.refresh.min.period.seconds = 60
	sasl.login.refresh.window.factor = 0.8
	sasl.login.refresh.window.jitter = 0.05
	sasl.mechanism = GSSAPI
	security.protocol = PLAINTEXT
	security.providers = null
	send.buffer.bytes = 131072
	ssl.cipher.suites = null
	ssl.enabled.protocols = [TLSv1.2, TLSv1.3]
	ssl.endpoint.identification.algorithm = https
	ssl.engine.factory.class = null
	ssl.key.password = null
	ssl.keymanager.algorithm = SunX509
	ssl.keystore.location = null
	ssl.keystore.password = null
	ssl.keystore.type = JKS
	ssl.protocol = TLSv1.3
	ssl.provider = null
	ssl.secure.random.implementation = null
	ssl.trustmanager.algorithm = PKIX
	ssl.truststore.location = null
	ssl.truststore.password = null
	ssl.truststore.type = JKS
	transaction.timeout.ms = 3600000
	transactional.id = null
	value.serializer = class org.apache.kafka.common.serialization.ByteArraySerializer

2026-10-01 02:41:11,467 INFO  org.apache.kafka.clients.consumer.ConsumerConfig             [] - ConsumerConfig values: 
	allow.auto.create.topics = true
	auto.commit.interval.ms = 5000
	auto.offset.reset = latest
	bootstrap.servers = [172.16.0.162:9092, 172.16.0.163:9092, 172.16.0.164:9092]
	check.crcs = true
	client.dns.lookup = use_all_dns_ips
	client.id = consumer-m2-job-6f236608-1
	client.rack = 
	connections.max.idle.ms = 540000
	default.api.timeout.ms = 60000
	enable.auto.commit = true
	exclude.internal.topics = true
	fetch.max.bytes = 52428800
	fetch.max.wait.ms = 500
	fetch.min.bytes = 1
	group.id = m2-job-6f236608
	group.instance.id = null
	heartbeat.interval.ms = 3000
	interceptor.classes = []
	internal.leave.group.on.close = true
	internal.throw.on.fetch.stable.offset.unsupported = false
	isolation.level = read_uncommitted
	key.deserializer = class org.apache.kafka.common.serialization.ByteArrayDeserializer
	max.partition.fetch.bytes = 1048576
	max.poll.interval.ms = 300000
	max.poll.records = 500
	metadata.max.age.ms = 300000
	metric.reporters = []
	metrics.num.samples = 2
	metrics.recording.level = INFO
	metrics.sample.window.ms = 30000
	partition.assignment.strategy = [class org.apache.kafka.clients.consumer.RangeAssignor]
	receive.buffer.bytes = 65536
	reconnect.backoff.max.ms = 1000
	reconnect.backoff.ms = 50
	request.timeout.ms = 30000
	retry.backoff.ms = 100
	sasl.client.callback.handler.class = null
	sasl.jaas.config = null
	sasl.kerberos.kinit.cmd = /usr/bin/kinit
	sasl.kerberos.min.time.before.relogin = 60000
	sasl.kerberos.service.name = null
	sasl.kerberos.ticket.renew.jitter = 0.05
	sasl.kerberos.ticket.renew.window.factor = 0.8
	sasl.login.callback.handler.class = null
	sasl.login.class = null
	sasl.login.refresh.buffer.seconds = 300
	sasl.login.refresh.min.period.seconds = 60
	sasl.login.refresh.window.factor = 0.8
	sasl.login.refresh.window.jitter = 0.05
	sasl.mechanism = GSSAPI
	security.protocol = PLAINTEXT
	security.providers = null
	send.buffer.bytes = 131072
	session.timeout.ms = 10000
	ssl.cipher.suites = null
	ssl.enabled.protocols = [TLSv1.2, TLSv1.3]
	ssl.endpoint.identification.algorithm = https
	ssl.engine.factory.class = null
	ssl.key.password = null
	ssl.keymanager.algorithm = SunX509
	ssl.keystore.location = null
	ssl.keystore.password = null
	ssl.keystore.type = JKS
	ssl.protocol = TLSv1.3
	ssl.provider = null
	ssl.secure.random.implementation = null
	ssl.trustmanager.algorithm = PKIX
	ssl.truststore.location = null
	ssl.truststore.password = null
	ssl.truststore.type = JKS
	value.deserializer = class org.apache.kafka.common.serialization.ByteArrayDeserializer

2026-10-01 02:41:11,469 INFO  org.apache.kafka.clients.consumer.ConsumerConfig             [] - ConsumerConfig values: 
	allow.auto.create.topics = true
	auto.commit.interval.ms = 5000
	auto.offset.reset = latest
	bootstrap.servers = [172.16.0.162:9092, 172.16.0.163:9092, 172.16.0.164:9092]
	check.crcs = true
	client.dns.lookup = use_all_dns_ips
	client.id = consumer-m2-job-6f236608-4
	client.rack = 
	connections.max.idle.ms = 540000
	default.api.timeout.ms = 60000
	enable.auto.commit = true
	exclude.internal.topics = true
	fetch.max.bytes = 52428800
	fetch.max.wait.ms = 500
	fetch.min.bytes = 1
	group.id = m2-job-6f236608
	group.instance.id = null
	heartbeat.interval.ms = 3000
	interceptor.classes = []
	internal.leave.group.on.close = true
	internal.throw.on.fetch.stable.offset.unsupported = false
	isolation.level = read_uncommitted
	key.deserializer = class org.apache.kafka.common.serialization.ByteArrayDeserializer
	max.partition.fetch.bytes = 1048576
	max.poll.interval.ms = 300000
	max.poll.records = 500
	metadata.max.age.ms = 300000
	metric.reporters = []
	metrics.num.samples = 2
	metrics.recording.level = INFO
	metrics.sample.window.ms = 30000
	partition.assignment.strategy = [class org.apache.kafka.clients.consumer.RangeAssignor]
	receive.buffer.bytes = 65536
	reconnect.backoff.max.ms = 1000
	reconnect.backoff.ms = 50
	request.timeout.ms = 30000
	retry.backoff.ms = 100
	sasl.client.callback.handler.class = null
	sasl.jaas.config = null
	sasl.kerberos.kinit.cmd = /usr/bin/kinit
	sasl.kerberos.min.time.before.relogin = 60000
	sasl.kerberos.service.name = null
	sasl.kerberos.ticket.renew.jitter = 0.05
	sasl.kerberos.ticket.renew.window.factor = 0.8
	sasl.login.callback.handler.class = null
	sasl.login.class = null
	sasl.login.refresh.buffer.seconds = 300
	sasl.login.refresh.min.period.seconds = 60
	sasl.login.refresh.window.factor = 0.8
	sasl.login.refresh.window.jitter = 0.05
	sasl.mechanism = GSSAPI
	security.protocol = PLAINTEXT
	security.providers = null
	send.buffer.bytes = 131072
	session.timeout.ms = 10000
	ssl.cipher.suites = null
	ssl.enabled.protocols = [TLSv1.2, TLSv1.3]
	ssl.endpoint.identification.algorithm = https
	ssl.engine.factory.class = null
	ssl.key.password = null
	ssl.keymanager.algorithm = SunX509
	ssl.keystore.location = null
	ssl.keystore.password = null
	ssl.keystore.type = JKS
	ssl.protocol = TLSv1.3
	ssl.provider = null
	ssl.secure.random.implementation = null
	ssl.trustmanager.algorithm = PKIX
	ssl.truststore.location = null
	ssl.truststore.password = null
	ssl.truststore.type = JKS
	value.deserializer = class org.apache.kafka.common.serialization.ByteArrayDeserializer

2026-10-01 02:41:11,586 INFO  org.apache.kafka.common.utils.AppInfoParser                  [] - Kafka version: 2.6.3
2026-10-01 02:41:11,586 INFO  org.apache.kafka.common.utils.AppInfoParser                  [] - Kafka commitId: c24cbd3f5eeffa1e
2026-10-01 02:41:11,586 INFO  org.apache.kafka.common.utils.AppInfoParser                  [] - Kafka startTimeMs: 1790822471584
2026-10-01 02:41:11,661 INFO  org.apache.flink.streaming.connectors.kafka.FlinkKafkaProducer [] - Starting FlinkKafkaInternalProducer (3/8) to produce into default topic synergia-monitoring
2026-10-01 02:41:11,661 INFO  org.apache.kafka.common.utils.AppInfoParser                  [] - Kafka version: 2.6.3
2026-10-01 02:41:11,662 INFO  org.apache.kafka.common.utils.AppInfoParser                  [] - Kafka commitId: c24cbd3f5eeffa1e
2026-10-01 02:41:11,662 INFO  org.apache.kafka.common.utils.AppInfoParser                  [] - Kafka startTimeMs: 1790822471656
2026-10-01 02:41:11,662 INFO  org.apache.flink.streaming.connectors.kafka.FlinkKafkaProducer [] - Starting FlinkKafkaInternalProducer (7/8) to produce into default topic synergia-scores
2026-10-01 02:41:11,662 INFO  org.apache.kafka.common.utils.AppInfoParser                  [] - Kafka version: 2.6.3
2026-10-01 02:41:11,662 INFO  org.apache.kafka.common.utils.AppInfoParser                  [] - Kafka commitId: c24cbd3f5eeffa1e
2026-10-01 02:41:11,662 INFO  org.apache.kafka.common.utils.AppInfoParser                  [] - Kafka startTimeMs: 1790822471649
2026-10-01 02:41:11,663 INFO  org.apache.flink.streaming.connectors.kafka.FlinkKafkaProducer [] - Starting FlinkKafkaInternalProducer (6/8) to produce into default topic synergia-scores
2026-10-01 02:41:11,663 INFO  org.apache.kafka.common.utils.AppInfoParser                  [] - Kafka version: 2.6.3
2026-10-01 02:41:11,663 INFO  org.apache.kafka.common.utils.AppInfoParser                  [] - Kafka commitId: c24cbd3f5eeffa1e
2026-10-01 02:41:11,663 INFO  org.apache.kafka.common.utils.AppInfoParser                  [] - Kafka startTimeMs: 1790822471649
2026-10-01 02:41:11,663 INFO  org.apache.flink.streaming.connectors.kafka.FlinkKafkaProducer [] - Starting FlinkKafkaInternalProducer (2/8) to produce into default topic synergia-scores
2026-10-01 02:41:11,663 INFO  org.apache.kafka.common.utils.AppInfoParser                  [] - Kafka version: 2.6.3
2026-10-01 02:41:11,664 INFO  org.apache.kafka.common.utils.AppInfoParser                  [] - Kafka commitId: c24cbd3f5eeffa1e
2026-10-01 02:41:11,664 INFO  org.apache.kafka.common.utils.AppInfoParser                  [] - Kafka startTimeMs: 1790822471649
2026-10-01 02:41:11,664 INFO  org.apache.flink.streaming.connectors.kafka.FlinkKafkaProducer [] - Starting FlinkKafkaInternalProducer (3/8) to produce into default topic synergia-m1-out
2026-10-01 02:41:11,664 INFO  org.apache.kafka.common.utils.AppInfoParser                  [] - Kafka version: 2.6.3
2026-10-01 02:41:11,664 INFO  org.apache.kafka.common.utils.AppInfoParser                  [] - Kafka commitId: c24cbd3f5eeffa1e
2026-10-01 02:41:11,664 INFO  org.apache.kafka.common.utils.AppInfoParser                  [] - Kafka startTimeMs: 1790822471649
2026-10-01 02:41:11,665 INFO  org.apache.flink.streaming.connectors.kafka.FlinkKafkaProducer [] - Starting FlinkKafkaInternalProducer (2/8) to produce into default topic synergia-m1-out
2026-10-01 02:41:11,665 INFO  org.apache.kafka.common.utils.AppInfoParser                  [] - Kafka version: 2.6.3
2026-10-01 02:41:11,674 INFO  org.apache.kafka.common.utils.AppInfoParser                  [] - Kafka commitId: c24cbd3f5eeffa1e
2026-10-01 02:41:11,674 INFO  org.apache.kafka.common.utils.AppInfoParser                  [] - Kafka startTimeMs: 1790822471648
2026-10-01 02:41:11,675 INFO  org.apache.flink.streaming.connectors.kafka.FlinkKafkaProducer [] - Starting FlinkKafkaInternalProducer (7/8) to produce into default topic synergia-m1-out
2026-10-01 02:41:11,675 INFO  org.apache.kafka.common.utils.AppInfoParser                  [] - Kafka version: 2.6.3
2026-10-01 02:41:11,675 INFO  org.apache.kafka.common.utils.AppInfoParser                  [] - Kafka commitId: c24cbd3f5eeffa1e
2026-10-01 02:41:11,675 INFO  org.apache.kafka.common.utils.AppInfoParser                  [] - Kafka startTimeMs: 1790822471648
2026-10-01 02:41:11,675 INFO  org.apache.flink.streaming.connectors.kafka.FlinkKafkaProducer [] - Starting FlinkKafkaInternalProducer (3/8) to produce into default topic synergia-scores
2026-10-01 02:41:11,675 INFO  org.apache.kafka.common.utils.AppInfoParser                  [] - Kafka version: 2.6.3
2026-10-01 02:41:11,675 INFO  org.apache.kafka.common.utils.AppInfoParser                  [] - Kafka commitId: c24cbd3f5eeffa1e
2026-10-01 02:41:11,676 INFO  org.apache.kafka.common.utils.AppInfoParser                  [] - Kafka startTimeMs: 1790822471648
2026-10-01 02:41:11,676 INFO  org.apache.flink.streaming.connectors.kafka.FlinkKafkaProducer [] - Starting FlinkKafkaInternalProducer (7/8) to produce into default topic synergia-monitoring
2026-10-01 02:41:11,676 INFO  org.apache.kafka.common.utils.AppInfoParser                  [] - Kafka version: 2.6.3
2026-10-01 02:41:11,676 INFO  org.apache.kafka.common.utils.AppInfoParser                  [] - Kafka commitId: c24cbd3f5eeffa1e
2026-10-01 02:41:11,676 INFO  org.apache.kafka.common.utils.AppInfoParser                  [] - Kafka startTimeMs: 1790822471648
2026-10-01 02:41:11,676 INFO  org.apache.kafka.common.utils.AppInfoParser                  [] - Kafka version: 2.6.3
2026-10-01 02:41:11,676 INFO  org.apache.kafka.common.utils.AppInfoParser                  [] - Kafka commitId: c24cbd3f5eeffa1e
2026-10-01 02:41:11,676 INFO  org.apache.kafka.common.utils.AppInfoParser                  [] - Kafka startTimeMs: 1790822471647
2026-10-01 02:41:11,677 INFO  org.apache.kafka.common.utils.AppInfoParser                  [] - Kafka version: 2.6.3
2026-10-01 02:41:11,677 INFO  org.apache.kafka.common.utils.AppInfoParser                  [] - Kafka commitId: c24cbd3f5eeffa1e
2026-10-01 02:41:11,677 INFO  org.apache.kafka.common.utils.AppInfoParser                  [] - Kafka startTimeMs: 1790822471646
2026-10-01 02:41:11,677 INFO  org.apache.kafka.common.utils.AppInfoParser                  [] - Kafka version: 2.6.3
2026-10-01 02:41:11,677 INFO  org.apache.kafka.common.utils.AppInfoParser                  [] - Kafka commitId: c24cbd3f5eeffa1e
2026-10-01 02:41:11,677 INFO  org.apache.kafka.common.utils.AppInfoParser                  [] - Kafka startTimeMs: 1790822471645
2026-10-01 02:41:11,678 INFO  org.apache.kafka.common.utils.AppInfoParser                  [] - Kafka version: 2.6.3
2026-10-01 02:41:11,678 INFO  org.apache.kafka.common.utils.AppInfoParser                  [] - Kafka commitId: c24cbd3f5eeffa1e
2026-10-01 02:41:11,678 INFO  org.apache.kafka.common.utils.AppInfoParser                  [] - Kafka startTimeMs: 1790822471641
2026-10-01 02:41:11,679 INFO  org.apache.flink.streaming.connectors.kafka.FlinkKafkaProducer [] - Starting FlinkKafkaInternalProducer (7/8) to produce into default topic synergia-scores
2026-10-01 02:41:11,679 INFO  org.apache.kafka.common.utils.AppInfoParser                  [] - Kafka version: 2.6.3
2026-10-01 02:41:11,679 INFO  org.apache.kafka.common.utils.AppInfoParser                  [] - Kafka commitId: c24cbd3f5eeffa1e
2026-10-01 02:41:11,679 INFO  org.apache.kafka.common.utils.AppInfoParser                  [] - Kafka startTimeMs: 1790822471633
2026-10-01 02:41:11,679 INFO  org.apache.flink.streaming.connectors.kafka.FlinkKafkaProducer [] - Starting FlinkKafkaInternalProducer (2/8) to produce into default topic synergia-scores
2026-10-01 02:41:11,679 INFO  org.apache.kafka.common.utils.AppInfoParser                  [] - Kafka version: 2.6.3
2026-10-01 02:41:11,679 INFO  org.apache.kafka.common.utils.AppInfoParser                  [] - Kafka commitId: c24cbd3f5eeffa1e
2026-10-01 02:41:11,679 INFO  org.apache.kafka.common.utils.AppInfoParser                  [] - Kafka startTimeMs: 1790822471619
2026-10-01 02:41:11,680 INFO  org.apache.flink.streaming.connectors.kafka.FlinkKafkaProducer [] - Starting FlinkKafkaInternalProducer (3/8) to produce into default topic synergia-scores
2026-10-01 02:41:11,680 INFO  org.apache.kafka.common.utils.AppInfoParser                  [] - Kafka version: 2.6.3
2026-10-01 02:41:11,680 INFO  org.apache.kafka.common.utils.AppInfoParser                  [] - Kafka commitId: c24cbd3f5eeffa1e
2026-10-01 02:41:11,680 INFO  org.apache.kafka.common.utils.AppInfoParser                  [] - Kafka startTimeMs: 1790822471618
2026-10-01 02:41:11,680 INFO  org.apache.flink.streaming.connectors.kafka.FlinkKafkaProducer [] - Starting FlinkKafkaInternalProducer (2/8) to produce into default topic synergia-monitoring
2026-10-01 02:41:11,680 INFO  org.apache.kafka.common.utils.AppInfoParser                  [] - Kafka version: 2.6.3
2026-10-01 02:41:11,680 INFO  org.apache.kafka.common.utils.AppInfoParser                  [] - Kafka commitId: c24cbd3f5eeffa1e
2026-10-01 02:41:11,680 INFO  org.apache.kafka.common.utils.AppInfoParser                  [] - Kafka startTimeMs: 1790822471615
2026-10-01 02:41:11,681 INFO  org.apache.flink.streaming.connectors.kafka.FlinkKafkaProducer [] - Starting FlinkKafkaInternalProducer (6/8) to produce into default topic synergia-scores
2026-10-01 02:41:11,681 INFO  org.apache.kafka.common.utils.AppInfoParser                  [] - Kafka version: 2.6.3
2026-10-01 02:41:11,681 INFO  org.apache.kafka.common.utils.AppInfoParser                  [] - Kafka commitId: c24cbd3f5eeffa1e
2026-10-01 02:41:11,681 INFO  org.apache.kafka.common.utils.AppInfoParser                  [] - Kafka startTimeMs: 1790822471606
2026-10-01 02:41:11,681 INFO  org.apache.flink.streaming.connectors.kafka.FlinkKafkaProducer [] - Starting FlinkKafkaInternalProducer (6/8) to produce into default topic synergia-monitoring
2026-10-01 02:41:11,681 INFO  org.apache.kafka.common.utils.AppInfoParser                  [] - Kafka version: 2.6.3
2026-10-01 02:41:11,681 INFO  org.apache.kafka.common.utils.AppInfoParser                  [] - Kafka commitId: c24cbd3f5eeffa1e
2026-10-01 02:41:11,681 INFO  org.apache.kafka.common.utils.AppInfoParser                  [] - Kafka startTimeMs: 1790822471599
2026-10-01 02:41:11,682 INFO  org.apache.flink.streaming.connectors.kafka.FlinkKafkaProducer [] - Starting FlinkKafkaInternalProducer (6/8) to produce into default topic synergia-m1-out
2026-10-01 02:41:11,709 INFO  org.apache.flink.streaming.api.functions.sink.TwoPhaseCommitSinkFunction [] - FlinkKafkaProducer 6/8 - no state to restore
2026-10-01 02:41:11,714 INFO  org.apache.flink.streaming.api.functions.sink.TwoPhaseCommitSinkFunction [] - FlinkKafkaProducer 2/8 - no state to restore
2026-10-01 02:41:11,719 INFO  org.apache.flink.runtime.state.heap.HeapKeyedStateBackendBuilder [] - Finished to build heap keyed state-backend.
2026-10-01 02:41:11,722 INFO  org.apache.flink.runtime.state.heap.HeapKeyedStateBackend    [] - Initializing heap keyed state backend with stream factory.
2026-10-01 02:41:11,731 INFO  org.apache.flink.runtime.state.heap.HeapKeyedStateBackendBuilder [] - Finished to build heap keyed state-backend.
2026-10-01 02:41:11,731 INFO  org.apache.flink.runtime.state.heap.HeapKeyedStateBackend    [] - Initializing heap keyed state backend with stream factory.
2026-10-01 02:41:11,736 INFO  org.apache.flink.streaming.api.functions.sink.TwoPhaseCommitSinkFunction [] - FlinkKafkaProducer 6/8 - no state to restore
2026-10-01 02:41:11,737 INFO  org.apache.kafka.clients.producer.ProducerConfig             [] - ProducerConfig values: 
	acks = 1
	batch.size = 16384
	bootstrap.servers = [172.16.0.162:9092, 172.16.0.163:9092, 172.16.0.164:9092]
	buffer.memory = 33554432
	client.dns.lookup = use_all_dns_ips
	client.id = producer-18
	compression.type = none
	connections.max.idle.ms = 540000
	delivery.timeout.ms = 120000
	enable.idempotence = false
	interceptor.classes = []
	internal.auto.downgrade.txn.commit = false
	key.serializer = class org.apache.kafka.common.serialization.ByteArraySerializer
	linger.ms = 0
	max.block.ms = 60000
	max.in.flight.requests.per.connection = 5
	max.request.size = 1048576
	metadata.max.age.ms = 300000
	metadata.max.idle.ms = 300000
	metric.reporters = []
	metrics.num.samples = 2
	metrics.recording.level = INFO
	metrics.sample.window.ms = 30000
	partitioner.class = class org.apache.kafka.clients.producer.internals.DefaultPartitioner
	receive.buffer.bytes = 32768
	reconnect.backoff.max.ms = 1000
	reconnect.backoff.ms = 50
	request.timeout.ms = 30000
	retries = 2147483647
	retry.backoff.ms = 100
	sasl.client.callback.handler.class = null
	sasl.jaas.config = null
	sasl.kerberos.kinit.cmd = /usr/bin/kinit
	sasl.kerberos.min.time.before.relogin = 60000
	sasl.kerberos.service.name = null
	sasl.kerberos.ticket.renew.jitter = 0.05
	sasl.kerberos.ticket.renew.window.factor = 0.8
	sasl.login.callback.handler.class = null
	sasl.login.class = null
	sasl.login.refresh.buffer.seconds = 300
	sasl.login.refresh.min.period.seconds = 60
	sasl.login.refresh.window.factor = 0.8
	sasl.login.refresh.window.jitter = 0.05
	sasl.mechanism = GSSAPI
	security.protocol = PLAINTEXT
	security.providers = null
	send.buffer.bytes = 131072
	ssl.cipher.suites = null
	ssl.enabled.protocols = [TLSv1.2, TLSv1.3]
	ssl.endpoint.identification.algorithm = https
	ssl.engine.factory.class = null
	ssl.key.password = null
	ssl.keymanager.algorithm = SunX509
	ssl.keystore.location = null
	ssl.keystore.password = null
	ssl.keystore.type = JKS
	ssl.protocol = TLSv1.3
	ssl.provider = null
	ssl.secure.random.implementation = null
	ssl.trustmanager.algorithm = PKIX
	ssl.truststore.location = null
	ssl.truststore.password = null
	ssl.truststore.type = JKS
	transaction.timeout.ms = 3600000
	transactional.id = null
	value.serializer = class org.apache.kafka.common.serialization.ByteArraySerializer

2026-10-01 02:41:11,737 INFO  org.apache.kafka.clients.producer.ProducerConfig             [] - ProducerConfig values: 
	acks = 1
	batch.size = 16384
	bootstrap.servers = [172.16.0.162:9092, 172.16.0.163:9092, 172.16.0.164:9092]
	buffer.memory = 33554432
	client.dns.lookup = use_all_dns_ips
	client.id = producer-17
	compression.type = none
	connections.max.idle.ms = 540000
	delivery.timeout.ms = 120000
	enable.idempotence = false
	interceptor.classes = []
	internal.auto.downgrade.txn.commit = false
	key.serializer = class org.apache.kafka.common.serialization.ByteArraySerializer
	linger.ms = 0
	max.block.ms = 60000
	max.in.flight.requests.per.connection = 5
	max.request.size = 1048576
	metadata.max.age.ms = 300000
	metadata.max.idle.ms = 300000
	metric.reporters = []
	metrics.num.samples = 2
	metrics.recording.level = INFO
	metrics.sample.window.ms = 30000
	partitioner.class = class org.apache.kafka.clients.producer.internals.DefaultPartitioner
	receive.buffer.bytes = 32768
	reconnect.backoff.max.ms = 1000
	reconnect.backoff.ms = 50
	request.timeout.ms = 30000
	retries = 2147483647
	retry.backoff.ms = 100
	sasl.client.callback.handler.class = null
	sasl.jaas.config = null
	sasl.kerberos.kinit.cmd = /usr/bin/kinit
	sasl.kerberos.min.time.before.relogin = 60000
	sasl.kerberos.service.name = null
	sasl.kerberos.ticket.renew.jitter = 0.05
	sasl.kerberos.ticket.renew.window.factor = 0.8
	sasl.login.callback.handler.class = null
	sasl.login.class = null
	sasl.login.refresh.buffer.seconds = 300
	sasl.login.refresh.min.period.seconds = 60
	sasl.login.refresh.window.factor = 0.8
	sasl.login.refresh.window.jitter = 0.05
	sasl.mechanism = GSSAPI
	security.protocol = PLAINTEXT
	security.providers = null
	send.buffer.bytes = 131072
	ssl.cipher.suites = null
	ssl.enabled.protocols = [TLSv1.2, TLSv1.3]
	ssl.endpoint.identification.algorithm = https
	ssl.engine.factory.class = null
	ssl.key.password = null
	ssl.keymanager.algorithm = SunX509
	ssl.keystore.location = null
	ssl.keystore.password = null
	ssl.keystore.type = JKS
	ssl.protocol = TLSv1.3
	ssl.provider = null
	ssl.secure.random.implementation = null
	ssl.trustmanager.algorithm = PKIX
	ssl.truststore.location = null
	ssl.truststore.password = null
	ssl.truststore.type = JKS
	transaction.timeout.ms = 3600000
	transactional.id = null
	value.serializer = class org.apache.kafka.common.serialization.ByteArraySerializer

2026-10-01 02:41:11,740 INFO  org.apache.kafka.clients.producer.ProducerConfig             [] - ProducerConfig values: 
	acks = 1
	batch.size = 16384
	bootstrap.servers = [172.16.0.162:9092, 172.16.0.163:9092, 172.16.0.164:9092]
	buffer.memory = 33554432
	client.dns.lookup = use_all_dns_ips
	client.id = producer-19
	compression.type = none
	connections.max.idle.ms = 540000
	delivery.timeout.ms = 120000
	enable.idempotence = false
	interceptor.classes = []
	internal.auto.downgrade.txn.commit = false
	key.serializer = class org.apache.kafka.common.serialization.ByteArraySerializer
	linger.ms = 0
	max.block.ms = 60000
	max.in.flight.requests.per.connection = 5
	max.request.size = 1048576
	metadata.max.age.ms = 300000
	metadata.max.idle.ms = 300000
	metric.reporters = []
	metrics.num.samples = 2
	metrics.recording.level = INFO
	metrics.sample.window.ms = 30000
	partitioner.class = class org.apache.kafka.clients.producer.internals.DefaultPartitioner
	receive.buffer.bytes = 32768
	reconnect.backoff.max.ms = 1000
	reconnect.backoff.ms = 50
	request.timeout.ms = 30000
	retries = 2147483647
	retry.backoff.ms = 100
	sasl.client.callback.handler.class = null
	sasl.jaas.config = null
	sasl.kerberos.kinit.cmd = /usr/bin/kinit
	sasl.kerberos.min.time.before.relogin = 60000
	sasl.kerberos.service.name = null
	sasl.kerberos.ticket.renew.jitter = 0.05
	sasl.kerberos.ticket.renew.window.factor = 0.8
	sasl.login.callback.handler.class = null
	sasl.login.class = null
	sasl.login.refresh.buffer.seconds = 300
	sasl.login.refresh.min.period.seconds = 60
	sasl.login.refresh.window.factor = 0.8
	sasl.login.refresh.window.jitter = 0.05
	sasl.mechanism = GSSAPI
	security.protocol = PLAINTEXT
	security.providers = null
	send.buffer.bytes = 131072
	ssl.cipher.suites = null
	ssl.enabled.protocols = [TLSv1.2, TLSv1.3]
	ssl.endpoint.identification.algorithm = https
	ssl.engine.factory.class = null
	ssl.key.password = null
	ssl.keymanager.algorithm = SunX509
	ssl.keystore.location = null
	ssl.keystore.password = null
	ssl.keystore.type = JKS
	ssl.protocol = TLSv1.3
	ssl.provider = null
	ssl.secure.random.implementation = null
	ssl.trustmanager.algorithm = PKIX
	ssl.truststore.location = null
	ssl.truststore.password = null
	ssl.truststore.type = JKS
	transaction.timeout.ms = 3600000
	transactional.id = null
	value.serializer = class org.apache.kafka.common.serialization.ByteArraySerializer

2026-10-01 02:41:11,746 INFO  org.apache.flink.streaming.api.functions.sink.TwoPhaseCommitSinkFunction [] - FlinkKafkaProducer 3/8 - no state to restore
2026-10-01 02:41:11,770 INFO  org.apache.flink.runtime.state.heap.HeapKeyedStateBackendBuilder [] - Finished to build heap keyed state-backend.
2026-10-01 02:41:11,770 INFO  org.apache.flink.runtime.state.heap.HeapKeyedStateBackend    [] - Initializing heap keyed state backend with stream factory.
2026-10-01 02:41:11,770 INFO  org.apache.flink.runtime.state.heap.HeapKeyedStateBackendBuilder [] - Finished to build heap keyed state-backend.
2026-10-01 02:41:11,769 INFO  org.apache.flink.streaming.api.functions.sink.TwoPhaseCommitSinkFunction [] - FlinkKafkaProducer 7/8 - no state to restore
2026-10-01 02:41:11,767 INFO  org.apache.flink.runtime.state.heap.HeapKeyedStateBackendBuilder [] - Finished to build heap keyed state-backend.
2026-10-01 02:41:11,764 INFO  org.apache.flink.runtime.state.heap.HeapKeyedStateBackendBuilder [] - Finished to build heap keyed state-backend.
2026-10-01 02:41:11,752 INFO  org.apache.kafka.common.utils.AppInfoParser                  [] - Kafka version: 2.6.3
2026-10-01 02:41:11,789 INFO  org.apache.flink.runtime.state.heap.HeapKeyedStateBackend    [] - Initializing heap keyed state backend with stream factory.
2026-10-01 02:41:11,788 INFO  org.apache.kafka.clients.producer.ProducerConfig             [] - ProducerConfig values: 
	acks = 1
	batch.size = 16384
	bootstrap.servers = [172.16.0.162:9092, 172.16.0.163:9092, 172.16.0.164:9092]
	buffer.memory = 33554432
	client.dns.lookup = use_all_dns_ips
	client.id = producer-20
	compression.type = none
	connections.max.idle.ms = 540000
	delivery.timeout.ms = 120000
	enable.idempotence = false
	interceptor.classes = []
	internal.auto.downgrade.txn.commit = false
	key.serializer = class org.apache.kafka.common.serialization.ByteArraySerializer
	linger.ms = 0
	max.block.ms = 60000
	max.in.flight.requests.per.connection = 5
	max.request.size = 1048576
	metadata.max.age.ms = 300000
	metadata.max.idle.ms = 300000
	metric.reporters = []
	metrics.num.samples = 2
	metrics.recording.level = INFO
	metrics.sample.window.ms = 30000
	partitioner.class = class org.apache.kafka.clients.producer.internals.DefaultPartitioner
	receive.buffer.bytes = 32768
	reconnect.backoff.max.ms = 1000
	reconnect.backoff.ms = 50
	request.timeout.ms = 30000
	retries = 2147483647
	retry.backoff.ms = 100
	sasl.client.callback.handler.class = null
	sasl.jaas.config = null
	sasl.kerberos.kinit.cmd = /usr/bin/kinit
	sasl.kerberos.min.time.before.relogin = 60000
	sasl.kerberos.service.name = null
	sasl.kerberos.ticket.renew.jitter = 0.05
	sasl.kerberos.ticket.renew.window.factor = 0.8
	sasl.login.callback.handler.class = null
	sasl.login.class = null
	sasl.login.refresh.buffer.seconds = 300
	sasl.login.refresh.min.period.seconds = 60
	sasl.login.refresh.window.factor = 0.8
	sasl.login.refresh.window.jitter = 0.05
	sasl.mechanism = GSSAPI
	security.protocol = PLAINTEXT
	security.providers = null
	send.buffer.bytes = 131072
	ssl.cipher.suites = null
	ssl.enabled.protocols = [TLSv1.2, TLSv1.3]
	ssl.endpoint.identification.algorithm = https
	ssl.engine.factory.class = null
	ssl.key.password = null
	ssl.keymanager.algorithm = SunX509
	ssl.keystore.location = null
	ssl.keystore.password = null
	ssl.keystore.type = JKS
	ssl.protocol = TLSv1.3
	ssl.provider = null
	ssl.secure.random.implementation = null
	ssl.trustmanager.algorithm = PKIX
	ssl.truststore.location = null
	ssl.truststore.password = null
	ssl.truststore.type = JKS
	transaction.timeout.ms = 3600000
	transactional.id = null
	value.serializer = class org.apache.kafka.common.serialization.ByteArraySerializer

2026-10-01 02:41:11,791 INFO  org.apache.flink.runtime.taskmanager.Task                    [] - MonitoringAggregator -> Sink: Kafka Sink [synergia-monitoring / M1] (3/8)#0 (7cd8752240b73a6e92080d0632a449a9) switched from INITIALIZING to RUNNING.
2026-10-01 02:41:11,783 INFO  org.apache.flink.runtime.state.heap.HeapKeyedStateBackendBuilder [] - Finished to build heap keyed state-backend.
2026-10-01 02:41:11,792 INFO  org.apache.flink.runtime.state.heap.HeapKeyedStateBackend    [] - Initializing heap keyed state backend with stream factory.
2026-10-01 02:41:11,790 INFO  org.apache.flink.runtime.state.heap.HeapKeyedStateBackend    [] - Initializing heap keyed state backend with stream factory.
2026-10-01 02:41:11,790 INFO  org.apache.kafka.clients.producer.ProducerConfig             [] - ProducerConfig values: 
	acks = 1
	batch.size = 16384
	bootstrap.servers = [172.16.0.162:9092, 172.16.0.163:9092, 172.16.0.164:9092]
	buffer.memory = 33554432
	client.dns.lookup = use_all_dns_ips
	client.id = producer-21
	compression.type = none
	connections.max.idle.ms = 540000
	delivery.timeout.ms = 120000
	enable.idempotence = false
	interceptor.classes = []
	internal.auto.downgrade.txn.commit = false
	key.serializer = class org.apache.kafka.common.serialization.ByteArraySerializer
	linger.ms = 0
	max.block.ms = 60000
	max.in.flight.requests.per.connection = 5
	max.request.size = 1048576
	metadata.max.age.ms = 300000
	metadata.max.idle.ms = 300000
	metric.reporters = []
	metrics.num.samples = 2
	metrics.recording.level = INFO
	metrics.sample.window.ms = 30000
	partitioner.class = class org.apache.kafka.clients.producer.internals.DefaultPartitioner
	receive.buffer.bytes = 32768
	reconnect.backoff.max.ms = 1000
	reconnect.backoff.ms = 50
	request.timeout.ms = 30000
	retries = 2147483647
	retry.backoff.ms = 100
	sasl.client.callback.handler.class = null
	sasl.jaas.config = null
	sasl.kerberos.kinit.cmd = /usr/bin/kinit
	sasl.kerberos.min.time.before.relogin = 60000
	sasl.kerberos.service.name = null
	sasl.kerberos.ticket.renew.jitter = 0.05
	sasl.kerberos.ticket.renew.window.factor = 0.8
	sasl.login.callback.handler.class = null
	sasl.login.class = null
	sasl.login.refresh.buffer.seconds = 300
	sasl.login.refresh.min.period.seconds = 60
	sasl.login.refresh.window.factor = 0.8
	sasl.login.refresh.window.jitter = 0.05
	sasl.mechanism = GSSAPI
	security.protocol = PLAINTEXT
	security.providers = null
	send.buffer.bytes = 131072
	ssl.cipher.suites = null
	ssl.enabled.protocols = [TLSv1.2, TLSv1.3]
	ssl.endpoint.identification.algorithm = https
	ssl.engine.factory.class = null
	ssl.key.password = null
	ssl.keymanager.algorithm = SunX509
	ssl.keystore.location = null
	ssl.keystore.password = null
	ssl.keystore.type = JKS
	ssl.protocol = TLSv1.3
	ssl.provider = null
	ssl.secure.random.implementation = null
	ssl.trustmanager.algorithm = PKIX
	ssl.truststore.location = null
	ssl.truststore.password = null
	ssl.truststore.type = JKS
	transaction.timeout.ms = 3600000
	transactional.id = null
	value.serializer = class org.apache.kafka.common.serialization.ByteArraySerializer

2026-10-01 02:41:11,796 INFO  org.apache.flink.runtime.state.heap.HeapKeyedStateBackendBuilder [] - Finished to build heap keyed state-backend.
2026-10-01 02:41:11,796 INFO  org.apache.flink.runtime.state.heap.HeapKeyedStateBackend    [] - Initializing heap keyed state backend with stream factory.
2026-10-01 02:41:11,789 INFO  org.apache.flink.runtime.taskmanager.Task                    [] - RawCache -> (Sink: Kafka Sink [synergia-m1-out], M2Gate) (2/8)#0 (dd6726b77a0f0dd4a8c392f0e8bf2471) switched from INITIALIZING to RUNNING.
2026-10-01 02:41:11,789 INFO  org.apache.flink.runtime.state.heap.HeapKeyedStateBackend    [] - Initializing heap keyed state backend with stream factory.
2026-10-01 02:41:11,789 INFO  org.apache.kafka.common.utils.AppInfoParser                  [] - Kafka commitId: c24cbd3f5eeffa1e
2026-10-01 02:41:11,800 INFO  org.apache.kafka.common.utils.AppInfoParser                  [] - Kafka startTimeMs: 1790822471752
2026-10-01 02:41:11,800 INFO  org.apache.flink.streaming.connectors.kafka.FlinkKafkaProducer [] - Starting FlinkKafkaInternalProducer (6/8) to produce into default topic synergia-monitoring
2026-10-01 02:41:11,800 INFO  org.apache.kafka.common.utils.AppInfoParser                  [] - Kafka version: 2.6.3
2026-10-01 02:41:11,800 INFO  org.apache.kafka.common.utils.AppInfoParser                  [] - Kafka commitId: c24cbd3f5eeffa1e
2026-10-01 02:41:11,800 INFO  org.apache.kafka.common.utils.AppInfoParser                  [] - Kafka startTimeMs: 1790822471765
2026-10-01 02:41:11,800 INFO  org.apache.flink.streaming.connectors.kafka.FlinkKafkaProducer [] - Starting FlinkKafkaInternalProducer (2/8) to produce into default topic synergia-monitoring
2026-10-01 02:41:11,800 INFO  org.apache.kafka.common.utils.AppInfoParser                  [] - Kafka version: 2.6.3
2026-10-01 02:41:11,800 INFO  org.apache.kafka.common.utils.AppInfoParser                  [] - Kafka commitId: c24cbd3f5eeffa1e
2026-10-01 02:41:11,785 INFO  org.apache.flink.streaming.api.functions.sink.TwoPhaseCommitSinkFunction [] - FlinkKafkaProducer 7/8 - no state to restore
2026-10-01 02:41:11,801 INFO  org.apache.kafka.common.utils.AppInfoParser                  [] - Kafka startTimeMs: 1790822471759
2026-10-01 02:41:11,804 INFO  org.apache.flink.streaming.api.functions.sink.TwoPhaseCommitSinkFunction [] - FlinkKafkaProducer 2/8 - no state to restore
2026-10-01 02:41:11,812 INFO  org.apache.flink.streaming.api.functions.sink.TwoPhaseCommitSinkFunction [] - FlinkKafkaProducer 3/8 - no state to restore
2026-10-01 02:41:11,810 INFO  org.apache.kafka.clients.producer.ProducerConfig             [] - ProducerConfig values: 
	acks = 1
	batch.size = 16384
	bootstrap.servers = [172.16.0.162:9092, 172.16.0.163:9092, 172.16.0.164:9092]
	buffer.memory = 33554432
	client.dns.lookup = use_all_dns_ips
	client.id = producer-22
	compression.type = none
	connections.max.idle.ms = 540000
	delivery.timeout.ms = 120000
	enable.idempotence = false
	interceptor.classes = []
	internal.auto.downgrade.txn.commit = false
	key.serializer = class org.apache.kafka.common.serialization.ByteArraySerializer
	linger.ms = 0
	max.block.ms = 60000
	max.in.flight.requests.per.connection = 5
	max.request.size = 1048576
	metadata.max.age.ms = 300000
	metadata.max.idle.ms = 300000
	metric.reporters = []
	metrics.num.samples = 2
	metrics.recording.level = INFO
	metrics.sample.window.ms = 30000
	partitioner.class = class org.apache.kafka.clients.producer.internals.DefaultPartitioner
	receive.buffer.bytes = 32768
	reconnect.backoff.max.ms = 1000
	reconnect.backoff.ms = 50
	request.timeout.ms = 30000
	retries = 2147483647
	retry.backoff.ms = 100
	sasl.client.callback.handler.class = null
	sasl.jaas.config = null
	sasl.kerberos.kinit.cmd = /usr/bin/kinit
	sasl.kerberos.min.time.before.relogin = 60000
	sasl.kerberos.service.name = null
	sasl.kerberos.ticket.renew.jitter = 0.05
	sasl.kerberos.ticket.renew.window.factor = 0.8
	sasl.login.callback.handler.class = null
	sasl.login.class = null
	sasl.login.refresh.buffer.seconds = 300
	sasl.login.refresh.min.period.seconds = 60
	sasl.login.refresh.window.factor = 0.8
	sasl.login.refresh.window.jitter = 0.05
	sasl.mechanism = GSSAPI
	security.protocol = PLAINTEXT
	security.providers = null
	send.buffer.bytes = 131072
	ssl.cipher.suites = null
	ssl.enabled.protocols = [TLSv1.2, TLSv1.3]
	ssl.endpoint.identification.algorithm = https
	ssl.engine.factory.class = null
	ssl.key.password = null
	ssl.keymanager.algorithm = SunX509
	ssl.keystore.location = null
	ssl.keystore.password = null
	ssl.keystore.type = JKS
	ssl.protocol = TLSv1.3
	ssl.provider = null
	ssl.secure.random.implementation = null
	ssl.trustmanager.algorithm = PKIX
	ssl.truststore.location = null
	ssl.truststore.password = null
	ssl.truststore.type = JKS
	transaction.timeout.ms = 3600000
	transactional.id = null
	value.serializer = class org.apache.kafka.common.serialization.ByteArraySerializer

2026-10-01 02:41:11,804 INFO  org.apache.flink.streaming.connectors.kafka.FlinkKafkaProducer [] - Starting FlinkKafkaInternalProducer (6/8) to produce into default topic synergia-monitoring
2026-10-01 02:41:11,816 INFO  org.apache.kafka.common.utils.AppInfoParser                  [] - Kafka version: 2.6.3
2026-10-01 02:41:11,816 INFO  org.apache.kafka.common.utils.AppInfoParser                  [] - Kafka commitId: c24cbd3f5eeffa1e
2026-10-01 02:41:11,821 INFO  org.apache.kafka.common.utils.AppInfoParser                  [] - Kafka startTimeMs: 1790822471801
2026-10-01 02:41:11,822 INFO  org.apache.kafka.common.utils.AppInfoParser                  [] - Kafka version: 2.6.3
2026-10-01 02:41:11,822 INFO  org.apache.kafka.common.utils.AppInfoParser                  [] - Kafka commitId: c24cbd3f5eeffa1e
2026-10-01 02:41:11,822 INFO  org.apache.kafka.common.utils.AppInfoParser                  [] - Kafka startTimeMs: 1790822471818
2026-10-01 02:41:11,823 INFO  org.apache.kafka.clients.producer.ProducerConfig             [] - ProducerConfig values: 
	acks = 1
	batch.size = 16384
	bootstrap.servers = [172.16.0.162:9092, 172.16.0.163:9092, 172.16.0.164:9092]
	buffer.memory = 33554432
	client.dns.lookup = use_all_dns_ips
	client.id = producer-23
	compression.type = none
	connections.max.idle.ms = 540000
	delivery.timeout.ms = 120000
	enable.idempotence = false
	interceptor.classes = []
	internal.auto.downgrade.txn.commit = false
	key.serializer = class org.apache.kafka.common.serialization.ByteArraySerializer
	linger.ms = 0
	max.block.ms = 60000
	max.in.flight.requests.per.connection = 5
	max.request.size = 1048576
	metadata.max.age.ms = 300000
	metadata.max.idle.ms = 300000
	metric.reporters = []
	metrics.num.samples = 2
	metrics.recording.level = INFO
	metrics.sample.window.ms = 30000
	partitioner.class = class org.apache.kafka.clients.producer.internals.DefaultPartitioner
	receive.buffer.bytes = 32768
	reconnect.backoff.max.ms = 1000
	reconnect.backoff.ms = 50
	request.timeout.ms = 30000
	retries = 2147483647
	retry.backoff.ms = 100
	sasl.client.callback.handler.class = null
	sasl.jaas.config = null
	sasl.kerberos.kinit.cmd = /usr/bin/kinit
	sasl.kerberos.min.time.before.relogin = 60000
	sasl.kerberos.service.name = null
	sasl.kerberos.ticket.renew.jitter = 0.05
	sasl.kerberos.ticket.renew.window.factor = 0.8
	sasl.login.callback.handler.class = null
	sasl.login.class = null
	sasl.login.refresh.buffer.seconds = 300
	sasl.login.refresh.min.period.seconds = 60
	sasl.login.refresh.window.factor = 0.8
	sasl.login.refresh.window.jitter = 0.05
	sasl.mechanism = GSSAPI
	security.protocol = PLAINTEXT
	security.providers = null
	send.buffer.bytes = 131072
	ssl.cipher.suites = null
	ssl.enabled.protocols = [TLSv1.2, TLSv1.3]
	ssl.endpoint.identification.algorithm = https
	ssl.engine.factory.class = null
	ssl.key.password = null
	ssl.keymanager.algorithm = SunX509
	ssl.keystore.location = null
	ssl.keystore.password = null
	ssl.keystore.type = JKS
	ssl.protocol = TLSv1.3
	ssl.provider = null
	ssl.secure.random.implementation = null
	ssl.trustmanager.algorithm = PKIX
	ssl.truststore.location = null
	ssl.truststore.password = null
	ssl.truststore.type = JKS
	transaction.timeout.ms = 3600000
	transactional.id = null
	value.serializer = class org.apache.kafka.common.serialization.ByteArraySerializer

2026-10-01 02:41:11,823 INFO  org.apache.flink.streaming.connectors.kafka.FlinkKafkaProducer [] - Starting FlinkKafkaInternalProducer (3/8) to produce into default topic synergia-monitoring
2026-10-01 02:41:11,823 INFO  org.apache.flink.streaming.connectors.kafka.FlinkKafkaProducer [] - Starting FlinkKafkaInternalProducer (7/8) to produce into default topic synergia-monitoring
2026-10-01 02:41:11,810 INFO  org.apache.flink.runtime.state.heap.HeapKeyedStateBackendBuilder [] - Finished to build heap keyed state-backend.
2026-10-01 02:41:11,824 INFO  org.apache.flink.runtime.state.heap.HeapKeyedStateBackend    [] - Initializing heap keyed state backend with stream factory.
2026-10-01 02:41:11,827 INFO  org.apache.flink.runtime.taskmanager.Task                    [] - MonitoringAggregator -> Sink: Kafka Sink [synergia-monitoring / M1] (7/8)#0 (92ba097e7128dac07819833d6575623f) switched from INITIALIZING to RUNNING.
2026-10-01 02:41:11,831 INFO  org.apache.flink.runtime.taskmanager.Task                    [] - RawCache -> (Sink: Kafka Sink [synergia-m1-out], M2Gate) (3/8)#0 (9fef2505298f01b75b56a344bcfe7c2e) switched from INITIALIZING to RUNNING.
2026-10-01 02:41:11,832 INFO  org.apache.flink.runtime.taskmanager.Task                    [] - MonitoringAggregator -> Sink: Kafka Sink [synergia-monitoring / M1] (6/8)#0 (077c60363aaee95107326d98fc10f327) switched from INITIALIZING to RUNNING.
2026-10-01 02:41:11,835 INFO  org.apache.flink.runtime.taskmanager.Task                    [] - MonitoringAggregator -> Sink: Kafka Sink [synergia-monitoring / M1] (2/8)#0 (0cd3457239ac4739d4eeaa2ff3fac659) switched from INITIALIZING to RUNNING.
2026-10-01 02:41:11,841 INFO  org.apache.kafka.common.utils.AppInfoParser                  [] - Kafka version: 2.6.3
2026-10-01 02:41:11,841 INFO  org.apache.kafka.common.utils.AppInfoParser                  [] - Kafka commitId: c24cbd3f5eeffa1e
2026-10-01 02:41:11,842 INFO  org.apache.kafka.common.utils.AppInfoParser                  [] - Kafka startTimeMs: 1790822471841
2026-10-01 02:41:11,842 INFO  org.apache.flink.streaming.connectors.kafka.FlinkKafkaProducer [] - Starting FlinkKafkaInternalProducer (7/8) to produce into default topic synergia-monitoring
2026-10-01 02:41:11,842 INFO  org.apache.kafka.clients.producer.ProducerConfig             [] - ProducerConfig values: 
	acks = 1
	batch.size = 16384
	bootstrap.servers = [172.16.0.162:9092, 172.16.0.163:9092, 172.16.0.164:9092]
	buffer.memory = 33554432
	client.dns.lookup = use_all_dns_ips
	client.id = producer-24
	compression.type = none
	connections.max.idle.ms = 540000
	delivery.timeout.ms = 120000
	enable.idempotence = false
	interceptor.classes = []
	internal.auto.downgrade.txn.commit = false
	key.serializer = class org.apache.kafka.common.serialization.ByteArraySerializer
	linger.ms = 0
	max.block.ms = 60000
	max.in.flight.requests.per.connection = 5
	max.request.size = 1048576
	metadata.max.age.ms = 300000
	metadata.max.idle.ms = 300000
	metric.reporters = []
	metrics.num.samples = 2
	metrics.recording.level = INFO
	metrics.sample.window.ms = 30000
	partitioner.class = class org.apache.kafka.clients.producer.internals.DefaultPartitioner
	receive.buffer.bytes = 32768
	reconnect.backoff.max.ms = 1000
	reconnect.backoff.ms = 50
	request.timeout.ms = 30000
	retries = 2147483647
	retry.backoff.ms = 100
	sasl.client.callback.handler.class = null
	sasl.jaas.config = null
	sasl.kerberos.kinit.cmd = /usr/bin/kinit
	sasl.kerberos.min.time.before.relogin = 60000
	sasl.kerberos.service.name = null
	sasl.kerberos.ticket.renew.jitter = 0.05
	sasl.kerberos.ticket.renew.window.factor = 0.8
	sasl.login.callback.handler.class = null
	sasl.login.class = null
	sasl.login.refresh.buffer.seconds = 300
	sasl.login.refresh.min.period.seconds = 60
	sasl.login.refresh.window.factor = 0.8
	sasl.login.refresh.window.jitter = 0.05
	sasl.mechanism = GSSAPI
	security.protocol = PLAINTEXT
	security.providers = null
	send.buffer.bytes = 131072
	ssl.cipher.suites = null
	ssl.enabled.protocols = [TLSv1.2, TLSv1.3]
	ssl.endpoint.identification.algorithm = https
	ssl.engine.factory.class = null
	ssl.key.password = null
	ssl.keymanager.algorithm = SunX509
	ssl.keystore.location = null
	ssl.keystore.password = null
	ssl.keystore.type = JKS
	ssl.protocol = TLSv1.3
	ssl.provider = null
	ssl.secure.random.implementation = null
	ssl.trustmanager.algorithm = PKIX
	ssl.truststore.location = null
	ssl.truststore.password = null
	ssl.truststore.type = JKS
	transaction.timeout.ms = 3600000
	transactional.id = null
	value.serializer = class org.apache.kafka.common.serialization.ByteArraySerializer

2026-10-01 02:41:11,842 INFO  org.apache.flink.runtime.taskmanager.Task                    [] - RawCache -> (Sink: Kafka Sink [synergia-m1-out], M2Gate) (7/8)#0 (0f5f28642bec52b2c8a4b83b13c0a081) switched from INITIALIZING to RUNNING.
2026-10-01 02:41:11,860 INFO  org.apache.flink.runtime.taskmanager.Task                    [] - RawCache -> (Sink: Kafka Sink [synergia-m1-out], M2Gate) (6/8)#0 (8ed7e468f91810dae91173b1aeab607d) switched from INITIALIZING to RUNNING.
2026-10-01 02:41:11,861 INFO  org.apache.flink.runtime.state.heap.HeapKeyedStateBackendBuilder [] - Finished to build heap keyed state-backend.
2026-10-01 02:41:11,862 INFO  org.apache.flink.runtime.state.heap.HeapKeyedStateBackend    [] - Initializing heap keyed state backend with stream factory.
2026-10-01 02:41:11,876 INFO  org.apache.kafka.common.utils.AppInfoParser                  [] - Kafka version: 2.6.3
2026-10-01 02:41:11,876 INFO  org.apache.kafka.common.utils.AppInfoParser                  [] - Kafka commitId: c24cbd3f5eeffa1e
2026-10-01 02:41:11,876 INFO  org.apache.kafka.common.utils.AppInfoParser                  [] - Kafka startTimeMs: 1790822471876
2026-10-01 02:41:11,877 INFO  org.apache.flink.streaming.connectors.kafka.FlinkKafkaProducer [] - Starting FlinkKafkaInternalProducer (2/8) to produce into default topic synergia-monitoring
2026-10-01 02:41:11,878 INFO  org.apache.kafka.common.utils.AppInfoParser                  [] - Kafka version: 2.6.3
2026-10-01 02:41:11,878 INFO  org.apache.kafka.common.utils.AppInfoParser                  [] - Kafka commitId: c24cbd3f5eeffa1e
2026-10-01 02:41:11,878 INFO  org.apache.kafka.common.utils.AppInfoParser                  [] - Kafka startTimeMs: 1790822471878
2026-10-01 02:41:11,878 INFO  org.apache.flink.streaming.connectors.kafka.FlinkKafkaProducer [] - Starting FlinkKafkaInternalProducer (3/8) to produce into default topic synergia-monitoring
2026-10-01 02:41:11,885 INFO  org.apache.flink.runtime.taskmanager.Task                    [] - M3-LSTM-AE -> (Sink: Kafka Sink [synergia-scores / M3], Sink: Kafka Sink [synergia-monitoring / M3]) (2/8)#0 (3b57d50b5b78f481957bce3dcd11a0f0) switched from INITIALIZING to RUNNING.
2026-10-01 02:41:11,891 INFO  org.apache.flink.runtime.state.heap.HeapKeyedStateBackendBuilder [] - Finished to build heap keyed state-backend.
2026-10-01 02:41:11,891 INFO  org.apache.flink.runtime.state.heap.HeapKeyedStateBackend    [] - Initializing heap keyed state backend with stream factory.
2026-10-01 02:41:11,898 INFO  org.apache.flink.runtime.state.heap.HeapKeyedStateBackendBuilder [] - Finished to build heap keyed state-backend.
2026-10-01 02:41:11,900 INFO  org.apache.flink.runtime.state.heap.HeapKeyedStateBackend    [] - Initializing heap keyed state backend with stream factory.
2026-10-01 02:41:11,912 INFO  org.apache.flink.runtime.state.heap.HeapKeyedStateBackendBuilder [] - Finished to build heap keyed state-backend.
2026-10-01 02:41:11,913 INFO  org.apache.flink.runtime.state.heap.HeapKeyedStateBackend    [] - Initializing heap keyed state backend with stream factory.
2026-10-01 02:41:11,920 INFO  org.apache.flink.runtime.state.heap.HeapKeyedStateBackendBuilder [] - Finished to build heap keyed state-backend.
2026-10-01 02:41:11,920 INFO  org.apache.flink.runtime.state.heap.HeapKeyedStateBackend    [] - Initializing heap keyed state backend with stream factory.
2026-10-01 02:41:11,923 INFO  org.apache.flink.runtime.taskmanager.Task                    [] - M3-LSTM-AE -> (Sink: Kafka Sink [synergia-scores / M3], Sink: Kafka Sink [synergia-monitoring / M3]) (7/8)#0 (19b23625f52d72d3563dea4ff417b3ca) switched from INITIALIZING to RUNNING.
2026-10-01 02:41:11,926 INFO  org.apache.flink.runtime.state.heap.HeapKeyedStateBackendBuilder [] - Finished to build heap keyed state-backend.
2026-10-01 02:41:11,927 INFO  org.apache.flink.runtime.state.heap.HeapKeyedStateBackend    [] - Initializing heap keyed state backend with stream factory.
2026-10-01 02:41:11,929 INFO  org.apache.flink.runtime.state.heap.HeapKeyedStateBackendBuilder [] - Finished to build heap keyed state-backend.
2026-10-01 02:41:11,929 INFO  org.apache.flink.runtime.state.heap.HeapKeyedStateBackend    [] - Initializing heap keyed state backend with stream factory.
2026-10-01 02:41:11,935 INFO  org.apache.flink.runtime.taskmanager.Task                    [] - Pmcod -> (Sink: Kafka Sink [synergia-scores], Sink: Kafka Sink [synergia-monitoring / M2], M2LateDrops) (6/8)#0 (ccf1533db1cbb9ff7b0cf47b550746a4) switched from INITIALIZING to RUNNING.
2026-10-01 02:41:11,949 INFO  org.apache.flink.runtime.taskmanager.Task                    [] - M3-LSTM-AE -> (Sink: Kafka Sink [synergia-scores / M3], Sink: Kafka Sink [synergia-monitoring / M3]) (6/8)#0 (cb1f5f9f2302bafabab294252fa6809a) switched from INITIALIZING to RUNNING.
2026-10-01 02:41:11,950 INFO  org.apache.flink.runtime.taskmanager.Task                    [] - Pmcod -> (Sink: Kafka Sink [synergia-scores], Sink: Kafka Sink [synergia-monitoring / M2], M2LateDrops) (3/8)#0 (b335918c6ab8023d50a7e0efb44ebc5e) switched from INITIALIZING to RUNNING.
2026-10-01 02:41:11,953 INFO  org.apache.flink.runtime.taskmanager.Task                    [] - M3-LSTM-AE -> (Sink: Kafka Sink [synergia-scores / M3], Sink: Kafka Sink [synergia-monitoring / M3]) (3/8)#0 (1acaac88511ae3cd2f7d470dcffca919) switched from INITIALIZING to RUNNING.
2026-10-01 02:41:11,956 INFO  org.apache.flink.runtime.taskmanager.Task                    [] - Pmcod -> (Sink: Kafka Sink [synergia-scores], Sink: Kafka Sink [synergia-monitoring / M2], M2LateDrops) (2/8)#0 (2a21bf03ff9fd7e2de90cc2131bba13b) switched from INITIALIZING to RUNNING.
2026-10-01 02:41:11,984 INFO  org.apache.flink.runtime.taskmanager.Task                    [] - Pmcod -> (Sink: Kafka Sink [synergia-scores], Sink: Kafka Sink [synergia-monitoring / M2], M2LateDrops) (7/8)#0 (a42bf38005a8277cfd1b9c719d9f964e) switched from INITIALIZING to RUNNING.
2026-10-01 02:41:12,166 INFO  org.apache.kafka.clients.Metadata                            [] - [Consumer clientId=consumer-m2-job-6f236608-4, groupId=m2-job-6f236608] Cluster ID: tnzFey8HRX-OBuHhisujJA
2026-10-01 02:41:12,167 INFO  org.apache.kafka.clients.Metadata                            [] - [Producer clientId=producer-3] Cluster ID: tnzFey8HRX-OBuHhisujJA
2026-10-01 02:41:12,167 INFO  org.apache.kafka.clients.Metadata                            [] - [Producer clientId=producer-1] Cluster ID: tnzFey8HRX-OBuHhisujJA
2026-10-01 02:41:12,168 INFO  org.apache.kafka.clients.Metadata                            [] - [Consumer clientId=consumer-m2-job-6f236608-1, groupId=m2-job-6f236608] Cluster ID: tnzFey8HRX-OBuHhisujJA
2026-10-01 02:41:12,166 INFO  org.apache.kafka.clients.Metadata                            [] - [Producer clientId=producer-12] Cluster ID: tnzFey8HRX-OBuHhisujJA
2026-10-01 02:41:12,168 INFO  org.apache.kafka.clients.Metadata                            [] - [Producer clientId=producer-13] Cluster ID: tnzFey8HRX-OBuHhisujJA
2026-10-01 02:41:12,166 INFO  org.apache.kafka.clients.Metadata                            [] - [Producer clientId=producer-22] Cluster ID: tnzFey8HRX-OBuHhisujJA
2026-10-01 02:41:12,167 INFO  org.apache.kafka.clients.Metadata                            [] - [Producer clientId=producer-2] Cluster ID: tnzFey8HRX-OBuHhisujJA
2026-10-01 02:41:12,167 INFO  org.apache.kafka.clients.Metadata                            [] - [Consumer clientId=consumer-m2-job-6f236608-2, groupId=m2-job-6f236608] Cluster ID: tnzFey8HRX-OBuHhisujJA
2026-10-01 02:41:12,166 INFO  org.apache.kafka.clients.Metadata                            [] - [Producer clientId=producer-21] Cluster ID: tnzFey8HRX-OBuHhisujJA
2026-10-01 02:41:12,166 INFO  org.apache.kafka.clients.Metadata                            [] - [Producer clientId=producer-20] Cluster ID: tnzFey8HRX-OBuHhisujJA
2026-10-01 02:41:12,167 INFO  org.apache.kafka.clients.Metadata                            [] - [Producer clientId=producer-7] Cluster ID: tnzFey8HRX-OBuHhisujJA
2026-10-01 02:41:12,167 INFO  org.apache.kafka.clients.Metadata                            [] - [Producer clientId=producer-9] Cluster ID: tnzFey8HRX-OBuHhisujJA
2026-10-01 02:41:12,175 INFO  org.apache.kafka.clients.Metadata                            [] - [Producer clientId=producer-6] Cluster ID: tnzFey8HRX-OBuHhisujJA
2026-10-01 02:41:12,167 INFO  org.apache.kafka.clients.Metadata                            [] - [Producer clientId=producer-19] Cluster ID: tnzFey8HRX-OBuHhisujJA
2026-10-01 02:41:12,167 INFO  org.apache.kafka.clients.Metadata                            [] - [Producer clientId=producer-23] Cluster ID: tnzFey8HRX-OBuHhisujJA
2026-10-01 02:41:12,175 INFO  org.apache.kafka.clients.Metadata                            [] - [Producer clientId=producer-18] Cluster ID: tnzFey8HRX-OBuHhisujJA
2026-10-01 02:41:12,175 INFO  org.apache.kafka.clients.Metadata                            [] - [Producer clientId=producer-8] Cluster ID: tnzFey8HRX-OBuHhisujJA
2026-10-01 02:41:12,171 INFO  org.apache.kafka.clients.Metadata                            [] - [Producer clientId=producer-16] Cluster ID: tnzFey8HRX-OBuHhisujJA
2026-10-01 02:41:12,175 INFO  org.apache.kafka.clients.Metadata                            [] - [Producer clientId=producer-14] Cluster ID: tnzFey8HRX-OBuHhisujJA
2026-10-01 02:41:12,171 INFO  org.apache.kafka.clients.Metadata                            [] - [Producer clientId=producer-10] Cluster ID: tnzFey8HRX-OBuHhisujJA
2026-10-01 02:41:12,170 INFO  org.apache.kafka.clients.Metadata                            [] - [Producer clientId=producer-5] Cluster ID: tnzFey8HRX-OBuHhisujJA
2026-10-01 02:41:12,170 INFO  org.apache.kafka.clients.Metadata                            [] - [Producer clientId=producer-15] Cluster ID: tnzFey8HRX-OBuHhisujJA
2026-10-01 02:41:12,167 INFO  org.apache.kafka.clients.Metadata                            [] - [Producer clientId=producer-4] Cluster ID: tnzFey8HRX-OBuHhisujJA
2026-10-01 02:41:12,176 INFO  org.apache.kafka.clients.Metadata                            [] - [Producer clientId=producer-24] Cluster ID: tnzFey8HRX-OBuHhisujJA
2026-10-01 02:41:12,177 INFO  org.apache.kafka.clients.Metadata                            [] - [Producer clientId=producer-17] Cluster ID: tnzFey8HRX-OBuHhisujJA
2026-10-01 02:41:12,177 INFO  org.apache.kafka.clients.Metadata                            [] - [Consumer clientId=consumer-m2-job-6f236608-3, groupId=m2-job-6f236608] Cluster ID: tnzFey8HRX-OBuHhisujJA
2026-10-01 02:41:12,180 INFO  org.apache.flink.streaming.connectors.kafka.FlinkKafkaConsumerBase [] - Consumer subtask 2 will start reading the following 1 partitions from the earliest offsets: [KafkaTopicPartition{topic='synergia-source', partition=0}]
2026-10-01 02:41:12,181 INFO  org.apache.flink.streaming.connectors.kafka.FlinkKafkaConsumerBase [] - Consumer subtask 5 will start reading the following 1 partitions from the earliest offsets: [KafkaTopicPartition{topic='synergia-source', partition=3}]
2026-10-01 02:41:12,181 INFO  org.apache.kafka.clients.Metadata                            [] - [Producer clientId=producer-11] Cluster ID: tnzFey8HRX-OBuHhisujJA
2026-10-01 02:41:12,182 INFO  org.apache.flink.streaming.connectors.kafka.FlinkKafkaConsumerBase [] - Consumer subtask 1 will start reading the following 1 partitions from the earliest offsets: [KafkaTopicPartition{topic='synergia-source', partition=7}]
2026-10-01 02:41:12,182 INFO  org.apache.flink.runtime.taskmanager.Task                    [] - Source: Custom Source -> Kafka Source [synergia-source] -> RawLineParser (3/8)#0 (67128aa4be111a0e7bd31edf9fe47a18) switched from INITIALIZING to RUNNING.
2026-10-01 02:41:12,185 INFO  org.apache.flink.streaming.connectors.kafka.FlinkKafkaConsumerBase [] - Consumer subtask 6 will start reading the following 1 partitions from the earliest offsets: [KafkaTopicPartition{topic='synergia-source', partition=4}]
2026-10-01 02:41:12,189 INFO  org.apache.flink.runtime.taskmanager.Task                    [] - Source: Custom Source -> Kafka Source [synergia-source] -> RawLineParser (2/8)#0 (c72b7d942c9797bc330e9fe194c79fc5) switched from INITIALIZING to RUNNING.
2026-10-01 02:41:12,190 INFO  org.apache.flink.runtime.taskmanager.Task                    [] - Source: Custom Source -> Kafka Source [synergia-source] -> RawLineParser (6/8)#0 (82fcb2a78389a914fee2498e26c8f114) switched from INITIALIZING to RUNNING.
2026-10-01 02:41:12,198 INFO  org.apache.flink.runtime.taskmanager.Task                    [] - Source: Custom Source -> Kafka Source [synergia-source] -> RawLineParser (7/8)#0 (e3fe24baf1efbb55f3b0236954b28c6b) switched from INITIALIZING to RUNNING.
2026-10-01 02:41:12,213 INFO  org.apache.flink.streaming.connectors.kafka.FlinkKafkaConsumerBase [] - Consumer subtask 5 creating fetcher with offsets {KafkaTopicPartition{topic='synergia-source', partition=3}=-915623761775}.
2026-10-01 02:41:12,213 INFO  org.apache.flink.streaming.connectors.kafka.FlinkKafkaConsumerBase [] - Consumer subtask 2 creating fetcher with offsets {KafkaTopicPartition{topic='synergia-source', partition=0}=-915623761775}.
2026-10-01 02:41:12,213 INFO  org.apache.flink.streaming.connectors.kafka.FlinkKafkaConsumerBase [] - Consumer subtask 6 creating fetcher with offsets {KafkaTopicPartition{topic='synergia-source', partition=4}=-915623761775}.
2026-10-01 02:41:12,220 INFO  org.apache.flink.streaming.connectors.kafka.FlinkKafkaConsumerBase [] - Consumer subtask 1 creating fetcher with offsets {KafkaTopicPartition{topic='synergia-source', partition=7}=-915623761775}.
2026-10-01 02:41:12,227 INFO  org.apache.kafka.clients.consumer.ConsumerConfig             [] - ConsumerConfig values: 
	allow.auto.create.topics = true
	auto.commit.interval.ms = 5000
	auto.offset.reset = latest
	bootstrap.servers = [172.16.0.162:9092, 172.16.0.163:9092, 172.16.0.164:9092]
	check.crcs = true
	client.dns.lookup = use_all_dns_ips
	client.id = consumer-m2-job-6f236608-5
	client.rack = 
	connections.max.idle.ms = 540000
	default.api.timeout.ms = 60000
	enable.auto.commit = false
	exclude.internal.topics = true
	fetch.max.bytes = 52428800
	fetch.max.wait.ms = 500
	fetch.min.bytes = 1
	group.id = m2-job-6f236608
	group.instance.id = null
	heartbeat.interval.ms = 3000
	interceptor.classes = []
	internal.leave.group.on.close = true
	internal.throw.on.fetch.stable.offset.unsupported = false
	isolation.level = read_uncommitted
	key.deserializer = class org.apache.kafka.common.serialization.ByteArrayDeserializer
	max.partition.fetch.bytes = 1048576
	max.poll.interval.ms = 300000
	max.poll.records = 500
	metadata.max.age.ms = 300000
	metric.reporters = []
	metrics.num.samples = 2
	metrics.recording.level = INFO
	metrics.sample.window.ms = 30000
	partition.assignment.strategy = [class org.apache.kafka.clients.consumer.RangeAssignor]
	receive.buffer.bytes = 65536
	reconnect.backoff.max.ms = 1000
	reconnect.backoff.ms = 50
	request.timeout.ms = 30000
	retry.backoff.ms = 100
	sasl.client.callback.handler.class = null
	sasl.jaas.config = null
	sasl.kerberos.kinit.cmd = /usr/bin/kinit
	sasl.kerberos.min.time.before.relogin = 60000
	sasl.kerberos.service.name = null
	sasl.kerberos.ticket.renew.jitter = 0.05
	sasl.kerberos.ticket.renew.window.factor = 0.8
	sasl.login.callback.handler.class = null
	sasl.login.class = null
	sasl.login.refresh.buffer.seconds = 300
	sasl.login.refresh.min.period.seconds = 60
	sasl.login.refresh.window.factor = 0.8
	sasl.login.refresh.window.jitter = 0.05
	sasl.mechanism = GSSAPI
	security.protocol = PLAINTEXT
	security.providers = null
	send.buffer.bytes = 131072
	session.timeout.ms = 10000
	ssl.cipher.suites = null
	ssl.enabled.protocols = [TLSv1.2, TLSv1.3]
	ssl.endpoint.identification.algorithm = https
	ssl.engine.factory.class = null
	ssl.key.password = null
	ssl.keymanager.algorithm = SunX509
	ssl.keystore.location = null
	ssl.keystore.password = null
	ssl.keystore.type = JKS
	ssl.protocol = TLSv1.3
	ssl.provider = null
	ssl.secure.random.implementation = null
	ssl.trustmanager.algorithm = PKIX
	ssl.truststore.location = null
	ssl.truststore.password = null
	ssl.truststore.type = JKS
	value.deserializer = class org.apache.kafka.common.serialization.ByteArrayDeserializer

2026-10-01 02:41:12,232 INFO  org.apache.kafka.common.utils.AppInfoParser                  [] - Kafka version: 2.6.3
2026-10-01 02:41:12,232 INFO  org.apache.kafka.common.utils.AppInfoParser                  [] - Kafka commitId: c24cbd3f5eeffa1e
2026-10-01 02:41:12,232 INFO  org.apache.kafka.common.utils.AppInfoParser                  [] - Kafka startTimeMs: 1790822472231
2026-10-01 02:41:12,235 INFO  org.apache.kafka.clients.consumer.ConsumerConfig             [] - ConsumerConfig values: 
	allow.auto.create.topics = true
	auto.commit.interval.ms = 5000
	auto.offset.reset = latest
	bootstrap.servers = [172.16.0.162:9092, 172.16.0.163:9092, 172.16.0.164:9092]
	check.crcs = true
	client.dns.lookup = use_all_dns_ips
	client.id = consumer-m2-job-6f236608-6
	client.rack = 
	connections.max.idle.ms = 540000
	default.api.timeout.ms = 60000
	enable.auto.commit = false
	exclude.internal.topics = true
	fetch.max.bytes = 52428800
	fetch.max.wait.ms = 500
	fetch.min.bytes = 1
	group.id = m2-job-6f236608
	group.instance.id = null
	heartbeat.interval.ms = 3000
	interceptor.classes = []
	internal.leave.group.on.close = true
	internal.throw.on.fetch.stable.offset.unsupported = false
	isolation.level = read_uncommitted
	key.deserializer = class org.apache.kafka.common.serialization.ByteArrayDeserializer
	max.partition.fetch.bytes = 1048576
	max.poll.interval.ms = 300000
	max.poll.records = 500
	metadata.max.age.ms = 300000
	metric.reporters = []
	metrics.num.samples = 2
	metrics.recording.level = INFO
	metrics.sample.window.ms = 30000
	partition.assignment.strategy = [class org.apache.kafka.clients.consumer.RangeAssignor]
	receive.buffer.bytes = 65536
	reconnect.backoff.max.ms = 1000
	reconnect.backoff.ms = 50
	request.timeout.ms = 30000
	retry.backoff.ms = 100
	sasl.client.callback.handler.class = null
	sasl.jaas.config = null
	sasl.kerberos.kinit.cmd = /usr/bin/kinit
	sasl.kerberos.min.time.before.relogin = 60000
	sasl.kerberos.service.name = null
	sasl.kerberos.ticket.renew.jitter = 0.05
	sasl.kerberos.ticket.renew.window.factor = 0.8
	sasl.login.callback.handler.class = null
	sasl.login.class = null
	sasl.login.refresh.buffer.seconds = 300
	sasl.login.refresh.min.period.seconds = 60
	sasl.login.refresh.window.factor = 0.8
	sasl.login.refresh.window.jitter = 0.05
	sasl.mechanism = GSSAPI
	security.protocol = PLAINTEXT
	security.providers = null
	send.buffer.bytes = 131072
	session.timeout.ms = 10000
	ssl.cipher.suites = null
	ssl.enabled.protocols = [TLSv1.2, TLSv1.3]
	ssl.endpoint.identification.algorithm = https
	ssl.engine.factory.class = null
	ssl.key.password = null
	ssl.keymanager.algorithm = SunX509
	ssl.keystore.location = null
	ssl.keystore.password = null
	ssl.keystore.type = JKS
	ssl.protocol = TLSv1.3
	ssl.provider = null
	ssl.secure.random.implementation = null
	ssl.trustmanager.algorithm = PKIX
	ssl.truststore.location = null
	ssl.truststore.password = null
	ssl.truststore.type = JKS
	value.deserializer = class org.apache.kafka.common.serialization.ByteArrayDeserializer

2026-10-01 02:41:12,239 INFO  org.apache.kafka.common.utils.AppInfoParser                  [] - Kafka version: 2.6.3
2026-10-01 02:41:12,239 INFO  org.apache.kafka.common.utils.AppInfoParser                  [] - Kafka commitId: c24cbd3f5eeffa1e
2026-10-01 02:41:12,240 INFO  org.apache.kafka.common.utils.AppInfoParser                  [] - Kafka startTimeMs: 1790822472239
2026-10-01 02:41:12,243 INFO  org.apache.kafka.clients.consumer.ConsumerConfig             [] - ConsumerConfig values: 
	allow.auto.create.topics = true
	auto.commit.interval.ms = 5000
	auto.offset.reset = latest
	bootstrap.servers = [172.16.0.162:9092, 172.16.0.163:9092, 172.16.0.164:9092]
	check.crcs = true
	client.dns.lookup = use_all_dns_ips
	client.id = consumer-m2-job-6f236608-7
	client.rack = 
	connections.max.idle.ms = 540000
	default.api.timeout.ms = 60000
	enable.auto.commit = false
	exclude.internal.topics = true
	fetch.max.bytes = 52428800
	fetch.max.wait.ms = 500
	fetch.min.bytes = 1
	group.id = m2-job-6f236608
	group.instance.id = null
	heartbeat.interval.ms = 3000
	interceptor.classes = []
	internal.leave.group.on.close = true
	internal.throw.on.fetch.stable.offset.unsupported = false
	isolation.level = read_uncommitted
	key.deserializer = class org.apache.kafka.common.serialization.ByteArrayDeserializer
	max.partition.fetch.bytes = 1048576
	max.poll.interval.ms = 300000
	max.poll.records = 500
	metadata.max.age.ms = 300000
	metric.reporters = []
	metrics.num.samples = 2
	metrics.recording.level = INFO
	metrics.sample.window.ms = 30000
	partition.assignment.strategy = [class org.apache.kafka.clients.consumer.RangeAssignor]
	receive.buffer.bytes = 65536
	reconnect.backoff.max.ms = 1000
	reconnect.backoff.ms = 50
	request.timeout.ms = 30000
	retry.backoff.ms = 100
	sasl.client.callback.handler.class = null
	sasl.jaas.config = null
	sasl.kerberos.kinit.cmd = /usr/bin/kinit
	sasl.kerberos.min.time.before.relogin = 60000
	sasl.kerberos.service.name = null
	sasl.kerberos.ticket.renew.jitter = 0.05
	sasl.kerberos.ticket.renew.window.factor = 0.8
	sasl.login.callback.handler.class = null
	sasl.login.class = null
	sasl.login.refresh.buffer.seconds = 300
	sasl.login.refresh.min.period.seconds = 60
	sasl.login.refresh.window.factor = 0.8
	sasl.login.refresh.window.jitter = 0.05
	sasl.mechanism = GSSAPI
	security.protocol = PLAINTEXT
	security.providers = null
	send.buffer.bytes = 131072
	session.timeout.ms = 10000
	ssl.cipher.suites = null
	ssl.enabled.protocols = [TLSv1.2, TLSv1.3]
	ssl.endpoint.identification.algorithm = https
	ssl.engine.factory.class = null
	ssl.key.password = null
	ssl.keymanager.algorithm = SunX509
	ssl.keystore.location = null
	ssl.keystore.password = null
	ssl.keystore.type = JKS
	ssl.protocol = TLSv1.3
	ssl.provider = null
	ssl.secure.random.implementation = null
	ssl.trustmanager.algorithm = PKIX
	ssl.truststore.location = null
	ssl.truststore.password = null
	ssl.truststore.type = JKS
	value.deserializer = class org.apache.kafka.common.serialization.ByteArrayDeserializer

2026-10-01 02:41:12,248 INFO  org.apache.kafka.common.utils.AppInfoParser                  [] - Kafka version: 2.6.3
2026-10-01 02:41:12,248 INFO  org.apache.kafka.common.utils.AppInfoParser                  [] - Kafka commitId: c24cbd3f5eeffa1e
2026-10-01 02:41:12,248 INFO  org.apache.kafka.common.utils.AppInfoParser                  [] - Kafka startTimeMs: 1790822472248
2026-10-01 02:41:12,257 INFO  org.apache.kafka.clients.consumer.ConsumerConfig             [] - ConsumerConfig values: 
	allow.auto.create.topics = true
	auto.commit.interval.ms = 5000
	auto.offset.reset = latest
	bootstrap.servers = [172.16.0.162:9092, 172.16.0.163:9092, 172.16.0.164:9092]
	check.crcs = true
	client.dns.lookup = use_all_dns_ips
	client.id = consumer-m2-job-6f236608-8
	client.rack = 
	connections.max.idle.ms = 540000
	default.api.timeout.ms = 60000
	enable.auto.commit = false
	exclude.internal.topics = true
	fetch.max.bytes = 52428800
	fetch.max.wait.ms = 500
	fetch.min.bytes = 1
	group.id = m2-job-6f236608
	group.instance.id = null
	heartbeat.interval.ms = 3000
	interceptor.classes = []
	internal.leave.group.on.close = true
	internal.throw.on.fetch.stable.offset.unsupported = false
	isolation.level = read_uncommitted
	key.deserializer = class org.apache.kafka.common.serialization.ByteArrayDeserializer
	max.partition.fetch.bytes = 1048576
	max.poll.interval.ms = 300000
	max.poll.records = 500
	metadata.max.age.ms = 300000
	metric.reporters = []
	metrics.num.samples = 2
	metrics.recording.level = INFO
	metrics.sample.window.ms = 30000
	partition.assignment.strategy = [class org.apache.kafka.clients.consumer.RangeAssignor]
	receive.buffer.bytes = 65536
	reconnect.backoff.max.ms = 1000
	reconnect.backoff.ms = 50
	request.timeout.ms = 30000
	retry.backoff.ms = 100
	sasl.client.callback.handler.class = null
	sasl.jaas.config = null
	sasl.kerberos.kinit.cmd = /usr/bin/kinit
	sasl.kerberos.min.time.before.relogin = 60000
	sasl.kerberos.service.name = null
	sasl.kerberos.ticket.renew.jitter = 0.05
	sasl.kerberos.ticket.renew.window.factor = 0.8
	sasl.login.callback.handler.class = null
	sasl.login.class = null
	sasl.login.refresh.buffer.seconds = 300
	sasl.login.refresh.min.period.seconds = 60
	sasl.login.refresh.window.factor = 0.8
	sasl.login.refresh.window.jitter = 0.05
	sasl.mechanism = GSSAPI
	security.protocol = PLAINTEXT
	security.providers = null
	send.buffer.bytes = 131072
	session.timeout.ms = 10000
	ssl.cipher.suites = null
	ssl.enabled.protocols = [TLSv1.2, TLSv1.3]
	ssl.endpoint.identification.algorithm = https
	ssl.engine.factory.class = null
	ssl.key.password = null
	ssl.keymanager.algorithm = SunX509
	ssl.keystore.location = null
	ssl.keystore.password = null
	ssl.keystore.type = JKS
	ssl.protocol = TLSv1.3
	ssl.provider = null
	ssl.secure.random.implementation = null
	ssl.trustmanager.algorithm = PKIX
	ssl.truststore.location = null
	ssl.truststore.password = null
	ssl.truststore.type = JKS
	value.deserializer = class org.apache.kafka.common.serialization.ByteArrayDeserializer

2026-10-01 02:41:12,278 INFO  org.apache.kafka.common.utils.AppInfoParser                  [] - Kafka version: 2.6.3
2026-10-01 02:41:12,282 INFO  org.apache.kafka.common.utils.AppInfoParser                  [] - Kafka commitId: c24cbd3f5eeffa1e
2026-10-01 02:41:12,282 INFO  org.apache.kafka.common.utils.AppInfoParser                  [] - Kafka startTimeMs: 1790822472278
2026-10-01 02:41:12,297 INFO  org.apache.kafka.clients.consumer.KafkaConsumer              [] - [Consumer clientId=consumer-m2-job-6f236608-5, groupId=m2-job-6f236608] Subscribed to partition(s): synergia-source-4
2026-10-01 02:41:12,300 INFO  org.apache.kafka.clients.consumer.internals.SubscriptionState [] - [Consumer clientId=consumer-m2-job-6f236608-5, groupId=m2-job-6f236608] Seeking to EARLIEST offset of partition synergia-source-4
2026-10-01 02:41:12,306 INFO  org.apache.kafka.clients.consumer.KafkaConsumer              [] - [Consumer clientId=consumer-m2-job-6f236608-7, groupId=m2-job-6f236608] Subscribed to partition(s): synergia-source-7
2026-10-01 02:41:12,306 INFO  org.apache.kafka.clients.consumer.internals.SubscriptionState [] - [Consumer clientId=consumer-m2-job-6f236608-7, groupId=m2-job-6f236608] Seeking to EARLIEST offset of partition synergia-source-7
2026-10-01 02:41:12,316 INFO  org.apache.kafka.clients.consumer.KafkaConsumer              [] - [Consumer clientId=consumer-m2-job-6f236608-8, groupId=m2-job-6f236608] Subscribed to partition(s): synergia-source-3
2026-10-01 02:41:12,316 INFO  org.apache.kafka.clients.consumer.internals.SubscriptionState [] - [Consumer clientId=consumer-m2-job-6f236608-8, groupId=m2-job-6f236608] Seeking to EARLIEST offset of partition synergia-source-3
2026-10-01 02:41:12,320 INFO  org.apache.kafka.clients.consumer.KafkaConsumer              [] - [Consumer clientId=consumer-m2-job-6f236608-6, groupId=m2-job-6f236608] Subscribed to partition(s): synergia-source-0
2026-10-01 02:41:12,322 INFO  org.apache.kafka.clients.consumer.internals.SubscriptionState [] - [Consumer clientId=consumer-m2-job-6f236608-6, groupId=m2-job-6f236608] Seeking to EARLIEST offset of partition synergia-source-0
2026-10-01 02:41:12,326 INFO  org.apache.kafka.clients.Metadata                            [] - [Consumer clientId=consumer-m2-job-6f236608-8, groupId=m2-job-6f236608] Cluster ID: tnzFey8HRX-OBuHhisujJA
2026-10-01 02:41:12,329 INFO  org.apache.kafka.clients.Metadata                            [] - [Consumer clientId=consumer-m2-job-6f236608-5, groupId=m2-job-6f236608] Cluster ID: tnzFey8HRX-OBuHhisujJA
2026-10-01 02:41:12,337 INFO  org.apache.kafka.clients.Metadata                            [] - [Consumer clientId=consumer-m2-job-6f236608-7, groupId=m2-job-6f236608] Cluster ID: tnzFey8HRX-OBuHhisujJA
2026-10-01 02:41:12,339 INFO  org.apache.kafka.clients.Metadata                            [] - [Consumer clientId=consumer-m2-job-6f236608-6, groupId=m2-job-6f236608] Cluster ID: tnzFey8HRX-OBuHhisujJA
2026-10-01 02:41:12,345 INFO  org.apache.kafka.clients.consumer.internals.SubscriptionState [] - [Consumer clientId=consumer-m2-job-6f236608-5, groupId=m2-job-6f236608] Resetting offset for partition synergia-source-4 to offset 0.
2026-10-01 02:41:12,348 INFO  org.apache.kafka.clients.consumer.internals.SubscriptionState [] - [Consumer clientId=consumer-m2-job-6f236608-6, groupId=m2-job-6f236608] Resetting offset for partition synergia-source-0 to offset 0.
2026-10-01 02:41:12,348 INFO  org.apache.kafka.clients.consumer.internals.SubscriptionState [] - [Consumer clientId=consumer-m2-job-6f236608-7, groupId=m2-job-6f236608] Resetting offset for partition synergia-source-7 to offset 0.
2026-10-01 02:41:12,349 INFO  org.apache.kafka.clients.consumer.internals.SubscriptionState [] - [Consumer clientId=consumer-m2-job-6f236608-8, groupId=m2-job-6f236608] Resetting offset for partition synergia-source-3 to offset 0.
2026-10-01 02:41:17,858 INFO  org.apache.flink.streaming.api.functions.sink.TwoPhaseCommitSinkFunction [] - FlinkKafkaProducer 2/8 - checkpoint 1 complete, committing transaction TransactionHolder{handle=KafkaTransactionState [transactionalId=null, producerId=-1, epoch=-1], transactionStartTime=1790822471717} from checkpoint 1
2026-10-01 02:41:17,872 INFO  org.apache.flink.streaming.api.functions.sink.TwoPhaseCommitSinkFunction [] - FlinkKafkaProducer 3/8 - checkpoint 1 complete, committing transaction TransactionHolder{handle=KafkaTransactionState [transactionalId=null, producerId=-1, epoch=-1], transactionStartTime=1790822471782} from checkpoint 1
2026-10-01 02:41:17,872 INFO  org.apache.flink.streaming.api.functions.sink.TwoPhaseCommitSinkFunction [] - FlinkKafkaProducer 6/8 - checkpoint 1 complete, committing transaction TransactionHolder{handle=KafkaTransactionState [transactionalId=null, producerId=-1, epoch=-1], transactionStartTime=1790822471766} from checkpoint 1
2026-10-01 02:41:17,875 INFO  org.apache.flink.streaming.api.functions.sink.TwoPhaseCommitSinkFunction [] - FlinkKafkaProducer 2/8 - checkpoint 1 complete, committing transaction TransactionHolder{handle=KafkaTransactionState [transactionalId=null, producerId=-1, epoch=-1], transactionStartTime=1790822471803} from checkpoint 1
2026-10-01 02:41:17,875 INFO  org.apache.flink.streaming.api.functions.sink.TwoPhaseCommitSinkFunction [] - FlinkKafkaProducer 2/8 - checkpoint 1 complete, committing transaction TransactionHolder{handle=KafkaTransactionState [transactionalId=null, producerId=-1, epoch=-1], transactionStartTime=1790822471925} from checkpoint 1
2026-10-01 02:41:17,876 INFO  org.apache.flink.streaming.api.functions.sink.TwoPhaseCommitSinkFunction [] - FlinkKafkaProducer 3/8 - checkpoint 1 complete, committing transaction TransactionHolder{handle=KafkaTransactionState [transactionalId=null, producerId=-1, epoch=-1], transactionStartTime=1790822471746} from checkpoint 1
2026-10-01 02:41:17,876 INFO  org.apache.flink.streaming.api.functions.sink.TwoPhaseCommitSinkFunction [] - FlinkKafkaProducer 3/8 - checkpoint 1 complete, committing transaction TransactionHolder{handle=KafkaTransactionState [transactionalId=null, producerId=-1, epoch=-1], transactionStartTime=1790822471874} from checkpoint 1
2026-10-01 02:41:17,877 INFO  org.apache.flink.streaming.api.functions.sink.TwoPhaseCommitSinkFunction [] - FlinkKafkaProducer 7/8 - checkpoint 1 complete, committing transaction TransactionHolder{handle=KafkaTransactionState [transactionalId=null, producerId=-1, epoch=-1], transactionStartTime=1790822471713} from checkpoint 1
2026-10-01 02:41:17,877 INFO  org.apache.flink.streaming.api.functions.sink.TwoPhaseCommitSinkFunction [] - FlinkKafkaProducer 6/8 - checkpoint 1 complete, committing transaction TransactionHolder{handle=KafkaTransactionState [transactionalId=null, producerId=-1, epoch=-1], transactionStartTime=1790822471736} from checkpoint 1
2026-10-01 02:41:17,877 INFO  org.apache.flink.streaming.api.functions.sink.TwoPhaseCommitSinkFunction [] - FlinkKafkaProducer 6/8 - checkpoint 1 complete, committing transaction TransactionHolder{handle=KafkaTransactionState [transactionalId=null, producerId=-1, epoch=-1], transactionStartTime=1790822471885} from checkpoint 1
2026-10-01 02:41:17,878 INFO  org.apache.flink.streaming.api.functions.sink.TwoPhaseCommitSinkFunction [] - FlinkKafkaProducer 7/8 - checkpoint 1 complete, committing transaction TransactionHolder{handle=KafkaTransactionState [transactionalId=null, producerId=-1, epoch=-1], transactionStartTime=1790822471785} from checkpoint 1
2026-10-01 02:41:17,879 INFO  org.apache.flink.streaming.api.functions.sink.TwoPhaseCommitSinkFunction [] - FlinkKafkaProducer 7/8 - checkpoint 1 complete, committing transaction TransactionHolder{handle=KafkaTransactionState [transactionalId=null, producerId=-1, epoch=-1], transactionStartTime=1790822471919} from checkpoint 1
2026-10-01 02:41:17,879 INFO  org.apache.flink.streaming.api.functions.sink.TwoPhaseCommitSinkFunction [] - FlinkKafkaProducer 2/8 - checkpoint 1 complete, committing transaction TransactionHolder{handle=KafkaTransactionState [transactionalId=null, producerId=-1, epoch=-1], transactionStartTime=1790822471712} from checkpoint 1
2026-10-01 02:41:17,880 INFO  org.apache.flink.streaming.api.functions.sink.TwoPhaseCommitSinkFunction [] - FlinkKafkaProducer 2/8 - checkpoint 1 complete, committing transaction TransactionHolder{handle=KafkaTransactionState [transactionalId=null, producerId=-1, epoch=-1], transactionStartTime=1790822471809} from checkpoint 1
2026-10-01 02:41:17,880 INFO  org.apache.flink.streaming.api.functions.sink.TwoPhaseCommitSinkFunction [] - FlinkKafkaProducer 3/8 - checkpoint 1 complete, committing transaction TransactionHolder{handle=KafkaTransactionState [transactionalId=null, producerId=-1, epoch=-1], transactionStartTime=1790822471812} from checkpoint 1
2026-10-01 02:41:17,880 INFO  org.apache.flink.streaming.api.functions.sink.TwoPhaseCommitSinkFunction [] - FlinkKafkaProducer 3/8 - checkpoint 1 complete, committing transaction TransactionHolder{handle=KafkaTransactionState [transactionalId=null, producerId=-1, epoch=-1], transactionStartTime=1790822471918} from checkpoint 1
2026-10-01 02:41:17,881 INFO  org.apache.flink.streaming.api.functions.sink.TwoPhaseCommitSinkFunction [] - FlinkKafkaProducer 6/8 - checkpoint 1 complete, committing transaction TransactionHolder{handle=KafkaTransactionState [transactionalId=null, producerId=-1, epoch=-1], transactionStartTime=1790822471681} from checkpoint 1
2026-10-01 02:41:17,881 INFO  org.apache.flink.streaming.api.functions.sink.TwoPhaseCommitSinkFunction [] - FlinkKafkaProducer 6/8 - checkpoint 1 complete, committing transaction TransactionHolder{handle=KafkaTransactionState [transactionalId=null, producerId=-1, epoch=-1], transactionStartTime=1790822471861} from checkpoint 1
2026-10-01 02:41:17,882 INFO  org.apache.flink.streaming.api.functions.sink.TwoPhaseCommitSinkFunction [] - FlinkKafkaProducer 7/8 - checkpoint 1 complete, committing transaction TransactionHolder{handle=KafkaTransactionState [transactionalId=null, producerId=-1, epoch=-1], transactionStartTime=1790822471769} from checkpoint 1
2026-10-01 02:41:17,882 INFO  org.apache.flink.streaming.api.functions.sink.TwoPhaseCommitSinkFunction [] - FlinkKafkaProducer 7/8 - checkpoint 1 complete, committing transaction TransactionHolder{handle=KafkaTransactionState [transactionalId=null, producerId=-1, epoch=-1], transactionStartTime=1790822471912} from checkpoint 1
2026-10-01 02:41:17,882 INFO  org.apache.flink.streaming.api.functions.sink.TwoPhaseCommitSinkFunction [] - FlinkKafkaProducer 2/8 - checkpoint 1 complete, committing transaction TransactionHolder{handle=KafkaTransactionState [transactionalId=null, producerId=-1, epoch=-1], transactionStartTime=1790822471787} from checkpoint 1
2026-10-01 02:41:17,883 INFO  org.apache.flink.streaming.api.functions.sink.TwoPhaseCommitSinkFunction [] - FlinkKafkaProducer 3/8 - checkpoint 1 complete, committing transaction TransactionHolder{handle=KafkaTransactionState [transactionalId=null, producerId=-1, epoch=-1], transactionStartTime=1790822471719} from checkpoint 1
2026-10-01 02:41:17,884 INFO  org.apache.flink.streaming.api.functions.sink.TwoPhaseCommitSinkFunction [] - FlinkKafkaProducer 6/8 - checkpoint 1 complete, committing transaction TransactionHolder{handle=KafkaTransactionState [transactionalId=null, producerId=-1, epoch=-1], transactionStartTime=1790822471764} from checkpoint 1
2026-10-01 02:41:17,885 INFO  org.apache.flink.streaming.api.functions.sink.TwoPhaseCommitSinkFunction [] - FlinkKafkaProducer 7/8 - checkpoint 1 complete, committing transaction TransactionHolder{handle=KafkaTransactionState [transactionalId=null, producerId=-1, epoch=-1], transactionStartTime=1790822471758} from checkpoint 1
2026-10-01 02:41:17,894 INFO  org.apache.kafka.clients.consumer.internals.AbstractCoordinator [] - [Consumer clientId=consumer-m2-job-6f236608-6, groupId=m2-job-6f236608] Discovered group coordinator 172.16.0.162:9092 (id: 2147483646 rack: null)
2026-10-01 02:41:17,895 INFO  org.apache.kafka.clients.consumer.internals.AbstractCoordinator [] - [Consumer clientId=consumer-m2-job-6f236608-8, groupId=m2-job-6f236608] Discovered group coordinator 172.16.0.162:9092 (id: 2147483646 rack: null)
2026-10-01 02:41:17,895 INFO  org.apache.kafka.clients.consumer.internals.AbstractCoordinator [] - [Consumer clientId=consumer-m2-job-6f236608-5, groupId=m2-job-6f236608] Discovered group coordinator 172.16.0.162:9092 (id: 2147483646 rack: null)
2026-10-01 02:41:17,894 INFO  org.apache.kafka.clients.consumer.internals.AbstractCoordinator [] - [Consumer clientId=consumer-m2-job-6f236608-7, groupId=m2-job-6f236608] Discovered group coordinator 172.16.0.162:9092 (id: 2147483646 rack: null)
2026-10-01 02:41:47,537 INFO  org.apache.flink.streaming.api.functions.sink.TwoPhaseCommitSinkFunction [] - FlinkKafkaProducer 2/8 - checkpoint 2 complete, committing transaction TransactionHolder{handle=KafkaTransactionState [transactionalId=null, producerId=-1, epoch=-1], transactionStartTime=1790822477486} from checkpoint 2
2026-10-01 02:41:47,539 INFO  org.apache.flink.streaming.api.functions.sink.TwoPhaseCommitSinkFunction [] - FlinkKafkaProducer 3/8 - checkpoint 2 complete, committing transaction TransactionHolder{handle=KafkaTransactionState [transactionalId=null, producerId=-1, epoch=-1], transactionStartTime=1790822477487} from checkpoint 2
2026-10-01 02:41:47,540 INFO  org.apache.flink.streaming.api.functions.sink.TwoPhaseCommitSinkFunction [] - FlinkKafkaProducer 6/8 - checkpoint 2 complete, committing transaction TransactionHolder{handle=KafkaTransactionState [transactionalId=null, producerId=-1, epoch=-1], transactionStartTime=1790822477481} from checkpoint 2
2026-10-01 02:41:47,540 INFO  org.apache.flink.streaming.api.functions.sink.TwoPhaseCommitSinkFunction [] - FlinkKafkaProducer 7/8 - checkpoint 2 complete, committing transaction TransactionHolder{handle=KafkaTransactionState [transactionalId=null, producerId=-1, epoch=-1], transactionStartTime=1790822477484} from checkpoint 2
2026-10-01 02:41:47,541 INFO  org.apache.flink.streaming.api.functions.sink.TwoPhaseCommitSinkFunction [] - FlinkKafkaProducer 2/8 - checkpoint 2 complete, committing transaction TransactionHolder{handle=KafkaTransactionState [transactionalId=null, producerId=-1, epoch=-1], transactionStartTime=1790822477508} from checkpoint 2
2026-10-01 02:41:47,542 INFO  org.apache.flink.streaming.api.functions.sink.TwoPhaseCommitSinkFunction [] - FlinkKafkaProducer 2/8 - checkpoint 2 complete, committing transaction TransactionHolder{handle=KafkaTransactionState [transactionalId=null, producerId=-1, epoch=-1], transactionStartTime=1790822477508} from checkpoint 2
2026-10-01 02:41:47,543 INFO  org.apache.flink.streaming.api.functions.sink.TwoPhaseCommitSinkFunction [] - FlinkKafkaProducer 3/8 - checkpoint 2 complete, committing transaction TransactionHolder{handle=KafkaTransactionState [transactionalId=null, producerId=-1, epoch=-1], transactionStartTime=1790822477514} from checkpoint 2
2026-10-01 02:41:47,543 INFO  org.apache.flink.streaming.api.functions.sink.TwoPhaseCommitSinkFunction [] - FlinkKafkaProducer 3/8 - checkpoint 2 complete, committing transaction TransactionHolder{handle=KafkaTransactionState [transactionalId=null, producerId=-1, epoch=-1], transactionStartTime=1790822477514} from checkpoint 2
2026-10-01 02:41:47,544 INFO  org.apache.flink.streaming.api.functions.sink.TwoPhaseCommitSinkFunction [] - FlinkKafkaProducer 6/8 - checkpoint 2 complete, committing transaction TransactionHolder{handle=KafkaTransactionState [transactionalId=null, producerId=-1, epoch=-1], transactionStartTime=1790822477511} from checkpoint 2
2026-10-01 02:41:47,544 INFO  org.apache.flink.streaming.api.functions.sink.TwoPhaseCommitSinkFunction [] - FlinkKafkaProducer 6/8 - checkpoint 2 complete, committing transaction TransactionHolder{handle=KafkaTransactionState [transactionalId=null, producerId=-1, epoch=-1], transactionStartTime=1790822477511} from checkpoint 2
2026-10-01 02:41:47,544 INFO  org.apache.flink.streaming.api.functions.sink.TwoPhaseCommitSinkFunction [] - FlinkKafkaProducer 7/8 - checkpoint 2 complete, committing transaction TransactionHolder{handle=KafkaTransactionState [transactionalId=null, producerId=-1, epoch=-1], transactionStartTime=1790822477506} from checkpoint 2
2026-10-01 02:41:47,545 INFO  org.apache.flink.streaming.api.functions.sink.TwoPhaseCommitSinkFunction [] - FlinkKafkaProducer 7/8 - checkpoint 2 complete, committing transaction TransactionHolder{handle=KafkaTransactionState [transactionalId=null, producerId=-1, epoch=-1], transactionStartTime=1790822477506} from checkpoint 2
2026-10-01 02:41:47,547 INFO  org.apache.flink.streaming.api.functions.sink.TwoPhaseCommitSinkFunction [] - FlinkKafkaProducer 2/8 - checkpoint 2 complete, committing transaction TransactionHolder{handle=KafkaTransactionState [transactionalId=null, producerId=-1, epoch=-1], transactionStartTime=1790822477513} from checkpoint 2
2026-10-01 02:41:47,547 INFO  org.apache.flink.streaming.api.functions.sink.TwoPhaseCommitSinkFunction [] - FlinkKafkaProducer 2/8 - checkpoint 2 complete, committing transaction TransactionHolder{handle=KafkaTransactionState [transactionalId=null, producerId=-1, epoch=-1], transactionStartTime=1790822477513} from checkpoint 2
2026-10-01 02:41:47,549 INFO  org.apache.flink.streaming.api.functions.sink.TwoPhaseCommitSinkFunction [] - FlinkKafkaProducer 3/8 - checkpoint 2 complete, committing transaction TransactionHolder{handle=KafkaTransactionState [transactionalId=null, producerId=-1, epoch=-1], transactionStartTime=1790822477512} from checkpoint 2
2026-10-01 02:41:47,549 INFO  org.apache.flink.streaming.api.functions.sink.TwoPhaseCommitSinkFunction [] - FlinkKafkaProducer 3/8 - checkpoint 2 complete, committing transaction TransactionHolder{handle=KafkaTransactionState [transactionalId=null, producerId=-1, epoch=-1], transactionStartTime=1790822477512} from checkpoint 2
2026-10-01 02:41:47,549 INFO  org.apache.flink.streaming.api.functions.sink.TwoPhaseCommitSinkFunction [] - FlinkKafkaProducer 6/8 - checkpoint 2 complete, committing transaction TransactionHolder{handle=KafkaTransactionState [transactionalId=null, producerId=-1, epoch=-1], transactionStartTime=1790822477512} from checkpoint 2
2026-10-01 02:41:47,550 INFO  org.apache.flink.streaming.api.functions.sink.TwoPhaseCommitSinkFunction [] - FlinkKafkaProducer 6/8 - checkpoint 2 complete, committing transaction TransactionHolder{handle=KafkaTransactionState [transactionalId=null, producerId=-1, epoch=-1], transactionStartTime=1790822477512} from checkpoint 2
2026-10-01 02:41:47,551 INFO  org.apache.flink.streaming.api.functions.sink.TwoPhaseCommitSinkFunction [] - FlinkKafkaProducer 7/8 - checkpoint 2 complete, committing transaction TransactionHolder{handle=KafkaTransactionState [transactionalId=null, producerId=-1, epoch=-1], transactionStartTime=1790822477512} from checkpoint 2
2026-10-01 02:41:47,551 INFO  org.apache.flink.streaming.api.functions.sink.TwoPhaseCommitSinkFunction [] - FlinkKafkaProducer 7/8 - checkpoint 2 complete, committing transaction TransactionHolder{handle=KafkaTransactionState [transactionalId=null, producerId=-1, epoch=-1], transactionStartTime=1790822477512} from checkpoint 2
2026-10-01 02:41:47,552 INFO  org.apache.flink.streaming.api.functions.sink.TwoPhaseCommitSinkFunction [] - FlinkKafkaProducer 2/8 - checkpoint 2 complete, committing transaction TransactionHolder{handle=KafkaTransactionState [transactionalId=null, producerId=-1, epoch=-1], transactionStartTime=1790822477521} from checkpoint 2
2026-10-01 02:41:47,552 INFO  org.apache.flink.streaming.api.functions.sink.TwoPhaseCommitSinkFunction [] - FlinkKafkaProducer 3/8 - checkpoint 2 complete, committing transaction TransactionHolder{handle=KafkaTransactionState [transactionalId=null, producerId=-1, epoch=-1], transactionStartTime=1790822477519} from checkpoint 2
2026-10-01 02:41:47,553 INFO  org.apache.flink.streaming.api.functions.sink.TwoPhaseCommitSinkFunction [] - FlinkKafkaProducer 6/8 - checkpoint 2 complete, committing transaction TransactionHolder{handle=KafkaTransactionState [transactionalId=null, producerId=-1, epoch=-1], transactionStartTime=1790822477503} from checkpoint 2
2026-10-01 02:41:47,554 INFO  org.apache.flink.streaming.api.functions.sink.TwoPhaseCommitSinkFunction [] - FlinkKafkaProducer 7/8 - checkpoint 2 complete, committing transaction TransactionHolder{handle=KafkaTransactionState [transactionalId=null, producerId=-1, epoch=-1], transactionStartTime=1790822477502} from checkpoint 2
2026-10-01 02:42:17,502 INFO  org.apache.flink.streaming.api.functions.sink.TwoPhaseCommitSinkFunction [] - FlinkKafkaProducer 2/8 - checkpoint 3 complete, committing transaction TransactionHolder{handle=KafkaTransactionState [transactionalId=null, producerId=-1, epoch=-1], transactionStartTime=1790822507463} from checkpoint 3
2026-10-01 02:42:17,506 INFO  org.apache.flink.streaming.api.functions.sink.TwoPhaseCommitSinkFunction [] - FlinkKafkaProducer 6/8 - checkpoint 3 complete, committing transaction TransactionHolder{handle=KafkaTransactionState [transactionalId=null, producerId=-1, epoch=-1], transactionStartTime=1790822507463} from checkpoint 3
2026-10-01 02:42:17,506 INFO  org.apache.flink.streaming.api.functions.sink.TwoPhaseCommitSinkFunction [] - FlinkKafkaProducer 3/8 - checkpoint 3 complete, committing transaction TransactionHolder{handle=KafkaTransactionState [transactionalId=null, producerId=-1, epoch=-1], transactionStartTime=1790822507463} from checkpoint 3
2026-10-01 02:42:17,507 INFO  org.apache.flink.streaming.api.functions.sink.TwoPhaseCommitSinkFunction [] - FlinkKafkaProducer 7/8 - checkpoint 3 complete, committing transaction TransactionHolder{handle=KafkaTransactionState [transactionalId=null, producerId=-1, epoch=-1], transactionStartTime=1790822507462} from checkpoint 3
2026-10-01 02:42:17,507 INFO  org.apache.flink.streaming.api.functions.sink.TwoPhaseCommitSinkFunction [] - FlinkKafkaProducer 2/8 - checkpoint 3 complete, committing transaction TransactionHolder{handle=KafkaTransactionState [transactionalId=null, producerId=-1, epoch=-1], transactionStartTime=1790822507478} from checkpoint 3
2026-10-01 02:42:17,507 INFO  org.apache.flink.streaming.api.functions.sink.TwoPhaseCommitSinkFunction [] - FlinkKafkaProducer 2/8 - checkpoint 3 complete, committing transaction TransactionHolder{handle=KafkaTransactionState [transactionalId=null, producerId=-1, epoch=-1], transactionStartTime=1790822507478} from checkpoint 3
2026-10-01 02:42:17,507 INFO  org.apache.flink.streaming.api.functions.sink.TwoPhaseCommitSinkFunction [] - FlinkKafkaProducer 3/8 - checkpoint 3 complete, committing transaction TransactionHolder{handle=KafkaTransactionState [transactionalId=null, producerId=-1, epoch=-1], transactionStartTime=1790822507474} from checkpoint 3
2026-10-01 02:42:17,508 INFO  org.apache.flink.streaming.api.functions.sink.TwoPhaseCommitSinkFunction [] - FlinkKafkaProducer 3/8 - checkpoint 3 complete, committing transaction TransactionHolder{handle=KafkaTransactionState [transactionalId=null, producerId=-1, epoch=-1], transactionStartTime=1790822507474} from checkpoint 3
2026-10-01 02:42:17,511 INFO  org.apache.flink.streaming.api.functions.sink.TwoPhaseCommitSinkFunction [] - FlinkKafkaProducer 7/8 - checkpoint 3 complete, committing transaction TransactionHolder{handle=KafkaTransactionState [transactionalId=null, producerId=-1, epoch=-1], transactionStartTime=1790822507477} from checkpoint 3
2026-10-01 02:42:17,511 INFO  org.apache.flink.streaming.api.functions.sink.TwoPhaseCommitSinkFunction [] - FlinkKafkaProducer 6/8 - checkpoint 3 complete, committing transaction TransactionHolder{handle=KafkaTransactionState [transactionalId=null, producerId=-1, epoch=-1], transactionStartTime=1790822507474} from checkpoint 3
2026-10-01 02:42:17,511 INFO  org.apache.flink.streaming.api.functions.sink.TwoPhaseCommitSinkFunction [] - FlinkKafkaProducer 6/8 - checkpoint 3 complete, committing transaction TransactionHolder{handle=KafkaTransactionState [transactionalId=null, producerId=-1, epoch=-1], transactionStartTime=1790822507474} from checkpoint 3
2026-10-01 02:42:17,511 INFO  org.apache.flink.streaming.api.functions.sink.TwoPhaseCommitSinkFunction [] - FlinkKafkaProducer 7/8 - checkpoint 3 complete, committing transaction TransactionHolder{handle=KafkaTransactionState [transactionalId=null, producerId=-1, epoch=-1], transactionStartTime=1790822507477} from checkpoint 3
2026-10-01 02:42:17,514 INFO  org.apache.flink.streaming.api.functions.sink.TwoPhaseCommitSinkFunction [] - FlinkKafkaProducer 2/8 - checkpoint 3 complete, committing transaction TransactionHolder{handle=KafkaTransactionState [transactionalId=null, producerId=-1, epoch=-1], transactionStartTime=1790822507479} from checkpoint 3
2026-10-01 02:42:17,514 INFO  org.apache.flink.streaming.api.functions.sink.TwoPhaseCommitSinkFunction [] - FlinkKafkaProducer 2/8 - checkpoint 3 complete, committing transaction TransactionHolder{handle=KafkaTransactionState [transactionalId=null, producerId=-1, epoch=-1], transactionStartTime=1790822507479} from checkpoint 3
2026-10-01 02:42:17,514 INFO  org.apache.flink.streaming.api.functions.sink.TwoPhaseCommitSinkFunction [] - FlinkKafkaProducer 3/8 - checkpoint 3 complete, committing transaction TransactionHolder{handle=KafkaTransactionState [transactionalId=null, producerId=-1, epoch=-1], transactionStartTime=1790822507481} from checkpoint 3
2026-10-01 02:42:17,515 INFO  org.apache.flink.streaming.api.functions.sink.TwoPhaseCommitSinkFunction [] - FlinkKafkaProducer 6/8 - checkpoint 3 complete, committing transaction TransactionHolder{handle=KafkaTransactionState [transactionalId=null, producerId=-1, epoch=-1], transactionStartTime=1790822507480} from checkpoint 3
2026-10-01 02:42:17,515 INFO  org.apache.flink.streaming.api.functions.sink.TwoPhaseCommitSinkFunction [] - FlinkKafkaProducer 3/8 - checkpoint 3 complete, committing transaction TransactionHolder{handle=KafkaTransactionState [transactionalId=null, producerId=-1, epoch=-1], transactionStartTime=1790822507481} from checkpoint 3
2026-10-01 02:42:17,515 INFO  org.apache.flink.streaming.api.functions.sink.TwoPhaseCommitSinkFunction [] - FlinkKafkaProducer 7/8 - checkpoint 3 complete, committing transaction TransactionHolder{handle=KafkaTransactionState [transactionalId=null, producerId=-1, epoch=-1], transactionStartTime=1790822507479} from checkpoint 3
2026-10-01 02:42:17,515 INFO  org.apache.flink.streaming.api.functions.sink.TwoPhaseCommitSinkFunction [] - FlinkKafkaProducer 6/8 - checkpoint 3 complete, committing transaction TransactionHolder{handle=KafkaTransactionState [transactionalId=null, producerId=-1, epoch=-1], transactionStartTime=1790822507480} from checkpoint 3
2026-10-01 02:42:17,515 INFO  org.apache.flink.streaming.api.functions.sink.TwoPhaseCommitSinkFunction [] - FlinkKafkaProducer 7/8 - checkpoint 3 complete, committing transaction TransactionHolder{handle=KafkaTransactionState [transactionalId=null, producerId=-1, epoch=-1], transactionStartTime=1790822507479} from checkpoint 3
2026-10-01 02:42:17,515 INFO  org.apache.flink.streaming.api.functions.sink.TwoPhaseCommitSinkFunction [] - FlinkKafkaProducer 2/8 - checkpoint 3 complete, committing transaction TransactionHolder{handle=KafkaTransactionState [transactionalId=null, producerId=-1, epoch=-1], transactionStartTime=1790822507490} from checkpoint 3
2026-10-01 02:42:17,516 INFO  org.apache.flink.streaming.api.functions.sink.TwoPhaseCommitSinkFunction [] - FlinkKafkaProducer 3/8 - checkpoint 3 complete, committing transaction TransactionHolder{handle=KafkaTransactionState [transactionalId=null, producerId=-1, epoch=-1], transactionStartTime=1790822507489} from checkpoint 3
2026-10-01 02:42:17,516 INFO  org.apache.flink.streaming.api.functions.sink.TwoPhaseCommitSinkFunction [] - FlinkKafkaProducer 6/8 - checkpoint 3 complete, committing transaction TransactionHolder{handle=KafkaTransactionState [transactionalId=null, producerId=-1, epoch=-1], transactionStartTime=1790822507488} from checkpoint 3
2026-10-01 02:42:17,516 INFO  org.apache.flink.streaming.api.functions.sink.TwoPhaseCommitSinkFunction [] - FlinkKafkaProducer 7/8 - checkpoint 3 complete, committing transaction TransactionHolder{handle=KafkaTransactionState [transactionalId=null, producerId=-1, epoch=-1], transactionStartTime=1790822507488} from checkpoint 3
2026-10-01 02:42:47,499 INFO  org.apache.flink.streaming.api.functions.sink.TwoPhaseCommitSinkFunction [] - FlinkKafkaProducer 2/8 - checkpoint 4 complete, committing transaction TransactionHolder{handle=KafkaTransactionState [transactionalId=null, producerId=-1, epoch=-1], transactionStartTime=1790822537456} from checkpoint 4
2026-10-01 02:42:47,500 INFO  org.apache.flink.streaming.api.functions.sink.TwoPhaseCommitSinkFunction [] - FlinkKafkaProducer 3/8 - checkpoint 4 complete, committing transaction TransactionHolder{handle=KafkaTransactionState [transactionalId=null, producerId=-1, epoch=-1], transactionStartTime=1790822537458} from checkpoint 4
2026-10-01 02:42:47,500 INFO  org.apache.flink.streaming.api.functions.sink.TwoPhaseCommitSinkFunction [] - FlinkKafkaProducer 6/8 - checkpoint 4 complete, committing transaction TransactionHolder{handle=KafkaTransactionState [transactionalId=null, producerId=-1, epoch=-1], transactionStartTime=1790822537459} from checkpoint 4
2026-10-01 02:42:47,501 INFO  org.apache.flink.streaming.api.functions.sink.TwoPhaseCommitSinkFunction [] - FlinkKafkaProducer 7/8 - checkpoint 4 complete, committing transaction TransactionHolder{handle=KafkaTransactionState [transactionalId=null, producerId=-1, epoch=-1], transactionStartTime=1790822537456} from checkpoint 4
2026-10-01 02:42:47,501 INFO  org.apache.flink.streaming.api.functions.sink.TwoPhaseCommitSinkFunction [] - FlinkKafkaProducer 2/8 - checkpoint 4 complete, committing transaction TransactionHolder{handle=KafkaTransactionState [transactionalId=null, producerId=-1, epoch=-1], transactionStartTime=1790822537466} from checkpoint 4
2026-10-01 02:42:47,501 INFO  org.apache.flink.streaming.api.functions.sink.TwoPhaseCommitSinkFunction [] - FlinkKafkaProducer 2/8 - checkpoint 4 complete, committing transaction TransactionHolder{handle=KafkaTransactionState [transactionalId=null, producerId=-1, epoch=-1], transactionStartTime=1790822537466} from checkpoint 4
2026-10-01 02:42:47,504 INFO  org.apache.flink.streaming.api.functions.sink.TwoPhaseCommitSinkFunction [] - FlinkKafkaProducer 3/8 - checkpoint 4 complete, committing transaction TransactionHolder{handle=KafkaTransactionState [transactionalId=null, producerId=-1, epoch=-1], transactionStartTime=1790822537472} from checkpoint 4
2026-10-01 02:42:47,504 INFO  org.apache.flink.streaming.api.functions.sink.TwoPhaseCommitSinkFunction [] - FlinkKafkaProducer 3/8 - checkpoint 4 complete, committing transaction TransactionHolder{handle=KafkaTransactionState [transactionalId=null, producerId=-1, epoch=-1], transactionStartTime=1790822537472} from checkpoint 4
2026-10-01 02:42:47,504 INFO  org.apache.flink.streaming.api.functions.sink.TwoPhaseCommitSinkFunction [] - FlinkKafkaProducer 6/8 - checkpoint 4 complete, committing transaction TransactionHolder{handle=KafkaTransactionState [transactionalId=null, producerId=-1, epoch=-1], transactionStartTime=1790822537464} from checkpoint 4
2026-10-01 02:42:47,505 INFO  org.apache.flink.streaming.api.functions.sink.TwoPhaseCommitSinkFunction [] - FlinkKafkaProducer 7/8 - checkpoint 4 complete, committing transaction TransactionHolder{handle=KafkaTransactionState [transactionalId=null, producerId=-1, epoch=-1], transactionStartTime=1790822537464} from checkpoint 4
2026-10-01 02:42:47,505 INFO  org.apache.flink.streaming.api.functions.sink.TwoPhaseCommitSinkFunction [] - FlinkKafkaProducer 6/8 - checkpoint 4 complete, committing transaction TransactionHolder{handle=KafkaTransactionState [transactionalId=null, producerId=-1, epoch=-1], transactionStartTime=1790822537465} from checkpoint 4
2026-10-01 02:42:47,505 INFO  org.apache.flink.streaming.api.functions.sink.TwoPhaseCommitSinkFunction [] - FlinkKafkaProducer 7/8 - checkpoint 4 complete, committing transaction TransactionHolder{handle=KafkaTransactionState [transactionalId=null, producerId=-1, epoch=-1], transactionStartTime=1790822537465} from checkpoint 4
2026-10-01 02:42:47,505 INFO  org.apache.flink.streaming.api.functions.sink.TwoPhaseCommitSinkFunction [] - FlinkKafkaProducer 2/8 - checkpoint 4 complete, committing transaction TransactionHolder{handle=KafkaTransactionState [transactionalId=null, producerId=-1, epoch=-1], transactionStartTime=1790822537475} from checkpoint 4
2026-10-01 02:42:47,505 INFO  org.apache.flink.streaming.api.functions.sink.TwoPhaseCommitSinkFunction [] - FlinkKafkaProducer 2/8 - checkpoint 4 complete, committing transaction TransactionHolder{handle=KafkaTransactionState [transactionalId=null, producerId=-1, epoch=-1], transactionStartTime=1790822537475} from checkpoint 4
2026-10-01 02:42:47,523 INFO  org.apache.flink.streaming.api.functions.sink.TwoPhaseCommitSinkFunction [] - FlinkKafkaProducer 3/8 - checkpoint 4 complete, committing transaction TransactionHolder{handle=KafkaTransactionState [transactionalId=null, producerId=-1, epoch=-1], transactionStartTime=1790822537474} from checkpoint 4
2026-10-01 02:42:47,524 INFO  org.apache.flink.streaming.api.functions.sink.TwoPhaseCommitSinkFunction [] - FlinkKafkaProducer 3/8 - checkpoint 4 complete, committing transaction TransactionHolder{handle=KafkaTransactionState [transactionalId=null, producerId=-1, epoch=-1], transactionStartTime=1790822537474} from checkpoint 4
2026-10-01 02:42:47,529 INFO  org.apache.flink.streaming.api.functions.sink.TwoPhaseCommitSinkFunction [] - FlinkKafkaProducer 6/8 - checkpoint 4 complete, committing transaction TransactionHolder{handle=KafkaTransactionState [transactionalId=null, producerId=-1, epoch=-1], transactionStartTime=1790822537474} from checkpoint 4
2026-10-01 02:42:47,529 INFO  org.apache.flink.streaming.api.functions.sink.TwoPhaseCommitSinkFunction [] - FlinkKafkaProducer 6/8 - checkpoint 4 complete, committing transaction TransactionHolder{handle=KafkaTransactionState [transactionalId=null, producerId=-1, epoch=-1], transactionStartTime=1790822537474} from checkpoint 4
2026-10-01 02:42:47,530 INFO  org.apache.flink.streaming.api.functions.sink.TwoPhaseCommitSinkFunction [] - FlinkKafkaProducer 7/8 - checkpoint 4 complete, committing transaction TransactionHolder{handle=KafkaTransactionState [transactionalId=null, producerId=-1, epoch=-1], transactionStartTime=1790822537475} from checkpoint 4
2026-10-01 02:42:47,530 INFO  org.apache.flink.streaming.api.functions.sink.TwoPhaseCommitSinkFunction [] - FlinkKafkaProducer 7/8 - checkpoint 4 complete, committing transaction TransactionHolder{handle=KafkaTransactionState [transactionalId=null, producerId=-1, epoch=-1], transactionStartTime=1790822537475} from checkpoint 4
2026-10-01 02:42:47,530 INFO  org.apache.flink.streaming.api.functions.sink.TwoPhaseCommitSinkFunction [] - FlinkKafkaProducer 2/8 - checkpoint 4 complete, committing transaction TransactionHolder{handle=KafkaTransactionState [transactionalId=null, producerId=-1, epoch=-1], transactionStartTime=1790822537462} from checkpoint 4
2026-10-01 02:42:47,530 INFO  org.apache.flink.streaming.api.functions.sink.TwoPhaseCommitSinkFunction [] - FlinkKafkaProducer 3/8 - checkpoint 4 complete, committing transaction TransactionHolder{handle=KafkaTransactionState [transactionalId=null, producerId=-1, epoch=-1], transactionStartTime=1790822537469} from checkpoint 4
2026-10-01 02:42:47,531 INFO  org.apache.flink.streaming.api.functions.sink.TwoPhaseCommitSinkFunction [] - FlinkKafkaProducer 6/8 - checkpoint 4 complete, committing transaction TransactionHolder{handle=KafkaTransactionState [transactionalId=null, producerId=-1, epoch=-1], transactionStartTime=1790822537462} from checkpoint 4
2026-10-01 02:42:47,531 INFO  org.apache.flink.streaming.api.functions.sink.TwoPhaseCommitSinkFunction [] - FlinkKafkaProducer 7/8 - checkpoint 4 complete, committing transaction TransactionHolder{handle=KafkaTransactionState [transactionalId=null, producerId=-1, epoch=-1], transactionStartTime=1790822537470} from checkpoint 4
2026-10-01 02:43:17,745 INFO  org.apache.flink.streaming.api.functions.sink.TwoPhaseCommitSinkFunction [] - FlinkKafkaProducer 3/8 - checkpoint 5 complete, committing transaction TransactionHolder{handle=KafkaTransactionState [transactionalId=null, producerId=-1, epoch=-1], transactionStartTime=1790822567454} from checkpoint 5
2026-10-01 02:43:17,748 INFO  org.apache.flink.streaming.api.functions.sink.TwoPhaseCommitSinkFunction [] - FlinkKafkaProducer 2/8 - checkpoint 5 complete, committing transaction TransactionHolder{handle=KafkaTransactionState [transactionalId=null, producerId=-1, epoch=-1], transactionStartTime=1790822567449} from checkpoint 5
2026-10-01 02:43:17,750 INFO  org.apache.flink.streaming.api.functions.sink.TwoPhaseCommitSinkFunction [] - FlinkKafkaProducer 3/8 - checkpoint 5 complete, committing transaction TransactionHolder{handle=KafkaTransactionState [transactionalId=null, producerId=-1, epoch=-1], transactionStartTime=1790822567464} from checkpoint 5
2026-10-01 02:43:17,750 INFO  org.apache.flink.streaming.api.functions.sink.TwoPhaseCommitSinkFunction [] - FlinkKafkaProducer 7/8 - checkpoint 5 complete, committing transaction TransactionHolder{handle=KafkaTransactionState [transactionalId=null, producerId=-1, epoch=-1], transactionStartTime=1790822567454} from checkpoint 5
2026-10-01 02:43:17,750 INFO  org.apache.flink.streaming.api.functions.sink.TwoPhaseCommitSinkFunction [] - FlinkKafkaProducer 3/8 - checkpoint 5 complete, committing transaction TransactionHolder{handle=KafkaTransactionState [transactionalId=null, producerId=-1, epoch=-1], transactionStartTime=1790822567464} from checkpoint 5
2026-10-01 02:43:17,751 INFO  org.apache.flink.streaming.api.functions.sink.TwoPhaseCommitSinkFunction [] - FlinkKafkaProducer 2/8 - checkpoint 5 complete, committing transaction TransactionHolder{handle=KafkaTransactionState [transactionalId=null, producerId=-1, epoch=-1], transactionStartTime=1790822567462} from checkpoint 5
2026-10-01 02:43:17,751 INFO  org.apache.flink.streaming.api.functions.sink.TwoPhaseCommitSinkFunction [] - FlinkKafkaProducer 2/8 - checkpoint 5 complete, committing transaction TransactionHolder{handle=KafkaTransactionState [transactionalId=null, producerId=-1, epoch=-1], transactionStartTime=1790822567462} from checkpoint 5
2026-10-01 02:43:17,751 INFO  org.apache.flink.streaming.api.functions.sink.TwoPhaseCommitSinkFunction [] - FlinkKafkaProducer 6/8 - checkpoint 5 complete, committing transaction TransactionHolder{handle=KafkaTransactionState [transactionalId=null, producerId=-1, epoch=-1], transactionStartTime=1790822567456} from checkpoint 5
2026-10-01 02:43:17,751 INFO  org.apache.flink.streaming.api.functions.sink.TwoPhaseCommitSinkFunction [] - FlinkKafkaProducer 7/8 - checkpoint 5 complete, committing transaction TransactionHolder{handle=KafkaTransactionState [transactionalId=null, producerId=-1, epoch=-1], transactionStartTime=1790822567464} from checkpoint 5
2026-10-01 02:43:17,751 INFO  org.apache.flink.streaming.api.functions.sink.TwoPhaseCommitSinkFunction [] - FlinkKafkaProducer 2/8 - checkpoint 5 complete, committing transaction TransactionHolder{handle=KafkaTransactionState [transactionalId=null, producerId=-1, epoch=-1], transactionStartTime=1790822567464} from checkpoint 5
2026-10-01 02:43:17,751 INFO  org.apache.flink.streaming.api.functions.sink.TwoPhaseCommitSinkFunction [] - FlinkKafkaProducer 7/8 - checkpoint 5 complete, committing transaction TransactionHolder{handle=KafkaTransactionState [transactionalId=null, producerId=-1, epoch=-1], transactionStartTime=1790822567464} from checkpoint 5
2026-10-01 02:43:17,751 INFO  org.apache.flink.streaming.api.functions.sink.TwoPhaseCommitSinkFunction [] - FlinkKafkaProducer 6/8 - checkpoint 5 complete, committing transaction TransactionHolder{handle=KafkaTransactionState [transactionalId=null, producerId=-1, epoch=-1], transactionStartTime=1790822567462} from checkpoint 5
2026-10-01 02:43:17,752 INFO  org.apache.flink.streaming.api.functions.sink.TwoPhaseCommitSinkFunction [] - FlinkKafkaProducer 6/8 - checkpoint 5 complete, committing transaction TransactionHolder{handle=KafkaTransactionState [transactionalId=null, producerId=-1, epoch=-1], transactionStartTime=1790822567463} from checkpoint 5
2026-10-01 02:43:17,751 INFO  org.apache.flink.streaming.api.functions.sink.TwoPhaseCommitSinkFunction [] - FlinkKafkaProducer 2/8 - checkpoint 5 complete, committing transaction TransactionHolder{handle=KafkaTransactionState [transactionalId=null, producerId=-1, epoch=-1], transactionStartTime=1790822567464} from checkpoint 5
2026-10-01 02:43:17,752 INFO  org.apache.flink.streaming.api.functions.sink.TwoPhaseCommitSinkFunction [] - FlinkKafkaProducer 3/8 - checkpoint 5 complete, committing transaction TransactionHolder{handle=KafkaTransactionState [transactionalId=null, producerId=-1, epoch=-1], transactionStartTime=1790822567468} from checkpoint 5
2026-10-01 02:43:17,752 INFO  org.apache.flink.streaming.api.functions.sink.TwoPhaseCommitSinkFunction [] - FlinkKafkaProducer 3/8 - checkpoint 5 complete, committing transaction TransactionHolder{handle=KafkaTransactionState [transactionalId=null, producerId=-1, epoch=-1], transactionStartTime=1790822567468} from checkpoint 5
2026-10-01 02:43:17,767 INFO  org.apache.flink.streaming.api.functions.sink.TwoPhaseCommitSinkFunction [] - FlinkKafkaProducer 6/8 - checkpoint 5 complete, committing transaction TransactionHolder{handle=KafkaTransactionState [transactionalId=null, producerId=-1, epoch=-1], transactionStartTime=1790822567469} from checkpoint 5
2026-10-01 02:43:17,767 INFO  org.apache.flink.streaming.api.functions.sink.TwoPhaseCommitSinkFunction [] - FlinkKafkaProducer 6/8 - checkpoint 5 complete, committing transaction TransactionHolder{handle=KafkaTransactionState [transactionalId=null, producerId=-1, epoch=-1], transactionStartTime=1790822567469} from checkpoint 5
2026-10-01 02:43:17,767 INFO  org.apache.flink.streaming.api.functions.sink.TwoPhaseCommitSinkFunction [] - FlinkKafkaProducer 7/8 - checkpoint 5 complete, committing transaction TransactionHolder{handle=KafkaTransactionState [transactionalId=null, producerId=-1, epoch=-1], transactionStartTime=1790822567467} from checkpoint 5
2026-10-01 02:43:17,767 INFO  org.apache.flink.streaming.api.functions.sink.TwoPhaseCommitSinkFunction [] - FlinkKafkaProducer 7/8 - checkpoint 5 complete, committing transaction TransactionHolder{handle=KafkaTransactionState [transactionalId=null, producerId=-1, epoch=-1], transactionStartTime=1790822567467} from checkpoint 5
2026-10-01 02:43:17,841 INFO  org.apache.flink.streaming.api.functions.sink.TwoPhaseCommitSinkFunction [] - FlinkKafkaProducer 2/8 - checkpoint 5 complete, committing transaction TransactionHolder{handle=KafkaTransactionState [transactionalId=null, producerId=-1, epoch=-1], transactionStartTime=1790822567460} from checkpoint 5
2026-10-01 02:43:17,845 INFO  org.apache.flink.streaming.api.functions.sink.TwoPhaseCommitSinkFunction [] - FlinkKafkaProducer 3/8 - checkpoint 5 complete, committing transaction TransactionHolder{handle=KafkaTransactionState [transactionalId=null, producerId=-1, epoch=-1], transactionStartTime=1790822567460} from checkpoint 5
2026-10-01 02:43:17,847 INFO  org.apache.flink.streaming.api.functions.sink.TwoPhaseCommitSinkFunction [] - FlinkKafkaProducer 6/8 - checkpoint 5 complete, committing transaction TransactionHolder{handle=KafkaTransactionState [transactionalId=null, producerId=-1, epoch=-1], transactionStartTime=1790822567458} from checkpoint 5
2026-10-01 02:43:17,847 INFO  org.apache.flink.streaming.api.functions.sink.TwoPhaseCommitSinkFunction [] - FlinkKafkaProducer 7/8 - checkpoint 5 complete, committing transaction TransactionHolder{handle=KafkaTransactionState [transactionalId=null, producerId=-1, epoch=-1], transactionStartTime=1790822567456} from checkpoint 5
2026-10-01 02:43:47,632 INFO  org.apache.flink.streaming.api.functions.sink.TwoPhaseCommitSinkFunction [] - FlinkKafkaProducer 3/8 - checkpoint 6 complete, committing transaction TransactionHolder{handle=KafkaTransactionState [transactionalId=null, producerId=-1, epoch=-1], transactionStartTime=1790822597507} from checkpoint 6
2026-10-01 02:43:47,634 INFO  org.apache.flink.streaming.api.functions.sink.TwoPhaseCommitSinkFunction [] - FlinkKafkaProducer 7/8 - checkpoint 6 complete, committing transaction TransactionHolder{handle=KafkaTransactionState [transactionalId=null, producerId=-1, epoch=-1], transactionStartTime=1790822597501} from checkpoint 6
2026-10-01 02:43:47,634 INFO  org.apache.flink.streaming.api.functions.sink.TwoPhaseCommitSinkFunction [] - FlinkKafkaProducer 2/8 - checkpoint 6 complete, committing transaction TransactionHolder{handle=KafkaTransactionState [transactionalId=null, producerId=-1, epoch=-1], transactionStartTime=1790822597508} from checkpoint 6
2026-10-01 02:43:47,634 INFO  org.apache.flink.streaming.api.functions.sink.TwoPhaseCommitSinkFunction [] - FlinkKafkaProducer 6/8 - checkpoint 6 complete, committing transaction TransactionHolder{handle=KafkaTransactionState [transactionalId=null, producerId=-1, epoch=-1], transactionStartTime=1790822597520} from checkpoint 6
2026-10-01 02:43:47,632 INFO  org.apache.flink.streaming.api.functions.sink.TwoPhaseCommitSinkFunction [] - FlinkKafkaProducer 2/8 - checkpoint 6 complete, committing transaction TransactionHolder{handle=KafkaTransactionState [transactionalId=null, producerId=-1, epoch=-1], transactionStartTime=1790822597501} from checkpoint 6
2026-10-01 02:43:47,635 INFO  org.apache.flink.streaming.api.functions.sink.TwoPhaseCommitSinkFunction [] - FlinkKafkaProducer 2/8 - checkpoint 6 complete, committing transaction TransactionHolder{handle=KafkaTransactionState [transactionalId=null, producerId=-1, epoch=-1], transactionStartTime=1790822597508} from checkpoint 6
2026-10-01 02:43:47,635 INFO  org.apache.flink.streaming.api.functions.sink.TwoPhaseCommitSinkFunction [] - FlinkKafkaProducer 3/8 - checkpoint 6 complete, committing transaction TransactionHolder{handle=KafkaTransactionState [transactionalId=null, producerId=-1, epoch=-1], transactionStartTime=1790822597508} from checkpoint 6
2026-10-01 02:43:47,639 INFO  org.apache.flink.streaming.api.functions.sink.TwoPhaseCommitSinkFunction [] - FlinkKafkaProducer 3/8 - checkpoint 6 complete, committing transaction TransactionHolder{handle=KafkaTransactionState [transactionalId=null, producerId=-1, epoch=-1], transactionStartTime=1790822597508} from checkpoint 6
2026-10-01 02:43:47,640 INFO  org.apache.flink.streaming.api.functions.sink.TwoPhaseCommitSinkFunction [] - FlinkKafkaProducer 2/8 - checkpoint 6 complete, committing transaction TransactionHolder{handle=KafkaTransactionState [transactionalId=null, producerId=-1, epoch=-1], transactionStartTime=1790822597554} from checkpoint 6
2026-10-01 02:43:47,635 INFO  org.apache.flink.streaming.api.functions.sink.TwoPhaseCommitSinkFunction [] - FlinkKafkaProducer 7/8 - checkpoint 6 complete, committing transaction TransactionHolder{handle=KafkaTransactionState [transactionalId=null, producerId=-1, epoch=-1], transactionStartTime=1790822597509} from checkpoint 6
2026-10-01 02:43:47,635 INFO  org.apache.flink.streaming.api.functions.sink.TwoPhaseCommitSinkFunction [] - FlinkKafkaProducer 6/8 - checkpoint 6 complete, committing transaction TransactionHolder{handle=KafkaTransactionState [transactionalId=null, producerId=-1, epoch=-1], transactionStartTime=1790822597508} from checkpoint 6
2026-10-01 02:43:47,640 INFO  org.apache.flink.streaming.api.functions.sink.TwoPhaseCommitSinkFunction [] - FlinkKafkaProducer 7/8 - checkpoint 6 complete, committing transaction TransactionHolder{handle=KafkaTransactionState [transactionalId=null, producerId=-1, epoch=-1], transactionStartTime=1790822597509} from checkpoint 6
2026-10-01 02:43:47,640 INFO  org.apache.flink.streaming.api.functions.sink.TwoPhaseCommitSinkFunction [] - FlinkKafkaProducer 6/8 - checkpoint 6 complete, committing transaction TransactionHolder{handle=KafkaTransactionState [transactionalId=null, producerId=-1, epoch=-1], transactionStartTime=1790822597508} from checkpoint 6
2026-10-01 02:43:47,640 INFO  org.apache.flink.streaming.api.functions.sink.TwoPhaseCommitSinkFunction [] - FlinkKafkaProducer 2/8 - checkpoint 6 complete, committing transaction TransactionHolder{handle=KafkaTransactionState [transactionalId=null, producerId=-1, epoch=-1], transactionStartTime=1790822597554} from checkpoint 6
2026-10-01 02:43:47,642 INFO  org.apache.flink.streaming.api.functions.sink.TwoPhaseCommitSinkFunction [] - FlinkKafkaProducer 2/8 - checkpoint 6 complete, committing transaction TransactionHolder{handle=KafkaTransactionState [transactionalId=null, producerId=-1, epoch=-1], transactionStartTime=1790822597513} from checkpoint 6
2026-10-01 02:43:47,643 INFO  org.apache.flink.streaming.api.functions.sink.TwoPhaseCommitSinkFunction [] - FlinkKafkaProducer 3/8 - checkpoint 6 complete, committing transaction TransactionHolder{handle=KafkaTransactionState [transactionalId=null, producerId=-1, epoch=-1], transactionStartTime=1790822597511} from checkpoint 6
2026-10-01 02:43:47,643 INFO  org.apache.flink.streaming.api.functions.sink.TwoPhaseCommitSinkFunction [] - FlinkKafkaProducer 6/8 - checkpoint 6 complete, committing transaction TransactionHolder{handle=KafkaTransactionState [transactionalId=null, producerId=-1, epoch=-1], transactionStartTime=1790822597519} from checkpoint 6
2026-10-01 02:43:47,643 INFO  org.apache.flink.streaming.api.functions.sink.TwoPhaseCommitSinkFunction [] - FlinkKafkaProducer 3/8 - checkpoint 6 complete, committing transaction TransactionHolder{handle=KafkaTransactionState [transactionalId=null, producerId=-1, epoch=-1], transactionStartTime=1790822597554} from checkpoint 6
2026-10-01 02:43:47,645 INFO  org.apache.flink.streaming.api.functions.sink.TwoPhaseCommitSinkFunction [] - FlinkKafkaProducer 3/8 - checkpoint 6 complete, committing transaction TransactionHolder{handle=KafkaTransactionState [transactionalId=null, producerId=-1, epoch=-1], transactionStartTime=1790822597554} from checkpoint 6
2026-10-01 02:43:47,645 INFO  org.apache.flink.streaming.api.functions.sink.TwoPhaseCommitSinkFunction [] - FlinkKafkaProducer 7/8 - checkpoint 6 complete, committing transaction TransactionHolder{handle=KafkaTransactionState [transactionalId=null, producerId=-1, epoch=-1], transactionStartTime=1790822597536} from checkpoint 6
2026-10-01 02:43:47,644 INFO  org.apache.flink.streaming.api.functions.sink.TwoPhaseCommitSinkFunction [] - FlinkKafkaProducer 6/8 - checkpoint 6 complete, committing transaction TransactionHolder{handle=KafkaTransactionState [transactionalId=null, producerId=-1, epoch=-1], transactionStartTime=1790822597551} from checkpoint 6
2026-10-01 02:43:47,649 INFO  org.apache.flink.streaming.api.functions.sink.TwoPhaseCommitSinkFunction [] - FlinkKafkaProducer 6/8 - checkpoint 6 complete, committing transaction TransactionHolder{handle=KafkaTransactionState [transactionalId=null, producerId=-1, epoch=-1], transactionStartTime=1790822597551} from checkpoint 6
2026-10-01 02:43:47,649 INFO  org.apache.flink.streaming.api.functions.sink.TwoPhaseCommitSinkFunction [] - FlinkKafkaProducer 7/8 - checkpoint 6 complete, committing transaction TransactionHolder{handle=KafkaTransactionState [transactionalId=null, producerId=-1, epoch=-1], transactionStartTime=1790822597536} from checkpoint 6
2026-10-01 02:43:47,650 INFO  org.apache.flink.streaming.api.functions.sink.TwoPhaseCommitSinkFunction [] - FlinkKafkaProducer 7/8 - checkpoint 6 complete, committing transaction TransactionHolder{handle=KafkaTransactionState [transactionalId=null, producerId=-1, epoch=-1], transactionStartTime=1790822597514} from checkpoint 6
2026-10-01 02:44:17,696 INFO  org.apache.flink.streaming.api.functions.sink.TwoPhaseCommitSinkFunction [] - FlinkKafkaProducer 6/8 - checkpoint 7 complete, committing transaction TransactionHolder{handle=KafkaTransactionState [transactionalId=null, producerId=-1, epoch=-1], transactionStartTime=1790822627461} from checkpoint 7
2026-10-01 02:44:17,696 INFO  org.apache.flink.streaming.api.functions.sink.TwoPhaseCommitSinkFunction [] - FlinkKafkaProducer 7/8 - checkpoint 7 complete, committing transaction TransactionHolder{handle=KafkaTransactionState [transactionalId=null, producerId=-1, epoch=-1], transactionStartTime=1790822627460} from checkpoint 7
2026-10-01 02:44:17,707 INFO  org.apache.flink.streaming.api.functions.sink.TwoPhaseCommitSinkFunction [] - FlinkKafkaProducer 2/8 - checkpoint 7 complete, committing transaction TransactionHolder{handle=KafkaTransactionState [transactionalId=null, producerId=-1, epoch=-1], transactionStartTime=1790822627470} from checkpoint 7
2026-10-01 02:44:17,707 INFO  org.apache.flink.streaming.api.functions.sink.TwoPhaseCommitSinkFunction [] - FlinkKafkaProducer 3/8 - checkpoint 7 complete, committing transaction TransactionHolder{handle=KafkaTransactionState [transactionalId=null, producerId=-1, epoch=-1], transactionStartTime=1790822627462} from checkpoint 7
2026-10-01 02:44:17,699 INFO  org.apache.flink.streaming.api.functions.sink.TwoPhaseCommitSinkFunction [] - FlinkKafkaProducer 6/8 - checkpoint 7 complete, committing transaction TransactionHolder{handle=KafkaTransactionState [transactionalId=null, producerId=-1, epoch=-1], transactionStartTime=1790822627473} from checkpoint 7
2026-10-01 02:44:17,699 INFO  org.apache.flink.streaming.api.functions.sink.TwoPhaseCommitSinkFunction [] - FlinkKafkaProducer 3/8 - checkpoint 7 complete, committing transaction TransactionHolder{handle=KafkaTransactionState [transactionalId=null, producerId=-1, epoch=-1], transactionStartTime=1790822627470} from checkpoint 7
2026-10-01 02:44:17,699 INFO  org.apache.flink.streaming.api.functions.sink.TwoPhaseCommitSinkFunction [] - FlinkKafkaProducer 2/8 - checkpoint 7 complete, committing transaction TransactionHolder{handle=KafkaTransactionState [transactionalId=null, producerId=-1, epoch=-1], transactionStartTime=1790822627473} from checkpoint 7
2026-10-01 02:44:17,699 INFO  org.apache.flink.streaming.api.functions.sink.TwoPhaseCommitSinkFunction [] - FlinkKafkaProducer 2/8 - checkpoint 7 complete, committing transaction TransactionHolder{handle=KafkaTransactionState [transactionalId=null, producerId=-1, epoch=-1], transactionStartTime=1790822627475} from checkpoint 7
2026-10-01 02:44:17,699 INFO  org.apache.flink.streaming.api.functions.sink.TwoPhaseCommitSinkFunction [] - FlinkKafkaProducer 6/8 - checkpoint 7 complete, committing transaction TransactionHolder{handle=KafkaTransactionState [transactionalId=null, producerId=-1, epoch=-1], transactionStartTime=1790822627468} from checkpoint 7
2026-10-01 02:44:17,698 INFO  org.apache.flink.streaming.api.functions.sink.TwoPhaseCommitSinkFunction [] - FlinkKafkaProducer 3/8 - checkpoint 7 complete, committing transaction TransactionHolder{handle=KafkaTransactionState [transactionalId=null, producerId=-1, epoch=-1], transactionStartTime=1790822627467} from checkpoint 7
2026-10-01 02:44:17,698 INFO  org.apache.flink.streaming.api.functions.sink.TwoPhaseCommitSinkFunction [] - FlinkKafkaProducer 7/8 - checkpoint 7 complete, committing transaction TransactionHolder{handle=KafkaTransactionState [transactionalId=null, producerId=-1, epoch=-1], transactionStartTime=1790822627476} from checkpoint 7
2026-10-01 02:44:17,698 INFO  org.apache.flink.streaming.api.functions.sink.TwoPhaseCommitSinkFunction [] - FlinkKafkaProducer 6/8 - checkpoint 7 complete, committing transaction TransactionHolder{handle=KafkaTransactionState [transactionalId=null, producerId=-1, epoch=-1], transactionStartTime=1790822627476} from checkpoint 7
2026-10-01 02:44:17,709 INFO  org.apache.flink.streaming.api.functions.sink.TwoPhaseCommitSinkFunction [] - FlinkKafkaProducer 6/8 - checkpoint 7 complete, committing transaction TransactionHolder{handle=KafkaTransactionState [transactionalId=null, producerId=-1, epoch=-1], transactionStartTime=1790822627476} from checkpoint 7
2026-10-01 02:44:17,697 INFO  org.apache.flink.streaming.api.functions.sink.TwoPhaseCommitSinkFunction [] - FlinkKafkaProducer 3/8 - checkpoint 7 complete, committing transaction TransactionHolder{handle=KafkaTransactionState [transactionalId=null, producerId=-1, epoch=-1], transactionStartTime=1790822627475} from checkpoint 7
2026-10-01 02:44:17,709 INFO  org.apache.flink.streaming.api.functions.sink.TwoPhaseCommitSinkFunction [] - FlinkKafkaProducer 3/8 - checkpoint 7 complete, committing transaction TransactionHolder{handle=KafkaTransactionState [transactionalId=null, producerId=-1, epoch=-1], transactionStartTime=1790822627467} from checkpoint 7
2026-10-01 02:44:17,697 INFO  org.apache.flink.streaming.api.functions.sink.TwoPhaseCommitSinkFunction [] - FlinkKafkaProducer 7/8 - checkpoint 7 complete, committing transaction TransactionHolder{handle=KafkaTransactionState [transactionalId=null, producerId=-1, epoch=-1], transactionStartTime=1790822627467} from checkpoint 7
2026-10-01 02:44:17,696 INFO  org.apache.flink.streaming.api.functions.sink.TwoPhaseCommitSinkFunction [] - FlinkKafkaProducer 2/8 - checkpoint 7 complete, committing transaction TransactionHolder{handle=KafkaTransactionState [transactionalId=null, producerId=-1, epoch=-1], transactionStartTime=1790822627469} from checkpoint 7
2026-10-01 02:44:17,710 INFO  org.apache.flink.streaming.api.functions.sink.TwoPhaseCommitSinkFunction [] - FlinkKafkaProducer 2/8 - checkpoint 7 complete, committing transaction TransactionHolder{handle=KafkaTransactionState [transactionalId=null, producerId=-1, epoch=-1], transactionStartTime=1790822627469} from checkpoint 7
2026-10-01 02:44:17,710 INFO  org.apache.flink.streaming.api.functions.sink.TwoPhaseCommitSinkFunction [] - FlinkKafkaProducer 6/8 - checkpoint 7 complete, committing transaction TransactionHolder{handle=KafkaTransactionState [transactionalId=null, producerId=-1, epoch=-1], transactionStartTime=1790822627468} from checkpoint 7
2026-10-01 02:44:17,709 INFO  org.apache.flink.streaming.api.functions.sink.TwoPhaseCommitSinkFunction [] - FlinkKafkaProducer 2/8 - checkpoint 7 complete, committing transaction TransactionHolder{handle=KafkaTransactionState [transactionalId=null, producerId=-1, epoch=-1], transactionStartTime=1790822627475} from checkpoint 7
2026-10-01 02:44:17,711 INFO  org.apache.flink.streaming.api.functions.sink.TwoPhaseCommitSinkFunction [] - FlinkKafkaProducer 7/8 - checkpoint 7 complete, committing transaction TransactionHolder{handle=KafkaTransactionState [transactionalId=null, producerId=-1, epoch=-1], transactionStartTime=1790822627467} from checkpoint 7
2026-10-01 02:44:17,711 INFO  org.apache.flink.streaming.api.functions.sink.TwoPhaseCommitSinkFunction [] - FlinkKafkaProducer 7/8 - checkpoint 7 complete, committing transaction TransactionHolder{handle=KafkaTransactionState [transactionalId=null, producerId=-1, epoch=-1], transactionStartTime=1790822627473} from checkpoint 7
2026-10-01 02:44:17,710 INFO  org.apache.flink.streaming.api.functions.sink.TwoPhaseCommitSinkFunction [] - FlinkKafkaProducer 7/8 - checkpoint 7 complete, committing transaction TransactionHolder{handle=KafkaTransactionState [transactionalId=null, producerId=-1, epoch=-1], transactionStartTime=1790822627476} from checkpoint 7
2026-10-01 02:44:17,709 INFO  org.apache.flink.streaming.api.functions.sink.TwoPhaseCommitSinkFunction [] - FlinkKafkaProducer 3/8 - checkpoint 7 complete, committing transaction TransactionHolder{handle=KafkaTransactionState [transactionalId=null, producerId=-1, epoch=-1], transactionStartTime=1790822627475} from checkpoint 7
2026-10-01 02:44:47,900 INFO  org.apache.flink.streaming.api.functions.sink.TwoPhaseCommitSinkFunction [] - FlinkKafkaProducer 2/8 - checkpoint 8 complete, committing transaction TransactionHolder{handle=KafkaTransactionState [transactionalId=null, producerId=-1, epoch=-1], transactionStartTime=1790822657474} from checkpoint 8
2026-10-01 02:44:47,900 INFO  org.apache.flink.streaming.api.functions.sink.TwoPhaseCommitSinkFunction [] - FlinkKafkaProducer 3/8 - checkpoint 8 complete, committing transaction TransactionHolder{handle=KafkaTransactionState [transactionalId=null, producerId=-1, epoch=-1], transactionStartTime=1790822657460} from checkpoint 8
2026-10-01 02:44:47,900 INFO  org.apache.flink.streaming.api.functions.sink.TwoPhaseCommitSinkFunction [] - FlinkKafkaProducer 6/8 - checkpoint 8 complete, committing transaction TransactionHolder{handle=KafkaTransactionState [transactionalId=null, producerId=-1, epoch=-1], transactionStartTime=1790822657461} from checkpoint 8
2026-10-01 02:44:47,901 INFO  org.apache.flink.streaming.api.functions.sink.TwoPhaseCommitSinkFunction [] - FlinkKafkaProducer 2/8 - checkpoint 8 complete, committing transaction TransactionHolder{handle=KafkaTransactionState [transactionalId=null, producerId=-1, epoch=-1], transactionStartTime=1790822657464} from checkpoint 8
2026-10-01 02:44:47,901 INFO  org.apache.flink.streaming.api.functions.sink.TwoPhaseCommitSinkFunction [] - FlinkKafkaProducer 2/8 - checkpoint 8 complete, committing transaction TransactionHolder{handle=KafkaTransactionState [transactionalId=null, producerId=-1, epoch=-1], transactionStartTime=1790822657466} from checkpoint 8
2026-10-01 02:44:47,901 INFO  org.apache.flink.streaming.api.functions.sink.TwoPhaseCommitSinkFunction [] - FlinkKafkaProducer 3/8 - checkpoint 8 complete, committing transaction TransactionHolder{handle=KafkaTransactionState [transactionalId=null, producerId=-1, epoch=-1], transactionStartTime=1790822657463} from checkpoint 8
2026-10-01 02:44:47,901 INFO  org.apache.flink.streaming.api.functions.sink.TwoPhaseCommitSinkFunction [] - FlinkKafkaProducer 3/8 - checkpoint 8 complete, committing transaction TransactionHolder{handle=KafkaTransactionState [transactionalId=null, producerId=-1, epoch=-1], transactionStartTime=1790822657463} from checkpoint 8
2026-10-01 02:44:47,901 INFO  org.apache.flink.streaming.api.functions.sink.TwoPhaseCommitSinkFunction [] - FlinkKafkaProducer 7/8 - checkpoint 8 complete, committing transaction TransactionHolder{handle=KafkaTransactionState [transactionalId=null, producerId=-1, epoch=-1], transactionStartTime=1790822657472} from checkpoint 8
2026-10-01 02:44:47,915 INFO  org.apache.flink.streaming.api.functions.sink.TwoPhaseCommitSinkFunction [] - FlinkKafkaProducer 6/8 - checkpoint 8 complete, committing transaction TransactionHolder{handle=KafkaTransactionState [transactionalId=null, producerId=-1, epoch=-1], transactionStartTime=1790822657463} from checkpoint 8
2026-10-01 02:44:47,915 INFO  org.apache.flink.streaming.api.functions.sink.TwoPhaseCommitSinkFunction [] - FlinkKafkaProducer 6/8 - checkpoint 8 complete, committing transaction TransactionHolder{handle=KafkaTransactionState [transactionalId=null, producerId=-1, epoch=-1], transactionStartTime=1790822657463} from checkpoint 8
2026-10-01 02:44:47,916 INFO  org.apache.flink.streaming.api.functions.sink.TwoPhaseCommitSinkFunction [] - FlinkKafkaProducer 7/8 - checkpoint 8 complete, committing transaction TransactionHolder{handle=KafkaTransactionState [transactionalId=null, producerId=-1, epoch=-1], transactionStartTime=1790822657465} from checkpoint 8
2026-10-01 02:44:47,916 INFO  org.apache.flink.streaming.api.functions.sink.TwoPhaseCommitSinkFunction [] - FlinkKafkaProducer 7/8 - checkpoint 8 complete, committing transaction TransactionHolder{handle=KafkaTransactionState [transactionalId=null, producerId=-1, epoch=-1], transactionStartTime=1790822657465} from checkpoint 8
2026-10-01 02:44:47,916 INFO  org.apache.flink.streaming.api.functions.sink.TwoPhaseCommitSinkFunction [] - FlinkKafkaProducer 2/8 - checkpoint 8 complete, committing transaction TransactionHolder{handle=KafkaTransactionState [transactionalId=null, producerId=-1, epoch=-1], transactionStartTime=1790822657472} from checkpoint 8
2026-10-01 02:44:47,916 INFO  org.apache.flink.streaming.api.functions.sink.TwoPhaseCommitSinkFunction [] - FlinkKafkaProducer 2/8 - checkpoint 8 complete, committing transaction TransactionHolder{handle=KafkaTransactionState [transactionalId=null, producerId=-1, epoch=-1], transactionStartTime=1790822657472} from checkpoint 8
2026-10-01 02:44:47,917 INFO  org.apache.flink.streaming.api.functions.sink.TwoPhaseCommitSinkFunction [] - FlinkKafkaProducer 6/8 - checkpoint 8 complete, committing transaction TransactionHolder{handle=KafkaTransactionState [transactionalId=null, producerId=-1, epoch=-1], transactionStartTime=1790822657472} from checkpoint 8
2026-10-01 02:44:47,917 INFO  org.apache.flink.streaming.api.functions.sink.TwoPhaseCommitSinkFunction [] - FlinkKafkaProducer 6/8 - checkpoint 8 complete, committing transaction TransactionHolder{handle=KafkaTransactionState [transactionalId=null, producerId=-1, epoch=-1], transactionStartTime=1790822657472} from checkpoint 8
2026-10-01 02:44:47,917 INFO  org.apache.flink.streaming.api.functions.sink.TwoPhaseCommitSinkFunction [] - FlinkKafkaProducer 7/8 - checkpoint 8 complete, committing transaction TransactionHolder{handle=KafkaTransactionState [transactionalId=null, producerId=-1, epoch=-1], transactionStartTime=1790822657473} from checkpoint 8
2026-10-01 02:44:47,916 INFO  org.apache.flink.streaming.api.functions.sink.TwoPhaseCommitSinkFunction [] - FlinkKafkaProducer 3/8 - checkpoint 8 complete, committing transaction TransactionHolder{handle=KafkaTransactionState [transactionalId=null, producerId=-1, epoch=-1], transactionStartTime=1790822657475} from checkpoint 8
2026-10-01 02:44:47,917 INFO  org.apache.flink.streaming.api.functions.sink.TwoPhaseCommitSinkFunction [] - FlinkKafkaProducer 7/8 - checkpoint 8 complete, committing transaction TransactionHolder{handle=KafkaTransactionState [transactionalId=null, producerId=-1, epoch=-1], transactionStartTime=1790822657473} from checkpoint 8
2026-10-01 02:44:47,917 INFO  org.apache.flink.streaming.api.functions.sink.TwoPhaseCommitSinkFunction [] - FlinkKafkaProducer 3/8 - checkpoint 8 complete, committing transaction TransactionHolder{handle=KafkaTransactionState [transactionalId=null, producerId=-1, epoch=-1], transactionStartTime=1790822657475} from checkpoint 8
2026-10-01 02:44:47,918 INFO  org.apache.flink.streaming.api.functions.sink.TwoPhaseCommitSinkFunction [] - FlinkKafkaProducer 3/8 - checkpoint 8 complete, committing transaction TransactionHolder{handle=KafkaTransactionState [transactionalId=null, producerId=-1, epoch=-1], transactionStartTime=1790822657468} from checkpoint 8
2026-10-01 02:44:47,918 INFO  org.apache.flink.streaming.api.functions.sink.TwoPhaseCommitSinkFunction [] - FlinkKafkaProducer 6/8 - checkpoint 8 complete, committing transaction TransactionHolder{handle=KafkaTransactionState [transactionalId=null, producerId=-1, epoch=-1], transactionStartTime=1790822657469} from checkpoint 8
2026-10-01 02:44:47,918 INFO  org.apache.flink.streaming.api.functions.sink.TwoPhaseCommitSinkFunction [] - FlinkKafkaProducer 2/8 - checkpoint 8 complete, committing transaction TransactionHolder{handle=KafkaTransactionState [transactionalId=null, producerId=-1, epoch=-1], transactionStartTime=1790822657469} from checkpoint 8
2026-10-01 02:44:47,919 INFO  org.apache.flink.streaming.api.functions.sink.TwoPhaseCommitSinkFunction [] - FlinkKafkaProducer 7/8 - checkpoint 8 complete, committing transaction TransactionHolder{handle=KafkaTransactionState [transactionalId=null, producerId=-1, epoch=-1], transactionStartTime=1790822657467} from checkpoint 8
2026-10-01 02:45:17,768 INFO  org.apache.flink.streaming.api.functions.sink.TwoPhaseCommitSinkFunction [] - FlinkKafkaProducer 2/8 - checkpoint 9 complete, committing transaction TransactionHolder{handle=KafkaTransactionState [transactionalId=null, producerId=-1, epoch=-1], transactionStartTime=1790822687482} from checkpoint 9
2026-10-01 02:45:17,769 INFO  org.apache.flink.streaming.api.functions.sink.TwoPhaseCommitSinkFunction [] - FlinkKafkaProducer 3/8 - checkpoint 9 complete, committing transaction TransactionHolder{handle=KafkaTransactionState [transactionalId=null, producerId=-1, epoch=-1], transactionStartTime=1790822687455} from checkpoint 9
2026-10-01 02:45:17,777 INFO  org.apache.flink.streaming.api.functions.sink.TwoPhaseCommitSinkFunction [] - FlinkKafkaProducer 6/8 - checkpoint 9 complete, committing transaction TransactionHolder{handle=KafkaTransactionState [transactionalId=null, producerId=-1, epoch=-1], transactionStartTime=1790822687463} from checkpoint 9
2026-10-01 02:45:17,779 INFO  org.apache.flink.streaming.api.functions.sink.TwoPhaseCommitSinkFunction [] - FlinkKafkaProducer 7/8 - checkpoint 9 complete, committing transaction TransactionHolder{handle=KafkaTransactionState [transactionalId=null, producerId=-1, epoch=-1], transactionStartTime=1790822687456} from checkpoint 9
2026-10-01 02:45:17,779 INFO  org.apache.flink.streaming.api.functions.sink.TwoPhaseCommitSinkFunction [] - FlinkKafkaProducer 2/8 - checkpoint 9 complete, committing transaction TransactionHolder{handle=KafkaTransactionState [transactionalId=null, producerId=-1, epoch=-1], transactionStartTime=1790822687477} from checkpoint 9
2026-10-01 02:45:17,780 INFO  org.apache.flink.streaming.api.functions.sink.TwoPhaseCommitSinkFunction [] - FlinkKafkaProducer 2/8 - checkpoint 9 complete, committing transaction TransactionHolder{handle=KafkaTransactionState [transactionalId=null, producerId=-1, epoch=-1], transactionStartTime=1790822687477} from checkpoint 9
2026-10-01 02:45:17,780 INFO  org.apache.flink.streaming.api.functions.sink.TwoPhaseCommitSinkFunction [] - FlinkKafkaProducer 3/8 - checkpoint 9 complete, committing transaction TransactionHolder{handle=KafkaTransactionState [transactionalId=null, producerId=-1, epoch=-1], transactionStartTime=1790822687477} from checkpoint 9
2026-10-01 02:45:17,780 INFO  org.apache.flink.streaming.api.functions.sink.TwoPhaseCommitSinkFunction [] - FlinkKafkaProducer 3/8 - checkpoint 9 complete, committing transaction TransactionHolder{handle=KafkaTransactionState [transactionalId=null, producerId=-1, epoch=-1], transactionStartTime=1790822687477} from checkpoint 9
2026-10-01 02:45:17,780 INFO  org.apache.flink.streaming.api.functions.sink.TwoPhaseCommitSinkFunction [] - FlinkKafkaProducer 7/8 - checkpoint 9 complete, committing transaction TransactionHolder{handle=KafkaTransactionState [transactionalId=null, producerId=-1, epoch=-1], transactionStartTime=1790822687477} from checkpoint 9
2026-10-01 02:45:17,781 INFO  org.apache.flink.streaming.api.functions.sink.TwoPhaseCommitSinkFunction [] - FlinkKafkaProducer 7/8 - checkpoint 9 complete, committing transaction TransactionHolder{handle=KafkaTransactionState [transactionalId=null, producerId=-1, epoch=-1], transactionStartTime=1790822687477} from checkpoint 9
2026-10-01 02:45:17,781 INFO  org.apache.flink.streaming.api.functions.sink.TwoPhaseCommitSinkFunction [] - FlinkKafkaProducer 3/8 - checkpoint 9 complete, committing transaction TransactionHolder{handle=KafkaTransactionState [transactionalId=null, producerId=-1, epoch=-1], transactionStartTime=1790822687489} from checkpoint 9
2026-10-01 02:45:17,781 INFO  org.apache.flink.streaming.api.functions.sink.TwoPhaseCommitSinkFunction [] - FlinkKafkaProducer 3/8 - checkpoint 9 complete, committing transaction TransactionHolder{handle=KafkaTransactionState [transactionalId=null, producerId=-1, epoch=-1], transactionStartTime=1790822687489} from checkpoint 9
2026-10-01 02:45:17,780 INFO  org.apache.flink.streaming.api.functions.sink.TwoPhaseCommitSinkFunction [] - FlinkKafkaProducer 6/8 - checkpoint 9 complete, committing transaction TransactionHolder{handle=KafkaTransactionState [transactionalId=null, producerId=-1, epoch=-1], transactionStartTime=1790822687478} from checkpoint 9
2026-10-01 02:45:17,781 INFO  org.apache.flink.streaming.api.functions.sink.TwoPhaseCommitSinkFunction [] - FlinkKafkaProducer 7/8 - checkpoint 9 complete, committing transaction TransactionHolder{handle=KafkaTransactionState [transactionalId=null, producerId=-1, epoch=-1], transactionStartTime=1790822687490} from checkpoint 9
2026-10-01 02:45:17,781 INFO  org.apache.flink.streaming.api.functions.sink.TwoPhaseCommitSinkFunction [] - FlinkKafkaProducer 2/8 - checkpoint 9 complete, committing transaction TransactionHolder{handle=KafkaTransactionState [transactionalId=null, producerId=-1, epoch=-1], transactionStartTime=1790822687486} from checkpoint 9
2026-10-01 02:45:17,781 INFO  org.apache.flink.streaming.api.functions.sink.TwoPhaseCommitSinkFunction [] - FlinkKafkaProducer 6/8 - checkpoint 9 complete, committing transaction TransactionHolder{handle=KafkaTransactionState [transactionalId=null, producerId=-1, epoch=-1], transactionStartTime=1790822687487} from checkpoint 9
2026-10-01 02:45:17,783 INFO  org.apache.flink.streaming.api.functions.sink.TwoPhaseCommitSinkFunction [] - FlinkKafkaProducer 6/8 - checkpoint 9 complete, committing transaction TransactionHolder{handle=KafkaTransactionState [transactionalId=null, producerId=-1, epoch=-1], transactionStartTime=1790822687478} from checkpoint 9
2026-10-01 02:45:17,789 INFO  org.apache.flink.streaming.api.functions.sink.TwoPhaseCommitSinkFunction [] - FlinkKafkaProducer 2/8 - checkpoint 9 complete, committing transaction TransactionHolder{handle=KafkaTransactionState [transactionalId=null, producerId=-1, epoch=-1], transactionStartTime=1790822687485} from checkpoint 9
2026-10-01 02:45:17,787 INFO  org.apache.flink.streaming.api.functions.sink.TwoPhaseCommitSinkFunction [] - FlinkKafkaProducer 6/8 - checkpoint 9 complete, committing transaction TransactionHolder{handle=KafkaTransactionState [transactionalId=null, producerId=-1, epoch=-1], transactionStartTime=1790822687487} from checkpoint 9
2026-10-01 02:45:17,791 INFO  org.apache.flink.streaming.api.functions.sink.TwoPhaseCommitSinkFunction [] - FlinkKafkaProducer 7/8 - checkpoint 9 complete, committing transaction TransactionHolder{handle=KafkaTransactionState [transactionalId=null, producerId=-1, epoch=-1], transactionStartTime=1790822687483} from checkpoint 9
2026-10-01 02:45:17,787 INFO  org.apache.flink.streaming.api.functions.sink.TwoPhaseCommitSinkFunction [] - FlinkKafkaProducer 2/8 - checkpoint 9 complete, committing transaction TransactionHolder{handle=KafkaTransactionState [transactionalId=null, producerId=-1, epoch=-1], transactionStartTime=1790822687486} from checkpoint 9
2026-10-01 02:45:17,791 INFO  org.apache.flink.streaming.api.functions.sink.TwoPhaseCommitSinkFunction [] - FlinkKafkaProducer 7/8 - checkpoint 9 complete, committing transaction TransactionHolder{handle=KafkaTransactionState [transactionalId=null, producerId=-1, epoch=-1], transactionStartTime=1790822687490} from checkpoint 9
2026-10-01 02:45:17,791 INFO  org.apache.flink.streaming.api.functions.sink.TwoPhaseCommitSinkFunction [] - FlinkKafkaProducer 6/8 - checkpoint 9 complete, committing transaction TransactionHolder{handle=KafkaTransactionState [transactionalId=null, producerId=-1, epoch=-1], transactionStartTime=1790822687484} from checkpoint 9
2026-10-01 02:45:17,787 INFO  org.apache.flink.streaming.api.functions.sink.TwoPhaseCommitSinkFunction [] - FlinkKafkaProducer 3/8 - checkpoint 9 complete, committing transaction TransactionHolder{handle=KafkaTransactionState [transactionalId=null, producerId=-1, epoch=-1], transactionStartTime=1790822687482} from checkpoint 9
2026-10-01 02:45:47,886 INFO  org.apache.flink.streaming.api.functions.sink.TwoPhaseCommitSinkFunction [] - FlinkKafkaProducer 2/8 - checkpoint 10 complete, committing transaction TransactionHolder{handle=KafkaTransactionState [transactionalId=null, producerId=-1, epoch=-1], transactionStartTime=1790822717454} from checkpoint 10
2026-10-01 02:45:47,894 INFO  org.apache.flink.streaming.api.functions.sink.TwoPhaseCommitSinkFunction [] - FlinkKafkaProducer 6/8 - checkpoint 10 complete, committing transaction TransactionHolder{handle=KafkaTransactionState [transactionalId=null, producerId=-1, epoch=-1], transactionStartTime=1790822717455} from checkpoint 10
2026-10-01 02:45:47,895 INFO  org.apache.flink.streaming.api.functions.sink.TwoPhaseCommitSinkFunction [] - FlinkKafkaProducer 3/8 - checkpoint 10 complete, committing transaction TransactionHolder{handle=KafkaTransactionState [transactionalId=null, producerId=-1, epoch=-1], transactionStartTime=1790822717452} from checkpoint 10
2026-10-01 02:45:47,896 INFO  org.apache.flink.streaming.api.functions.sink.TwoPhaseCommitSinkFunction [] - FlinkKafkaProducer 2/8 - checkpoint 10 complete, committing transaction TransactionHolder{handle=KafkaTransactionState [transactionalId=null, producerId=-1, epoch=-1], transactionStartTime=1790822717455} from checkpoint 10
2026-10-01 02:45:47,896 INFO  org.apache.flink.streaming.api.functions.sink.TwoPhaseCommitSinkFunction [] - FlinkKafkaProducer 2/8 - checkpoint 10 complete, committing transaction TransactionHolder{handle=KafkaTransactionState [transactionalId=null, producerId=-1, epoch=-1], transactionStartTime=1790822717455} from checkpoint 10
2026-10-01 02:45:47,896 INFO  org.apache.flink.streaming.api.functions.sink.TwoPhaseCommitSinkFunction [] - FlinkKafkaProducer 7/8 - checkpoint 10 complete, committing transaction TransactionHolder{handle=KafkaTransactionState [transactionalId=null, producerId=-1, epoch=-1], transactionStartTime=1790822717451} from checkpoint 10
2026-10-01 02:45:47,896 INFO  org.apache.flink.streaming.api.functions.sink.TwoPhaseCommitSinkFunction [] - FlinkKafkaProducer 3/8 - checkpoint 10 complete, committing transaction TransactionHolder{handle=KafkaTransactionState [transactionalId=null, producerId=-1, epoch=-1], transactionStartTime=1790822717455} from checkpoint 10
2026-10-01 02:45:47,897 INFO  org.apache.flink.streaming.api.functions.sink.TwoPhaseCommitSinkFunction [] - FlinkKafkaProducer 3/8 - checkpoint 10 complete, committing transaction TransactionHolder{handle=KafkaTransactionState [transactionalId=null, producerId=-1, epoch=-1], transactionStartTime=1790822717455} from checkpoint 10
2026-10-01 02:45:47,897 INFO  org.apache.flink.streaming.api.functions.sink.TwoPhaseCommitSinkFunction [] - FlinkKafkaProducer 6/8 - checkpoint 10 complete, committing transaction TransactionHolder{handle=KafkaTransactionState [transactionalId=null, producerId=-1, epoch=-1], transactionStartTime=1790822717457} from checkpoint 10
2026-10-01 02:45:47,897 INFO  org.apache.flink.streaming.api.functions.sink.TwoPhaseCommitSinkFunction [] - FlinkKafkaProducer 6/8 - checkpoint 10 complete, committing transaction TransactionHolder{handle=KafkaTransactionState [transactionalId=null, producerId=-1, epoch=-1], transactionStartTime=1790822717457} from checkpoint 10
2026-10-01 02:45:47,897 INFO  org.apache.flink.streaming.api.functions.sink.TwoPhaseCommitSinkFunction [] - FlinkKafkaProducer 7/8 - checkpoint 10 complete, committing transaction TransactionHolder{handle=KafkaTransactionState [transactionalId=null, producerId=-1, epoch=-1], transactionStartTime=1790822717457} from checkpoint 10
2026-10-01 02:45:47,898 INFO  org.apache.flink.streaming.api.functions.sink.TwoPhaseCommitSinkFunction [] - FlinkKafkaProducer 7/8 - checkpoint 10 complete, committing transaction TransactionHolder{handle=KafkaTransactionState [transactionalId=null, producerId=-1, epoch=-1], transactionStartTime=1790822717457} from checkpoint 10
2026-10-01 02:45:47,897 INFO  org.apache.flink.streaming.api.functions.sink.TwoPhaseCommitSinkFunction [] - FlinkKafkaProducer 2/8 - checkpoint 10 complete, committing transaction TransactionHolder{handle=KafkaTransactionState [transactionalId=null, producerId=-1, epoch=-1], transactionStartTime=1790822717471} from checkpoint 10
2026-10-01 02:45:47,898 INFO  org.apache.flink.streaming.api.functions.sink.TwoPhaseCommitSinkFunction [] - FlinkKafkaProducer 2/8 - checkpoint 10 complete, committing transaction TransactionHolder{handle=KafkaTransactionState [transactionalId=null, producerId=-1, epoch=-1], transactionStartTime=1790822717471} from checkpoint 10
2026-10-01 02:45:47,898 INFO  org.apache.flink.streaming.api.functions.sink.TwoPhaseCommitSinkFunction [] - FlinkKafkaProducer 3/8 - checkpoint 10 complete, committing transaction TransactionHolder{handle=KafkaTransactionState [transactionalId=null, producerId=-1, epoch=-1], transactionStartTime=1790822717470} from checkpoint 10
2026-10-01 02:45:47,898 INFO  org.apache.flink.streaming.api.functions.sink.TwoPhaseCommitSinkFunction [] - FlinkKafkaProducer 3/8 - checkpoint 10 complete, committing transaction TransactionHolder{handle=KafkaTransactionState [transactionalId=null, producerId=-1, epoch=-1], transactionStartTime=1790822717470} from checkpoint 10
2026-10-01 02:45:47,898 INFO  org.apache.flink.streaming.api.functions.sink.TwoPhaseCommitSinkFunction [] - FlinkKafkaProducer 6/8 - checkpoint 10 complete, committing transaction TransactionHolder{handle=KafkaTransactionState [transactionalId=null, producerId=-1, epoch=-1], transactionStartTime=1790822717469} from checkpoint 10
2026-10-01 02:45:47,898 INFO  org.apache.flink.streaming.api.functions.sink.TwoPhaseCommitSinkFunction [] - FlinkKafkaProducer 6/8 - checkpoint 10 complete, committing transaction TransactionHolder{handle=KafkaTransactionState [transactionalId=null, producerId=-1, epoch=-1], transactionStartTime=1790822717469} from checkpoint 10
2026-10-01 02:45:47,899 INFO  org.apache.flink.streaming.api.functions.sink.TwoPhaseCommitSinkFunction [] - FlinkKafkaProducer 7/8 - checkpoint 10 complete, committing transaction TransactionHolder{handle=KafkaTransactionState [transactionalId=null, producerId=-1, epoch=-1], transactionStartTime=1790822717473} from checkpoint 10
2026-10-01 02:45:47,899 INFO  org.apache.flink.streaming.api.functions.sink.TwoPhaseCommitSinkFunction [] - FlinkKafkaProducer 7/8 - checkpoint 10 complete, committing transaction TransactionHolder{handle=KafkaTransactionState [transactionalId=null, producerId=-1, epoch=-1], transactionStartTime=1790822717473} from checkpoint 10
2026-10-01 02:45:47,900 INFO  org.apache.flink.streaming.api.functions.sink.TwoPhaseCommitSinkFunction [] - FlinkKafkaProducer 2/8 - checkpoint 10 complete, committing transaction TransactionHolder{handle=KafkaTransactionState [transactionalId=null, producerId=-1, epoch=-1], transactionStartTime=1790822717461} from checkpoint 10
2026-10-01 02:45:47,900 INFO  org.apache.flink.streaming.api.functions.sink.TwoPhaseCommitSinkFunction [] - FlinkKafkaProducer 7/8 - checkpoint 10 complete, committing transaction TransactionHolder{handle=KafkaTransactionState [transactionalId=null, producerId=-1, epoch=-1], transactionStartTime=1790822717460} from checkpoint 10
2026-10-01 02:45:47,900 INFO  org.apache.flink.streaming.api.functions.sink.TwoPhaseCommitSinkFunction [] - FlinkKafkaProducer 3/8 - checkpoint 10 complete, committing transaction TransactionHolder{handle=KafkaTransactionState [transactionalId=null, producerId=-1, epoch=-1], transactionStartTime=1790822717460} from checkpoint 10
2026-10-01 02:45:47,900 INFO  org.apache.flink.streaming.api.functions.sink.TwoPhaseCommitSinkFunction [] - FlinkKafkaProducer 6/8 - checkpoint 10 complete, committing transaction TransactionHolder{handle=KafkaTransactionState [transactionalId=null, producerId=-1, epoch=-1], transactionStartTime=1790822717460} from checkpoint 10
2026-10-01 02:46:18,064 INFO  org.apache.flink.streaming.api.functions.sink.TwoPhaseCommitSinkFunction [] - FlinkKafkaProducer 2/8 - checkpoint 11 complete, committing transaction TransactionHolder{handle=KafkaTransactionState [transactionalId=null, producerId=-1, epoch=-1], transactionStartTime=1790822747460} from checkpoint 11
2026-10-01 02:46:18,065 INFO  org.apache.flink.streaming.api.functions.sink.TwoPhaseCommitSinkFunction [] - FlinkKafkaProducer 3/8 - checkpoint 11 complete, committing transaction TransactionHolder{handle=KafkaTransactionState [transactionalId=null, producerId=-1, epoch=-1], transactionStartTime=1790822747450} from checkpoint 11
2026-10-01 02:46:18,067 INFO  org.apache.flink.streaming.api.functions.sink.TwoPhaseCommitSinkFunction [] - FlinkKafkaProducer 6/8 - checkpoint 11 complete, committing transaction TransactionHolder{handle=KafkaTransactionState [transactionalId=null, producerId=-1, epoch=-1], transactionStartTime=1790822747459} from checkpoint 11
2026-10-01 02:46:18,067 INFO  org.apache.flink.streaming.api.functions.sink.TwoPhaseCommitSinkFunction [] - FlinkKafkaProducer 7/8 - checkpoint 11 complete, committing transaction TransactionHolder{handle=KafkaTransactionState [transactionalId=null, producerId=-1, epoch=-1], transactionStartTime=1790822747448} from checkpoint 11
2026-10-01 02:46:18,068 INFO  org.apache.flink.streaming.api.functions.sink.TwoPhaseCommitSinkFunction [] - FlinkKafkaProducer 2/8 - checkpoint 11 complete, committing transaction TransactionHolder{handle=KafkaTransactionState [transactionalId=null, producerId=-1, epoch=-1], transactionStartTime=1790822747452} from checkpoint 11
2026-10-01 02:46:18,068 INFO  org.apache.flink.streaming.api.functions.sink.TwoPhaseCommitSinkFunction [] - FlinkKafkaProducer 3/8 - checkpoint 11 complete, committing transaction TransactionHolder{handle=KafkaTransactionState [transactionalId=null, producerId=-1, epoch=-1], transactionStartTime=1790822747452} from checkpoint 11
2026-10-01 02:46:18,069 INFO  org.apache.flink.streaming.api.functions.sink.TwoPhaseCommitSinkFunction [] - FlinkKafkaProducer 2/8 - checkpoint 11 complete, committing transaction TransactionHolder{handle=KafkaTransactionState [transactionalId=null, producerId=-1, epoch=-1], transactionStartTime=1790822747452} from checkpoint 11
2026-10-01 02:46:18,069 INFO  org.apache.flink.streaming.api.functions.sink.TwoPhaseCommitSinkFunction [] - FlinkKafkaProducer 3/8 - checkpoint 11 complete, committing transaction TransactionHolder{handle=KafkaTransactionState [transactionalId=null, producerId=-1, epoch=-1], transactionStartTime=1790822747454} from checkpoint 11
2026-10-01 02:46:18,071 INFO  org.apache.flink.streaming.api.functions.sink.TwoPhaseCommitSinkFunction [] - FlinkKafkaProducer 6/8 - checkpoint 11 complete, committing transaction TransactionHolder{handle=KafkaTransactionState [transactionalId=null, producerId=-1, epoch=-1], transactionStartTime=1790822747452} from checkpoint 11
2026-10-01 02:46:18,072 INFO  org.apache.flink.streaming.api.functions.sink.TwoPhaseCommitSinkFunction [] - FlinkKafkaProducer 6/8 - checkpoint 11 complete, committing transaction TransactionHolder{handle=KafkaTransactionState [transactionalId=null, producerId=-1, epoch=-1], transactionStartTime=1790822747452} from checkpoint 11
2026-10-01 02:46:18,073 INFO  org.apache.flink.streaming.api.functions.sink.TwoPhaseCommitSinkFunction [] - FlinkKafkaProducer 3/8 - checkpoint 11 complete, committing transaction TransactionHolder{handle=KafkaTransactionState [transactionalId=null, producerId=-1, epoch=-1], transactionStartTime=1790822747454} from checkpoint 11
2026-10-01 02:46:18,073 INFO  org.apache.flink.streaming.api.functions.sink.TwoPhaseCommitSinkFunction [] - FlinkKafkaProducer 2/8 - checkpoint 11 complete, committing transaction TransactionHolder{handle=KafkaTransactionState [transactionalId=null, producerId=-1, epoch=-1], transactionStartTime=1790822747454} from checkpoint 11
2026-10-01 02:46:18,073 INFO  org.apache.flink.streaming.api.functions.sink.TwoPhaseCommitSinkFunction [] - FlinkKafkaProducer 2/8 - checkpoint 11 complete, committing transaction TransactionHolder{handle=KafkaTransactionState [transactionalId=null, producerId=-1, epoch=-1], transactionStartTime=1790822747454} from checkpoint 11
2026-10-01 02:46:18,073 INFO  org.apache.flink.streaming.api.functions.sink.TwoPhaseCommitSinkFunction [] - FlinkKafkaProducer 7/8 - checkpoint 11 complete, committing transaction TransactionHolder{handle=KafkaTransactionState [transactionalId=null, producerId=-1, epoch=-1], transactionStartTime=1790822747452} from checkpoint 11
2026-10-01 02:46:18,074 INFO  org.apache.flink.streaming.api.functions.sink.TwoPhaseCommitSinkFunction [] - FlinkKafkaProducer 3/8 - checkpoint 11 complete, committing transaction TransactionHolder{handle=KafkaTransactionState [transactionalId=null, producerId=-1, epoch=-1], transactionStartTime=1790822747454} from checkpoint 11
2026-10-01 02:46:18,074 INFO  org.apache.flink.streaming.api.functions.sink.TwoPhaseCommitSinkFunction [] - FlinkKafkaProducer 7/8 - checkpoint 11 complete, committing transaction TransactionHolder{handle=KafkaTransactionState [transactionalId=null, producerId=-1, epoch=-1], transactionStartTime=1790822747452} from checkpoint 11
2026-10-01 02:46:18,076 INFO  org.apache.flink.streaming.api.functions.sink.TwoPhaseCommitSinkFunction [] - FlinkKafkaProducer 6/8 - checkpoint 11 complete, committing transaction TransactionHolder{handle=KafkaTransactionState [transactionalId=null, producerId=-1, epoch=-1], transactionStartTime=1790822747453} from checkpoint 11
2026-10-01 02:46:18,076 INFO  org.apache.flink.streaming.api.functions.sink.TwoPhaseCommitSinkFunction [] - FlinkKafkaProducer 6/8 - checkpoint 11 complete, committing transaction TransactionHolder{handle=KafkaTransactionState [transactionalId=null, producerId=-1, epoch=-1], transactionStartTime=1790822747453} from checkpoint 11
2026-10-01 02:46:18,076 INFO  org.apache.flink.streaming.api.functions.sink.TwoPhaseCommitSinkFunction [] - FlinkKafkaProducer 7/8 - checkpoint 11 complete, committing transaction TransactionHolder{handle=KafkaTransactionState [transactionalId=null, producerId=-1, epoch=-1], transactionStartTime=1790822747453} from checkpoint 11
2026-10-01 02:46:18,076 INFO  org.apache.flink.streaming.api.functions.sink.TwoPhaseCommitSinkFunction [] - FlinkKafkaProducer 7/8 - checkpoint 11 complete, committing transaction TransactionHolder{handle=KafkaTransactionState [transactionalId=null, producerId=-1, epoch=-1], transactionStartTime=1790822747454} from checkpoint 11
2026-10-01 02:46:18,078 INFO  org.apache.flink.streaming.api.functions.sink.TwoPhaseCommitSinkFunction [] - FlinkKafkaProducer 2/8 - checkpoint 11 complete, committing transaction TransactionHolder{handle=KafkaTransactionState [transactionalId=null, producerId=-1, epoch=-1], transactionStartTime=1790822747457} from checkpoint 11
2026-10-01 02:46:18,079 INFO  org.apache.flink.streaming.api.functions.sink.TwoPhaseCommitSinkFunction [] - FlinkKafkaProducer 3/8 - checkpoint 11 complete, committing transaction TransactionHolder{handle=KafkaTransactionState [transactionalId=null, producerId=-1, epoch=-1], transactionStartTime=1790822747454} from checkpoint 11
2026-10-01 02:46:18,083 INFO  org.apache.flink.streaming.api.functions.sink.TwoPhaseCommitSinkFunction [] - FlinkKafkaProducer 6/8 - checkpoint 11 complete, committing transaction TransactionHolder{handle=KafkaTransactionState [transactionalId=null, producerId=-1, epoch=-1], transactionStartTime=1790822747454} from checkpoint 11
2026-10-01 02:46:18,083 INFO  org.apache.flink.streaming.api.functions.sink.TwoPhaseCommitSinkFunction [] - FlinkKafkaProducer 7/8 - checkpoint 11 complete, committing transaction TransactionHolder{handle=KafkaTransactionState [transactionalId=null, producerId=-1, epoch=-1], transactionStartTime=1790822747458} from checkpoint 11
2026-10-01 02:46:48,035 INFO  org.apache.flink.streaming.api.functions.sink.TwoPhaseCommitSinkFunction [] - FlinkKafkaProducer 2/8 - checkpoint 12 complete, committing transaction TransactionHolder{handle=KafkaTransactionState [transactionalId=null, producerId=-1, epoch=-1], transactionStartTime=1790822777491} from checkpoint 12
2026-10-01 02:46:48,035 INFO  org.apache.flink.streaming.api.functions.sink.TwoPhaseCommitSinkFunction [] - FlinkKafkaProducer 3/8 - checkpoint 12 complete, committing transaction TransactionHolder{handle=KafkaTransactionState [transactionalId=null, producerId=-1, epoch=-1], transactionStartTime=1790822777458} from checkpoint 12
2026-10-01 02:46:48,036 INFO  org.apache.flink.streaming.api.functions.sink.TwoPhaseCommitSinkFunction [] - FlinkKafkaProducer 6/8 - checkpoint 12 complete, committing transaction TransactionHolder{handle=KafkaTransactionState [transactionalId=null, producerId=-1, epoch=-1], transactionStartTime=1790822777450} from checkpoint 12
2026-10-01 02:46:48,037 INFO  org.apache.flink.streaming.api.functions.sink.TwoPhaseCommitSinkFunction [] - FlinkKafkaProducer 7/8 - checkpoint 12 complete, committing transaction TransactionHolder{handle=KafkaTransactionState [transactionalId=null, producerId=-1, epoch=-1], transactionStartTime=1790822777455} from checkpoint 12
2026-10-01 02:46:48,042 INFO  org.apache.flink.streaming.api.functions.sink.TwoPhaseCommitSinkFunction [] - FlinkKafkaProducer 2/8 - checkpoint 12 complete, committing transaction TransactionHolder{handle=KafkaTransactionState [transactionalId=null, producerId=-1, epoch=-1], transactionStartTime=1790822777484} from checkpoint 12
2026-10-01 02:46:48,042 INFO  org.apache.flink.streaming.api.functions.sink.TwoPhaseCommitSinkFunction [] - FlinkKafkaProducer 2/8 - checkpoint 12 complete, committing transaction TransactionHolder{handle=KafkaTransactionState [transactionalId=null, producerId=-1, epoch=-1], transactionStartTime=1790822777484} from checkpoint 12
2026-10-01 02:46:48,044 INFO  org.apache.flink.streaming.api.functions.sink.TwoPhaseCommitSinkFunction [] - FlinkKafkaProducer 3/8 - checkpoint 12 complete, committing transaction TransactionHolder{handle=KafkaTransactionState [transactionalId=null, producerId=-1, epoch=-1], transactionStartTime=1790822777473} from checkpoint 12
2026-10-01 02:46:48,044 INFO  org.apache.flink.streaming.api.functions.sink.TwoPhaseCommitSinkFunction [] - FlinkKafkaProducer 3/8 - checkpoint 12 complete, committing transaction TransactionHolder{handle=KafkaTransactionState [transactionalId=null, producerId=-1, epoch=-1], transactionStartTime=1790822777474} from checkpoint 12
2026-10-01 02:46:48,047 INFO  org.apache.flink.streaming.api.functions.sink.TwoPhaseCommitSinkFunction [] - FlinkKafkaProducer 6/8 - checkpoint 12 complete, committing transaction TransactionHolder{handle=KafkaTransactionState [transactionalId=null, producerId=-1, epoch=-1], transactionStartTime=1790822777476} from checkpoint 12
2026-10-01 02:46:48,047 INFO  org.apache.flink.streaming.api.functions.sink.TwoPhaseCommitSinkFunction [] - FlinkKafkaProducer 7/8 - checkpoint 12 complete, committing transaction TransactionHolder{handle=KafkaTransactionState [transactionalId=null, producerId=-1, epoch=-1], transactionStartTime=1790822777477} from checkpoint 12
2026-10-01 02:46:48,048 INFO  org.apache.flink.streaming.api.functions.sink.TwoPhaseCommitSinkFunction [] - FlinkKafkaProducer 7/8 - checkpoint 12 complete, committing transaction TransactionHolder{handle=KafkaTransactionState [transactionalId=null, producerId=-1, epoch=-1], transactionStartTime=1790822777477} from checkpoint 12
2026-10-01 02:46:48,047 INFO  org.apache.flink.streaming.api.functions.sink.TwoPhaseCommitSinkFunction [] - FlinkKafkaProducer 6/8 - checkpoint 12 complete, committing transaction TransactionHolder{handle=KafkaTransactionState [transactionalId=null, producerId=-1, epoch=-1], transactionStartTime=1790822777477} from checkpoint 12
2026-10-01 02:46:48,051 INFO  org.apache.flink.streaming.api.functions.sink.TwoPhaseCommitSinkFunction [] - FlinkKafkaProducer 2/8 - checkpoint 12 complete, committing transaction TransactionHolder{handle=KafkaTransactionState [transactionalId=null, producerId=-1, epoch=-1], transactionStartTime=1790822777495} from checkpoint 12
2026-10-01 02:46:48,052 INFO  org.apache.flink.streaming.api.functions.sink.TwoPhaseCommitSinkFunction [] - FlinkKafkaProducer 3/8 - checkpoint 12 complete, committing transaction TransactionHolder{handle=KafkaTransactionState [transactionalId=null, producerId=-1, epoch=-1], transactionStartTime=1790822777495} from checkpoint 12
2026-10-01 02:46:48,052 INFO  org.apache.flink.streaming.api.functions.sink.TwoPhaseCommitSinkFunction [] - FlinkKafkaProducer 3/8 - checkpoint 12 complete, committing transaction TransactionHolder{handle=KafkaTransactionState [transactionalId=null, producerId=-1, epoch=-1], transactionStartTime=1790822777495} from checkpoint 12
2026-10-01 02:46:48,052 INFO  org.apache.flink.streaming.api.functions.sink.TwoPhaseCommitSinkFunction [] - FlinkKafkaProducer 2/8 - checkpoint 12 complete, committing transaction TransactionHolder{handle=KafkaTransactionState [transactionalId=null, producerId=-1, epoch=-1], transactionStartTime=1790822777495} from checkpoint 12
2026-10-01 02:46:48,054 INFO  org.apache.flink.streaming.api.functions.sink.TwoPhaseCommitSinkFunction [] - FlinkKafkaProducer 6/8 - checkpoint 12 complete, committing transaction TransactionHolder{handle=KafkaTransactionState [transactionalId=null, producerId=-1, epoch=-1], transactionStartTime=1790822777502} from checkpoint 12
2026-10-01 02:46:48,054 INFO  org.apache.flink.streaming.api.functions.sink.TwoPhaseCommitSinkFunction [] - FlinkKafkaProducer 6/8 - checkpoint 12 complete, committing transaction TransactionHolder{handle=KafkaTransactionState [transactionalId=null, producerId=-1, epoch=-1], transactionStartTime=1790822777502} from checkpoint 12
2026-10-01 02:46:48,055 INFO  org.apache.flink.streaming.api.functions.sink.TwoPhaseCommitSinkFunction [] - FlinkKafkaProducer 7/8 - checkpoint 12 complete, committing transaction TransactionHolder{handle=KafkaTransactionState [transactionalId=null, producerId=-1, epoch=-1], transactionStartTime=1790822777502} from checkpoint 12
2026-10-01 02:46:48,055 INFO  org.apache.flink.streaming.api.functions.sink.TwoPhaseCommitSinkFunction [] - FlinkKafkaProducer 7/8 - checkpoint 12 complete, committing transaction TransactionHolder{handle=KafkaTransactionState [transactionalId=null, producerId=-1, epoch=-1], transactionStartTime=1790822777502} from checkpoint 12
2026-10-01 02:46:48,062 INFO  org.apache.flink.streaming.api.functions.sink.TwoPhaseCommitSinkFunction [] - FlinkKafkaProducer 2/8 - checkpoint 12 complete, committing transaction TransactionHolder{handle=KafkaTransactionState [transactionalId=null, producerId=-1, epoch=-1], transactionStartTime=1790822777498} from checkpoint 12
2026-10-01 02:46:48,064 INFO  org.apache.flink.streaming.api.functions.sink.TwoPhaseCommitSinkFunction [] - FlinkKafkaProducer 3/8 - checkpoint 12 complete, committing transaction TransactionHolder{handle=KafkaTransactionState [transactionalId=null, producerId=-1, epoch=-1], transactionStartTime=1790822777495} from checkpoint 12
2026-10-01 02:46:48,068 INFO  org.apache.flink.streaming.api.functions.sink.TwoPhaseCommitSinkFunction [] - FlinkKafkaProducer 6/8 - checkpoint 12 complete, committing transaction TransactionHolder{handle=KafkaTransactionState [transactionalId=null, producerId=-1, epoch=-1], transactionStartTime=1790822777493} from checkpoint 12
2026-10-01 02:46:48,070 INFO  org.apache.flink.streaming.api.functions.sink.TwoPhaseCommitSinkFunction [] - FlinkKafkaProducer 7/8 - checkpoint 12 complete, committing transaction TransactionHolder{handle=KafkaTransactionState [transactionalId=null, producerId=-1, epoch=-1], transactionStartTime=1790822777494} from checkpoint 12
2026-10-01 02:47:18,020 INFO  org.apache.flink.streaming.api.functions.sink.TwoPhaseCommitSinkFunction [] - FlinkKafkaProducer 2/8 - checkpoint 13 complete, committing transaction TransactionHolder{handle=KafkaTransactionState [transactionalId=null, producerId=-1, epoch=-1], transactionStartTime=1790822807463} from checkpoint 13
2026-10-01 02:47:18,020 INFO  org.apache.flink.streaming.api.functions.sink.TwoPhaseCommitSinkFunction [] - FlinkKafkaProducer 3/8 - checkpoint 13 complete, committing transaction TransactionHolder{handle=KafkaTransactionState [transactionalId=null, producerId=-1, epoch=-1], transactionStartTime=1790822807458} from checkpoint 13
2026-10-01 02:47:18,020 INFO  org.apache.flink.streaming.api.functions.sink.TwoPhaseCommitSinkFunction [] - FlinkKafkaProducer 6/8 - checkpoint 13 complete, committing transaction TransactionHolder{handle=KafkaTransactionState [transactionalId=null, producerId=-1, epoch=-1], transactionStartTime=1790822807459} from checkpoint 13
2026-10-01 02:47:18,021 INFO  org.apache.flink.streaming.api.functions.sink.TwoPhaseCommitSinkFunction [] - FlinkKafkaProducer 7/8 - checkpoint 13 complete, committing transaction TransactionHolder{handle=KafkaTransactionState [transactionalId=null, producerId=-1, epoch=-1], transactionStartTime=1790822807462} from checkpoint 13
2026-10-01 02:47:18,024 INFO  org.apache.flink.streaming.api.functions.sink.TwoPhaseCommitSinkFunction [] - FlinkKafkaProducer 2/8 - checkpoint 13 complete, committing transaction TransactionHolder{handle=KafkaTransactionState [transactionalId=null, producerId=-1, epoch=-1], transactionStartTime=1790822807498} from checkpoint 13
2026-10-01 02:47:18,024 INFO  org.apache.flink.streaming.api.functions.sink.TwoPhaseCommitSinkFunction [] - FlinkKafkaProducer 2/8 - checkpoint 13 complete, committing transaction TransactionHolder{handle=KafkaTransactionState [transactionalId=null, producerId=-1, epoch=-1], transactionStartTime=1790822807498} from checkpoint 13
2026-10-01 02:47:18,025 INFO  org.apache.flink.streaming.api.functions.sink.TwoPhaseCommitSinkFunction [] - FlinkKafkaProducer 3/8 - checkpoint 13 complete, committing transaction TransactionHolder{handle=KafkaTransactionState [transactionalId=null, producerId=-1, epoch=-1], transactionStartTime=1790822807465} from checkpoint 13
2026-10-01 02:47:18,025 INFO  org.apache.flink.streaming.api.functions.sink.TwoPhaseCommitSinkFunction [] - FlinkKafkaProducer 3/8 - checkpoint 13 complete, committing transaction TransactionHolder{handle=KafkaTransactionState [transactionalId=null, producerId=-1, epoch=-1], transactionStartTime=1790822807472} from checkpoint 13
2026-10-01 02:47:18,027 INFO  org.apache.flink.streaming.api.functions.sink.TwoPhaseCommitSinkFunction [] - FlinkKafkaProducer 6/8 - checkpoint 13 complete, committing transaction TransactionHolder{handle=KafkaTransactionState [transactionalId=null, producerId=-1, epoch=-1], transactionStartTime=1790822807461} from checkpoint 13
2026-10-01 02:47:18,028 INFO  org.apache.flink.streaming.api.functions.sink.TwoPhaseCommitSinkFunction [] - FlinkKafkaProducer 6/8 - checkpoint 13 complete, committing transaction TransactionHolder{handle=KafkaTransactionState [transactionalId=null, producerId=-1, epoch=-1], transactionStartTime=1790822807480} from checkpoint 13
2026-10-01 02:47:18,028 INFO  org.apache.flink.streaming.api.functions.sink.TwoPhaseCommitSinkFunction [] - FlinkKafkaProducer 7/8 - checkpoint 13 complete, committing transaction TransactionHolder{handle=KafkaTransactionState [transactionalId=null, producerId=-1, epoch=-1], transactionStartTime=1790822807464} from checkpoint 13
2026-10-01 02:47:18,028 INFO  org.apache.flink.streaming.api.functions.sink.TwoPhaseCommitSinkFunction [] - FlinkKafkaProducer 7/8 - checkpoint 13 complete, committing transaction TransactionHolder{handle=KafkaTransactionState [transactionalId=null, producerId=-1, epoch=-1], transactionStartTime=1790822807472} from checkpoint 13
2026-10-01 02:47:18,028 INFO  org.apache.flink.streaming.api.functions.sink.TwoPhaseCommitSinkFunction [] - FlinkKafkaProducer 2/8 - checkpoint 13 complete, committing transaction TransactionHolder{handle=KafkaTransactionState [transactionalId=null, producerId=-1, epoch=-1], transactionStartTime=1790822807493} from checkpoint 13
2026-10-01 02:47:18,029 INFO  org.apache.flink.streaming.api.functions.sink.TwoPhaseCommitSinkFunction [] - FlinkKafkaProducer 2/8 - checkpoint 13 complete, committing transaction TransactionHolder{handle=KafkaTransactionState [transactionalId=null, producerId=-1, epoch=-1], transactionStartTime=1790822807493} from checkpoint 13
2026-10-01 02:47:18,029 INFO  org.apache.flink.streaming.api.functions.sink.TwoPhaseCommitSinkFunction [] - FlinkKafkaProducer 3/8 - checkpoint 13 complete, committing transaction TransactionHolder{handle=KafkaTransactionState [transactionalId=null, producerId=-1, epoch=-1], transactionStartTime=1790822807498} from checkpoint 13
2026-10-01 02:47:18,029 INFO  org.apache.flink.streaming.api.functions.sink.TwoPhaseCommitSinkFunction [] - FlinkKafkaProducer 6/8 - checkpoint 13 complete, committing transaction TransactionHolder{handle=KafkaTransactionState [transactionalId=null, producerId=-1, epoch=-1], transactionStartTime=1790822807500} from checkpoint 13
2026-10-01 02:47:18,029 INFO  org.apache.flink.streaming.api.functions.sink.TwoPhaseCommitSinkFunction [] - FlinkKafkaProducer 6/8 - checkpoint 13 complete, committing transaction TransactionHolder{handle=KafkaTransactionState [transactionalId=null, producerId=-1, epoch=-1], transactionStartTime=1790822807500} from checkpoint 13
2026-10-01 02:47:18,030 INFO  org.apache.flink.streaming.api.functions.sink.TwoPhaseCommitSinkFunction [] - FlinkKafkaProducer 7/8 - checkpoint 13 complete, committing transaction TransactionHolder{handle=KafkaTransactionState [transactionalId=null, producerId=-1, epoch=-1], transactionStartTime=1790822807498} from checkpoint 13
2026-10-01 02:47:18,030 INFO  org.apache.flink.streaming.api.functions.sink.TwoPhaseCommitSinkFunction [] - FlinkKafkaProducer 3/8 - checkpoint 13 complete, committing transaction TransactionHolder{handle=KafkaTransactionState [transactionalId=null, producerId=-1, epoch=-1], transactionStartTime=1790822807498} from checkpoint 13
2026-10-01 02:47:18,030 INFO  org.apache.flink.streaming.api.functions.sink.TwoPhaseCommitSinkFunction [] - FlinkKafkaProducer 7/8 - checkpoint 13 complete, committing transaction TransactionHolder{handle=KafkaTransactionState [transactionalId=null, producerId=-1, epoch=-1], transactionStartTime=1790822807499} from checkpoint 13
2026-10-01 02:47:18,032 INFO  org.apache.flink.streaming.api.functions.sink.TwoPhaseCommitSinkFunction [] - FlinkKafkaProducer 2/8 - checkpoint 13 complete, committing transaction TransactionHolder{handle=KafkaTransactionState [transactionalId=null, producerId=-1, epoch=-1], transactionStartTime=1790822807473} from checkpoint 13
2026-10-01 02:47:18,033 INFO  org.apache.flink.streaming.api.functions.sink.TwoPhaseCommitSinkFunction [] - FlinkKafkaProducer 3/8 - checkpoint 13 complete, committing transaction TransactionHolder{handle=KafkaTransactionState [transactionalId=null, producerId=-1, epoch=-1], transactionStartTime=1790822807476} from checkpoint 13
2026-10-01 02:47:18,033 INFO  org.apache.flink.streaming.api.functions.sink.TwoPhaseCommitSinkFunction [] - FlinkKafkaProducer 6/8 - checkpoint 13 complete, committing transaction TransactionHolder{handle=KafkaTransactionState [transactionalId=null, producerId=-1, epoch=-1], transactionStartTime=1790822807472} from checkpoint 13
2026-10-01 02:47:18,034 INFO  org.apache.flink.streaming.api.functions.sink.TwoPhaseCommitSinkFunction [] - FlinkKafkaProducer 7/8 - checkpoint 13 complete, committing transaction TransactionHolder{handle=KafkaTransactionState [transactionalId=null, producerId=-1, epoch=-1], transactionStartTime=1790822807472} from checkpoint 13
2026-10-01 02:47:47,896 INFO  org.apache.flink.streaming.api.functions.sink.TwoPhaseCommitSinkFunction [] - FlinkKafkaProducer 2/8 - checkpoint 14 complete, committing transaction TransactionHolder{handle=KafkaTransactionState [transactionalId=null, producerId=-1, epoch=-1], transactionStartTime=1790822837456} from checkpoint 14
2026-10-01 02:47:47,897 INFO  org.apache.flink.streaming.api.functions.sink.TwoPhaseCommitSinkFunction [] - FlinkKafkaProducer 3/8 - checkpoint 14 complete, committing transaction TransactionHolder{handle=KafkaTransactionState [transactionalId=null, producerId=-1, epoch=-1], transactionStartTime=1790822837455} from checkpoint 14
2026-10-01 02:47:47,897 INFO  org.apache.flink.streaming.api.functions.sink.TwoPhaseCommitSinkFunction [] - FlinkKafkaProducer 6/8 - checkpoint 14 complete, committing transaction TransactionHolder{handle=KafkaTransactionState [transactionalId=null, producerId=-1, epoch=-1], transactionStartTime=1790822837448} from checkpoint 14
2026-10-01 02:47:47,898 INFO  org.apache.flink.streaming.api.functions.sink.TwoPhaseCommitSinkFunction [] - FlinkKafkaProducer 7/8 - checkpoint 14 complete, committing transaction TransactionHolder{handle=KafkaTransactionState [transactionalId=null, producerId=-1, epoch=-1], transactionStartTime=1790822837450} from checkpoint 14
2026-10-01 02:47:47,901 INFO  org.apache.flink.streaming.api.functions.sink.TwoPhaseCommitSinkFunction [] - FlinkKafkaProducer 2/8 - checkpoint 14 complete, committing transaction TransactionHolder{handle=KafkaTransactionState [transactionalId=null, producerId=-1, epoch=-1], transactionStartTime=1790822837470} from checkpoint 14
2026-10-01 02:47:47,901 INFO  org.apache.flink.streaming.api.functions.sink.TwoPhaseCommitSinkFunction [] - FlinkKafkaProducer 2/8 - checkpoint 14 complete, committing transaction TransactionHolder{handle=KafkaTransactionState [transactionalId=null, producerId=-1, epoch=-1], transactionStartTime=1790822837470} from checkpoint 14
2026-10-01 02:47:47,902 INFO  org.apache.flink.streaming.api.functions.sink.TwoPhaseCommitSinkFunction [] - FlinkKafkaProducer 3/8 - checkpoint 14 complete, committing transaction TransactionHolder{handle=KafkaTransactionState [transactionalId=null, producerId=-1, epoch=-1], transactionStartTime=1790822837458} from checkpoint 14
2026-10-01 02:47:47,902 INFO  org.apache.flink.streaming.api.functions.sink.TwoPhaseCommitSinkFunction [] - FlinkKafkaProducer 3/8 - checkpoint 14 complete, committing transaction TransactionHolder{handle=KafkaTransactionState [transactionalId=null, producerId=-1, epoch=-1], transactionStartTime=1790822837476} from checkpoint 14
2026-10-01 02:47:47,902 INFO  org.apache.flink.streaming.api.functions.sink.TwoPhaseCommitSinkFunction [] - FlinkKafkaProducer 7/8 - checkpoint 14 complete, committing transaction TransactionHolder{handle=KafkaTransactionState [transactionalId=null, producerId=-1, epoch=-1], transactionStartTime=1790822837462} from checkpoint 14
2026-10-01 02:47:47,902 INFO  org.apache.flink.streaming.api.functions.sink.TwoPhaseCommitSinkFunction [] - FlinkKafkaProducer 7/8 - checkpoint 14 complete, committing transaction TransactionHolder{handle=KafkaTransactionState [transactionalId=null, producerId=-1, epoch=-1], transactionStartTime=1790822837485} from checkpoint 14
2026-10-01 02:47:47,903 INFO  org.apache.flink.streaming.api.functions.sink.TwoPhaseCommitSinkFunction [] - FlinkKafkaProducer 2/8 - checkpoint 14 complete, committing transaction TransactionHolder{handle=KafkaTransactionState [transactionalId=null, producerId=-1, epoch=-1], transactionStartTime=1790822837463} from checkpoint 14
2026-10-01 02:47:47,903 INFO  org.apache.flink.streaming.api.functions.sink.TwoPhaseCommitSinkFunction [] - FlinkKafkaProducer 3/8 - checkpoint 14 complete, committing transaction TransactionHolder{handle=KafkaTransactionState [transactionalId=null, producerId=-1, epoch=-1], transactionStartTime=1790822837465} from checkpoint 14
2026-10-01 02:47:47,903 INFO  org.apache.flink.streaming.api.functions.sink.TwoPhaseCommitSinkFunction [] - FlinkKafkaProducer 6/8 - checkpoint 14 complete, committing transaction TransactionHolder{handle=KafkaTransactionState [transactionalId=null, producerId=-1, epoch=-1], transactionStartTime=1790822837460} from checkpoint 14
2026-10-01 02:47:47,903 INFO  org.apache.flink.streaming.api.functions.sink.TwoPhaseCommitSinkFunction [] - FlinkKafkaProducer 2/8 - checkpoint 14 complete, committing transaction TransactionHolder{handle=KafkaTransactionState [transactionalId=null, producerId=-1, epoch=-1], transactionStartTime=1790822837463} from checkpoint 14
2026-10-01 02:47:47,903 INFO  org.apache.flink.streaming.api.functions.sink.TwoPhaseCommitSinkFunction [] - FlinkKafkaProducer 3/8 - checkpoint 14 complete, committing transaction TransactionHolder{handle=KafkaTransactionState [transactionalId=null, producerId=-1, epoch=-1], transactionStartTime=1790822837465} from checkpoint 14
2026-10-01 02:47:47,903 INFO  org.apache.flink.streaming.api.functions.sink.TwoPhaseCommitSinkFunction [] - FlinkKafkaProducer 6/8 - checkpoint 14 complete, committing transaction TransactionHolder{handle=KafkaTransactionState [transactionalId=null, producerId=-1, epoch=-1], transactionStartTime=1790822837460} from checkpoint 14
2026-10-01 02:47:47,904 INFO  org.apache.flink.streaming.api.functions.sink.TwoPhaseCommitSinkFunction [] - FlinkKafkaProducer 6/8 - checkpoint 14 complete, committing transaction TransactionHolder{handle=KafkaTransactionState [transactionalId=null, producerId=-1, epoch=-1], transactionStartTime=1790822837464} from checkpoint 14
2026-10-01 02:47:47,904 INFO  org.apache.flink.streaming.api.functions.sink.TwoPhaseCommitSinkFunction [] - FlinkKafkaProducer 6/8 - checkpoint 14 complete, committing transaction TransactionHolder{handle=KafkaTransactionState [transactionalId=null, producerId=-1, epoch=-1], transactionStartTime=1790822837464} from checkpoint 14
2026-10-01 02:47:47,904 INFO  org.apache.flink.streaming.api.functions.sink.TwoPhaseCommitSinkFunction [] - FlinkKafkaProducer 7/8 - checkpoint 14 complete, committing transaction TransactionHolder{handle=KafkaTransactionState [transactionalId=null, producerId=-1, epoch=-1], transactionStartTime=1790822837463} from checkpoint 14
2026-10-01 02:47:47,905 INFO  org.apache.flink.streaming.api.functions.sink.TwoPhaseCommitSinkFunction [] - FlinkKafkaProducer 7/8 - checkpoint 14 complete, committing transaction TransactionHolder{handle=KafkaTransactionState [transactionalId=null, producerId=-1, epoch=-1], transactionStartTime=1790822837464} from checkpoint 14
2026-10-01 02:47:47,905 INFO  org.apache.flink.streaming.api.functions.sink.TwoPhaseCommitSinkFunction [] - FlinkKafkaProducer 2/8 - checkpoint 14 complete, committing transaction TransactionHolder{handle=KafkaTransactionState [transactionalId=null, producerId=-1, epoch=-1], transactionStartTime=1790822837457} from checkpoint 14
2026-10-01 02:47:47,905 INFO  org.apache.flink.streaming.api.functions.sink.TwoPhaseCommitSinkFunction [] - FlinkKafkaProducer 3/8 - checkpoint 14 complete, committing transaction TransactionHolder{handle=KafkaTransactionState [transactionalId=null, producerId=-1, epoch=-1], transactionStartTime=1790822837463} from checkpoint 14
2026-10-01 02:47:47,906 INFO  org.apache.flink.streaming.api.functions.sink.TwoPhaseCommitSinkFunction [] - FlinkKafkaProducer 6/8 - checkpoint 14 complete, committing transaction TransactionHolder{handle=KafkaTransactionState [transactionalId=null, producerId=-1, epoch=-1], transactionStartTime=1790822837460} from checkpoint 14
2026-10-01 02:47:47,906 INFO  org.apache.flink.streaming.api.functions.sink.TwoPhaseCommitSinkFunction [] - FlinkKafkaProducer 7/8 - checkpoint 14 complete, committing transaction TransactionHolder{handle=KafkaTransactionState [transactionalId=null, producerId=-1, epoch=-1], transactionStartTime=1790822837464} from checkpoint 14
2026-10-01 02:48:17,944 INFO  org.apache.flink.streaming.api.functions.sink.TwoPhaseCommitSinkFunction [] - FlinkKafkaProducer 2/8 - checkpoint 15 complete, committing transaction TransactionHolder{handle=KafkaTransactionState [transactionalId=null, producerId=-1, epoch=-1], transactionStartTime=1790822867465} from checkpoint 15
2026-10-01 02:48:17,944 INFO  org.apache.flink.streaming.api.functions.sink.TwoPhaseCommitSinkFunction [] - FlinkKafkaProducer 3/8 - checkpoint 15 complete, committing transaction TransactionHolder{handle=KafkaTransactionState [transactionalId=null, producerId=-1, epoch=-1], transactionStartTime=1790822867456} from checkpoint 15
2026-10-01 02:48:17,955 INFO  org.apache.flink.streaming.api.functions.sink.TwoPhaseCommitSinkFunction [] - FlinkKafkaProducer 6/8 - checkpoint 15 complete, committing transaction TransactionHolder{handle=KafkaTransactionState [transactionalId=null, producerId=-1, epoch=-1], transactionStartTime=1790822867458} from checkpoint 15
2026-10-01 02:48:17,956 INFO  org.apache.flink.streaming.api.functions.sink.TwoPhaseCommitSinkFunction [] - FlinkKafkaProducer 7/8 - checkpoint 15 complete, committing transaction TransactionHolder{handle=KafkaTransactionState [transactionalId=null, producerId=-1, epoch=-1], transactionStartTime=1790822867450} from checkpoint 15
2026-10-01 02:48:17,956 INFO  org.apache.flink.streaming.api.functions.sink.TwoPhaseCommitSinkFunction [] - FlinkKafkaProducer 2/8 - checkpoint 15 complete, committing transaction TransactionHolder{handle=KafkaTransactionState [transactionalId=null, producerId=-1, epoch=-1], transactionStartTime=1790822867523} from checkpoint 15
2026-10-01 02:48:17,956 INFO  org.apache.flink.streaming.api.functions.sink.TwoPhaseCommitSinkFunction [] - FlinkKafkaProducer 2/8 - checkpoint 15 complete, committing transaction TransactionHolder{handle=KafkaTransactionState [transactionalId=null, producerId=-1, epoch=-1], transactionStartTime=1790822867536} from checkpoint 15
2026-10-01 02:48:17,957 INFO  org.apache.flink.streaming.api.functions.sink.TwoPhaseCommitSinkFunction [] - FlinkKafkaProducer 3/8 - checkpoint 15 complete, committing transaction TransactionHolder{handle=KafkaTransactionState [transactionalId=null, producerId=-1, epoch=-1], transactionStartTime=1790822867461} from checkpoint 15
2026-10-01 02:48:17,957 INFO  org.apache.flink.streaming.api.functions.sink.TwoPhaseCommitSinkFunction [] - FlinkKafkaProducer 3/8 - checkpoint 15 complete, committing transaction TransactionHolder{handle=KafkaTransactionState [transactionalId=null, producerId=-1, epoch=-1], transactionStartTime=1790822867465} from checkpoint 15
2026-10-01 02:48:17,957 INFO  org.apache.flink.streaming.api.functions.sink.TwoPhaseCommitSinkFunction [] - FlinkKafkaProducer 6/8 - checkpoint 15 complete, committing transaction TransactionHolder{handle=KafkaTransactionState [transactionalId=null, producerId=-1, epoch=-1], transactionStartTime=1790822867471} from checkpoint 15
2026-10-01 02:48:17,958 INFO  org.apache.flink.streaming.api.functions.sink.TwoPhaseCommitSinkFunction [] - FlinkKafkaProducer 6/8 - checkpoint 15 complete, committing transaction TransactionHolder{handle=KafkaTransactionState [transactionalId=null, producerId=-1, epoch=-1], transactionStartTime=1790822867471} from checkpoint 15
2026-10-01 02:48:17,958 INFO  org.apache.flink.streaming.api.functions.sink.TwoPhaseCommitSinkFunction [] - FlinkKafkaProducer 3/8 - checkpoint 15 complete, committing transaction TransactionHolder{handle=KafkaTransactionState [transactionalId=null, producerId=-1, epoch=-1], transactionStartTime=1790822867523} from checkpoint 15
2026-10-01 02:48:17,959 INFO  org.apache.flink.streaming.api.functions.sink.TwoPhaseCommitSinkFunction [] - FlinkKafkaProducer 6/8 - checkpoint 15 complete, committing transaction TransactionHolder{handle=KafkaTransactionState [transactionalId=null, producerId=-1, epoch=-1], transactionStartTime=1790822867523} from checkpoint 15
2026-10-01 02:48:17,959 INFO  org.apache.flink.streaming.api.functions.sink.TwoPhaseCommitSinkFunction [] - FlinkKafkaProducer 2/8 - checkpoint 15 complete, committing transaction TransactionHolder{handle=KafkaTransactionState [transactionalId=null, producerId=-1, epoch=-1], transactionStartTime=1790822867523} from checkpoint 15
2026-10-01 02:48:17,959 INFO  org.apache.flink.streaming.api.functions.sink.TwoPhaseCommitSinkFunction [] - FlinkKafkaProducer 7/8 - checkpoint 15 complete, committing transaction TransactionHolder{handle=KafkaTransactionState [transactionalId=null, producerId=-1, epoch=-1], transactionStartTime=1790822867464} from checkpoint 15
2026-10-01 02:48:17,959 INFO  org.apache.flink.streaming.api.functions.sink.TwoPhaseCommitSinkFunction [] - FlinkKafkaProducer 3/8 - checkpoint 15 complete, committing transaction TransactionHolder{handle=KafkaTransactionState [transactionalId=null, producerId=-1, epoch=-1], transactionStartTime=1790822867523} from checkpoint 15
2026-10-01 02:48:17,959 INFO  org.apache.flink.streaming.api.functions.sink.TwoPhaseCommitSinkFunction [] - FlinkKafkaProducer 6/8 - checkpoint 15 complete, committing transaction TransactionHolder{handle=KafkaTransactionState [transactionalId=null, producerId=-1, epoch=-1], transactionStartTime=1790822867523} from checkpoint 15
2026-10-01 02:48:17,960 INFO  org.apache.flink.streaming.api.functions.sink.TwoPhaseCommitSinkFunction [] - FlinkKafkaProducer 2/8 - checkpoint 15 complete, committing transaction TransactionHolder{handle=KafkaTransactionState [transactionalId=null, producerId=-1, epoch=-1], transactionStartTime=1790822867468} from checkpoint 15
2026-10-01 02:48:17,960 INFO  org.apache.flink.streaming.api.functions.sink.TwoPhaseCommitSinkFunction [] - FlinkKafkaProducer 7/8 - checkpoint 15 complete, committing transaction TransactionHolder{handle=KafkaTransactionState [transactionalId=null, producerId=-1, epoch=-1], transactionStartTime=1790822867524} from checkpoint 15
2026-10-01 02:48:17,960 INFO  org.apache.flink.streaming.api.functions.sink.TwoPhaseCommitSinkFunction [] - FlinkKafkaProducer 7/8 - checkpoint 15 complete, committing transaction TransactionHolder{handle=KafkaTransactionState [transactionalId=null, producerId=-1, epoch=-1], transactionStartTime=1790822867524} from checkpoint 15
2026-10-01 02:48:17,960 INFO  org.apache.flink.streaming.api.functions.sink.TwoPhaseCommitSinkFunction [] - FlinkKafkaProducer 7/8 - checkpoint 15 complete, committing transaction TransactionHolder{handle=KafkaTransactionState [transactionalId=null, producerId=-1, epoch=-1], transactionStartTime=1790822867470} from checkpoint 15
2026-10-01 02:48:17,960 INFO  org.apache.flink.streaming.api.functions.sink.TwoPhaseCommitSinkFunction [] - FlinkKafkaProducer 2/8 - checkpoint 15 complete, committing transaction TransactionHolder{handle=KafkaTransactionState [transactionalId=null, producerId=-1, epoch=-1], transactionStartTime=1790822867525} from checkpoint 15
2026-10-01 02:48:17,960 INFO  org.apache.flink.streaming.api.functions.sink.TwoPhaseCommitSinkFunction [] - FlinkKafkaProducer 3/8 - checkpoint 15 complete, committing transaction TransactionHolder{handle=KafkaTransactionState [transactionalId=null, producerId=-1, epoch=-1], transactionStartTime=1790822867467} from checkpoint 15
2026-10-01 02:48:17,960 INFO  org.apache.flink.streaming.api.functions.sink.TwoPhaseCommitSinkFunction [] - FlinkKafkaProducer 6/8 - checkpoint 15 complete, committing transaction TransactionHolder{handle=KafkaTransactionState [transactionalId=null, producerId=-1, epoch=-1], transactionStartTime=1790822867466} from checkpoint 15
2026-10-01 02:48:17,961 INFO  org.apache.flink.streaming.api.functions.sink.TwoPhaseCommitSinkFunction [] - FlinkKafkaProducer 7/8 - checkpoint 15 complete, committing transaction TransactionHolder{handle=KafkaTransactionState [transactionalId=null, producerId=-1, epoch=-1], transactionStartTime=1790822867466} from checkpoint 15
2026-10-01 02:50:27,538 INFO  com.leejean.m3.M3Function                                    [] - [M3] Device E (subtask 1) entering TRAINING: 997 train windows (11 excluded by outlier sanitization), 288 early-stop windows
2026-10-01 02:50:27,583 INFO  org.nd4j.linalg.factory.Nd4jBackend                          [] - Loaded [CpuBackend] backend
2026-10-01 02:50:27,826 INFO  com.leejean.m3.M3Function                                    [] - [M3] Device F (subtask 5) entering TRAINING: 1006 train windows (2 excluded by outlier sanitization), 288 early-stop windows
2026-10-01 02:50:28,071 INFO  com.leejean.m3.M3Function                                    [] - [M3] Device A (subtask 6) entering TRAINING: 994 train windows (14 excluded by outlier sanitization), 288 early-stop windows
2026-10-01 02:50:30,222 INFO  org.nd4j.nativeblas.NativeOpsHolder                          [] - Number of threads used for linear algebra: 1
2026-10-01 02:50:30,223 INFO  org.nd4j.linalg.cpu.nativecpu.CpuNDArrayFactory              [] - Binary level Generic x86 optimization level AVX512
2026-10-01 02:50:30,230 INFO  org.nd4j.nativeblas.Nd4jBlas                                 [] - Number of threads used for OpenMP BLAS: 1
2026-10-01 02:50:30,238 INFO  org.nd4j.linalg.api.ops.executioner.DefaultOpExecutioner     [] - Backend used: [CPU]; OS: [Linux]
2026-10-01 02:50:30,238 INFO  org.nd4j.linalg.api.ops.executioner.DefaultOpExecutioner     [] - Cores: [4]; Memory: [1.9GB];
2026-10-01 02:50:30,238 INFO  org.nd4j.linalg.api.ops.executioner.DefaultOpExecutioner     [] - Blas vendor: [OPENBLAS]
2026-10-01 02:50:30,241 INFO  org.nd4j.linalg.cpu.nativecpu.CpuBackend                     [] - Backend build information:
 GCC: "7.5.0"
STD version: 201103L
DEFAULT_ENGINE: samediff::ENGINE_CPU
HAVE_FLATBUFFERS
HAVE_OPENBLAS
2026-10-01 02:50:30,327 INFO  org.deeplearning4j.nn.multilayer.MultiLayerNetwork           [] - Starting MultiLayerNetwork with WorkspaceModes set to [training: ENABLED; inference: ENABLED], cacheMode set to [NONE]
2026-10-01 02:50:53,356 INFO  com.leejean.m3.M3Function                                    [] - [M3] Device E training epoch 1/300: train loss=35.08955620688361, early-stop loss=0.3257381765624901, 22.799s
2026-10-01 02:50:53,552 INFO  com.leejean.m3.M3Function                                    [] - [M3] Device A training epoch 1/300: train loss=48.57715525907628, early-stop loss=0.4205552643331856, 23.006s
2026-10-01 02:50:53,862 INFO  com.leejean.m3.M3Function                                    [] - [M3] Device F training epoch 1/300: train loss=35.76205743499424, early-stop loss=0.3294753509633427, 23.312s
2026-10-01 02:51:10,996 INFO  com.leejean.m3.M3Function                                    [] - [M3] Device A training epoch 2/300: train loss=17.98429925862481, early-stop loss=0.25906849718953723, 17.444s
2026-10-01 02:51:11,238 INFO  com.leejean.m3.M3Function                                    [] - [M3] Device F training epoch 2/300: train loss=17.352034852815713, early-stop loss=0.2118866977689763, 17.376s
2026-10-01 02:51:11,500 INFO  com.leejean.m3.M3Function                                    [] - [M3] Device E training epoch 2/300: train loss=15.169331782572977, early-stop loss=0.23041115387162214, 18.144s
2026-10-01 02:51:28,602 INFO  com.leejean.m3.M3Function                                    [] - [M3] Device A training epoch 3/300: train loss=12.296450776212355, early-stop loss=0.1867130139707139, 17.606s
2026-10-01 02:51:29,125 INFO  com.leejean.m3.M3Function                                    [] - [M3] Device F training epoch 3/300: train loss=10.549127410805744, early-stop loss=0.17620951769646864, 17.886s
2026-10-01 02:51:29,850 INFO  com.leejean.m3.M3Function                                    [] - [M3] Device E training epoch 3/300: train loss=11.495511729008445, early-stop loss=0.17759857990069106, 18.35s
2026-10-01 02:51:45,365 INFO  com.leejean.m3.M3Function                                    [] - [M3] Device A training epoch 4/300: train loss=9.200344927170699, early-stop loss=0.22683990299244514, 16.763s
2026-10-01 02:51:46,361 INFO  com.leejean.m3.M3Function                                    [] - [M3] Device F training epoch 4/300: train loss=7.027822086603743, early-stop loss=0.17489744236137658, 17.235s
2026-10-01 02:51:47,152 INFO  com.leejean.m3.M3Function                                    [] - [M3] Device E training epoch 4/300: train loss=7.833212384662112, early-stop loss=0.15137651878853273, 17.302s
2026-10-01 02:52:03,315 INFO  com.leejean.m3.M3Function                                    [] - [M3] Device A training epoch 5/300: train loss=8.166126176890204, early-stop loss=0.13568831060627157, 17.95s
2026-10-01 02:52:05,388 INFO  com.leejean.m3.M3Function                                    [] - [M3] Device F training epoch 5/300: train loss=5.580965255654377, early-stop loss=0.1424205721012831, 19.026s
2026-10-01 02:52:07,817 INFO  com.leejean.m3.M3Function                                    [] - [M3] Device E training epoch 5/300: train loss=6.024938886230057, early-stop loss=0.12476387393076863, 20.663s
2026-10-01 02:52:20,398 INFO  com.leejean.m3.M3Function                                    [] - [M3] Device A training epoch 6/300: train loss=6.41425718419692, early-stop loss=0.10441759487102187, 17.083s
2026-10-01 02:52:23,932 INFO  com.leejean.m3.M3Function                                    [] - [M3] Device F training epoch 6/300: train loss=4.2182010940883465, early-stop loss=0.1048738070131037, 18.544s
2026-10-01 02:52:25,233 INFO  com.leejean.m3.M3Function                                    [] - [M3] Device E training epoch 6/300: train loss=4.998392510736312, early-stop loss=0.1198055576042478, 17.416s
2026-10-01 02:52:39,175 INFO  com.leejean.m3.M3Function                                    [] - [M3] Device A training epoch 7/300: train loss=5.279761838912965, early-stop loss=0.12463006788550095, 18.777s
2026-10-01 02:52:42,278 INFO  com.leejean.m3.M3Function                                    [] - [M3] Device F training epoch 7/300: train loss=3.4991186642128493, early-stop loss=0.10595595700062646, 18.346s
2026-10-01 02:52:43,322 INFO  com.leejean.m3.M3Function                                    [] - [M3] Device E training epoch 7/300: train loss=4.579894070528649, early-stop loss=0.09072076245947291, 18.089s
2026-10-01 02:52:56,007 INFO  com.leejean.m3.M3Function                                    [] - [M3] Device A training epoch 8/300: train loss=5.377752012365004, early-stop loss=0.1073174226052119, 16.832s
2026-10-01 02:53:00,117 INFO  com.leejean.m3.M3Function                                    [] - [M3] Device F training epoch 8/300: train loss=3.856475257096083, early-stop loss=0.12049716254934076, 17.839s
2026-10-01 02:53:01,362 INFO  com.leejean.m3.M3Function                                    [] - [M3] Device E training epoch 8/300: train loss=4.28079555679012, early-stop loss=0.0886140835226056, 18.04s
2026-10-01 02:53:13,114 INFO  com.leejean.m3.M3Function                                    [] - [M3] Device A training epoch 9/300: train loss=6.4563201862223005, early-stop loss=0.10579254441436198, 17.107s
2026-10-01 02:53:17,085 INFO  com.leejean.m3.M3Function                                    [] - [M3] Device F training epoch 9/300: train loss=3.491555598248606, early-stop loss=0.09491395056270947, 16.968s
2026-10-01 02:53:18,716 INFO  com.leejean.m3.M3Function                                    [] - [M3] Device E training epoch 9/300: train loss=4.477078036037652, early-stop loss=0.15851309258978044, 17.354s
2026-10-01 02:53:31,023 INFO  com.leejean.m3.M3Function                                    [] - [M3] Device A training epoch 10/300: train loss=5.373939305894515, early-stop loss=0.10466433851884954, 17.909s
2026-10-01 02:53:34,030 INFO  com.leejean.m3.M3Function                                    [] - [M3] Device F training epoch 10/300: train loss=3.7593172638312633, early-stop loss=0.06979483292096492, 16.945s
2026-10-01 02:53:35,580 INFO  com.leejean.m3.M3Function                                    [] - [M3] Device E training epoch 10/300: train loss=4.574867856502533, early-stop loss=0.08513996654415151, 16.864s
2026-10-01 02:53:47,151 INFO  com.leejean.m3.M3Function                                    [] - [M3] Device A training epoch 11/300: train loss=4.479797567339505, early-stop loss=0.11570758878893156, 16.128s
2026-10-01 02:53:49,555 INFO  com.leejean.m3.M3Function                                    [] - [M3] Device F training epoch 11/300: train loss=3.469247374456862, early-stop loss=0.07734938919048513, 15.525s
2026-10-01 02:53:52,526 INFO  com.leejean.m3.M3Function                                    [] - [M3] Device E training epoch 11/300: train loss=4.622837594393138, early-stop loss=0.0785476092090949, 16.946s
2026-10-01 02:54:02,213 INFO  com.leejean.m3.M3Function                                    [] - [M3] Device A training epoch 12/300: train loss=3.687735284076018, early-stop loss=0.06550638544710684, 15.062s
2026-10-01 02:54:07,029 INFO  com.leejean.m3.M3Function                                    [] - [M3] Device F training epoch 12/300: train loss=3.7530251153137373, early-stop loss=0.09795187168967705, 17.474s
2026-10-01 02:54:09,428 INFO  com.leejean.m3.M3Function                                    [] - [M3] Device E training epoch 12/300: train loss=4.047797117845431, early-stop loss=0.08735962244752717, 16.901s
2026-10-01 02:54:17,830 INFO  com.leejean.m3.M3Function                                    [] - [M3] Device A training epoch 13/300: train loss=3.3463086913613713, early-stop loss=0.0799905891896458, 15.617s
2026-10-01 02:54:22,353 INFO  com.leejean.m3.M3Function                                    [] - [M3] Device F training epoch 13/300: train loss=3.4407202896864515, early-stop loss=0.057591367351737505, 15.324s
2026-10-01 02:54:26,975 INFO  com.leejean.m3.M3Function                                    [] - [M3] Device E training epoch 13/300: train loss=3.0318397373766506, early-stop loss=0.0691544901721522, 17.546s
2026-10-01 02:54:35,458 INFO  com.leejean.m3.M3Function                                    [] - [M3] Device A training epoch 14/300: train loss=3.4757691572694216, early-stop loss=0.08677897733171032, 17.628s
2026-10-01 02:54:39,340 INFO  com.leejean.m3.M3Function                                    [] - [M3] Device F training epoch 14/300: train loss=3.2845778812532838, early-stop loss=0.07417375618477283, 16.987s
2026-10-01 02:54:42,798 INFO  com.leejean.m3.M3Function                                    [] - [M3] Device E training epoch 14/300: train loss=2.8088252344646967, early-stop loss=0.06250691159142646, 15.823s
2026-10-01 02:54:52,553 INFO  com.leejean.m3.M3Function                                    [] - [M3] Device A training epoch 15/300: train loss=3.4281540800543393, early-stop loss=0.07235595828514568, 17.095s
2026-10-01 02:54:54,763 INFO  com.leejean.m3.M3Function                                    [] - [M3] Device F training epoch 15/300: train loss=3.435514429729917, early-stop loss=0.07490051118526059, 15.423s
2026-10-01 02:54:59,750 INFO  com.leejean.m3.M3Function                                    [] - [M3] Device E training epoch 15/300: train loss=2.8091228431946513, early-stop loss=0.05947148505347729, 16.952s
2026-10-01 02:55:08,585 INFO  com.leejean.m3.M3Function                                    [] - [M3] Device A training epoch 16/300: train loss=3.2565614619675802, early-stop loss=0.06932109795085636, 16.032s
2026-10-01 02:55:10,784 INFO  com.leejean.m3.M3Function                                    [] - [M3] Device F training epoch 16/300: train loss=3.1220202272352964, early-stop loss=0.06627219504553948, 16.021s
2026-10-01 02:55:17,336 INFO  com.leejean.m3.M3Function                                    [] - [M3] Device E training epoch 16/300: train loss=2.8679348906955204, early-stop loss=0.07727190823323528, 17.586s
2026-10-01 02:55:24,221 INFO  com.leejean.m3.M3Function                                    [] - [M3] Device A training epoch 17/300: train loss=2.702750330812791, early-stop loss=0.06826077661102024, 15.636s
2026-10-01 02:55:25,406 INFO  com.leejean.m3.M3Function                                    [] - [M3] Device F training epoch 17/300: train loss=2.976700010507003, early-stop loss=0.06797167161597314, 14.621s
2026-10-01 02:55:30,926 INFO  com.leejean.m3.M3Function                                    [] - [M3] Device E training epoch 17/300: train loss=2.723086568793735, early-stop loss=0.062069573699004885, 13.589s
2026-10-01 02:55:37,404 INFO  com.leejean.m3.M3Function                                    [] - [M3] Device A training epoch 18/300: train loss=2.5457663381800932, early-stop loss=0.0705231558413553, 13.183s
2026-10-01 02:55:39,072 INFO  com.leejean.m3.M3Function                                    [] - [M3] Device F training epoch 18/300: train loss=2.353904445922893, early-stop loss=0.06611801112084419, 13.666s
2026-10-01 02:55:43,717 INFO  com.leejean.m3.M3Function                                    [] - [M3] Device E training epoch 18/300: train loss=2.5090365024837293, early-stop loss=0.06348970648876873, 12.791s
2026-10-01 02:55:50,794 INFO  com.leejean.m3.M3Function                                    [] - [M3] Device F training epoch 19/300: train loss=2.191945989818677, early-stop loss=0.057111699861095, 11.721s
2026-10-01 02:55:50,796 INFO  com.leejean.m3.M3Function                                    [] - [M3] Device A training epoch 19/300: train loss=2.0551336249884438, early-stop loss=0.058289998155000994, 13.392s
2026-10-01 02:55:57,444 INFO  com.leejean.m3.M3Function                                    [] - [M3] Device E training epoch 19/300: train loss=2.5634712046868096, early-stop loss=0.05820500769421771, 13.727s
2026-10-01 02:56:03,067 INFO  com.leejean.m3.M3Function                                    [] - [M3] Device A training epoch 20/300: train loss=2.1095797801718987, early-stop loss=0.05483294405842173, 12.271s
2026-10-01 02:56:04,353 INFO  com.leejean.m3.M3Function                                    [] - [M3] Device F training epoch 20/300: train loss=2.2353496524302856, early-stop loss=0.06128410387359346, 13.558s
2026-10-01 02:56:09,983 INFO  com.leejean.m3.M3Function                                    [] - [M3] Device E training epoch 20/300: train loss=2.0509294579157955, early-stop loss=0.05325733918644412, 12.539s
2026-10-01 02:56:16,855 INFO  com.leejean.m3.M3Function                                    [] - [M3] Device A training epoch 21/300: train loss=1.945307984422235, early-stop loss=0.06064473142586202, 13.788s
2026-10-01 02:56:17,005 INFO  com.leejean.m3.M3Function                                    [] - [M3] Device F training epoch 21/300: train loss=2.0127328074496726, early-stop loss=0.04966588512129025, 12.651s
2026-10-01 02:56:22,905 INFO  com.leejean.m3.M3Function                                    [] - [M3] Device E training epoch 21/300: train loss=2.0410429320625356, early-stop loss=0.058487937498434825, 12.921s
2026-10-01 02:56:29,604 INFO  com.leejean.m3.M3Function                                    [] - [M3] Device F training epoch 22/300: train loss=1.9407151140596557, early-stop loss=0.051636102864158755, 12.598s
2026-10-01 02:56:30,695 INFO  com.leejean.m3.M3Function                                    [] - [M3] Device A training epoch 22/300: train loss=1.9662313731277687, early-stop loss=0.05983320267439472, 13.84s
2026-10-01 02:56:36,555 INFO  com.leejean.m3.M3Function                                    [] - [M3] Device E training epoch 22/300: train loss=2.19733883529096, early-stop loss=0.05916862772044048, 13.65s
2026-10-01 02:56:41,452 INFO  com.leejean.m3.M3Function                                    [] - [M3] Device F training epoch 23/300: train loss=1.7084272457205734, early-stop loss=0.05725665238352833, 11.846s
2026-10-01 02:56:43,790 INFO  com.leejean.m3.M3Function                                    [] - [M3] Device A training epoch 23/300: train loss=2.0763391740181865, early-stop loss=0.048102652246946404, 13.095s
2026-10-01 02:56:50,709 INFO  com.leejean.m3.M3Function                                    [] - [M3] Device E training epoch 23/300: train loss=1.9221480212501576, early-stop loss=0.04935914089856323, 14.153s
2026-10-01 02:56:55,734 INFO  com.leejean.m3.M3Function                                    [] - [M3] Device F training epoch 24/300: train loss=1.8024558676325757, early-stop loss=0.04344908042978102, 14.282s
2026-10-01 02:56:57,572 INFO  com.leejean.m3.M3Function                                    [] - [M3] Device A training epoch 24/300: train loss=1.9898267342763787, early-stop loss=0.05856976103389571, 13.782s
2026-10-01 02:57:03,097 INFO  com.leejean.m3.M3Function                                    [] - [M3] Device E training epoch 24/300: train loss=1.8472616435708227, early-stop loss=0.057137053407157815, 12.387s
2026-10-01 02:57:08,856 INFO  com.leejean.m3.M3Function                                    [] - [M3] Device A training epoch 25/300: train loss=2.0986268962130827, early-stop loss=0.0678279968324174, 11.283s
2026-10-01 02:57:09,961 INFO  com.leejean.m3.M3Function                                    [] - [M3] Device F training epoch 25/300: train loss=2.206469783705214, early-stop loss=0.07470227012529804, 14.227s
2026-10-01 02:57:15,539 INFO  com.leejean.m3.M3Function                                    [] - [M3] Device E training epoch 25/300: train loss=1.7540011732964902, early-stop loss=0.045217698561712386, 12.442s
2026-10-01 02:57:20,239 INFO  com.leejean.m3.M3Function                                    [] - [M3] Device A training epoch 26/300: train loss=2.189071120234097, early-stop loss=0.06351389442996996, 11.383s
2026-10-01 02:57:23,001 INFO  com.leejean.m3.M3Function                                    [] - [M3] Device F training epoch 26/300: train loss=2.600509480289791, early-stop loss=0.05452073873844296, 13.04s
2026-10-01 02:57:30,080 INFO  com.leejean.m3.M3Function                                    [] - [M3] Device E training epoch 26/300: train loss=1.5700932206737028, early-stop loss=0.049455104949423685, 14.541s
2026-10-01 02:57:34,846 INFO  com.leejean.m3.M3Function                                    [] - [M3] Device A training epoch 27/300: train loss=2.476204605663524, early-stop loss=0.05099266808064548, 14.607s
2026-10-01 02:57:37,892 INFO  com.leejean.m3.M3Function                                    [] - [M3] Device F training epoch 27/300: train loss=2.9688141511834183, early-stop loss=0.05552243987318408, 14.89s
2026-10-01 02:57:44,253 INFO  com.leejean.m3.M3Function                                    [] - [M3] Device E training epoch 27/300: train loss=1.7031613738150213, early-stop loss=0.05010875512348935, 14.173s
2026-10-01 02:57:47,836 INFO  com.leejean.m3.M3Function                                    [] - [M3] Device A training epoch 28/300: train loss=2.171297136825674, early-stop loss=0.05885593564534655, 12.99s
2026-10-01 02:57:51,308 INFO  com.leejean.m3.M3Function                                    [] - [M3] Device F training epoch 28/300: train loss=2.9777269127576247, early-stop loss=0.09281594917580277, 13.415s
2026-10-01 02:57:57,104 INFO  com.leejean.m3.M3Function                                    [] - [M3] Device E training epoch 28/300: train loss=1.391218883040789, early-stop loss=0.043016179889785386, 12.851s
2026-10-01 02:58:00,940 INFO  com.leejean.m3.M3Function                                    [] - [M3] Device A training epoch 29/300: train loss=2.5306149626479426, early-stop loss=0.06993063092304834, 13.104s
2026-10-01 02:58:04,444 INFO  com.leejean.m3.M3Function                                    [] - [M3] Device F training epoch 29/300: train loss=2.4604951109575186, early-stop loss=0.047989303344624035, 13.136s
2026-10-01 02:58:10,203 INFO  com.leejean.m3.M3Function                                    [] - [M3] Device E training epoch 29/300: train loss=1.3931550209586685, early-stop loss=0.049143826834602, 13.099s
2026-10-01 02:58:13,918 INFO  com.leejean.m3.M3Function                                    [] - [M3] Device A training epoch 30/300: train loss=2.5839527207262374, early-stop loss=0.07109412419912886, 12.978s
2026-10-01 02:58:17,930 INFO  com.leejean.m3.M3Function                                    [] - [M3] Device F training epoch 30/300: train loss=1.9328275462855464, early-stop loss=0.05685843233748755, 13.486s
2026-10-01 02:58:23,099 INFO  com.leejean.m3.M3Function                                    [] - [M3] Device E training epoch 30/300: train loss=1.3923589683062323, early-stop loss=0.047430319486661904, 12.895s
2026-10-01 02:58:27,091 INFO  com.leejean.m3.M3Function                                    [] - [M3] Device A training epoch 31/300: train loss=2.3179282181403216, early-stop loss=0.062300313301005356, 13.173s
2026-10-01 02:58:31,031 INFO  com.leejean.m3.M3Function                                    [] - [M3] Device F training epoch 31/300: train loss=1.660286747502244, early-stop loss=0.06258664720162208, 13.101s
2026-10-01 02:58:37,668 INFO  com.leejean.m3.M3Function                                    [] - [M3] Device E training epoch 31/300: train loss=1.2314467826405084, early-stop loss=0.04301150252797579, 14.568s
2026-10-01 02:58:40,608 INFO  com.leejean.m3.M3Function                                    [] - [M3] Device A training epoch 32/300: train loss=2.4819536472068116, early-stop loss=0.07447233325968705, 13.517s
2026-10-01 02:58:44,406 INFO  com.leejean.m3.M3Function                                    [] - [M3] Device F training epoch 32/300: train loss=1.6401856868163398, early-stop loss=0.05163293435113891, 13.375s
2026-10-01 02:58:49,636 INFO  com.leejean.m3.M3Function                                    [] - [M3] Device E training epoch 32/300: train loss=1.1688187885928798, early-stop loss=0.04502953147234606, 11.968s
2026-10-01 02:58:54,026 INFO  com.leejean.m3.M3Function                                    [] - [M3] Device A training epoch 33/300: train loss=2.740977875625386, early-stop loss=0.08535573279798535, 13.418s
2026-10-01 02:58:56,843 INFO  com.leejean.m3.M3Function                                    [] - [M3] Device F training epoch 33/300: train loss=1.5103673375171165, early-stop loss=0.05344239387006575, 12.437s
2026-10-01 02:59:04,639 INFO  com.leejean.m3.M3Function                                    [] - [M3] Device E training epoch 33/300: train loss=1.2764948514667718, early-stop loss=0.0422507833453418, 15.003s
2026-10-01 02:59:06,846 INFO  com.leejean.m3.M3Function                                    [] - [M3] Device A training epoch 34/300: train loss=2.6148197023307573, early-stop loss=0.05744334473920873, 12.82s
2026-10-01 02:59:09,429 INFO  com.leejean.m3.M3Function                                    [] - [M3] Device F training epoch 34/300: train loss=1.7881184540365052, early-stop loss=0.058569696405275845, 12.586s
2026-10-01 02:59:17,073 INFO  com.leejean.m3.M3Function                                    [] - [M3] Device E training epoch 34/300: train loss=1.3114279928239614, early-stop loss=0.04622854115258027, 12.434s
2026-10-01 02:59:20,437 INFO  com.leejean.m3.M3Function                                    [] - [M3] Device A training epoch 35/300: train loss=2.398927003846449, early-stop loss=0.05685955904570761, 13.59s
2026-10-01 02:59:22,005 INFO  com.leejean.m3.M3Function                                    [] - [M3] Device F training epoch 35/300: train loss=1.9163338754488073, early-stop loss=0.04836507638445982, 12.576s
2026-10-01 02:59:28,010 INFO  com.leejean.m3.M3Function                                    [] - [M3] Device E training epoch 35/300: train loss=1.275285918889819, early-stop loss=0.04269067399407469, 10.937s
2026-10-01 02:59:33,377 INFO  com.leejean.m3.M3Function                                    [] - [M3] Device A training epoch 36/300: train loss=1.7666510913301914, early-stop loss=0.07088834622341615, 12.94s
2026-10-01 02:59:35,786 INFO  com.leejean.m3.M3Function                                    [] - [M3] Device F training epoch 36/300: train loss=2.4806226669446283, early-stop loss=0.057908549320456984, 13.781s
2026-10-01 02:59:41,091 INFO  com.leejean.m3.M3Function                                    [] - [M3] Device E training epoch 36/300: train loss=1.8529776749578684, early-stop loss=0.052303430853005956, 13.081s
2026-10-01 02:59:46,712 INFO  com.leejean.m3.M3Function                                    [] - [M3] Device A training epoch 37/300: train loss=1.6254636098356807, early-stop loss=0.0464933062483559, 13.335s
2026-10-01 02:59:48,731 INFO  com.leejean.m3.M3Function                                    [] - [M3] Device F training epoch 37/300: train loss=2.2834158539772034, early-stop loss=0.0755458175258737, 12.945s
2026-10-01 02:59:53,980 INFO  com.leejean.m3.M3Function                                    [] - [M3] Device E training epoch 37/300: train loss=1.8634139305030977, early-stop loss=0.06247963506410392, 12.889s
2026-10-01 02:59:59,827 INFO  com.leejean.m3.M3Function                                    [] - [M3] Device A training epoch 38/300: train loss=1.31755070318194, early-stop loss=0.04822360492887272, 13.114s
2026-10-01 03:00:01,759 INFO  com.leejean.m3.M3Function                                    [] - [M3] Device F training epoch 38/300: train loss=2.126398015929305, early-stop loss=0.04683806330349864, 13.028s
2026-10-01 03:00:07,549 INFO  com.leejean.m3.M3Function                                    [] - [M3] Device E training epoch 38/300: train loss=1.8318985204438905, early-stop loss=0.04521752738943585, 13.569s
2026-10-01 03:00:10,846 INFO  com.leejean.m3.M3Function                                    [] - [M3] Device A training epoch 39/300: train loss=1.3467072478112052, early-stop loss=0.06596416101843794, 11.019s
2026-10-01 03:00:15,795 INFO  com.leejean.m3.M3Function                                    [] - [M3] Device F training epoch 39/300: train loss=2.497572313702625, early-stop loss=0.07361860609681958, 14.036s
2026-10-01 03:00:21,311 INFO  com.leejean.m3.M3Function                                    [] - [M3] Device E training epoch 39/300: train loss=1.5279377864824757, early-stop loss=0.03586750459363485, 13.762s
2026-10-01 03:00:23,359 INFO  com.leejean.m3.M3Function                                    [] - [M3] Device A training epoch 40/300: train loss=1.465035329145544, early-stop loss=0.0489343857288307, 12.513s
2026-10-01 03:00:27,878 INFO  com.leejean.m3.M3Function                                    [] - [M3] Device F training epoch 40/300: train loss=2.368300736468771, early-stop loss=0.059397826951600154, 12.083s
2026-10-01 03:00:34,289 INFO  com.leejean.m3.M3Function                                    [] - [M3] Device E training epoch 40/300: train loss=1.236925525117565, early-stop loss=0.04531753101379163, 12.978s
2026-10-01 03:00:36,321 INFO  com.leejean.m3.M3Function                                    [] - [M3] Device A training epoch 41/300: train loss=1.2447277642348236, early-stop loss=0.04225952456764002, 12.961s
2026-10-01 03:00:40,035 INFO  com.leejean.m3.M3Function                                    [] - [M3] Device F training epoch 41/300: train loss=1.9736544191837309, early-stop loss=0.05136161457508155, 12.157s
2026-10-01 03:00:46,288 INFO  com.leejean.m3.M3Function                                    [] - [M3] Device E training epoch 41/300: train loss=1.0491519113650194, early-stop loss=0.036557247285401426, 11.999s
2026-10-01 03:00:50,751 INFO  com.leejean.m3.M3Function                                    [] - [M3] Device A training epoch 42/300: train loss=1.3869856918559356, early-stop loss=0.07190555643176469, 14.429s
2026-10-01 03:00:53,504 INFO  com.leejean.m3.M3Function                                    [] - [M3] Device F training epoch 42/300: train loss=1.6518097496551014, early-stop loss=0.05072532683106613, 13.468s
2026-10-01 03:00:58,459 INFO  com.leejean.m3.M3Function                                    [] - [M3] Device E training epoch 42/300: train loss=0.9488257820541794, early-stop loss=0.0407649337300177, 12.171s
2026-10-01 03:01:03,614 INFO  com.leejean.m3.M3Function                                    [] - [M3] Device A training epoch 43/300: train loss=1.4491702265599196, early-stop loss=0.04771950735018005, 12.863s
2026-10-01 03:01:07,537 INFO  com.leejean.m3.M3Function                                    [] - [M3] Device F training epoch 43/300: train loss=1.3676683363707167, early-stop loss=0.05239606245950629, 14.033s
2026-10-01 03:01:10,162 INFO  com.leejean.m3.M3Function                                    [] - [M3] Device E training epoch 43/300: train loss=1.0223722009642706, early-stop loss=0.03692998190184661, 11.703s
2026-10-01 03:01:16,593 INFO  com.leejean.m3.M3Function                                    [] - [M3] Device A training epoch 44/300: train loss=1.2469845941838096, early-stop loss=0.04646182955679126, 12.978s
2026-10-01 03:01:22,186 INFO  com.leejean.m3.M3Function                                    [] - [M3] Device F training epoch 44/300: train loss=1.2532084312127985, early-stop loss=0.04661801518885616, 14.649s
2026-10-01 03:01:22,529 INFO  com.leejean.m3.M3Function                                    [] - [M3] Device E training epoch 44/300: train loss=0.9438552441629204, early-stop loss=0.03933356610176146, 12.367s
2026-10-01 03:01:23,434 INFO  com.leejean.m3.M3Function                                    [] - [M3] Device F trained: hidden=60, window=60, batch=64, 44 epochs (last improvement at epoch 24, longest plateau 5), early-stop loss=0.04661801518885616, 655.601s
2026-10-01 03:01:29,632 INFO  com.leejean.m3.M3Function                                    [] - [M3] Device A training epoch 45/300: train loss=1.4348254624535057, early-stop loss=0.06802444224302451, 13.039s
2026-10-01 03:01:37,885 INFO  com.leejean.m3.M3Function                                    [] - [M3] Device E training epoch 45/300: train loss=1.0597794503779023, early-stop loss=0.0372183879515407, 15.356s
2026-10-01 03:01:43,570 INFO  com.leejean.m3.M3Function                                    [] - [M3] Device A training epoch 46/300: train loss=1.4574880365063165, early-stop loss=0.05066239683408936, 13.938s
2026-10-01 03:01:47,907 INFO  com.leejean.m3.M3Function                                    [] - [M3] Device F calibrated: median=0.20712344304748673, IQR=0.3264627825726073, threshold=2.22
2026-10-01 03:01:47,907 INFO  com.leejean.m3.M3Function                                    [] - [M3] Device F entering ONLINE
2026-10-01 03:01:52,843 INFO  com.leejean.m3.M3Function                                    [] - [M3] Device E training epoch 46/300: train loss=0.9494403336901923, early-stop loss=0.03587683132881121, 14.958s
2026-10-01 03:01:56,390 INFO  com.leejean.m3.M3Function                                    [] - [M3] Device A training epoch 47/300: train loss=1.3495883911848068, early-stop loss=0.04396782708088806, 12.82s
2026-10-01 03:02:01,689 INFO  com.leejean.m3.M3Function                                    [] - [M3] Device E training epoch 47/300: train loss=1.2200840867854454, early-stop loss=0.04248842629649473, 8.846s
2026-10-01 03:02:06,042 INFO  com.leejean.m3.M3Function                                    [] - [M3] Device A training epoch 48/300: train loss=1.2158441876663881, early-stop loss=0.05247112478627951, 9.652s
2026-10-01 03:02:11,556 INFO  com.leejean.m3.M3Function                                    [] - [M3] Device E training epoch 48/300: train loss=1.2643791984061936, early-stop loss=0.035806591879864624, 9.867s
2026-10-01 03:02:14,893 INFO  com.leejean.m3.M3Function                                    [] - [M3] Device A training epoch 49/300: train loss=1.1945535268853693, early-stop loss=0.051321703516762456, 8.851s
2026-10-01 03:02:20,350 INFO  com.leejean.m3.M3Function                                    [] - [M3] Device E training epoch 49/300: train loss=1.6236018982287999, early-stop loss=0.046627800560858634, 8.794s
2026-10-01 03:02:23,797 INFO  com.leejean.m3.M3Function                                    [] - [M3] Device A training epoch 50/300: train loss=1.1762866879210754, early-stop loss=0.04252910375703077, 8.904s
2026-10-01 03:02:30,257 INFO  com.leejean.m3.M3Function                                    [] - [M3] Device E training epoch 50/300: train loss=1.4561362649943377, early-stop loss=0.03636261938753643, 9.907s
2026-10-01 03:02:33,785 INFO  com.leejean.m3.M3Function                                    [] - [M3] Device A training epoch 51/300: train loss=1.1842067811418984, early-stop loss=0.051503172438869434, 9.988s
2026-10-01 03:02:39,219 INFO  com.leejean.m3.M3Function                                    [] - [M3] Device E training epoch 51/300: train loss=1.7013482101060249, early-stop loss=0.05074515778165496, 8.962s
2026-10-01 03:02:42,536 INFO  com.leejean.m3.M3Function                                    [] - [M3] Device A training epoch 52/300: train loss=1.0267675152596305, early-stop loss=0.052249342556173715, 8.751s
2026-10-01 03:02:49,236 INFO  com.leejean.m3.M3Function                                    [] - [M3] Device E training epoch 52/300: train loss=1.994732545759227, early-stop loss=0.047817280876045164, 10.017s
2026-10-01 03:02:52,257 INFO  com.leejean.m3.M3Function                                    [] - [M3] Device A training epoch 53/300: train loss=1.0916613000280715, early-stop loss=0.03932574553907962, 9.721s
2026-10-01 03:02:58,152 INFO  com.leejean.m3.M3Function                                    [] - [M3] Device E training epoch 53/300: train loss=1.924442161901577, early-stop loss=0.04697793425286656, 8.916s
2026-10-01 03:03:01,240 INFO  com.leejean.m3.M3Function                                    [] - [M3] Device A training epoch 54/300: train loss=0.9736336029627745, early-stop loss=0.04645511336499899, 8.982s
2026-10-01 03:03:08,199 INFO  com.leejean.m3.M3Function                                    [] - [M3] Device E training epoch 54/300: train loss=1.88972216989543, early-stop loss=0.03923554353381229, 10.045s
2026-10-01 03:03:10,930 INFO  com.leejean.m3.M3Function                                    [] - [M3] Device A training epoch 55/300: train loss=0.9169191509485246, early-stop loss=0.057663982475573534, 9.69s
2026-10-01 03:03:17,040 INFO  com.leejean.m3.M3Function                                    [] - [M3] Device E training epoch 55/300: train loss=1.7140868736279977, early-stop loss=0.04366288340825142, 8.841s
2026-10-01 03:03:19,842 INFO  com.leejean.m3.M3Function                                    [] - [M3] Device A training epoch 56/300: train loss=0.9762459134354311, early-stop loss=0.03913631463846353, 8.911s
2026-10-01 03:03:25,858 INFO  com.leejean.m3.M3Function                                    [] - [M3] Device E training epoch 56/300: train loss=1.2406417344067546, early-stop loss=0.03697896794100636, 8.818s
2026-10-01 03:03:28,647 INFO  com.leejean.m3.M3Function                                    [] - [M3] Device A training epoch 57/300: train loss=0.9137285476221757, early-stop loss=0.050132382926790134, 8.805s
2026-10-01 03:03:34,799 INFO  com.leejean.m3.M3Function                                    [] - [M3] Device E training epoch 57/300: train loss=1.0266581213152086, early-stop loss=0.03771777872805243, 8.941s
2026-10-01 03:03:37,522 INFO  com.leejean.m3.M3Function                                    [] - [M3] Device A training epoch 58/300: train loss=0.9305892793571249, early-stop loss=0.05910548001652097, 8.875s
2026-10-01 03:03:45,306 INFO  com.leejean.m3.M3Function                                    [] - [M3] Device E training epoch 58/300: train loss=1.10430570196461, early-stop loss=0.03458570941322789, 10.507s
2026-10-01 03:03:48,041 INFO  com.leejean.m3.M3Function                                    [] - [M3] Device A training epoch 59/300: train loss=0.9943292805377175, early-stop loss=0.03879642414513417, 10.519s
2026-10-01 03:03:54,336 INFO  com.leejean.m3.M3Function                                    [] - [M3] Device E training epoch 59/300: train loss=1.358203788705774, early-stop loss=0.04425358811230324, 9.03s
2026-10-01 03:03:56,608 INFO  com.leejean.m3.M3Function                                    [] - [M3] Device A training epoch 60/300: train loss=0.984379737342105, early-stop loss=0.052758268536512484, 8.567s
2026-10-01 03:04:03,114 INFO  com.leejean.m3.M3Function                                    [] - [M3] Device E training epoch 60/300: train loss=1.4865797768573503, early-stop loss=0.045684985955494, 8.778s
2026-10-01 03:04:05,719 INFO  com.leejean.m3.M3Function                                    [] - [M3] Device A training epoch 61/300: train loss=1.1580891218255547, early-stop loss=0.05932748242729424, 9.111s
2026-10-01 03:04:12,001 INFO  com.leejean.m3.M3Function                                    [] - [M3] Device E training epoch 61/300: train loss=1.0393718899101823, early-stop loss=0.04453096319749247, 8.887s
2026-10-01 03:04:14,584 INFO  com.leejean.m3.M3Function                                    [] - [M3] Device A training epoch 62/300: train loss=1.2080908699947248, early-stop loss=0.0449653760051504, 8.865s
2026-10-01 03:04:22,385 INFO  com.leejean.m3.M3Function                                    [] - [M3] Device E training epoch 62/300: train loss=1.0318006160291464, early-stop loss=0.04378336923149323, 10.384s
2026-10-01 03:04:24,441 INFO  com.leejean.m3.M3Function                                    [] - [M3] Device A training epoch 63/300: train loss=1.1131638993235198, early-stop loss=0.05230037346986585, 9.857s
2026-10-01 03:04:32,088 INFO  com.leejean.m3.M3Function                                    [] - [M3] Device E training epoch 63/300: train loss=0.9543023711120758, early-stop loss=0.033836728570228417, 9.703s
2026-10-01 03:04:34,317 INFO  com.leejean.m3.M3Function                                    [] - [M3] Device A training epoch 64/300: train loss=1.336079598700299, early-stop loss=0.06565639480194398, 9.876s
2026-10-01 03:04:41,235 INFO  com.leejean.m3.M3Function                                    [] - [M3] Device E training epoch 64/300: train loss=0.9626708880469607, early-stop loss=0.04021487400132429, 9.147s
2026-10-01 03:04:43,354 INFO  com.leejean.m3.M3Function                                    [] - [M3] Device A training epoch 65/300: train loss=1.3063030227142223, early-stop loss=0.041173162563066794, 9.037s
2026-10-01 03:04:50,531 INFO  com.leejean.m3.M3Function                                    [] - [M3] Device E training epoch 65/300: train loss=0.7669513902148686, early-stop loss=0.035935915408171, 9.295s
2026-10-01 03:04:52,426 INFO  com.leejean.m3.M3Function                                    [] - [M3] Device A training epoch 66/300: train loss=1.1291073374888474, early-stop loss=0.0528955184352247, 9.072s
2026-10-01 03:04:59,668 INFO  com.leejean.m3.M3Function                                    [] - [M3] Device E training epoch 66/300: train loss=1.0195841073184397, early-stop loss=0.03574639452041706, 9.136s
2026-10-01 03:05:01,880 INFO  com.leejean.m3.M3Function                                    [] - [M3] Device A training epoch 67/300: train loss=1.1865506507018033, early-stop loss=0.05055705222582349, 9.454s
2026-10-01 03:05:09,230 INFO  com.leejean.m3.M3Function                                    [] - [M3] Device E training epoch 67/300: train loss=0.9354871163497098, early-stop loss=0.03925636718755196, 9.562s
2026-10-01 03:05:11,215 INFO  com.leejean.m3.M3Function                                    [] - [M3] Device A training epoch 68/300: train loss=1.1166083344641855, early-stop loss=0.04995830216300828, 9.335s
2026-10-01 03:05:18,238 INFO  com.leejean.m3.M3Function                                    [] - [M3] Device E training epoch 68/300: train loss=1.0742407500743865, early-stop loss=0.03751069347587726, 9.007s
2026-10-01 03:05:20,691 INFO  com.leejean.m3.M3Function                                    [] - [M3] Device A training epoch 69/300: train loss=1.1039040435762966, early-stop loss=0.04855051320270985, 9.476s
2026-10-01 03:05:27,585 INFO  com.leejean.m3.M3Function                                    [] - [M3] Device E training epoch 69/300: train loss=1.0129832871056892, early-stop loss=0.035089617181146796, 9.347s
2026-10-01 03:05:29,843 INFO  com.leejean.m3.M3Function                                    [] - [M3] Device A training epoch 70/300: train loss=1.072646431887851, early-stop loss=0.050431918363257125, 9.152s
2026-10-01 03:05:37,078 INFO  com.leejean.m3.M3Function                                    [] - [M3] Device E training epoch 70/300: train loss=0.8024178697450741, early-stop loss=0.037541812828036245, 9.493s
2026-10-01 03:05:38,953 INFO  com.leejean.m3.M3Function                                    [] - [M3] Device A training epoch 71/300: train loss=0.8637165208073223, early-stop loss=0.045972636148665376, 9.11s
2026-10-01 03:05:46,318 INFO  com.leejean.m3.M3Function                                    [] - [M3] Device E training epoch 71/300: train loss=0.9240977511212634, early-stop loss=0.0379500403071902, 9.24s
2026-10-01 03:05:47,950 INFO  com.leejean.m3.M3Function                                    [] - [M3] Device A training epoch 72/300: train loss=0.9991972988142686, early-stop loss=0.05188500337923618, 8.997s
2026-10-01 03:05:55,824 INFO  com.leejean.m3.M3Function                                    [] - [M3] Device E training epoch 72/300: train loss=0.9189972310452847, early-stop loss=0.036638876137939744, 9.506s
2026-10-01 03:05:57,373 INFO  com.leejean.m3.M3Function                                    [] - [M3] Device A training epoch 73/300: train loss=1.252847773888532, early-stop loss=0.042735121940731896, 9.423s
2026-10-01 03:06:04,569 INFO  com.leejean.m3.M3Function                                    [] - [M3] Device E training epoch 73/300: train loss=0.9288297569429551, early-stop loss=0.033751486102236126, 8.745s
2026-10-01 03:06:06,781 INFO  com.leejean.m3.M3Function                                    [] - [M3] Device A training epoch 74/300: train loss=1.3238636093981124, early-stop loss=0.054161206713851016, 9.408s
2026-10-01 03:06:14,379 INFO  com.leejean.m3.M3Function                                    [] - [M3] Device E training epoch 74/300: train loss=1.0293379865788126, early-stop loss=0.03675071992227524, 9.81s
2026-10-01 03:06:16,241 INFO  com.leejean.m3.M3Function                                    [] - [M3] Device A training epoch 75/300: train loss=1.3136371139217826, early-stop loss=0.054489603249438114, 9.46s
2026-10-01 03:06:23,685 INFO  com.leejean.m3.M3Function                                    [] - [M3] Device E training epoch 75/300: train loss=0.785797755218841, early-stop loss=0.03397678372497466, 9.306s
2026-10-01 03:06:25,332 INFO  com.leejean.m3.M3Function                                    [] - [M3] Device A training epoch 76/300: train loss=1.4196519993683872, early-stop loss=0.06168256927179175, 9.091s
2026-10-01 03:06:32,756 INFO  com.leejean.m3.M3Function                                    [] - [M3] Device E training epoch 76/300: train loss=0.7683034591578148, early-stop loss=0.03260876474161794, 9.071s
2026-10-01 03:06:34,801 INFO  com.leejean.m3.M3Function                                    [] - [M3] Device A training epoch 77/300: train loss=1.611626874699312, early-stop loss=0.048268454115558274, 9.469s
2026-10-01 03:06:41,977 INFO  com.leejean.m3.M3Function                                    [] - [M3] Device E training epoch 77/300: train loss=0.7322988529463071, early-stop loss=0.03299980095830523, 9.221s
2026-10-01 03:06:44,059 INFO  com.leejean.m3.M3Function                                    [] - [M3] Device A training epoch 78/300: train loss=1.3375919277177137, early-stop loss=0.05892492763581598, 9.258s
2026-10-01 03:06:51,706 INFO  com.leejean.m3.M3Function                                    [] - [M3] Device E training epoch 78/300: train loss=0.7469159491964288, early-stop loss=0.033536294435632545, 9.728s
2026-10-01 03:06:53,277 INFO  com.leejean.m3.M3Function                                    [] - [M3] Device A training epoch 79/300: train loss=1.7764798458884745, early-stop loss=0.07058825048193978, 9.218s
2026-10-01 03:06:53,906 INFO  com.leejean.m3.M3Function                                    [] - [M3] Device A trained: hidden=60, window=60, batch=64, 79 epochs (last improvement at epoch 59, longest plateau 13), early-stop loss=0.07058825048193978, 985.835s
2026-10-01 03:07:02,063 INFO  com.leejean.m3.M3Function                                    [] - [M3] Device E training epoch 79/300: train loss=0.8281535420466113, early-stop loss=0.029890546004033118, 10.357s
2026-10-01 03:07:11,795 INFO  com.leejean.m3.M3Function                                    [] - [M3] Device A calibrated: median=0.28964725357708143, IQR=0.30194876207512816, threshold=2.22
2026-10-01 03:07:11,795 INFO  com.leejean.m3.M3Function                                    [] - [M3] Device A entering ONLINE
2026-10-01 03:07:12,435 INFO  com.leejean.m3.M3Function                                    [] - [M3] Device E training epoch 80/300: train loss=0.847807725579352, early-stop loss=0.03613963198732593, 10.372s
2026-10-01 03:07:21,108 INFO  com.leejean.m3.M3Function                                    [] - [M3] Device E training epoch 81/300: train loss=0.8023945236528243, early-stop loss=0.03220663290273986, 8.673s
2026-10-01 03:07:28,805 INFO  com.leejean.m3.M3Function                                    [] - [M3] Device E training epoch 82/300: train loss=0.8747038155794143, early-stop loss=0.035273953044474435, 7.697s
2026-10-01 03:07:36,694 INFO  com.leejean.m3.M3Function                                    [] - [M3] Device E training epoch 83/300: train loss=1.029088475253131, early-stop loss=0.035989077578618175, 7.889s
2026-10-01 03:07:44,368 INFO  com.leejean.m3.M3Function                                    [] - [M3] Device E training epoch 84/300: train loss=1.0150607188005705, early-stop loss=0.031485403476704095, 7.674s
2026-10-01 03:07:52,043 INFO  com.leejean.m3.M3Function                                    [] - [M3] Device E training epoch 85/300: train loss=0.9906920279200012, early-stop loss=0.03637809074857112, 7.675s
2026-10-01 03:07:59,887 INFO  com.leejean.m3.M3Function                                    [] - [M3] Device E training epoch 86/300: train loss=1.1498790980190843, early-stop loss=0.036048167674260556, 7.844s
2026-10-01 03:08:07,949 INFO  com.leejean.m3.M3Function                                    [] - [M3] Device E training epoch 87/300: train loss=0.809271262304203, early-stop loss=0.03168559883008556, 8.062s
2026-10-01 03:08:15,324 INFO  com.leejean.m3.M3Function                                    [] - [M3] Device E training epoch 88/300: train loss=0.6205589555002547, early-stop loss=0.03231051690312717, 7.375s
2026-10-01 03:08:23,482 INFO  com.leejean.m3.M3Function                                    [] - [M3] Device E training epoch 89/300: train loss=0.5444232658357233, early-stop loss=0.02928941927155216, 8.158s
2026-10-01 03:08:31,503 INFO  com.leejean.m3.M3Function                                    [] - [M3] Device E training epoch 90/300: train loss=0.4969776800355396, early-stop loss=0.029325914871622775, 8.02s
2026-10-01 03:08:39,259 INFO  com.leejean.m3.M3Function                                    [] - [M3] Device E training epoch 91/300: train loss=0.4687075139300243, early-stop loss=0.031047329111246944, 7.756s
2026-10-01 03:08:47,298 INFO  com.leejean.m3.M3Function                                    [] - [M3] Device E training epoch 92/300: train loss=0.46297245162564354, early-stop loss=0.028251802400570444, 8.039s
2026-10-01 03:08:55,016 INFO  com.leejean.m3.M3Function                                    [] - [M3] Device E training epoch 93/300: train loss=0.45619289564925275, early-stop loss=0.029720982234486475, 7.718s
2026-10-01 03:09:03,328 INFO  com.leejean.m3.M3Function                                    [] - [M3] Device E training epoch 94/300: train loss=0.40224420271209776, early-stop loss=0.028625132718151383, 8.312s
2026-10-01 03:09:11,111 INFO  com.leejean.m3.M3Function                                    [] - [M3] Device E training epoch 95/300: train loss=0.4192169188244923, early-stop loss=0.02886994066259995, 7.783s
2026-10-01 03:09:18,820 INFO  com.leejean.m3.M3Function                                    [] - [M3] Device E training epoch 96/300: train loss=0.42353811860084534, early-stop loss=0.028283766829169735, 7.709s
2026-10-01 03:09:26,736 INFO  com.leejean.m3.M3Function                                    [] - [M3] Device E training epoch 97/300: train loss=0.43349691544835633, early-stop loss=0.02860518769915801, 7.916s
2026-10-01 03:09:34,600 INFO  com.leejean.m3.M3Function                                    [] - [M3] Device E training epoch 98/300: train loss=0.5211415452328889, early-stop loss=0.027958825545362817, 7.864s
2026-10-01 03:09:42,484 INFO  com.leejean.m3.M3Function                                    [] - [M3] Device E training epoch 99/300: train loss=0.7785325350390898, early-stop loss=0.029920608533115043, 7.884s
2026-10-01 03:09:50,102 INFO  com.leejean.m3.M3Function                                    [] - [M3] Device E training epoch 100/300: train loss=0.8776387762781739, early-stop loss=0.031250935201414726, 7.618s
2026-10-01 03:09:57,964 INFO  com.leejean.m3.M3Function                                    [] - [M3] Device E training epoch 101/300: train loss=0.6708608744112221, early-stop loss=0.029928370035317533, 7.862s
2026-10-01 03:10:05,765 INFO  com.leejean.m3.M3Function                                    [] - [M3] Device E training epoch 102/300: train loss=0.7400263139122242, early-stop loss=0.03466753834226867, 7.801s
2026-10-01 03:10:13,490 INFO  com.leejean.m3.M3Function                                    [] - [M3] Device E training epoch 103/300: train loss=0.8986610720286498, early-stop loss=0.03464252788761461, 7.725s
2026-10-01 03:10:21,643 INFO  com.leejean.m3.M3Function                                    [] - [M3] Device E training epoch 104/300: train loss=0.9955708663205843, early-stop loss=0.03001370669527879, 8.153s
2026-10-01 03:10:29,386 INFO  com.leejean.m3.M3Function                                    [] - [M3] Device E training epoch 105/300: train loss=0.8892084839376243, early-stop loss=0.03521756108176231, 7.743s
2026-10-01 03:10:37,130 INFO  com.leejean.m3.M3Function                                    [] - [M3] Device E training epoch 106/300: train loss=0.6832306548147589, early-stop loss=0.03324687324447217, 7.744s
2026-10-01 03:10:44,993 INFO  com.leejean.m3.M3Function                                    [] - [M3] Device E training epoch 107/300: train loss=0.6880988752922496, early-stop loss=0.030003059053586786, 7.863s
2026-10-01 03:10:52,981 INFO  com.leejean.m3.M3Function                                    [] - [M3] Device E training epoch 108/300: train loss=0.6619996086568446, early-stop loss=0.0338504016450198, 7.988s
2026-10-01 03:11:00,347 INFO  com.leejean.m3.M3Function                                    [] - [M3] Device E training epoch 109/300: train loss=0.8842980205207259, early-stop loss=0.03631259907045923, 7.366s
2026-10-01 03:11:08,564 INFO  com.leejean.m3.M3Function                                    [] - [M3] Device E training epoch 110/300: train loss=0.795918121933937, early-stop loss=0.029180521493294902, 8.217s
2026-10-01 03:11:16,388 INFO  com.leejean.m3.M3Function                                    [] - [M3] Device E training epoch 111/300: train loss=0.8822337994704376, early-stop loss=0.03525980995052895, 7.824s
2026-10-01 03:11:24,054 INFO  com.leejean.m3.M3Function                                    [] - [M3] Device E training epoch 112/300: train loss=1.0718405150883905, early-stop loss=0.03473721784210805, 7.666s
2026-10-01 03:11:32,282 INFO  com.leejean.m3.M3Function                                    [] - [M3] Device E training epoch 113/300: train loss=1.16603501515614, early-stop loss=0.03746197171134358, 8.227s
2026-10-01 03:11:39,775 INFO  com.leejean.m3.M3Function                                    [] - [M3] Device E training epoch 114/300: train loss=1.2559860173914885, early-stop loss=0.032696313868096995, 7.493s
2026-10-01 03:11:47,750 INFO  com.leejean.m3.M3Function                                    [] - [M3] Device E training epoch 115/300: train loss=1.1196548258130614, early-stop loss=0.039142726379471436, 7.975s
2026-10-01 03:11:55,556 INFO  com.leejean.m3.M3Function                                    [] - [M3] Device E training epoch 116/300: train loss=1.3203317584218204, early-stop loss=0.0445025755222713, 7.805s
2026-10-01 03:12:03,596 INFO  com.leejean.m3.M3Function                                    [] - [M3] Device E training epoch 117/300: train loss=1.5012361457218997, early-stop loss=0.042268249163975986, 8.04s
2026-10-01 03:12:11,448 INFO  com.leejean.m3.M3Function                                    [] - [M3] Device E training epoch 118/300: train loss=1.3421290785074234, early-stop loss=0.030497488740066185, 7.852s
2026-10-01 03:12:12,018 INFO  com.leejean.m3.M3Function                                    [] - [M3] Device E trained: hidden=60, window=60, batch=64, 118 epochs (last improvement at epoch 98, longest plateau 9), early-stop loss=0.030497488740066185, 1304.478s
2026-10-01 03:12:25,811 INFO  com.leejean.m3.M3Function                                    [] - [M3] Device E calibrated: median=0.1468591090747182, IQR=0.205683642276333, threshold=2.22
2026-10-01 03:12:25,811 INFO  com.leejean.m3.M3Function                                    [] - [M3] Device E entering ONLINE
2026-10-01 03:12:26,077 WARN  org.apache.flink.streaming.runtime.tasks.SubtaskCheckpointCoordinatorImpl [] - Time from receiving all checkpoint barriers/RPC to executing it exceeded threshold: 1298638ms
2026-10-01 03:12:26,086 INFO  org.apache.kafka.clients.FetchSessionHandler                 [] - [Consumer clientId=consumer-m2-job-6f236608-8, groupId=m2-job-6f236608] Error sending fetch request (sessionId=1828456393, epoch=159740) to node 3:
org.apache.kafka.common.errors.DisconnectException: null
2026-10-01 03:12:26,122 INFO  org.apache.kafka.clients.FetchSessionHandler                 [] - [Consumer clientId=consumer-m2-job-6f236608-6, groupId=m2-job-6f236608] Error sending fetch request (sessionId=603522061, epoch=163417) to node 3:
org.apache.kafka.common.errors.DisconnectException: null
2026-10-01 03:12:26,119 INFO  org.apache.kafka.clients.FetchSessionHandler                 [] - [Consumer clientId=consumer-m2-job-6f236608-7, groupId=m2-job-6f236608] Error sending fetch request (sessionId=682316134, epoch=157067) to node 1:
org.apache.kafka.common.errors.DisconnectException: null
2026-10-01 03:12:26,181 INFO  org.apache.kafka.clients.FetchSessionHandler                 [] - [Consumer clientId=consumer-m2-job-6f236608-5, groupId=m2-job-6f236608] Error sending fetch request (sessionId=2056820842, epoch=159177) to node 1:
org.apache.kafka.common.errors.DisconnectException: null
2026-10-01 03:12:26,560 INFO  com.leejean.m3.M3Function                                    [] - [M3] Device C (subtask 1) entering TRAINING: 992 train windows (16 excluded by outlier sanitization), 288 early-stop windows
2026-10-01 03:12:37,068 INFO  com.leejean.m3.M3Function                                    [] - [M3] Device C training epoch 1/300: train loss=102.59910507202147, early-stop loss=1.1746606289807842, 10.473s
2026-10-01 03:12:44,833 INFO  com.leejean.m3.M3Function                                    [] - [M3] Device C training epoch 2/300: train loss=48.32789406776428, early-stop loss=0.6494777635992448, 7.765s
2026-10-01 03:12:52,784 INFO  com.leejean.m3.M3Function                                    [] - [M3] Device C training epoch 3/300: train loss=33.823187947273254, early-stop loss=0.42014235327835986, 7.951s
2026-10-01 03:13:00,469 INFO  com.leejean.m3.M3Function                                    [] - [M3] Device C training epoch 4/300: train loss=24.583372950553894, early-stop loss=0.32425750515514595, 7.685s
2026-10-01 03:13:08,421 INFO  com.leejean.m3.M3Function                                    [] - [M3] Device C training epoch 5/300: train loss=18.972635316848752, early-stop loss=0.31732011589907194, 7.952s
2026-10-01 03:13:16,019 INFO  com.leejean.m3.M3Function                                    [] - [M3] Device C training epoch 6/300: train loss=15.729385876655579, early-stop loss=0.31990950370753896, 7.598s
2026-10-01 03:13:24,056 INFO  com.leejean.m3.M3Function                                    [] - [M3] Device C training epoch 7/300: train loss=13.761458420753478, early-stop loss=0.257068984112174, 8.036s
2026-10-01 03:13:31,662 INFO  com.leejean.m3.M3Function                                    [] - [M3] Device C training epoch 8/300: train loss=10.135952639579774, early-stop loss=0.28363163146683285, 7.606s
2026-10-01 03:13:39,648 INFO  com.leejean.m3.M3Function                                    [] - [M3] Device C training epoch 9/300: train loss=9.135680961608887, early-stop loss=0.19694158341588075, 7.986s
2026-10-01 03:13:47,519 INFO  com.leejean.m3.M3Function                                    [] - [M3] Device C training epoch 10/300: train loss=8.095871877670287, early-stop loss=0.17728856635041554, 7.871s
2026-10-01 03:13:55,602 INFO  com.leejean.m3.M3Function                                    [] - [M3] Device C training epoch 11/300: train loss=8.638390445709227, early-stop loss=0.2577644584190495, 8.082s
2026-10-01 03:14:03,709 INFO  com.leejean.m3.M3Function                                    [] - [M3] Device C training epoch 12/300: train loss=7.615602552890778, early-stop loss=0.32658527277333976, 8.107s
2026-10-01 03:14:11,295 INFO  com.leejean.m3.M3Function                                    [] - [M3] Device C training epoch 13/300: train loss=7.249460291862488, early-stop loss=0.4206342658725513, 7.585s
2026-10-01 03:14:19,333 INFO  com.leejean.m3.M3Function                                    [] - [M3] Device C training epoch 14/300: train loss=9.299148297309875, early-stop loss=0.2818640161810588, 8.038s
2026-10-01 03:14:26,864 INFO  com.leejean.m3.M3Function                                    [] - [M3] Device C training epoch 15/300: train loss=6.701828241348267, early-stop loss=0.35799021080716, 7.531s
2026-10-01 03:14:34,841 INFO  com.leejean.m3.M3Function                                    [] - [M3] Device C training epoch 16/300: train loss=7.219249653816222, early-stop loss=0.36031772516576904, 7.977s
2026-10-01 03:14:42,426 INFO  com.leejean.m3.M3Function                                    [] - [M3] Device C training epoch 17/300: train loss=7.393279504776001, early-stop loss=0.2393898830574989, 7.585s
2026-10-01 03:14:50,481 INFO  com.leejean.m3.M3Function                                    [] - [M3] Device C training epoch 18/300: train loss=6.166752612590789, early-stop loss=0.32429427550248224, 8.055s
2026-10-01 03:14:58,040 INFO  com.leejean.m3.M3Function                                    [] - [M3] Device C training epoch 19/300: train loss=5.071665644645691, early-stop loss=0.22003741670091376, 7.559s
2026-10-01 03:15:05,905 INFO  com.leejean.m3.M3Function                                    [] - [M3] Device C training epoch 20/300: train loss=4.523603141307831, early-stop loss=0.18869524804406912, 7.865s
2026-10-01 03:15:13,430 INFO  com.leejean.m3.M3Function                                    [] - [M3] Device C training epoch 21/300: train loss=4.4610236287117, early-stop loss=0.1979508303143509, 7.524s
2026-10-01 03:15:21,582 INFO  com.leejean.m3.M3Function                                    [] - [M3] Device C training epoch 22/300: train loss=4.191294634342194, early-stop loss=0.2790532081885082, 8.151s
2026-10-01 03:15:29,193 INFO  com.leejean.m3.M3Function                                    [] - [M3] Device C training epoch 23/300: train loss=4.028538292646408, early-stop loss=0.2720528310731616, 7.611s
2026-10-01 03:15:37,011 INFO  com.leejean.m3.M3Function                                    [] - [M3] Device C training epoch 24/300: train loss=3.8591522276401524, early-stop loss=0.17122258664489298, 7.818s
2026-10-01 03:15:45,268 INFO  com.leejean.m3.M3Function                                    [] - [M3] Device C training epoch 25/300: train loss=10.133843785524368, early-stop loss=0.1492341512076895, 8.257s
2026-10-01 03:15:52,723 INFO  com.leejean.m3.M3Function                                    [] - [M3] Device C training epoch 26/300: train loss=14.088269233703615, early-stop loss=0.4207355379289486, 7.455s
2026-10-01 03:16:00,543 INFO  com.leejean.m3.M3Function                                    [] - [M3] Device C training epoch 27/300: train loss=14.170514845848084, early-stop loss=0.15289630485370054, 7.82s
2026-10-01 03:16:08,078 INFO  com.leejean.m3.M3Function                                    [] - [M3] Device C training epoch 28/300: train loss=7.833073663711549, early-stop loss=0.26215020911332565, 7.535s
2026-10-01 03:16:15,822 INFO  com.leejean.m3.M3Function                                    [] - [M3] Device C training epoch 29/300: train loss=10.723128378391266, early-stop loss=0.397075451588091, 7.743s
2026-10-01 03:16:24,073 INFO  com.leejean.m3.M3Function                                    [] - [M3] Device C training epoch 30/300: train loss=7.59072140455246, early-stop loss=0.2138110193422148, 8.251s
2026-10-01 03:16:31,880 INFO  com.leejean.m3.M3Function                                    [] - [M3] Device C training epoch 31/300: train loss=6.262992191314698, early-stop loss=0.20403590431950824, 7.807s
2026-10-01 03:16:39,646 INFO  com.leejean.m3.M3Function                                    [] - [M3] Device C training epoch 32/300: train loss=5.80425226688385, early-stop loss=0.15184323910309788, 7.766s
2026-10-01 03:16:47,411 INFO  com.leejean.m3.M3Function                                    [] - [M3] Device C training epoch 33/300: train loss=4.858084309101105, early-stop loss=0.14756927897843672, 7.765s
2026-10-01 03:16:55,673 INFO  com.leejean.m3.M3Function                                    [] - [M3] Device C training epoch 34/300: train loss=4.741784751415253, early-stop loss=0.15441396485225958, 8.262s
2026-10-01 03:17:03,114 INFO  com.leejean.m3.M3Function                                    [] - [M3] Device C training epoch 35/300: train loss=3.8896799683570857, early-stop loss=0.19989346022366467, 7.44s
2026-10-01 03:17:11,028 INFO  com.leejean.m3.M3Function                                    [] - [M3] Device C training epoch 36/300: train loss=3.5157419085502624, early-stop loss=0.17753452527450808, 7.914s
2026-10-01 03:17:19,019 INFO  com.leejean.m3.M3Function                                    [] - [M3] Device C training epoch 37/300: train loss=3.2864599227905273, early-stop loss=0.15209529853090448, 7.991s
2026-10-01 03:17:27,080 INFO  com.leejean.m3.M3Function                                    [] - [M3] Device C training epoch 38/300: train loss=2.9140688419342045, early-stop loss=0.13505130579173963, 8.061s
2026-10-01 03:17:34,927 INFO  com.leejean.m3.M3Function                                    [] - [M3] Device C training epoch 39/300: train loss=2.7195369780063627, early-stop loss=0.14200028832740635, 7.847s
2026-10-01 03:17:42,493 INFO  com.leejean.m3.M3Function                                    [] - [M3] Device C training epoch 40/300: train loss=2.548843598365784, early-stop loss=0.12132137325358038, 7.566s
2026-10-01 03:17:50,953 INFO  com.leejean.m3.M3Function                                    [] - [M3] Device C training epoch 41/300: train loss=2.3004911065101625, early-stop loss=0.12023755174877977, 8.46s
2026-10-01 03:17:58,630 INFO  com.leejean.m3.M3Function                                    [] - [M3] Device C training epoch 42/300: train loss=2.147096449136734, early-stop loss=0.1277495894147536, 7.677s
2026-10-01 03:18:06,266 INFO  com.leejean.m3.M3Function                                    [] - [M3] Device C training epoch 43/300: train loss=1.994896239042282, early-stop loss=0.1102751748864952, 7.636s
2026-10-01 03:18:13,915 INFO  com.leejean.m3.M3Function                                    [] - [M3] Device C training epoch 44/300: train loss=1.9684053897857665, early-stop loss=0.12412907945827165, 7.649s
2026-10-01 03:18:22,271 INFO  com.leejean.m3.M3Function                                    [] - [M3] Device C training epoch 45/300: train loss=2.124611335992813, early-stop loss=0.1373093611582391, 8.356s
2026-10-01 03:18:29,912 INFO  com.leejean.m3.M3Function                                    [] - [M3] Device C training epoch 46/300: train loss=1.8712974011898043, early-stop loss=0.11931100215022229, 7.641s
2026-10-01 03:18:37,648 INFO  com.leejean.m3.M3Function                                    [] - [M3] Device C training epoch 47/300: train loss=1.9220986664295199, early-stop loss=0.11752660739845511, 7.736s
2026-10-01 03:18:45,179 INFO  com.leejean.m3.M3Function                                    [] - [M3] Device C training epoch 48/300: train loss=2.084220379590988, early-stop loss=0.12181702747741675, 7.531s
2026-10-01 03:18:52,906 INFO  com.leejean.m3.M3Function                                    [] - [M3] Device C training epoch 49/300: train loss=2.2031583786010747, early-stop loss=0.1135862494399401, 7.727s
2026-10-01 03:19:01,394 INFO  com.leejean.m3.M3Function                                    [] - [M3] Device C training epoch 50/300: train loss=2.625525867938995, early-stop loss=0.12698117075388768, 8.488s
2026-10-01 03:19:09,098 INFO  com.leejean.m3.M3Function                                    [] - [M3] Device C training epoch 51/300: train loss=2.8220787525177, early-stop loss=0.24789810272725887, 7.704s
2026-10-01 03:19:16,883 INFO  com.leejean.m3.M3Function                                    [] - [M3] Device C training epoch 52/300: train loss=2.1604092657566074, early-stop loss=0.21908695240627954, 7.785s
2026-10-01 03:19:24,653 INFO  com.leejean.m3.M3Function                                    [] - [M3] Device C training epoch 53/300: train loss=2.0218569517135623, early-stop loss=0.19386199019009195, 7.77s
2026-10-01 03:19:32,242 INFO  com.leejean.m3.M3Function                                    [] - [M3] Device C training epoch 54/300: train loss=2.100345829129219, early-stop loss=0.20439868466460587, 7.589s
2026-10-01 03:19:40,446 INFO  com.leejean.m3.M3Function                                    [] - [M3] Device C training epoch 55/300: train loss=2.09930294752121, early-stop loss=0.18632290900274487, 8.204s
2026-10-01 03:19:48,217 INFO  com.leejean.m3.M3Function                                    [] - [M3] Device C training epoch 56/300: train loss=2.0501290023326875, early-stop loss=0.18118623197498496, 7.771s
2026-10-01 03:19:55,877 INFO  com.leejean.m3.M3Function                                    [] - [M3] Device C training epoch 57/300: train loss=1.9115245699882506, early-stop loss=0.18484042733970302, 7.66s
2026-10-01 03:20:03,838 INFO  com.leejean.m3.M3Function                                    [] - [M3] Device C training epoch 58/300: train loss=1.8882746279239655, early-stop loss=0.18597087093083564, 7.961s
2026-10-01 03:20:11,412 INFO  com.leejean.m3.M3Function                                    [] - [M3] Device C training epoch 59/300: train loss=1.8736267387866976, early-stop loss=0.1858908587420406, 7.574s
2026-10-01 03:20:19,254 INFO  com.leejean.m3.M3Function                                    [] - [M3] Device C training epoch 60/300: train loss=1.875076824426651, early-stop loss=0.1859025830142783, 7.842s
2026-10-01 03:20:27,709 INFO  com.leejean.m3.M3Function                                    [] - [M3] Device C training epoch 61/300: train loss=1.8337047547101977, early-stop loss=0.18360455341265794, 8.455s
2026-10-01 03:20:35,452 INFO  com.leejean.m3.M3Function                                    [] - [M3] Device C training epoch 62/300: train loss=1.8590789914131165, early-stop loss=0.18441870018413212, 7.743s
2026-10-01 03:20:43,135 INFO  com.leejean.m3.M3Function                                    [] - [M3] Device C training epoch 63/300: train loss=1.9569326817989352, early-stop loss=0.18379850892708893, 7.683s
2026-10-01 03:20:43,970 INFO  com.leejean.m3.M3Function                                    [] - [M3] Device C trained: hidden=60, window=60, batch=64, 63 epochs (last improvement at epoch 43, longest plateau 13), early-stop loss=0.18379850892708893, 497.41s
2026-10-01 03:20:57,219 INFO  com.leejean.m3.M3Function                                    [] - [M3] Device C calibrated: median=0.3116497288611778, IQR=0.34791219469098955, threshold=2.22
2026-10-01 03:20:57,219 INFO  com.leejean.m3.M3Function                                    [] - [M3] Device C entering ONLINE
2026-10-01 03:21:06,787 INFO  com.leejean.m3.M3Function                                    [] - [M3] Device H (subtask 2) entering TRAINING: 1005 train windows (3 excluded by outlier sanitization), 288 early-stop windows
2026-10-01 03:21:17,029 INFO  org.apache.flink.runtime.taskmanager.Task                    [] - Attempting to cancel task Source: Custom Source -> Kafka Source [synergia-source] -> RawLineParser (2/8)#0 (c72b7d942c9797bc330e9fe194c79fc5).
2026-10-01 03:21:17,030 INFO  org.apache.flink.runtime.taskmanager.Task                    [] - Source: Custom Source -> Kafka Source [synergia-source] -> RawLineParser (2/8)#0 (c72b7d942c9797bc330e9fe194c79fc5) switched from RUNNING to CANCELING.
2026-10-01 03:21:17,030 INFO  org.apache.flink.runtime.taskmanager.Task                    [] - Triggering cancellation of task code Source: Custom Source -> Kafka Source [synergia-source] -> RawLineParser (2/8)#0 (c72b7d942c9797bc330e9fe194c79fc5).
2026-10-01 03:21:17,043 INFO  org.apache.flink.runtime.taskmanager.Task                    [] - Source: Custom Source -> Kafka Source [synergia-source] -> RawLineParser (2/8)#0 (c72b7d942c9797bc330e9fe194c79fc5) switched from CANCELING to CANCELED.
2026-10-01 03:21:17,043 INFO  org.apache.flink.runtime.taskmanager.Task                    [] - Freeing task resources for Source: Custom Source -> Kafka Source [synergia-source] -> RawLineParser (2/8)#0 (c72b7d942c9797bc330e9fe194c79fc5).
2026-10-01 03:21:17,044 INFO  org.apache.flink.runtime.taskmanager.Task                    [] - Attempting to cancel task Source: Custom Source -> Kafka Source [synergia-source] -> RawLineParser (3/8)#0 (67128aa4be111a0e7bd31edf9fe47a18).
2026-10-01 03:21:17,044 INFO  org.apache.flink.runtime.taskmanager.Task                    [] - Source: Custom Source -> Kafka Source [synergia-source] -> RawLineParser (3/8)#0 (67128aa4be111a0e7bd31edf9fe47a18) switched from RUNNING to CANCELING.
2026-10-01 03:21:17,044 INFO  org.apache.flink.runtime.taskmanager.Task                    [] - Triggering cancellation of task code Source: Custom Source -> Kafka Source [synergia-source] -> RawLineParser (3/8)#0 (67128aa4be111a0e7bd31edf9fe47a18).
2026-10-01 03:21:17,051 INFO  org.apache.flink.runtime.taskmanager.Task                    [] - Attempting to cancel task Source: Custom Source -> Kafka Source [synergia-source] -> RawLineParser (6/8)#0 (82fcb2a78389a914fee2498e26c8f114).
2026-10-01 03:21:17,051 INFO  org.apache.flink.runtime.taskmanager.Task                    [] - Source: Custom Source -> Kafka Source [synergia-source] -> RawLineParser (6/8)#0 (82fcb2a78389a914fee2498e26c8f114) switched from RUNNING to CANCELING.
2026-10-01 03:21:17,051 INFO  org.apache.flink.runtime.taskmanager.Task                    [] - Triggering cancellation of task code Source: Custom Source -> Kafka Source [synergia-source] -> RawLineParser (6/8)#0 (82fcb2a78389a914fee2498e26c8f114).
2026-10-01 03:21:17,055 INFO  org.apache.flink.runtime.taskmanager.Task                    [] - Attempting to cancel task Source: Custom Source -> Kafka Source [synergia-source] -> RawLineParser (7/8)#0 (e3fe24baf1efbb55f3b0236954b28c6b).
2026-10-01 03:21:17,055 INFO  org.apache.flink.runtime.taskmanager.Task                    [] - Source: Custom Source -> Kafka Source [synergia-source] -> RawLineParser (7/8)#0 (e3fe24baf1efbb55f3b0236954b28c6b) switched from RUNNING to CANCELING.
2026-10-01 03:21:17,055 INFO  org.apache.flink.runtime.taskmanager.Task                    [] - Triggering cancellation of task code Source: Custom Source -> Kafka Source [synergia-source] -> RawLineParser (7/8)#0 (e3fe24baf1efbb55f3b0236954b28c6b).
2026-10-01 03:21:17,056 INFO  org.apache.flink.runtime.taskmanager.Task                    [] - Source: Custom Source -> Kafka Source [synergia-source] -> RawLineParser (6/8)#0 (82fcb2a78389a914fee2498e26c8f114) switched from CANCELING to CANCELED.
2026-10-01 03:21:17,056 INFO  org.apache.flink.runtime.taskmanager.Task                    [] - Freeing task resources for Source: Custom Source -> Kafka Source [synergia-source] -> RawLineParser (6/8)#0 (82fcb2a78389a914fee2498e26c8f114).
2026-10-01 03:21:17,061 INFO  org.apache.flink.runtime.taskmanager.Task                    [] - Source: Custom Source -> Kafka Source [synergia-source] -> RawLineParser (3/8)#0 (67128aa4be111a0e7bd31edf9fe47a18) switched from CANCELING to CANCELED.
2026-10-01 03:21:17,061 INFO  org.apache.flink.runtime.taskmanager.Task                    [] - Freeing task resources for Source: Custom Source -> Kafka Source [synergia-source] -> RawLineParser (3/8)#0 (67128aa4be111a0e7bd31edf9fe47a18).
2026-10-01 03:21:17,075 INFO  org.apache.flink.runtime.taskmanager.Task                    [] - Attempting to cancel task RoundAssembler -> AlignEventTime (2/8)#0 (d50240a6ca94d749aa6b1bb9fe753c7e).
2026-10-01 03:21:17,075 INFO  org.apache.flink.runtime.taskmanager.Task                    [] - RoundAssembler -> AlignEventTime (2/8)#0 (d50240a6ca94d749aa6b1bb9fe753c7e) switched from RUNNING to CANCELING.
2026-10-01 03:21:17,075 INFO  org.apache.flink.runtime.taskmanager.Task                    [] - Triggering cancellation of task code RoundAssembler -> AlignEventTime (2/8)#0 (d50240a6ca94d749aa6b1bb9fe753c7e).
2026-10-01 03:21:17,079 INFO  org.apache.flink.runtime.taskmanager.Task                    [] - Attempting to cancel task RoundAssembler -> AlignEventTime (3/8)#0 (20fbdeba36ed87a839b6e7a3ed8d3853).
2026-10-01 03:21:17,079 INFO  org.apache.flink.runtime.taskmanager.Task                    [] - RoundAssembler -> AlignEventTime (3/8)#0 (20fbdeba36ed87a839b6e7a3ed8d3853) switched from RUNNING to CANCELING.
2026-10-01 03:21:17,079 INFO  org.apache.flink.runtime.taskmanager.Task                    [] - Triggering cancellation of task code RoundAssembler -> AlignEventTime (3/8)#0 (20fbdeba36ed87a839b6e7a3ed8d3853).
2026-10-01 03:21:17,083 INFO  org.apache.flink.runtime.taskmanager.Task                    [] - RoundAssembler -> AlignEventTime (3/8)#0 (20fbdeba36ed87a839b6e7a3ed8d3853) switched from CANCELING to CANCELED.
2026-10-01 03:21:17,083 INFO  org.apache.flink.runtime.taskmanager.Task                    [] - Freeing task resources for RoundAssembler -> AlignEventTime (3/8)#0 (20fbdeba36ed87a839b6e7a3ed8d3853).
2026-10-01 03:21:17,085 INFO  org.apache.flink.runtime.taskmanager.Task                    [] - Attempting to cancel task RoundAssembler -> AlignEventTime (6/8)#0 (9917c8c583ee63ecaeea47232294107d).
2026-10-01 03:21:17,085 INFO  org.apache.flink.runtime.taskmanager.Task                    [] - RoundAssembler -> AlignEventTime (6/8)#0 (9917c8c583ee63ecaeea47232294107d) switched from RUNNING to CANCELING.
2026-10-01 03:21:17,085 INFO  org.apache.flink.runtime.taskmanager.Task                    [] - Triggering cancellation of task code RoundAssembler -> AlignEventTime (6/8)#0 (9917c8c583ee63ecaeea47232294107d).
2026-10-01 03:21:17,086 INFO  org.apache.flink.runtime.taskmanager.Task                    [] - RoundAssembler -> AlignEventTime (6/8)#0 (9917c8c583ee63ecaeea47232294107d) switched from CANCELING to CANCELED.
2026-10-01 03:21:17,086 INFO  org.apache.flink.runtime.taskmanager.Task                    [] - Attempting to cancel task RoundAssembler -> AlignEventTime (7/8)#0 (90901828a1d4a8a7c7cdcb1da75fdad8).
2026-10-01 03:21:17,086 INFO  org.apache.flink.runtime.taskmanager.Task                    [] - Freeing task resources for RoundAssembler -> AlignEventTime (6/8)#0 (9917c8c583ee63ecaeea47232294107d).
2026-10-01 03:21:17,086 INFO  org.apache.flink.runtime.taskmanager.Task                    [] - RoundAssembler -> AlignEventTime (7/8)#0 (90901828a1d4a8a7c7cdcb1da75fdad8) switched from RUNNING to CANCELING.
2026-10-01 03:21:17,086 INFO  org.apache.flink.runtime.taskmanager.Task                    [] - Triggering cancellation of task code RoundAssembler -> AlignEventTime (7/8)#0 (90901828a1d4a8a7c7cdcb1da75fdad8).
2026-10-01 03:21:17,087 INFO  org.apache.flink.runtime.taskexecutor.TaskExecutor           [] - Un-registering task and sending final execution state CANCELED to JobManager for task Source: Custom Source -> Kafka Source [synergia-source] -> RawLineParser (2/8)#0 c72b7d942c9797bc330e9fe194c79fc5.
2026-10-01 03:21:17,087 INFO  org.apache.flink.runtime.taskmanager.Task                    [] - RoundAssembler -> AlignEventTime (7/8)#0 (90901828a1d4a8a7c7cdcb1da75fdad8) switched from CANCELING to CANCELED.
2026-10-01 03:21:17,088 INFO  org.apache.flink.runtime.taskmanager.Task                    [] - Freeing task resources for RoundAssembler -> AlignEventTime (7/8)#0 (90901828a1d4a8a7c7cdcb1da75fdad8).
2026-10-01 03:21:17,093 INFO  org.apache.flink.runtime.taskmanager.Task                    [] - RoundAssembler -> AlignEventTime (2/8)#0 (d50240a6ca94d749aa6b1bb9fe753c7e) switched from CANCELING to CANCELED.
2026-10-01 03:21:17,094 INFO  org.apache.flink.runtime.taskmanager.Task                    [] - Freeing task resources for RoundAssembler -> AlignEventTime (2/8)#0 (d50240a6ca94d749aa6b1bb9fe753c7e).
2026-10-01 03:21:17,106 INFO  org.apache.flink.runtime.taskmanager.Task                    [] - Attempting to cancel task RobustScaler (2/8)#0 (4547a37b3f5316ce4df2a5c6c9c18bca).
2026-10-01 03:21:17,106 INFO  org.apache.flink.runtime.taskmanager.Task                    [] - RobustScaler (2/8)#0 (4547a37b3f5316ce4df2a5c6c9c18bca) switched from RUNNING to CANCELING.
2026-10-01 03:21:17,106 INFO  org.apache.flink.runtime.taskmanager.Task                    [] - Triggering cancellation of task code RobustScaler (2/8)#0 (4547a37b3f5316ce4df2a5c6c9c18bca).
2026-10-01 03:21:17,111 INFO  org.apache.flink.runtime.taskmanager.Task                    [] - RobustScaler (2/8)#0 (4547a37b3f5316ce4df2a5c6c9c18bca) switched from CANCELING to CANCELED.
2026-10-01 03:21:17,111 INFO  org.apache.flink.runtime.taskmanager.Task                    [] - Freeing task resources for RobustScaler (2/8)#0 (4547a37b3f5316ce4df2a5c6c9c18bca).
2026-10-01 03:21:17,113 INFO  org.apache.flink.runtime.taskmanager.Task                    [] - Attempting to cancel task RobustScaler (3/8)#0 (775a1bcd4b40f2338a162aa358bb2543).
2026-10-01 03:21:17,113 INFO  org.apache.flink.runtime.taskmanager.Task                    [] - RobustScaler (3/8)#0 (775a1bcd4b40f2338a162aa358bb2543) switched from RUNNING to CANCELING.
2026-10-01 03:21:17,113 INFO  org.apache.flink.runtime.taskmanager.Task                    [] - Triggering cancellation of task code RobustScaler (3/8)#0 (775a1bcd4b40f2338a162aa358bb2543).
2026-10-01 03:21:17,115 INFO  org.apache.flink.runtime.taskmanager.Task                    [] - Source: Custom Source -> Kafka Source [synergia-source] -> RawLineParser (7/8)#0 (e3fe24baf1efbb55f3b0236954b28c6b) switched from CANCELING to CANCELED.
2026-10-01 03:21:17,115 INFO  org.apache.flink.runtime.taskmanager.Task                    [] - Freeing task resources for Source: Custom Source -> Kafka Source [synergia-source] -> RawLineParser (7/8)#0 (e3fe24baf1efbb55f3b0236954b28c6b).
2026-10-01 03:21:17,119 INFO  org.apache.flink.runtime.taskmanager.Task                    [] - RobustScaler (3/8)#0 (775a1bcd4b40f2338a162aa358bb2543) switched from CANCELING to CANCELED.
2026-10-01 03:21:17,119 INFO  org.apache.flink.runtime.taskmanager.Task                    [] - Freeing task resources for RobustScaler (3/8)#0 (775a1bcd4b40f2338a162aa358bb2543).
2026-10-01 03:21:17,129 INFO  org.apache.flink.runtime.taskmanager.Task                    [] - Attempting to cancel task RobustScaler (6/8)#0 (dbe73078dff54e00fa258ae255b2ed5e).
2026-10-01 03:21:17,129 INFO  org.apache.flink.runtime.taskmanager.Task                    [] - RobustScaler (6/8)#0 (dbe73078dff54e00fa258ae255b2ed5e) switched from RUNNING to CANCELING.
2026-10-01 03:21:17,129 INFO  org.apache.flink.runtime.taskmanager.Task                    [] - Triggering cancellation of task code RobustScaler (6/8)#0 (dbe73078dff54e00fa258ae255b2ed5e).
2026-10-01 03:21:17,131 INFO  org.apache.flink.runtime.taskmanager.Task                    [] - RobustScaler (6/8)#0 (dbe73078dff54e00fa258ae255b2ed5e) switched from CANCELING to CANCELED.
2026-10-01 03:21:17,131 INFO  org.apache.flink.runtime.taskmanager.Task                    [] - Freeing task resources for RobustScaler (6/8)#0 (dbe73078dff54e00fa258ae255b2ed5e).
2026-10-01 03:21:17,131 INFO  org.apache.flink.runtime.taskmanager.Task                    [] - Attempting to cancel task RobustScaler (7/8)#0 (41a56faa0c5ef26da4a6304152d2ad1c).
2026-10-01 03:21:17,131 INFO  org.apache.flink.runtime.taskmanager.Task                    [] - RobustScaler (7/8)#0 (41a56faa0c5ef26da4a6304152d2ad1c) switched from RUNNING to CANCELING.
2026-10-01 03:21:17,133 INFO  org.apache.flink.runtime.taskmanager.Task                    [] - Triggering cancellation of task code RobustScaler (7/8)#0 (41a56faa0c5ef26da4a6304152d2ad1c).
2026-10-01 03:21:17,134 INFO  org.apache.flink.runtime.taskmanager.Task                    [] - RobustScaler (7/8)#0 (41a56faa0c5ef26da4a6304152d2ad1c) switched from CANCELING to CANCELED.
2026-10-01 03:21:17,135 INFO  org.apache.flink.runtime.taskmanager.Task                    [] - Freeing task resources for RobustScaler (7/8)#0 (41a56faa0c5ef26da4a6304152d2ad1c).
2026-10-01 03:21:17,141 INFO  org.apache.flink.runtime.taskexecutor.TaskExecutor           [] - Un-registering task and sending final execution state CANCELED to JobManager for task Source: Custom Source -> Kafka Source [synergia-source] -> RawLineParser (6/8)#0 82fcb2a78389a914fee2498e26c8f114.
2026-10-01 03:21:17,142 INFO  org.apache.flink.runtime.taskmanager.Task                    [] - Attempting to cancel task RawCache -> (Sink: Kafka Sink [synergia-m1-out], M2Gate) (2/8)#0 (dd6726b77a0f0dd4a8c392f0e8bf2471).
2026-10-01 03:21:17,142 INFO  org.apache.flink.runtime.taskmanager.Task                    [] - RawCache -> (Sink: Kafka Sink [synergia-m1-out], M2Gate) (2/8)#0 (dd6726b77a0f0dd4a8c392f0e8bf2471) switched from RUNNING to CANCELING.
2026-10-01 03:21:17,142 INFO  org.apache.flink.runtime.taskmanager.Task                    [] - Triggering cancellation of task code RawCache -> (Sink: Kafka Sink [synergia-m1-out], M2Gate) (2/8)#0 (dd6726b77a0f0dd4a8c392f0e8bf2471).
2026-10-01 03:21:17,143 INFO  org.apache.kafka.clients.producer.KafkaProducer              [] - [Producer clientId=producer-8] Closing the Kafka producer with timeoutMillis = 0 ms.
2026-10-01 03:21:17,144 INFO  org.apache.kafka.clients.producer.KafkaProducer              [] - [Producer clientId=producer-8] Proceeding to force close the producer since pending requests could not be completed within timeout 0 ms.
2026-10-01 03:21:17,162 INFO  org.apache.flink.runtime.taskmanager.Task                    [] - Attempting to cancel task RawCache -> (Sink: Kafka Sink [synergia-m1-out], M2Gate) (3/8)#0 (9fef2505298f01b75b56a344bcfe7c2e).
2026-10-01 03:21:17,162 INFO  org.apache.flink.runtime.taskmanager.Task                    [] - RawCache -> (Sink: Kafka Sink [synergia-m1-out], M2Gate) (3/8)#0 (9fef2505298f01b75b56a344bcfe7c2e) switched from RUNNING to CANCELING.
2026-10-01 03:21:17,162 INFO  org.apache.flink.runtime.taskmanager.Task                    [] - Triggering cancellation of task code RawCache -> (Sink: Kafka Sink [synergia-m1-out], M2Gate) (3/8)#0 (9fef2505298f01b75b56a344bcfe7c2e).
2026-10-01 03:21:17,168 INFO  org.apache.kafka.clients.producer.KafkaProducer              [] - [Producer clientId=producer-9] Closing the Kafka producer with timeoutMillis = 0 ms.
2026-10-01 03:21:17,169 INFO  org.apache.kafka.clients.producer.KafkaProducer              [] - [Producer clientId=producer-9] Proceeding to force close the producer since pending requests could not be completed within timeout 0 ms.
2026-10-01 03:21:17,182 INFO  org.apache.flink.runtime.taskmanager.Task                    [] - Attempting to cancel task RawCache -> (Sink: Kafka Sink [synergia-m1-out], M2Gate) (6/8)#0 (8ed7e468f91810dae91173b1aeab607d).
2026-10-01 03:21:17,183 INFO  org.apache.flink.runtime.taskmanager.Task                    [] - RawCache -> (Sink: Kafka Sink [synergia-m1-out], M2Gate) (6/8)#0 (8ed7e468f91810dae91173b1aeab607d) switched from RUNNING to CANCELING.
2026-10-01 03:21:17,183 INFO  org.apache.flink.runtime.taskmanager.Task                    [] - Triggering cancellation of task code RawCache -> (Sink: Kafka Sink [synergia-m1-out], M2Gate) (6/8)#0 (8ed7e468f91810dae91173b1aeab607d).
2026-10-01 03:21:17,187 INFO  org.apache.kafka.clients.producer.KafkaProducer              [] - [Producer clientId=producer-8] Closing the Kafka producer with timeoutMillis = 0 ms.
2026-10-01 03:21:17,187 INFO  org.apache.kafka.clients.producer.KafkaProducer              [] - [Producer clientId=producer-8] Closing the Kafka producer with timeoutMillis = 0 ms.
2026-10-01 03:21:17,188 INFO  org.apache.kafka.clients.producer.KafkaProducer              [] - [Producer clientId=producer-8] Closing the Kafka producer with timeoutMillis = 0 ms.
2026-10-01 03:21:17,188 INFO  org.apache.kafka.clients.producer.KafkaProducer              [] - [Producer clientId=producer-8] Closing the Kafka producer with timeoutMillis = 0 ms.
2026-10-01 03:21:17,188 INFO  org.apache.kafka.clients.producer.KafkaProducer              [] - [Producer clientId=producer-8] Closing the Kafka producer with timeoutMillis = 0 ms.
2026-10-01 03:21:17,188 INFO  org.apache.kafka.clients.producer.KafkaProducer              [] - [Producer clientId=producer-8] Closing the Kafka producer with timeoutMillis = 0 ms.
2026-10-01 03:21:17,189 INFO  org.apache.kafka.clients.producer.KafkaProducer              [] - [Producer clientId=producer-2] Closing the Kafka producer with timeoutMillis = 0 ms.
2026-10-01 03:21:17,191 INFO  org.apache.kafka.clients.producer.KafkaProducer              [] - [Producer clientId=producer-2] Proceeding to force close the producer since pending requests could not be completed within timeout 0 ms.
2026-10-01 03:21:17,189 INFO  org.apache.flink.runtime.taskmanager.Task                    [] - RawCache -> (Sink: Kafka Sink [synergia-m1-out], M2Gate) (2/8)#0 (dd6726b77a0f0dd4a8c392f0e8bf2471) switched from CANCELING to CANCELED.
2026-10-01 03:21:17,192 INFO  org.apache.flink.runtime.taskmanager.Task                    [] - Freeing task resources for RawCache -> (Sink: Kafka Sink [synergia-m1-out], M2Gate) (2/8)#0 (dd6726b77a0f0dd4a8c392f0e8bf2471).
2026-10-01 03:21:17,203 INFO  org.apache.flink.runtime.taskexecutor.TaskExecutor           [] - Un-registering task and sending final execution state CANCELED to JobManager for task Source: Custom Source -> Kafka Source [synergia-source] -> RawLineParser (3/8)#0 67128aa4be111a0e7bd31edf9fe47a18.
2026-10-01 03:21:17,213 INFO  org.apache.flink.runtime.taskmanager.Task                    [] - Attempting to cancel task RawCache -> (Sink: Kafka Sink [synergia-m1-out], M2Gate) (7/8)#0 (0f5f28642bec52b2c8a4b83b13c0a081).
2026-10-01 03:21:17,213 INFO  org.apache.flink.runtime.taskmanager.Task                    [] - RawCache -> (Sink: Kafka Sink [synergia-m1-out], M2Gate) (7/8)#0 (0f5f28642bec52b2c8a4b83b13c0a081) switched from RUNNING to CANCELING.
2026-10-01 03:21:17,213 INFO  org.apache.flink.runtime.taskmanager.Task                    [] - Triggering cancellation of task code RawCache -> (Sink: Kafka Sink [synergia-m1-out], M2Gate) (7/8)#0 (0f5f28642bec52b2c8a4b83b13c0a081).
2026-10-01 03:21:17,217 INFO  org.apache.kafka.clients.producer.KafkaProducer              [] - [Producer clientId=producer-6] Closing the Kafka producer with timeoutMillis = 0 ms.
2026-10-01 03:21:17,218 INFO  org.apache.kafka.clients.producer.KafkaProducer              [] - [Producer clientId=producer-6] Proceeding to force close the producer since pending requests could not be completed within timeout 0 ms.
2026-10-01 03:21:17,225 INFO  org.apache.flink.runtime.taskmanager.Task                    [] - Attempting to cancel task Pmcod -> (Sink: Kafka Sink [synergia-scores], Sink: Kafka Sink [synergia-monitoring / M2], M2LateDrops) (2/8)#0 (2a21bf03ff9fd7e2de90cc2131bba13b).
2026-10-01 03:21:17,227 INFO  org.apache.flink.runtime.taskmanager.Task                    [] - Pmcod -> (Sink: Kafka Sink [synergia-scores], Sink: Kafka Sink [synergia-monitoring / M2], M2LateDrops) (2/8)#0 (2a21bf03ff9fd7e2de90cc2131bba13b) switched from RUNNING to CANCELING.
2026-10-01 03:21:17,227 INFO  org.apache.flink.runtime.taskmanager.Task                    [] - Triggering cancellation of task code Pmcod -> (Sink: Kafka Sink [synergia-scores], Sink: Kafka Sink [synergia-monitoring / M2], M2LateDrops) (2/8)#0 (2a21bf03ff9fd7e2de90cc2131bba13b).
2026-10-01 03:21:17,230 INFO  org.apache.kafka.clients.producer.KafkaProducer              [] - [Producer clientId=producer-2] Closing the Kafka producer with timeoutMillis = 0 ms.
2026-10-01 03:21:17,239 INFO  org.apache.kafka.clients.producer.KafkaProducer              [] - [Producer clientId=producer-2] Closing the Kafka producer with timeoutMillis = 0 ms.
2026-10-01 03:21:17,229 INFO  org.apache.kafka.clients.producer.KafkaProducer              [] - [Producer clientId=producer-9] Closing the Kafka producer with timeoutMillis = 0 ms.
2026-10-01 03:21:17,241 INFO  org.apache.kafka.clients.producer.KafkaProducer              [] - [Producer clientId=producer-7] Closing the Kafka producer with timeoutMillis = 0 ms.
2026-10-01 03:21:17,241 INFO  org.apache.kafka.clients.producer.KafkaProducer              [] - [Producer clientId=producer-7] Proceeding to force close the producer since pending requests could not be completed within timeout 0 ms.
2026-10-01 03:21:17,241 INFO  org.apache.kafka.clients.producer.KafkaProducer              [] - [Producer clientId=producer-2] Closing the Kafka producer with timeoutMillis = 0 ms.
2026-10-01 03:21:17,241 INFO  org.apache.kafka.clients.producer.KafkaProducer              [] - [Producer clientId=producer-2] Closing the Kafka producer with timeoutMillis = 0 ms.
2026-10-01 03:21:17,243 INFO  org.apache.flink.runtime.taskmanager.Task                    [] - Attempting to cancel task Pmcod -> (Sink: Kafka Sink [synergia-scores], Sink: Kafka Sink [synergia-monitoring / M2], M2LateDrops) (3/8)#0 (b335918c6ab8023d50a7e0efb44ebc5e).
2026-10-01 03:21:17,247 INFO  org.apache.flink.runtime.taskmanager.Task                    [] - Pmcod -> (Sink: Kafka Sink [synergia-scores], Sink: Kafka Sink [synergia-monitoring / M2], M2LateDrops) (3/8)#0 (b335918c6ab8023d50a7e0efb44ebc5e) switched from RUNNING to CANCELING.
2026-10-01 03:21:17,247 INFO  org.apache.flink.runtime.taskmanager.Task                    [] - Triggering cancellation of task code Pmcod -> (Sink: Kafka Sink [synergia-scores], Sink: Kafka Sink [synergia-monitoring / M2], M2LateDrops) (3/8)#0 (b335918c6ab8023d50a7e0efb44ebc5e).
2026-10-01 03:21:17,247 INFO  org.apache.kafka.clients.producer.KafkaProducer              [] - [Producer clientId=producer-6] Closing the Kafka producer with timeoutMillis = 0 ms.
2026-10-01 03:21:17,247 INFO  org.apache.kafka.clients.producer.KafkaProducer              [] - [Producer clientId=producer-9] Closing the Kafka producer with timeoutMillis = 0 ms.
2026-10-01 03:21:17,248 INFO  org.apache.kafka.clients.producer.KafkaProducer              [] - [Producer clientId=producer-6] Closing the Kafka producer with timeoutMillis = 0 ms.
2026-10-01 03:21:17,248 INFO  org.apache.kafka.clients.producer.KafkaProducer              [] - [Producer clientId=producer-9] Closing the Kafka producer with timeoutMillis = 0 ms.
2026-10-01 03:21:17,249 INFO  org.apache.kafka.clients.producer.KafkaProducer              [] - [Producer clientId=producer-7] Closing the Kafka producer with timeoutMillis = 0 ms.
2026-10-01 03:21:17,249 INFO  org.apache.kafka.clients.producer.KafkaProducer              [] - [Producer clientId=producer-7] Closing the Kafka producer with timeoutMillis = 0 ms.
2026-10-01 03:21:17,249 INFO  org.apache.kafka.clients.producer.KafkaProducer              [] - [Producer clientId=producer-7] Closing the Kafka producer with timeoutMillis = 0 ms.
2026-10-01 03:21:17,250 INFO  org.apache.kafka.clients.producer.KafkaProducer              [] - [Producer clientId=producer-7] Closing the Kafka producer with timeoutMillis = 0 ms.
2026-10-01 03:21:17,250 INFO  org.apache.kafka.clients.producer.KafkaProducer              [] - [Producer clientId=producer-2] Closing the Kafka producer with timeoutMillis = 0 ms.
2026-10-01 03:21:17,250 INFO  org.apache.kafka.clients.producer.KafkaProducer              [] - [Producer clientId=producer-2] Closing the Kafka producer with timeoutMillis = 0 ms.
2026-10-01 03:21:17,250 INFO  org.apache.kafka.clients.producer.KafkaProducer              [] - [Producer clientId=producer-9] Closing the Kafka producer with timeoutMillis = 0 ms.
2026-10-01 03:21:17,250 INFO  org.apache.kafka.clients.producer.KafkaProducer              [] - [Producer clientId=producer-3] Closing the Kafka producer with timeoutMillis = 0 ms.
2026-10-01 03:21:17,250 INFO  org.apache.kafka.clients.producer.KafkaProducer              [] - [Producer clientId=producer-6] Closing the Kafka producer with timeoutMillis = 0 ms.
2026-10-01 03:21:17,250 INFO  org.apache.kafka.clients.producer.KafkaProducer              [] - [Producer clientId=producer-3] Proceeding to force close the producer since pending requests could not be completed within timeout 0 ms.
2026-10-01 03:21:17,251 INFO  org.apache.kafka.clients.producer.KafkaProducer              [] - [Producer clientId=producer-6] Closing the Kafka producer with timeoutMillis = 0 ms.
2026-10-01 03:21:17,251 INFO  org.apache.kafka.clients.producer.KafkaProducer              [] - [Producer clientId=producer-6] Closing the Kafka producer with timeoutMillis = 0 ms.
2026-10-01 03:21:17,251 INFO  org.apache.kafka.clients.producer.KafkaProducer              [] - [Producer clientId=producer-6] Closing the Kafka producer with timeoutMillis = 0 ms.
2026-10-01 03:21:17,251 INFO  org.apache.kafka.clients.producer.KafkaProducer              [] - [Producer clientId=producer-7] Closing the Kafka producer with timeoutMillis = 0 ms.
2026-10-01 03:21:17,251 INFO  org.apache.kafka.clients.producer.KafkaProducer              [] - [Producer clientId=producer-9] Closing the Kafka producer with timeoutMillis = 0 ms.
2026-10-01 03:21:17,252 INFO  org.apache.kafka.clients.producer.KafkaProducer              [] - [Producer clientId=producer-9] Closing the Kafka producer with timeoutMillis = 0 ms.
2026-10-01 03:21:17,252 INFO  org.apache.kafka.clients.producer.KafkaProducer              [] - [Producer clientId=producer-24] Closing the Kafka producer with timeoutMillis = 0 ms.
2026-10-01 03:21:17,252 INFO  org.apache.kafka.clients.producer.KafkaProducer              [] - [Producer clientId=producer-24] Proceeding to force close the producer since pending requests could not be completed within timeout 0 ms.
2026-10-01 03:21:17,255 INFO  org.apache.flink.runtime.taskmanager.Task                    [] - Attempting to cancel task Pmcod -> (Sink: Kafka Sink [synergia-scores], Sink: Kafka Sink [synergia-monitoring / M2], M2LateDrops) (6/8)#0 (ccf1533db1cbb9ff7b0cf47b550746a4).
2026-10-01 03:21:17,256 INFO  org.apache.flink.runtime.taskmanager.Task                    [] - Pmcod -> (Sink: Kafka Sink [synergia-scores], Sink: Kafka Sink [synergia-monitoring / M2], M2LateDrops) (6/8)#0 (ccf1533db1cbb9ff7b0cf47b550746a4) switched from RUNNING to CANCELING.
2026-10-01 03:21:17,256 INFO  org.apache.flink.runtime.taskmanager.Task                    [] - Triggering cancellation of task code Pmcod -> (Sink: Kafka Sink [synergia-scores], Sink: Kafka Sink [synergia-monitoring / M2], M2LateDrops) (6/8)#0 (ccf1533db1cbb9ff7b0cf47b550746a4).
2026-10-01 03:21:17,256 INFO  org.apache.kafka.clients.producer.KafkaProducer              [] - [Producer clientId=producer-5] Closing the Kafka producer with timeoutMillis = 0 ms.
2026-10-01 03:21:17,256 INFO  org.apache.kafka.clients.producer.KafkaProducer              [] - [Producer clientId=producer-5] Proceeding to force close the producer since pending requests could not be completed within timeout 0 ms.
2026-10-01 03:21:17,257 INFO  org.apache.flink.runtime.taskmanager.Task                    [] - Attempting to cancel task Pmcod -> (Sink: Kafka Sink [synergia-scores], Sink: Kafka Sink [synergia-monitoring / M2], M2LateDrops) (7/8)#0 (a42bf38005a8277cfd1b9c719d9f964e).
2026-10-01 03:21:17,257 INFO  org.apache.flink.runtime.taskmanager.Task                    [] - Pmcod -> (Sink: Kafka Sink [synergia-scores], Sink: Kafka Sink [synergia-monitoring / M2], M2LateDrops) (7/8)#0 (a42bf38005a8277cfd1b9c719d9f964e) switched from RUNNING to CANCELING.
2026-10-01 03:21:17,258 INFO  org.apache.flink.runtime.taskmanager.Task                    [] - Triggering cancellation of task code Pmcod -> (Sink: Kafka Sink [synergia-scores], Sink: Kafka Sink [synergia-monitoring / M2], M2LateDrops) (7/8)#0 (a42bf38005a8277cfd1b9c719d9f964e).
2026-10-01 03:21:17,258 INFO  org.apache.kafka.clients.producer.KafkaProducer              [] - [Producer clientId=producer-13] Closing the Kafka producer with timeoutMillis = 0 ms.
2026-10-01 03:21:17,258 INFO  org.apache.kafka.clients.producer.KafkaProducer              [] - [Producer clientId=producer-13] Proceeding to force close the producer since pending requests could not be completed within timeout 0 ms.
2026-10-01 03:21:17,259 INFO  org.apache.flink.runtime.taskmanager.Task                    [] - Attempting to cancel task M3-LSTM-AE -> (Sink: Kafka Sink [synergia-scores / M3], Sink: Kafka Sink [synergia-monitoring / M3]) (2/8)#0 (3b57d50b5b78f481957bce3dcd11a0f0).
2026-10-01 03:21:17,259 INFO  org.apache.flink.runtime.taskmanager.Task                    [] - M3-LSTM-AE -> (Sink: Kafka Sink [synergia-scores / M3], Sink: Kafka Sink [synergia-monitoring / M3]) (2/8)#0 (3b57d50b5b78f481957bce3dcd11a0f0) switched from RUNNING to CANCELING.
2026-10-01 03:21:17,259 INFO  org.apache.flink.runtime.taskmanager.Task                    [] - Triggering cancellation of task code M3-LSTM-AE -> (Sink: Kafka Sink [synergia-scores / M3], Sink: Kafka Sink [synergia-monitoring / M3]) (2/8)#0 (3b57d50b5b78f481957bce3dcd11a0f0).
2026-10-01 03:21:17,267 INFO  org.apache.flink.runtime.taskmanager.Task                    [] - Attempting to cancel task M3-LSTM-AE -> (Sink: Kafka Sink [synergia-scores / M3], Sink: Kafka Sink [synergia-monitoring / M3]) (3/8)#0 (1acaac88511ae3cd2f7d470dcffca919).
2026-10-01 03:21:17,267 INFO  org.apache.flink.runtime.taskmanager.Task                    [] - M3-LSTM-AE -> (Sink: Kafka Sink [synergia-scores / M3], Sink: Kafka Sink [synergia-monitoring / M3]) (3/8)#0 (1acaac88511ae3cd2f7d470dcffca919) switched from RUNNING to CANCELING.
2026-10-01 03:21:17,267 INFO  org.apache.flink.runtime.taskmanager.Task                    [] - Triggering cancellation of task code M3-LSTM-AE -> (Sink: Kafka Sink [synergia-scores / M3], Sink: Kafka Sink [synergia-monitoring / M3]) (3/8)#0 (1acaac88511ae3cd2f7d470dcffca919).
2026-10-01 03:21:17,268 INFO  org.apache.flink.runtime.taskmanager.Task                    [] - Attempting to cancel task M3-LSTM-AE -> (Sink: Kafka Sink [synergia-scores / M3], Sink: Kafka Sink [synergia-monitoring / M3]) (6/8)#0 (cb1f5f9f2302bafabab294252fa6809a).
2026-10-01 03:21:17,269 INFO  org.apache.flink.runtime.taskmanager.Task                    [] - M3-LSTM-AE -> (Sink: Kafka Sink [synergia-scores / M3], Sink: Kafka Sink [synergia-monitoring / M3]) (6/8)#0 (cb1f5f9f2302bafabab294252fa6809a) switched from RUNNING to CANCELING.
2026-10-01 03:21:17,270 INFO  org.apache.flink.runtime.taskmanager.Task                    [] - Triggering cancellation of task code M3-LSTM-AE -> (Sink: Kafka Sink [synergia-scores / M3], Sink: Kafka Sink [synergia-monitoring / M3]) (6/8)#0 (cb1f5f9f2302bafabab294252fa6809a).
2026-10-01 03:21:17,270 INFO  org.apache.flink.runtime.taskmanager.Task                    [] - RawCache -> (Sink: Kafka Sink [synergia-m1-out], M2Gate) (6/8)#0 (8ed7e468f91810dae91173b1aeab607d) switched from CANCELING to CANCELED.
2026-10-01 03:21:17,270 INFO  org.apache.flink.runtime.taskmanager.Task                    [] - Freeing task resources for RawCache -> (Sink: Kafka Sink [synergia-m1-out], M2Gate) (6/8)#0 (8ed7e468f91810dae91173b1aeab607d).
2026-10-01 03:21:17,272 INFO  org.apache.kafka.clients.producer.KafkaProducer              [] - [Producer clientId=producer-12] Closing the Kafka producer with timeoutMillis = 0 ms.
2026-10-01 03:21:17,272 INFO  org.apache.kafka.clients.producer.KafkaProducer              [] - [Producer clientId=producer-12] Proceeding to force close the producer since pending requests could not be completed within timeout 0 ms.
2026-10-01 03:21:17,273 INFO  org.apache.flink.runtime.taskmanager.Task                    [] - Attempting to cancel task M3-LSTM-AE -> (Sink: Kafka Sink [synergia-scores / M3], Sink: Kafka Sink [synergia-monitoring / M3]) (7/8)#0 (19b23625f52d72d3563dea4ff417b3ca).
2026-10-01 03:21:17,273 INFO  org.apache.flink.runtime.taskmanager.Task                    [] - M3-LSTM-AE -> (Sink: Kafka Sink [synergia-scores / M3], Sink: Kafka Sink [synergia-monitoring / M3]) (7/8)#0 (19b23625f52d72d3563dea4ff417b3ca) switched from RUNNING to CANCELING.
2026-10-01 03:21:17,273 INFO  org.apache.flink.runtime.taskmanager.Task                    [] - Triggering cancellation of task code M3-LSTM-AE -> (Sink: Kafka Sink [synergia-scores / M3], Sink: Kafka Sink [synergia-monitoring / M3]) (7/8)#0 (19b23625f52d72d3563dea4ff417b3ca).
2026-10-01 03:21:17,274 INFO  org.apache.kafka.clients.producer.KafkaProducer              [] - [Producer clientId=producer-4] Closing the Kafka producer with timeoutMillis = 0 ms.
2026-10-01 03:21:17,274 INFO  org.apache.kafka.clients.producer.KafkaProducer              [] - [Producer clientId=producer-4] Proceeding to force close the producer since pending requests could not be completed within timeout 0 ms.
2026-10-01 03:21:17,276 INFO  org.apache.flink.runtime.taskexecutor.TaskExecutor           [] - Un-registering task and sending final execution state CANCELED to JobManager for task RoundAssembler -> AlignEventTime (7/8)#0 90901828a1d4a8a7c7cdcb1da75fdad8.
2026-10-01 03:21:17,276 INFO  org.apache.flink.runtime.taskmanager.Task                    [] - Attempting to cancel task MonitoringAggregator -> Sink: Kafka Sink [synergia-monitoring / M1] (2/8)#0 (0cd3457239ac4739d4eeaa2ff3fac659).
2026-10-01 03:21:17,276 INFO  org.apache.flink.runtime.taskmanager.Task                    [] - MonitoringAggregator -> Sink: Kafka Sink [synergia-monitoring / M1] (2/8)#0 (0cd3457239ac4739d4eeaa2ff3fac659) switched from RUNNING to CANCELING.
2026-10-01 03:21:17,276 INFO  org.apache.flink.runtime.taskmanager.Task                    [] - Triggering cancellation of task code MonitoringAggregator -> Sink: Kafka Sink [synergia-monitoring / M1] (2/8)#0 (0cd3457239ac4739d4eeaa2ff3fac659).
2026-10-01 03:21:17,277 INFO  org.apache.flink.runtime.taskmanager.Task                    [] - RawCache -> (Sink: Kafka Sink [synergia-m1-out], M2Gate) (7/8)#0 (0f5f28642bec52b2c8a4b83b13c0a081) switched from CANCELING to CANCELED.
2026-10-01 03:21:17,277 INFO  org.apache.flink.runtime.taskmanager.Task                    [] - Freeing task resources for RawCache -> (Sink: Kafka Sink [synergia-m1-out], M2Gate) (7/8)#0 (0f5f28642bec52b2c8a4b83b13c0a081).
2026-10-01 03:21:17,281 INFO  org.apache.kafka.clients.producer.KafkaProducer              [] - [Producer clientId=producer-24] Closing the Kafka producer with timeoutMillis = 0 ms.
2026-10-01 03:21:17,285 INFO  org.apache.flink.runtime.taskmanager.Task                    [] - RawCache -> (Sink: Kafka Sink [synergia-m1-out], M2Gate) (3/8)#0 (9fef2505298f01b75b56a344bcfe7c2e) switched from CANCELING to CANCELED.
2026-10-01 03:21:17,286 INFO  org.apache.kafka.clients.producer.KafkaProducer              [] - [Producer clientId=producer-3] Closing the Kafka producer with timeoutMillis = 0 ms.
2026-10-01 03:21:17,286 INFO  org.apache.kafka.clients.producer.KafkaProducer              [] - [Producer clientId=producer-12] Closing the Kafka producer with timeoutMillis = 0 ms.
2026-10-01 03:21:17,286 INFO  org.apache.flink.runtime.taskmanager.Task                    [] - Freeing task resources for RawCache -> (Sink: Kafka Sink [synergia-m1-out], M2Gate) (3/8)#0 (9fef2505298f01b75b56a344bcfe7c2e).
2026-10-01 03:21:17,287 INFO  org.apache.kafka.clients.producer.KafkaProducer              [] - [Producer clientId=producer-13] Closing the Kafka producer with timeoutMillis = 0 ms.
2026-10-01 03:21:17,287 INFO  org.apache.kafka.clients.producer.KafkaProducer              [] - [Producer clientId=producer-13] Closing the Kafka producer with timeoutMillis = 0 ms.
2026-10-01 03:21:17,287 INFO  org.apache.kafka.clients.producer.KafkaProducer              [] - [Producer clientId=producer-13] Closing the Kafka producer with timeoutMillis = 0 ms.
2026-10-01 03:21:17,288 INFO  org.apache.kafka.clients.producer.KafkaProducer              [] - [Producer clientId=producer-13] Closing the Kafka producer with timeoutMillis = 0 ms.
2026-10-01 03:21:17,287 INFO  org.apache.kafka.clients.producer.KafkaProducer              [] - [Producer clientId=producer-24] Closing the Kafka producer with timeoutMillis = 0 ms.
2026-10-01 03:21:17,287 INFO  org.apache.kafka.clients.producer.KafkaProducer              [] - [Producer clientId=producer-12] Closing the Kafka producer with timeoutMillis = 0 ms.
2026-10-01 03:21:17,289 INFO  org.apache.kafka.clients.producer.KafkaProducer              [] - [Producer clientId=producer-4] Closing the Kafka producer with timeoutMillis = 0 ms.
2026-10-01 03:21:17,289 INFO  org.apache.kafka.clients.producer.KafkaProducer              [] - [Producer clientId=producer-12] Closing the Kafka producer with timeoutMillis = 0 ms.
2026-10-01 03:21:17,289 INFO  org.apache.kafka.clients.producer.KafkaProducer              [] - [Producer clientId=producer-3] Closing the Kafka producer with timeoutMillis = 0 ms.
2026-10-01 03:21:17,289 INFO  org.apache.kafka.clients.producer.KafkaProducer              [] - [Producer clientId=producer-5] Closing the Kafka producer with timeoutMillis = 0 ms.
2026-10-01 03:21:17,289 INFO  org.apache.kafka.clients.producer.KafkaProducer              [] - [Producer clientId=producer-12] Closing the Kafka producer with timeoutMillis = 0 ms.
2026-10-01 03:21:17,289 INFO  org.apache.kafka.clients.producer.KafkaProducer              [] - [Producer clientId=producer-12] Closing the Kafka producer with timeoutMillis = 0 ms.
2026-10-01 03:21:17,290 INFO  org.apache.kafka.clients.producer.KafkaProducer              [] - [Producer clientId=producer-5] Closing the Kafka producer with timeoutMillis = 0 ms.
2026-10-01 03:21:17,290 INFO  org.apache.kafka.clients.producer.KafkaProducer              [] - [Producer clientId=producer-17] Closing the Kafka producer with timeoutMillis = 0 ms.
2026-10-01 03:21:17,290 INFO  org.apache.kafka.clients.producer.KafkaProducer              [] - [Producer clientId=producer-17] Proceeding to force close the producer since pending requests could not be completed within timeout 0 ms.
2026-10-01 03:21:17,290 INFO  org.apache.kafka.clients.producer.KafkaProducer              [] - [Producer clientId=producer-5] Closing the Kafka producer with timeoutMillis = 0 ms.
2026-10-01 03:21:17,290 INFO  org.apache.kafka.clients.producer.KafkaProducer              [] - [Producer clientId=producer-24] Closing the Kafka producer with timeoutMillis = 0 ms.
2026-10-01 03:21:17,290 INFO  org.apache.kafka.clients.producer.KafkaProducer              [] - [Producer clientId=producer-5] Closing the Kafka producer with timeoutMillis = 0 ms.
2026-10-01 03:21:17,293 INFO  org.apache.kafka.clients.producer.KafkaProducer              [] - [Producer clientId=producer-24] Closing the Kafka producer with timeoutMillis = 0 ms.
2026-10-01 03:21:17,291 INFO  org.apache.kafka.clients.producer.KafkaProducer              [] - [Producer clientId=producer-4] Closing the Kafka producer with timeoutMillis = 0 ms.
2026-10-01 03:21:17,291 INFO  org.apache.kafka.clients.producer.KafkaProducer              [] - [Producer clientId=producer-13] Closing the Kafka producer with timeoutMillis = 0 ms.
2026-10-01 03:21:17,297 INFO  org.apache.kafka.clients.producer.KafkaProducer              [] - [Producer clientId=producer-13] Closing the Kafka producer with timeoutMillis = 0 ms.
2026-10-01 03:21:17,297 INFO  org.apache.kafka.clients.producer.KafkaProducer              [] - [Producer clientId=producer-22] Closing the Kafka producer with timeoutMillis = 0 ms.
2026-10-01 03:21:17,297 INFO  org.apache.kafka.clients.producer.KafkaProducer              [] - [Producer clientId=producer-22] Proceeding to force close the producer since pending requests could not be completed within timeout 0 ms.
2026-10-01 03:21:17,297 INFO  org.apache.kafka.clients.producer.KafkaProducer              [] - [Producer clientId=producer-4] Closing the Kafka producer with timeoutMillis = 0 ms.
2026-10-01 03:21:17,296 INFO  org.apache.kafka.clients.producer.KafkaProducer              [] - [Producer clientId=producer-5] Closing the Kafka producer with timeoutMillis = 0 ms.
2026-10-01 03:21:17,297 INFO  org.apache.kafka.clients.producer.KafkaProducer              [] - [Producer clientId=producer-3] Closing the Kafka producer with timeoutMillis = 0 ms.
2026-10-01 03:21:17,299 INFO  org.apache.kafka.clients.producer.KafkaProducer              [] - [Producer clientId=producer-24] Closing the Kafka producer with timeoutMillis = 0 ms.
2026-10-01 03:21:17,299 INFO  org.apache.kafka.clients.producer.KafkaProducer              [] - [Producer clientId=producer-5] Closing the Kafka producer with timeoutMillis = 0 ms.
2026-10-01 03:21:17,299 INFO  org.apache.kafka.clients.producer.KafkaProducer              [] - [Producer clientId=producer-19] Closing the Kafka producer with timeoutMillis = 0 ms.
2026-10-01 03:21:17,299 INFO  org.apache.kafka.clients.producer.KafkaProducer              [] - [Producer clientId=producer-19] Proceeding to force close the producer since pending requests could not be completed within timeout 0 ms.
2026-10-01 03:21:17,300 INFO  org.apache.kafka.clients.producer.KafkaProducer              [] - [Producer clientId=producer-3] Closing the Kafka producer with timeoutMillis = 0 ms.
2026-10-01 03:21:17,300 INFO  org.apache.kafka.clients.producer.KafkaProducer              [] - [Producer clientId=producer-3] Closing the Kafka producer with timeoutMillis = 0 ms.
2026-10-01 03:21:17,300 INFO  org.apache.kafka.clients.producer.KafkaProducer              [] - [Producer clientId=producer-3] Closing the Kafka producer with timeoutMillis = 0 ms.
2026-10-01 03:21:17,300 INFO  org.apache.kafka.clients.producer.KafkaProducer              [] - [Producer clientId=producer-20] Closing the Kafka producer with timeoutMillis = 0 ms.
2026-10-01 03:21:17,300 WARN  akka.remote.transport.netty.NettyTransport                   [] - Remote connection to [null] failed with java.net.ConnectException: Connection refused: /172.16.0.162:6123
2026-10-01 03:21:17,300 INFO  org.apache.kafka.clients.producer.KafkaProducer              [] - [Producer clientId=producer-20] Proceeding to force close the producer since pending requests could not be completed within timeout 0 ms.
2026-10-01 03:21:17,301 INFO  org.apache.kafka.clients.producer.KafkaProducer              [] - [Producer clientId=producer-4] Closing the Kafka producer with timeoutMillis = 0 ms.
2026-10-01 03:21:17,301 INFO  org.apache.kafka.clients.producer.KafkaProducer              [] - [Producer clientId=producer-4] Closing the Kafka producer with timeoutMillis = 0 ms.
2026-10-01 03:21:17,301 INFO  org.apache.kafka.clients.producer.KafkaProducer              [] - [Producer clientId=producer-21] Closing the Kafka producer with timeoutMillis = 0 ms.
2026-10-01 03:21:17,301 INFO  org.apache.kafka.clients.producer.KafkaProducer              [] - [Producer clientId=producer-21] Proceeding to force close the producer since pending requests could not be completed within timeout 0 ms.
2026-10-01 03:21:17,301 INFO  org.apache.kafka.clients.producer.KafkaProducer              [] - [Producer clientId=producer-17] Closing the Kafka producer with timeoutMillis = 0 ms.
2026-10-01 03:21:17,301 INFO  org.apache.kafka.clients.producer.KafkaProducer              [] - [Producer clientId=producer-17] Closing the Kafka producer with timeoutMillis = 0 ms.
2026-10-01 03:21:17,301 INFO  org.apache.kafka.clients.producer.KafkaProducer              [] - [Producer clientId=producer-17] Closing the Kafka producer with timeoutMillis = 0 ms.
2026-10-01 03:21:17,301 INFO  org.apache.kafka.clients.producer.KafkaProducer              [] - [Producer clientId=producer-17] Closing the Kafka producer with timeoutMillis = 0 ms.
2026-10-01 03:21:17,301 INFO  org.apache.kafka.clients.producer.KafkaProducer              [] - [Producer clientId=producer-17] Closing the Kafka producer with timeoutMillis = 0 ms.
2026-10-01 03:21:17,301 INFO  org.apache.flink.runtime.taskmanager.Task                    [] - M3-LSTM-AE -> (Sink: Kafka Sink [synergia-scores / M3], Sink: Kafka Sink [synergia-monitoring / M3]) (6/8)#0 (cb1f5f9f2302bafabab294252fa6809a) switched from CANCELING to CANCELED.
2026-10-01 03:21:17,302 INFO  org.apache.flink.runtime.taskmanager.Task                    [] - Freeing task resources for M3-LSTM-AE -> (Sink: Kafka Sink [synergia-scores / M3], Sink: Kafka Sink [synergia-monitoring / M3]) (6/8)#0 (cb1f5f9f2302bafabab294252fa6809a).
2026-10-01 03:21:17,302 INFO  org.apache.flink.runtime.taskmanager.Task                    [] - Pmcod -> (Sink: Kafka Sink [synergia-scores], Sink: Kafka Sink [synergia-monitoring / M2], M2LateDrops) (2/8)#0 (2a21bf03ff9fd7e2de90cc2131bba13b) switched from CANCELING to CANCELED.
2026-10-01 03:21:17,302 INFO  org.apache.flink.runtime.taskmanager.Task                    [] - Freeing task resources for Pmcod -> (Sink: Kafka Sink [synergia-scores], Sink: Kafka Sink [synergia-monitoring / M2], M2LateDrops) (2/8)#0 (2a21bf03ff9fd7e2de90cc2131bba13b).
2026-10-01 03:21:17,303 WARN  akka.remote.ReliableDeliverySupervisor                       [] - Association with remote system [akka.tcp://flink@172.16.0.162:6123] has failed, address is now gated for [50] ms. Reason: [Association failed with [akka.tcp://flink@172.16.0.162:6123]] Caused by: [java.net.ConnectException: Connection refused: /172.16.0.162:6123]
2026-10-01 03:21:17,303 INFO  org.apache.flink.runtime.taskmanager.Task                    [] - Attempting to cancel task MonitoringAggregator -> Sink: Kafka Sink [synergia-monitoring / M1] (3/8)#0 (7cd8752240b73a6e92080d0632a449a9).
2026-10-01 03:21:17,303 INFO  org.apache.flink.runtime.taskmanager.Task                    [] - MonitoringAggregator -> Sink: Kafka Sink [synergia-monitoring / M1] (3/8)#0 (7cd8752240b73a6e92080d0632a449a9) switched from RUNNING to CANCELING.
2026-10-01 03:21:17,303 INFO  org.apache.flink.runtime.taskmanager.Task                    [] - Triggering cancellation of task code MonitoringAggregator -> Sink: Kafka Sink [synergia-monitoring / M1] (3/8)#0 (7cd8752240b73a6e92080d0632a449a9).
2026-10-01 03:21:17,304 INFO  org.apache.kafka.clients.producer.KafkaProducer              [] - [Producer clientId=producer-16] Closing the Kafka producer with timeoutMillis = 0 ms.
2026-10-01 03:21:17,304 INFO  org.apache.kafka.clients.producer.KafkaProducer              [] - [Producer clientId=producer-16] Proceeding to force close the producer since pending requests could not be completed within timeout 0 ms.
2026-10-01 03:21:17,304 INFO  org.apache.flink.runtime.taskexecutor.TaskExecutor           [] - Un-registering task and sending final execution state CANCELED to JobManager for task RoundAssembler -> AlignEventTime (6/8)#0 9917c8c583ee63ecaeea47232294107d.
2026-10-01 03:21:17,304 INFO  org.apache.flink.runtime.taskexecutor.TaskExecutor           [] - Un-registering task and sending final execution state CANCELED to JobManager for task RoundAssembler -> AlignEventTime (3/8)#0 20fbdeba36ed87a839b6e7a3ed8d3853.
2026-10-01 03:21:17,305 INFO  org.apache.flink.runtime.taskmanager.Task                    [] - Attempting to cancel task MonitoringAggregator -> Sink: Kafka Sink [synergia-monitoring / M1] (6/8)#0 (077c60363aaee95107326d98fc10f327).
2026-10-01 03:21:17,305 INFO  org.apache.flink.runtime.taskmanager.Task                    [] - MonitoringAggregator -> Sink: Kafka Sink [synergia-monitoring / M1] (6/8)#0 (077c60363aaee95107326d98fc10f327) switched from RUNNING to CANCELING.
2026-10-01 03:21:17,305 INFO  org.apache.flink.runtime.taskmanager.Task                    [] - Triggering cancellation of task code MonitoringAggregator -> Sink: Kafka Sink [synergia-monitoring / M1] (6/8)#0 (077c60363aaee95107326d98fc10f327).
2026-10-01 03:21:17,305 INFO  org.apache.kafka.clients.producer.KafkaProducer              [] - [Producer clientId=producer-11] Closing the Kafka producer with timeoutMillis = 0 ms.
2026-10-01 03:21:17,305 INFO  org.apache.kafka.clients.producer.KafkaProducer              [] - [Producer clientId=producer-11] Proceeding to force close the producer since pending requests could not be completed within timeout 0 ms.
2026-10-01 03:21:17,308 INFO  org.apache.flink.runtime.taskmanager.Task                    [] - Attempting to cancel task MonitoringAggregator -> Sink: Kafka Sink [synergia-monitoring / M1] (7/8)#0 (92ba097e7128dac07819833d6575623f).
2026-10-01 03:21:17,308 INFO  org.apache.flink.runtime.taskmanager.Task                    [] - MonitoringAggregator -> Sink: Kafka Sink [synergia-monitoring / M1] (7/8)#0 (92ba097e7128dac07819833d6575623f) switched from RUNNING to CANCELING.
2026-10-01 03:21:17,308 INFO  org.apache.flink.runtime.taskmanager.Task                    [] - Triggering cancellation of task code MonitoringAggregator -> Sink: Kafka Sink [synergia-monitoring / M1] (7/8)#0 (92ba097e7128dac07819833d6575623f).
2026-10-01 03:21:17,313 INFO  org.apache.kafka.clients.producer.KafkaProducer              [] - [Producer clientId=producer-1] Closing the Kafka producer with timeoutMillis = 0 ms.
2026-10-01 03:21:17,314 INFO  org.apache.kafka.clients.producer.KafkaProducer              [] - [Producer clientId=producer-1] Proceeding to force close the producer since pending requests could not be completed within timeout 0 ms.
2026-10-01 03:21:17,313 INFO  org.apache.kafka.clients.producer.KafkaProducer              [] - [Producer clientId=producer-15] Closing the Kafka producer with timeoutMillis = 0 ms.
2026-10-01 03:21:17,314 INFO  org.apache.kafka.clients.producer.KafkaProducer              [] - [Producer clientId=producer-15] Proceeding to force close the producer since pending requests could not be completed within timeout 0 ms.
2026-10-01 03:21:17,314 INFO  org.apache.flink.runtime.taskexecutor.TaskExecutor           [] - Un-registering task and sending final execution state CANCELED to JobManager for task RoundAssembler -> AlignEventTime (2/8)#0 d50240a6ca94d749aa6b1bb9fe753c7e.
2026-10-01 03:21:17,329 INFO  org.apache.flink.runtime.taskexecutor.slot.TaskSlotTableImpl [] - Free slot TaskSlot(index:2, state:ACTIVE, resource profile: ResourceProfile{cpuCores=1.0000000000000000, taskHeapMemory=451.840mb (473788577 bytes), taskOffHeapMemory=192.000mb (201326592 bytes), managedMemory=64.000mb (67108864 bytes), networkMemory=85.760mb (89925878 bytes)}, allocationId: 7492880fdb955f5816e67e27ae24b866, jobId: 6905b0331435ca57a7b1b0b7790a30e1).
2026-10-01 03:21:17,330 INFO  org.apache.flink.runtime.taskmanager.Task                    [] - Attempting to fail task externally M3-LSTM-AE -> (Sink: Kafka Sink [synergia-scores / M3], Sink: Kafka Sink [synergia-monitoring / M3]) (2/8)#0 (3b57d50b5b78f481957bce3dcd11a0f0).
2026-10-01 03:21:17,330 INFO  org.apache.flink.runtime.taskmanager.Task                    [] - Task M3-LSTM-AE -> (Sink: Kafka Sink [synergia-scores / M3], Sink: Kafka Sink [synergia-monitoring / M3]) (2/8)#0 is already in state CANCELING
2026-10-01 03:21:17,330 INFO  org.apache.flink.runtime.taskmanager.Task                    [] - Attempting to fail task externally RawCache -> (Sink: Kafka Sink [synergia-m1-out], M2Gate) (2/8)#0 (dd6726b77a0f0dd4a8c392f0e8bf2471).
2026-10-01 03:21:17,330 INFO  org.apache.flink.runtime.taskmanager.Task                    [] - Task RawCache -> (Sink: Kafka Sink [synergia-m1-out], M2Gate) (2/8)#0 is already in state CANCELED
2026-10-01 03:21:17,330 INFO  org.apache.flink.runtime.taskmanager.Task                    [] - Attempting to fail task externally MonitoringAggregator -> Sink: Kafka Sink [synergia-monitoring / M1] (2/8)#0 (0cd3457239ac4739d4eeaa2ff3fac659).
2026-10-01 03:21:17,330 INFO  org.apache.flink.runtime.taskmanager.Task                    [] - Task MonitoringAggregator -> Sink: Kafka Sink [synergia-monitoring / M1] (2/8)#0 is already in state CANCELING
2026-10-01 03:21:17,330 INFO  org.apache.flink.runtime.taskmanager.Task                    [] - Attempting to fail task externally RobustScaler (2/8)#0 (4547a37b3f5316ce4df2a5c6c9c18bca).
2026-10-01 03:21:17,330 INFO  org.apache.flink.runtime.taskmanager.Task                    [] - Task RobustScaler (2/8)#0 is already in state CANCELED
2026-10-01 03:21:17,331 INFO  org.apache.flink.runtime.taskmanager.Task                    [] - Attempting to fail task externally Pmcod -> (Sink: Kafka Sink [synergia-scores], Sink: Kafka Sink [synergia-monitoring / M2], M2LateDrops) (2/8)#0 (2a21bf03ff9fd7e2de90cc2131bba13b).
2026-10-01 03:21:17,331 INFO  org.apache.flink.runtime.taskmanager.Task                    [] - Task Pmcod -> (Sink: Kafka Sink [synergia-scores], Sink: Kafka Sink [synergia-monitoring / M2], M2LateDrops) (2/8)#0 is already in state CANCELED
2026-10-01 03:21:17,336 INFO  org.apache.kafka.clients.producer.KafkaProducer              [] - [Producer clientId=producer-22] Closing the Kafka producer with timeoutMillis = 0 ms.
2026-10-01 03:21:17,336 INFO  org.apache.kafka.clients.producer.KafkaProducer              [] - [Producer clientId=producer-11] Closing the Kafka producer with timeoutMillis = 0 ms.
2026-10-01 03:21:17,336 INFO  org.apache.kafka.clients.producer.KafkaProducer              [] - [Producer clientId=producer-11] Closing the Kafka producer with timeoutMillis = 0 ms.
2026-10-01 03:21:17,336 INFO  org.apache.kafka.clients.producer.KafkaProducer              [] - [Producer clientId=producer-11] Closing the Kafka producer with timeoutMillis = 0 ms.
2026-10-01 03:21:17,336 INFO  org.apache.kafka.clients.producer.KafkaProducer              [] - [Producer clientId=producer-11] Closing the Kafka producer with timeoutMillis = 0 ms.
2026-10-01 03:21:17,338 INFO  org.apache.kafka.clients.producer.KafkaProducer              [] - [Producer clientId=producer-16] Closing the Kafka producer with timeoutMillis = 0 ms.
2026-10-01 03:21:17,338 INFO  org.apache.kafka.clients.producer.KafkaProducer              [] - [Producer clientId=producer-16] Closing the Kafka producer with timeoutMillis = 0 ms.
2026-10-01 03:21:17,338 INFO  org.apache.kafka.clients.producer.KafkaProducer              [] - [Producer clientId=producer-16] Closing the Kafka producer with timeoutMillis = 0 ms.
2026-10-01 03:21:17,338 INFO  org.apache.kafka.clients.producer.KafkaProducer              [] - [Producer clientId=producer-11] Closing the Kafka producer with timeoutMillis = 0 ms.
2026-10-01 03:21:17,339 INFO  org.apache.kafka.clients.producer.KafkaProducer              [] - [Producer clientId=producer-19] Closing the Kafka producer with timeoutMillis = 0 ms.
2026-10-01 03:21:17,336 INFO  org.apache.kafka.clients.producer.KafkaProducer              [] - [Producer clientId=producer-15] Closing the Kafka producer with timeoutMillis = 0 ms.
2026-10-01 03:21:17,339 INFO  org.apache.kafka.clients.producer.KafkaProducer              [] - [Producer clientId=producer-11] Closing the Kafka producer with timeoutMillis = 0 ms.
2026-10-01 03:21:17,340 INFO  org.apache.kafka.clients.producer.KafkaProducer              [] - [Producer clientId=producer-21] Closing the Kafka producer with timeoutMillis = 0 ms.
2026-10-01 03:21:17,341 INFO  org.apache.kafka.clients.producer.KafkaProducer              [] - [Producer clientId=producer-20] Closing the Kafka producer with timeoutMillis = 0 ms.
2026-10-01 03:21:17,341 INFO  org.apache.kafka.clients.producer.KafkaProducer              [] - [Producer clientId=producer-21] Closing the Kafka producer with timeoutMillis = 0 ms.
2026-10-01 03:21:17,341 INFO  org.apache.kafka.clients.producer.KafkaProducer              [] - [Producer clientId=producer-1] Closing the Kafka producer with timeoutMillis = 0 ms.
2026-10-01 03:21:17,341 INFO  org.apache.kafka.clients.producer.KafkaProducer              [] - [Producer clientId=producer-1] Closing the Kafka producer with timeoutMillis = 0 ms.
2026-10-01 03:21:17,341 INFO  org.apache.kafka.clients.producer.KafkaProducer              [] - [Producer clientId=producer-1] Closing the Kafka producer with timeoutMillis = 0 ms.
2026-10-01 03:21:17,341 INFO  org.apache.kafka.clients.producer.KafkaProducer              [] - [Producer clientId=producer-1] Closing the Kafka producer with timeoutMillis = 0 ms.
2026-10-01 03:21:17,342 INFO  org.apache.kafka.clients.producer.KafkaProducer              [] - [Producer clientId=producer-1] Closing the Kafka producer with timeoutMillis = 0 ms.
2026-10-01 03:21:17,342 INFO  org.apache.kafka.clients.producer.KafkaProducer              [] - [Producer clientId=producer-1] Closing the Kafka producer with timeoutMillis = 0 ms.
2026-10-01 03:21:17,342 INFO  org.apache.flink.runtime.taskmanager.Task                    [] - MonitoringAggregator -> Sink: Kafka Sink [synergia-monitoring / M1] (2/8)#0 (0cd3457239ac4739d4eeaa2ff3fac659) switched from CANCELING to CANCELED.
2026-10-01 03:21:17,342 INFO  org.apache.flink.runtime.taskmanager.Task                    [] - Freeing task resources for MonitoringAggregator -> Sink: Kafka Sink [synergia-monitoring / M1] (2/8)#0 (0cd3457239ac4739d4eeaa2ff3fac659).
2026-10-01 03:21:17,342 INFO  org.apache.kafka.clients.producer.KafkaProducer              [] - [Producer clientId=producer-15] Closing the Kafka producer with timeoutMillis = 0 ms.
2026-10-01 03:21:17,342 INFO  org.apache.kafka.clients.producer.KafkaProducer              [] - [Producer clientId=producer-19] Closing the Kafka producer with timeoutMillis = 0 ms.
2026-10-01 03:21:17,342 INFO  org.apache.kafka.clients.producer.KafkaProducer              [] - [Producer clientId=producer-15] Closing the Kafka producer with timeoutMillis = 0 ms.
2026-10-01 03:21:17,342 INFO  org.apache.kafka.clients.producer.KafkaProducer              [] - [Producer clientId=producer-19] Closing the Kafka producer with timeoutMillis = 0 ms.
2026-10-01 03:21:17,342 INFO  org.apache.kafka.clients.producer.KafkaProducer              [] - [Producer clientId=producer-15] Closing the Kafka producer with timeoutMillis = 0 ms.
2026-10-01 03:21:17,342 INFO  org.apache.kafka.clients.producer.KafkaProducer              [] - [Producer clientId=producer-15] Closing the Kafka producer with timeoutMillis = 0 ms.
2026-10-01 03:21:17,342 INFO  org.apache.kafka.clients.producer.KafkaProducer              [] - [Producer clientId=producer-15] Closing the Kafka producer with timeoutMillis = 0 ms.
2026-10-01 03:21:17,343 INFO  org.apache.flink.runtime.taskmanager.Task                    [] - MonitoringAggregator -> Sink: Kafka Sink [synergia-monitoring / M1] (7/8)#0 (92ba097e7128dac07819833d6575623f) switched from CANCELING to CANCELED.
2026-10-01 03:21:17,343 INFO  org.apache.flink.runtime.taskmanager.Task                    [] - Freeing task resources for MonitoringAggregator -> Sink: Kafka Sink [synergia-monitoring / M1] (7/8)#0 (92ba097e7128dac07819833d6575623f).
2026-10-01 03:21:17,343 INFO  org.apache.kafka.clients.producer.KafkaProducer              [] - [Producer clientId=producer-16] Closing the Kafka producer with timeoutMillis = 0 ms.
2026-10-01 03:21:17,343 INFO  org.apache.flink.runtime.taskexecutor.slot.TaskSlotTableImpl [] - Free slot TaskSlot(index:3, state:ACTIVE, resource profile: ResourceProfile{cpuCores=1.0000000000000000, taskHeapMemory=451.840mb (473788577 bytes), taskOffHeapMemory=192.000mb (201326592 bytes), managedMemory=64.000mb (67108864 bytes), networkMemory=85.760mb (89925878 bytes)}, allocationId: ce64b5cd609d3769f6360d145a0cc3c6, jobId: 6905b0331435ca57a7b1b0b7790a30e1).
2026-10-01 03:21:17,343 INFO  org.apache.kafka.clients.producer.KafkaProducer              [] - [Producer clientId=producer-22] Closing the Kafka producer with timeoutMillis = 0 ms.
2026-10-01 03:21:17,343 INFO  org.apache.kafka.clients.producer.KafkaProducer              [] - [Producer clientId=producer-22] Closing the Kafka producer with timeoutMillis = 0 ms.
2026-10-01 03:21:17,343 INFO  org.apache.kafka.clients.producer.KafkaProducer              [] - [Producer clientId=producer-16] Closing the Kafka producer with timeoutMillis = 0 ms.
2026-10-01 03:21:17,344 INFO  org.apache.kafka.clients.producer.KafkaProducer              [] - [Producer clientId=producer-22] Closing the Kafka producer with timeoutMillis = 0 ms.
2026-10-01 03:21:17,344 INFO  org.apache.kafka.clients.producer.KafkaProducer              [] - [Producer clientId=producer-16] Closing the Kafka producer with timeoutMillis = 0 ms.
2026-10-01 03:21:17,344 INFO  org.apache.kafka.clients.producer.KafkaProducer              [] - [Producer clientId=producer-21] Closing the Kafka producer with timeoutMillis = 0 ms.
2026-10-01 03:21:17,344 INFO  org.apache.kafka.clients.producer.KafkaProducer              [] - [Producer clientId=producer-20] Closing the Kafka producer with timeoutMillis = 0 ms.
2026-10-01 03:21:17,344 INFO  org.apache.flink.runtime.taskmanager.Task                    [] - MonitoringAggregator -> Sink: Kafka Sink [synergia-monitoring / M1] (3/8)#0 (7cd8752240b73a6e92080d0632a449a9) switched from CANCELING to CANCELED.
2026-10-01 03:21:17,344 INFO  org.apache.flink.runtime.taskmanager.Task                    [] - MonitoringAggregator -> Sink: Kafka Sink [synergia-monitoring / M1] (6/8)#0 (077c60363aaee95107326d98fc10f327) switched from CANCELING to CANCELED.
2026-10-01 03:21:17,344 INFO  org.apache.flink.runtime.taskmanager.Task                    [] - Freeing task resources for MonitoringAggregator -> Sink: Kafka Sink [synergia-monitoring / M1] (6/8)#0 (077c60363aaee95107326d98fc10f327).
2026-10-01 03:21:17,344 INFO  org.apache.kafka.clients.producer.KafkaProducer              [] - [Producer clientId=producer-20] Closing the Kafka producer with timeoutMillis = 0 ms.
2026-10-01 03:21:17,344 INFO  org.apache.flink.runtime.taskmanager.Task                    [] - Attempting to fail task externally RawCache -> (Sink: Kafka Sink [synergia-m1-out], M2Gate) (3/8)#0 (9fef2505298f01b75b56a344bcfe7c2e).
2026-10-01 03:21:17,345 INFO  org.apache.kafka.clients.producer.KafkaProducer              [] - [Producer clientId=producer-20] Closing the Kafka producer with timeoutMillis = 0 ms.
2026-10-01 03:21:17,345 INFO  org.apache.kafka.clients.producer.KafkaProducer              [] - [Producer clientId=producer-20] Closing the Kafka producer with timeoutMillis = 0 ms.
2026-10-01 03:21:17,345 INFO  org.apache.kafka.clients.producer.KafkaProducer              [] - [Producer clientId=producer-20] Closing the Kafka producer with timeoutMillis = 0 ms.
2026-10-01 03:21:17,344 INFO  org.apache.kafka.clients.producer.KafkaProducer              [] - [Producer clientId=producer-22] Closing the Kafka producer with timeoutMillis = 0 ms.
2026-10-01 03:21:17,346 INFO  org.apache.kafka.clients.producer.KafkaProducer              [] - [Producer clientId=producer-22] Closing the Kafka producer with timeoutMillis = 0 ms.
2026-10-01 03:21:17,344 INFO  org.apache.kafka.clients.producer.KafkaProducer              [] - [Producer clientId=producer-21] Closing the Kafka producer with timeoutMillis = 0 ms.
2026-10-01 03:21:17,345 INFO  org.apache.kafka.clients.producer.KafkaProducer              [] - [Producer clientId=producer-19] Closing the Kafka producer with timeoutMillis = 0 ms.
2026-10-01 03:21:17,347 INFO  org.apache.flink.runtime.taskmanager.Task                    [] - Pmcod -> (Sink: Kafka Sink [synergia-scores], Sink: Kafka Sink [synergia-monitoring / M2], M2LateDrops) (7/8)#0 (a42bf38005a8277cfd1b9c719d9f964e) switched from CANCELING to CANCELED.
2026-10-01 03:21:17,347 INFO  org.apache.flink.runtime.taskmanager.Task                    [] - Freeing task resources for Pmcod -> (Sink: Kafka Sink [synergia-scores], Sink: Kafka Sink [synergia-monitoring / M2], M2LateDrops) (7/8)#0 (a42bf38005a8277cfd1b9c719d9f964e).
2026-10-01 03:21:17,347 INFO  org.apache.flink.runtime.taskmanager.Task                    [] - Pmcod -> (Sink: Kafka Sink [synergia-scores], Sink: Kafka Sink [synergia-monitoring / M2], M2LateDrops) (3/8)#0 (b335918c6ab8023d50a7e0efb44ebc5e) switched from CANCELING to CANCELED.
2026-10-01 03:21:17,351 INFO  org.apache.flink.runtime.taskmanager.Task                    [] - Freeing task resources for Pmcod -> (Sink: Kafka Sink [synergia-scores], Sink: Kafka Sink [synergia-monitoring / M2], M2LateDrops) (3/8)#0 (b335918c6ab8023d50a7e0efb44ebc5e).
2026-10-01 03:21:17,347 INFO  org.apache.flink.runtime.taskmanager.Task                    [] - Freeing task resources for MonitoringAggregator -> Sink: Kafka Sink [synergia-monitoring / M1] (3/8)#0 (7cd8752240b73a6e92080d0632a449a9).
2026-10-01 03:21:17,347 INFO  org.apache.kafka.clients.producer.KafkaProducer              [] - [Producer clientId=producer-21] Closing the Kafka producer with timeoutMillis = 0 ms.
2026-10-01 03:21:17,347 INFO  org.apache.kafka.clients.producer.KafkaProducer              [] - [Producer clientId=producer-19] Closing the Kafka producer with timeoutMillis = 0 ms.
2026-10-01 03:21:17,352 INFO  org.apache.kafka.clients.producer.KafkaProducer              [] - [Producer clientId=producer-19] Closing the Kafka producer with timeoutMillis = 0 ms.
2026-10-01 03:21:17,352 INFO  org.apache.flink.runtime.taskmanager.Task                    [] - Pmcod -> (Sink: Kafka Sink [synergia-scores], Sink: Kafka Sink [synergia-monitoring / M2], M2LateDrops) (6/8)#0 (ccf1533db1cbb9ff7b0cf47b550746a4) switched from CANCELING to CANCELED.
2026-10-01 03:21:17,353 INFO  org.apache.flink.runtime.taskmanager.Task                    [] - Freeing task resources for Pmcod -> (Sink: Kafka Sink [synergia-scores], Sink: Kafka Sink [synergia-monitoring / M2], M2LateDrops) (6/8)#0 (ccf1533db1cbb9ff7b0cf47b550746a4).
2026-10-01 03:21:17,350 INFO  org.apache.flink.runtime.taskmanager.Task                    [] - Task RawCache -> (Sink: Kafka Sink [synergia-m1-out], M2Gate) (3/8)#0 is already in state CANCELED
2026-10-01 03:21:17,358 INFO  org.apache.flink.runtime.taskmanager.Task                    [] - Attempting to fail task externally M3-LSTM-AE -> (Sink: Kafka Sink [synergia-scores / M3], Sink: Kafka Sink [synergia-monitoring / M3]) (3/8)#0 (1acaac88511ae3cd2f7d470dcffca919).
2026-10-01 03:21:17,359 INFO  org.apache.flink.runtime.taskmanager.Task                    [] - Task M3-LSTM-AE -> (Sink: Kafka Sink [synergia-scores / M3], Sink: Kafka Sink [synergia-monitoring / M3]) (3/8)#0 is already in state CANCELING
2026-10-01 03:21:17,351 INFO  org.apache.flink.runtime.taskmanager.Task                    [] - M3-LSTM-AE -> (Sink: Kafka Sink [synergia-scores / M3], Sink: Kafka Sink [synergia-monitoring / M3]) (7/8)#0 (19b23625f52d72d3563dea4ff417b3ca) switched from CANCELING to CANCELED.
2026-10-01 03:21:17,359 INFO  org.apache.flink.runtime.taskmanager.Task                    [] - Freeing task resources for M3-LSTM-AE -> (Sink: Kafka Sink [synergia-scores / M3], Sink: Kafka Sink [synergia-monitoring / M3]) (7/8)#0 (19b23625f52d72d3563dea4ff417b3ca).
2026-10-01 03:21:17,359 INFO  org.apache.flink.runtime.taskmanager.Task                    [] - Attempting to fail task externally MonitoringAggregator -> Sink: Kafka Sink [synergia-monitoring / M1] (3/8)#0 (7cd8752240b73a6e92080d0632a449a9).
2026-10-01 03:21:17,359 INFO  org.apache.flink.runtime.taskmanager.Task                    [] - Task MonitoringAggregator -> Sink: Kafka Sink [synergia-monitoring / M1] (3/8)#0 is already in state CANCELED
2026-10-01 03:21:17,359 INFO  org.apache.flink.runtime.taskmanager.Task                    [] - Attempting to fail task externally Pmcod -> (Sink: Kafka Sink [synergia-scores], Sink: Kafka Sink [synergia-monitoring / M2], M2LateDrops) (3/8)#0 (b335918c6ab8023d50a7e0efb44ebc5e).
2026-10-01 03:21:17,359 INFO  org.apache.flink.runtime.taskmanager.Task                    [] - Task Pmcod -> (Sink: Kafka Sink [synergia-scores], Sink: Kafka Sink [synergia-monitoring / M2], M2LateDrops) (3/8)#0 is already in state CANCELED
2026-10-01 03:21:17,359 INFO  org.apache.flink.runtime.taskmanager.Task                    [] - Attempting to fail task externally RobustScaler (3/8)#0 (775a1bcd4b40f2338a162aa358bb2543).
2026-10-01 03:21:17,359 INFO  org.apache.flink.runtime.taskmanager.Task                    [] - Task RobustScaler (3/8)#0 is already in state CANCELED
2026-10-01 03:21:17,360 INFO  org.apache.flink.runtime.taskexecutor.slot.TaskSlotTableImpl [] - Free slot TaskSlot(index:0, state:ACTIVE, resource profile: ResourceProfile{cpuCores=1.0000000000000000, taskHeapMemory=451.840mb (473788577 bytes), taskOffHeapMemory=192.000mb (201326592 bytes), managedMemory=64.000mb (67108864 bytes), networkMemory=85.760mb (89925878 bytes)}, allocationId: aa50c7931943198367e27c27b9e2bd5d, jobId: 6905b0331435ca57a7b1b0b7790a30e1).
2026-10-01 03:21:17,360 INFO  org.apache.flink.runtime.taskmanager.Task                    [] - Attempting to fail task externally MonitoringAggregator -> Sink: Kafka Sink [synergia-monitoring / M1] (7/8)#0 (92ba097e7128dac07819833d6575623f).
2026-10-01 03:21:17,360 INFO  org.apache.flink.runtime.taskmanager.Task                    [] - Task MonitoringAggregator -> Sink: Kafka Sink [synergia-monitoring / M1] (7/8)#0 is already in state CANCELED
2026-10-01 03:21:17,360 INFO  org.apache.flink.runtime.taskmanager.Task                    [] - Attempting to fail task externally Pmcod -> (Sink: Kafka Sink [synergia-scores], Sink: Kafka Sink [synergia-monitoring / M2], M2LateDrops) (7/8)#0 (a42bf38005a8277cfd1b9c719d9f964e).
2026-10-01 03:21:17,360 INFO  org.apache.flink.runtime.taskmanager.Task                    [] - Task Pmcod -> (Sink: Kafka Sink [synergia-scores], Sink: Kafka Sink [synergia-monitoring / M2], M2LateDrops) (7/8)#0 is already in state CANCELED
2026-10-01 03:21:17,360 INFO  org.apache.flink.runtime.taskmanager.Task                    [] - Attempting to fail task externally RobustScaler (7/8)#0 (41a56faa0c5ef26da4a6304152d2ad1c).
2026-10-01 03:21:17,360 INFO  org.apache.flink.runtime.taskmanager.Task                    [] - Task RobustScaler (7/8)#0 is already in state CANCELED
2026-10-01 03:21:17,360 INFO  org.apache.flink.runtime.taskmanager.Task                    [] - Attempting to fail task externally M3-LSTM-AE -> (Sink: Kafka Sink [synergia-scores / M3], Sink: Kafka Sink [synergia-monitoring / M3]) (7/8)#0 (19b23625f52d72d3563dea4ff417b3ca).
2026-10-01 03:21:17,360 INFO  org.apache.flink.runtime.taskmanager.Task                    [] - Task M3-LSTM-AE -> (Sink: Kafka Sink [synergia-scores / M3], Sink: Kafka Sink [synergia-monitoring / M3]) (7/8)#0 is already in state CANCELED
2026-10-01 03:21:17,360 INFO  org.apache.flink.runtime.taskmanager.Task                    [] - Attempting to fail task externally RawCache -> (Sink: Kafka Sink [synergia-m1-out], M2Gate) (7/8)#0 (0f5f28642bec52b2c8a4b83b13c0a081).
2026-10-01 03:21:17,360 INFO  org.apache.flink.runtime.taskmanager.Task                    [] - Task RawCache -> (Sink: Kafka Sink [synergia-m1-out], M2Gate) (7/8)#0 is already in state CANCELED
2026-10-01 03:21:17,361 INFO  org.apache.flink.runtime.taskmanager.Task                    [] - Attempting to fail task externally Source: Custom Source -> Kafka Source [synergia-source] -> RawLineParser (7/8)#0 (e3fe24baf1efbb55f3b0236954b28c6b).
2026-10-01 03:21:17,361 INFO  org.apache.flink.runtime.taskmanager.Task                    [] - Task Source: Custom Source -> Kafka Source [synergia-source] -> RawLineParser (7/8)#0 is already in state CANCELED
2026-10-01 03:21:17,361 INFO  org.apache.flink.runtime.taskexecutor.slot.TaskSlotTableImpl [] - Free slot TaskSlot(index:1, state:ACTIVE, resource profile: ResourceProfile{cpuCores=1.0000000000000000, taskHeapMemory=451.840mb (473788577 bytes), taskOffHeapMemory=192.000mb (201326592 bytes), managedMemory=64.000mb (67108864 bytes), networkMemory=85.760mb (89925878 bytes)}, allocationId: 5663a05ca02eb4a7c382c1bb59275e65, jobId: 6905b0331435ca57a7b1b0b7790a30e1).
2026-10-01 03:21:17,361 INFO  org.apache.flink.runtime.taskmanager.Task                    [] - Attempting to fail task externally RobustScaler (6/8)#0 (dbe73078dff54e00fa258ae255b2ed5e).
2026-10-01 03:21:17,361 INFO  org.apache.flink.runtime.taskmanager.Task                    [] - Task RobustScaler (6/8)#0 is already in state CANCELED
2026-10-01 03:21:17,361 INFO  org.apache.flink.runtime.taskmanager.Task                    [] - Attempting to fail task externally M3-LSTM-AE -> (Sink: Kafka Sink [synergia-scores / M3], Sink: Kafka Sink [synergia-monitoring / M3]) (6/8)#0 (cb1f5f9f2302bafabab294252fa6809a).
2026-10-01 03:21:17,361 INFO  org.apache.flink.runtime.taskmanager.Task                    [] - Task M3-LSTM-AE -> (Sink: Kafka Sink [synergia-scores / M3], Sink: Kafka Sink [synergia-monitoring / M3]) (6/8)#0 is already in state CANCELED
2026-10-01 03:21:17,362 INFO  org.apache.flink.runtime.taskmanager.Task                    [] - Attempting to fail task externally MonitoringAggregator -> Sink: Kafka Sink [synergia-monitoring / M1] (6/8)#0 (077c60363aaee95107326d98fc10f327).
2026-10-01 03:21:17,362 INFO  org.apache.flink.runtime.taskmanager.Task                    [] - Task MonitoringAggregator -> Sink: Kafka Sink [synergia-monitoring / M1] (6/8)#0 is already in state CANCELED
2026-10-01 03:21:17,362 INFO  org.apache.flink.runtime.taskmanager.Task                    [] - Attempting to fail task externally RawCache -> (Sink: Kafka Sink [synergia-m1-out], M2Gate) (6/8)#0 (8ed7e468f91810dae91173b1aeab607d).
2026-10-01 03:21:17,362 INFO  org.apache.flink.runtime.taskmanager.Task                    [] - Task RawCache -> (Sink: Kafka Sink [synergia-m1-out], M2Gate) (6/8)#0 is already in state CANCELED
2026-10-01 03:21:17,362 INFO  org.apache.flink.runtime.taskmanager.Task                    [] - Attempting to fail task externally Pmcod -> (Sink: Kafka Sink [synergia-scores], Sink: Kafka Sink [synergia-monitoring / M2], M2LateDrops) (6/8)#0 (ccf1533db1cbb9ff7b0cf47b550746a4).
2026-10-01 03:21:17,362 INFO  org.apache.flink.runtime.taskmanager.Task                    [] - Task Pmcod -> (Sink: Kafka Sink [synergia-scores], Sink: Kafka Sink [synergia-monitoring / M2], M2LateDrops) (6/8)#0 is already in state CANCELED
2026-10-01 03:21:17,363 INFO  org.apache.flink.runtime.taskexecutor.TaskExecutor           [] - Close JobManager connection for job 6905b0331435ca57a7b1b0b7790a30e1.
2026-10-01 03:21:17,364 INFO  org.apache.flink.runtime.taskexecutor.TaskExecutor           [] - Un-registering task and sending final execution state CANCELED to JobManager for task RobustScaler (2/8)#0 4547a37b3f5316ce4df2a5c6c9c18bca.
2026-10-01 03:21:17,367 INFO  org.apache.flink.runtime.taskexecutor.DefaultJobLeaderService [] - Could not resolve JobManager address akka.tcp://flink@172.16.0.162:6123/user/rpc/jobmanager_2, retrying in 10000 ms: Could not connect to rpc endpoint under address akka.tcp://flink@172.16.0.162:6123/user/rpc/jobmanager_2.
2026-10-01 03:21:17,374 INFO  org.apache.flink.runtime.taskexecutor.TaskExecutor           [] - Un-registering task and sending final execution state CANCELED to JobManager for task Source: Custom Source -> Kafka Source [synergia-source] -> RawLineParser (7/8)#0 e3fe24baf1efbb55f3b0236954b28c6b.
2026-10-01 03:21:17,375 INFO  org.apache.flink.runtime.taskexecutor.TaskExecutor           [] - Un-registering task and sending final execution state CANCELED to JobManager for task RobustScaler (3/8)#0 775a1bcd4b40f2338a162aa358bb2543.
2026-10-01 03:21:17,375 INFO  org.apache.flink.runtime.taskexecutor.TaskExecutor           [] - Un-registering task and sending final execution state CANCELED to JobManager for task RobustScaler (6/8)#0 dbe73078dff54e00fa258ae255b2ed5e.
2026-10-01 03:21:17,375 INFO  org.apache.flink.runtime.taskexecutor.TaskExecutor           [] - Un-registering task and sending final execution state CANCELED to JobManager for task RobustScaler (7/8)#0 41a56faa0c5ef26da4a6304152d2ad1c.
2026-10-01 03:21:17,376 INFO  org.apache.flink.runtime.taskexecutor.TaskExecutor           [] - Un-registering task and sending final execution state CANCELED to JobManager for task RawCache -> (Sink: Kafka Sink [synergia-m1-out], M2Gate) (2/8)#0 dd6726b77a0f0dd4a8c392f0e8bf2471.
2026-10-01 03:21:17,376 INFO  org.apache.flink.runtime.taskexecutor.TaskExecutor           [] - Un-registering task and sending final execution state CANCELED to JobManager for task RawCache -> (Sink: Kafka Sink [synergia-m1-out], M2Gate) (6/8)#0 8ed7e468f91810dae91173b1aeab607d.
2026-10-01 03:21:17,376 INFO  org.apache.flink.runtime.taskexecutor.TaskExecutor           [] - Un-registering task and sending final execution state CANCELED to JobManager for task RawCache -> (Sink: Kafka Sink [synergia-m1-out], M2Gate) (7/8)#0 0f5f28642bec52b2c8a4b83b13c0a081.
2026-10-01 03:21:17,376 INFO  org.apache.flink.runtime.taskexecutor.TaskExecutor           [] - Un-registering task and sending final execution state CANCELED to JobManager for task RawCache -> (Sink: Kafka Sink [synergia-m1-out], M2Gate) (3/8)#0 9fef2505298f01b75b56a344bcfe7c2e.
2026-10-01 03:21:17,377 INFO  org.apache.flink.runtime.taskexecutor.TaskExecutor           [] - Un-registering task and sending final execution state CANCELED to JobManager for task M3-LSTM-AE -> (Sink: Kafka Sink [synergia-scores / M3], Sink: Kafka Sink [synergia-monitoring / M3]) (6/8)#0 cb1f5f9f2302bafabab294252fa6809a.
2026-10-01 03:21:17,377 INFO  org.apache.flink.runtime.taskexecutor.TaskExecutor           [] - Un-registering task and sending final execution state CANCELED to JobManager for task Pmcod -> (Sink: Kafka Sink [synergia-scores], Sink: Kafka Sink [synergia-monitoring / M2], M2LateDrops) (2/8)#0 2a21bf03ff9fd7e2de90cc2131bba13b.
2026-10-01 03:21:17,377 INFO  org.apache.flink.runtime.taskexecutor.TaskExecutor           [] - Un-registering task and sending final execution state CANCELED to JobManager for task MonitoringAggregator -> Sink: Kafka Sink [synergia-monitoring / M1] (6/8)#0 077c60363aaee95107326d98fc10f327.
2026-10-01 03:21:17,377 INFO  org.apache.flink.runtime.taskexecutor.TaskExecutor           [] - Un-registering task and sending final execution state CANCELED to JobManager for task MonitoringAggregator -> Sink: Kafka Sink [synergia-monitoring / M1] (7/8)#0 92ba097e7128dac07819833d6575623f.
2026-10-01 03:21:17,378 INFO  org.apache.flink.runtime.taskexecutor.TaskExecutor           [] - Un-registering task and sending final execution state CANCELED to JobManager for task MonitoringAggregator -> Sink: Kafka Sink [synergia-monitoring / M1] (2/8)#0 0cd3457239ac4739d4eeaa2ff3fac659.
2026-10-01 03:21:17,378 INFO  org.apache.flink.runtime.taskexecutor.TaskExecutor           [] - Un-registering task and sending final execution state CANCELED to JobManager for task Pmcod -> (Sink: Kafka Sink [synergia-scores], Sink: Kafka Sink [synergia-monitoring / M2], M2LateDrops) (7/8)#0 a42bf38005a8277cfd1b9c719d9f964e.
2026-10-01 03:21:17,380 WARN  akka.remote.transport.netty.NettyTransport                   [] - Remote connection to [null] failed with java.net.ConnectException: Connection refused: /172.16.0.162:6123
2026-10-01 03:21:17,380 INFO  org.apache.flink.runtime.taskexecutor.TaskExecutor           [] - Un-registering task and sending final execution state CANCELED to JobManager for task Pmcod -> (Sink: Kafka Sink [synergia-scores], Sink: Kafka Sink [synergia-monitoring / M2], M2LateDrops) (3/8)#0 b335918c6ab8023d50a7e0efb44ebc5e.
2026-10-01 03:21:17,380 INFO  org.apache.flink.runtime.taskexecutor.TaskExecutor           [] - Un-registering task and sending final execution state CANCELED to JobManager for task MonitoringAggregator -> Sink: Kafka Sink [synergia-monitoring / M1] (3/8)#0 7cd8752240b73a6e92080d0632a449a9.
2026-10-01 03:21:17,381 WARN  akka.remote.ReliableDeliverySupervisor                       [] - Association with remote system [akka.tcp://flink@172.16.0.162:6123] has failed, address is now gated for [50] ms. Reason: [Association failed with [akka.tcp://flink@172.16.0.162:6123]] Caused by: [java.net.ConnectException: Connection refused: /172.16.0.162:6123]
2026-10-01 03:21:17,383 INFO  org.apache.flink.runtime.taskexecutor.TaskExecutor           [] - Un-registering task and sending final execution state CANCELED to JobManager for task Pmcod -> (Sink: Kafka Sink [synergia-scores], Sink: Kafka Sink [synergia-monitoring / M2], M2LateDrops) (6/8)#0 ccf1533db1cbb9ff7b0cf47b550746a4.
2026-10-01 03:21:17,383 INFO  org.apache.flink.runtime.taskexecutor.TaskExecutor           [] - Un-registering task and sending final execution state CANCELED to JobManager for task M3-LSTM-AE -> (Sink: Kafka Sink [synergia-scores / M3], Sink: Kafka Sink [synergia-monitoring / M3]) (7/8)#0 19b23625f52d72d3563dea4ff417b3ca.
2026-10-01 03:21:17,383 INFO  org.apache.flink.runtime.taskexecutor.slot.TaskSlotTableImpl [] - Free slot TaskSlot(index:1, state:RELEASING, resource profile: ResourceProfile{cpuCores=1.0000000000000000, taskHeapMemory=451.840mb (473788577 bytes), taskOffHeapMemory=192.000mb (201326592 bytes), managedMemory=64.000mb (67108864 bytes), networkMemory=85.760mb (89925878 bytes)}, allocationId: 5663a05ca02eb4a7c382c1bb59275e65, jobId: 6905b0331435ca57a7b1b0b7790a30e1).
2026-10-01 03:21:17,384 INFO  org.apache.flink.runtime.taskexecutor.slot.TaskSlotTableImpl [] - Free slot TaskSlot(index:0, state:RELEASING, resource profile: ResourceProfile{cpuCores=1.0000000000000000, taskHeapMemory=451.840mb (473788577 bytes), taskOffHeapMemory=192.000mb (201326592 bytes), managedMemory=64.000mb (67108864 bytes), networkMemory=85.760mb (89925878 bytes)}, allocationId: aa50c7931943198367e27c27b9e2bd5d, jobId: 6905b0331435ca57a7b1b0b7790a30e1).
2026-10-01 03:21:17,445 INFO  org.apache.kafka.clients.producer.KafkaProducer              [] - [Producer clientId=producer-14] Closing the Kafka producer with timeoutMillis = 0 ms.
2026-10-01 03:21:17,445 INFO  org.apache.kafka.clients.producer.KafkaProducer              [] - [Producer clientId=producer-14] Proceeding to force close the producer since pending requests could not be completed within timeout 0 ms.
2026-10-01 03:21:17,448 INFO  org.apache.kafka.clients.producer.KafkaProducer              [] - [Producer clientId=producer-14] Closing the Kafka producer with timeoutMillis = 0 ms.
2026-10-01 03:21:17,448 INFO  org.apache.kafka.clients.producer.KafkaProducer              [] - [Producer clientId=producer-14] Closing the Kafka producer with timeoutMillis = 0 ms.
2026-10-01 03:21:17,448 INFO  org.apache.kafka.clients.producer.KafkaProducer              [] - [Producer clientId=producer-14] Closing the Kafka producer with timeoutMillis = 0 ms.
2026-10-01 03:21:17,448 INFO  org.apache.kafka.clients.producer.KafkaProducer              [] - [Producer clientId=producer-14] Closing the Kafka producer with timeoutMillis = 0 ms.
2026-10-01 03:21:17,448 INFO  org.apache.kafka.clients.producer.KafkaProducer              [] - [Producer clientId=producer-14] Closing the Kafka producer with timeoutMillis = 0 ms.
2026-10-01 03:21:17,449 INFO  org.apache.kafka.clients.producer.KafkaProducer              [] - [Producer clientId=producer-18] Closing the Kafka producer with timeoutMillis = 0 ms.
2026-10-01 03:21:17,449 INFO  org.apache.kafka.clients.producer.KafkaProducer              [] - [Producer clientId=producer-18] Proceeding to force close the producer since pending requests could not be completed within timeout 0 ms.
2026-10-01 03:21:17,450 INFO  org.apache.kafka.clients.producer.KafkaProducer              [] - [Producer clientId=producer-18] Closing the Kafka producer with timeoutMillis = 0 ms.
2026-10-01 03:21:17,451 INFO  org.apache.kafka.clients.producer.KafkaProducer              [] - [Producer clientId=producer-18] Closing the Kafka producer with timeoutMillis = 0 ms.
2026-10-01 03:21:17,451 INFO  org.apache.kafka.clients.producer.KafkaProducer              [] - [Producer clientId=producer-18] Closing the Kafka producer with timeoutMillis = 0 ms.
2026-10-01 03:21:17,451 INFO  org.apache.kafka.clients.producer.KafkaProducer              [] - [Producer clientId=producer-18] Closing the Kafka producer with timeoutMillis = 0 ms.
2026-10-01 03:21:17,451 INFO  org.apache.kafka.clients.producer.KafkaProducer              [] - [Producer clientId=producer-18] Closing the Kafka producer with timeoutMillis = 0 ms.
2026-10-01 03:21:17,456 INFO  org.apache.flink.runtime.taskmanager.Task                    [] - M3-LSTM-AE -> (Sink: Kafka Sink [synergia-scores / M3], Sink: Kafka Sink [synergia-monitoring / M3]) (2/8)#0 (3b57d50b5b78f481957bce3dcd11a0f0) switched from CANCELING to CANCELED.
2026-10-01 03:21:17,456 INFO  org.apache.flink.runtime.taskmanager.Task                    [] - Freeing task resources for M3-LSTM-AE -> (Sink: Kafka Sink [synergia-scores / M3], Sink: Kafka Sink [synergia-monitoring / M3]) (2/8)#0 (3b57d50b5b78f481957bce3dcd11a0f0).
2026-10-01 03:21:17,458 INFO  org.apache.flink.runtime.taskexecutor.TaskExecutor           [] - Un-registering task and sending final execution state CANCELED to JobManager for task M3-LSTM-AE -> (Sink: Kafka Sink [synergia-scores / M3], Sink: Kafka Sink [synergia-monitoring / M3]) (2/8)#0 3b57d50b5b78f481957bce3dcd11a0f0.
2026-10-01 03:21:17,458 INFO  org.apache.flink.runtime.taskexecutor.slot.TaskSlotTableImpl [] - Free slot TaskSlot(index:2, state:RELEASING, resource profile: ResourceProfile{cpuCores=1.0000000000000000, taskHeapMemory=451.840mb (473788577 bytes), taskOffHeapMemory=192.000mb (201326592 bytes), managedMemory=64.000mb (67108864 bytes), networkMemory=85.760mb (89925878 bytes)}, allocationId: 7492880fdb955f5816e67e27ae24b866, jobId: 6905b0331435ca57a7b1b0b7790a30e1).
2026-10-01 03:21:17,463 WARN  akka.remote.transport.netty.NettyTransport                   [] - Remote connection to [null] failed with java.net.ConnectException: Connection refused: /172.16.0.162:6123
2026-10-01 03:21:17,463 WARN  akka.remote.ReliableDeliverySupervisor                       [] - Association with remote system [akka.tcp://flink@172.16.0.162:6123] has failed, address is now gated for [50] ms. Reason: [Association failed with [akka.tcp://flink@172.16.0.162:6123]] Caused by: [java.net.ConnectException: Connection refused: /172.16.0.162:6123]
2026-10-01 03:21:20,743 INFO  com.leejean.m3.M3Function                                    [] - [M3] Device H training epoch 1/300: train loss=30.778979585435657, early-stop loss=0.3686343835229559, 13.95s
2026-10-01 03:21:27,118 INFO  org.apache.flink.runtime.taskexecutor.TaskExecutor           [] - Cannot find task to fail for execution c72b7d942c9797bc330e9fe194c79fc5 with exception:
java.util.concurrent.TimeoutException: Invocation of public abstract java.util.concurrent.CompletableFuture org.apache.flink.runtime.jobmaster.JobMasterGateway.updateTaskExecutionState(org.apache.flink.runtime.taskmanager.TaskExecutionState) timed out.
	at com.sun.proxy.$Proxy25.updateTaskExecutionState(Unknown Source) ~[?:?]
	at org.apache.flink.runtime.taskexecutor.TaskExecutor.updateTaskExecutionState(TaskExecutor.java:1852) ~[flink-dist_2.12-1.13.6.jar:1.13.6]
	at org.apache.flink.runtime.taskexecutor.TaskExecutor.unregisterTaskAndNotifyFinalState(TaskExecutor.java:1885) ~[flink-dist_2.12-1.13.6.jar:1.13.6]
	at org.apache.flink.runtime.taskexecutor.TaskExecutor.access$2600(TaskExecutor.java:181) ~[flink-dist_2.12-1.13.6.jar:1.13.6]
	at org.apache.flink.runtime.taskexecutor.TaskExecutor$TaskManagerActionsImpl.lambda$updateTaskExecutionState$1(TaskExecutor.java:2289) ~[flink-dist_2.12-1.13.6.jar:1.13.6]
	at org.apache.flink.runtime.rpc.akka.AkkaRpcActor.handleRunAsync(AkkaRpcActor.java:440) ~[flink-dist_2.12-1.13.6.jar:1.13.6]
	at org.apache.flink.runtime.rpc.akka.AkkaRpcActor.handleRpcMessage(AkkaRpcActor.java:208) ~[flink-dist_2.12-1.13.6.jar:1.13.6]
	at org.apache.flink.runtime.rpc.akka.AkkaRpcActor.handleMessage(AkkaRpcActor.java:158) ~[flink-dist_2.12-1.13.6.jar:1.13.6]
	at akka.japi.pf.UnitCaseStatement.apply(CaseStatements.scala:26) [flink-dist_2.12-1.13.6.jar:1.13.6]
	at akka.japi.pf.UnitCaseStatement.apply(CaseStatements.scala:21) [flink-dist_2.12-1.13.6.jar:1.13.6]
	at scala.PartialFunction.applyOrElse(PartialFunction.scala:123) [flink-dist_2.12-1.13.6.jar:1.13.6]
	at scala.PartialFunction.applyOrElse$(PartialFunction.scala:122) [flink-dist_2.12-1.13.6.jar:1.13.6]
	at akka.japi.pf.UnitCaseStatement.applyOrElse(CaseStatements.scala:21) [flink-dist_2.12-1.13.6.jar:1.13.6]
	at scala.PartialFunction$OrElse.applyOrElse(PartialFunction.scala:171) [flink-dist_2.12-1.13.6.jar:1.13.6]
	at scala.PartialFunction$OrElse.applyOrElse(PartialFunction.scala:172) [flink-dist_2.12-1.13.6.jar:1.13.6]
	at scala.PartialFunction$OrElse.applyOrElse(PartialFunction.scala:172) [flink-dist_2.12-1.13.6.jar:1.13.6]
	at akka.actor.Actor.aroundReceive(Actor.scala:517) [flink-dist_2.12-1.13.6.jar:1.13.6]
	at akka.actor.Actor.aroundReceive$(Actor.scala:515) [flink-dist_2.12-1.13.6.jar:1.13.6]
	at akka.actor.AbstractActor.aroundReceive(AbstractActor.scala:225) [flink-dist_2.12-1.13.6.jar:1.13.6]
	at akka.actor.ActorCell.receiveMessage(ActorCell.scala:592) [flink-dist_2.12-1.13.6.jar:1.13.6]
	at akka.actor.ActorCell.invoke(ActorCell.scala:561) [flink-dist_2.12-1.13.6.jar:1.13.6]
	at akka.dispatch.Mailbox.processMailbox(Mailbox.scala:258) [flink-dist_2.12-1.13.6.jar:1.13.6]
	at akka.dispatch.Mailbox.run(Mailbox.scala:225) [flink-dist_2.12-1.13.6.jar:1.13.6]
	at akka.dispatch.Mailbox.exec(Mailbox.scala:235) [flink-dist_2.12-1.13.6.jar:1.13.6]
	at akka.dispatch.forkjoin.ForkJoinTask.doExec(ForkJoinTask.java:260) [flink-dist_2.12-1.13.6.jar:1.13.6]
	at akka.dispatch.forkjoin.ForkJoinPool$WorkQueue.runTask(ForkJoinPool.java:1339) [flink-dist_2.12-1.13.6.jar:1.13.6]
	at akka.dispatch.forkjoin.ForkJoinPool.runWorker(ForkJoinPool.java:1979) [flink-dist_2.12-1.13.6.jar:1.13.6]
	at akka.dispatch.forkjoin.ForkJoinWorkerThread.run(ForkJoinWorkerThread.java:107) [flink-dist_2.12-1.13.6.jar:1.13.6]
Caused by: akka.pattern.AskTimeoutException: Ask timed out on [Actor[akka.tcp://flink@172.16.0.162:6123/user/rpc/jobmanager_2#5895618]] after [10000 ms]. Message of type [org.apache.flink.runtime.rpc.messages.RemoteFencedMessage]. A typical reason for `AskTimeoutException` is that the recipient actor didn't send a reply.
	at akka.pattern.PromiseActorRef$.$anonfun$defaultOnTimeout$1(AskSupport.scala:635) ~[flink-dist_2.12-1.13.6.jar:1.13.6]
	at akka.pattern.PromiseActorRef$.$anonfun$apply$1(AskSupport.scala:650) ~[flink-dist_2.12-1.13.6.jar:1.13.6]
	at akka.actor.Scheduler$$anon$4.run(Scheduler.scala:205) ~[flink-dist_2.12-1.13.6.jar:1.13.6]
	at scala.concurrent.Future$InternalCallbackExecutor$.unbatchedExecute(Future.scala:870) ~[flink-dist_2.12-1.13.6.jar:1.13.6]
	at scala.concurrent.BatchingExecutor.execute(BatchingExecutor.scala:109) ~[flink-dist_2.12-1.13.6.jar:1.13.6]
	at scala.concurrent.BatchingExecutor.execute$(BatchingExecutor.scala:103) ~[flink-dist_2.12-1.13.6.jar:1.13.6]
	at scala.concurrent.Future$InternalCallbackExecutor$.execute(Future.scala:868) ~[flink-dist_2.12-1.13.6.jar:1.13.6]
	at akka.actor.LightArrayRevolverScheduler$TaskHolder.executeTask(LightArrayRevolverScheduler.scala:328) ~[flink-dist_2.12-1.13.6.jar:1.13.6]
	at akka.actor.LightArrayRevolverScheduler$$anon$3.executeBucket$1(LightArrayRevolverScheduler.scala:279) ~[flink-dist_2.12-1.13.6.jar:1.13.6]
	at akka.actor.LightArrayRevolverScheduler$$anon$3.nextTick(LightArrayRevolverScheduler.scala:283) ~[flink-dist_2.12-1.13.6.jar:1.13.6]
	at akka.actor.LightArrayRevolverScheduler$$anon$3.run(LightArrayRevolverScheduler.scala:235) ~[flink-dist_2.12-1.13.6.jar:1.13.6]
	at java.lang.Thread.run(Unknown Source) ~[?:?]
2026-10-01 03:21:27,158 INFO  org.apache.flink.runtime.taskexecutor.TaskExecutor           [] - Cannot find task to fail for execution 82fcb2a78389a914fee2498e26c8f114 with exception:
java.util.concurrent.TimeoutException: Invocation of public abstract java.util.concurrent.CompletableFuture org.apache.flink.runtime.jobmaster.JobMasterGateway.updateTaskExecutionState(org.apache.flink.runtime.taskmanager.TaskExecutionState) timed out.
	at com.sun.proxy.$Proxy25.updateTaskExecutionState(Unknown Source) ~[?:?]
	at org.apache.flink.runtime.taskexecutor.TaskExecutor.updateTaskExecutionState(TaskExecutor.java:1852) ~[flink-dist_2.12-1.13.6.jar:1.13.6]
	at org.apache.flink.runtime.taskexecutor.TaskExecutor.unregisterTaskAndNotifyFinalState(TaskExecutor.java:1885) ~[flink-dist_2.12-1.13.6.jar:1.13.6]
	at org.apache.flink.runtime.taskexecutor.TaskExecutor.access$2600(TaskExecutor.java:181) ~[flink-dist_2.12-1.13.6.jar:1.13.6]
	at org.apache.flink.runtime.taskexecutor.TaskExecutor$TaskManagerActionsImpl.lambda$updateTaskExecutionState$1(TaskExecutor.java:2289) ~[flink-dist_2.12-1.13.6.jar:1.13.6]
	at org.apache.flink.runtime.rpc.akka.AkkaRpcActor.handleRunAsync(AkkaRpcActor.java:440) ~[flink-dist_2.12-1.13.6.jar:1.13.6]
	at org.apache.flink.runtime.rpc.akka.AkkaRpcActor.handleRpcMessage(AkkaRpcActor.java:208) ~[flink-dist_2.12-1.13.6.jar:1.13.6]
	at org.apache.flink.runtime.rpc.akka.AkkaRpcActor.handleMessage(AkkaRpcActor.java:158) ~[flink-dist_2.12-1.13.6.jar:1.13.6]
	at akka.japi.pf.UnitCaseStatement.apply(CaseStatements.scala:26) [flink-dist_2.12-1.13.6.jar:1.13.6]
	at akka.japi.pf.UnitCaseStatement.apply(CaseStatements.scala:21) [flink-dist_2.12-1.13.6.jar:1.13.6]
	at scala.PartialFunction.applyOrElse(PartialFunction.scala:123) [flink-dist_2.12-1.13.6.jar:1.13.6]
	at scala.PartialFunction.applyOrElse$(PartialFunction.scala:122) [flink-dist_2.12-1.13.6.jar:1.13.6]
	at akka.japi.pf.UnitCaseStatement.applyOrElse(CaseStatements.scala:21) [flink-dist_2.12-1.13.6.jar:1.13.6]
	at scala.PartialFunction$OrElse.applyOrElse(PartialFunction.scala:171) [flink-dist_2.12-1.13.6.jar:1.13.6]
	at scala.PartialFunction$OrElse.applyOrElse(PartialFunction.scala:172) [flink-dist_2.12-1.13.6.jar:1.13.6]
	at scala.PartialFunction$OrElse.applyOrElse(PartialFunction.scala:172) [flink-dist_2.12-1.13.6.jar:1.13.6]
	at akka.actor.Actor.aroundReceive(Actor.scala:517) [flink-dist_2.12-1.13.6.jar:1.13.6]
	at akka.actor.Actor.aroundReceive$(Actor.scala:515) [flink-dist_2.12-1.13.6.jar:1.13.6]
	at akka.actor.AbstractActor.aroundReceive(AbstractActor.scala:225) [flink-dist_2.12-1.13.6.jar:1.13.6]
	at akka.actor.ActorCell.receiveMessage(ActorCell.scala:592) [flink-dist_2.12-1.13.6.jar:1.13.6]
	at akka.actor.ActorCell.invoke(ActorCell.scala:561) [flink-dist_2.12-1.13.6.jar:1.13.6]
	at akka.dispatch.Mailbox.processMailbox(Mailbox.scala:258) [flink-dist_2.12-1.13.6.jar:1.13.6]
	at akka.dispatch.Mailbox.run(Mailbox.scala:225) [flink-dist_2.12-1.13.6.jar:1.13.6]
	at akka.dispatch.Mailbox.exec(Mailbox.scala:235) [flink-dist_2.12-1.13.6.jar:1.13.6]
	at akka.dispatch.forkjoin.ForkJoinTask.doExec(ForkJoinTask.java:260) [flink-dist_2.12-1.13.6.jar:1.13.6]
	at akka.dispatch.forkjoin.ForkJoinPool$WorkQueue.runTask(ForkJoinPool.java:1339) [flink-dist_2.12-1.13.6.jar:1.13.6]
	at akka.dispatch.forkjoin.ForkJoinPool.runWorker(ForkJoinPool.java:1979) [flink-dist_2.12-1.13.6.jar:1.13.6]
	at akka.dispatch.forkjoin.ForkJoinWorkerThread.run(ForkJoinWorkerThread.java:107) [flink-dist_2.12-1.13.6.jar:1.13.6]
Caused by: akka.pattern.AskTimeoutException: Ask timed out on [Actor[akka.tcp://flink@172.16.0.162:6123/user/rpc/jobmanager_2#5895618]] after [10000 ms]. Message of type [org.apache.flink.runtime.rpc.messages.RemoteFencedMessage]. A typical reason for `AskTimeoutException` is that the recipient actor didn't send a reply.
	at akka.pattern.PromiseActorRef$.$anonfun$defaultOnTimeout$1(AskSupport.scala:635) ~[flink-dist_2.12-1.13.6.jar:1.13.6]
	at akka.pattern.PromiseActorRef$.$anonfun$apply$1(AskSupport.scala:650) ~[flink-dist_2.12-1.13.6.jar:1.13.6]
	at akka.actor.Scheduler$$anon$4.run(Scheduler.scala:205) ~[flink-dist_2.12-1.13.6.jar:1.13.6]
	at scala.concurrent.Future$InternalCallbackExecutor$.unbatchedExecute(Future.scala:870) ~[flink-dist_2.12-1.13.6.jar:1.13.6]
	at scala.concurrent.BatchingExecutor.execute(BatchingExecutor.scala:109) ~[flink-dist_2.12-1.13.6.jar:1.13.6]
	at scala.concurrent.BatchingExecutor.execute$(BatchingExecutor.scala:103) ~[flink-dist_2.12-1.13.6.jar:1.13.6]
	at scala.concurrent.Future$InternalCallbackExecutor$.execute(Future.scala:868) ~[flink-dist_2.12-1.13.6.jar:1.13.6]
	at akka.actor.LightArrayRevolverScheduler$TaskHolder.executeTask(LightArrayRevolverScheduler.scala:328) ~[flink-dist_2.12-1.13.6.jar:1.13.6]
	at akka.actor.LightArrayRevolverScheduler$$anon$3.executeBucket$1(LightArrayRevolverScheduler.scala:279) ~[flink-dist_2.12-1.13.6.jar:1.13.6]
	at akka.actor.LightArrayRevolverScheduler$$anon$3.nextTick(LightArrayRevolverScheduler.scala:283) ~[flink-dist_2.12-1.13.6.jar:1.13.6]
	at akka.actor.LightArrayRevolverScheduler$$anon$3.run(LightArrayRevolverScheduler.scala:235) ~[flink-dist_2.12-1.13.6.jar:1.13.6]
	at java.lang.Thread.run(Unknown Source) ~[?:?]
2026-10-01 03:21:27,228 INFO  org.apache.flink.runtime.taskexecutor.TaskExecutor           [] - Cannot find task to fail for execution 67128aa4be111a0e7bd31edf9fe47a18 with exception:
java.util.concurrent.TimeoutException: Invocation of public abstract java.util.concurrent.CompletableFuture org.apache.flink.runtime.jobmaster.JobMasterGateway.updateTaskExecutionState(org.apache.flink.runtime.taskmanager.TaskExecutionState) timed out.
	at com.sun.proxy.$Proxy25.updateTaskExecutionState(Unknown Source) ~[?:?]
	at org.apache.flink.runtime.taskexecutor.TaskExecutor.updateTaskExecutionState(TaskExecutor.java:1852) ~[flink-dist_2.12-1.13.6.jar:1.13.6]
	at org.apache.flink.runtime.taskexecutor.TaskExecutor.unregisterTaskAndNotifyFinalState(TaskExecutor.java:1885) ~[flink-dist_2.12-1.13.6.jar:1.13.6]
	at org.apache.flink.runtime.taskexecutor.TaskExecutor.access$2600(TaskExecutor.java:181) ~[flink-dist_2.12-1.13.6.jar:1.13.6]
	at org.apache.flink.runtime.taskexecutor.TaskExecutor$TaskManagerActionsImpl.lambda$updateTaskExecutionState$1(TaskExecutor.java:2289) ~[flink-dist_2.12-1.13.6.jar:1.13.6]
	at org.apache.flink.runtime.rpc.akka.AkkaRpcActor.handleRunAsync(AkkaRpcActor.java:440) ~[flink-dist_2.12-1.13.6.jar:1.13.6]
	at org.apache.flink.runtime.rpc.akka.AkkaRpcActor.handleRpcMessage(AkkaRpcActor.java:208) ~[flink-dist_2.12-1.13.6.jar:1.13.6]
	at org.apache.flink.runtime.rpc.akka.AkkaRpcActor.handleMessage(AkkaRpcActor.java:158) ~[flink-dist_2.12-1.13.6.jar:1.13.6]
	at akka.japi.pf.UnitCaseStatement.apply(CaseStatements.scala:26) [flink-dist_2.12-1.13.6.jar:1.13.6]
	at akka.japi.pf.UnitCaseStatement.apply(CaseStatements.scala:21) [flink-dist_2.12-1.13.6.jar:1.13.6]
	at scala.PartialFunction.applyOrElse(PartialFunction.scala:123) [flink-dist_2.12-1.13.6.jar:1.13.6]
	at scala.PartialFunction.applyOrElse$(PartialFunction.scala:122) [flink-dist_2.12-1.13.6.jar:1.13.6]
	at akka.japi.pf.UnitCaseStatement.applyOrElse(CaseStatements.scala:21) [flink-dist_2.12-1.13.6.jar:1.13.6]
	at scala.PartialFunction$OrElse.applyOrElse(PartialFunction.scala:171) [flink-dist_2.12-1.13.6.jar:1.13.6]
	at scala.PartialFunction$OrElse.applyOrElse(PartialFunction.scala:172) [flink-dist_2.12-1.13.6.jar:1.13.6]
	at scala.PartialFunction$OrElse.applyOrElse(PartialFunction.scala:172) [flink-dist_2.12-1.13.6.jar:1.13.6]
	at akka.actor.Actor.aroundReceive(Actor.scala:517) [flink-dist_2.12-1.13.6.jar:1.13.6]
	at akka.actor.Actor.aroundReceive$(Actor.scala:515) [flink-dist_2.12-1.13.6.jar:1.13.6]
	at akka.actor.AbstractActor.aroundReceive(AbstractActor.scala:225) [flink-dist_2.12-1.13.6.jar:1.13.6]
	at akka.actor.ActorCell.receiveMessage(ActorCell.scala:592) [flink-dist_2.12-1.13.6.jar:1.13.6]
	at akka.actor.ActorCell.invoke(ActorCell.scala:561) [flink-dist_2.12-1.13.6.jar:1.13.6]
	at akka.dispatch.Mailbox.processMailbox(Mailbox.scala:258) [flink-dist_2.12-1.13.6.jar:1.13.6]
	at akka.dispatch.Mailbox.run(Mailbox.scala:225) [flink-dist_2.12-1.13.6.jar:1.13.6]
	at akka.dispatch.Mailbox.exec(Mailbox.scala:235) [flink-dist_2.12-1.13.6.jar:1.13.6]
	at akka.dispatch.forkjoin.ForkJoinTask.doExec(ForkJoinTask.java:260) [flink-dist_2.12-1.13.6.jar:1.13.6]
	at akka.dispatch.forkjoin.ForkJoinPool$WorkQueue.runTask(ForkJoinPool.java:1339) [flink-dist_2.12-1.13.6.jar:1.13.6]
	at akka.dispatch.forkjoin.ForkJoinPool.runWorker(ForkJoinPool.java:1979) [flink-dist_2.12-1.13.6.jar:1.13.6]
	at akka.dispatch.forkjoin.ForkJoinWorkerThread.run(ForkJoinWorkerThread.java:107) [flink-dist_2.12-1.13.6.jar:1.13.6]
Caused by: akka.pattern.AskTimeoutException: Ask timed out on [Actor[akka.tcp://flink@172.16.0.162:6123/user/rpc/jobmanager_2#5895618]] after [10000 ms]. Message of type [org.apache.flink.runtime.rpc.messages.RemoteFencedMessage]. A typical reason for `AskTimeoutException` is that the recipient actor didn't send a reply.
	at akka.pattern.PromiseActorRef$.$anonfun$defaultOnTimeout$1(AskSupport.scala:635) ~[flink-dist_2.12-1.13.6.jar:1.13.6]
	at akka.pattern.PromiseActorRef$.$anonfun$apply$1(AskSupport.scala:650) ~[flink-dist_2.12-1.13.6.jar:1.13.6]
	at akka.actor.Scheduler$$anon$4.run(Scheduler.scala:205) ~[flink-dist_2.12-1.13.6.jar:1.13.6]
	at scala.concurrent.Future$InternalCallbackExecutor$.unbatchedExecute(Future.scala:870) ~[flink-dist_2.12-1.13.6.jar:1.13.6]
	at scala.concurrent.BatchingExecutor.execute(BatchingExecutor.scala:109) ~[flink-dist_2.12-1.13.6.jar:1.13.6]
	at scala.concurrent.BatchingExecutor.execute$(BatchingExecutor.scala:103) ~[flink-dist_2.12-1.13.6.jar:1.13.6]
	at scala.concurrent.Future$InternalCallbackExecutor$.execute(Future.scala:868) ~[flink-dist_2.12-1.13.6.jar:1.13.6]
	at akka.actor.LightArrayRevolverScheduler$TaskHolder.executeTask(LightArrayRevolverScheduler.scala:328) ~[flink-dist_2.12-1.13.6.jar:1.13.6]
	at akka.actor.LightArrayRevolverScheduler$$anon$3.executeBucket$1(LightArrayRevolverScheduler.scala:279) ~[flink-dist_2.12-1.13.6.jar:1.13.6]
	at akka.actor.LightArrayRevolverScheduler$$anon$3.nextTick(LightArrayRevolverScheduler.scala:283) ~[flink-dist_2.12-1.13.6.jar:1.13.6]
	at akka.actor.LightArrayRevolverScheduler$$anon$3.run(LightArrayRevolverScheduler.scala:235) ~[flink-dist_2.12-1.13.6.jar:1.13.6]
	at java.lang.Thread.run(Unknown Source) ~[?:?]
2026-10-01 03:21:27,288 INFO  org.apache.flink.runtime.taskexecutor.TaskExecutor           [] - Cannot find task to fail for execution 90901828a1d4a8a7c7cdcb1da75fdad8 with exception:
java.util.concurrent.TimeoutException: Invocation of public abstract java.util.concurrent.CompletableFuture org.apache.flink.runtime.jobmaster.JobMasterGateway.updateTaskExecutionState(org.apache.flink.runtime.taskmanager.TaskExecutionState) timed out.
	at com.sun.proxy.$Proxy25.updateTaskExecutionState(Unknown Source) ~[?:?]
	at org.apache.flink.runtime.taskexecutor.TaskExecutor.updateTaskExecutionState(TaskExecutor.java:1852) ~[flink-dist_2.12-1.13.6.jar:1.13.6]
	at org.apache.flink.runtime.taskexecutor.TaskExecutor.unregisterTaskAndNotifyFinalState(TaskExecutor.java:1885) ~[flink-dist_2.12-1.13.6.jar:1.13.6]
	at org.apache.flink.runtime.taskexecutor.TaskExecutor.access$2600(TaskExecutor.java:181) ~[flink-dist_2.12-1.13.6.jar:1.13.6]
	at org.apache.flink.runtime.taskexecutor.TaskExecutor$TaskManagerActionsImpl.lambda$updateTaskExecutionState$1(TaskExecutor.java:2289) ~[flink-dist_2.12-1.13.6.jar:1.13.6]
	at org.apache.flink.runtime.rpc.akka.AkkaRpcActor.handleRunAsync(AkkaRpcActor.java:440) ~[flink-dist_2.12-1.13.6.jar:1.13.6]
	at org.apache.flink.runtime.rpc.akka.AkkaRpcActor.handleRpcMessage(AkkaRpcActor.java:208) ~[flink-dist_2.12-1.13.6.jar:1.13.6]
	at org.apache.flink.runtime.rpc.akka.AkkaRpcActor.handleMessage(AkkaRpcActor.java:158) ~[flink-dist_2.12-1.13.6.jar:1.13.6]
	at akka.japi.pf.UnitCaseStatement.apply(CaseStatements.scala:26) [flink-dist_2.12-1.13.6.jar:1.13.6]
	at akka.japi.pf.UnitCaseStatement.apply(CaseStatements.scala:21) [flink-dist_2.12-1.13.6.jar:1.13.6]
	at scala.PartialFunction.applyOrElse(PartialFunction.scala:123) [flink-dist_2.12-1.13.6.jar:1.13.6]
	at scala.PartialFunction.applyOrElse$(PartialFunction.scala:122) [flink-dist_2.12-1.13.6.jar:1.13.6]
	at akka.japi.pf.UnitCaseStatement.applyOrElse(CaseStatements.scala:21) [flink-dist_2.12-1.13.6.jar:1.13.6]
	at scala.PartialFunction$OrElse.applyOrElse(PartialFunction.scala:171) [flink-dist_2.12-1.13.6.jar:1.13.6]
	at scala.PartialFunction$OrElse.applyOrElse(PartialFunction.scala:172) [flink-dist_2.12-1.13.6.jar:1.13.6]
	at scala.PartialFunction$OrElse.applyOrElse(PartialFunction.scala:172) [flink-dist_2.12-1.13.6.jar:1.13.6]
	at akka.actor.Actor.aroundReceive(Actor.scala:517) [flink-dist_2.12-1.13.6.jar:1.13.6]
	at akka.actor.Actor.aroundReceive$(Actor.scala:515) [flink-dist_2.12-1.13.6.jar:1.13.6]
	at akka.actor.AbstractActor.aroundReceive(AbstractActor.scala:225) [flink-dist_2.12-1.13.6.jar:1.13.6]
	at akka.actor.ActorCell.receiveMessage(ActorCell.scala:592) [flink-dist_2.12-1.13.6.jar:1.13.6]
	at akka.actor.ActorCell.invoke(ActorCell.scala:561) [flink-dist_2.12-1.13.6.jar:1.13.6]
	at akka.dispatch.Mailbox.processMailbox(Mailbox.scala:258) [flink-dist_2.12-1.13.6.jar:1.13.6]
	at akka.dispatch.Mailbox.run(Mailbox.scala:225) [flink-dist_2.12-1.13.6.jar:1.13.6]
	at akka.dispatch.Mailbox.exec(Mailbox.scala:235) [flink-dist_2.12-1.13.6.jar:1.13.6]
	at akka.dispatch.forkjoin.ForkJoinTask.doExec(ForkJoinTask.java:260) [flink-dist_2.12-1.13.6.jar:1.13.6]
	at akka.dispatch.forkjoin.ForkJoinPool$WorkQueue.runTask(ForkJoinPool.java:1339) [flink-dist_2.12-1.13.6.jar:1.13.6]
	at akka.dispatch.forkjoin.ForkJoinPool.runWorker(ForkJoinPool.java:1979) [flink-dist_2.12-1.13.6.jar:1.13.6]
	at akka.dispatch.forkjoin.ForkJoinWorkerThread.run(ForkJoinWorkerThread.java:107) [flink-dist_2.12-1.13.6.jar:1.13.6]
Caused by: akka.pattern.AskTimeoutException: Ask timed out on [Actor[akka.tcp://flink@172.16.0.162:6123/user/rpc/jobmanager_2#5895618]] after [10000 ms]. Message of type [org.apache.flink.runtime.rpc.messages.RemoteFencedMessage]. A typical reason for `AskTimeoutException` is that the recipient actor didn't send a reply.
	at akka.pattern.PromiseActorRef$.$anonfun$defaultOnTimeout$1(AskSupport.scala:635) ~[flink-dist_2.12-1.13.6.jar:1.13.6]
	at akka.pattern.PromiseActorRef$.$anonfun$apply$1(AskSupport.scala:650) ~[flink-dist_2.12-1.13.6.jar:1.13.6]
	at akka.actor.Scheduler$$anon$4.run(Scheduler.scala:205) ~[flink-dist_2.12-1.13.6.jar:1.13.6]
	at scala.concurrent.Future$InternalCallbackExecutor$.unbatchedExecute(Future.scala:870) ~[flink-dist_2.12-1.13.6.jar:1.13.6]
	at scala.concurrent.BatchingExecutor.execute(BatchingExecutor.scala:109) ~[flink-dist_2.12-1.13.6.jar:1.13.6]
	at scala.concurrent.BatchingExecutor.execute$(BatchingExecutor.scala:103) ~[flink-dist_2.12-1.13.6.jar:1.13.6]
	at scala.concurrent.Future$InternalCallbackExecutor$.execute(Future.scala:868) ~[flink-dist_2.12-1.13.6.jar:1.13.6]
	at akka.actor.LightArrayRevolverScheduler$TaskHolder.executeTask(LightArrayRevolverScheduler.scala:328) ~[flink-dist_2.12-1.13.6.jar:1.13.6]
	at akka.actor.LightArrayRevolverScheduler$$anon$3.executeBucket$1(LightArrayRevolverScheduler.scala:279) ~[flink-dist_2.12-1.13.6.jar:1.13.6]
	at akka.actor.LightArrayRevolverScheduler$$anon$3.nextTick(LightArrayRevolverScheduler.scala:283) ~[flink-dist_2.12-1.13.6.jar:1.13.6]
	at akka.actor.LightArrayRevolverScheduler$$anon$3.run(LightArrayRevolverScheduler.scala:235) ~[flink-dist_2.12-1.13.6.jar:1.13.6]
	at java.lang.Thread.run(Unknown Source) ~[?:?]
2026-10-01 03:21:27,317 INFO  org.apache.flink.runtime.taskexecutor.TaskExecutor           [] - Cannot find task to fail for execution 9917c8c583ee63ecaeea47232294107d with exception:
java.util.concurrent.TimeoutException: Invocation of public abstract java.util.concurrent.CompletableFuture org.apache.flink.runtime.jobmaster.JobMasterGateway.updateTaskExecutionState(org.apache.flink.runtime.taskmanager.TaskExecutionState) timed out.
	at com.sun.proxy.$Proxy25.updateTaskExecutionState(Unknown Source) ~[?:?]
	at org.apache.flink.runtime.taskexecutor.TaskExecutor.updateTaskExecutionState(TaskExecutor.java:1852) ~[flink-dist_2.12-1.13.6.jar:1.13.6]
	at org.apache.flink.runtime.taskexecutor.TaskExecutor.unregisterTaskAndNotifyFinalState(TaskExecutor.java:1885) ~[flink-dist_2.12-1.13.6.jar:1.13.6]
	at org.apache.flink.runtime.taskexecutor.TaskExecutor.access$2600(TaskExecutor.java:181) ~[flink-dist_2.12-1.13.6.jar:1.13.6]
	at org.apache.flink.runtime.taskexecutor.TaskExecutor$TaskManagerActionsImpl.lambda$updateTaskExecutionState$1(TaskExecutor.java:2289) ~[flink-dist_2.12-1.13.6.jar:1.13.6]
	at org.apache.flink.runtime.rpc.akka.AkkaRpcActor.handleRunAsync(AkkaRpcActor.java:440) ~[flink-dist_2.12-1.13.6.jar:1.13.6]
	at org.apache.flink.runtime.rpc.akka.AkkaRpcActor.handleRpcMessage(AkkaRpcActor.java:208) ~[flink-dist_2.12-1.13.6.jar:1.13.6]
	at org.apache.flink.runtime.rpc.akka.AkkaRpcActor.handleMessage(AkkaRpcActor.java:158) ~[flink-dist_2.12-1.13.6.jar:1.13.6]
	at akka.japi.pf.UnitCaseStatement.apply(CaseStatements.scala:26) [flink-dist_2.12-1.13.6.jar:1.13.6]
	at akka.japi.pf.UnitCaseStatement.apply(CaseStatements.scala:21) [flink-dist_2.12-1.13.6.jar:1.13.6]
	at scala.PartialFunction.applyOrElse(PartialFunction.scala:123) [flink-dist_2.12-1.13.6.jar:1.13.6]
	at scala.PartialFunction.applyOrElse$(PartialFunction.scala:122) [flink-dist_2.12-1.13.6.jar:1.13.6]
	at akka.japi.pf.UnitCaseStatement.applyOrElse(CaseStatements.scala:21) [flink-dist_2.12-1.13.6.jar:1.13.6]
	at scala.PartialFunction$OrElse.applyOrElse(PartialFunction.scala:171) [flink-dist_2.12-1.13.6.jar:1.13.6]
	at scala.PartialFunction$OrElse.applyOrElse(PartialFunction.scala:172) [flink-dist_2.12-1.13.6.jar:1.13.6]
	at scala.PartialFunction$OrElse.applyOrElse(PartialFunction.scala:172) [flink-dist_2.12-1.13.6.jar:1.13.6]
	at akka.actor.Actor.aroundReceive(Actor.scala:517) [flink-dist_2.12-1.13.6.jar:1.13.6]
	at akka.actor.Actor.aroundReceive$(Actor.scala:515) [flink-dist_2.12-1.13.6.jar:1.13.6]
	at akka.actor.AbstractActor.aroundReceive(AbstractActor.scala:225) [flink-dist_2.12-1.13.6.jar:1.13.6]
	at akka.actor.ActorCell.receiveMessage(ActorCell.scala:592) [flink-dist_2.12-1.13.6.jar:1.13.6]
	at akka.actor.ActorCell.invoke(ActorCell.scala:561) [flink-dist_2.12-1.13.6.jar:1.13.6]
	at akka.dispatch.Mailbox.processMailbox(Mailbox.scala:258) [flink-dist_2.12-1.13.6.jar:1.13.6]
	at akka.dispatch.Mailbox.run(Mailbox.scala:225) [flink-dist_2.12-1.13.6.jar:1.13.6]
	at akka.dispatch.Mailbox.exec(Mailbox.scala:235) [flink-dist_2.12-1.13.6.jar:1.13.6]
	at akka.dispatch.forkjoin.ForkJoinTask.doExec(ForkJoinTask.java:260) [flink-dist_2.12-1.13.6.jar:1.13.6]
	at akka.dispatch.forkjoin.ForkJoinPool$WorkQueue.runTask(ForkJoinPool.java:1339) [flink-dist_2.12-1.13.6.jar:1.13.6]
	at akka.dispatch.forkjoin.ForkJoinPool.runWorker(ForkJoinPool.java:1979) [flink-dist_2.12-1.13.6.jar:1.13.6]
	at akka.dispatch.forkjoin.ForkJoinWorkerThread.run(ForkJoinWorkerThread.java:107) [flink-dist_2.12-1.13.6.jar:1.13.6]
Caused by: akka.pattern.AskTimeoutException: Ask timed out on [Actor[akka.tcp://flink@172.16.0.162:6123/user/rpc/jobmanager_2#5895618]] after [10000 ms]. Message of type [org.apache.flink.runtime.rpc.messages.RemoteFencedMessage]. A typical reason for `AskTimeoutException` is that the recipient actor didn't send a reply.
	at akka.pattern.PromiseActorRef$.$anonfun$defaultOnTimeout$1(AskSupport.scala:635) ~[flink-dist_2.12-1.13.6.jar:1.13.6]
	at akka.pattern.PromiseActorRef$.$anonfun$apply$1(AskSupport.scala:650) ~[flink-dist_2.12-1.13.6.jar:1.13.6]
	at akka.actor.Scheduler$$anon$4.run(Scheduler.scala:205) ~[flink-dist_2.12-1.13.6.jar:1.13.6]
	at scala.concurrent.Future$InternalCallbackExecutor$.unbatchedExecute(Future.scala:870) ~[flink-dist_2.12-1.13.6.jar:1.13.6]
	at scala.concurrent.BatchingExecutor.execute(BatchingExecutor.scala:109) ~[flink-dist_2.12-1.13.6.jar:1.13.6]
	at scala.concurrent.BatchingExecutor.execute$(BatchingExecutor.scala:103) ~[flink-dist_2.12-1.13.6.jar:1.13.6]
	at scala.concurrent.Future$InternalCallbackExecutor$.execute(Future.scala:868) ~[flink-dist_2.12-1.13.6.jar:1.13.6]
	at akka.actor.LightArrayRevolverScheduler$TaskHolder.executeTask(LightArrayRevolverScheduler.scala:328) ~[flink-dist_2.12-1.13.6.jar:1.13.6]
	at akka.actor.LightArrayRevolverScheduler$$anon$3.executeBucket$1(LightArrayRevolverScheduler.scala:279) ~[flink-dist_2.12-1.13.6.jar:1.13.6]
	at akka.actor.LightArrayRevolverScheduler$$anon$3.nextTick(LightArrayRevolverScheduler.scala:283) ~[flink-dist_2.12-1.13.6.jar:1.13.6]
	at akka.actor.LightArrayRevolverScheduler$$anon$3.run(LightArrayRevolverScheduler.scala:235) ~[flink-dist_2.12-1.13.6.jar:1.13.6]
	at java.lang.Thread.run(Unknown Source) ~[?:?]
2026-10-01 03:21:27,319 INFO  org.apache.flink.runtime.taskexecutor.TaskExecutor           [] - Cannot find task to fail for execution 20fbdeba36ed87a839b6e7a3ed8d3853 with exception:
java.util.concurrent.TimeoutException: Invocation of public abstract java.util.concurrent.CompletableFuture org.apache.flink.runtime.jobmaster.JobMasterGateway.updateTaskExecutionState(org.apache.flink.runtime.taskmanager.TaskExecutionState) timed out.
	at com.sun.proxy.$Proxy25.updateTaskExecutionState(Unknown Source) ~[?:?]
	at org.apache.flink.runtime.taskexecutor.TaskExecutor.updateTaskExecutionState(TaskExecutor.java:1852) ~[flink-dist_2.12-1.13.6.jar:1.13.6]
	at org.apache.flink.runtime.taskexecutor.TaskExecutor.unregisterTaskAndNotifyFinalState(TaskExecutor.java:1885) ~[flink-dist_2.12-1.13.6.jar:1.13.6]
	at org.apache.flink.runtime.taskexecutor.TaskExecutor.access$2600(TaskExecutor.java:181) ~[flink-dist_2.12-1.13.6.jar:1.13.6]
	at org.apache.flink.runtime.taskexecutor.TaskExecutor$TaskManagerActionsImpl.lambda$updateTaskExecutionState$1(TaskExecutor.java:2289) ~[flink-dist_2.12-1.13.6.jar:1.13.6]
	at org.apache.flink.runtime.rpc.akka.AkkaRpcActor.handleRunAsync(AkkaRpcActor.java:440) ~[flink-dist_2.12-1.13.6.jar:1.13.6]
	at org.apache.flink.runtime.rpc.akka.AkkaRpcActor.handleRpcMessage(AkkaRpcActor.java:208) ~[flink-dist_2.12-1.13.6.jar:1.13.6]
	at org.apache.flink.runtime.rpc.akka.AkkaRpcActor.handleMessage(AkkaRpcActor.java:158) ~[flink-dist_2.12-1.13.6.jar:1.13.6]
	at akka.japi.pf.UnitCaseStatement.apply(CaseStatements.scala:26) [flink-dist_2.12-1.13.6.jar:1.13.6]
	at akka.japi.pf.UnitCaseStatement.apply(CaseStatements.scala:21) [flink-dist_2.12-1.13.6.jar:1.13.6]
	at scala.PartialFunction.applyOrElse(PartialFunction.scala:123) [flink-dist_2.12-1.13.6.jar:1.13.6]
	at scala.PartialFunction.applyOrElse$(PartialFunction.scala:122) [flink-dist_2.12-1.13.6.jar:1.13.6]
	at akka.japi.pf.UnitCaseStatement.applyOrElse(CaseStatements.scala:21) [flink-dist_2.12-1.13.6.jar:1.13.6]
	at scala.PartialFunction$OrElse.applyOrElse(PartialFunction.scala:171) [flink-dist_2.12-1.13.6.jar:1.13.6]
	at scala.PartialFunction$OrElse.applyOrElse(PartialFunction.scala:172) [flink-dist_2.12-1.13.6.jar:1.13.6]
	at scala.PartialFunction$OrElse.applyOrElse(PartialFunction.scala:172) [flink-dist_2.12-1.13.6.jar:1.13.6]
	at akka.actor.Actor.aroundReceive(Actor.scala:517) [flink-dist_2.12-1.13.6.jar:1.13.6]
	at akka.actor.Actor.aroundReceive$(Actor.scala:515) [flink-dist_2.12-1.13.6.jar:1.13.6]
	at akka.actor.AbstractActor.aroundReceive(AbstractActor.scala:225) [flink-dist_2.12-1.13.6.jar:1.13.6]
	at akka.actor.ActorCell.receiveMessage(ActorCell.scala:592) [flink-dist_2.12-1.13.6.jar:1.13.6]
	at akka.actor.ActorCell.invoke(ActorCell.scala:561) [flink-dist_2.12-1.13.6.jar:1.13.6]
	at akka.dispatch.Mailbox.processMailbox(Mailbox.scala:258) [flink-dist_2.12-1.13.6.jar:1.13.6]
	at akka.dispatch.Mailbox.run(Mailbox.scala:225) [flink-dist_2.12-1.13.6.jar:1.13.6]
	at akka.dispatch.Mailbox.exec(Mailbox.scala:235) [flink-dist_2.12-1.13.6.jar:1.13.6]
	at akka.dispatch.forkjoin.ForkJoinTask.doExec(ForkJoinTask.java:260) [flink-dist_2.12-1.13.6.jar:1.13.6]
	at akka.dispatch.forkjoin.ForkJoinPool$WorkQueue.runTask(ForkJoinPool.java:1339) [flink-dist_2.12-1.13.6.jar:1.13.6]
	at akka.dispatch.forkjoin.ForkJoinPool.runWorker(ForkJoinPool.java:1979) [flink-dist_2.12-1.13.6.jar:1.13.6]
	at akka.dispatch.forkjoin.ForkJoinWorkerThread.run(ForkJoinWorkerThread.java:107) [flink-dist_2.12-1.13.6.jar:1.13.6]
Caused by: akka.pattern.AskTimeoutException: Ask timed out on [Actor[akka.tcp://flink@172.16.0.162:6123/user/rpc/jobmanager_2#5895618]] after [10000 ms]. Message of type [org.apache.flink.runtime.rpc.messages.RemoteFencedMessage]. A typical reason for `AskTimeoutException` is that the recipient actor didn't send a reply.
	at akka.pattern.PromiseActorRef$.$anonfun$defaultOnTimeout$1(AskSupport.scala:635) ~[flink-dist_2.12-1.13.6.jar:1.13.6]
	at akka.pattern.PromiseActorRef$.$anonfun$apply$1(AskSupport.scala:650) ~[flink-dist_2.12-1.13.6.jar:1.13.6]
	at akka.actor.Scheduler$$anon$4.run(Scheduler.scala:205) ~[flink-dist_2.12-1.13.6.jar:1.13.6]
	at scala.concurrent.Future$InternalCallbackExecutor$.unbatchedExecute(Future.scala:870) ~[flink-dist_2.12-1.13.6.jar:1.13.6]
	at scala.concurrent.BatchingExecutor.execute(BatchingExecutor.scala:109) ~[flink-dist_2.12-1.13.6.jar:1.13.6]
	at scala.concurrent.BatchingExecutor.execute$(BatchingExecutor.scala:103) ~[flink-dist_2.12-1.13.6.jar:1.13.6]
	at scala.concurrent.Future$InternalCallbackExecutor$.execute(Future.scala:868) ~[flink-dist_2.12-1.13.6.jar:1.13.6]
	at akka.actor.LightArrayRevolverScheduler$TaskHolder.executeTask(LightArrayRevolverScheduler.scala:328) ~[flink-dist_2.12-1.13.6.jar:1.13.6]
	at akka.actor.LightArrayRevolverScheduler$$anon$3.executeBucket$1(LightArrayRevolverScheduler.scala:279) ~[flink-dist_2.12-1.13.6.jar:1.13.6]
	at akka.actor.LightArrayRevolverScheduler$$anon$3.nextTick(LightArrayRevolverScheduler.scala:283) ~[flink-dist_2.12-1.13.6.jar:1.13.6]
	at akka.actor.LightArrayRevolverScheduler$$anon$3.run(LightArrayRevolverScheduler.scala:235) ~[flink-dist_2.12-1.13.6.jar:1.13.6]
	at java.lang.Thread.run(Unknown Source) ~[?:?]
2026-10-01 03:21:27,327 INFO  org.apache.flink.runtime.taskexecutor.TaskExecutor           [] - Cannot find task to fail for execution d50240a6ca94d749aa6b1bb9fe753c7e with exception:
java.util.concurrent.TimeoutException: Invocation of public abstract java.util.concurrent.CompletableFuture org.apache.flink.runtime.jobmaster.JobMasterGateway.updateTaskExecutionState(org.apache.flink.runtime.taskmanager.TaskExecutionState) timed out.
	at com.sun.proxy.$Proxy25.updateTaskExecutionState(Unknown Source) ~[?:?]
	at org.apache.flink.runtime.taskexecutor.TaskExecutor.updateTaskExecutionState(TaskExecutor.java:1852) ~[flink-dist_2.12-1.13.6.jar:1.13.6]
	at org.apache.flink.runtime.taskexecutor.TaskExecutor.unregisterTaskAndNotifyFinalState(TaskExecutor.java:1885) ~[flink-dist_2.12-1.13.6.jar:1.13.6]
	at org.apache.flink.runtime.taskexecutor.TaskExecutor.access$2600(TaskExecutor.java:181) ~[flink-dist_2.12-1.13.6.jar:1.13.6]
	at org.apache.flink.runtime.taskexecutor.TaskExecutor$TaskManagerActionsImpl.lambda$updateTaskExecutionState$1(TaskExecutor.java:2289) ~[flink-dist_2.12-1.13.6.jar:1.13.6]
	at org.apache.flink.runtime.rpc.akka.AkkaRpcActor.handleRunAsync(AkkaRpcActor.java:440) ~[flink-dist_2.12-1.13.6.jar:1.13.6]
	at org.apache.flink.runtime.rpc.akka.AkkaRpcActor.handleRpcMessage(AkkaRpcActor.java:208) ~[flink-dist_2.12-1.13.6.jar:1.13.6]
	at org.apache.flink.runtime.rpc.akka.AkkaRpcActor.handleMessage(AkkaRpcActor.java:158) ~[flink-dist_2.12-1.13.6.jar:1.13.6]
	at akka.japi.pf.UnitCaseStatement.apply(CaseStatements.scala:26) [flink-dist_2.12-1.13.6.jar:1.13.6]
	at akka.japi.pf.UnitCaseStatement.apply(CaseStatements.scala:21) [flink-dist_2.12-1.13.6.jar:1.13.6]
	at scala.PartialFunction.applyOrElse(PartialFunction.scala:123) [flink-dist_2.12-1.13.6.jar:1.13.6]
	at scala.PartialFunction.applyOrElse$(PartialFunction.scala:122) [flink-dist_2.12-1.13.6.jar:1.13.6]
	at akka.japi.pf.UnitCaseStatement.applyOrElse(CaseStatements.scala:21) [flink-dist_2.12-1.13.6.jar:1.13.6]
	at scala.PartialFunction$OrElse.applyOrElse(PartialFunction.scala:171) [flink-dist_2.12-1.13.6.jar:1.13.6]
	at scala.PartialFunction$OrElse.applyOrElse(PartialFunction.scala:172) [flink-dist_2.12-1.13.6.jar:1.13.6]
	at scala.PartialFunction$OrElse.applyOrElse(PartialFunction.scala:172) [flink-dist_2.12-1.13.6.jar:1.13.6]
	at akka.actor.Actor.aroundReceive(Actor.scala:517) [flink-dist_2.12-1.13.6.jar:1.13.6]
	at akka.actor.Actor.aroundReceive$(Actor.scala:515) [flink-dist_2.12-1.13.6.jar:1.13.6]
	at akka.actor.AbstractActor.aroundReceive(AbstractActor.scala:225) [flink-dist_2.12-1.13.6.jar:1.13.6]
	at akka.actor.ActorCell.receiveMessage(ActorCell.scala:592) [flink-dist_2.12-1.13.6.jar:1.13.6]
	at akka.actor.ActorCell.invoke(ActorCell.scala:561) [flink-dist_2.12-1.13.6.jar:1.13.6]
	at akka.dispatch.Mailbox.processMailbox(Mailbox.scala:258) [flink-dist_2.12-1.13.6.jar:1.13.6]
	at akka.dispatch.Mailbox.run(Mailbox.scala:225) [flink-dist_2.12-1.13.6.jar:1.13.6]
	at akka.dispatch.Mailbox.exec(Mailbox.scala:235) [flink-dist_2.12-1.13.6.jar:1.13.6]
	at akka.dispatch.forkjoin.ForkJoinTask.doExec(ForkJoinTask.java:260) [flink-dist_2.12-1.13.6.jar:1.13.6]
	at akka.dispatch.forkjoin.ForkJoinPool$WorkQueue.runTask(ForkJoinPool.java:1339) [flink-dist_2.12-1.13.6.jar:1.13.6]
	at akka.dispatch.forkjoin.ForkJoinPool.runWorker(ForkJoinPool.java:1979) [flink-dist_2.12-1.13.6.jar:1.13.6]
	at akka.dispatch.forkjoin.ForkJoinWorkerThread.run(ForkJoinWorkerThread.java:107) [flink-dist_2.12-1.13.6.jar:1.13.6]
Caused by: akka.pattern.AskTimeoutException: Ask timed out on [Actor[akka.tcp://flink@172.16.0.162:6123/user/rpc/jobmanager_2#5895618]] after [10000 ms]. Message of type [org.apache.flink.runtime.rpc.messages.RemoteFencedMessage]. A typical reason for `AskTimeoutException` is that the recipient actor didn't send a reply.
	at akka.pattern.PromiseActorRef$.$anonfun$defaultOnTimeout$1(AskSupport.scala:635) ~[flink-dist_2.12-1.13.6.jar:1.13.6]
	at akka.pattern.PromiseActorRef$.$anonfun$apply$1(AskSupport.scala:650) ~[flink-dist_2.12-1.13.6.jar:1.13.6]
	at akka.actor.Scheduler$$anon$4.run(Scheduler.scala:205) ~[flink-dist_2.12-1.13.6.jar:1.13.6]
	at scala.concurrent.Future$InternalCallbackExecutor$.unbatchedExecute(Future.scala:870) ~[flink-dist_2.12-1.13.6.jar:1.13.6]
	at scala.concurrent.BatchingExecutor.execute(BatchingExecutor.scala:109) ~[flink-dist_2.12-1.13.6.jar:1.13.6]
	at scala.concurrent.BatchingExecutor.execute$(BatchingExecutor.scala:103) ~[flink-dist_2.12-1.13.6.jar:1.13.6]
	at scala.concurrent.Future$InternalCallbackExecutor$.execute(Future.scala:868) ~[flink-dist_2.12-1.13.6.jar:1.13.6]
	at akka.actor.LightArrayRevolverScheduler$TaskHolder.executeTask(LightArrayRevolverScheduler.scala:328) ~[flink-dist_2.12-1.13.6.jar:1.13.6]
	at akka.actor.LightArrayRevolverScheduler$$anon$3.executeBucket$1(LightArrayRevolverScheduler.scala:279) ~[flink-dist_2.12-1.13.6.jar:1.13.6]
	at akka.actor.LightArrayRevolverScheduler$$anon$3.nextTick(LightArrayRevolverScheduler.scala:283) ~[flink-dist_2.12-1.13.6.jar:1.13.6]
	at akka.actor.LightArrayRevolverScheduler$$anon$3.run(LightArrayRevolverScheduler.scala:235) ~[flink-dist_2.12-1.13.6.jar:1.13.6]
	at java.lang.Thread.run(Unknown Source) ~[?:?]
2026-10-01 03:21:27,387 INFO  org.apache.flink.runtime.taskexecutor.TaskExecutor           [] - Cannot find task to fail for execution 4547a37b3f5316ce4df2a5c6c9c18bca with exception:
java.util.concurrent.TimeoutException: Invocation of public abstract java.util.concurrent.CompletableFuture org.apache.flink.runtime.jobmaster.JobMasterGateway.updateTaskExecutionState(org.apache.flink.runtime.taskmanager.TaskExecutionState) timed out.
	at com.sun.proxy.$Proxy25.updateTaskExecutionState(Unknown Source) ~[?:?]
	at org.apache.flink.runtime.taskexecutor.TaskExecutor.updateTaskExecutionState(TaskExecutor.java:1852) ~[flink-dist_2.12-1.13.6.jar:1.13.6]
	at org.apache.flink.runtime.taskexecutor.TaskExecutor.unregisterTaskAndNotifyFinalState(TaskExecutor.java:1885) ~[flink-dist_2.12-1.13.6.jar:1.13.6]
	at org.apache.flink.runtime.taskexecutor.TaskExecutor.access$2600(TaskExecutor.java:181) ~[flink-dist_2.12-1.13.6.jar:1.13.6]
	at org.apache.flink.runtime.taskexecutor.TaskExecutor$TaskManagerActionsImpl.lambda$updateTaskExecutionState$1(TaskExecutor.java:2289) ~[flink-dist_2.12-1.13.6.jar:1.13.6]
	at org.apache.flink.runtime.rpc.akka.AkkaRpcActor.handleRunAsync(AkkaRpcActor.java:440) ~[flink-dist_2.12-1.13.6.jar:1.13.6]
	at org.apache.flink.runtime.rpc.akka.AkkaRpcActor.handleRpcMessage(AkkaRpcActor.java:208) ~[flink-dist_2.12-1.13.6.jar:1.13.6]
	at org.apache.flink.runtime.rpc.akka.AkkaRpcActor.handleMessage(AkkaRpcActor.java:158) ~[flink-dist_2.12-1.13.6.jar:1.13.6]
	at akka.japi.pf.UnitCaseStatement.apply(CaseStatements.scala:26) [flink-dist_2.12-1.13.6.jar:1.13.6]
	at akka.japi.pf.UnitCaseStatement.apply(CaseStatements.scala:21) [flink-dist_2.12-1.13.6.jar:1.13.6]
	at scala.PartialFunction.applyOrElse(PartialFunction.scala:123) [flink-dist_2.12-1.13.6.jar:1.13.6]
	at scala.PartialFunction.applyOrElse$(PartialFunction.scala:122) [flink-dist_2.12-1.13.6.jar:1.13.6]
	at akka.japi.pf.UnitCaseStatement.applyOrElse(CaseStatements.scala:21) [flink-dist_2.12-1.13.6.jar:1.13.6]
	at scala.PartialFunction$OrElse.applyOrElse(PartialFunction.scala:171) [flink-dist_2.12-1.13.6.jar:1.13.6]
	at scala.PartialFunction$OrElse.applyOrElse(PartialFunction.scala:172) [flink-dist_2.12-1.13.6.jar:1.13.6]
	at scala.PartialFunction$OrElse.applyOrElse(PartialFunction.scala:172) [flink-dist_2.12-1.13.6.jar:1.13.6]
	at akka.actor.Actor.aroundReceive(Actor.scala:517) [flink-dist_2.12-1.13.6.jar:1.13.6]
	at akka.actor.Actor.aroundReceive$(Actor.scala:515) [flink-dist_2.12-1.13.6.jar:1.13.6]
	at akka.actor.AbstractActor.aroundReceive(AbstractActor.scala:225) [flink-dist_2.12-1.13.6.jar:1.13.6]
	at akka.actor.ActorCell.receiveMessage(ActorCell.scala:592) [flink-dist_2.12-1.13.6.jar:1.13.6]
	at akka.actor.ActorCell.invoke(ActorCell.scala:561) [flink-dist_2.12-1.13.6.jar:1.13.6]
	at akka.dispatch.Mailbox.processMailbox(Mailbox.scala:258) [flink-dist_2.12-1.13.6.jar:1.13.6]
	at akka.dispatch.Mailbox.run(Mailbox.scala:225) [flink-dist_2.12-1.13.6.jar:1.13.6]
	at akka.dispatch.Mailbox.exec(Mailbox.scala:235) [flink-dist_2.12-1.13.6.jar:1.13.6]
	at akka.dispatch.forkjoin.ForkJoinTask.doExec(ForkJoinTask.java:260) [flink-dist_2.12-1.13.6.jar:1.13.6]
	at akka.dispatch.forkjoin.ForkJoinPool$WorkQueue.runTask(ForkJoinPool.java:1339) [flink-dist_2.12-1.13.6.jar:1.13.6]
	at akka.dispatch.forkjoin.ForkJoinPool.runWorker(ForkJoinPool.java:1979) [flink-dist_2.12-1.13.6.jar:1.13.6]
	at akka.dispatch.forkjoin.ForkJoinWorkerThread.run(ForkJoinWorkerThread.java:107) [flink-dist_2.12-1.13.6.jar:1.13.6]
Caused by: akka.pattern.AskTimeoutException: Ask timed out on [Actor[akka.tcp://flink@172.16.0.162:6123/user/rpc/jobmanager_2#5895618]] after [10000 ms]. Message of type [org.apache.flink.runtime.rpc.messages.RemoteFencedMessage]. A typical reason for `AskTimeoutException` is that the recipient actor didn't send a reply.
	at akka.pattern.PromiseActorRef$.$anonfun$defaultOnTimeout$1(AskSupport.scala:635) ~[flink-dist_2.12-1.13.6.jar:1.13.6]
	at akka.pattern.PromiseActorRef$.$anonfun$apply$1(AskSupport.scala:650) ~[flink-dist_2.12-1.13.6.jar:1.13.6]
	at akka.actor.Scheduler$$anon$4.run(Scheduler.scala:205) ~[flink-dist_2.12-1.13.6.jar:1.13.6]
	at scala.concurrent.Future$InternalCallbackExecutor$.unbatchedExecute(Future.scala:870) ~[flink-dist_2.12-1.13.6.jar:1.13.6]
	at scala.concurrent.BatchingExecutor.execute(BatchingExecutor.scala:109) ~[flink-dist_2.12-1.13.6.jar:1.13.6]
	at scala.concurrent.BatchingExecutor.execute$(BatchingExecutor.scala:103) ~[flink-dist_2.12-1.13.6.jar:1.13.6]
	at scala.concurrent.Future$InternalCallbackExecutor$.execute(Future.scala:868) ~[flink-dist_2.12-1.13.6.jar:1.13.6]
	at akka.actor.LightArrayRevolverScheduler$TaskHolder.executeTask(LightArrayRevolverScheduler.scala:328) ~[flink-dist_2.12-1.13.6.jar:1.13.6]
	at akka.actor.LightArrayRevolverScheduler$$anon$3.executeBucket$1(LightArrayRevolverScheduler.scala:279) ~[flink-dist_2.12-1.13.6.jar:1.13.6]
	at akka.actor.LightArrayRevolverScheduler$$anon$3.nextTick(LightArrayRevolverScheduler.scala:283) ~[flink-dist_2.12-1.13.6.jar:1.13.6]
	at akka.actor.LightArrayRevolverScheduler$$anon$3.run(LightArrayRevolverScheduler.scala:235) ~[flink-dist_2.12-1.13.6.jar:1.13.6]
	at java.lang.Thread.run(Unknown Source) ~[?:?]
2026-10-01 03:21:27,390 INFO  org.apache.flink.runtime.taskexecutor.TaskExecutor           [] - Cannot find task to fail for execution e3fe24baf1efbb55f3b0236954b28c6b with exception:
java.util.concurrent.TimeoutException: Invocation of public abstract java.util.concurrent.CompletableFuture org.apache.flink.runtime.jobmaster.JobMasterGateway.updateTaskExecutionState(org.apache.flink.runtime.taskmanager.TaskExecutionState) timed out.
	at com.sun.proxy.$Proxy25.updateTaskExecutionState(Unknown Source) ~[?:?]
	at org.apache.flink.runtime.taskexecutor.TaskExecutor.updateTaskExecutionState(TaskExecutor.java:1852) ~[flink-dist_2.12-1.13.6.jar:1.13.6]
	at org.apache.flink.runtime.taskexecutor.TaskExecutor.unregisterTaskAndNotifyFinalState(TaskExecutor.java:1885) ~[flink-dist_2.12-1.13.6.jar:1.13.6]
	at org.apache.flink.runtime.taskexecutor.TaskExecutor.access$2600(TaskExecutor.java:181) ~[flink-dist_2.12-1.13.6.jar:1.13.6]
	at org.apache.flink.runtime.taskexecutor.TaskExecutor$TaskManagerActionsImpl.lambda$updateTaskExecutionState$1(TaskExecutor.java:2289) ~[flink-dist_2.12-1.13.6.jar:1.13.6]
	at org.apache.flink.runtime.rpc.akka.AkkaRpcActor.handleRunAsync(AkkaRpcActor.java:440) ~[flink-dist_2.12-1.13.6.jar:1.13.6]
	at org.apache.flink.runtime.rpc.akka.AkkaRpcActor.handleRpcMessage(AkkaRpcActor.java:208) ~[flink-dist_2.12-1.13.6.jar:1.13.6]
	at org.apache.flink.runtime.rpc.akka.AkkaRpcActor.handleMessage(AkkaRpcActor.java:158) ~[flink-dist_2.12-1.13.6.jar:1.13.6]
	at akka.japi.pf.UnitCaseStatement.apply(CaseStatements.scala:26) [flink-dist_2.12-1.13.6.jar:1.13.6]
	at akka.japi.pf.UnitCaseStatement.apply(CaseStatements.scala:21) [flink-dist_2.12-1.13.6.jar:1.13.6]
	at scala.PartialFunction.applyOrElse(PartialFunction.scala:123) [flink-dist_2.12-1.13.6.jar:1.13.6]
	at scala.PartialFunction.applyOrElse$(PartialFunction.scala:122) [flink-dist_2.12-1.13.6.jar:1.13.6]
	at akka.japi.pf.UnitCaseStatement.applyOrElse(CaseStatements.scala:21) [flink-dist_2.12-1.13.6.jar:1.13.6]
	at scala.PartialFunction$OrElse.applyOrElse(PartialFunction.scala:171) [flink-dist_2.12-1.13.6.jar:1.13.6]
	at scala.PartialFunction$OrElse.applyOrElse(PartialFunction.scala:172) [flink-dist_2.12-1.13.6.jar:1.13.6]
	at scala.PartialFunction$OrElse.applyOrElse(PartialFunction.scala:172) [flink-dist_2.12-1.13.6.jar:1.13.6]
	at akka.actor.Actor.aroundReceive(Actor.scala:517) [flink-dist_2.12-1.13.6.jar:1.13.6]
	at akka.actor.Actor.aroundReceive$(Actor.scala:515) [flink-dist_2.12-1.13.6.jar:1.13.6]
	at akka.actor.AbstractActor.aroundReceive(AbstractActor.scala:225) [flink-dist_2.12-1.13.6.jar:1.13.6]
	at akka.actor.ActorCell.receiveMessage(ActorCell.scala:592) [flink-dist_2.12-1.13.6.jar:1.13.6]
	at akka.actor.ActorCell.invoke(ActorCell.scala:561) [flink-dist_2.12-1.13.6.jar:1.13.6]
	at akka.dispatch.Mailbox.processMailbox(Mailbox.scala:258) [flink-dist_2.12-1.13.6.jar:1.13.6]
	at akka.dispatch.Mailbox.run(Mailbox.scala:225) [flink-dist_2.12-1.13.6.jar:1.13.6]
	at akka.dispatch.Mailbox.exec(Mailbox.scala:235) [flink-dist_2.12-1.13.6.jar:1.13.6]
	at akka.dispatch.forkjoin.ForkJoinTask.doExec(ForkJoinTask.java:260) [flink-dist_2.12-1.13.6.jar:1.13.6]
	at akka.dispatch.forkjoin.ForkJoinPool$WorkQueue.runTask(ForkJoinPool.java:1339) [flink-dist_2.12-1.13.6.jar:1.13.6]
	at akka.dispatch.forkjoin.ForkJoinPool.runWorker(ForkJoinPool.java:1979) [flink-dist_2.12-1.13.6.jar:1.13.6]
	at akka.dispatch.forkjoin.ForkJoinWorkerThread.run(ForkJoinWorkerThread.java:107) [flink-dist_2.12-1.13.6.jar:1.13.6]
Caused by: akka.pattern.AskTimeoutException: Ask timed out on [Actor[akka.tcp://flink@172.16.0.162:6123/user/rpc/jobmanager_2#5895618]] after [10000 ms]. Message of type [org.apache.flink.runtime.rpc.messages.RemoteFencedMessage]. A typical reason for `AskTimeoutException` is that the recipient actor didn't send a reply.
	at akka.pattern.PromiseActorRef$.$anonfun$defaultOnTimeout$1(AskSupport.scala:635) ~[flink-dist_2.12-1.13.6.jar:1.13.6]
	at akka.pattern.PromiseActorRef$.$anonfun$apply$1(AskSupport.scala:650) ~[flink-dist_2.12-1.13.6.jar:1.13.6]
	at akka.actor.Scheduler$$anon$4.run(Scheduler.scala:205) ~[flink-dist_2.12-1.13.6.jar:1.13.6]
	at scala.concurrent.Future$InternalCallbackExecutor$.unbatchedExecute(Future.scala:870) ~[flink-dist_2.12-1.13.6.jar:1.13.6]
	at scala.concurrent.BatchingExecutor.execute(BatchingExecutor.scala:109) ~[flink-dist_2.12-1.13.6.jar:1.13.6]
	at scala.concurrent.BatchingExecutor.execute$(BatchingExecutor.scala:103) ~[flink-dist_2.12-1.13.6.jar:1.13.6]
	at scala.concurrent.Future$InternalCallbackExecutor$.execute(Future.scala:868) ~[flink-dist_2.12-1.13.6.jar:1.13.6]
	at akka.actor.LightArrayRevolverScheduler$TaskHolder.executeTask(LightArrayRevolverScheduler.scala:328) ~[flink-dist_2.12-1.13.6.jar:1.13.6]
	at akka.actor.LightArrayRevolverScheduler$$anon$3.executeBucket$1(LightArrayRevolverScheduler.scala:279) ~[flink-dist_2.12-1.13.6.jar:1.13.6]
	at akka.actor.LightArrayRevolverScheduler$$anon$3.nextTick(LightArrayRevolverScheduler.scala:283) ~[flink-dist_2.12-1.13.6.jar:1.13.6]
	at akka.actor.LightArrayRevolverScheduler$$anon$3.run(LightArrayRevolverScheduler.scala:235) ~[flink-dist_2.12-1.13.6.jar:1.13.6]
	at java.lang.Thread.run(Unknown Source) ~[?:?]
2026-10-01 03:21:27,394 INFO  org.apache.flink.runtime.taskexecutor.TaskExecutor           [] - Cannot find task to fail for execution 775a1bcd4b40f2338a162aa358bb2543 with exception:
java.util.concurrent.TimeoutException: Invocation of public abstract java.util.concurrent.CompletableFuture org.apache.flink.runtime.jobmaster.JobMasterGateway.updateTaskExecutionState(org.apache.flink.runtime.taskmanager.TaskExecutionState) timed out.
	at com.sun.proxy.$Proxy25.updateTaskExecutionState(Unknown Source) ~[?:?]
	at org.apache.flink.runtime.taskexecutor.TaskExecutor.updateTaskExecutionState(TaskExecutor.java:1852) ~[flink-dist_2.12-1.13.6.jar:1.13.6]
	at org.apache.flink.runtime.taskexecutor.TaskExecutor.unregisterTaskAndNotifyFinalState(TaskExecutor.java:1885) ~[flink-dist_2.12-1.13.6.jar:1.13.6]
	at org.apache.flink.runtime.taskexecutor.TaskExecutor.access$2600(TaskExecutor.java:181) ~[flink-dist_2.12-1.13.6.jar:1.13.6]
	at org.apache.flink.runtime.taskexecutor.TaskExecutor$TaskManagerActionsImpl.lambda$updateTaskExecutionState$1(TaskExecutor.java:2289) ~[flink-dist_2.12-1.13.6.jar:1.13.6]
	at org.apache.flink.runtime.rpc.akka.AkkaRpcActor.handleRunAsync(AkkaRpcActor.java:440) ~[flink-dist_2.12-1.13.6.jar:1.13.6]
	at org.apache.flink.runtime.rpc.akka.AkkaRpcActor.handleRpcMessage(AkkaRpcActor.java:208) ~[flink-dist_2.12-1.13.6.jar:1.13.6]
	at org.apache.flink.runtime.rpc.akka.AkkaRpcActor.handleMessage(AkkaRpcActor.java:158) ~[flink-dist_2.12-1.13.6.jar:1.13.6]
	at akka.japi.pf.UnitCaseStatement.apply(CaseStatements.scala:26) [flink-dist_2.12-1.13.6.jar:1.13.6]
	at akka.japi.pf.UnitCaseStatement.apply(CaseStatements.scala:21) [flink-dist_2.12-1.13.6.jar:1.13.6]
	at scala.PartialFunction.applyOrElse(PartialFunction.scala:123) [flink-dist_2.12-1.13.6.jar:1.13.6]
	at scala.PartialFunction.applyOrElse$(PartialFunction.scala:122) [flink-dist_2.12-1.13.6.jar:1.13.6]
	at akka.japi.pf.UnitCaseStatement.applyOrElse(CaseStatements.scala:21) [flink-dist_2.12-1.13.6.jar:1.13.6]
	at scala.PartialFunction$OrElse.applyOrElse(PartialFunction.scala:171) [flink-dist_2.12-1.13.6.jar:1.13.6]
	at scala.PartialFunction$OrElse.applyOrElse(PartialFunction.scala:172) [flink-dist_2.12-1.13.6.jar:1.13.6]
	at scala.PartialFunction$OrElse.applyOrElse(PartialFunction.scala:172) [flink-dist_2.12-1.13.6.jar:1.13.6]
	at akka.actor.Actor.aroundReceive(Actor.scala:517) [flink-dist_2.12-1.13.6.jar:1.13.6]
	at akka.actor.Actor.aroundReceive$(Actor.scala:515) [flink-dist_2.12-1.13.6.jar:1.13.6]
	at akka.actor.AbstractActor.aroundReceive(AbstractActor.scala:225) [flink-dist_2.12-1.13.6.jar:1.13.6]
	at akka.actor.ActorCell.receiveMessage(ActorCell.scala:592) [flink-dist_2.12-1.13.6.jar:1.13.6]
	at akka.actor.ActorCell.invoke(ActorCell.scala:561) [flink-dist_2.12-1.13.6.jar:1.13.6]
	at akka.dispatch.Mailbox.processMailbox(Mailbox.scala:258) [flink-dist_2.12-1.13.6.jar:1.13.6]
	at akka.dispatch.Mailbox.run(Mailbox.scala:225) [flink-dist_2.12-1.13.6.jar:1.13.6]
	at akka.dispatch.Mailbox.exec(Mailbox.scala:235) [flink-dist_2.12-1.13.6.jar:1.13.6]
	at akka.dispatch.forkjoin.ForkJoinTask.doExec(ForkJoinTask.java:260) [flink-dist_2.12-1.13.6.jar:1.13.6]
	at akka.dispatch.forkjoin.ForkJoinPool$WorkQueue.runTask(ForkJoinPool.java:1339) [flink-dist_2.12-1.13.6.jar:1.13.6]
	at akka.dispatch.forkjoin.ForkJoinPool.runWorker(ForkJoinPool.java:1979) [flink-dist_2.12-1.13.6.jar:1.13.6]
	at akka.dispatch.forkjoin.ForkJoinWorkerThread.run(ForkJoinWorkerThread.java:107) [flink-dist_2.12-1.13.6.jar:1.13.6]
Caused by: akka.pattern.AskTimeoutException: Ask timed out on [Actor[akka.tcp://flink@172.16.0.162:6123/user/rpc/jobmanager_2#5895618]] after [10000 ms]. Message of type [org.apache.flink.runtime.rpc.messages.RemoteFencedMessage]. A typical reason for `AskTimeoutException` is that the recipient actor didn't send a reply.
	at akka.pattern.PromiseActorRef$.$anonfun$defaultOnTimeout$1(AskSupport.scala:635) ~[flink-dist_2.12-1.13.6.jar:1.13.6]
	at akka.pattern.PromiseActorRef$.$anonfun$apply$1(AskSupport.scala:650) ~[flink-dist_2.12-1.13.6.jar:1.13.6]
	at akka.actor.Scheduler$$anon$4.run(Scheduler.scala:205) ~[flink-dist_2.12-1.13.6.jar:1.13.6]
	at scala.concurrent.Future$InternalCallbackExecutor$.unbatchedExecute(Future.scala:870) ~[flink-dist_2.12-1.13.6.jar:1.13.6]
	at scala.concurrent.BatchingExecutor.execute(BatchingExecutor.scala:109) ~[flink-dist_2.12-1.13.6.jar:1.13.6]
	at scala.concurrent.BatchingExecutor.execute$(BatchingExecutor.scala:103) ~[flink-dist_2.12-1.13.6.jar:1.13.6]
	at scala.concurrent.Future$InternalCallbackExecutor$.execute(Future.scala:868) ~[flink-dist_2.12-1.13.6.jar:1.13.6]
	at akka.actor.LightArrayRevolverScheduler$TaskHolder.executeTask(LightArrayRevolverScheduler.scala:328) ~[flink-dist_2.12-1.13.6.jar:1.13.6]
	at akka.actor.LightArrayRevolverScheduler$$anon$3.executeBucket$1(LightArrayRevolverScheduler.scala:279) ~[flink-dist_2.12-1.13.6.jar:1.13.6]
	at akka.actor.LightArrayRevolverScheduler$$anon$3.nextTick(LightArrayRevolverScheduler.scala:283) ~[flink-dist_2.12-1.13.6.jar:1.13.6]
	at akka.actor.LightArrayRevolverScheduler$$anon$3.run(LightArrayRevolverScheduler.scala:235) ~[flink-dist_2.12-1.13.6.jar:1.13.6]
	at java.lang.Thread.run(Unknown Source) ~[?:?]
2026-10-01 03:21:27,398 INFO  org.apache.flink.runtime.taskexecutor.TaskExecutor           [] - Cannot find task to fail for execution dbe73078dff54e00fa258ae255b2ed5e with exception:
java.util.concurrent.TimeoutException: Invocation of public abstract java.util.concurrent.CompletableFuture org.apache.flink.runtime.jobmaster.JobMasterGateway.updateTaskExecutionState(org.apache.flink.runtime.taskmanager.TaskExecutionState) timed out.
	at com.sun.proxy.$Proxy25.updateTaskExecutionState(Unknown Source) ~[?:?]
	at org.apache.flink.runtime.taskexecutor.TaskExecutor.updateTaskExecutionState(TaskExecutor.java:1852) ~[flink-dist_2.12-1.13.6.jar:1.13.6]
	at org.apache.flink.runtime.taskexecutor.TaskExecutor.unregisterTaskAndNotifyFinalState(TaskExecutor.java:1885) ~[flink-dist_2.12-1.13.6.jar:1.13.6]
	at org.apache.flink.runtime.taskexecutor.TaskExecutor.access$2600(TaskExecutor.java:181) ~[flink-dist_2.12-1.13.6.jar:1.13.6]
	at org.apache.flink.runtime.taskexecutor.TaskExecutor$TaskManagerActionsImpl.lambda$updateTaskExecutionState$1(TaskExecutor.java:2289) ~[flink-dist_2.12-1.13.6.jar:1.13.6]
	at org.apache.flink.runtime.rpc.akka.AkkaRpcActor.handleRunAsync(AkkaRpcActor.java:440) ~[flink-dist_2.12-1.13.6.jar:1.13.6]
	at org.apache.flink.runtime.rpc.akka.AkkaRpcActor.handleRpcMessage(AkkaRpcActor.java:208) ~[flink-dist_2.12-1.13.6.jar:1.13.6]
	at org.apache.flink.runtime.rpc.akka.AkkaRpcActor.handleMessage(AkkaRpcActor.java:158) ~[flink-dist_2.12-1.13.6.jar:1.13.6]
	at akka.japi.pf.UnitCaseStatement.apply(CaseStatements.scala:26) [flink-dist_2.12-1.13.6.jar:1.13.6]
	at akka.japi.pf.UnitCaseStatement.apply(CaseStatements.scala:21) [flink-dist_2.12-1.13.6.jar:1.13.6]
	at scala.PartialFunction.applyOrElse(PartialFunction.scala:123) [flink-dist_2.12-1.13.6.jar:1.13.6]
	at scala.PartialFunction.applyOrElse$(PartialFunction.scala:122) [flink-dist_2.12-1.13.6.jar:1.13.6]
	at akka.japi.pf.UnitCaseStatement.applyOrElse(CaseStatements.scala:21) [flink-dist_2.12-1.13.6.jar:1.13.6]
	at scala.PartialFunction$OrElse.applyOrElse(PartialFunction.scala:171) [flink-dist_2.12-1.13.6.jar:1.13.6]
	at scala.PartialFunction$OrElse.applyOrElse(PartialFunction.scala:172) [flink-dist_2.12-1.13.6.jar:1.13.6]
	at scala.PartialFunction$OrElse.applyOrElse(PartialFunction.scala:172) [flink-dist_2.12-1.13.6.jar:1.13.6]
	at akka.actor.Actor.aroundReceive(Actor.scala:517) [flink-dist_2.12-1.13.6.jar:1.13.6]
	at akka.actor.Actor.aroundReceive$(Actor.scala:515) [flink-dist_2.12-1.13.6.jar:1.13.6]
	at akka.actor.AbstractActor.aroundReceive(AbstractActor.scala:225) [flink-dist_2.12-1.13.6.jar:1.13.6]
	at akka.actor.ActorCell.receiveMessage(ActorCell.scala:592) [flink-dist_2.12-1.13.6.jar:1.13.6]
	at akka.actor.ActorCell.invoke(ActorCell.scala:561) [flink-dist_2.12-1.13.6.jar:1.13.6]
	at akka.dispatch.Mailbox.processMailbox(Mailbox.scala:258) [flink-dist_2.12-1.13.6.jar:1.13.6]
	at akka.dispatch.Mailbox.run(Mailbox.scala:225) [flink-dist_2.12-1.13.6.jar:1.13.6]
	at akka.dispatch.Mailbox.exec(Mailbox.scala:235) [flink-dist_2.12-1.13.6.jar:1.13.6]
	at akka.dispatch.forkjoin.ForkJoinTask.doExec(ForkJoinTask.java:260) [flink-dist_2.12-1.13.6.jar:1.13.6]
	at akka.dispatch.forkjoin.ForkJoinPool$WorkQueue.runTask(ForkJoinPool.java:1339) [flink-dist_2.12-1.13.6.jar:1.13.6]
	at akka.dispatch.forkjoin.ForkJoinPool.runWorker(ForkJoinPool.java:1979) [flink-dist_2.12-1.13.6.jar:1.13.6]
	at akka.dispatch.forkjoin.ForkJoinWorkerThread.run(ForkJoinWorkerThread.java:107) [flink-dist_2.12-1.13.6.jar:1.13.6]
Caused by: akka.pattern.AskTimeoutException: Ask timed out on [Actor[akka.tcp://flink@172.16.0.162:6123/user/rpc/jobmanager_2#5895618]] after [10000 ms]. Message of type [org.apache.flink.runtime.rpc.messages.RemoteFencedMessage]. A typical reason for `AskTimeoutException` is that the recipient actor didn't send a reply.
	at akka.pattern.PromiseActorRef$.$anonfun$defaultOnTimeout$1(AskSupport.scala:635) ~[flink-dist_2.12-1.13.6.jar:1.13.6]
	at akka.pattern.PromiseActorRef$.$anonfun$apply$1(AskSupport.scala:650) ~[flink-dist_2.12-1.13.6.jar:1.13.6]
	at akka.actor.Scheduler$$anon$4.run(Scheduler.scala:205) ~[flink-dist_2.12-1.13.6.jar:1.13.6]
	at scala.concurrent.Future$InternalCallbackExecutor$.unbatchedExecute(Future.scala:870) ~[flink-dist_2.12-1.13.6.jar:1.13.6]
	at scala.concurrent.BatchingExecutor.execute(BatchingExecutor.scala:109) ~[flink-dist_2.12-1.13.6.jar:1.13.6]
	at scala.concurrent.BatchingExecutor.execute$(BatchingExecutor.scala:103) ~[flink-dist_2.12-1.13.6.jar:1.13.6]
	at scala.concurrent.Future$InternalCallbackExecutor$.execute(Future.scala:868) ~[flink-dist_2.12-1.13.6.jar:1.13.6]
	at akka.actor.LightArrayRevolverScheduler$TaskHolder.executeTask(LightArrayRevolverScheduler.scala:328) ~[flink-dist_2.12-1.13.6.jar:1.13.6]
	at akka.actor.LightArrayRevolverScheduler$$anon$3.executeBucket$1(LightArrayRevolverScheduler.scala:279) ~[flink-dist_2.12-1.13.6.jar:1.13.6]
	at akka.actor.LightArrayRevolverScheduler$$anon$3.nextTick(LightArrayRevolverScheduler.scala:283) ~[flink-dist_2.12-1.13.6.jar:1.13.6]
	at akka.actor.LightArrayRevolverScheduler$$anon$3.run(LightArrayRevolverScheduler.scala:235) ~[flink-dist_2.12-1.13.6.jar:1.13.6]
	at java.lang.Thread.run(Unknown Source) ~[?:?]
2026-10-01 03:21:27,400 INFO  org.apache.flink.runtime.taskexecutor.TaskExecutor           [] - Cannot find task to fail for execution 41a56faa0c5ef26da4a6304152d2ad1c with exception:
java.util.concurrent.TimeoutException: Invocation of public abstract java.util.concurrent.CompletableFuture org.apache.flink.runtime.jobmaster.JobMasterGateway.updateTaskExecutionState(org.apache.flink.runtime.taskmanager.TaskExecutionState) timed out.
	at com.sun.proxy.$Proxy25.updateTaskExecutionState(Unknown Source) ~[?:?]
	at org.apache.flink.runtime.taskexecutor.TaskExecutor.updateTaskExecutionState(TaskExecutor.java:1852) ~[flink-dist_2.12-1.13.6.jar:1.13.6]
	at org.apache.flink.runtime.taskexecutor.TaskExecutor.unregisterTaskAndNotifyFinalState(TaskExecutor.java:1885) ~[flink-dist_2.12-1.13.6.jar:1.13.6]
	at org.apache.flink.runtime.taskexecutor.TaskExecutor.access$2600(TaskExecutor.java:181) ~[flink-dist_2.12-1.13.6.jar:1.13.6]
	at org.apache.flink.runtime.taskexecutor.TaskExecutor$TaskManagerActionsImpl.lambda$updateTaskExecutionState$1(TaskExecutor.java:2289) ~[flink-dist_2.12-1.13.6.jar:1.13.6]
	at org.apache.flink.runtime.rpc.akka.AkkaRpcActor.handleRunAsync(AkkaRpcActor.java:440) ~[flink-dist_2.12-1.13.6.jar:1.13.6]
	at org.apache.flink.runtime.rpc.akka.AkkaRpcActor.handleRpcMessage(AkkaRpcActor.java:208) ~[flink-dist_2.12-1.13.6.jar:1.13.6]
	at org.apache.flink.runtime.rpc.akka.AkkaRpcActor.handleMessage(AkkaRpcActor.java:158) ~[flink-dist_2.12-1.13.6.jar:1.13.6]
	at akka.japi.pf.UnitCaseStatement.apply(CaseStatements.scala:26) [flink-dist_2.12-1.13.6.jar:1.13.6]
	at akka.japi.pf.UnitCaseStatement.apply(CaseStatements.scala:21) [flink-dist_2.12-1.13.6.jar:1.13.6]
	at scala.PartialFunction.applyOrElse(PartialFunction.scala:123) [flink-dist_2.12-1.13.6.jar:1.13.6]
	at scala.PartialFunction.applyOrElse$(PartialFunction.scala:122) [flink-dist_2.12-1.13.6.jar:1.13.6]
	at akka.japi.pf.UnitCaseStatement.applyOrElse(CaseStatements.scala:21) [flink-dist_2.12-1.13.6.jar:1.13.6]
	at scala.PartialFunction$OrElse.applyOrElse(PartialFunction.scala:171) [flink-dist_2.12-1.13.6.jar:1.13.6]
	at scala.PartialFunction$OrElse.applyOrElse(PartialFunction.scala:172) [flink-dist_2.12-1.13.6.jar:1.13.6]
	at scala.PartialFunction$OrElse.applyOrElse(PartialFunction.scala:172) [flink-dist_2.12-1.13.6.jar:1.13.6]
	at akka.actor.Actor.aroundReceive(Actor.scala:517) [flink-dist_2.12-1.13.6.jar:1.13.6]
	at akka.actor.Actor.aroundReceive$(Actor.scala:515) [flink-dist_2.12-1.13.6.jar:1.13.6]
	at akka.actor.AbstractActor.aroundReceive(AbstractActor.scala:225) [flink-dist_2.12-1.13.6.jar:1.13.6]
	at akka.actor.ActorCell.receiveMessage(ActorCell.scala:592) [flink-dist_2.12-1.13.6.jar:1.13.6]
	at akka.actor.ActorCell.invoke(ActorCell.scala:561) [flink-dist_2.12-1.13.6.jar:1.13.6]
	at akka.dispatch.Mailbox.processMailbox(Mailbox.scala:258) [flink-dist_2.12-1.13.6.jar:1.13.6]
	at akka.dispatch.Mailbox.run(Mailbox.scala:225) [flink-dist_2.12-1.13.6.jar:1.13.6]
	at akka.dispatch.Mailbox.exec(Mailbox.scala:235) [flink-dist_2.12-1.13.6.jar:1.13.6]
	at akka.dispatch.forkjoin.ForkJoinTask.doExec(ForkJoinTask.java:260) [flink-dist_2.12-1.13.6.jar:1.13.6]
	at akka.dispatch.forkjoin.ForkJoinPool$WorkQueue.runTask(ForkJoinPool.java:1339) [flink-dist_2.12-1.13.6.jar:1.13.6]
	at akka.dispatch.forkjoin.ForkJoinPool.runWorker(ForkJoinPool.java:1979) [flink-dist_2.12-1.13.6.jar:1.13.6]
	at akka.dispatch.forkjoin.ForkJoinWorkerThread.run(ForkJoinWorkerThread.java:107) [flink-dist_2.12-1.13.6.jar:1.13.6]
Caused by: akka.pattern.AskTimeoutException: Ask timed out on [Actor[akka.tcp://flink@172.16.0.162:6123/user/rpc/jobmanager_2#5895618]] after [10000 ms]. Message of type [org.apache.flink.runtime.rpc.messages.RemoteFencedMessage]. A typical reason for `AskTimeoutException` is that the recipient actor didn't send a reply.
	at akka.pattern.PromiseActorRef$.$anonfun$defaultOnTimeout$1(AskSupport.scala:635) ~[flink-dist_2.12-1.13.6.jar:1.13.6]
	at akka.pattern.PromiseActorRef$.$anonfun$apply$1(AskSupport.scala:650) ~[flink-dist_2.12-1.13.6.jar:1.13.6]
	at akka.actor.Scheduler$$anon$4.run(Scheduler.scala:205) ~[flink-dist_2.12-1.13.6.jar:1.13.6]
	at scala.concurrent.Future$InternalCallbackExecutor$.unbatchedExecute(Future.scala:870) ~[flink-dist_2.12-1.13.6.jar:1.13.6]
	at scala.concurrent.BatchingExecutor.execute(BatchingExecutor.scala:109) ~[flink-dist_2.12-1.13.6.jar:1.13.6]
	at scala.concurrent.BatchingExecutor.execute$(BatchingExecutor.scala:103) ~[flink-dist_2.12-1.13.6.jar:1.13.6]
	at scala.concurrent.Future$InternalCallbackExecutor$.execute(Future.scala:868) ~[flink-dist_2.12-1.13.6.jar:1.13.6]
	at akka.actor.LightArrayRevolverScheduler$TaskHolder.executeTask(LightArrayRevolverScheduler.scala:328) ~[flink-dist_2.12-1.13.6.jar:1.13.6]
	at akka.actor.LightArrayRevolverScheduler$$anon$3.executeBucket$1(LightArrayRevolverScheduler.scala:279) ~[flink-dist_2.12-1.13.6.jar:1.13.6]
	at akka.actor.LightArrayRevolverScheduler$$anon$3.nextTick(LightArrayRevolverScheduler.scala:283) ~[flink-dist_2.12-1.13.6.jar:1.13.6]
	at akka.actor.LightArrayRevolverScheduler$$anon$3.run(LightArrayRevolverScheduler.scala:235) ~[flink-dist_2.12-1.13.6.jar:1.13.6]
	at java.lang.Thread.run(Unknown Source) ~[?:?]
2026-10-01 03:21:27,401 INFO  org.apache.flink.runtime.taskexecutor.TaskExecutor           [] - Cannot find task to fail for execution dd6726b77a0f0dd4a8c392f0e8bf2471 with exception:
java.util.concurrent.TimeoutException: Invocation of public abstract java.util.concurrent.CompletableFuture org.apache.flink.runtime.jobmaster.JobMasterGateway.updateTaskExecutionState(org.apache.flink.runtime.taskmanager.TaskExecutionState) timed out.
	at com.sun.proxy.$Proxy25.updateTaskExecutionState(Unknown Source) ~[?:?]
	at org.apache.flink.runtime.taskexecutor.TaskExecutor.updateTaskExecutionState(TaskExecutor.java:1852) ~[flink-dist_2.12-1.13.6.jar:1.13.6]
	at org.apache.flink.runtime.taskexecutor.TaskExecutor.unregisterTaskAndNotifyFinalState(TaskExecutor.java:1885) ~[flink-dist_2.12-1.13.6.jar:1.13.6]
	at org.apache.flink.runtime.taskexecutor.TaskExecutor.access$2600(TaskExecutor.java:181) ~[flink-dist_2.12-1.13.6.jar:1.13.6]
	at org.apache.flink.runtime.taskexecutor.TaskExecutor$TaskManagerActionsImpl.lambda$updateTaskExecutionState$1(TaskExecutor.java:2289) ~[flink-dist_2.12-1.13.6.jar:1.13.6]
	at org.apache.flink.runtime.rpc.akka.AkkaRpcActor.handleRunAsync(AkkaRpcActor.java:440) ~[flink-dist_2.12-1.13.6.jar:1.13.6]
	at org.apache.flink.runtime.rpc.akka.AkkaRpcActor.handleRpcMessage(AkkaRpcActor.java:208) ~[flink-dist_2.12-1.13.6.jar:1.13.6]
	at org.apache.flink.runtime.rpc.akka.AkkaRpcActor.handleMessage(AkkaRpcActor.java:158) ~[flink-dist_2.12-1.13.6.jar:1.13.6]
	at akka.japi.pf.UnitCaseStatement.apply(CaseStatements.scala:26) [flink-dist_2.12-1.13.6.jar:1.13.6]
	at akka.japi.pf.UnitCaseStatement.apply(CaseStatements.scala:21) [flink-dist_2.12-1.13.6.jar:1.13.6]
	at scala.PartialFunction.applyOrElse(PartialFunction.scala:123) [flink-dist_2.12-1.13.6.jar:1.13.6]
	at scala.PartialFunction.applyOrElse$(PartialFunction.scala:122) [flink-dist_2.12-1.13.6.jar:1.13.6]
	at akka.japi.pf.UnitCaseStatement.applyOrElse(CaseStatements.scala:21) [flink-dist_2.12-1.13.6.jar:1.13.6]
	at scala.PartialFunction$OrElse.applyOrElse(PartialFunction.scala:171) [flink-dist_2.12-1.13.6.jar:1.13.6]
	at scala.PartialFunction$OrElse.applyOrElse(PartialFunction.scala:172) [flink-dist_2.12-1.13.6.jar:1.13.6]
	at scala.PartialFunction$OrElse.applyOrElse(PartialFunction.scala:172) [flink-dist_2.12-1.13.6.jar:1.13.6]
	at akka.actor.Actor.aroundReceive(Actor.scala:517) [flink-dist_2.12-1.13.6.jar:1.13.6]
	at akka.actor.Actor.aroundReceive$(Actor.scala:515) [flink-dist_2.12-1.13.6.jar:1.13.6]
	at akka.actor.AbstractActor.aroundReceive(AbstractActor.scala:225) [flink-dist_2.12-1.13.6.jar:1.13.6]
	at akka.actor.ActorCell.receiveMessage(ActorCell.scala:592) [flink-dist_2.12-1.13.6.jar:1.13.6]
	at akka.actor.ActorCell.invoke(ActorCell.scala:561) [flink-dist_2.12-1.13.6.jar:1.13.6]
	at akka.dispatch.Mailbox.processMailbox(Mailbox.scala:258) [flink-dist_2.12-1.13.6.jar:1.13.6]
	at akka.dispatch.Mailbox.run(Mailbox.scala:225) [flink-dist_2.12-1.13.6.jar:1.13.6]
	at akka.dispatch.Mailbox.exec(Mailbox.scala:235) [flink-dist_2.12-1.13.6.jar:1.13.6]
	at akka.dispatch.forkjoin.ForkJoinTask.doExec(ForkJoinTask.java:260) [flink-dist_2.12-1.13.6.jar:1.13.6]
	at akka.dispatch.forkjoin.ForkJoinPool$WorkQueue.runTask(ForkJoinPool.java:1339) [flink-dist_2.12-1.13.6.jar:1.13.6]
	at akka.dispatch.forkjoin.ForkJoinPool.runWorker(ForkJoinPool.java:1979) [flink-dist_2.12-1.13.6.jar:1.13.6]
	at akka.dispatch.forkjoin.ForkJoinWorkerThread.run(ForkJoinWorkerThread.java:107) [flink-dist_2.12-1.13.6.jar:1.13.6]
Caused by: akka.pattern.AskTimeoutException: Ask timed out on [Actor[akka.tcp://flink@172.16.0.162:6123/user/rpc/jobmanager_2#5895618]] after [10000 ms]. Message of type [org.apache.flink.runtime.rpc.messages.RemoteFencedMessage]. A typical reason for `AskTimeoutException` is that the recipient actor didn't send a reply.
	at akka.pattern.PromiseActorRef$.$anonfun$defaultOnTimeout$1(AskSupport.scala:635) ~[flink-dist_2.12-1.13.6.jar:1.13.6]
	at akka.pattern.PromiseActorRef$.$anonfun$apply$1(AskSupport.scala:650) ~[flink-dist_2.12-1.13.6.jar:1.13.6]
	at akka.actor.Scheduler$$anon$4.run(Scheduler.scala:205) ~[flink-dist_2.12-1.13.6.jar:1.13.6]
	at scala.concurrent.Future$InternalCallbackExecutor$.unbatchedExecute(Future.scala:870) ~[flink-dist_2.12-1.13.6.jar:1.13.6]
	at scala.concurrent.BatchingExecutor.execute(BatchingExecutor.scala:109) ~[flink-dist_2.12-1.13.6.jar:1.13.6]
	at scala.concurrent.BatchingExecutor.execute$(BatchingExecutor.scala:103) ~[flink-dist_2.12-1.13.6.jar:1.13.6]
	at scala.concurrent.Future$InternalCallbackExecutor$.execute(Future.scala:868) ~[flink-dist_2.12-1.13.6.jar:1.13.6]
	at akka.actor.LightArrayRevolverScheduler$TaskHolder.executeTask(LightArrayRevolverScheduler.scala:328) ~[flink-dist_2.12-1.13.6.jar:1.13.6]
	at akka.actor.LightArrayRevolverScheduler$$anon$3.executeBucket$1(LightArrayRevolverScheduler.scala:279) ~[flink-dist_2.12-1.13.6.jar:1.13.6]
	at akka.actor.LightArrayRevolverScheduler$$anon$3.nextTick(LightArrayRevolverScheduler.scala:283) ~[flink-dist_2.12-1.13.6.jar:1.13.6]
	at akka.actor.LightArrayRevolverScheduler$$anon$3.run(LightArrayRevolverScheduler.scala:235) ~[flink-dist_2.12-1.13.6.jar:1.13.6]
	at java.lang.Thread.run(Unknown Source) ~[?:?]
2026-10-01 03:21:27,402 INFO  org.apache.flink.runtime.taskexecutor.TaskExecutor           [] - Cannot find task to fail for execution 8ed7e468f91810dae91173b1aeab607d with exception:
java.util.concurrent.TimeoutException: Invocation of public abstract java.util.concurrent.CompletableFuture org.apache.flink.runtime.jobmaster.JobMasterGateway.updateTaskExecutionState(org.apache.flink.runtime.taskmanager.TaskExecutionState) timed out.
	at com.sun.proxy.$Proxy25.updateTaskExecutionState(Unknown Source) ~[?:?]
	at org.apache.flink.runtime.taskexecutor.TaskExecutor.updateTaskExecutionState(TaskExecutor.java:1852) ~[flink-dist_2.12-1.13.6.jar:1.13.6]
	at org.apache.flink.runtime.taskexecutor.TaskExecutor.unregisterTaskAndNotifyFinalState(TaskExecutor.java:1885) ~[flink-dist_2.12-1.13.6.jar:1.13.6]
	at org.apache.flink.runtime.taskexecutor.TaskExecutor.access$2600(TaskExecutor.java:181) ~[flink-dist_2.12-1.13.6.jar:1.13.6]
	at org.apache.flink.runtime.taskexecutor.TaskExecutor$TaskManagerActionsImpl.lambda$updateTaskExecutionState$1(TaskExecutor.java:2289) ~[flink-dist_2.12-1.13.6.jar:1.13.6]
	at org.apache.flink.runtime.rpc.akka.AkkaRpcActor.handleRunAsync(AkkaRpcActor.java:440) ~[flink-dist_2.12-1.13.6.jar:1.13.6]
	at org.apache.flink.runtime.rpc.akka.AkkaRpcActor.handleRpcMessage(AkkaRpcActor.java:208) ~[flink-dist_2.12-1.13.6.jar:1.13.6]
	at org.apache.flink.runtime.rpc.akka.AkkaRpcActor.handleMessage(AkkaRpcActor.java:158) ~[flink-dist_2.12-1.13.6.jar:1.13.6]
	at akka.japi.pf.UnitCaseStatement.apply(CaseStatements.scala:26) [flink-dist_2.12-1.13.6.jar:1.13.6]
	at akka.japi.pf.UnitCaseStatement.apply(CaseStatements.scala:21) [flink-dist_2.12-1.13.6.jar:1.13.6]
	at scala.PartialFunction.applyOrElse(PartialFunction.scala:123) [flink-dist_2.12-1.13.6.jar:1.13.6]
	at scala.PartialFunction.applyOrElse$(PartialFunction.scala:122) [flink-dist_2.12-1.13.6.jar:1.13.6]
	at akka.japi.pf.UnitCaseStatement.applyOrElse(CaseStatements.scala:21) [flink-dist_2.12-1.13.6.jar:1.13.6]
	at scala.PartialFunction$OrElse.applyOrElse(PartialFunction.scala:171) [flink-dist_2.12-1.13.6.jar:1.13.6]
	at scala.PartialFunction$OrElse.applyOrElse(PartialFunction.scala:172) [flink-dist_2.12-1.13.6.jar:1.13.6]
	at scala.PartialFunction$OrElse.applyOrElse(PartialFunction.scala:172) [flink-dist_2.12-1.13.6.jar:1.13.6]
	at akka.actor.Actor.aroundReceive(Actor.scala:517) [flink-dist_2.12-1.13.6.jar:1.13.6]
	at akka.actor.Actor.aroundReceive$(Actor.scala:515) [flink-dist_2.12-1.13.6.jar:1.13.6]
	at akka.actor.AbstractActor.aroundReceive(AbstractActor.scala:225) [flink-dist_2.12-1.13.6.jar:1.13.6]
	at akka.actor.ActorCell.receiveMessage(ActorCell.scala:592) [flink-dist_2.12-1.13.6.jar:1.13.6]
	at akka.actor.ActorCell.invoke(ActorCell.scala:561) [flink-dist_2.12-1.13.6.jar:1.13.6]
	at akka.dispatch.Mailbox.processMailbox(Mailbox.scala:258) [flink-dist_2.12-1.13.6.jar:1.13.6]
	at akka.dispatch.Mailbox.run(Mailbox.scala:225) [flink-dist_2.12-1.13.6.jar:1.13.6]
	at akka.dispatch.Mailbox.exec(Mailbox.scala:235) [flink-dist_2.12-1.13.6.jar:1.13.6]
	at akka.dispatch.forkjoin.ForkJoinTask.doExec(ForkJoinTask.java:260) [flink-dist_2.12-1.13.6.jar:1.13.6]
	at akka.dispatch.forkjoin.ForkJoinPool$WorkQueue.runTask(ForkJoinPool.java:1339) [flink-dist_2.12-1.13.6.jar:1.13.6]
	at akka.dispatch.forkjoin.ForkJoinPool.runWorker(ForkJoinPool.java:1979) [flink-dist_2.12-1.13.6.jar:1.13.6]
	at akka.dispatch.forkjoin.ForkJoinWorkerThread.run(ForkJoinWorkerThread.java:107) [flink-dist_2.12-1.13.6.jar:1.13.6]
Caused by: akka.pattern.AskTimeoutException: Ask timed out on [Actor[akka.tcp://flink@172.16.0.162:6123/user/rpc/jobmanager_2#5895618]] after [10000 ms]. Message of type [org.apache.flink.runtime.rpc.messages.RemoteFencedMessage]. A typical reason for `AskTimeoutException` is that the recipient actor didn't send a reply.
	at akka.pattern.PromiseActorRef$.$anonfun$defaultOnTimeout$1(AskSupport.scala:635) ~[flink-dist_2.12-1.13.6.jar:1.13.6]
	at akka.pattern.PromiseActorRef$.$anonfun$apply$1(AskSupport.scala:650) ~[flink-dist_2.12-1.13.6.jar:1.13.6]
	at akka.actor.Scheduler$$anon$4.run(Scheduler.scala:205) ~[flink-dist_2.12-1.13.6.jar:1.13.6]
	at scala.concurrent.Future$InternalCallbackExecutor$.unbatchedExecute(Future.scala:870) ~[flink-dist_2.12-1.13.6.jar:1.13.6]
	at scala.concurrent.BatchingExecutor.execute(BatchingExecutor.scala:109) ~[flink-dist_2.12-1.13.6.jar:1.13.6]
	at scala.concurrent.BatchingExecutor.execute$(BatchingExecutor.scala:103) ~[flink-dist_2.12-1.13.6.jar:1.13.6]
	at scala.concurrent.Future$InternalCallbackExecutor$.execute(Future.scala:868) ~[flink-dist_2.12-1.13.6.jar:1.13.6]
	at akka.actor.LightArrayRevolverScheduler$TaskHolder.executeTask(LightArrayRevolverScheduler.scala:328) ~[flink-dist_2.12-1.13.6.jar:1.13.6]
	at akka.actor.LightArrayRevolverScheduler$$anon$3.executeBucket$1(LightArrayRevolverScheduler.scala:279) ~[flink-dist_2.12-1.13.6.jar:1.13.6]
	at akka.actor.LightArrayRevolverScheduler$$anon$3.nextTick(LightArrayRevolverScheduler.scala:283) ~[flink-dist_2.12-1.13.6.jar:1.13.6]
	at akka.actor.LightArrayRevolverScheduler$$anon$3.run(LightArrayRevolverScheduler.scala:235) ~[flink-dist_2.12-1.13.6.jar:1.13.6]
	at java.lang.Thread.run(Unknown Source) ~[?:?]
2026-10-01 03:21:27,402 INFO  org.apache.flink.runtime.taskexecutor.TaskExecutor           [] - Cannot find task to fail for execution 0f5f28642bec52b2c8a4b83b13c0a081 with exception:
java.util.concurrent.TimeoutException: Invocation of public abstract java.util.concurrent.CompletableFuture org.apache.flink.runtime.jobmaster.JobMasterGateway.updateTaskExecutionState(org.apache.flink.runtime.taskmanager.TaskExecutionState) timed out.
	at com.sun.proxy.$Proxy25.updateTaskExecutionState(Unknown Source) ~[?:?]
	at org.apache.flink.runtime.taskexecutor.TaskExecutor.updateTaskExecutionState(TaskExecutor.java:1852) ~[flink-dist_2.12-1.13.6.jar:1.13.6]
	at org.apache.flink.runtime.taskexecutor.TaskExecutor.unregisterTaskAndNotifyFinalState(TaskExecutor.java:1885) ~[flink-dist_2.12-1.13.6.jar:1.13.6]
	at org.apache.flink.runtime.taskexecutor.TaskExecutor.access$2600(TaskExecutor.java:181) ~[flink-dist_2.12-1.13.6.jar:1.13.6]
	at org.apache.flink.runtime.taskexecutor.TaskExecutor$TaskManagerActionsImpl.lambda$updateTaskExecutionState$1(TaskExecutor.java:2289) ~[flink-dist_2.12-1.13.6.jar:1.13.6]
	at org.apache.flink.runtime.rpc.akka.AkkaRpcActor.handleRunAsync(AkkaRpcActor.java:440) ~[flink-dist_2.12-1.13.6.jar:1.13.6]
	at org.apache.flink.runtime.rpc.akka.AkkaRpcActor.handleRpcMessage(AkkaRpcActor.java:208) ~[flink-dist_2.12-1.13.6.jar:1.13.6]
	at org.apache.flink.runtime.rpc.akka.AkkaRpcActor.handleMessage(AkkaRpcActor.java:158) ~[flink-dist_2.12-1.13.6.jar:1.13.6]
	at akka.japi.pf.UnitCaseStatement.apply(CaseStatements.scala:26) [flink-dist_2.12-1.13.6.jar:1.13.6]
	at akka.japi.pf.UnitCaseStatement.apply(CaseStatements.scala:21) [flink-dist_2.12-1.13.6.jar:1.13.6]
	at scala.PartialFunction.applyOrElse(PartialFunction.scala:123) [flink-dist_2.12-1.13.6.jar:1.13.6]
	at scala.PartialFunction.applyOrElse$(PartialFunction.scala:122) [flink-dist_2.12-1.13.6.jar:1.13.6]
	at akka.japi.pf.UnitCaseStatement.applyOrElse(CaseStatements.scala:21) [flink-dist_2.12-1.13.6.jar:1.13.6]
	at scala.PartialFunction$OrElse.applyOrElse(PartialFunction.scala:171) [flink-dist_2.12-1.13.6.jar:1.13.6]
	at scala.PartialFunction$OrElse.applyOrElse(PartialFunction.scala:172) [flink-dist_2.12-1.13.6.jar:1.13.6]
	at scala.PartialFunction$OrElse.applyOrElse(PartialFunction.scala:172) [flink-dist_2.12-1.13.6.jar:1.13.6]
	at akka.actor.Actor.aroundReceive(Actor.scala:517) [flink-dist_2.12-1.13.6.jar:1.13.6]
	at akka.actor.Actor.aroundReceive$(Actor.scala:515) [flink-dist_2.12-1.13.6.jar:1.13.6]
	at akka.actor.AbstractActor.aroundReceive(AbstractActor.scala:225) [flink-dist_2.12-1.13.6.jar:1.13.6]
	at akka.actor.ActorCell.receiveMessage(ActorCell.scala:592) [flink-dist_2.12-1.13.6.jar:1.13.6]
	at akka.actor.ActorCell.invoke(ActorCell.scala:561) [flink-dist_2.12-1.13.6.jar:1.13.6]
	at akka.dispatch.Mailbox.processMailbox(Mailbox.scala:258) [flink-dist_2.12-1.13.6.jar:1.13.6]
	at akka.dispatch.Mailbox.run(Mailbox.scala:225) [flink-dist_2.12-1.13.6.jar:1.13.6]
	at akka.dispatch.Mailbox.exec(Mailbox.scala:235) [flink-dist_2.12-1.13.6.jar:1.13.6]
	at akka.dispatch.forkjoin.ForkJoinTask.doExec(ForkJoinTask.java:260) [flink-dist_2.12-1.13.6.jar:1.13.6]
	at akka.dispatch.forkjoin.ForkJoinPool$WorkQueue.runTask(ForkJoinPool.java:1339) [flink-dist_2.12-1.13.6.jar:1.13.6]
	at akka.dispatch.forkjoin.ForkJoinPool.runWorker(ForkJoinPool.java:1979) [flink-dist_2.12-1.13.6.jar:1.13.6]
	at akka.dispatch.forkjoin.ForkJoinWorkerThread.run(ForkJoinWorkerThread.java:107) [flink-dist_2.12-1.13.6.jar:1.13.6]
Caused by: akka.pattern.AskTimeoutException: Ask timed out on [Actor[akka.tcp://flink@172.16.0.162:6123/user/rpc/jobmanager_2#5895618]] after [10000 ms]. Message of type [org.apache.flink.runtime.rpc.messages.RemoteFencedMessage]. A typical reason for `AskTimeoutException` is that the recipient actor didn't send a reply.
	at akka.pattern.PromiseActorRef$.$anonfun$defaultOnTimeout$1(AskSupport.scala:635) ~[flink-dist_2.12-1.13.6.jar:1.13.6]
	at akka.pattern.PromiseActorRef$.$anonfun$apply$1(AskSupport.scala:650) ~[flink-dist_2.12-1.13.6.jar:1.13.6]
	at akka.actor.Scheduler$$anon$4.run(Scheduler.scala:205) ~[flink-dist_2.12-1.13.6.jar:1.13.6]
	at scala.concurrent.Future$InternalCallbackExecutor$.unbatchedExecute(Future.scala:870) ~[flink-dist_2.12-1.13.6.jar:1.13.6]
	at scala.concurrent.BatchingExecutor.execute(BatchingExecutor.scala:109) ~[flink-dist_2.12-1.13.6.jar:1.13.6]
	at scala.concurrent.BatchingExecutor.execute$(BatchingExecutor.scala:103) ~[flink-dist_2.12-1.13.6.jar:1.13.6]
	at scala.concurrent.Future$InternalCallbackExecutor$.execute(Future.scala:868) ~[flink-dist_2.12-1.13.6.jar:1.13.6]
	at akka.actor.LightArrayRevolverScheduler$TaskHolder.executeTask(LightArrayRevolverScheduler.scala:328) ~[flink-dist_2.12-1.13.6.jar:1.13.6]
	at akka.actor.LightArrayRevolverScheduler$$anon$3.executeBucket$1(LightArrayRevolverScheduler.scala:279) ~[flink-dist_2.12-1.13.6.jar:1.13.6]
	at akka.actor.LightArrayRevolverScheduler$$anon$3.nextTick(LightArrayRevolverScheduler.scala:283) ~[flink-dist_2.12-1.13.6.jar:1.13.6]
	at akka.actor.LightArrayRevolverScheduler$$anon$3.run(LightArrayRevolverScheduler.scala:235) ~[flink-dist_2.12-1.13.6.jar:1.13.6]
	at java.lang.Thread.run(Unknown Source) ~[?:?]
2026-10-01 03:21:27,404 INFO  org.apache.flink.runtime.taskexecutor.TaskExecutor           [] - Cannot find task to fail for execution 9fef2505298f01b75b56a344bcfe7c2e with exception:
java.util.concurrent.TimeoutException: Invocation of public abstract java.util.concurrent.CompletableFuture org.apache.flink.runtime.jobmaster.JobMasterGateway.updateTaskExecutionState(org.apache.flink.runtime.taskmanager.TaskExecutionState) timed out.
	at com.sun.proxy.$Proxy25.updateTaskExecutionState(Unknown Source) ~[?:?]
	at org.apache.flink.runtime.taskexecutor.TaskExecutor.updateTaskExecutionState(TaskExecutor.java:1852) ~[flink-dist_2.12-1.13.6.jar:1.13.6]
	at org.apache.flink.runtime.taskexecutor.TaskExecutor.unregisterTaskAndNotifyFinalState(TaskExecutor.java:1885) ~[flink-dist_2.12-1.13.6.jar:1.13.6]
	at org.apache.flink.runtime.taskexecutor.TaskExecutor.access$2600(TaskExecutor.java:181) ~[flink-dist_2.12-1.13.6.jar:1.13.6]
	at org.apache.flink.runtime.taskexecutor.TaskExecutor$TaskManagerActionsImpl.lambda$updateTaskExecutionState$1(TaskExecutor.java:2289) ~[flink-dist_2.12-1.13.6.jar:1.13.6]
	at org.apache.flink.runtime.rpc.akka.AkkaRpcActor.handleRunAsync(AkkaRpcActor.java:440) ~[flink-dist_2.12-1.13.6.jar:1.13.6]
	at org.apache.flink.runtime.rpc.akka.AkkaRpcActor.handleRpcMessage(AkkaRpcActor.java:208) ~[flink-dist_2.12-1.13.6.jar:1.13.6]
	at org.apache.flink.runtime.rpc.akka.AkkaRpcActor.handleMessage(AkkaRpcActor.java:158) ~[flink-dist_2.12-1.13.6.jar:1.13.6]
	at akka.japi.pf.UnitCaseStatement.apply(CaseStatements.scala:26) [flink-dist_2.12-1.13.6.jar:1.13.6]
	at akka.japi.pf.UnitCaseStatement.apply(CaseStatements.scala:21) [flink-dist_2.12-1.13.6.jar:1.13.6]
	at scala.PartialFunction.applyOrElse(PartialFunction.scala:123) [flink-dist_2.12-1.13.6.jar:1.13.6]
	at scala.PartialFunction.applyOrElse$(PartialFunction.scala:122) [flink-dist_2.12-1.13.6.jar:1.13.6]
	at akka.japi.pf.UnitCaseStatement.applyOrElse(CaseStatements.scala:21) [flink-dist_2.12-1.13.6.jar:1.13.6]
	at scala.PartialFunction$OrElse.applyOrElse(PartialFunction.scala:171) [flink-dist_2.12-1.13.6.jar:1.13.6]
	at scala.PartialFunction$OrElse.applyOrElse(PartialFunction.scala:172) [flink-dist_2.12-1.13.6.jar:1.13.6]
	at scala.PartialFunction$OrElse.applyOrElse(PartialFunction.scala:172) [flink-dist_2.12-1.13.6.jar:1.13.6]
	at akka.actor.Actor.aroundReceive(Actor.scala:517) [flink-dist_2.12-1.13.6.jar:1.13.6]
	at akka.actor.Actor.aroundReceive$(Actor.scala:515) [flink-dist_2.12-1.13.6.jar:1.13.6]
	at akka.actor.AbstractActor.aroundReceive(AbstractActor.scala:225) [flink-dist_2.12-1.13.6.jar:1.13.6]
	at akka.actor.ActorCell.receiveMessage(ActorCell.scala:592) [flink-dist_2.12-1.13.6.jar:1.13.6]
	at akka.actor.ActorCell.invoke(ActorCell.scala:561) [flink-dist_2.12-1.13.6.jar:1.13.6]
	at akka.dispatch.Mailbox.processMailbox(Mailbox.scala:258) [flink-dist_2.12-1.13.6.jar:1.13.6]
	at akka.dispatch.Mailbox.run(Mailbox.scala:225) [flink-dist_2.12-1.13.6.jar:1.13.6]
	at akka.dispatch.Mailbox.exec(Mailbox.scala:235) [flink-dist_2.12-1.13.6.jar:1.13.6]
	at akka.dispatch.forkjoin.ForkJoinTask.doExec(ForkJoinTask.java:260) [flink-dist_2.12-1.13.6.jar:1.13.6]
	at akka.dispatch.forkjoin.ForkJoinPool$WorkQueue.runTask(ForkJoinPool.java:1339) [flink-dist_2.12-1.13.6.jar:1.13.6]
	at akka.dispatch.forkjoin.ForkJoinPool.runWorker(ForkJoinPool.java:1979) [flink-dist_2.12-1.13.6.jar:1.13.6]
	at akka.dispatch.forkjoin.ForkJoinWorkerThread.run(ForkJoinWorkerThread.java:107) [flink-dist_2.12-1.13.6.jar:1.13.6]
Caused by: akka.pattern.AskTimeoutException: Ask timed out on [Actor[akka.tcp://flink@172.16.0.162:6123/user/rpc/jobmanager_2#5895618]] after [10000 ms]. Message of type [org.apache.flink.runtime.rpc.messages.RemoteFencedMessage]. A typical reason for `AskTimeoutException` is that the recipient actor didn't send a reply.
	at akka.pattern.PromiseActorRef$.$anonfun$defaultOnTimeout$1(AskSupport.scala:635) ~[flink-dist_2.12-1.13.6.jar:1.13.6]
	at akka.pattern.PromiseActorRef$.$anonfun$apply$1(AskSupport.scala:650) ~[flink-dist_2.12-1.13.6.jar:1.13.6]
	at akka.actor.Scheduler$$anon$4.run(Scheduler.scala:205) ~[flink-dist_2.12-1.13.6.jar:1.13.6]
	at scala.concurrent.Future$InternalCallbackExecutor$.unbatchedExecute(Future.scala:870) ~[flink-dist_2.12-1.13.6.jar:1.13.6]
	at scala.concurrent.BatchingExecutor.execute(BatchingExecutor.scala:109) ~[flink-dist_2.12-1.13.6.jar:1.13.6]
	at scala.concurrent.BatchingExecutor.execute$(BatchingExecutor.scala:103) ~[flink-dist_2.12-1.13.6.jar:1.13.6]
	at scala.concurrent.Future$InternalCallbackExecutor$.execute(Future.scala:868) ~[flink-dist_2.12-1.13.6.jar:1.13.6]
	at akka.actor.LightArrayRevolverScheduler$TaskHolder.executeTask(LightArrayRevolverScheduler.scala:328) ~[flink-dist_2.12-1.13.6.jar:1.13.6]
	at akka.actor.LightArrayRevolverScheduler$$anon$3.executeBucket$1(LightArrayRevolverScheduler.scala:279) ~[flink-dist_2.12-1.13.6.jar:1.13.6]
	at akka.actor.LightArrayRevolverScheduler$$anon$3.nextTick(LightArrayRevolverScheduler.scala:283) ~[flink-dist_2.12-1.13.6.jar:1.13.6]
	at akka.actor.LightArrayRevolverScheduler$$anon$3.run(LightArrayRevolverScheduler.scala:235) ~[flink-dist_2.12-1.13.6.jar:1.13.6]
	at java.lang.Thread.run(Unknown Source) ~[?:?]
2026-10-01 03:21:27,405 INFO  org.apache.flink.runtime.taskexecutor.TaskExecutor           [] - Cannot find task to fail for execution cb1f5f9f2302bafabab294252fa6809a with exception:
java.util.concurrent.TimeoutException: Invocation of public abstract java.util.concurrent.CompletableFuture org.apache.flink.runtime.jobmaster.JobMasterGateway.updateTaskExecutionState(org.apache.flink.runtime.taskmanager.TaskExecutionState) timed out.
	at com.sun.proxy.$Proxy25.updateTaskExecutionState(Unknown Source) ~[?:?]
	at org.apache.flink.runtime.taskexecutor.TaskExecutor.updateTaskExecutionState(TaskExecutor.java:1852) ~[flink-dist_2.12-1.13.6.jar:1.13.6]
	at org.apache.flink.runtime.taskexecutor.TaskExecutor.unregisterTaskAndNotifyFinalState(TaskExecutor.java:1885) ~[flink-dist_2.12-1.13.6.jar:1.13.6]
	at org.apache.flink.runtime.taskexecutor.TaskExecutor.access$2600(TaskExecutor.java:181) ~[flink-dist_2.12-1.13.6.jar:1.13.6]
	at org.apache.flink.runtime.taskexecutor.TaskExecutor$TaskManagerActionsImpl.lambda$updateTaskExecutionState$1(TaskExecutor.java:2289) ~[flink-dist_2.12-1.13.6.jar:1.13.6]
	at org.apache.flink.runtime.rpc.akka.AkkaRpcActor.handleRunAsync(AkkaRpcActor.java:440) ~[flink-dist_2.12-1.13.6.jar:1.13.6]
	at org.apache.flink.runtime.rpc.akka.AkkaRpcActor.handleRpcMessage(AkkaRpcActor.java:208) ~[flink-dist_2.12-1.13.6.jar:1.13.6]
	at org.apache.flink.runtime.rpc.akka.AkkaRpcActor.handleMessage(AkkaRpcActor.java:158) ~[flink-dist_2.12-1.13.6.jar:1.13.6]
	at akka.japi.pf.UnitCaseStatement.apply(CaseStatements.scala:26) [flink-dist_2.12-1.13.6.jar:1.13.6]
	at akka.japi.pf.UnitCaseStatement.apply(CaseStatements.scala:21) [flink-dist_2.12-1.13.6.jar:1.13.6]
	at scala.PartialFunction.applyOrElse(PartialFunction.scala:123) [flink-dist_2.12-1.13.6.jar:1.13.6]
	at scala.PartialFunction.applyOrElse$(PartialFunction.scala:122) [flink-dist_2.12-1.13.6.jar:1.13.6]
	at akka.japi.pf.UnitCaseStatement.applyOrElse(CaseStatements.scala:21) [flink-dist_2.12-1.13.6.jar:1.13.6]
	at scala.PartialFunction$OrElse.applyOrElse(PartialFunction.scala:171) [flink-dist_2.12-1.13.6.jar:1.13.6]
	at scala.PartialFunction$OrElse.applyOrElse(PartialFunction.scala:172) [flink-dist_2.12-1.13.6.jar:1.13.6]
	at scala.PartialFunction$OrElse.applyOrElse(PartialFunction.scala:172) [flink-dist_2.12-1.13.6.jar:1.13.6]
	at akka.actor.Actor.aroundReceive(Actor.scala:517) [flink-dist_2.12-1.13.6.jar:1.13.6]
	at akka.actor.Actor.aroundReceive$(Actor.scala:515) [flink-dist_2.12-1.13.6.jar:1.13.6]
	at akka.actor.AbstractActor.aroundReceive(AbstractActor.scala:225) [flink-dist_2.12-1.13.6.jar:1.13.6]
	at akka.actor.ActorCell.receiveMessage(ActorCell.scala:592) [flink-dist_2.12-1.13.6.jar:1.13.6]
	at akka.actor.ActorCell.invoke(ActorCell.scala:561) [flink-dist_2.12-1.13.6.jar:1.13.6]
	at akka.dispatch.Mailbox.processMailbox(Mailbox.scala:258) [flink-dist_2.12-1.13.6.jar:1.13.6]
	at akka.dispatch.Mailbox.run(Mailbox.scala:225) [flink-dist_2.12-1.13.6.jar:1.13.6]
	at akka.dispatch.Mailbox.exec(Mailbox.scala:235) [flink-dist_2.12-1.13.6.jar:1.13.6]
	at akka.dispatch.forkjoin.ForkJoinTask.doExec(ForkJoinTask.java:260) [flink-dist_2.12-1.13.6.jar:1.13.6]
	at akka.dispatch.forkjoin.ForkJoinPool$WorkQueue.runTask(ForkJoinPool.java:1339) [flink-dist_2.12-1.13.6.jar:1.13.6]
	at akka.dispatch.forkjoin.ForkJoinPool.runWorker(ForkJoinPool.java:1979) [flink-dist_2.12-1.13.6.jar:1.13.6]
	at akka.dispatch.forkjoin.ForkJoinWorkerThread.run(ForkJoinWorkerThread.java:107) [flink-dist_2.12-1.13.6.jar:1.13.6]
Caused by: akka.pattern.AskTimeoutException: Ask timed out on [Actor[akka.tcp://flink@172.16.0.162:6123/user/rpc/jobmanager_2#5895618]] after [10000 ms]. Message of type [org.apache.flink.runtime.rpc.messages.RemoteFencedMessage]. A typical reason for `AskTimeoutException` is that the recipient actor didn't send a reply.
	at akka.pattern.PromiseActorRef$.$anonfun$defaultOnTimeout$1(AskSupport.scala:635) ~[flink-dist_2.12-1.13.6.jar:1.13.6]
	at akka.pattern.PromiseActorRef$.$anonfun$apply$1(AskSupport.scala:650) ~[flink-dist_2.12-1.13.6.jar:1.13.6]
	at akka.actor.Scheduler$$anon$4.run(Scheduler.scala:205) ~[flink-dist_2.12-1.13.6.jar:1.13.6]
	at scala.concurrent.Future$InternalCallbackExecutor$.unbatchedExecute(Future.scala:870) ~[flink-dist_2.12-1.13.6.jar:1.13.6]
	at scala.concurrent.BatchingExecutor.execute(BatchingExecutor.scala:109) ~[flink-dist_2.12-1.13.6.jar:1.13.6]
	at scala.concurrent.BatchingExecutor.execute$(BatchingExecutor.scala:103) ~[flink-dist_2.12-1.13.6.jar:1.13.6]
	at scala.concurrent.Future$InternalCallbackExecutor$.execute(Future.scala:868) ~[flink-dist_2.12-1.13.6.jar:1.13.6]
	at akka.actor.LightArrayRevolverScheduler$TaskHolder.executeTask(LightArrayRevolverScheduler.scala:328) ~[flink-dist_2.12-1.13.6.jar:1.13.6]
	at akka.actor.LightArrayRevolverScheduler$$anon$3.executeBucket$1(LightArrayRevolverScheduler.scala:279) ~[flink-dist_2.12-1.13.6.jar:1.13.6]
	at akka.actor.LightArrayRevolverScheduler$$anon$3.nextTick(LightArrayRevolverScheduler.scala:283) ~[flink-dist_2.12-1.13.6.jar:1.13.6]
	at akka.actor.LightArrayRevolverScheduler$$anon$3.run(LightArrayRevolverScheduler.scala:235) ~[flink-dist_2.12-1.13.6.jar:1.13.6]
	at java.lang.Thread.run(Unknown Source) ~[?:?]
2026-10-01 03:21:27,406 INFO  org.apache.flink.runtime.taskexecutor.TaskExecutor           [] - Cannot find task to fail for execution 2a21bf03ff9fd7e2de90cc2131bba13b with exception:
java.util.concurrent.TimeoutException: Invocation of public abstract java.util.concurrent.CompletableFuture org.apache.flink.runtime.jobmaster.JobMasterGateway.updateTaskExecutionState(org.apache.flink.runtime.taskmanager.TaskExecutionState) timed out.
	at com.sun.proxy.$Proxy25.updateTaskExecutionState(Unknown Source) ~[?:?]
	at org.apache.flink.runtime.taskexecutor.TaskExecutor.updateTaskExecutionState(TaskExecutor.java:1852) ~[flink-dist_2.12-1.13.6.jar:1.13.6]
	at org.apache.flink.runtime.taskexecutor.TaskExecutor.unregisterTaskAndNotifyFinalState(TaskExecutor.java:1885) ~[flink-dist_2.12-1.13.6.jar:1.13.6]
	at org.apache.flink.runtime.taskexecutor.TaskExecutor.access$2600(TaskExecutor.java:181) ~[flink-dist_2.12-1.13.6.jar:1.13.6]
	at org.apache.flink.runtime.taskexecutor.TaskExecutor$TaskManagerActionsImpl.lambda$updateTaskExecutionState$1(TaskExecutor.java:2289) ~[flink-dist_2.12-1.13.6.jar:1.13.6]
	at org.apache.flink.runtime.rpc.akka.AkkaRpcActor.handleRunAsync(AkkaRpcActor.java:440) ~[flink-dist_2.12-1.13.6.jar:1.13.6]
	at org.apache.flink.runtime.rpc.akka.AkkaRpcActor.handleRpcMessage(AkkaRpcActor.java:208) ~[flink-dist_2.12-1.13.6.jar:1.13.6]
	at org.apache.flink.runtime.rpc.akka.AkkaRpcActor.handleMessage(AkkaRpcActor.java:158) ~[flink-dist_2.12-1.13.6.jar:1.13.6]
	at akka.japi.pf.UnitCaseStatement.apply(CaseStatements.scala:26) [flink-dist_2.12-1.13.6.jar:1.13.6]
	at akka.japi.pf.UnitCaseStatement.apply(CaseStatements.scala:21) [flink-dist_2.12-1.13.6.jar:1.13.6]
	at scala.PartialFunction.applyOrElse(PartialFunction.scala:123) [flink-dist_2.12-1.13.6.jar:1.13.6]
	at scala.PartialFunction.applyOrElse$(PartialFunction.scala:122) [flink-dist_2.12-1.13.6.jar:1.13.6]
	at akka.japi.pf.UnitCaseStatement.applyOrElse(CaseStatements.scala:21) [flink-dist_2.12-1.13.6.jar:1.13.6]
	at scala.PartialFunction$OrElse.applyOrElse(PartialFunction.scala:171) [flink-dist_2.12-1.13.6.jar:1.13.6]
	at scala.PartialFunction$OrElse.applyOrElse(PartialFunction.scala:172) [flink-dist_2.12-1.13.6.jar:1.13.6]
	at scala.PartialFunction$OrElse.applyOrElse(PartialFunction.scala:172) [flink-dist_2.12-1.13.6.jar:1.13.6]
	at akka.actor.Actor.aroundReceive(Actor.scala:517) [flink-dist_2.12-1.13.6.jar:1.13.6]
	at akka.actor.Actor.aroundReceive$(Actor.scala:515) [flink-dist_2.12-1.13.6.jar:1.13.6]
	at akka.actor.AbstractActor.aroundReceive(AbstractActor.scala:225) [flink-dist_2.12-1.13.6.jar:1.13.6]
	at akka.actor.ActorCell.receiveMessage(ActorCell.scala:592) [flink-dist_2.12-1.13.6.jar:1.13.6]
	at akka.actor.ActorCell.invoke(ActorCell.scala:561) [flink-dist_2.12-1.13.6.jar:1.13.6]
	at akka.dispatch.Mailbox.processMailbox(Mailbox.scala:258) [flink-dist_2.12-1.13.6.jar:1.13.6]
	at akka.dispatch.Mailbox.run(Mailbox.scala:225) [flink-dist_2.12-1.13.6.jar:1.13.6]
	at akka.dispatch.Mailbox.exec(Mailbox.scala:235) [flink-dist_2.12-1.13.6.jar:1.13.6]
	at akka.dispatch.forkjoin.ForkJoinTask.doExec(ForkJoinTask.java:260) [flink-dist_2.12-1.13.6.jar:1.13.6]
	at akka.dispatch.forkjoin.ForkJoinPool$WorkQueue.runTask(ForkJoinPool.java:1339) [flink-dist_2.12-1.13.6.jar:1.13.6]
	at akka.dispatch.forkjoin.ForkJoinPool.runWorker(ForkJoinPool.java:1979) [flink-dist_2.12-1.13.6.jar:1.13.6]
	at akka.dispatch.forkjoin.ForkJoinWorkerThread.run(ForkJoinWorkerThread.java:107) [flink-dist_2.12-1.13.6.jar:1.13.6]
Caused by: akka.pattern.AskTimeoutException: Ask timed out on [Actor[akka.tcp://flink@172.16.0.162:6123/user/rpc/jobmanager_2#5895618]] after [10000 ms]. Message of type [org.apache.flink.runtime.rpc.messages.RemoteFencedMessage]. A typical reason for `AskTimeoutException` is that the recipient actor didn't send a reply.
	at akka.pattern.PromiseActorRef$.$anonfun$defaultOnTimeout$1(AskSupport.scala:635) ~[flink-dist_2.12-1.13.6.jar:1.13.6]
	at akka.pattern.PromiseActorRef$.$anonfun$apply$1(AskSupport.scala:650) ~[flink-dist_2.12-1.13.6.jar:1.13.6]
	at akka.actor.Scheduler$$anon$4.run(Scheduler.scala:205) ~[flink-dist_2.12-1.13.6.jar:1.13.6]
	at scala.concurrent.Future$InternalCallbackExecutor$.unbatchedExecute(Future.scala:870) ~[flink-dist_2.12-1.13.6.jar:1.13.6]
	at scala.concurrent.BatchingExecutor.execute(BatchingExecutor.scala:109) ~[flink-dist_2.12-1.13.6.jar:1.13.6]
	at scala.concurrent.BatchingExecutor.execute$(BatchingExecutor.scala:103) ~[flink-dist_2.12-1.13.6.jar:1.13.6]
	at scala.concurrent.Future$InternalCallbackExecutor$.execute(Future.scala:868) ~[flink-dist_2.12-1.13.6.jar:1.13.6]
	at akka.actor.LightArrayRevolverScheduler$TaskHolder.executeTask(LightArrayRevolverScheduler.scala:328) ~[flink-dist_2.12-1.13.6.jar:1.13.6]
	at akka.actor.LightArrayRevolverScheduler$$anon$3.executeBucket$1(LightArrayRevolverScheduler.scala:279) ~[flink-dist_2.12-1.13.6.jar:1.13.6]
	at akka.actor.LightArrayRevolverScheduler$$anon$3.nextTick(LightArrayRevolverScheduler.scala:283) ~[flink-dist_2.12-1.13.6.jar:1.13.6]
	at akka.actor.LightArrayRevolverScheduler$$anon$3.run(LightArrayRevolverScheduler.scala:235) ~[flink-dist_2.12-1.13.6.jar:1.13.6]
	at java.lang.Thread.run(Unknown Source) ~[?:?]
2026-10-01 03:21:27,408 INFO  org.apache.flink.runtime.taskexecutor.DefaultJobLeaderService [] - Could not resolve JobManager address akka.tcp://flink@172.16.0.162:6123/user/rpc/jobmanager_2, retrying in 10000 ms: Could not connect to rpc endpoint under address akka.tcp://flink@172.16.0.162:6123/user/rpc/jobmanager_2.
2026-10-01 03:21:27,407 INFO  org.apache.flink.runtime.taskexecutor.TaskExecutor           [] - Cannot find task to fail for execution 077c60363aaee95107326d98fc10f327 with exception:
java.util.concurrent.TimeoutException: Invocation of public abstract java.util.concurrent.CompletableFuture org.apache.flink.runtime.jobmaster.JobMasterGateway.updateTaskExecutionState(org.apache.flink.runtime.taskmanager.TaskExecutionState) timed out.
	at com.sun.proxy.$Proxy25.updateTaskExecutionState(Unknown Source) ~[?:?]
	at org.apache.flink.runtime.taskexecutor.TaskExecutor.updateTaskExecutionState(TaskExecutor.java:1852) ~[flink-dist_2.12-1.13.6.jar:1.13.6]
	at org.apache.flink.runtime.taskexecutor.TaskExecutor.unregisterTaskAndNotifyFinalState(TaskExecutor.java:1885) ~[flink-dist_2.12-1.13.6.jar:1.13.6]
	at org.apache.flink.runtime.taskexecutor.TaskExecutor.access$2600(TaskExecutor.java:181) ~[flink-dist_2.12-1.13.6.jar:1.13.6]
	at org.apache.flink.runtime.taskexecutor.TaskExecutor$TaskManagerActionsImpl.lambda$updateTaskExecutionState$1(TaskExecutor.java:2289) ~[flink-dist_2.12-1.13.6.jar:1.13.6]
	at org.apache.flink.runtime.rpc.akka.AkkaRpcActor.handleRunAsync(AkkaRpcActor.java:440) ~[flink-dist_2.12-1.13.6.jar:1.13.6]
	at org.apache.flink.runtime.rpc.akka.AkkaRpcActor.handleRpcMessage(AkkaRpcActor.java:208) ~[flink-dist_2.12-1.13.6.jar:1.13.6]
	at org.apache.flink.runtime.rpc.akka.AkkaRpcActor.handleMessage(AkkaRpcActor.java:158) ~[flink-dist_2.12-1.13.6.jar:1.13.6]
	at akka.japi.pf.UnitCaseStatement.apply(CaseStatements.scala:26) [flink-dist_2.12-1.13.6.jar:1.13.6]
	at akka.japi.pf.UnitCaseStatement.apply(CaseStatements.scala:21) [flink-dist_2.12-1.13.6.jar:1.13.6]
	at scala.PartialFunction.applyOrElse(PartialFunction.scala:123) [flink-dist_2.12-1.13.6.jar:1.13.6]
	at scala.PartialFunction.applyOrElse$(PartialFunction.scala:122) [flink-dist_2.12-1.13.6.jar:1.13.6]
	at akka.japi.pf.UnitCaseStatement.applyOrElse(CaseStatements.scala:21) [flink-dist_2.12-1.13.6.jar:1.13.6]
	at scala.PartialFunction$OrElse.applyOrElse(PartialFunction.scala:171) [flink-dist_2.12-1.13.6.jar:1.13.6]
	at scala.PartialFunction$OrElse.applyOrElse(PartialFunction.scala:172) [flink-dist_2.12-1.13.6.jar:1.13.6]
	at scala.PartialFunction$OrElse.applyOrElse(PartialFunction.scala:172) [flink-dist_2.12-1.13.6.jar:1.13.6]
	at akka.actor.Actor.aroundReceive(Actor.scala:517) [flink-dist_2.12-1.13.6.jar:1.13.6]
	at akka.actor.Actor.aroundReceive$(Actor.scala:515) [flink-dist_2.12-1.13.6.jar:1.13.6]
	at akka.actor.AbstractActor.aroundReceive(AbstractActor.scala:225) [flink-dist_2.12-1.13.6.jar:1.13.6]
	at akka.actor.ActorCell.receiveMessage(ActorCell.scala:592) [flink-dist_2.12-1.13.6.jar:1.13.6]
	at akka.actor.ActorCell.invoke(ActorCell.scala:561) [flink-dist_2.12-1.13.6.jar:1.13.6]
	at akka.dispatch.Mailbox.processMailbox(Mailbox.scala:258) [flink-dist_2.12-1.13.6.jar:1.13.6]
	at akka.dispatch.Mailbox.run(Mailbox.scala:225) [flink-dist_2.12-1.13.6.jar:1.13.6]
	at akka.dispatch.Mailbox.exec(Mailbox.scala:235) [flink-dist_2.12-1.13.6.jar:1.13.6]
	at akka.dispatch.forkjoin.ForkJoinTask.doExec(ForkJoinTask.java:260) [flink-dist_2.12-1.13.6.jar:1.13.6]
	at akka.dispatch.forkjoin.ForkJoinPool$WorkQueue.runTask(ForkJoinPool.java:1339) [flink-dist_2.12-1.13.6.jar:1.13.6]
	at akka.dispatch.forkjoin.ForkJoinPool.runWorker(ForkJoinPool.java:1979) [flink-dist_2.12-1.13.6.jar:1.13.6]
	at akka.dispatch.forkjoin.ForkJoinWorkerThread.run(ForkJoinWorkerThread.java:107) [flink-dist_2.12-1.13.6.jar:1.13.6]
Caused by: akka.pattern.AskTimeoutException: Ask timed out on [Actor[akka.tcp://flink@172.16.0.162:6123/user/rpc/jobmanager_2#5895618]] after [10000 ms]. Message of type [org.apache.flink.runtime.rpc.messages.RemoteFencedMessage]. A typical reason for `AskTimeoutException` is that the recipient actor didn't send a reply.
	at akka.pattern.PromiseActorRef$.$anonfun$defaultOnTimeout$1(AskSupport.scala:635) ~[flink-dist_2.12-1.13.6.jar:1.13.6]
	at akka.pattern.PromiseActorRef$.$anonfun$apply$1(AskSupport.scala:650) ~[flink-dist_2.12-1.13.6.jar:1.13.6]
	at akka.actor.Scheduler$$anon$4.run(Scheduler.scala:205) ~[flink-dist_2.12-1.13.6.jar:1.13.6]
	at scala.concurrent.Future$InternalCallbackExecutor$.unbatchedExecute(Future.scala:870) ~[flink-dist_2.12-1.13.6.jar:1.13.6]
	at scala.concurrent.BatchingExecutor.execute(BatchingExecutor.scala:109) ~[flink-dist_2.12-1.13.6.jar:1.13.6]
	at scala.concurrent.BatchingExecutor.execute$(BatchingExecutor.scala:103) ~[flink-dist_2.12-1.13.6.jar:1.13.6]
	at scala.concurrent.Future$InternalCallbackExecutor$.execute(Future.scala:868) ~[flink-dist_2.12-1.13.6.jar:1.13.6]
	at akka.actor.LightArrayRevolverScheduler$TaskHolder.executeTask(LightArrayRevolverScheduler.scala:328) ~[flink-dist_2.12-1.13.6.jar:1.13.6]
	at akka.actor.LightArrayRevolverScheduler$$anon$3.executeBucket$1(LightArrayRevolverScheduler.scala:279) ~[flink-dist_2.12-1.13.6.jar:1.13.6]
	at akka.actor.LightArrayRevolverScheduler$$anon$3.nextTick(LightArrayRevolverScheduler.scala:283) ~[flink-dist_2.12-1.13.6.jar:1.13.6]
	at akka.actor.LightArrayRevolverScheduler$$anon$3.run(LightArrayRevolverScheduler.scala:235) ~[flink-dist_2.12-1.13.6.jar:1.13.6]
	at java.lang.Thread.run(Unknown Source) ~[?:?]
2026-10-01 03:21:27,409 INFO  org.apache.flink.runtime.taskexecutor.TaskExecutor           [] - Cannot find task to fail for execution 92ba097e7128dac07819833d6575623f with exception:
java.util.concurrent.TimeoutException: Invocation of public abstract java.util.concurrent.CompletableFuture org.apache.flink.runtime.jobmaster.JobMasterGateway.updateTaskExecutionState(org.apache.flink.runtime.taskmanager.TaskExecutionState) timed out.
	at com.sun.proxy.$Proxy25.updateTaskExecutionState(Unknown Source) ~[?:?]
	at org.apache.flink.runtime.taskexecutor.TaskExecutor.updateTaskExecutionState(TaskExecutor.java:1852) ~[flink-dist_2.12-1.13.6.jar:1.13.6]
	at org.apache.flink.runtime.taskexecutor.TaskExecutor.unregisterTaskAndNotifyFinalState(TaskExecutor.java:1885) ~[flink-dist_2.12-1.13.6.jar:1.13.6]
	at org.apache.flink.runtime.taskexecutor.TaskExecutor.access$2600(TaskExecutor.java:181) ~[flink-dist_2.12-1.13.6.jar:1.13.6]
	at org.apache.flink.runtime.taskexecutor.TaskExecutor$TaskManagerActionsImpl.lambda$updateTaskExecutionState$1(TaskExecutor.java:2289) ~[flink-dist_2.12-1.13.6.jar:1.13.6]
	at org.apache.flink.runtime.rpc.akka.AkkaRpcActor.handleRunAsync(AkkaRpcActor.java:440) ~[flink-dist_2.12-1.13.6.jar:1.13.6]
	at org.apache.flink.runtime.rpc.akka.AkkaRpcActor.handleRpcMessage(AkkaRpcActor.java:208) ~[flink-dist_2.12-1.13.6.jar:1.13.6]
	at org.apache.flink.runtime.rpc.akka.AkkaRpcActor.handleMessage(AkkaRpcActor.java:158) ~[flink-dist_2.12-1.13.6.jar:1.13.6]
	at akka.japi.pf.UnitCaseStatement.apply(CaseStatements.scala:26) [flink-dist_2.12-1.13.6.jar:1.13.6]
	at akka.japi.pf.UnitCaseStatement.apply(CaseStatements.scala:21) [flink-dist_2.12-1.13.6.jar:1.13.6]
	at scala.PartialFunction.applyOrElse(PartialFunction.scala:123) [flink-dist_2.12-1.13.6.jar:1.13.6]
	at scala.PartialFunction.applyOrElse$(PartialFunction.scala:122) [flink-dist_2.12-1.13.6.jar:1.13.6]
	at akka.japi.pf.UnitCaseStatement.applyOrElse(CaseStatements.scala:21) [flink-dist_2.12-1.13.6.jar:1.13.6]
	at scala.PartialFunction$OrElse.applyOrElse(PartialFunction.scala:171) [flink-dist_2.12-1.13.6.jar:1.13.6]
	at scala.PartialFunction$OrElse.applyOrElse(PartialFunction.scala:172) [flink-dist_2.12-1.13.6.jar:1.13.6]
	at scala.PartialFunction$OrElse.applyOrElse(PartialFunction.scala:172) [flink-dist_2.12-1.13.6.jar:1.13.6]
	at akka.actor.Actor.aroundReceive(Actor.scala:517) [flink-dist_2.12-1.13.6.jar:1.13.6]
	at akka.actor.Actor.aroundReceive$(Actor.scala:515) [flink-dist_2.12-1.13.6.jar:1.13.6]
	at akka.actor.AbstractActor.aroundReceive(AbstractActor.scala:225) [flink-dist_2.12-1.13.6.jar:1.13.6]
	at akka.actor.ActorCell.receiveMessage(ActorCell.scala:592) [flink-dist_2.12-1.13.6.jar:1.13.6]
	at akka.actor.ActorCell.invoke(ActorCell.scala:561) [flink-dist_2.12-1.13.6.jar:1.13.6]
	at akka.dispatch.Mailbox.processMailbox(Mailbox.scala:258) [flink-dist_2.12-1.13.6.jar:1.13.6]
	at akka.dispatch.Mailbox.run(Mailbox.scala:225) [flink-dist_2.12-1.13.6.jar:1.13.6]
	at akka.dispatch.Mailbox.exec(Mailbox.scala:235) [flink-dist_2.12-1.13.6.jar:1.13.6]
	at akka.dispatch.forkjoin.ForkJoinTask.doExec(ForkJoinTask.java:260) [flink-dist_2.12-1.13.6.jar:1.13.6]
	at akka.dispatch.forkjoin.ForkJoinPool$WorkQueue.runTask(ForkJoinPool.java:1339) [flink-dist_2.12-1.13.6.jar:1.13.6]
	at akka.dispatch.forkjoin.ForkJoinPool.runWorker(ForkJoinPool.java:1979) [flink-dist_2.12-1.13.6.jar:1.13.6]
	at akka.dispatch.forkjoin.ForkJoinWorkerThread.run(ForkJoinWorkerThread.java:107) [flink-dist_2.12-1.13.6.jar:1.13.6]
Caused by: akka.pattern.AskTimeoutException: Ask timed out on [Actor[akka.tcp://flink@172.16.0.162:6123/user/rpc/jobmanager_2#5895618]] after [10000 ms]. Message of type [org.apache.flink.runtime.rpc.messages.RemoteFencedMessage]. A typical reason for `AskTimeoutException` is that the recipient actor didn't send a reply.
	at akka.pattern.PromiseActorRef$.$anonfun$defaultOnTimeout$1(AskSupport.scala:635) ~[flink-dist_2.12-1.13.6.jar:1.13.6]
	at akka.pattern.PromiseActorRef$.$anonfun$apply$1(AskSupport.scala:650) ~[flink-dist_2.12-1.13.6.jar:1.13.6]
	at akka.actor.Scheduler$$anon$4.run(Scheduler.scala:205) ~[flink-dist_2.12-1.13.6.jar:1.13.6]
	at scala.concurrent.Future$InternalCallbackExecutor$.unbatchedExecute(Future.scala:870) ~[flink-dist_2.12-1.13.6.jar:1.13.6]
	at scala.concurrent.BatchingExecutor.execute(BatchingExecutor.scala:109) ~[flink-dist_2.12-1.13.6.jar:1.13.6]
	at scala.concurrent.BatchingExecutor.execute$(BatchingExecutor.scala:103) ~[flink-dist_2.12-1.13.6.jar:1.13.6]
	at scala.concurrent.Future$InternalCallbackExecutor$.execute(Future.scala:868) ~[flink-dist_2.12-1.13.6.jar:1.13.6]
	at akka.actor.LightArrayRevolverScheduler$TaskHolder.executeTask(LightArrayRevolverScheduler.scala:328) ~[flink-dist_2.12-1.13.6.jar:1.13.6]
	at akka.actor.LightArrayRevolverScheduler$$anon$3.executeBucket$1(LightArrayRevolverScheduler.scala:279) ~[flink-dist_2.12-1.13.6.jar:1.13.6]
	at akka.actor.LightArrayRevolverScheduler$$anon$3.nextTick(LightArrayRevolverScheduler.scala:283) ~[flink-dist_2.12-1.13.6.jar:1.13.6]
	at akka.actor.LightArrayRevolverScheduler$$anon$3.run(LightArrayRevolverScheduler.scala:235) ~[flink-dist_2.12-1.13.6.jar:1.13.6]
	at java.lang.Thread.run(Unknown Source) ~[?:?]
2026-10-01 03:21:27,411 INFO  org.apache.flink.runtime.taskexecutor.TaskExecutor           [] - Cannot find task to fail for execution 0cd3457239ac4739d4eeaa2ff3fac659 with exception:
java.util.concurrent.TimeoutException: Invocation of public abstract java.util.concurrent.CompletableFuture org.apache.flink.runtime.jobmaster.JobMasterGateway.updateTaskExecutionState(org.apache.flink.runtime.taskmanager.TaskExecutionState) timed out.
	at com.sun.proxy.$Proxy25.updateTaskExecutionState(Unknown Source) ~[?:?]
	at org.apache.flink.runtime.taskexecutor.TaskExecutor.updateTaskExecutionState(TaskExecutor.java:1852) ~[flink-dist_2.12-1.13.6.jar:1.13.6]
	at org.apache.flink.runtime.taskexecutor.TaskExecutor.unregisterTaskAndNotifyFinalState(TaskExecutor.java:1885) ~[flink-dist_2.12-1.13.6.jar:1.13.6]
	at org.apache.flink.runtime.taskexecutor.TaskExecutor.access$2600(TaskExecutor.java:181) ~[flink-dist_2.12-1.13.6.jar:1.13.6]
	at org.apache.flink.runtime.taskexecutor.TaskExecutor$TaskManagerActionsImpl.lambda$updateTaskExecutionState$1(TaskExecutor.java:2289) ~[flink-dist_2.12-1.13.6.jar:1.13.6]
	at org.apache.flink.runtime.rpc.akka.AkkaRpcActor.handleRunAsync(AkkaRpcActor.java:440) ~[flink-dist_2.12-1.13.6.jar:1.13.6]
	at org.apache.flink.runtime.rpc.akka.AkkaRpcActor.handleRpcMessage(AkkaRpcActor.java:208) ~[flink-dist_2.12-1.13.6.jar:1.13.6]
	at org.apache.flink.runtime.rpc.akka.AkkaRpcActor.handleMessage(AkkaRpcActor.java:158) ~[flink-dist_2.12-1.13.6.jar:1.13.6]
	at akka.japi.pf.UnitCaseStatement.apply(CaseStatements.scala:26) [flink-dist_2.12-1.13.6.jar:1.13.6]
	at akka.japi.pf.UnitCaseStatement.apply(CaseStatements.scala:21) [flink-dist_2.12-1.13.6.jar:1.13.6]
	at scala.PartialFunction.applyOrElse(PartialFunction.scala:123) [flink-dist_2.12-1.13.6.jar:1.13.6]
	at scala.PartialFunction.applyOrElse$(PartialFunction.scala:122) [flink-dist_2.12-1.13.6.jar:1.13.6]
	at akka.japi.pf.UnitCaseStatement.applyOrElse(CaseStatements.scala:21) [flink-dist_2.12-1.13.6.jar:1.13.6]
	at scala.PartialFunction$OrElse.applyOrElse(PartialFunction.scala:171) [flink-dist_2.12-1.13.6.jar:1.13.6]
	at scala.PartialFunction$OrElse.applyOrElse(PartialFunction.scala:172) [flink-dist_2.12-1.13.6.jar:1.13.6]
	at scala.PartialFunction$OrElse.applyOrElse(PartialFunction.scala:172) [flink-dist_2.12-1.13.6.jar:1.13.6]
	at akka.actor.Actor.aroundReceive(Actor.scala:517) [flink-dist_2.12-1.13.6.jar:1.13.6]
	at akka.actor.Actor.aroundReceive$(Actor.scala:515) [flink-dist_2.12-1.13.6.jar:1.13.6]
	at akka.actor.AbstractActor.aroundReceive(AbstractActor.scala:225) [flink-dist_2.12-1.13.6.jar:1.13.6]
	at akka.actor.ActorCell.receiveMessage(ActorCell.scala:592) [flink-dist_2.12-1.13.6.jar:1.13.6]
	at akka.actor.ActorCell.invoke(ActorCell.scala:561) [flink-dist_2.12-1.13.6.jar:1.13.6]
	at akka.dispatch.Mailbox.processMailbox(Mailbox.scala:258) [flink-dist_2.12-1.13.6.jar:1.13.6]
	at akka.dispatch.Mailbox.run(Mailbox.scala:225) [flink-dist_2.12-1.13.6.jar:1.13.6]
	at akka.dispatch.Mailbox.exec(Mailbox.scala:235) [flink-dist_2.12-1.13.6.jar:1.13.6]
	at akka.dispatch.forkjoin.ForkJoinTask.doExec(ForkJoinTask.java:260) [flink-dist_2.12-1.13.6.jar:1.13.6]
	at akka.dispatch.forkjoin.ForkJoinPool$WorkQueue.runTask(ForkJoinPool.java:1339) [flink-dist_2.12-1.13.6.jar:1.13.6]
	at akka.dispatch.forkjoin.ForkJoinPool.runWorker(ForkJoinPool.java:1979) [flink-dist_2.12-1.13.6.jar:1.13.6]
	at akka.dispatch.forkjoin.ForkJoinWorkerThread.run(ForkJoinWorkerThread.java:107) [flink-dist_2.12-1.13.6.jar:1.13.6]
Caused by: akka.pattern.AskTimeoutException: Ask timed out on [Actor[akka.tcp://flink@172.16.0.162:6123/user/rpc/jobmanager_2#5895618]] after [10000 ms]. Message of type [org.apache.flink.runtime.rpc.messages.RemoteFencedMessage]. A typical reason for `AskTimeoutException` is that the recipient actor didn't send a reply.
	at akka.pattern.PromiseActorRef$.$anonfun$defaultOnTimeout$1(AskSupport.scala:635) ~[flink-dist_2.12-1.13.6.jar:1.13.6]
	at akka.pattern.PromiseActorRef$.$anonfun$apply$1(AskSupport.scala:650) ~[flink-dist_2.12-1.13.6.jar:1.13.6]
	at akka.actor.Scheduler$$anon$4.run(Scheduler.scala:205) ~[flink-dist_2.12-1.13.6.jar:1.13.6]
	at scala.concurrent.Future$InternalCallbackExecutor$.unbatchedExecute(Future.scala:870) ~[flink-dist_2.12-1.13.6.jar:1.13.6]
	at scala.concurrent.BatchingExecutor.execute(BatchingExecutor.scala:109) ~[flink-dist_2.12-1.13.6.jar:1.13.6]
	at scala.concurrent.BatchingExecutor.execute$(BatchingExecutor.scala:103) ~[flink-dist_2.12-1.13.6.jar:1.13.6]
	at scala.concurrent.Future$InternalCallbackExecutor$.execute(Future.scala:868) ~[flink-dist_2.12-1.13.6.jar:1.13.6]
	at akka.actor.LightArrayRevolverScheduler$TaskHolder.executeTask(LightArrayRevolverScheduler.scala:328) ~[flink-dist_2.12-1.13.6.jar:1.13.6]
	at akka.actor.LightArrayRevolverScheduler$$anon$3.executeBucket$1(LightArrayRevolverScheduler.scala:279) ~[flink-dist_2.12-1.13.6.jar:1.13.6]
	at akka.actor.LightArrayRevolverScheduler$$anon$3.nextTick(LightArrayRevolverScheduler.scala:283) ~[flink-dist_2.12-1.13.6.jar:1.13.6]
	at akka.actor.LightArrayRevolverScheduler$$anon$3.run(LightArrayRevolverScheduler.scala:235) ~[flink-dist_2.12-1.13.6.jar:1.13.6]
	at java.lang.Thread.run(Unknown Source) ~[?:?]
2026-10-01 03:21:27,412 INFO  org.apache.flink.runtime.taskexecutor.TaskExecutor           [] - Cannot find task to fail for execution a42bf38005a8277cfd1b9c719d9f964e with exception:
java.util.concurrent.TimeoutException: Invocation of public abstract java.util.concurrent.CompletableFuture org.apache.flink.runtime.jobmaster.JobMasterGateway.updateTaskExecutionState(org.apache.flink.runtime.taskmanager.TaskExecutionState) timed out.
	at com.sun.proxy.$Proxy25.updateTaskExecutionState(Unknown Source) ~[?:?]
	at org.apache.flink.runtime.taskexecutor.TaskExecutor.updateTaskExecutionState(TaskExecutor.java:1852) ~[flink-dist_2.12-1.13.6.jar:1.13.6]
	at org.apache.flink.runtime.taskexecutor.TaskExecutor.unregisterTaskAndNotifyFinalState(TaskExecutor.java:1885) ~[flink-dist_2.12-1.13.6.jar:1.13.6]
	at org.apache.flink.runtime.taskexecutor.TaskExecutor.access$2600(TaskExecutor.java:181) ~[flink-dist_2.12-1.13.6.jar:1.13.6]
	at org.apache.flink.runtime.taskexecutor.TaskExecutor$TaskManagerActionsImpl.lambda$updateTaskExecutionState$1(TaskExecutor.java:2289) ~[flink-dist_2.12-1.13.6.jar:1.13.6]
	at org.apache.flink.runtime.rpc.akka.AkkaRpcActor.handleRunAsync(AkkaRpcActor.java:440) ~[flink-dist_2.12-1.13.6.jar:1.13.6]
	at org.apache.flink.runtime.rpc.akka.AkkaRpcActor.handleRpcMessage(AkkaRpcActor.java:208) ~[flink-dist_2.12-1.13.6.jar:1.13.6]
	at org.apache.flink.runtime.rpc.akka.AkkaRpcActor.handleMessage(AkkaRpcActor.java:158) ~[flink-dist_2.12-1.13.6.jar:1.13.6]
	at akka.japi.pf.UnitCaseStatement.apply(CaseStatements.scala:26) [flink-dist_2.12-1.13.6.jar:1.13.6]
	at akka.japi.pf.UnitCaseStatement.apply(CaseStatements.scala:21) [flink-dist_2.12-1.13.6.jar:1.13.6]
	at scala.PartialFunction.applyOrElse(PartialFunction.scala:123) [flink-dist_2.12-1.13.6.jar:1.13.6]
	at scala.PartialFunction.applyOrElse$(PartialFunction.scala:122) [flink-dist_2.12-1.13.6.jar:1.13.6]
	at akka.japi.pf.UnitCaseStatement.applyOrElse(CaseStatements.scala:21) [flink-dist_2.12-1.13.6.jar:1.13.6]
	at scala.PartialFunction$OrElse.applyOrElse(PartialFunction.scala:171) [flink-dist_2.12-1.13.6.jar:1.13.6]
	at scala.PartialFunction$OrElse.applyOrElse(PartialFunction.scala:172) [flink-dist_2.12-1.13.6.jar:1.13.6]
	at scala.PartialFunction$OrElse.applyOrElse(PartialFunction.scala:172) [flink-dist_2.12-1.13.6.jar:1.13.6]
	at akka.actor.Actor.aroundReceive(Actor.scala:517) [flink-dist_2.12-1.13.6.jar:1.13.6]
	at akka.actor.Actor.aroundReceive$(Actor.scala:515) [flink-dist_2.12-1.13.6.jar:1.13.6]
	at akka.actor.AbstractActor.aroundReceive(AbstractActor.scala:225) [flink-dist_2.12-1.13.6.jar:1.13.6]
	at akka.actor.ActorCell.receiveMessage(ActorCell.scala:592) [flink-dist_2.12-1.13.6.jar:1.13.6]
	at akka.actor.ActorCell.invoke(ActorCell.scala:561) [flink-dist_2.12-1.13.6.jar:1.13.6]
	at akka.dispatch.Mailbox.processMailbox(Mailbox.scala:258) [flink-dist_2.12-1.13.6.jar:1.13.6]
	at akka.dispatch.Mailbox.run(Mailbox.scala:225) [flink-dist_2.12-1.13.6.jar:1.13.6]
	at akka.dispatch.Mailbox.exec(Mailbox.scala:235) [flink-dist_2.12-1.13.6.jar:1.13.6]
	at akka.dispatch.forkjoin.ForkJoinTask.doExec(ForkJoinTask.java:260) [flink-dist_2.12-1.13.6.jar:1.13.6]
	at akka.dispatch.forkjoin.ForkJoinPool$WorkQueue.runTask(ForkJoinPool.java:1339) [flink-dist_2.12-1.13.6.jar:1.13.6]
	at akka.dispatch.forkjoin.ForkJoinPool.runWorker(ForkJoinPool.java:1979) [flink-dist_2.12-1.13.6.jar:1.13.6]
	at akka.dispatch.forkjoin.ForkJoinWorkerThread.run(ForkJoinWorkerThread.java:107) [flink-dist_2.12-1.13.6.jar:1.13.6]
Caused by: akka.pattern.AskTimeoutException: Ask timed out on [Actor[akka.tcp://flink@172.16.0.162:6123/user/rpc/jobmanager_2#5895618]] after [10000 ms]. Message of type [org.apache.flink.runtime.rpc.messages.RemoteFencedMessage]. A typical reason for `AskTimeoutException` is that the recipient actor didn't send a reply.
	at akka.pattern.PromiseActorRef$.$anonfun$defaultOnTimeout$1(AskSupport.scala:635) ~[flink-dist_2.12-1.13.6.jar:1.13.6]
	at akka.pattern.PromiseActorRef$.$anonfun$apply$1(AskSupport.scala:650) ~[flink-dist_2.12-1.13.6.jar:1.13.6]
	at akka.actor.Scheduler$$anon$4.run(Scheduler.scala:205) ~[flink-dist_2.12-1.13.6.jar:1.13.6]
	at scala.concurrent.Future$InternalCallbackExecutor$.unbatchedExecute(Future.scala:870) ~[flink-dist_2.12-1.13.6.jar:1.13.6]
	at scala.concurrent.BatchingExecutor.execute(BatchingExecutor.scala:109) ~[flink-dist_2.12-1.13.6.jar:1.13.6]
	at scala.concurrent.BatchingExecutor.execute$(BatchingExecutor.scala:103) ~[flink-dist_2.12-1.13.6.jar:1.13.6]
	at scala.concurrent.Future$InternalCallbackExecutor$.execute(Future.scala:868) ~[flink-dist_2.12-1.13.6.jar:1.13.6]
	at akka.actor.LightArrayRevolverScheduler$TaskHolder.executeTask(LightArrayRevolverScheduler.scala:328) ~[flink-dist_2.12-1.13.6.jar:1.13.6]
	at akka.actor.LightArrayRevolverScheduler$$anon$3.executeBucket$1(LightArrayRevolverScheduler.scala:279) ~[flink-dist_2.12-1.13.6.jar:1.13.6]
	at akka.actor.LightArrayRevolverScheduler$$anon$3.nextTick(LightArrayRevolverScheduler.scala:283) ~[flink-dist_2.12-1.13.6.jar:1.13.6]
	at akka.actor.LightArrayRevolverScheduler$$anon$3.run(LightArrayRevolverScheduler.scala:235) ~[flink-dist_2.12-1.13.6.jar:1.13.6]
	at java.lang.Thread.run(Unknown Source) ~[?:?]
2026-10-01 03:21:27,412 INFO  org.apache.flink.runtime.taskexecutor.TaskExecutor           [] - Cannot find task to fail for execution b335918c6ab8023d50a7e0efb44ebc5e with exception:
java.util.concurrent.TimeoutException: Invocation of public abstract java.util.concurrent.CompletableFuture org.apache.flink.runtime.jobmaster.JobMasterGateway.updateTaskExecutionState(org.apache.flink.runtime.taskmanager.TaskExecutionState) timed out.
	at com.sun.proxy.$Proxy25.updateTaskExecutionState(Unknown Source) ~[?:?]
	at org.apache.flink.runtime.taskexecutor.TaskExecutor.updateTaskExecutionState(TaskExecutor.java:1852) ~[flink-dist_2.12-1.13.6.jar:1.13.6]
	at org.apache.flink.runtime.taskexecutor.TaskExecutor.unregisterTaskAndNotifyFinalState(TaskExecutor.java:1885) ~[flink-dist_2.12-1.13.6.jar:1.13.6]
	at org.apache.flink.runtime.taskexecutor.TaskExecutor.access$2600(TaskExecutor.java:181) ~[flink-dist_2.12-1.13.6.jar:1.13.6]
	at org.apache.flink.runtime.taskexecutor.TaskExecutor$TaskManagerActionsImpl.lambda$updateTaskExecutionState$1(TaskExecutor.java:2289) ~[flink-dist_2.12-1.13.6.jar:1.13.6]
	at org.apache.flink.runtime.rpc.akka.AkkaRpcActor.handleRunAsync(AkkaRpcActor.java:440) ~[flink-dist_2.12-1.13.6.jar:1.13.6]
	at org.apache.flink.runtime.rpc.akka.AkkaRpcActor.handleRpcMessage(AkkaRpcActor.java:208) ~[flink-dist_2.12-1.13.6.jar:1.13.6]
	at org.apache.flink.runtime.rpc.akka.AkkaRpcActor.handleMessage(AkkaRpcActor.java:158) ~[flink-dist_2.12-1.13.6.jar:1.13.6]
	at akka.japi.pf.UnitCaseStatement.apply(CaseStatements.scala:26) [flink-dist_2.12-1.13.6.jar:1.13.6]
	at akka.japi.pf.UnitCaseStatement.apply(CaseStatements.scala:21) [flink-dist_2.12-1.13.6.jar:1.13.6]
	at scala.PartialFunction.applyOrElse(PartialFunction.scala:123) [flink-dist_2.12-1.13.6.jar:1.13.6]
	at scala.PartialFunction.applyOrElse$(PartialFunction.scala:122) [flink-dist_2.12-1.13.6.jar:1.13.6]
	at akka.japi.pf.UnitCaseStatement.applyOrElse(CaseStatements.scala:21) [flink-dist_2.12-1.13.6.jar:1.13.6]
	at scala.PartialFunction$OrElse.applyOrElse(PartialFunction.scala:171) [flink-dist_2.12-1.13.6.jar:1.13.6]
	at scala.PartialFunction$OrElse.applyOrElse(PartialFunction.scala:172) [flink-dist_2.12-1.13.6.jar:1.13.6]
	at scala.PartialFunction$OrElse.applyOrElse(PartialFunction.scala:172) [flink-dist_2.12-1.13.6.jar:1.13.6]
	at akka.actor.Actor.aroundReceive(Actor.scala:517) [flink-dist_2.12-1.13.6.jar:1.13.6]
	at akka.actor.Actor.aroundReceive$(Actor.scala:515) [flink-dist_2.12-1.13.6.jar:1.13.6]
	at akka.actor.AbstractActor.aroundReceive(AbstractActor.scala:225) [flink-dist_2.12-1.13.6.jar:1.13.6]
	at akka.actor.ActorCell.receiveMessage(ActorCell.scala:592) [flink-dist_2.12-1.13.6.jar:1.13.6]
	at akka.actor.ActorCell.invoke(ActorCell.scala:561) [flink-dist_2.12-1.13.6.jar:1.13.6]
	at akka.dispatch.Mailbox.processMailbox(Mailbox.scala:258) [flink-dist_2.12-1.13.6.jar:1.13.6]
	at akka.dispatch.Mailbox.run(Mailbox.scala:225) [flink-dist_2.12-1.13.6.jar:1.13.6]
	at akka.dispatch.Mailbox.exec(Mailbox.scala:235) [flink-dist_2.12-1.13.6.jar:1.13.6]
	at akka.dispatch.forkjoin.ForkJoinTask.doExec(ForkJoinTask.java:260) [flink-dist_2.12-1.13.6.jar:1.13.6]
	at akka.dispatch.forkjoin.ForkJoinPool$WorkQueue.runTask(ForkJoinPool.java:1339) [flink-dist_2.12-1.13.6.jar:1.13.6]
	at akka.dispatch.forkjoin.ForkJoinPool.runWorker(ForkJoinPool.java:1979) [flink-dist_2.12-1.13.6.jar:1.13.6]
	at akka.dispatch.forkjoin.ForkJoinWorkerThread.run(ForkJoinWorkerThread.java:107) [flink-dist_2.12-1.13.6.jar:1.13.6]
Caused by: akka.pattern.AskTimeoutException: Ask timed out on [Actor[akka.tcp://flink@172.16.0.162:6123/user/rpc/jobmanager_2#5895618]] after [10000 ms]. Message of type [org.apache.flink.runtime.rpc.messages.RemoteFencedMessage]. A typical reason for `AskTimeoutException` is that the recipient actor didn't send a reply.
	at akka.pattern.PromiseActorRef$.$anonfun$defaultOnTimeout$1(AskSupport.scala:635) ~[flink-dist_2.12-1.13.6.jar:1.13.6]
	at akka.pattern.PromiseActorRef$.$anonfun$apply$1(AskSupport.scala:650) ~[flink-dist_2.12-1.13.6.jar:1.13.6]
	at akka.actor.Scheduler$$anon$4.run(Scheduler.scala:205) ~[flink-dist_2.12-1.13.6.jar:1.13.6]
	at scala.concurrent.Future$InternalCallbackExecutor$.unbatchedExecute(Future.scala:870) ~[flink-dist_2.12-1.13.6.jar:1.13.6]
	at scala.concurrent.BatchingExecutor.execute(BatchingExecutor.scala:109) ~[flink-dist_2.12-1.13.6.jar:1.13.6]
	at scala.concurrent.BatchingExecutor.execute$(BatchingExecutor.scala:103) ~[flink-dist_2.12-1.13.6.jar:1.13.6]
	at scala.concurrent.Future$InternalCallbackExecutor$.execute(Future.scala:868) ~[flink-dist_2.12-1.13.6.jar:1.13.6]
	at akka.actor.LightArrayRevolverScheduler$TaskHolder.executeTask(LightArrayRevolverScheduler.scala:328) ~[flink-dist_2.12-1.13.6.jar:1.13.6]
	at akka.actor.LightArrayRevolverScheduler$$anon$3.executeBucket$1(LightArrayRevolverScheduler.scala:279) ~[flink-dist_2.12-1.13.6.jar:1.13.6]
	at akka.actor.LightArrayRevolverScheduler$$anon$3.nextTick(LightArrayRevolverScheduler.scala:283) ~[flink-dist_2.12-1.13.6.jar:1.13.6]
	at akka.actor.LightArrayRevolverScheduler$$anon$3.run(LightArrayRevolverScheduler.scala:235) ~[flink-dist_2.12-1.13.6.jar:1.13.6]
	at java.lang.Thread.run(Unknown Source) ~[?:?]
2026-10-01 03:21:27,413 INFO  org.apache.flink.runtime.taskexecutor.TaskExecutor           [] - Cannot find task to fail for execution 7cd8752240b73a6e92080d0632a449a9 with exception:
java.util.concurrent.TimeoutException: Invocation of public abstract java.util.concurrent.CompletableFuture org.apache.flink.runtime.jobmaster.JobMasterGateway.updateTaskExecutionState(org.apache.flink.runtime.taskmanager.TaskExecutionState) timed out.
	at com.sun.proxy.$Proxy25.updateTaskExecutionState(Unknown Source) ~[?:?]
	at org.apache.flink.runtime.taskexecutor.TaskExecutor.updateTaskExecutionState(TaskExecutor.java:1852) ~[flink-dist_2.12-1.13.6.jar:1.13.6]
	at org.apache.flink.runtime.taskexecutor.TaskExecutor.unregisterTaskAndNotifyFinalState(TaskExecutor.java:1885) ~[flink-dist_2.12-1.13.6.jar:1.13.6]
	at org.apache.flink.runtime.taskexecutor.TaskExecutor.access$2600(TaskExecutor.java:181) ~[flink-dist_2.12-1.13.6.jar:1.13.6]
	at org.apache.flink.runtime.taskexecutor.TaskExecutor$TaskManagerActionsImpl.lambda$updateTaskExecutionState$1(TaskExecutor.java:2289) ~[flink-dist_2.12-1.13.6.jar:1.13.6]
	at org.apache.flink.runtime.rpc.akka.AkkaRpcActor.handleRunAsync(AkkaRpcActor.java:440) ~[flink-dist_2.12-1.13.6.jar:1.13.6]
	at org.apache.flink.runtime.rpc.akka.AkkaRpcActor.handleRpcMessage(AkkaRpcActor.java:208) ~[flink-dist_2.12-1.13.6.jar:1.13.6]
	at org.apache.flink.runtime.rpc.akka.AkkaRpcActor.handleMessage(AkkaRpcActor.java:158) ~[flink-dist_2.12-1.13.6.jar:1.13.6]
	at akka.japi.pf.UnitCaseStatement.apply(CaseStatements.scala:26) [flink-dist_2.12-1.13.6.jar:1.13.6]
	at akka.japi.pf.UnitCaseStatement.apply(CaseStatements.scala:21) [flink-dist_2.12-1.13.6.jar:1.13.6]
	at scala.PartialFunction.applyOrElse(PartialFunction.scala:123) [flink-dist_2.12-1.13.6.jar:1.13.6]
	at scala.PartialFunction.applyOrElse$(PartialFunction.scala:122) [flink-dist_2.12-1.13.6.jar:1.13.6]
	at akka.japi.pf.UnitCaseStatement.applyOrElse(CaseStatements.scala:21) [flink-dist_2.12-1.13.6.jar:1.13.6]
	at scala.PartialFunction$OrElse.applyOrElse(PartialFunction.scala:171) [flink-dist_2.12-1.13.6.jar:1.13.6]
	at scala.PartialFunction$OrElse.applyOrElse(PartialFunction.scala:172) [flink-dist_2.12-1.13.6.jar:1.13.6]
	at scala.PartialFunction$OrElse.applyOrElse(PartialFunction.scala:172) [flink-dist_2.12-1.13.6.jar:1.13.6]
	at akka.actor.Actor.aroundReceive(Actor.scala:517) [flink-dist_2.12-1.13.6.jar:1.13.6]
	at akka.actor.Actor.aroundReceive$(Actor.scala:515) [flink-dist_2.12-1.13.6.jar:1.13.6]
	at akka.actor.AbstractActor.aroundReceive(AbstractActor.scala:225) [flink-dist_2.12-1.13.6.jar:1.13.6]
	at akka.actor.ActorCell.receiveMessage(ActorCell.scala:592) [flink-dist_2.12-1.13.6.jar:1.13.6]
	at akka.actor.ActorCell.invoke(ActorCell.scala:561) [flink-dist_2.12-1.13.6.jar:1.13.6]
	at akka.dispatch.Mailbox.processMailbox(Mailbox.scala:258) [flink-dist_2.12-1.13.6.jar:1.13.6]
	at akka.dispatch.Mailbox.run(Mailbox.scala:225) [flink-dist_2.12-1.13.6.jar:1.13.6]
	at akka.dispatch.Mailbox.exec(Mailbox.scala:235) [flink-dist_2.12-1.13.6.jar:1.13.6]
	at akka.dispatch.forkjoin.ForkJoinTask.doExec(ForkJoinTask.java:260) [flink-dist_2.12-1.13.6.jar:1.13.6]
	at akka.dispatch.forkjoin.ForkJoinPool$WorkQueue.runTask(ForkJoinPool.java:1339) [flink-dist_2.12-1.13.6.jar:1.13.6]
	at akka.dispatch.forkjoin.ForkJoinPool.runWorker(ForkJoinPool.java:1979) [flink-dist_2.12-1.13.6.jar:1.13.6]
	at akka.dispatch.forkjoin.ForkJoinWorkerThread.run(ForkJoinWorkerThread.java:107) [flink-dist_2.12-1.13.6.jar:1.13.6]
Caused by: akka.pattern.AskTimeoutException: Ask timed out on [Actor[akka.tcp://flink@172.16.0.162:6123/user/rpc/jobmanager_2#5895618]] after [10000 ms]. Message of type [org.apache.flink.runtime.rpc.messages.RemoteFencedMessage]. A typical reason for `AskTimeoutException` is that the recipient actor didn't send a reply.
	at akka.pattern.PromiseActorRef$.$anonfun$defaultOnTimeout$1(AskSupport.scala:635) ~[flink-dist_2.12-1.13.6.jar:1.13.6]
	at akka.pattern.PromiseActorRef$.$anonfun$apply$1(AskSupport.scala:650) ~[flink-dist_2.12-1.13.6.jar:1.13.6]
	at akka.actor.Scheduler$$anon$4.run(Scheduler.scala:205) ~[flink-dist_2.12-1.13.6.jar:1.13.6]
	at scala.concurrent.Future$InternalCallbackExecutor$.unbatchedExecute(Future.scala:870) ~[flink-dist_2.12-1.13.6.jar:1.13.6]
	at scala.concurrent.BatchingExecutor.execute(BatchingExecutor.scala:109) ~[flink-dist_2.12-1.13.6.jar:1.13.6]
	at scala.concurrent.BatchingExecutor.execute$(BatchingExecutor.scala:103) ~[flink-dist_2.12-1.13.6.jar:1.13.6]
	at scala.concurrent.Future$InternalCallbackExecutor$.execute(Future.scala:868) ~[flink-dist_2.12-1.13.6.jar:1.13.6]
	at akka.actor.LightArrayRevolverScheduler$TaskHolder.executeTask(LightArrayRevolverScheduler.scala:328) ~[flink-dist_2.12-1.13.6.jar:1.13.6]
	at akka.actor.LightArrayRevolverScheduler$$anon$3.executeBucket$1(LightArrayRevolverScheduler.scala:279) ~[flink-dist_2.12-1.13.6.jar:1.13.6]
	at akka.actor.LightArrayRevolverScheduler$$anon$3.nextTick(LightArrayRevolverScheduler.scala:283) ~[flink-dist_2.12-1.13.6.jar:1.13.6]
	at akka.actor.LightArrayRevolverScheduler$$anon$3.run(LightArrayRevolverScheduler.scala:235) ~[flink-dist_2.12-1.13.6.jar:1.13.6]
	at java.lang.Thread.run(Unknown Source) ~[?:?]
2026-10-01 03:21:27,414 INFO  org.apache.flink.runtime.taskexecutor.TaskExecutor           [] - Cannot find task to fail for execution ccf1533db1cbb9ff7b0cf47b550746a4 with exception:
java.util.concurrent.TimeoutException: Invocation of public abstract java.util.concurrent.CompletableFuture org.apache.flink.runtime.jobmaster.JobMasterGateway.updateTaskExecutionState(org.apache.flink.runtime.taskmanager.TaskExecutionState) timed out.
	at com.sun.proxy.$Proxy25.updateTaskExecutionState(Unknown Source) ~[?:?]
	at org.apache.flink.runtime.taskexecutor.TaskExecutor.updateTaskExecutionState(TaskExecutor.java:1852) ~[flink-dist_2.12-1.13.6.jar:1.13.6]
	at org.apache.flink.runtime.taskexecutor.TaskExecutor.unregisterTaskAndNotifyFinalState(TaskExecutor.java:1885) ~[flink-dist_2.12-1.13.6.jar:1.13.6]
	at org.apache.flink.runtime.taskexecutor.TaskExecutor.access$2600(TaskExecutor.java:181) ~[flink-dist_2.12-1.13.6.jar:1.13.6]
	at org.apache.flink.runtime.taskexecutor.TaskExecutor$TaskManagerActionsImpl.lambda$updateTaskExecutionState$1(TaskExecutor.java:2289) ~[flink-dist_2.12-1.13.6.jar:1.13.6]
	at org.apache.flink.runtime.rpc.akka.AkkaRpcActor.handleRunAsync(AkkaRpcActor.java:440) ~[flink-dist_2.12-1.13.6.jar:1.13.6]
	at org.apache.flink.runtime.rpc.akka.AkkaRpcActor.handleRpcMessage(AkkaRpcActor.java:208) ~[flink-dist_2.12-1.13.6.jar:1.13.6]
	at org.apache.flink.runtime.rpc.akka.AkkaRpcActor.handleMessage(AkkaRpcActor.java:158) ~[flink-dist_2.12-1.13.6.jar:1.13.6]
	at akka.japi.pf.UnitCaseStatement.apply(CaseStatements.scala:26) [flink-dist_2.12-1.13.6.jar:1.13.6]
	at akka.japi.pf.UnitCaseStatement.apply(CaseStatements.scala:21) [flink-dist_2.12-1.13.6.jar:1.13.6]
	at scala.PartialFunction.applyOrElse(PartialFunction.scala:123) [flink-dist_2.12-1.13.6.jar:1.13.6]
	at scala.PartialFunction.applyOrElse$(PartialFunction.scala:122) [flink-dist_2.12-1.13.6.jar:1.13.6]
	at akka.japi.pf.UnitCaseStatement.applyOrElse(CaseStatements.scala:21) [flink-dist_2.12-1.13.6.jar:1.13.6]
	at scala.PartialFunction$OrElse.applyOrElse(PartialFunction.scala:171) [flink-dist_2.12-1.13.6.jar:1.13.6]
	at scala.PartialFunction$OrElse.applyOrElse(PartialFunction.scala:172) [flink-dist_2.12-1.13.6.jar:1.13.6]
	at scala.PartialFunction$OrElse.applyOrElse(PartialFunction.scala:172) [flink-dist_2.12-1.13.6.jar:1.13.6]
	at akka.actor.Actor.aroundReceive(Actor.scala:517) [flink-dist_2.12-1.13.6.jar:1.13.6]
	at akka.actor.Actor.aroundReceive$(Actor.scala:515) [flink-dist_2.12-1.13.6.jar:1.13.6]
	at akka.actor.AbstractActor.aroundReceive(AbstractActor.scala:225) [flink-dist_2.12-1.13.6.jar:1.13.6]
	at akka.actor.ActorCell.receiveMessage(ActorCell.scala:592) [flink-dist_2.12-1.13.6.jar:1.13.6]
	at akka.actor.ActorCell.invoke(ActorCell.scala:561) [flink-dist_2.12-1.13.6.jar:1.13.6]
	at akka.dispatch.Mailbox.processMailbox(Mailbox.scala:258) [flink-dist_2.12-1.13.6.jar:1.13.6]
	at akka.dispatch.Mailbox.run(Mailbox.scala:225) [flink-dist_2.12-1.13.6.jar:1.13.6]
	at akka.dispatch.Mailbox.exec(Mailbox.scala:235) [flink-dist_2.12-1.13.6.jar:1.13.6]
	at akka.dispatch.forkjoin.ForkJoinTask.doExec(ForkJoinTask.java:260) [flink-dist_2.12-1.13.6.jar:1.13.6]
	at akka.dispatch.forkjoin.ForkJoinPool$WorkQueue.runTask(ForkJoinPool.java:1339) [flink-dist_2.12-1.13.6.jar:1.13.6]
	at akka.dispatch.forkjoin.ForkJoinPool.runWorker(ForkJoinPool.java:1979) [flink-dist_2.12-1.13.6.jar:1.13.6]
	at akka.dispatch.forkjoin.ForkJoinWorkerThread.run(ForkJoinWorkerThread.java:107) [flink-dist_2.12-1.13.6.jar:1.13.6]
Caused by: akka.pattern.AskTimeoutException: Ask timed out on [Actor[akka.tcp://flink@172.16.0.162:6123/user/rpc/jobmanager_2#5895618]] after [10000 ms]. Message of type [org.apache.flink.runtime.rpc.messages.RemoteFencedMessage]. A typical reason for `AskTimeoutException` is that the recipient actor didn't send a reply.
	at akka.pattern.PromiseActorRef$.$anonfun$defaultOnTimeout$1(AskSupport.scala:635) ~[flink-dist_2.12-1.13.6.jar:1.13.6]
	at akka.pattern.PromiseActorRef$.$anonfun$apply$1(AskSupport.scala:650) ~[flink-dist_2.12-1.13.6.jar:1.13.6]
	at akka.actor.Scheduler$$anon$4.run(Scheduler.scala:205) ~[flink-dist_2.12-1.13.6.jar:1.13.6]
	at scala.concurrent.Future$InternalCallbackExecutor$.unbatchedExecute(Future.scala:870) ~[flink-dist_2.12-1.13.6.jar:1.13.6]
	at scala.concurrent.BatchingExecutor.execute(BatchingExecutor.scala:109) ~[flink-dist_2.12-1.13.6.jar:1.13.6]
	at scala.concurrent.BatchingExecutor.execute$(BatchingExecutor.scala:103) ~[flink-dist_2.12-1.13.6.jar:1.13.6]
	at scala.concurrent.Future$InternalCallbackExecutor$.execute(Future.scala:868) ~[flink-dist_2.12-1.13.6.jar:1.13.6]
	at akka.actor.LightArrayRevolverScheduler$TaskHolder.executeTask(LightArrayRevolverScheduler.scala:328) ~[flink-dist_2.12-1.13.6.jar:1.13.6]
	at akka.actor.LightArrayRevolverScheduler$$anon$3.executeBucket$1(LightArrayRevolverScheduler.scala:279) ~[flink-dist_2.12-1.13.6.jar:1.13.6]
	at akka.actor.LightArrayRevolverScheduler$$anon$3.nextTick(LightArrayRevolverScheduler.scala:283) ~[flink-dist_2.12-1.13.6.jar:1.13.6]
	at akka.actor.LightArrayRevolverScheduler$$anon$3.run(LightArrayRevolverScheduler.scala:235) ~[flink-dist_2.12-1.13.6.jar:1.13.6]
	at java.lang.Thread.run(Unknown Source) ~[?:?]
2026-10-01 03:21:27,415 INFO  org.apache.flink.runtime.taskexecutor.TaskExecutor           [] - Cannot find task to fail for execution 19b23625f52d72d3563dea4ff417b3ca with exception:
java.util.concurrent.TimeoutException: Invocation of public abstract java.util.concurrent.CompletableFuture org.apache.flink.runtime.jobmaster.JobMasterGateway.updateTaskExecutionState(org.apache.flink.runtime.taskmanager.TaskExecutionState) timed out.
	at com.sun.proxy.$Proxy25.updateTaskExecutionState(Unknown Source) ~[?:?]
	at org.apache.flink.runtime.taskexecutor.TaskExecutor.updateTaskExecutionState(TaskExecutor.java:1852) ~[flink-dist_2.12-1.13.6.jar:1.13.6]
	at org.apache.flink.runtime.taskexecutor.TaskExecutor.unregisterTaskAndNotifyFinalState(TaskExecutor.java:1885) ~[flink-dist_2.12-1.13.6.jar:1.13.6]
	at org.apache.flink.runtime.taskexecutor.TaskExecutor.access$2600(TaskExecutor.java:181) ~[flink-dist_2.12-1.13.6.jar:1.13.6]
	at org.apache.flink.runtime.taskexecutor.TaskExecutor$TaskManagerActionsImpl.lambda$updateTaskExecutionState$1(TaskExecutor.java:2289) ~[flink-dist_2.12-1.13.6.jar:1.13.6]
	at org.apache.flink.runtime.rpc.akka.AkkaRpcActor.handleRunAsync(AkkaRpcActor.java:440) ~[flink-dist_2.12-1.13.6.jar:1.13.6]
	at org.apache.flink.runtime.rpc.akka.AkkaRpcActor.handleRpcMessage(AkkaRpcActor.java:208) ~[flink-dist_2.12-1.13.6.jar:1.13.6]
	at org.apache.flink.runtime.rpc.akka.AkkaRpcActor.handleMessage(AkkaRpcActor.java:158) ~[flink-dist_2.12-1.13.6.jar:1.13.6]
	at akka.japi.pf.UnitCaseStatement.apply(CaseStatements.scala:26) [flink-dist_2.12-1.13.6.jar:1.13.6]
	at akka.japi.pf.UnitCaseStatement.apply(CaseStatements.scala:21) [flink-dist_2.12-1.13.6.jar:1.13.6]
	at scala.PartialFunction.applyOrElse(PartialFunction.scala:123) [flink-dist_2.12-1.13.6.jar:1.13.6]
	at scala.PartialFunction.applyOrElse$(PartialFunction.scala:122) [flink-dist_2.12-1.13.6.jar:1.13.6]
	at akka.japi.pf.UnitCaseStatement.applyOrElse(CaseStatements.scala:21) [flink-dist_2.12-1.13.6.jar:1.13.6]
	at scala.PartialFunction$OrElse.applyOrElse(PartialFunction.scala:171) [flink-dist_2.12-1.13.6.jar:1.13.6]
	at scala.PartialFunction$OrElse.applyOrElse(PartialFunction.scala:172) [flink-dist_2.12-1.13.6.jar:1.13.6]
	at scala.PartialFunction$OrElse.applyOrElse(PartialFunction.scala:172) [flink-dist_2.12-1.13.6.jar:1.13.6]
	at akka.actor.Actor.aroundReceive(Actor.scala:517) [flink-dist_2.12-1.13.6.jar:1.13.6]
	at akka.actor.Actor.aroundReceive$(Actor.scala:515) [flink-dist_2.12-1.13.6.jar:1.13.6]
	at akka.actor.AbstractActor.aroundReceive(AbstractActor.scala:225) [flink-dist_2.12-1.13.6.jar:1.13.6]
	at akka.actor.ActorCell.receiveMessage(ActorCell.scala:592) [flink-dist_2.12-1.13.6.jar:1.13.6]
	at akka.actor.ActorCell.invoke(ActorCell.scala:561) [flink-dist_2.12-1.13.6.jar:1.13.6]
	at akka.dispatch.Mailbox.processMailbox(Mailbox.scala:258) [flink-dist_2.12-1.13.6.jar:1.13.6]
	at akka.dispatch.Mailbox.run(Mailbox.scala:225) [flink-dist_2.12-1.13.6.jar:1.13.6]
	at akka.dispatch.Mailbox.exec(Mailbox.scala:235) [flink-dist_2.12-1.13.6.jar:1.13.6]
	at akka.dispatch.forkjoin.ForkJoinTask.doExec(ForkJoinTask.java:260) [flink-dist_2.12-1.13.6.jar:1.13.6]
	at akka.dispatch.forkjoin.ForkJoinPool$WorkQueue.runTask(ForkJoinPool.java:1339) [flink-dist_2.12-1.13.6.jar:1.13.6]
	at akka.dispatch.forkjoin.ForkJoinPool.runWorker(ForkJoinPool.java:1979) [flink-dist_2.12-1.13.6.jar:1.13.6]
	at akka.dispatch.forkjoin.ForkJoinWorkerThread.run(ForkJoinWorkerThread.java:107) [flink-dist_2.12-1.13.6.jar:1.13.6]
Caused by: akka.pattern.AskTimeoutException: Ask timed out on [Actor[akka.tcp://flink@172.16.0.162:6123/user/rpc/jobmanager_2#5895618]] after [10000 ms]. Message of type [org.apache.flink.runtime.rpc.messages.RemoteFencedMessage]. A typical reason for `AskTimeoutException` is that the recipient actor didn't send a reply.
	at akka.pattern.PromiseActorRef$.$anonfun$defaultOnTimeout$1(AskSupport.scala:635) ~[flink-dist_2.12-1.13.6.jar:1.13.6]
	at akka.pattern.PromiseActorRef$.$anonfun$apply$1(AskSupport.scala:650) ~[flink-dist_2.12-1.13.6.jar:1.13.6]
	at akka.actor.Scheduler$$anon$4.run(Scheduler.scala:205) ~[flink-dist_2.12-1.13.6.jar:1.13.6]
	at scala.concurrent.Future$InternalCallbackExecutor$.unbatchedExecute(Future.scala:870) ~[flink-dist_2.12-1.13.6.jar:1.13.6]
	at scala.concurrent.BatchingExecutor.execute(BatchingExecutor.scala:109) ~[flink-dist_2.12-1.13.6.jar:1.13.6]
	at scala.concurrent.BatchingExecutor.execute$(BatchingExecutor.scala:103) ~[flink-dist_2.12-1.13.6.jar:1.13.6]
	at scala.concurrent.Future$InternalCallbackExecutor$.execute(Future.scala:868) ~[flink-dist_2.12-1.13.6.jar:1.13.6]
	at akka.actor.LightArrayRevolverScheduler$TaskHolder.executeTask(LightArrayRevolverScheduler.scala:328) ~[flink-dist_2.12-1.13.6.jar:1.13.6]
	at akka.actor.LightArrayRevolverScheduler$$anon$3.executeBucket$1(LightArrayRevolverScheduler.scala:279) ~[flink-dist_2.12-1.13.6.jar:1.13.6]
	at akka.actor.LightArrayRevolverScheduler$$anon$3.nextTick(LightArrayRevolverScheduler.scala:283) ~[flink-dist_2.12-1.13.6.jar:1.13.6]
	at akka.actor.LightArrayRevolverScheduler$$anon$3.run(LightArrayRevolverScheduler.scala:235) ~[flink-dist_2.12-1.13.6.jar:1.13.6]
	at java.lang.Thread.run(Unknown Source) ~[?:?]
2026-10-01 03:21:27,478 INFO  org.apache.flink.runtime.taskexecutor.TaskExecutor           [] - Cannot find task to fail for execution 3b57d50b5b78f481957bce3dcd11a0f0 with exception:
java.util.concurrent.TimeoutException: Invocation of public abstract java.util.concurrent.CompletableFuture org.apache.flink.runtime.jobmaster.JobMasterGateway.updateTaskExecutionState(org.apache.flink.runtime.taskmanager.TaskExecutionState) timed out.
	at com.sun.proxy.$Proxy25.updateTaskExecutionState(Unknown Source) ~[?:?]
	at org.apache.flink.runtime.taskexecutor.TaskExecutor.updateTaskExecutionState(TaskExecutor.java:1852) ~[flink-dist_2.12-1.13.6.jar:1.13.6]
	at org.apache.flink.runtime.taskexecutor.TaskExecutor.unregisterTaskAndNotifyFinalState(TaskExecutor.java:1885) ~[flink-dist_2.12-1.13.6.jar:1.13.6]
	at org.apache.flink.runtime.taskexecutor.TaskExecutor.access$2600(TaskExecutor.java:181) ~[flink-dist_2.12-1.13.6.jar:1.13.6]
	at org.apache.flink.runtime.taskexecutor.TaskExecutor$TaskManagerActionsImpl.lambda$updateTaskExecutionState$1(TaskExecutor.java:2289) ~[flink-dist_2.12-1.13.6.jar:1.13.6]
	at org.apache.flink.runtime.rpc.akka.AkkaRpcActor.handleRunAsync(AkkaRpcActor.java:440) ~[flink-dist_2.12-1.13.6.jar:1.13.6]
	at org.apache.flink.runtime.rpc.akka.AkkaRpcActor.handleRpcMessage(AkkaRpcActor.java:208) ~[flink-dist_2.12-1.13.6.jar:1.13.6]
	at org.apache.flink.runtime.rpc.akka.AkkaRpcActor.handleMessage(AkkaRpcActor.java:158) ~[flink-dist_2.12-1.13.6.jar:1.13.6]
	at akka.japi.pf.UnitCaseStatement.apply(CaseStatements.scala:26) [flink-dist_2.12-1.13.6.jar:1.13.6]
	at akka.japi.pf.UnitCaseStatement.apply(CaseStatements.scala:21) [flink-dist_2.12-1.13.6.jar:1.13.6]
	at scala.PartialFunction.applyOrElse(PartialFunction.scala:123) [flink-dist_2.12-1.13.6.jar:1.13.6]
	at scala.PartialFunction.applyOrElse$(PartialFunction.scala:122) [flink-dist_2.12-1.13.6.jar:1.13.6]
	at akka.japi.pf.UnitCaseStatement.applyOrElse(CaseStatements.scala:21) [flink-dist_2.12-1.13.6.jar:1.13.6]
	at scala.PartialFunction$OrElse.applyOrElse(PartialFunction.scala:171) [flink-dist_2.12-1.13.6.jar:1.13.6]
	at scala.PartialFunction$OrElse.applyOrElse(PartialFunction.scala:172) [flink-dist_2.12-1.13.6.jar:1.13.6]
	at scala.PartialFunction$OrElse.applyOrElse(PartialFunction.scala:172) [flink-dist_2.12-1.13.6.jar:1.13.6]
	at akka.actor.Actor.aroundReceive(Actor.scala:517) [flink-dist_2.12-1.13.6.jar:1.13.6]
	at akka.actor.Actor.aroundReceive$(Actor.scala:515) [flink-dist_2.12-1.13.6.jar:1.13.6]
	at akka.actor.AbstractActor.aroundReceive(AbstractActor.scala:225) [flink-dist_2.12-1.13.6.jar:1.13.6]
	at akka.actor.ActorCell.receiveMessage(ActorCell.scala:592) [flink-dist_2.12-1.13.6.jar:1.13.6]
	at akka.actor.ActorCell.invoke(ActorCell.scala:561) [flink-dist_2.12-1.13.6.jar:1.13.6]
	at akka.dispatch.Mailbox.processMailbox(Mailbox.scala:258) [flink-dist_2.12-1.13.6.jar:1.13.6]
	at akka.dispatch.Mailbox.run(Mailbox.scala:225) [flink-dist_2.12-1.13.6.jar:1.13.6]
	at akka.dispatch.Mailbox.exec(Mailbox.scala:235) [flink-dist_2.12-1.13.6.jar:1.13.6]
	at akka.dispatch.forkjoin.ForkJoinTask.doExec(ForkJoinTask.java:260) [flink-dist_2.12-1.13.6.jar:1.13.6]
	at akka.dispatch.forkjoin.ForkJoinPool$WorkQueue.runTask(ForkJoinPool.java:1339) [flink-dist_2.12-1.13.6.jar:1.13.6]
	at akka.dispatch.forkjoin.ForkJoinPool.runWorker(ForkJoinPool.java:1979) [flink-dist_2.12-1.13.6.jar:1.13.6]
	at akka.dispatch.forkjoin.ForkJoinWorkerThread.run(ForkJoinWorkerThread.java:107) [flink-dist_2.12-1.13.6.jar:1.13.6]
Caused by: akka.pattern.AskTimeoutException: Ask timed out on [Actor[akka.tcp://flink@172.16.0.162:6123/user/rpc/jobmanager_2#5895618]] after [10000 ms]. Message of type [org.apache.flink.runtime.rpc.messages.RemoteFencedMessage]. A typical reason for `AskTimeoutException` is that the recipient actor didn't send a reply.
	at akka.pattern.PromiseActorRef$.$anonfun$defaultOnTimeout$1(AskSupport.scala:635) ~[flink-dist_2.12-1.13.6.jar:1.13.6]
	at akka.pattern.PromiseActorRef$.$anonfun$apply$1(AskSupport.scala:650) ~[flink-dist_2.12-1.13.6.jar:1.13.6]
	at akka.actor.Scheduler$$anon$4.run(Scheduler.scala:205) ~[flink-dist_2.12-1.13.6.jar:1.13.6]
	at scala.concurrent.Future$InternalCallbackExecutor$.unbatchedExecute(Future.scala:870) ~[flink-dist_2.12-1.13.6.jar:1.13.6]
	at scala.concurrent.BatchingExecutor.execute(BatchingExecutor.scala:109) ~[flink-dist_2.12-1.13.6.jar:1.13.6]
	at scala.concurrent.BatchingExecutor.execute$(BatchingExecutor.scala:103) ~[flink-dist_2.12-1.13.6.jar:1.13.6]
	at scala.concurrent.Future$InternalCallbackExecutor$.execute(Future.scala:868) ~[flink-dist_2.12-1.13.6.jar:1.13.6]
	at akka.actor.LightArrayRevolverScheduler$TaskHolder.executeTask(LightArrayRevolverScheduler.scala:328) ~[flink-dist_2.12-1.13.6.jar:1.13.6]
	at akka.actor.LightArrayRevolverScheduler$$anon$3.executeBucket$1(LightArrayRevolverScheduler.scala:279) ~[flink-dist_2.12-1.13.6.jar:1.13.6]
	at akka.actor.LightArrayRevolverScheduler$$anon$3.nextTick(LightArrayRevolverScheduler.scala:283) ~[flink-dist_2.12-1.13.6.jar:1.13.6]
	at akka.actor.LightArrayRevolverScheduler$$anon$3.run(LightArrayRevolverScheduler.scala:235) ~[flink-dist_2.12-1.13.6.jar:1.13.6]
	at java.lang.Thread.run(Unknown Source) ~[?:?]
2026-10-01 03:21:28,515 INFO  com.leejean.m3.M3Function                                    [] - [M3] Device H training epoch 2/300: train loss=16.004133652581107, early-stop loss=0.1637481663914495, 7.772s
2026-10-01 03:21:36,197 INFO  com.leejean.m3.M3Function                                    [] - [M3] Device H training epoch 3/300: train loss=11.021499379740822, early-stop loss=0.1377774041986343, 7.682s
2026-10-01 03:21:37,430 INFO  org.apache.flink.runtime.taskexecutor.DefaultJobLeaderService [] - Could not resolve JobManager address akka.tcp://flink@172.16.0.162:6123/user/rpc/jobmanager_2, retrying in 10000 ms: Could not connect to rpc endpoint under address akka.tcp://flink@172.16.0.162:6123/user/rpc/jobmanager_2.
2026-10-01 03:21:43,957 INFO  com.leejean.m3.M3Function                                    [] - [M3] Device H training epoch 4/300: train loss=8.163880228996277, early-stop loss=0.10869671534919174, 7.76s
2026-10-01 03:21:47,269 WARN  org.apache.flink.runtime.taskmanager.Task                    [] - Task 'M3-LSTM-AE -> (Sink: Kafka Sink [synergia-scores / M3], Sink: Kafka Sink [synergia-monitoring / M3]) (3/8)#0' did not react to cancelling signal - interrupting; it is stuck for 30 seconds in method:
 org.nd4j.linalg.cpu.nativecpu.bindings.Nd4jCpu.execTransformStrict(Native Method)
org.nd4j.linalg.cpu.nativecpu.ops.NativeOpExecutioner.exec(NativeOpExecutioner.java:807)
org.nd4j.linalg.cpu.nativecpu.ops.NativeOpExecutioner.exec(NativeOpExecutioner.java:146)
org.nd4j.linalg.cpu.nativecpu.ops.NativeOpExecutioner.exec(NativeOpExecutioner.java:132)
org.nd4j.linalg.api.ops.executioner.DefaultOpExecutioner.execAndReturn(DefaultOpExecutioner.java:139)
org.nd4j.linalg.activations.impl.ActivationTanH.getActivation(ActivationTanH.java:41)
org.deeplearning4j.nn.layers.recurrent.LSTMHelpers.activateHelper(LSTMHelpers.java:244)
org.deeplearning4j.nn.layers.recurrent.LSTM.activateHelper(LSTM.java:145)
org.deeplearning4j.nn.layers.recurrent.LSTM.backpropGradientHelper(LSTM.java:92)
org.deeplearning4j.nn.layers.recurrent.LSTM.backpropGradient(LSTM.java:67)
org.deeplearning4j.nn.multilayer.MultiLayerNetwork.calcBackpropGradients(MultiLayerNetwork.java:1998)
org.deeplearning4j.nn.multilayer.MultiLayerNetwork.computeGradientAndScore(MultiLayerNetwork.java:2813)
org.deeplearning4j.nn.multilayer.MultiLayerNetwork.computeGradientAndScore(MultiLayerNetwork.java:2756)
org.deeplearning4j.optimize.solvers.BaseOptimizer.gradientAndScore(BaseOptimizer.java:174)
org.deeplearning4j.optimize.solvers.StochasticGradientDescent.optimize(StochasticGradientDescent.java:61)
org.deeplearning4j.optimize.Solver.optimize(Solver.java:52)
org.deeplearning4j.nn.multilayer.MultiLayerNetwork.fitHelper(MultiLayerNetwork.java:2357)
org.deeplearning4j.nn.multilayer.MultiLayerNetwork.fit(MultiLayerNetwork.java:2315)
org.deeplearning4j.nn.multilayer.MultiLayerNetwork.fit(MultiLayerNetwork.java:2378)
com.leejean.m3.LstmAutoEncoder.trainEpoch(LstmAutoEncoder.java:252)
com.leejean.m3.M3Training.train(M3Training.java:190)
com.leejean.m3.M3Function.trainAndCalibrate(M3Function.java:363)
com.leejean.m3.M3Function.handleCollecting(M3Function.java:322)
com.leejean.m3.M3Function.processElement(M3Function.java:248)
com.leejean.m3.M3Function.processElement(M3Function.java:45)
app//org.apache.flink.streaming.api.operators.KeyedProcessOperator.processElement(KeyedProcessOperator.java:83)
app//org.apache.flink.streaming.runtime.tasks.OneInputStreamTask$StreamTaskNetworkOutput.emitRecord(OneInputStreamTask.java:205)
app//org.apache.flink.streaming.runtime.io.AbstractStreamTaskNetworkInput.processElement(AbstractStreamTaskNetworkInput.java:134)
app//org.apache.flink.streaming.runtime.io.AbstractStreamTaskNetworkInput.emitNext(AbstractStreamTaskNetworkInput.java:105)
app//org.apache.flink.streaming.runtime.io.StreamOneInputProcessor.processInput(StreamOneInputProcessor.java:66)
app//org.apache.flink.streaming.runtime.tasks.StreamTask.processInput(StreamTask.java:423)
app//org.apache.flink.streaming.runtime.tasks.StreamTask$$Lambda$676/0x0000000840601c40.runDefaultAction(Unknown Source)
app//org.apache.flink.streaming.runtime.tasks.mailbox.MailboxProcessor.runMailboxLoop(MailboxProcessor.java:204)
app//org.apache.flink.streaming.runtime.tasks.StreamTask.runMailboxLoop(StreamTask.java:684)
app//org.apache.flink.streaming.runtime.tasks.StreamTask.executeInvoke(StreamTask.java:639)
app//org.apache.flink.streaming.runtime.tasks.StreamTask$$Lambda$806/0x00000008406ef840.run(Unknown Source)
app//org.apache.flink.streaming.runtime.tasks.StreamTask.runWithCleanUpOnFail(StreamTask.java:650)
app//org.apache.flink.streaming.runtime.tasks.StreamTask.invoke(StreamTask.java:623)
app//org.apache.flink.runtime.taskmanager.Task.doRun(Task.java:779)
app//org.apache.flink.runtime.taskmanager.Task.run(Task.java:566)
java.base@11.0.16/java.lang.Thread.run(Unknown Source)

2026-10-01 03:21:47,451 INFO  org.apache.flink.runtime.taskexecutor.DefaultJobLeaderService [] - Could not resolve JobManager address akka.tcp://flink@172.16.0.162:6123/user/rpc/jobmanager_2, retrying in 10000 ms: Could not connect to rpc endpoint under address akka.tcp://flink@172.16.0.162:6123/user/rpc/jobmanager_2.
2026-10-01 03:21:51,678 INFO  com.leejean.m3.M3Function                                    [] - [M3] Device H training epoch 5/300: train loss=6.146203734609815, early-stop loss=0.11037221617607444, 7.721s
2026-10-01 03:21:57,327 INFO  org.apache.flink.runtime.taskexecutor.TaskExecutor           [] - The heartbeat of ResourceManager with id 7a0c75731bd07a7b0d9c61270a393f48 timed out.
2026-10-01 03:21:57,328 INFO  org.apache.flink.runtime.taskexecutor.TaskExecutor           [] - Close ResourceManager connection 7a0c75731bd07a7b0d9c61270a393f48.
2026-10-01 03:21:57,332 INFO  org.apache.flink.runtime.taskexecutor.TaskExecutor           [] - Connecting to ResourceManager akka.tcp://flink@172.16.0.162:6123/user/rpc/resourcemanager_*(00000000000000000000000000000000).
2026-10-01 03:21:57,351 INFO  org.apache.flink.runtime.taskexecutor.TaskExecutor           [] - Resolved ResourceManager address, beginning registration
2026-10-01 03:21:57,419 INFO  org.apache.flink.runtime.taskexecutor.TaskExecutor           [] - Successful registration at resource manager akka.tcp://flink@172.16.0.162:6123/user/rpc/resourcemanager_* under registration id eec6756054243d858d36fa7a7d1522d5.
2026-10-01 03:21:57,470 INFO  org.apache.flink.runtime.taskexecutor.DefaultJobLeaderService [] - Could not resolve JobManager address akka.tcp://flink@172.16.0.162:6123/user/rpc/jobmanager_2, retrying in 10000 ms: Could not connect to rpc endpoint under address akka.tcp://flink@172.16.0.162:6123/user/rpc/jobmanager_2.
2026-10-01 03:22:00,438 INFO  com.leejean.m3.M3Function                                    [] - [M3] Device H training epoch 6/300: train loss=6.17924147023095, early-stop loss=0.08152115529882556, 8.76s
2026-10-01 03:22:07,491 INFO  org.apache.flink.runtime.taskexecutor.DefaultJobLeaderService [] - Could not resolve JobManager address akka.tcp://flink@172.16.0.162:6123/user/rpc/jobmanager_2, retrying in 10000 ms: Could not connect to rpc endpoint under address akka.tcp://flink@172.16.0.162:6123/user/rpc/jobmanager_2.
2026-10-01 03:22:07,787 INFO  com.leejean.m3.M3Function                                    [] - [M3] Device H training epoch 7/300: train loss=4.871347040865156, early-stop loss=0.0977280160412402, 7.349s
2026-10-01 03:22:15,666 INFO  com.leejean.m3.M3Function                                    [] - [M3] Device H training epoch 8/300: train loss=4.955018295182122, early-stop loss=0.08497445652111185, 7.879s
2026-10-01 03:22:17,270 WARN  org.apache.flink.runtime.taskmanager.Task                    [] - Task 'M3-LSTM-AE -> (Sink: Kafka Sink [synergia-scores / M3], Sink: Kafka Sink [synergia-monitoring / M3]) (3/8)#0' did not react to cancelling signal - interrupting; it is stuck for 30 seconds in method:
 org.nd4j.linalg.cpu.nativecpu.bindings.Nd4jCpu.execCustomOp2(Native Method)
org.nd4j.linalg.cpu.nativecpu.ops.NativeOpExecutioner.exec(NativeOpExecutioner.java:1900)
org.nd4j.linalg.cpu.nativecpu.ops.NativeOpExecutioner.exec(NativeOpExecutioner.java:1540)
org.nd4j.linalg.factory.Nd4j.exec(Nd4j.java:6545)
org.nd4j.linalg.factory.Nd4j.gemm(Nd4j.java:838)
org.deeplearning4j.nn.layers.recurrent.LSTMHelpers.activateHelper(LSTMHelpers.java:230)
org.deeplearning4j.nn.layers.recurrent.LSTM.activateHelper(LSTM.java:145)
org.deeplearning4j.nn.layers.recurrent.LSTM.backpropGradientHelper(LSTM.java:92)
org.deeplearning4j.nn.layers.recurrent.LSTM.backpropGradient(LSTM.java:67)
org.deeplearning4j.nn.multilayer.MultiLayerNetwork.calcBackpropGradients(MultiLayerNetwork.java:1998)
org.deeplearning4j.nn.multilayer.MultiLayerNetwork.computeGradientAndScore(MultiLayerNetwork.java:2813)
org.deeplearning4j.nn.multilayer.MultiLayerNetwork.computeGradientAndScore(MultiLayerNetwork.java:2756)
org.deeplearning4j.optimize.solvers.BaseOptimizer.gradientAndScore(BaseOptimizer.java:174)
org.deeplearning4j.optimize.solvers.StochasticGradientDescent.optimize(StochasticGradientDescent.java:61)
org.deeplearning4j.optimize.Solver.optimize(Solver.java:52)
org.deeplearning4j.nn.multilayer.MultiLayerNetwork.fitHelper(MultiLayerNetwork.java:2357)
org.deeplearning4j.nn.multilayer.MultiLayerNetwork.fit(MultiLayerNetwork.java:2315)
org.deeplearning4j.nn.multilayer.MultiLayerNetwork.fit(MultiLayerNetwork.java:2378)
com.leejean.m3.LstmAutoEncoder.trainEpoch(LstmAutoEncoder.java:252)
com.leejean.m3.M3Training.train(M3Training.java:190)
com.leejean.m3.M3Function.trainAndCalibrate(M3Function.java:363)
com.leejean.m3.M3Function.handleCollecting(M3Function.java:322)
com.leejean.m3.M3Function.processElement(M3Function.java:248)
com.leejean.m3.M3Function.processElement(M3Function.java:45)
app//org.apache.flink.streaming.api.operators.KeyedProcessOperator.processElement(KeyedProcessOperator.java:83)
app//org.apache.flink.streaming.runtime.tasks.OneInputStreamTask$StreamTaskNetworkOutput.emitRecord(OneInputStreamTask.java:205)
app//org.apache.flink.streaming.runtime.io.AbstractStreamTaskNetworkInput.processElement(AbstractStreamTaskNetworkInput.java:134)
app//org.apache.flink.streaming.runtime.io.AbstractStreamTaskNetworkInput.emitNext(AbstractStreamTaskNetworkInput.java:105)
app//org.apache.flink.streaming.runtime.io.StreamOneInputProcessor.processInput(StreamOneInputProcessor.java:66)
app//org.apache.flink.streaming.runtime.tasks.StreamTask.processInput(StreamTask.java:423)
app//org.apache.flink.streaming.runtime.tasks.StreamTask$$Lambda$676/0x0000000840601c40.runDefaultAction(Unknown Source)
app//org.apache.flink.streaming.runtime.tasks.mailbox.MailboxProcessor.runMailboxLoop(MailboxProcessor.java:204)
app//org.apache.flink.streaming.runtime.tasks.StreamTask.runMailboxLoop(StreamTask.java:684)
app//org.apache.flink.streaming.runtime.tasks.StreamTask.executeInvoke(StreamTask.java:639)
app//org.apache.flink.streaming.runtime.tasks.StreamTask$$Lambda$806/0x00000008406ef840.run(Unknown Source)
app//org.apache.flink.streaming.runtime.tasks.StreamTask.runWithCleanUpOnFail(StreamTask.java:650)
app//org.apache.flink.streaming.runtime.tasks.StreamTask.invoke(StreamTask.java:623)
app//org.apache.flink.runtime.taskmanager.Task.doRun(Task.java:779)
app//org.apache.flink.runtime.taskmanager.Task.run(Task.java:566)
java.base@11.0.16/java.lang.Thread.run(Unknown Source)

2026-10-01 03:22:17,510 INFO  org.apache.flink.runtime.taskexecutor.DefaultJobLeaderService [] - Could not resolve JobManager address akka.tcp://flink@172.16.0.162:6123/user/rpc/jobmanager_2, retrying in 10000 ms: Could not connect to rpc endpoint under address akka.tcp://flink@172.16.0.162:6123/user/rpc/jobmanager_2.
2026-10-01 03:22:23,260 INFO  com.leejean.m3.M3Function                                    [] - [M3] Device H training epoch 9/300: train loss=5.218166193962097, early-stop loss=0.13001208960946684, 7.594s
2026-10-01 03:22:27,531 INFO  org.apache.flink.runtime.taskexecutor.DefaultJobLeaderService [] - Could not resolve JobManager address akka.tcp://flink@172.16.0.162:6123/user/rpc/jobmanager_2, retrying in 10000 ms: Could not connect to rpc endpoint under address akka.tcp://flink@172.16.0.162:6123/user/rpc/jobmanager_2.
2026-10-01 03:22:31,134 INFO  com.leejean.m3.M3Function                                    [] - [M3] Device H training epoch 10/300: train loss=4.654482309023539, early-stop loss=0.12082861670135389, 7.874s
2026-10-01 03:22:37,551 INFO  org.apache.flink.runtime.taskexecutor.DefaultJobLeaderService [] - Could not resolve JobManager address akka.tcp://flink@172.16.0.162:6123/user/rpc/jobmanager_2, retrying in 10000 ms: Could not connect to rpc endpoint under address akka.tcp://flink@172.16.0.162:6123/user/rpc/jobmanager_2.
2026-10-01 03:22:38,677 INFO  com.leejean.m3.M3Function                                    [] - [M3] Device H training epoch 11/300: train loss=4.4882265135977, early-stop loss=0.09275686775874101, 7.542s
2026-10-01 03:22:46,522 INFO  com.leejean.m3.M3Function                                    [] - [M3] Device H training epoch 12/300: train loss=4.074737684461805, early-stop loss=0.07607954337422258, 7.845s
2026-10-01 03:22:47,271 WARN  org.apache.flink.runtime.taskmanager.Task                    [] - Task 'M3-LSTM-AE -> (Sink: Kafka Sink [synergia-scores / M3], Sink: Kafka Sink [synergia-monitoring / M3]) (3/8)#0' did not react to cancelling signal - interrupting; it is stuck for 30 seconds in method:
 org.bytedeco.javacpp.Pointer.physicalBytesInaccurate(Native Method)
org.bytedeco.javacpp.Pointer.deallocator(Pointer.java:697)
org.bytedeco.javacpp.Pointer.init(Pointer.java:126)
org.bytedeco.javacpp.LongPointer.allocateArray(Native Method)
org.bytedeco.javacpp.LongPointer.<init>(LongPointer.java:82)
org.bytedeco.javacpp.LongPointer.<init>(LongPointer.java:55)
org.nd4j.linalg.cpu.nativecpu.ops.NativeOpExecutioner.createShapeInfo(NativeOpExecutioner.java:1999)
org.nd4j.linalg.api.shape.Shape.createShapeInformation(Shape.java:3252)
org.nd4j.linalg.api.ndarray.BaseShapeInfoProvider.createShapeInformation(BaseShapeInfoProvider.java:68)
org.nd4j.linalg.api.ndarray.BaseNDArray.<init>(BaseNDArray.java:186)
org.nd4j.linalg.cpu.nativecpu.NDArray.<init>(NDArray.java:82)
org.nd4j.linalg.cpu.nativecpu.CpuNDArrayFactory.create(CpuNDArrayFactory.java:414)
org.nd4j.linalg.factory.Nd4j.create(Nd4j.java:4068)
org.nd4j.linalg.api.ndarray.BaseNDArray.tensorAlongDimension(BaseNDArray.java:1034)
org.deeplearning4j.nn.layers.recurrent.LSTMHelpers.backpropGradientHelper(LSTMHelpers.java:562)
org.deeplearning4j.nn.layers.recurrent.LSTM.backpropGradientHelper(LSTM.java:95)
org.deeplearning4j.nn.layers.recurrent.LSTM.backpropGradient(LSTM.java:67)
org.deeplearning4j.nn.layers.recurrent.LastTimeStepLayer.backpropGradient(LastTimeStepLayer.java:91)
org.deeplearning4j.nn.multilayer.MultiLayerNetwork.calcBackpropGradients(MultiLayerNetwork.java:1998)
org.deeplearning4j.nn.multilayer.MultiLayerNetwork.computeGradientAndScore(MultiLayerNetwork.java:2813)
org.deeplearning4j.nn.multilayer.MultiLayerNetwork.computeGradientAndScore(MultiLayerNetwork.java:2756)
org.deeplearning4j.optimize.solvers.BaseOptimizer.gradientAndScore(BaseOptimizer.java:174)
org.deeplearning4j.optimize.solvers.StochasticGradientDescent.optimize(StochasticGradientDescent.java:61)
org.deeplearning4j.optimize.Solver.optimize(Solver.java:52)
org.deeplearning4j.nn.multilayer.MultiLayerNetwork.fitHelper(MultiLayerNetwork.java:2357)
org.deeplearning4j.nn.multilayer.MultiLayerNetwork.fit(MultiLayerNetwork.java:2315)
org.deeplearning4j.nn.multilayer.MultiLayerNetwork.fit(MultiLayerNetwork.java:2378)
com.leejean.m3.LstmAutoEncoder.trainEpoch(LstmAutoEncoder.java:252)
com.leejean.m3.M3Training.train(M3Training.java:190)
com.leejean.m3.M3Function.trainAndCalibrate(M3Function.java:363)
com.leejean.m3.M3Function.handleCollecting(M3Function.java:322)
com.leejean.m3.M3Function.processElement(M3Function.java:248)
com.leejean.m3.M3Function.processElement(M3Function.java:45)
app//org.apache.flink.streaming.api.operators.KeyedProcessOperator.processElement(KeyedProcessOperator.java:83)
app//org.apache.flink.streaming.runtime.tasks.OneInputStreamTask$StreamTaskNetworkOutput.emitRecord(OneInputStreamTask.java:205)
app//org.apache.flink.streaming.runtime.io.AbstractStreamTaskNetworkInput.processElement(AbstractStreamTaskNetworkInput.java:134)
app//org.apache.flink.streaming.runtime.io.AbstractStreamTaskNetworkInput.emitNext(AbstractStreamTaskNetworkInput.java:105)
app//org.apache.flink.streaming.runtime.io.StreamOneInputProcessor.processInput(StreamOneInputProcessor.java:66)
app//org.apache.flink.streaming.runtime.tasks.StreamTask.processInput(StreamTask.java:423)
app//org.apache.flink.streaming.runtime.tasks.StreamTask$$Lambda$676/0x0000000840601c40.runDefaultAction(Unknown Source)
app//org.apache.flink.streaming.runtime.tasks.mailbox.MailboxProcessor.runMailboxLoop(MailboxProcessor.java:204)
app//org.apache.flink.streaming.runtime.tasks.StreamTask.runMailboxLoop(StreamTask.java:684)
app//org.apache.flink.streaming.runtime.tasks.StreamTask.executeInvoke(StreamTask.java:639)
app//org.apache.flink.streaming.runtime.tasks.StreamTask$$Lambda$806/0x00000008406ef840.run(Unknown Source)
app//org.apache.flink.streaming.runtime.tasks.StreamTask.runWithCleanUpOnFail(StreamTask.java:650)
app//org.apache.flink.streaming.runtime.tasks.StreamTask.invoke(StreamTask.java:623)
app//org.apache.flink.runtime.taskmanager.Task.doRun(Task.java:779)
app//org.apache.flink.runtime.taskmanager.Task.run(Task.java:566)
java.base@11.0.16/java.lang.Thread.run(Unknown Source)

2026-10-01 03:22:47,571 INFO  org.apache.flink.runtime.taskexecutor.DefaultJobLeaderService [] - Could not resolve JobManager address akka.tcp://flink@172.16.0.162:6123/user/rpc/jobmanager_2, retrying in 10000 ms: Could not connect to rpc endpoint under address akka.tcp://flink@172.16.0.162:6123/user/rpc/jobmanager_2.
2026-10-01 03:22:55,229 INFO  com.leejean.m3.M3Function                                    [] - [M3] Device H training epoch 13/300: train loss=4.836497127215068, early-stop loss=0.12806836727609217, 8.707s
2026-10-01 03:22:57,591 INFO  org.apache.flink.runtime.taskexecutor.DefaultJobLeaderService [] - Could not resolve JobManager address akka.tcp://flink@172.16.0.162:6123/user/rpc/jobmanager_2, retrying in 10000 ms: Could not connect to rpc endpoint under address akka.tcp://flink@172.16.0.162:6123/user/rpc/jobmanager_2.
2026-10-01 03:23:02,881 INFO  com.leejean.m3.M3Function                                    [] - [M3] Device H training epoch 14/300: train loss=3.2531181507640414, early-stop loss=0.0725149505498392, 7.651s
2026-10-01 03:23:07,610 INFO  org.apache.flink.runtime.taskexecutor.DefaultJobLeaderService [] - Could not resolve JobManager address akka.tcp://flink@172.16.0.162:6123/user/rpc/jobmanager_2, retrying in 10000 ms: Could not connect to rpc endpoint under address akka.tcp://flink@172.16.0.162:6123/user/rpc/jobmanager_2.
2026-10-01 03:23:10,644 INFO  com.leejean.m3.M3Function                                    [] - [M3] Device H training epoch 15/300: train loss=2.7478124944368996, early-stop loss=0.06916867546771858, 7.763s
2026-10-01 03:23:17,272 WARN  org.apache.flink.runtime.taskmanager.Task                    [] - Task 'M3-LSTM-AE -> (Sink: Kafka Sink [synergia-scores / M3], Sink: Kafka Sink [synergia-monitoring / M3]) (3/8)#0' did not react to cancelling signal - interrupting; it is stuck for 30 seconds in method:
 org.nd4j.linalg.cpu.nativecpu.bindings.Nd4jCpu.execTransformAny(Native Method)
org.nd4j.linalg.cpu.nativecpu.ops.NativeOpExecutioner.exec(NativeOpExecutioner.java:826)
org.nd4j.linalg.cpu.nativecpu.ops.NativeOpExecutioner.exec(NativeOpExecutioner.java:146)
org.nd4j.linalg.cpu.nativecpu.ops.NativeOpExecutioner.exec(NativeOpExecutioner.java:132)
org.nd4j.linalg.api.ndarray.BaseNDArray.assign(BaseNDArray.java:1329)
org.nd4j.linalg.api.ndarray.BaseNDArray.dup(BaseNDArray.java:1747)
org.nd4j.linalg.workspace.BaseWorkspaceMgr.dup(BaseWorkspaceMgr.java:277)
org.deeplearning4j.nn.layers.recurrent.LSTMHelpers.activateHelper(LSTMHelpers.java:348)
org.deeplearning4j.nn.layers.recurrent.LSTM.activateHelper(LSTM.java:145)
org.deeplearning4j.nn.layers.recurrent.LSTM.activate(LSTM.java:110)
org.deeplearning4j.nn.multilayer.MultiLayerNetwork.ffToLayerActivationsInWs(MultiLayerNetwork.java:1147)
org.deeplearning4j.nn.multilayer.MultiLayerNetwork.computeGradientAndScore(MultiLayerNetwork.java:2798)
org.deeplearning4j.nn.multilayer.MultiLayerNetwork.computeGradientAndScore(MultiLayerNetwork.java:2756)
org.deeplearning4j.optimize.solvers.BaseOptimizer.gradientAndScore(BaseOptimizer.java:174)
org.deeplearning4j.optimize.solvers.StochasticGradientDescent.optimize(StochasticGradientDescent.java:61)
org.deeplearning4j.optimize.Solver.optimize(Solver.java:52)
org.deeplearning4j.nn.multilayer.MultiLayerNetwork.fitHelper(MultiLayerNetwork.java:2357)
org.deeplearning4j.nn.multilayer.MultiLayerNetwork.fit(MultiLayerNetwork.java:2315)
org.deeplearning4j.nn.multilayer.MultiLayerNetwork.fit(MultiLayerNetwork.java:2378)
com.leejean.m3.LstmAutoEncoder.trainEpoch(LstmAutoEncoder.java:252)
com.leejean.m3.M3Training.train(M3Training.java:190)
com.leejean.m3.M3Function.trainAndCalibrate(M3Function.java:363)
com.leejean.m3.M3Function.handleCollecting(M3Function.java:322)
com.leejean.m3.M3Function.processElement(M3Function.java:248)
com.leejean.m3.M3Function.processElement(M3Function.java:45)
app//org.apache.flink.streaming.api.operators.KeyedProcessOperator.processElement(KeyedProcessOperator.java:83)
app//org.apache.flink.streaming.runtime.tasks.OneInputStreamTask$StreamTaskNetworkOutput.emitRecord(OneInputStreamTask.java:205)
app//org.apache.flink.streaming.runtime.io.AbstractStreamTaskNetworkInput.processElement(AbstractStreamTaskNetworkInput.java:134)
app//org.apache.flink.streaming.runtime.io.AbstractStreamTaskNetworkInput.emitNext(AbstractStreamTaskNetworkInput.java:105)
app//org.apache.flink.streaming.runtime.io.StreamOneInputProcessor.processInput(StreamOneInputProcessor.java:66)
app//org.apache.flink.streaming.runtime.tasks.StreamTask.processInput(StreamTask.java:423)
app//org.apache.flink.streaming.runtime.tasks.StreamTask$$Lambda$676/0x0000000840601c40.runDefaultAction(Unknown Source)
app//org.apache.flink.streaming.runtime.tasks.mailbox.MailboxProcessor.runMailboxLoop(MailboxProcessor.java:204)
app//org.apache.flink.streaming.runtime.tasks.StreamTask.runMailboxLoop(StreamTask.java:684)
app//org.apache.flink.streaming.runtime.tasks.StreamTask.executeInvoke(StreamTask.java:639)
app//org.apache.flink.streaming.runtime.tasks.StreamTask$$Lambda$806/0x00000008406ef840.run(Unknown Source)
app//org.apache.flink.streaming.runtime.tasks.StreamTask.runWithCleanUpOnFail(StreamTask.java:650)
app//org.apache.flink.streaming.runtime.tasks.StreamTask.invoke(StreamTask.java:623)
app//org.apache.flink.runtime.taskmanager.Task.doRun(Task.java:779)
app//org.apache.flink.runtime.taskmanager.Task.run(Task.java:566)
java.base@11.0.16/java.lang.Thread.run(Unknown Source)

2026-10-01 03:23:17,630 INFO  org.apache.flink.runtime.taskexecutor.DefaultJobLeaderService [] - Could not resolve JobManager address akka.tcp://flink@172.16.0.162:6123/user/rpc/jobmanager_2, retrying in 10000 ms: Could not connect to rpc endpoint under address akka.tcp://flink@172.16.0.162:6123/user/rpc/jobmanager_2.
2026-10-01 03:23:18,180 INFO  com.leejean.m3.M3Function                                    [] - [M3] Device H training epoch 16/300: train loss=2.3611203275124235, early-stop loss=0.06982168236124278, 7.536s
2026-10-01 03:23:25,999 INFO  com.leejean.m3.M3Function                                    [] - [M3] Device H training epoch 17/300: train loss=2.0838744143644967, early-stop loss=0.07693732906476058, 7.819s
2026-10-01 03:23:27,651 INFO  org.apache.flink.runtime.taskexecutor.DefaultJobLeaderService [] - Could not resolve JobManager address akka.tcp://flink@172.16.0.162:6123/user/rpc/jobmanager_2, retrying in 10000 ms: Could not connect to rpc endpoint under address akka.tcp://flink@172.16.0.162:6123/user/rpc/jobmanager_2.
2026-10-01 03:23:33,628 INFO  com.leejean.m3.M3Function                                    [] - [M3] Device H training epoch 18/300: train loss=2.5876629147264696, early-stop loss=0.06844237220332865, 7.629s
2026-10-01 03:23:37,671 INFO  org.apache.flink.runtime.taskexecutor.DefaultJobLeaderService [] - Could not resolve JobManager address akka.tcp://flink@172.16.0.162:6123/user/rpc/jobmanager_2, retrying in 10000 ms: Could not connect to rpc endpoint under address akka.tcp://flink@172.16.0.162:6123/user/rpc/jobmanager_2.
2026-10-01 03:23:41,373 INFO  com.leejean.m3.M3Function                                    [] - [M3] Device H training epoch 19/300: train loss=2.654822326236301, early-stop loss=0.09136019391024072, 7.745s
2026-10-01 03:23:47,272 WARN  org.apache.flink.runtime.taskmanager.Task                    [] - Task 'M3-LSTM-AE -> (Sink: Kafka Sink [synergia-scores / M3], Sink: Kafka Sink [synergia-monitoring / M3]) (3/8)#0' did not react to cancelling signal - interrupting; it is stuck for 30 seconds in method:
 java.base@11.0.16/sun.security.provider.SHA.implCompress(Unknown Source)
java.base@11.0.16/sun.security.provider.SHA.implDigest(Unknown Source)
java.base@11.0.16/sun.security.provider.DigestBase.engineDigest(Unknown Source)
java.base@11.0.16/sun.security.provider.DigestBase.engineDigest(Unknown Source)
java.base@11.0.16/java.security.MessageDigest$Delegate.engineDigest(Unknown Source)
java.base@11.0.16/java.security.MessageDigest.digest(Unknown Source)
java.base@11.0.16/sun.security.provider.SecureRandom.engineNextBytes(Unknown Source)
java.base@11.0.16/sun.security.provider.NativePRNG$RandomIO.implNextBytes(Unknown Source)
java.base@11.0.16/sun.security.provider.NativePRNG.engineNextBytes(Unknown Source)
java.base@11.0.16/java.security.SecureRandom.nextBytes(Unknown Source)
java.base@11.0.16/java.util.UUID.randomUUID(Unknown Source)
org.nd4j.autodiff.functions.DifferentialFunction.setInstanceId(DifferentialFunction.java:718)
org.nd4j.autodiff.functions.DifferentialFunction.<init>(DifferentialFunction.java:97)
org.nd4j.autodiff.functions.DifferentialFunction.<init>(DifferentialFunction.java:91)
org.nd4j.linalg.api.ops.DynamicCustomOp.<init>(DynamicCustomOp.java:137)
org.nd4j.linalg.api.ops.DynamicCustomOp.<init>(DynamicCustomOp.java:185)
org.nd4j.linalg.api.ops.impl.transforms.BaseDynamicTransformOp.<init>(BaseDynamicTransformOp.java:45)
org.nd4j.linalg.api.ops.impl.transforms.pairwise.arithmetic.AddOp.<init>(AddOp.java:56)
org.nd4j.linalg.api.ops.impl.transforms.pairwise.arithmetic.AddOp.<init>(AddOp.java:48)
org.nd4j.linalg.api.ndarray.BaseNDArray.addi(BaseNDArray.java:3282)
org.nd4j.linalg.api.ndarray.BaseNDArray.addi(BaseNDArray.java:3275)
org.deeplearning4j.nn.layers.recurrent.LSTMHelpers.backpropGradientHelper(LSTMHelpers.java:694)
org.deeplearning4j.nn.layers.recurrent.LSTM.backpropGradientHelper(LSTM.java:95)
org.deeplearning4j.nn.layers.recurrent.LSTM.backpropGradient(LSTM.java:67)
org.deeplearning4j.nn.layers.recurrent.LastTimeStepLayer.backpropGradient(LastTimeStepLayer.java:91)
org.deeplearning4j.nn.multilayer.MultiLayerNetwork.calcBackpropGradients(MultiLayerNetwork.java:1998)
org.deeplearning4j.nn.multilayer.MultiLayerNetwork.computeGradientAndScore(MultiLayerNetwork.java:2813)
org.deeplearning4j.nn.multilayer.MultiLayerNetwork.computeGradientAndScore(MultiLayerNetwork.java:2756)
org.deeplearning4j.optimize.solvers.BaseOptimizer.gradientAndScore(BaseOptimizer.java:174)
org.deeplearning4j.optimize.solvers.StochasticGradientDescent.optimize(StochasticGradientDescent.java:61)
org.deeplearning4j.optimize.Solver.optimize(Solver.java:52)
org.deeplearning4j.nn.multilayer.MultiLayerNetwork.fitHelper(MultiLayerNetwork.java:2357)
org.deeplearning4j.nn.multilayer.MultiLayerNetwork.fit(MultiLayerNetwork.java:2315)
org.deeplearning4j.nn.multilayer.MultiLayerNetwork.fit(MultiLayerNetwork.java:2378)
com.leejean.m3.LstmAutoEncoder.trainEpoch(LstmAutoEncoder.java:252)
com.leejean.m3.M3Training.train(M3Training.java:190)
com.leejean.m3.M3Function.trainAndCalibrate(M3Function.java:363)
com.leejean.m3.M3Function.handleCollecting(M3Function.java:322)
com.leejean.m3.M3Function.processElement(M3Function.java:248)
com.leejean.m3.M3Function.processElement(M3Function.java:45)
app//org.apache.flink.streaming.api.operators.KeyedProcessOperator.processElement(KeyedProcessOperator.java:83)
app//org.apache.flink.streaming.runtime.tasks.OneInputStreamTask$StreamTaskNetworkOutput.emitRecord(OneInputStreamTask.java:205)
app//org.apache.flink.streaming.runtime.io.AbstractStreamTaskNetworkInput.processElement(AbstractStreamTaskNetworkInput.java:134)
app//org.apache.flink.streaming.runtime.io.AbstractStreamTaskNetworkInput.emitNext(AbstractStreamTaskNetworkInput.java:105)
app//org.apache.flink.streaming.runtime.io.StreamOneInputProcessor.processInput(StreamOneInputProcessor.java:66)
app//org.apache.flink.streaming.runtime.tasks.StreamTask.processInput(StreamTask.java:423)
app//org.apache.flink.streaming.runtime.tasks.StreamTask$$Lambda$676/0x0000000840601c40.runDefaultAction(Unknown Source)
app//org.apache.flink.streaming.runtime.tasks.mailbox.MailboxProcessor.runMailboxLoop(MailboxProcessor.java:204)
app//org.apache.flink.streaming.runtime.tasks.StreamTask.runMailboxLoop(StreamTask.java:684)
app//org.apache.flink.streaming.runtime.tasks.StreamTask.executeInvoke(StreamTask.java:639)
app//org.apache.flink.streaming.runtime.tasks.StreamTask$$Lambda$806/0x00000008406ef840.run(Unknown Source)
app//org.apache.flink.streaming.runtime.tasks.StreamTask.runWithCleanUpOnFail(StreamTask.java:650)
app//org.apache.flink.streaming.runtime.tasks.StreamTask.invoke(StreamTask.java:623)
app//org.apache.flink.runtime.taskmanager.Task.doRun(Task.java:779)
app//org.apache.flink.runtime.taskmanager.Task.run(Task.java:566)
java.base@11.0.16/java.lang.Thread.run(Unknown Source)

2026-10-01 03:23:47,690 INFO  org.apache.flink.runtime.taskexecutor.DefaultJobLeaderService [] - Could not resolve JobManager address akka.tcp://flink@172.16.0.162:6123/user/rpc/jobmanager_2, retrying in 10000 ms: Could not connect to rpc endpoint under address akka.tcp://flink@172.16.0.162:6123/user/rpc/jobmanager_2.
2026-10-01 03:23:49,248 INFO  com.leejean.m3.M3Function                                    [] - [M3] Device H training epoch 20/300: train loss=3.7297635095649295, early-stop loss=0.07801420449602099, 7.875s
2026-10-01 03:23:56,837 INFO  com.leejean.m3.M3Function                                    [] - [M3] Device H training epoch 21/300: train loss=2.306201980511348, early-stop loss=0.0905264427473992, 7.589s
2026-10-01 03:23:57,711 INFO  org.apache.flink.runtime.taskexecutor.DefaultJobLeaderService [] - Could not resolve JobManager address akka.tcp://flink@172.16.0.162:6123/user/rpc/jobmanager_2, retrying in 10000 ms: Could not connect to rpc endpoint under address akka.tcp://flink@172.16.0.162:6123/user/rpc/jobmanager_2.
2026-10-01 03:24:04,684 INFO  com.leejean.m3.M3Function                                    [] - [M3] Device H training epoch 22/300: train loss=1.8820340387026466, early-stop loss=0.06704571426658992, 7.847s
2026-10-01 03:24:07,730 INFO  org.apache.flink.runtime.taskexecutor.DefaultJobLeaderService [] - Could not resolve JobManager address akka.tcp://flink@172.16.0.162:6123/user/rpc/jobmanager_2, retrying in 10000 ms: Could not connect to rpc endpoint under address akka.tcp://flink@172.16.0.162:6123/user/rpc/jobmanager_2.
2026-10-01 03:24:12,686 INFO  com.leejean.m3.M3Function                                    [] - [M3] Device H training epoch 23/300: train loss=1.447198382616043, early-stop loss=0.06260130379255437, 8.002s
2026-10-01 03:24:17,270 WARN  org.apache.flink.runtime.taskmanager.Task                    [] - Task 'M3-LSTM-AE -> (Sink: Kafka Sink [synergia-scores / M3], Sink: Kafka Sink [synergia-monitoring / M3]) (3/8)#0' did not react to cancelling signal - notifying TM; it is stuck for 180 seconds in method:
 org.nd4j.linalg.cpu.nativecpu.bindings.Nd4jCpu.dbPrimaryBuffer(Native Method)
org.nd4j.nativeblas.OpaqueDataBuffer.primaryBuffer(OpaqueDataBuffer.java:160)
org.nd4j.linalg.cpu.nativecpu.buffer.BaseCpuDataBuffer.addressPointer(BaseCpuDataBuffer.java:452)
org.nd4j.linalg.cpu.nativecpu.ops.CpuOpContext.setInputArray(CpuOpContext.java:106)
org.nd4j.linalg.api.ops.BaseOpContext.setInputArrays(BaseOpContext.java:174)
org.nd4j.linalg.cpu.nativecpu.ops.NativeOpExecutioner.exec(NativeOpExecutioner.java:1531)
org.nd4j.linalg.factory.Nd4j.exec(Nd4j.java:6545)
org.nd4j.linalg.api.ndarray.BaseNDArray.muli(BaseNDArray.java:3249)
org.nd4j.linalg.api.ndarray.BaseNDArray.muli(BaseNDArray.java:3242)
org.deeplearning4j.nn.layers.recurrent.LSTMHelpers.backpropGradientHelper(LSTMHelpers.java:585)
org.deeplearning4j.nn.layers.recurrent.LSTM.backpropGradientHelper(LSTM.java:95)
org.deeplearning4j.nn.layers.recurrent.LSTM.backpropGradient(LSTM.java:67)
org.deeplearning4j.nn.layers.recurrent.LastTimeStepLayer.backpropGradient(LastTimeStepLayer.java:91)
org.deeplearning4j.nn.multilayer.MultiLayerNetwork.calcBackpropGradients(MultiLayerNetwork.java:1998)
org.deeplearning4j.nn.multilayer.MultiLayerNetwork.computeGradientAndScore(MultiLayerNetwork.java:2813)
org.deeplearning4j.nn.multilayer.MultiLayerNetwork.computeGradientAndScore(MultiLayerNetwork.java:2756)
org.deeplearning4j.optimize.solvers.BaseOptimizer.gradientAndScore(BaseOptimizer.java:174)
org.deeplearning4j.optimize.solvers.StochasticGradientDescent.optimize(StochasticGradientDescent.java:61)
org.deeplearning4j.optimize.Solver.optimize(Solver.java:52)
org.deeplearning4j.nn.multilayer.MultiLayerNetwork.fitHelper(MultiLayerNetwork.java:2357)
org.deeplearning4j.nn.multilayer.MultiLayerNetwork.fit(MultiLayerNetwork.java:2315)
org.deeplearning4j.nn.multilayer.MultiLayerNetwork.fit(MultiLayerNetwork.java:2378)
com.leejean.m3.LstmAutoEncoder.trainEpoch(LstmAutoEncoder.java:252)
com.leejean.m3.M3Training.train(M3Training.java:190)
com.leejean.m3.M3Function.trainAndCalibrate(M3Function.java:363)
com.leejean.m3.M3Function.handleCollecting(M3Function.java:322)
com.leejean.m3.M3Function.processElement(M3Function.java:248)
com.leejean.m3.M3Function.processElement(M3Function.java:45)
app//org.apache.flink.streaming.api.operators.KeyedProcessOperator.processElement(KeyedProcessOperator.java:83)
app//org.apache.flink.streaming.runtime.tasks.OneInputStreamTask$StreamTaskNetworkOutput.emitRecord(OneInputStreamTask.java:205)
app//org.apache.flink.streaming.runtime.io.AbstractStreamTaskNetworkInput.processElement(AbstractStreamTaskNetworkInput.java:134)
app//org.apache.flink.streaming.runtime.io.AbstractStreamTaskNetworkInput.emitNext(AbstractStreamTaskNetworkInput.java:105)
app//org.apache.flink.streaming.runtime.io.StreamOneInputProcessor.processInput(StreamOneInputProcessor.java:66)
app//org.apache.flink.streaming.runtime.tasks.StreamTask.processInput(StreamTask.java:423)
app//org.apache.flink.streaming.runtime.tasks.StreamTask$$Lambda$676/0x0000000840601c40.runDefaultAction(Unknown Source)
app//org.apache.flink.streaming.runtime.tasks.mailbox.MailboxProcessor.runMailboxLoop(MailboxProcessor.java:204)
app//org.apache.flink.streaming.runtime.tasks.StreamTask.runMailboxLoop(StreamTask.java:684)
app//org.apache.flink.streaming.runtime.tasks.StreamTask.executeInvoke(StreamTask.java:639)
app//org.apache.flink.streaming.runtime.tasks.StreamTask$$Lambda$806/0x00000008406ef840.run(Unknown Source)
app//org.apache.flink.streaming.runtime.tasks.StreamTask.runWithCleanUpOnFail(StreamTask.java:650)
app//org.apache.flink.streaming.runtime.tasks.StreamTask.invoke(StreamTask.java:623)
app//org.apache.flink.runtime.taskmanager.Task.doRun(Task.java:779)
app//org.apache.flink.runtime.taskmanager.Task.run(Task.java:566)
java.base@11.0.16/java.lang.Thread.run(Unknown Source)

2026-10-01 03:24:17,270 ERROR org.apache.flink.runtime.taskexecutor.TaskExecutor           [] - Task did not exit gracefully within 180 + seconds.
org.apache.flink.util.FlinkRuntimeException: Task did not exit gracefully within 180 + seconds.
	at org.apache.flink.runtime.taskmanager.Task$TaskCancelerWatchDog.run(Task.java:1743) [flink-dist_2.12-1.13.6.jar:1.13.6]
	at java.lang.Thread.run(Unknown Source) [?:?]
2026-10-01 03:24:17,270 ERROR org.apache.flink.runtime.taskexecutor.TaskManagerRunner      [] - Fatal error occurred while executing the TaskManager. Shutting it down...
org.apache.flink.util.FlinkRuntimeException: Task did not exit gracefully within 180 + seconds.
	at org.apache.flink.runtime.taskmanager.Task$TaskCancelerWatchDog.run(Task.java:1743) [flink-dist_2.12-1.13.6.jar:1.13.6]
	at java.lang.Thread.run(Unknown Source) [?:?]
2026-10-01 03:24:17,271 INFO  org.apache.flink.runtime.taskexecutor.TaskExecutor           [] - Stopping TaskExecutor akka.tcp://flink@172.16.0.164:39455/user/rpc/taskmanager_0.
2026-10-01 03:24:17,271 INFO  org.apache.flink.runtime.taskexecutor.TaskExecutor           [] - Close ResourceManager connection ddc4b97653cb6bda6f04765f778d2924.
2026-10-01 03:24:17,275 WARN  org.apache.flink.runtime.taskmanager.Task                    [] - Task 'M3-LSTM-AE -> (Sink: Kafka Sink [synergia-scores / M3], Sink: Kafka Sink [synergia-monitoring / M3]) (3/8)#0' did not react to cancelling signal - interrupting; it is stuck for 30 seconds in method:
 org.nd4j.linalg.cpu.nativecpu.bindings.Nd4jCpu.setGraphContextInputBuffer(Native Method)
org.nd4j.linalg.cpu.nativecpu.ops.CpuOpContext.setInputArray(CpuOpContext.java:106)
org.nd4j.linalg.api.ops.BaseOpContext.setInputArrays(BaseOpContext.java:174)
org.nd4j.linalg.cpu.nativecpu.ops.NativeOpExecutioner.exec(NativeOpExecutioner.java:1531)
org.nd4j.linalg.factory.Nd4j.exec(Nd4j.java:6545)
org.nd4j.linalg.api.ndarray.BaseNDArray.muli(BaseNDArray.java:3249)
org.nd4j.linalg.api.ndarray.BaseNDArray.muli(BaseNDArray.java:3242)
org.deeplearning4j.nn.layers.recurrent.LSTMHelpers.backpropGradientHelper(LSTMHelpers.java:593)
org.deeplearning4j.nn.layers.recurrent.LSTM.backpropGradientHelper(LSTM.java:95)
org.deeplearning4j.nn.layers.recurrent.LSTM.backpropGradient(LSTM.java:67)
org.deeplearning4j.nn.layers.recurrent.LastTimeStepLayer.backpropGradient(LastTimeStepLayer.java:91)
org.deeplearning4j.nn.multilayer.MultiLayerNetwork.calcBackpropGradients(MultiLayerNetwork.java:1998)
org.deeplearning4j.nn.multilayer.MultiLayerNetwork.computeGradientAndScore(MultiLayerNetwork.java:2813)
org.deeplearning4j.nn.multilayer.MultiLayerNetwork.computeGradientAndScore(MultiLayerNetwork.java:2756)
org.deeplearning4j.optimize.solvers.BaseOptimizer.gradientAndScore(BaseOptimizer.java:174)
org.deeplearning4j.optimize.solvers.StochasticGradientDescent.optimize(StochasticGradientDescent.java:61)
org.deeplearning4j.optimize.Solver.optimize(Solver.java:52)
org.deeplearning4j.nn.multilayer.MultiLayerNetwork.fitHelper(MultiLayerNetwork.java:2357)
org.deeplearning4j.nn.multilayer.MultiLayerNetwork.fit(MultiLayerNetwork.java:2315)
org.deeplearning4j.nn.multilayer.MultiLayerNetwork.fit(MultiLayerNetwork.java:2378)
com.leejean.m3.LstmAutoEncoder.trainEpoch(LstmAutoEncoder.java:252)
com.leejean.m3.M3Training.train(M3Training.java:190)
com.leejean.m3.M3Function.trainAndCalibrate(M3Function.java:363)
com.leejean.m3.M3Function.handleCollecting(M3Function.java:322)
com.leejean.m3.M3Function.processElement(M3Function.java:248)
com.leejean.m3.M3Function.processElement(M3Function.java:45)
app//org.apache.flink.streaming.api.operators.KeyedProcessOperator.processElement(KeyedProcessOperator.java:83)
app//org.apache.flink.streaming.runtime.tasks.OneInputStreamTask$StreamTaskNetworkOutput.emitRecord(OneInputStreamTask.java:205)
app//org.apache.flink.streaming.runtime.io.AbstractStreamTaskNetworkInput.processElement(AbstractStreamTaskNetworkInput.java:134)
app//org.apache.flink.streaming.runtime.io.AbstractStreamTaskNetworkInput.emitNext(AbstractStreamTaskNetworkInput.java:105)
app//org.apache.flink.streaming.runtime.io.StreamOneInputProcessor.processInput(StreamOneInputProcessor.java:66)
app//org.apache.flink.streaming.runtime.tasks.StreamTask.processInput(StreamTask.java:423)
app//org.apache.flink.streaming.runtime.tasks.StreamTask$$Lambda$676/0x0000000840601c40.runDefaultAction(Unknown Source)
app//org.apache.flink.streaming.runtime.tasks.mailbox.MailboxProcessor.runMailboxLoop(MailboxProcessor.java:204)
app//org.apache.flink.streaming.runtime.tasks.StreamTask.runMailboxLoop(StreamTask.java:684)
app//org.apache.flink.streaming.runtime.tasks.StreamTask.executeInvoke(StreamTask.java:639)
app//org.apache.flink.streaming.runtime.tasks.StreamTask$$Lambda$806/0x00000008406ef840.run(Unknown Source)
app//org.apache.flink.streaming.runtime.tasks.StreamTask.runWithCleanUpOnFail(StreamTask.java:650)
app//org.apache.flink.streaming.runtime.tasks.StreamTask.invoke(StreamTask.java:623)
app//org.apache.flink.runtime.taskmanager.Task.doRun(Task.java:779)
app//org.apache.flink.runtime.taskmanager.Task.run(Task.java:566)
java.base@11.0.16/java.lang.Thread.run(Unknown Source)

2026-10-01 03:24:17,278 INFO  org.apache.flink.runtime.taskexecutor.slot.TaskSlotTableImpl [] - Free slot TaskSlot(index:3, state:RELEASING, resource profile: ResourceProfile{cpuCores=1.0000000000000000, taskHeapMemory=451.840mb (473788577 bytes), taskOffHeapMemory=192.000mb (201326592 bytes), managedMemory=64.000mb (67108864 bytes), networkMemory=85.760mb (89925878 bytes)}, allocationId: ce64b5cd609d3769f6360d145a0cc3c6, jobId: 6905b0331435ca57a7b1b0b7790a30e1).
2026-10-01 03:24:17,751 INFO  org.apache.flink.runtime.taskexecutor.DefaultJobLeaderService [] - Could not resolve JobManager address akka.tcp://flink@172.16.0.162:6123/user/rpc/jobmanager_2, retrying in 10000 ms: Could not connect to rpc endpoint under address akka.tcp://flink@172.16.0.162:6123/user/rpc/jobmanager_2.
2026-10-01 03:24:21,655 INFO  com.leejean.m3.M3Function                                    [] - [M3] Device H training epoch 24/300: train loss=1.6458227133750916, early-stop loss=0.08634895519670598, 8.969s
2026-10-01 03:24:27,274 ERROR org.apache.flink.runtime.taskexecutor.TaskManagerRunner      [] - Terminating TaskManagerRunner with exit code 1.
org.apache.flink.util.FlinkException: Unexpected failure during runtime of TaskManagerRunner.
	at org.apache.flink.runtime.taskexecutor.TaskManagerRunner.runTaskManager(TaskManagerRunner.java:377) ~[flink-dist_2.12-1.13.6.jar:1.13.6]
	at org.apache.flink.runtime.taskexecutor.TaskManagerRunner.lambda$runTaskManagerProcessSecurely$3(TaskManagerRunner.java:408) ~[flink-dist_2.12-1.13.6.jar:1.13.6]
	at org.apache.flink.runtime.security.contexts.NoOpSecurityContext.runSecured(NoOpSecurityContext.java:28) ~[flink-dist_2.12-1.13.6.jar:1.13.6]
	at org.apache.flink.runtime.taskexecutor.TaskManagerRunner.runTaskManagerProcessSecurely(TaskManagerRunner.java:408) [flink-dist_2.12-1.13.6.jar:1.13.6]
	at org.apache.flink.runtime.taskexecutor.TaskManagerRunner.runTaskManagerProcessSecurely(TaskManagerRunner.java:391) [flink-dist_2.12-1.13.6.jar:1.13.6]
	at org.apache.flink.runtime.taskexecutor.TaskManagerRunner.main(TaskManagerRunner.java:349) [flink-dist_2.12-1.13.6.jar:1.13.6]
Caused by: java.util.concurrent.TimeoutException
	at org.apache.flink.runtime.concurrent.FutureUtils$Timeout.run(FutureUtils.java:1255) ~[flink-dist_2.12-1.13.6.jar:1.13.6]
	at org.apache.flink.runtime.concurrent.DirectExecutorService.execute(DirectExecutorService.java:217) ~[flink-dist_2.12-1.13.6.jar:1.13.6]
	at org.apache.flink.runtime.concurrent.FutureUtils.lambda$orTimeout$15(FutureUtils.java:582) ~[flink-dist_2.12-1.13.6.jar:1.13.6]
	at java.util.concurrent.Executors$RunnableAdapter.call(Unknown Source) ~[?:?]
	at java.util.concurrent.FutureTask.run(Unknown Source) ~[?:?]
	at java.util.concurrent.ScheduledThreadPoolExecutor$ScheduledFutureTask.run(Unknown Source) ~[?:?]
	at java.util.concurrent.ThreadPoolExecutor.runWorker(Unknown Source) ~[?:?]
	at java.util.concurrent.ThreadPoolExecutor$Worker.run(Unknown Source) ~[?:?]
	at java.lang.Thread.run(Unknown Source) ~[?:?]
2026-10-01 03:24:27,275 INFO  org.apache.flink.runtime.blob.TransientBlobCache             [] - Shutting down BLOB cache
2026-10-01 03:24:27,275 INFO  org.apache.flink.runtime.blob.PermanentBlobCache             [] - Shutting down BLOB cache
2026-10-01 03:24:27,277 INFO  org.apache.flink.runtime.io.disk.FileChannelManagerImpl      [] - FileChannelManager removed spill file directory /tmp/flink-io-9a705d8b-dfbe-4038-9abd-b7906240f8e9
2026-10-01 03:24:27,278 INFO  org.apache.flink.runtime.io.disk.FileChannelManagerImpl      [] - FileChannelManager removed spill file directory /tmp/flink-netty-shuffle-a71b6ab4-7389-4c27-abb3-fdae96737423
2026-10-01 03:24:27,282 INFO  org.apache.flink.runtime.state.TaskExecutorLocalStateStoresManager [] - Shutting down TaskExecutorLocalStateStoresManager.
2026-10-01 03:24:27,287 INFO  org.apache.flink.runtime.filecache.FileCache                 [] - removed file cache directory /tmp/flink-dist-cache-57b1ca97-c24f-4660-8993-200dd82d2148
Starting Task Manager
Starting taskexecutor as a console application on host worker2.
2026-10-01 03:24:29,667 INFO  org.apache.flink.runtime.taskexecutor.TaskManagerRunner      [] - --------------------------------------------------------------------------------
2026-10-01 03:24:29,669 INFO  org.apache.flink.runtime.taskexecutor.TaskManagerRunner      [] -  Preconfiguration: 
2026-10-01 03:24:29,669 INFO  org.apache.flink.runtime.taskexecutor.TaskManagerRunner      [] - 


RESOURCE_PARAMS extraction logs:
jvm_params: -Xmx2029372037 -Xms2029372037 -XX:MaxDirectMemorySize=1299227611 -XX:MaxMetaspaceSize=268435456
dynamic_configs: -D taskmanager.memory.network.min=359703515b -D taskmanager.cpu.cores=4.0 -D taskmanager.memory.task.off-heap.size=805306368b -D taskmanager.memory.jvm-metaspace.size=268435456b -D external-resources=none -D taskmanager.memory.jvm-overhead.min=429496736b -D taskmanager.memory.framework.off-heap.size=134217728b -D taskmanager.memory.network.max=359703515b -D taskmanager.memory.framework.heap.size=134217728b -D taskmanager.memory.managed.size=268435456b -D taskmanager.memory.task.heap.size=1895154309b -D taskmanager.numberOfTaskSlots=4 -D taskmanager.memory.jvm-overhead.max=429496736b
logs: WARNING: sun.reflect.Reflection.getCallerClass is not supported. This will impact performance.
INFO  [] - Loading configuration property: jobmanager.rpc.address, worker2
INFO  [] - Loading configuration property: jobmanager.rpc.port, 6123
INFO  [] - Loading configuration property: jobmanager.memory.process.size, 1600m
INFO  [] - Loading configuration property: taskmanager.memory.process.size, 1728m
INFO  [] - Loading configuration property: taskmanager.numberOfTaskSlots, 1
INFO  [] - Loading configuration property: parallelism.default, 1
INFO  [] - Loading configuration property: jobmanager.execution.failover-strategy, region
INFO  [] - Loading configuration property: blob.server.port, 6124
INFO  [] - Loading configuration property: query.server.port, 6125
INFO  [] - Loading configuration property: jobmanager.rpc.address, worker2
INFO  [] - Loading configuration property: jobmanager.rpc.port, 6123
INFO  [] - Loading configuration property: taskmanager.numberOfTaskSlots, 1
INFO  [] - Loading configuration property: taskmanager.memory.process.size, 4096m
INFO  [] - Loading configuration property: taskmanager.memory.managed.size, 256m
INFO  [] - Loading configuration property: taskmanager.memory.task.off-heap.size, 768m
INFO  [] - Loading configuration property: akka.framesize, 67108864b
INFO  [] - Loading configuration property: env.java.opts.taskmanager, -Dorg.bytedeco.javacpp.maxbytes=512m -Dorg.bytedeco.javacpp.maxphysicalbytes=3584m -Dorg.bytedeco.javacpp.cachedir=/tmp/javacpp-cache
INFO  [] - Loading configuration property: taskmanager.host, 172.16.0.164
INFO  [] - Loading configuration property: parallelism.default, 8
INFO  [] - Loading configuration property: metrics.reporters, prom
INFO  [] - Loading configuration property: metrics.reporter.prom.factory.class, org.apache.flink.metrics.prometheus.PrometheusReporterFactory
INFO  [] - Loading configuration property: metrics.reporter.prom.port, 9249
INFO  [] - Loading configuration property: jobmanager.rpc.address, worker2
INFO  [] - Loading configuration property: jobmanager.rpc.port, 6123
INFO  [] - Loading configuration property: taskmanager.numberOfTaskSlots, 1
INFO  [] - Loading configuration property: taskmanager.memory.process.size, 4096m
INFO  [] - Loading configuration property: taskmanager.memory.managed.size, 256m
INFO  [] - Loading configuration property: taskmanager.memory.task.off-heap.size, 768m
INFO  [] - Loading configuration property: akka.framesize, 67108864b
INFO  [] - Loading configuration property: env.java.opts.taskmanager, -Dorg.bytedeco.javacpp.maxbytes=512m -Dorg.bytedeco.javacpp.maxphysicalbytes=3584m -Dorg.bytedeco.javacpp.cachedir=/tmp/javacpp-cache
INFO  [] - Loading configuration property: taskmanager.host, 172.16.0.164
INFO  [] - Loading configuration property: parallelism.default, 8
INFO  [] - Loading configuration property: metrics.reporters, prom
INFO  [] - Loading configuration property: metrics.reporter.prom.factory.class, org.apache.flink.metrics.prometheus.PrometheusReporterFactory
INFO  [] - Loading configuration property: metrics.reporter.prom.port, 9249
INFO  [] - Loading configuration property: jobmanager.rpc.address, worker2
INFO  [] - Loading configuration property: jobmanager.rpc.port, 6123
INFO  [] - Loading configuration property: taskmanager.numberOfTaskSlots, 1
INFO  [] - Loading configuration property: taskmanager.memory.process.size, 4096m
INFO  [] - Loading configuration property: taskmanager.memory.managed.size, 256m
INFO  [] - Loading configuration property: taskmanager.memory.task.off-heap.size, 768m
INFO  [] - Loading configuration property: akka.framesize, 67108864b
INFO  [] - Loading configuration property: env.java.opts.taskmanager, -Dorg.bytedeco.javacpp.maxbytes=512m -Dorg.bytedeco.javacpp.maxphysicalbytes=3584m -Dorg.bytedeco.javacpp.cachedir=/tmp/javacpp-cache
INFO  [] - Loading configuration property: taskmanager.host, 172.16.0.164
INFO  [] - Loading configuration property: parallelism.default, 8
INFO  [] - Loading configuration property: metrics.reporters, prom
INFO  [] - Loading configuration property: metrics.reporter.prom.factory.class, org.apache.flink.metrics.prometheus.PrometheusReporterFactory
INFO  [] - Loading configuration property: metrics.reporter.prom.port, 9249
INFO  [] - Loading configuration property: jobmanager.rpc.address, worker2
INFO  [] - Loading configuration property: jobmanager.rpc.port, 6123
INFO  [] - Loading configuration property: taskmanager.numberOfTaskSlots, 1
INFO  [] - Loading configuration property: taskmanager.memory.process.size, 4096m
INFO  [] - Loading configuration property: taskmanager.memory.managed.size, 256m
INFO  [] - Loading configuration property: taskmanager.memory.task.off-heap.size, 768m
INFO  [] - Loading configuration property: akka.framesize, 67108864b
INFO  [] - Loading configuration property: env.java.opts.taskmanager, -Dorg.bytedeco.javacpp.maxbytes=512m -Dorg.bytedeco.javacpp.maxphysicalbytes=3584m -Dorg.bytedeco.javacpp.cachedir=/tmp/javacpp-cache
INFO  [] - Loading configuration property: taskmanager.host, 172.16.0.164
INFO  [] - Loading configuration property: parallelism.default, 8
INFO  [] - Loading configuration property: metrics.reporters, prom
INFO  [] - Loading configuration property: metrics.reporter.prom.factory.class, org.apache.flink.metrics.prometheus.PrometheusReporterFactory
INFO  [] - Loading configuration property: metrics.reporter.prom.port, 9249
INFO  [] - Loading configuration property: jobmanager.rpc.address, worker2
INFO  [] - Loading configuration property: jobmanager.rpc.port, 6123
INFO  [] - Loading configuration property: taskmanager.numberOfTaskSlots, 1
INFO  [] - Loading configuration property: taskmanager.memory.process.size, 4096m
INFO  [] - Loading configuration property: taskmanager.memory.managed.size, 256m
INFO  [] - Loading configuration property: taskmanager.memory.task.off-heap.size, 768m
INFO  [] - Loading configuration property: akka.framesize, 67108864b
INFO  [] - Loading configuration property: env.java.opts.taskmanager, -Dorg.bytedeco.javacpp.maxbytes=512m -Dorg.bytedeco.javacpp.maxphysicalbytes=3584m -Dorg.bytedeco.javacpp.cachedir=/tmp/javacpp-cache
INFO  [] - Loading configuration property: taskmanager.host, 172.16.0.164
INFO  [] - Loading configuration property: parallelism.default, 8
INFO  [] - Loading configuration property: metrics.reporters, prom
INFO  [] - Loading configuration property: metrics.reporter.prom.factory.class, org.apache.flink.metrics.prometheus.PrometheusReporterFactory
INFO  [] - Loading configuration property: metrics.reporter.prom.port, 9249
INFO  [] - Loading configuration property: jobmanager.rpc.address, 172.16.0.162
INFO  [] - Loading configuration property: jobmanager.rpc.port, 6123
INFO  [] - Loading configuration property: taskmanager.numberOfTaskSlots, 4
INFO  [] - Loading configuration property: taskmanager.memory.process.size, 4096m
INFO  [] - Loading configuration property: taskmanager.memory.managed.size, 256m
INFO  [] - Loading configuration property: taskmanager.memory.task.off-heap.size, 768m
INFO  [] - Loading configuration property: akka.framesize, 67108864b
INFO  [] - Loading configuration property: env.java.opts.taskmanager, -Dorg.bytedeco.javacpp.maxbytes=512m -Dorg.bytedeco.javacpp.maxphysicalbytes=3584m -Dorg.bytedeco.javacpp.cachedir=/tmp/javacpp-cache
INFO  [] - Loading configuration property: taskmanager.host, 172.16.0.164
INFO  [] - Loading configuration property: parallelism.default, 8
INFO  [] - Loading configuration property: metrics.reporters, prom
INFO  [] - Loading configuration property: metrics.reporter.prom.factory.class, org.apache.flink.metrics.prometheus.PrometheusReporterFactory
INFO  [] - Loading configuration property: metrics.reporter.prom.port, 9249
INFO  [] - Final TaskExecutor Memory configuration:
INFO  [] -   Total Process Memory:          4.000gb (4294967296 bytes)
INFO  [] -     Total Flink Memory:          3.350gb (3597035104 bytes)
INFO  [] -       Total JVM Heap Memory:     1.890gb (2029372037 bytes)
INFO  [] -         Framework:               128.000mb (134217728 bytes)
INFO  [] -         Task:                    1.765gb (1895154309 bytes)
INFO  [] -       Total Off-heap Memory:     1.460gb (1567663067 bytes)
INFO  [] -         Managed:                 256.000mb (268435456 bytes)
INFO  [] -         Total JVM Direct Memory: 1.210gb (1299227611 bytes)
INFO  [] -           Framework:             128.000mb (134217728 bytes)
INFO  [] -           Task:                  768.000mb (805306368 bytes)
INFO  [] -           Network:               343.040mb (359703515 bytes)
INFO  [] -     JVM Metaspace:               256.000mb (268435456 bytes)
INFO  [] -     JVM Overhead:                409.600mb (429496736 bytes)

2026-10-01 03:24:29,670 INFO  org.apache.flink.runtime.taskexecutor.TaskManagerRunner      [] - --------------------------------------------------------------------------------
2026-10-01 03:24:29,670 INFO  org.apache.flink.runtime.taskexecutor.TaskManagerRunner      [] -  Starting TaskManager (Version: 1.13.6, Scala: 2.12, Rev:b2ca390, Date:2022-02-03T14:54:22+01:00)
2026-10-01 03:24:29,670 INFO  org.apache.flink.runtime.taskexecutor.TaskManagerRunner      [] -  OS current user: flink
2026-10-01 03:24:29,670 INFO  org.apache.flink.runtime.taskexecutor.TaskManagerRunner      [] -  Current Hadoop/Kerberos user: <no hadoop dependency found>
2026-10-01 03:24:29,670 INFO  org.apache.flink.runtime.taskexecutor.TaskManagerRunner      [] -  JVM: OpenJDK 64-Bit Server VM - Oracle Corporation - 11/11.0.16+8
2026-10-01 03:24:29,670 INFO  org.apache.flink.runtime.taskexecutor.TaskManagerRunner      [] -  Maximum heap size: 1936 MiBytes
2026-10-01 03:24:29,671 INFO  org.apache.flink.runtime.taskexecutor.TaskManagerRunner      [] -  JAVA_HOME: /usr/local/openjdk-11
2026-10-01 03:24:29,671 INFO  org.apache.flink.runtime.taskexecutor.TaskManagerRunner      [] -  No Hadoop Dependency available
2026-10-01 03:24:29,671 INFO  org.apache.flink.runtime.taskexecutor.TaskManagerRunner      [] -  JVM Options:
2026-10-01 03:24:29,671 INFO  org.apache.flink.runtime.taskexecutor.TaskManagerRunner      [] -     -Xmx2029372037
2026-10-01 03:24:29,671 INFO  org.apache.flink.runtime.taskexecutor.TaskManagerRunner      [] -     -Xms2029372037
2026-10-01 03:24:29,671 INFO  org.apache.flink.runtime.taskexecutor.TaskManagerRunner      [] -     -XX:MaxDirectMemorySize=1299227611
2026-10-01 03:24:29,671 INFO  org.apache.flink.runtime.taskexecutor.TaskManagerRunner      [] -     -XX:MaxMetaspaceSize=268435456
2026-10-01 03:24:29,671 INFO  org.apache.flink.runtime.taskexecutor.TaskManagerRunner      [] -     -Dorg.bytedeco.javacpp.maxbytes=512m
2026-10-01 03:24:29,672 INFO  org.apache.flink.runtime.taskexecutor.TaskManagerRunner      [] -     -Dorg.bytedeco.javacpp.maxphysicalbytes=3584m
2026-10-01 03:24:29,672 INFO  org.apache.flink.runtime.taskexecutor.TaskManagerRunner      [] -     -Dorg.bytedeco.javacpp.cachedir=/tmp/javacpp-cache
2026-10-01 03:24:29,672 INFO  org.apache.flink.runtime.taskexecutor.TaskManagerRunner      [] -     -Dlog.file=/opt/flink/log/flink--taskexecutor-5-worker2.log
2026-10-01 03:24:29,672 INFO  org.apache.flink.runtime.taskexecutor.TaskManagerRunner      [] -     -Dlog4j.configuration=file:/opt/flink/conf/log4j-console.properties
2026-10-01 03:24:29,672 INFO  org.apache.flink.runtime.taskexecutor.TaskManagerRunner      [] -     -Dlog4j.configurationFile=file:/opt/flink/conf/log4j-console.properties
2026-10-01 03:24:29,672 INFO  org.apache.flink.runtime.taskexecutor.TaskManagerRunner      [] -     -Dlogback.configurationFile=file:/opt/flink/conf/logback-console.xml
2026-10-01 03:24:29,672 INFO  org.apache.flink.runtime.taskexecutor.TaskManagerRunner      [] -  Program Arguments:
2026-10-01 03:24:29,673 INFO  org.apache.flink.runtime.taskexecutor.TaskManagerRunner      [] -     --configDir
2026-10-01 03:24:29,674 INFO  org.apache.flink.runtime.taskexecutor.TaskManagerRunner      [] -     /opt/flink/conf
2026-10-01 03:24:29,674 INFO  org.apache.flink.runtime.taskexecutor.TaskManagerRunner      [] -     -D
2026-10-01 03:24:29,674 INFO  org.apache.flink.runtime.taskexecutor.TaskManagerRunner      [] -     taskmanager.memory.network.min=359703515b
2026-10-01 03:24:29,674 INFO  org.apache.flink.runtime.taskexecutor.TaskManagerRunner      [] -     -D
2026-10-01 03:24:29,674 INFO  org.apache.flink.runtime.taskexecutor.TaskManagerRunner      [] -     taskmanager.cpu.cores=4.0
2026-10-01 03:24:29,674 INFO  org.apache.flink.runtime.taskexecutor.TaskManagerRunner      [] -     -D
2026-10-01 03:24:29,674 INFO  org.apache.flink.runtime.taskexecutor.TaskManagerRunner      [] -     taskmanager.memory.task.off-heap.size=805306368b
2026-10-01 03:24:29,675 INFO  org.apache.flink.runtime.taskexecutor.TaskManagerRunner      [] -     -D
2026-10-01 03:24:29,675 INFO  org.apache.flink.runtime.taskexecutor.TaskManagerRunner      [] -     taskmanager.memory.jvm-metaspace.size=268435456b
2026-10-01 03:24:29,675 INFO  org.apache.flink.runtime.taskexecutor.TaskManagerRunner      [] -     -D
2026-10-01 03:24:29,675 INFO  org.apache.flink.runtime.taskexecutor.TaskManagerRunner      [] -     external-resources=none
2026-10-01 03:24:29,675 INFO  org.apache.flink.runtime.taskexecutor.TaskManagerRunner      [] -     -D
2026-10-01 03:24:29,675 INFO  org.apache.flink.runtime.taskexecutor.TaskManagerRunner      [] -     taskmanager.memory.jvm-overhead.min=429496736b
2026-10-01 03:24:29,675 INFO  org.apache.flink.runtime.taskexecutor.TaskManagerRunner      [] -     -D
2026-10-01 03:24:29,675 INFO  org.apache.flink.runtime.taskexecutor.TaskManagerRunner      [] -     taskmanager.memory.framework.off-heap.size=134217728b
2026-10-01 03:24:29,676 INFO  org.apache.flink.runtime.taskexecutor.TaskManagerRunner      [] -     -D
2026-10-01 03:24:29,676 INFO  org.apache.flink.runtime.taskexecutor.TaskManagerRunner      [] -     taskmanager.memory.network.max=359703515b
2026-10-01 03:24:29,676 INFO  org.apache.flink.runtime.taskexecutor.TaskManagerRunner      [] -     -D
2026-10-01 03:24:29,676 INFO  org.apache.flink.runtime.taskexecutor.TaskManagerRunner      [] -     taskmanager.memory.framework.heap.size=134217728b
2026-10-01 03:24:29,676 INFO  org.apache.flink.runtime.taskexecutor.TaskManagerRunner      [] -     -D
2026-10-01 03:24:29,676 INFO  org.apache.flink.runtime.taskexecutor.TaskManagerRunner      [] -     taskmanager.memory.managed.size=268435456b
2026-10-01 03:24:29,676 INFO  org.apache.flink.runtime.taskexecutor.TaskManagerRunner      [] -     -D
2026-10-01 03:24:29,677 INFO  org.apache.flink.runtime.taskexecutor.TaskManagerRunner      [] -     taskmanager.memory.task.heap.size=1895154309b
2026-10-01 03:24:29,677 INFO  org.apache.flink.runtime.taskexecutor.TaskManagerRunner      [] -     -D
2026-10-01 03:24:29,677 INFO  org.apache.flink.runtime.taskexecutor.TaskManagerRunner      [] -     taskmanager.numberOfTaskSlots=4
2026-10-01 03:24:29,677 INFO  org.apache.flink.runtime.taskexecutor.TaskManagerRunner      [] -     -D
2026-10-01 03:24:29,677 INFO  org.apache.flink.runtime.taskexecutor.TaskManagerRunner      [] -     taskmanager.memory.jvm-overhead.max=429496736b
2026-10-01 03:24:29,677 INFO  org.apache.flink.runtime.taskexecutor.TaskManagerRunner      [] -  Classpath: /opt/flink/lib/flink-csv-1.13.6.jar:/opt/flink/lib/flink-json-1.13.6.jar:/opt/flink/lib/flink-shaded-zookeeper-3.4.14.jar:/opt/flink/lib/flink-table-blink_2.12-1.13.6.jar:/opt/flink/lib/flink-table_2.12-1.13.6.jar:/opt/flink/lib/log4j-1.2-api-2.17.1.jar:/opt/flink/lib/log4j-api-2.17.1.jar:/opt/flink/lib/log4j-core-2.17.1.jar:/opt/flink/lib/log4j-slf4j-impl-2.17.1.jar:/opt/flink/lib/flink-dist_2.12-1.13.6.jar:::
2026-10-01 03:24:29,677 INFO  org.apache.flink.runtime.taskexecutor.TaskManagerRunner      [] - --------------------------------------------------------------------------------
2026-10-01 03:24:29,679 INFO  org.apache.flink.runtime.taskexecutor.TaskManagerRunner      [] - Registered UNIX signal handlers for [TERM, HUP, INT]
2026-10-01 03:24:29,682 INFO  org.apache.flink.runtime.taskexecutor.TaskManagerRunner      [] - Maximum number of open file descriptors is 524288.
2026-10-01 03:24:29,691 INFO  org.apache.flink.configuration.GlobalConfiguration           [] - Loading configuration property: jobmanager.rpc.address, worker2
2026-10-01 03:24:29,691 INFO  org.apache.flink.configuration.GlobalConfiguration           [] - Loading configuration property: jobmanager.rpc.port, 6123
2026-10-01 03:24:29,691 INFO  org.apache.flink.configuration.GlobalConfiguration           [] - Loading configuration property: jobmanager.memory.process.size, 1600m
2026-10-01 03:24:29,691 INFO  org.apache.flink.configuration.GlobalConfiguration           [] - Loading configuration property: taskmanager.memory.process.size, 1728m
2026-10-01 03:24:29,691 INFO  org.apache.flink.configuration.GlobalConfiguration           [] - Loading configuration property: taskmanager.numberOfTaskSlots, 1
2026-10-01 03:24:29,691 INFO  org.apache.flink.configuration.GlobalConfiguration           [] - Loading configuration property: parallelism.default, 1
2026-10-01 03:24:29,692 INFO  org.apache.flink.configuration.GlobalConfiguration           [] - Loading configuration property: jobmanager.execution.failover-strategy, region
2026-10-01 03:24:29,693 INFO  org.apache.flink.configuration.GlobalConfiguration           [] - Loading configuration property: blob.server.port, 6124
2026-10-01 03:24:29,693 INFO  org.apache.flink.configuration.GlobalConfiguration           [] - Loading configuration property: query.server.port, 6125
2026-10-01 03:24:29,694 INFO  org.apache.flink.configuration.GlobalConfiguration           [] - Loading configuration property: jobmanager.rpc.address, worker2
2026-10-01 03:24:29,694 INFO  org.apache.flink.configuration.GlobalConfiguration           [] - Loading configuration property: jobmanager.rpc.port, 6123
2026-10-01 03:24:29,694 INFO  org.apache.flink.configuration.GlobalConfiguration           [] - Loading configuration property: taskmanager.numberOfTaskSlots, 1
2026-10-01 03:24:29,694 INFO  org.apache.flink.configuration.GlobalConfiguration           [] - Loading configuration property: taskmanager.memory.process.size, 4096m
2026-10-01 03:24:29,695 INFO  org.apache.flink.configuration.GlobalConfiguration           [] - Loading configuration property: taskmanager.memory.managed.size, 256m
2026-10-01 03:24:29,695 INFO  org.apache.flink.configuration.GlobalConfiguration           [] - Loading configuration property: taskmanager.memory.task.off-heap.size, 768m
2026-10-01 03:24:29,695 INFO  org.apache.flink.configuration.GlobalConfiguration           [] - Loading configuration property: akka.framesize, 67108864b
2026-10-01 03:24:29,695 INFO  org.apache.flink.configuration.GlobalConfiguration           [] - Loading configuration property: env.java.opts.taskmanager, -Dorg.bytedeco.javacpp.maxbytes=512m -Dorg.bytedeco.javacpp.maxphysicalbytes=3584m -Dorg.bytedeco.javacpp.cachedir=/tmp/javacpp-cache
2026-10-01 03:24:29,696 INFO  org.apache.flink.configuration.GlobalConfiguration           [] - Loading configuration property: taskmanager.host, 172.16.0.164
2026-10-01 03:24:29,696 INFO  org.apache.flink.configuration.GlobalConfiguration           [] - Loading configuration property: parallelism.default, 8
2026-10-01 03:24:29,696 INFO  org.apache.flink.configuration.GlobalConfiguration           [] - Loading configuration property: metrics.reporters, prom
2026-10-01 03:24:29,696 INFO  org.apache.flink.configuration.GlobalConfiguration           [] - Loading configuration property: metrics.reporter.prom.factory.class, org.apache.flink.metrics.prometheus.PrometheusReporterFactory
2026-10-01 03:24:29,696 INFO  org.apache.flink.configuration.GlobalConfiguration           [] - Loading configuration property: metrics.reporter.prom.port, 9249
2026-10-01 03:24:29,696 INFO  org.apache.flink.configuration.GlobalConfiguration           [] - Loading configuration property: jobmanager.rpc.address, worker2
2026-10-01 03:24:29,696 INFO  org.apache.flink.configuration.GlobalConfiguration           [] - Loading configuration property: jobmanager.rpc.port, 6123
2026-10-01 03:24:29,697 INFO  org.apache.flink.configuration.GlobalConfiguration           [] - Loading configuration property: taskmanager.numberOfTaskSlots, 1
2026-10-01 03:24:29,697 INFO  org.apache.flink.configuration.GlobalConfiguration           [] - Loading configuration property: taskmanager.memory.process.size, 4096m
2026-10-01 03:24:29,697 INFO  org.apache.flink.configuration.GlobalConfiguration           [] - Loading configuration property: taskmanager.memory.managed.size, 256m
2026-10-01 03:24:29,697 INFO  org.apache.flink.configuration.GlobalConfiguration           [] - Loading configuration property: taskmanager.memory.task.off-heap.size, 768m
2026-10-01 03:24:29,698 INFO  org.apache.flink.configuration.GlobalConfiguration           [] - Loading configuration property: akka.framesize, 67108864b
2026-10-01 03:24:29,698 INFO  org.apache.flink.configuration.GlobalConfiguration           [] - Loading configuration property: env.java.opts.taskmanager, -Dorg.bytedeco.javacpp.maxbytes=512m -Dorg.bytedeco.javacpp.maxphysicalbytes=3584m -Dorg.bytedeco.javacpp.cachedir=/tmp/javacpp-cache
2026-10-01 03:24:29,698 INFO  org.apache.flink.configuration.GlobalConfiguration           [] - Loading configuration property: taskmanager.host, 172.16.0.164
2026-10-01 03:24:29,699 INFO  org.apache.flink.configuration.GlobalConfiguration           [] - Loading configuration property: parallelism.default, 8
2026-10-01 03:24:29,699 INFO  org.apache.flink.configuration.GlobalConfiguration           [] - Loading configuration property: metrics.reporters, prom
2026-10-01 03:24:29,699 INFO  org.apache.flink.configuration.GlobalConfiguration           [] - Loading configuration property: metrics.reporter.prom.factory.class, org.apache.flink.metrics.prometheus.PrometheusReporterFactory
2026-10-01 03:24:29,699 INFO  org.apache.flink.configuration.GlobalConfiguration           [] - Loading configuration property: metrics.reporter.prom.port, 9249
2026-10-01 03:24:29,700 INFO  org.apache.flink.configuration.GlobalConfiguration           [] - Loading configuration property: jobmanager.rpc.address, worker2
2026-10-01 03:24:29,700 INFO  org.apache.flink.configuration.GlobalConfiguration           [] - Loading configuration property: jobmanager.rpc.port, 6123
2026-10-01 03:24:29,700 INFO  org.apache.flink.configuration.GlobalConfiguration           [] - Loading configuration property: taskmanager.numberOfTaskSlots, 1
2026-10-01 03:24:29,700 INFO  org.apache.flink.configuration.GlobalConfiguration           [] - Loading configuration property: taskmanager.memory.process.size, 4096m
2026-10-01 03:24:29,700 INFO  org.apache.flink.configuration.GlobalConfiguration           [] - Loading configuration property: taskmanager.memory.managed.size, 256m
2026-10-01 03:24:29,701 INFO  org.apache.flink.configuration.GlobalConfiguration           [] - Loading configuration property: taskmanager.memory.task.off-heap.size, 768m
2026-10-01 03:24:29,701 INFO  org.apache.flink.configuration.GlobalConfiguration           [] - Loading configuration property: akka.framesize, 67108864b
2026-10-01 03:24:29,701 INFO  org.apache.flink.configuration.GlobalConfiguration           [] - Loading configuration property: env.java.opts.taskmanager, -Dorg.bytedeco.javacpp.maxbytes=512m -Dorg.bytedeco.javacpp.maxphysicalbytes=3584m -Dorg.bytedeco.javacpp.cachedir=/tmp/javacpp-cache
2026-10-01 03:24:29,701 INFO  org.apache.flink.configuration.GlobalConfiguration           [] - Loading configuration property: taskmanager.host, 172.16.0.164
2026-10-01 03:24:29,702 INFO  org.apache.flink.configuration.GlobalConfiguration           [] - Loading configuration property: parallelism.default, 8
2026-10-01 03:24:29,702 INFO  org.apache.flink.configuration.GlobalConfiguration           [] - Loading configuration property: metrics.reporters, prom
2026-10-01 03:24:29,702 INFO  org.apache.flink.configuration.GlobalConfiguration           [] - Loading configuration property: metrics.reporter.prom.factory.class, org.apache.flink.metrics.prometheus.PrometheusReporterFactory
2026-10-01 03:24:29,702 INFO  org.apache.flink.configuration.GlobalConfiguration           [] - Loading configuration property: metrics.reporter.prom.port, 9249
2026-10-01 03:24:29,702 INFO  org.apache.flink.configuration.GlobalConfiguration           [] - Loading configuration property: jobmanager.rpc.address, worker2
2026-10-01 03:24:29,702 INFO  org.apache.flink.configuration.GlobalConfiguration           [] - Loading configuration property: jobmanager.rpc.port, 6123
2026-10-01 03:24:29,703 INFO  org.apache.flink.configuration.GlobalConfiguration           [] - Loading configuration property: taskmanager.numberOfTaskSlots, 1
2026-10-01 03:24:29,703 INFO  org.apache.flink.configuration.GlobalConfiguration           [] - Loading configuration property: taskmanager.memory.process.size, 4096m
2026-10-01 03:24:29,703 INFO  org.apache.flink.configuration.GlobalConfiguration           [] - Loading configuration property: taskmanager.memory.managed.size, 256m
2026-10-01 03:24:29,703 INFO  org.apache.flink.configuration.GlobalConfiguration           [] - Loading configuration property: taskmanager.memory.task.off-heap.size, 768m
2026-10-01 03:24:29,703 INFO  org.apache.flink.configuration.GlobalConfiguration           [] - Loading configuration property: akka.framesize, 67108864b
2026-10-01 03:24:29,704 INFO  org.apache.flink.configuration.GlobalConfiguration           [] - Loading configuration property: env.java.opts.taskmanager, -Dorg.bytedeco.javacpp.maxbytes=512m -Dorg.bytedeco.javacpp.maxphysicalbytes=3584m -Dorg.bytedeco.javacpp.cachedir=/tmp/javacpp-cache
2026-10-01 03:24:29,704 INFO  org.apache.flink.configuration.GlobalConfiguration           [] - Loading configuration property: taskmanager.host, 172.16.0.164
2026-10-01 03:24:29,704 INFO  org.apache.flink.configuration.GlobalConfiguration           [] - Loading configuration property: parallelism.default, 8
2026-10-01 03:24:29,704 INFO  org.apache.flink.configuration.GlobalConfiguration           [] - Loading configuration property: metrics.reporters, prom
2026-10-01 03:24:29,704 INFO  org.apache.flink.configuration.GlobalConfiguration           [] - Loading configuration property: metrics.reporter.prom.factory.class, org.apache.flink.metrics.prometheus.PrometheusReporterFactory
2026-10-01 03:24:29,704 INFO  org.apache.flink.configuration.GlobalConfiguration           [] - Loading configuration property: metrics.reporter.prom.port, 9249
2026-10-01 03:24:29,704 INFO  org.apache.flink.configuration.GlobalConfiguration           [] - Loading configuration property: jobmanager.rpc.address, worker2
2026-10-01 03:24:29,704 INFO  org.apache.flink.configuration.GlobalConfiguration           [] - Loading configuration property: jobmanager.rpc.port, 6123
2026-10-01 03:24:29,705 INFO  org.apache.flink.configuration.GlobalConfiguration           [] - Loading configuration property: taskmanager.numberOfTaskSlots, 1
2026-10-01 03:24:29,705 INFO  org.apache.flink.configuration.GlobalConfiguration           [] - Loading configuration property: taskmanager.memory.process.size, 4096m
2026-10-01 03:24:29,705 INFO  org.apache.flink.configuration.GlobalConfiguration           [] - Loading configuration property: taskmanager.memory.managed.size, 256m
2026-10-01 03:24:29,705 INFO  org.apache.flink.configuration.GlobalConfiguration           [] - Loading configuration property: taskmanager.memory.task.off-heap.size, 768m
2026-10-01 03:24:29,705 INFO  org.apache.flink.configuration.GlobalConfiguration           [] - Loading configuration property: akka.framesize, 67108864b
2026-10-01 03:24:29,706 INFO  org.apache.flink.configuration.GlobalConfiguration           [] - Loading configuration property: env.java.opts.taskmanager, -Dorg.bytedeco.javacpp.maxbytes=512m -Dorg.bytedeco.javacpp.maxphysicalbytes=3584m -Dorg.bytedeco.javacpp.cachedir=/tmp/javacpp-cache
2026-10-01 03:24:29,706 INFO  org.apache.flink.configuration.GlobalConfiguration           [] - Loading configuration property: taskmanager.host, 172.16.0.164
2026-10-01 03:24:29,706 INFO  org.apache.flink.configuration.GlobalConfiguration           [] - Loading configuration property: parallelism.default, 8
2026-10-01 03:24:29,706 INFO  org.apache.flink.configuration.GlobalConfiguration           [] - Loading configuration property: metrics.reporters, prom
2026-10-01 03:24:29,706 INFO  org.apache.flink.configuration.GlobalConfiguration           [] - Loading configuration property: metrics.reporter.prom.factory.class, org.apache.flink.metrics.prometheus.PrometheusReporterFactory
2026-10-01 03:24:29,706 INFO  org.apache.flink.configuration.GlobalConfiguration           [] - Loading configuration property: metrics.reporter.prom.port, 9249
2026-10-01 03:24:29,707 INFO  org.apache.flink.configuration.GlobalConfiguration           [] - Loading configuration property: jobmanager.rpc.address, 172.16.0.162
2026-10-01 03:24:29,707 INFO  org.apache.flink.configuration.GlobalConfiguration           [] - Loading configuration property: jobmanager.rpc.port, 6123
2026-10-01 03:24:29,707 INFO  org.apache.flink.configuration.GlobalConfiguration           [] - Loading configuration property: taskmanager.numberOfTaskSlots, 4
2026-10-01 03:24:29,707 INFO  org.apache.flink.configuration.GlobalConfiguration           [] - Loading configuration property: taskmanager.memory.process.size, 4096m
2026-10-01 03:24:29,707 INFO  org.apache.flink.configuration.GlobalConfiguration           [] - Loading configuration property: taskmanager.memory.managed.size, 256m
2026-10-01 03:24:29,707 INFO  org.apache.flink.configuration.GlobalConfiguration           [] - Loading configuration property: taskmanager.memory.task.off-heap.size, 768m
2026-10-01 03:24:29,707 INFO  org.apache.flink.configuration.GlobalConfiguration           [] - Loading configuration property: akka.framesize, 67108864b
2026-10-01 03:24:29,707 INFO  org.apache.flink.configuration.GlobalConfiguration           [] - Loading configuration property: env.java.opts.taskmanager, -Dorg.bytedeco.javacpp.maxbytes=512m -Dorg.bytedeco.javacpp.maxphysicalbytes=3584m -Dorg.bytedeco.javacpp.cachedir=/tmp/javacpp-cache
2026-10-01 03:24:29,708 INFO  org.apache.flink.configuration.GlobalConfiguration           [] - Loading configuration property: taskmanager.host, 172.16.0.164
2026-10-01 03:24:29,708 INFO  org.apache.flink.configuration.GlobalConfiguration           [] - Loading configuration property: parallelism.default, 8
2026-10-01 03:24:29,708 INFO  org.apache.flink.configuration.GlobalConfiguration           [] - Loading configuration property: metrics.reporters, prom
2026-10-01 03:24:29,708 INFO  org.apache.flink.configuration.GlobalConfiguration           [] - Loading configuration property: metrics.reporter.prom.factory.class, org.apache.flink.metrics.prometheus.PrometheusReporterFactory
2026-10-01 03:24:29,708 INFO  org.apache.flink.configuration.GlobalConfiguration           [] - Loading configuration property: metrics.reporter.prom.port, 9249
2026-10-01 03:24:29,754 INFO  org.apache.flink.core.fs.FileSystem                          [] - Hadoop is not in the classpath/dependencies. The extended set of supported File Systems via Hadoop is not available.
2026-10-01 03:24:29,800 INFO  org.apache.flink.runtime.security.modules.HadoopModuleFactory [] - Cannot create Hadoop Security Module because Hadoop cannot be found in the Classpath.
2026-10-01 03:24:29,809 INFO  org.apache.flink.runtime.security.modules.JaasModule         [] - Jaas file will be created as /tmp/jaas-7408967909018205116.conf.
2026-10-01 03:24:29,815 INFO  org.apache.flink.runtime.security.contexts.HadoopSecurityContextFactory [] - Cannot install HadoopSecurityContext because Hadoop cannot be found in the Classpath.
2026-10-01 03:24:29,851 INFO  org.apache.flink.configuration.Configuration                 [] - Config uses fallback configuration key 'jobmanager.rpc.address' instead of key 'rest.address'
2026-10-01 03:24:29,857 INFO  org.apache.flink.runtime.taskexecutor.TaskManagerRunner      [] - Using configured hostname/address for TaskManager: 172.16.0.164.
2026-10-01 03:24:29,864 INFO  org.apache.flink.runtime.rpc.akka.AkkaRpcServiceUtils        [] - Trying to start actor system, external address 172.16.0.164:0, bind address 0.0.0.0:0.
2026-10-01 03:24:30,575 INFO  akka.event.slf4j.Slf4jLogger                                 [] - Slf4jLogger started
2026-10-01 03:24:30,603 INFO  akka.remote.Remoting                                         [] - Starting remoting
2026-10-01 03:24:30,713 INFO  akka.remote.Remoting                                         [] - Remoting started; listening on addresses :[akka.tcp://flink@172.16.0.164:40837]
2026-10-01 03:24:30,802 INFO  org.apache.flink.runtime.rpc.akka.AkkaRpcServiceUtils        [] - Actor system started at akka.tcp://flink@172.16.0.164:40837
2026-10-01 03:24:30,870 INFO  org.apache.flink.metrics.prometheus.PrometheusReporter       [] - Started PrometheusReporter HTTP server on port 9249.
2026-10-01 03:24:30,872 INFO  org.apache.flink.runtime.metrics.MetricRegistryImpl          [] - Reporting metrics for reporter prom of type org.apache.flink.metrics.prometheus.PrometheusReporter.
2026-10-01 03:24:30,875 INFO  org.apache.flink.runtime.rpc.akka.AkkaRpcServiceUtils        [] - Trying to start actor system, external address 172.16.0.164:0, bind address 0.0.0.0:0.
2026-10-01 03:24:30,893 INFO  akka.event.slf4j.Slf4jLogger                                 [] - Slf4jLogger started
2026-10-01 03:24:30,898 INFO  akka.remote.Remoting                                         [] - Starting remoting
2026-10-01 03:24:30,922 INFO  akka.remote.Remoting                                         [] - Remoting started; listening on addresses :[akka.tcp://flink-metrics@172.16.0.164:43577]
2026-10-01 03:24:30,930 INFO  org.apache.flink.runtime.rpc.akka.AkkaRpcServiceUtils        [] - Actor system started at akka.tcp://flink-metrics@172.16.0.164:43577
2026-10-01 03:24:30,942 INFO  org.apache.flink.runtime.rpc.akka.AkkaRpcService             [] - Starting RPC endpoint for org.apache.flink.runtime.metrics.dump.MetricQueryService at akka://flink-metrics/user/rpc/MetricQueryService_172.16.0.164:40837-5fbdc3 .
2026-10-01 03:24:30,953 INFO  org.apache.flink.runtime.blob.PermanentBlobCache             [] - Created BLOB cache storage directory /tmp/blobStore-bfb503b5-1f14-43f0-a4cc-6fef79655fdc
2026-10-01 03:24:30,955 INFO  org.apache.flink.runtime.blob.TransientBlobCache             [] - Created BLOB cache storage directory /tmp/blobStore-16aa0cce-a740-4472-993e-3408011c8b12
2026-10-01 03:24:30,958 INFO  org.apache.flink.runtime.externalresource.ExternalResourceUtils [] - Enabled external resources: []
2026-10-01 03:24:30,958 INFO  org.apache.flink.runtime.taskexecutor.TaskManagerRunner      [] - Starting TaskManager with ResourceID: 172.16.0.164:40837-5fbdc3
2026-10-01 03:24:30,993 INFO  org.apache.flink.runtime.taskexecutor.TaskManagerServices    [] - Temporary file directory '/tmp': total 39 GB, usable 27 GB (69.23% usable)
2026-10-01 03:24:30,996 INFO  org.apache.flink.runtime.io.disk.FileChannelManagerImpl      [] - FileChannelManager uses directory /tmp/flink-io-9c103a33-0d17-4c1c-a70d-afc3bd40fddb for spill files.
2026-10-01 03:24:31,004 INFO  org.apache.flink.runtime.io.network.netty.NettyConfig        [] - NettyConfig [server address: /0.0.0.0, server port: 0, ssl enabled: false, memory segment size (bytes): 32768, transport type: AUTO, number of server threads: 4 (manual), number of client threads: 4 (manual), server connect backlog: 0 (use Netty's default), client connect timeout (sec): 120, send/receive buffer size (bytes): 0 (use Netty's default)]
2026-10-01 03:24:31,007 INFO  org.apache.flink.runtime.io.disk.FileChannelManagerImpl      [] - FileChannelManager uses directory /tmp/flink-netty-shuffle-ef52482e-c9a0-4a03-80dd-2b5f9976821a for spill files.
2026-10-01 03:24:31,328 INFO  org.apache.flink.runtime.io.network.buffer.NetworkBufferPool [] - Allocated 343 MB for network buffer pool (number of memory segments: 10977, bytes per segment: 32768).
2026-10-01 03:24:31,339 INFO  org.apache.flink.runtime.io.network.NettyShuffleEnvironment  [] - Starting the network environment and its components.
2026-10-01 03:24:31,391 INFO  org.apache.flink.runtime.io.network.netty.NettyClient        [] - Transport type 'auto': using EPOLL.
2026-10-01 03:24:31,392 INFO  org.apache.flink.runtime.io.network.netty.NettyClient        [] - Successful initialization (took 53 ms).
2026-10-01 03:24:31,396 INFO  org.apache.flink.runtime.io.network.netty.NettyServer        [] - Transport type 'auto': using EPOLL.
2026-10-01 03:24:31,430 INFO  org.apache.flink.runtime.io.network.netty.NettyServer        [] - Successful initialization (took 36 ms). Listening on SocketAddress /0:0:0:0:0:0:0:0%0:36789.
2026-10-01 03:24:31,431 INFO  org.apache.flink.runtime.taskexecutor.KvStateService         [] - Starting the kvState service and its components.
2026-10-01 03:24:31,453 INFO  org.apache.flink.runtime.rpc.akka.AkkaRpcService             [] - Starting RPC endpoint for org.apache.flink.runtime.taskexecutor.TaskExecutor at akka://flink/user/rpc/taskmanager_0 .
2026-10-01 03:24:31,469 INFO  org.apache.flink.runtime.taskexecutor.DefaultJobLeaderService [] - Start job leader service.
2026-10-01 03:24:31,471 INFO  org.apache.flink.runtime.filecache.FileCache                 [] - User file cache uses directory /tmp/flink-dist-cache-86ac33e2-5106-42d5-a76b-db44df4f1798
2026-10-01 03:24:31,472 INFO  org.apache.flink.runtime.taskexecutor.TaskExecutor           [] - Connecting to ResourceManager akka.tcp://flink@172.16.0.162:6123/user/rpc/resourcemanager_*(00000000000000000000000000000000).
2026-10-01 03:24:31,585 INFO  org.apache.flink.runtime.taskexecutor.TaskExecutor           [] - Resolved ResourceManager address, beginning registration
WARNING: An illegal reflective access operation has occurred
WARNING: Illegal reflective access by org.apache.flink.shaded.akka.org.jboss.netty.util.internal.ByteBufferUtil (file:/opt/flink/lib/flink-dist_2.12-1.13.6.jar) to method java.nio.DirectByteBuffer.cleaner()
WARNING: Please consider reporting this to the maintainers of org.apache.flink.shaded.akka.org.jboss.netty.util.internal.ByteBufferUtil
WARNING: Use --illegal-access=warn to enable warnings of further illegal reflective access operations
WARNING: All illegal access operations will be denied in a future release
2026-10-01 03:24:31,623 INFO  org.apache.flink.runtime.taskexecutor.TaskExecutor           [] - Successful registration at resource manager akka.tcp://flink@172.16.0.162:6123/user/rpc/resourcemanager_* under registration id 5431c43af67322e455043a4bfe60ad7e.
