device,windowEnd,iso,m2OutlierRate,m2WindowPoints,m2McOccupancy,m2ColdCleared
A,1655074860,2022-06-12 23:01,1.000000,1,0.0000,0
A,1655074920,2022-06-12 23:02,1.000000,4,0.0000,0
A,1655074980,2022-06-12 23:03,1.000000,7,0.0000,0
A,1655075040,2022-06-12 23:04,1.000000,10,0.0000,0
A,1655075100,2022-06-12 23:05,0.000000,13,1.0000,0
A,1655075160,2022-06-12 23:06,0.000000,16,1.0000,0
A,1655075220,2022-06-12 23:07,0.000000,18,1.0000,0
A,1655075280,2022-06-12 23:08,0.000000,21,1.0000,0
A,1655075340,2022-06-12 23:09,0.000000,24,1.0000,0
A,1655075400,2022-06-12 23:10,0.000000,27,1.0000,0
A,1655075460,2022-06-12 23:11,0.000000,30,1.0000,0
A,1655075520,2022-06-12 23:12,0.000000,33,1.0000,0
A,1655075580,2022-06-12 23:13,0.000000,35,1.0000,0
A,1655075640,2022-06-12 23:14,0.000000,38,1.0000,0
A,1655075700,2022-06-12 23:15,0.000000,41,1.0000,0
A,1655075760,2022-06-12 23:16,0.000000,44,1.0000,0
A,1655075820,2022-06-12 23:17,0.000000,47,1.0000,0
A,1655075880,2022-06-12 23:18,0.000000,50,1.0000,0
A,1655075940,2022-06-12 23:19,0.000000,53,1.0000,0
A,1655076000,2022-06-12 23:20,0.000000,56,1.0000,0
A,1655076060,2022-06-12 23:21,0.000000,59,1.0000,0
A,1655076120,2022-06-12 23:22,0.000000,62,1.0000,0
A,1655076180,2022-06-12 23:23,0.000000,65,1.0000,0
A,1655076240,2022-06-12 23:24,0.000000,68,1.0000,0
A,1655076300,2022-06-12 23:25,0.000000,71,1.0000,0
A,1655076360,2022-06-12 23:26,0.000000,74,1.0000,0
A,1655076420,2022-06-12 23:27,0.000000,77,1.0000,0
A,1655076480,2022-06-12 23:28,0.000000,80,1.0000,0
A,1655076540,2022-06-12 23:29,0.000000,83,1.0000,0
A,1655076600,2022-06-12 23:30,0.000000,86,1.0000,0
A,1655076660,2022-06-12 23:31,0.000000,89,1.0000,0
A,1655076720,2022-06-12 23:32,0.000000,91,1.0000,0
A,1655076780,2022-06-12 23:33,0.000000,94,1.0000,0
A,1655076840,2022-06-12 23:34,0.000000,97,1.0000,0
A,1655076900,2022-06-12 23:35,0.000000,100,1.0000,0
A,1655076960,2022-06-12 23:36,0.000000,103,1.0000,0
A,1655077020,2022-06-12 23:37,0.000000,106,1.0000,0
A,1655077080,2022-06-12 23:38,0.000000,109,1.0000,0
A,1655077140,2022-06-12 23:39,0.000000,112,1.0000,0
A,1655077200,2022-06-12 23:40,0.000000,115,1.0000,0
A,1655077260,2022-06-12 23:41,0.000000,118,1.0000,0
A,1655077320,2022-06-12 23:42,0.000000,121,1.0000,0
A,1655077380,2022-06-12 23:43,0.000000,124,1.0000,0
A,1655077440,2022-06-12 23:44,0.000000,127,1.0000,0
A,1655077500,2022-06-12 23:45,0.000000,130,1.0000,0
A,1655077560,2022-06-12 23:46,0.000000,133,1.0000,0
A,1655077620,2022-06-12 23:47,0.000000,136,1.0000,0
A,1655077680,2022-06-12 23:48,0.000000,139,1.0000,0
A,1655077740,2022-06-12 23:49,0.000000,142,1.0000,0
A,1655077800,2022-06-12 23:50,0.000000,144,1.0000,0
A,1655077860,2022-06-12 23:51,0.000000,147,1.0000,0
A,1655077920,2022-06-12 23:52,0.000000,149,1.0000,0
A,1655077980,2022-06-12 23:53,0.000000,152,1.0000,0
A,1655078040,2022-06-12 23:54,0.000000,155,1.0000,0
A,1655078100,2022-06-12 23:55,0.000000,158,1.0000,0
A,1655078160,2022-06-12 23:56,0.000000,161,1.0000,0
A,1655078220,2022-06-12 23:57,0.000000,164,1.0000,0
A,1655078280,2022-06-12 23:58,0.000000,167,1.0000,0
A,1655078340,2022-06-12 23:59,0.000000,170,1.0000,0
A,1655078400,2022-06-13 00:00,0.000000,173,1.0000,0
A,1655078460,2022-06-13 00:01,0.000000,175,1.0000,0
A,1655078520,2022-06-13 00:02,0.000000,175,1.0000,0
A,1655078580,2022-06-13 00:03,0.000000,175,1.0000,0
A,1655078640,2022-06-13 00:04,0.000000,175,1.0000,0
A,1655078700,2022-06-13 00:05,0.000000,175,1.0000,0
A,1655078760,2022-06-13 00:06,0.000000,175,1.0000,0
A,1655078820,2022-06-13 00:07,0.000000,176,1.0000,0
A,1655078880,2022-06-13 00:08,0.000000,176,1.0000,0
A,1655078940,2022-06-13 00:09,0.000000,175,1.0000,0
A,1655079000,2022-06-13 00:10,0.000000,175,0.9829,0
A,1655079060,2022-06-13 00:11,0.000000,174,0.9828,0
A,1655079120,2022-06-13 00:12,0.000000,174,0.9828,0
A,1655079180,2022-06-13 00:13,0.000000,175,0.9771,0
A,1655079240,2022-06-13 00:14,0.000000,175,0.9771,0
A,1655079300,2022-06-13 00:15,0.000000,175,0.9714,0
A,1655079360,2022-06-13 00:16,0.000000,175,0.9600,0
A,1655079420,2022-06-13 00:17,0.000000,175,0.9486,0
A,1655079480,2022-06-13 00:18,0.000000,175,1.0000,0
A,1655079540,2022-06-13 00:19,0.000000,175,1.0000,0
A,1655079600,2022-06-13 00:20,0.000000,175,1.0000,0
A,1655079660,2022-06-13 00:21,0.000000,175,1.0000,0
A,1655079720,2022-06-13 00:22,0.000000,175,1.0000,0
A,1655079780,2022-06-13 00:23,0.000000,175,1.0000,0
A,1655079840,2022-06-13 00:24,0.000000,175,1.0000,0
A,1655079900,2022-06-13 00:25,0.000000,175,1.0000,0
A,1655079960,2022-06-13 00:26,0.000000,175,1.0000,0
A,1655080020,2022-06-13 00:27,0.000000,175,1.0000,0
A,1655080080,2022-06-13 00:28,0.000000,175,1.0000,0
A,1655080140,2022-06-13 00:29,0.000000,175,1.0000,0
A,1655080200,2022-06-13 00:30,0.000000,175,1.0000,0
A,1655080260,2022-06-13 00:31,0.000000,175,1.0000,0
A,1655080320,2022-06-13 00:32,0.000000,176,1.0000,0
A,1655080380,2022-06-13 00:33,0.000000,176,1.0000,0
A,1655080440,2022-06-13 00:34,0.000000,176,1.0000,0
A,1655080500,2022-06-13 00:35,0.000000,176,1.0000,0
A,1655080560,2022-06-13 00:36,0.000000,176,1.0000,0
A,1655080620,2022-06-13 00:37,0.000000,176,1.0000,0
A,1655080680,2022-06-13 00:38,0.000000,176,1.0000,0
A,1655080740,2022-06-13 00:39,0.000000,176,1.0000,0
A,1655080800,2022-06-13 00:40,0.000000,176,1.0000,0
A,1655080860,2022-06-13 00:41,0.000000,176,1.0000,0
A,1655080920,2022-06-13 00:42,0.000000,176,1.0000,0
A,1655080980,2022-06-13 00:43,0.000000,176,1.0000,0
A,1655081040,2022-06-13 00:44,0.000000,176,1.0000,0
A,1655081100,2022-06-13 00:45,0.000000,176,1.0000,0
A,1655081160,2022-06-13 00:46,0.000000,176,1.0000,0
A,1655081220,2022-06-13 00:47,0.000000,176,1.0000,0
A,1655081280,2022-06-13 00:48,0.000000,176,1.0000,0
A,1655081340,2022-06-13 00:49,0.000000,176,1.0000,0
A,1655081400,2022-06-13 00:50,0.000000,177,1.0000,0
A,1655081460,2022-06-13 00:51,0.000000,177,1.0000,0
A,1655081520,2022-06-13 00:52,0.000000,178,1.0000,0
A,1655081580,2022-06-13 00:53,0.000000,178,1.0000,0
A,1655081640,2022-06-13 00:54,0.000000,178,1.0000,0
A,1655081700,2022-06-13 00:55,0.000000,178,1.0000,0
A,1655081760,2022-06-13 00:56,0.000000,178,1.0000,0
A,1655081820,2022-06-13 00:57,0.000000,178,1.0000,0
A,1655081880,2022-06-13 00:58,0.000000,178,1.0000,0
A,1655081940,2022-06-13 00:59,0.000000,178,1.0000,0
A,1655082000,2022-06-13 01:00,0.000000,178,0.9888,0
A,1655082060,2022-06-13 01:01,0.000000,178,0.9831,0
A,1655082120,2022-06-13 01:02,0.000000,178,0.9719,0
A,1655082180,2022-06-13 01:03,0.000000,178,0.9607,0
A,1655082240,2022-06-13 01:04,0.000000,178,0.9438,0
A,1655082300,2022-06-13 01:05,0.000000,177,1.0000,0
A,1655082360,2022-06-13 01:06,0.000000,177,1.0000,0
A,1655082420,2022-06-13 01:07,0.000000,177,1.0000,0
A,1655082480,2022-06-13 01:08,0.000000,177,1.0000,0
A,1655082540,2022-06-13 01:09,0.000000,178,1.0000,0
A,1655082600,2022-06-13 01:10,0.000000,178,1.0000,0
A,1655082660,2022-06-13 01:11,0.000000,179,1.0000,0
A,1655082720,2022-06-13 01:12,0.000000,179,1.0000,0
A,1655082780,2022-06-13 01:13,0.000000,179,1.0000,0
A,1655082840,2022-06-13 01:14,0.000000,179,1.0000,0
A,1655082900,2022-06-13 01:15,0.000000,179,1.0000,0
A,1655082960,2022-06-13 01:16,0.000000,179,1.0000,0
A,1655083020,2022-06-13 01:17,0.000000,178,1.0000,0
A,1655083080,2022-06-13 01:18,0.000000,178,1.0000,0
A,1655083140,2022-06-13 01:19,0.000000,178,1.0000,0
A,1655083200,2022-06-13 01:20,0.000000,178,1.0000,0
A,1655083260,2022-06-13 01:21,0.000000,178,1.0000,0
A,1655083320,2022-06-13 01:22,0.000000,178,1.0000,0
A,1655083380,2022-06-13 01:23,0.000000,178,1.0000,0
A,1655083440,2022-06-13 01:24,0.000000,178,1.0000,0
A,1655083500,2022-06-13 01:25,0.000000,178,1.0000,0
A,1655083560,2022-06-13 01:26,0.000000,178,1.0000,0
A,1655083620,2022-06-13 01:27,0.000000,178,1.0000,0
A,1655083680,2022-06-13 01:28,0.000000,178,1.0000,0
A,1655083740,2022-06-13 01:29,0.000000,178,1.0000,0
A,1655083800,2022-06-13 01:30,0.000000,178,1.0000,0
A,1655083860,2022-06-13 01:31,0.000000,178,1.0000,0
A,1655083920,2022-06-13 01:32,0.000000,179,1.0000,0
A,1655083980,2022-06-13 01:33,0.000000,178,1.0000,0
A,1655084040,2022-06-13 01:34,0.000000,179,1.0000,0
A,1655084100,2022-06-13 01:35,0.000000,179,1.0000,0
A,1655084160,2022-06-13 01:36,0.000000,178,1.0000,0
A,1655084220,2022-06-13 01:37,0.000000,177,1.0000,0
A,1655084280,2022-06-13 01:38,0.000000,177,1.0000,0
A,1655084340,2022-06-13 01:39,0.000000,177,1.0000,0
A,1655084400,2022-06-13 01:40,0.000000,177,1.0000,0
A,1655084460,2022-06-13 01:41,0.000000,177,1.0000,0
A,1655084520,2022-06-13 01:42,0.000000,177,1.0000,0
A,1655084580,2022-06-13 01:43,0.000000,177,1.0000,0
A,1655084640,2022-06-13 01:44,0.000000,177,1.0000,0
A,1655084700,2022-06-13 01:45,0.000000,177,1.0000,0
A,1655084760,2022-06-13 01:46,0.000000,177,1.0000,0
A,1655084820,2022-06-13 01:47,0.000000,177,1.0000,0
A,1655084880,2022-06-13 01:48,0.000000,177,1.0000,0
A,1655084940,2022-06-13 01:49,0.000000,177,1.0000,0
A,1655085000,2022-06-13 01:50,0.000000,177,1.0000,0
A,1655085060,2022-06-13 01:51,0.000000,177,1.0000,0
A,1655085120,2022-06-13 01:52,0.000000,177,1.0000,0
A,1655085180,2022-06-13 01:53,0.000000,177,1.0000,0
A,1655085240,2022-06-13 01:54,0.000000,177,1.0000,0
A,1655085300,2022-06-13 01:55,0.000000,177,1.0000,0
A,1655085360,2022-06-13 01:56,0.000000,177,1.0000,0
A,1655085420,2022-06-13 01:57,0.000000,177,1.0000,0
A,1655085480,2022-06-13 01:58,0.000000,177,1.0000,0
A,1655085540,2022-06-13 01:59,0.000000,177,1.0000,0
A,1655085600,2022-06-13 02:00,0.000000,177,1.0000,0
A,1655085660,2022-06-13 02:01,0.000000,177,1.0000,0
A,1655085720,2022-06-13 02:02,0.000000,177,1.0000,0
A,1655085780,2022-06-13 02:03,0.000000,177,1.0000,0
A,1655085840,2022-06-13 02:04,0.000000,177,1.0000,0
A,1655085900,2022-06-13 02:05,0.000000,178,1.0000,0
A,1655085960,2022-06-13 02:06,0.000000,178,1.0000,0
A,1655086020,2022-06-13 02:07,0.000000,178,1.0000,0
A,1655086080,2022-06-13 02:08,0.000000,178,1.0000,0
A,1655086140,2022-06-13 02:09,0.000000,178,1.0000,0
A,1655086200,2022-06-13 02:10,0.000000,178,1.0000,0
A,1655086260,2022-06-13 02:11,0.000000,178,1.0000,0
A,1655086320,2022-06-13 02:12,0.000000,178,1.0000,0
A,1655086380,2022-06-13 02:13,0.000000,178,1.0000,0
A,1655086440,2022-06-13 02:14,0.000000,178,1.0000,0
A,1655086500,2022-06-13 02:15,0.000000,178,1.0000,0
A,1655086560,2022-06-13 02:16,0.000000,178,1.0000,0
A,1655086620,2022-06-13 02:17,0.000000,179,1.0000,0
A,1655086680,2022-06-13 02:18,0.000000,179,1.0000,0
A,1655086740,2022-06-13 02:19,0.000000,179,1.0000,0
A,1655086800,2022-06-13 02:20,0.000000,179,1.0000,0
A,1655086860,2022-06-13 02:21,0.000000,179,1.0000,0
A,1655086920,2022-06-13 02:22,0.000000,179,1.0000,0
A,1655086980,2022-06-13 02:23,0.000000,179,1.0000,0
A,1655087040,2022-06-13 02:24,0.000000,179,1.0000,0
A,1655087100,2022-06-13 02:25,0.000000,179,1.0000,0
A,1655087160,2022-06-13 02:26,0.000000,179,1.0000,0
A,1655087220,2022-06-13 02:27,0.000000,179,1.0000,0
A,1655087280,2022-06-13 02:28,0.000000,179,1.0000,0
A,1655087340,2022-06-13 02:29,0.000000,179,1.0000,0
A,1655087400,2022-06-13 02:30,0.000000,179,1.0000,0
A,1655087460,2022-06-13 02:31,0.000000,179,1.0000,0
A,1655087520,2022-06-13 02:32,0.000000,178,1.0000,0
A,1655087580,2022-06-13 02:33,0.000000,179,1.0000,0
A,1655087640,2022-06-13 02:34,0.000000,178,1.0000,0
A,1655087700,2022-06-13 02:35,0.000000,178,0.9888,0
A,1655087760,2022-06-13 02:36,0.000000,179,0.9777,0
A,1655087820,2022-06-13 02:37,0.000000,180,0.9722,0
A,1655087880,2022-06-13 02:38,0.000000,180,0.9611,0
A,1655087940,2022-06-13 02:39,0.000000,180,0.9444,0
A,1655088000,2022-06-13 02:40,0.000000,180,1.0000,0
A,1655088060,2022-06-13 02:41,0.000000,180,1.0000,0
A,1655088120,2022-06-13 02:42,0.000000,180,1.0000,0
A,1655088180,2022-06-13 02:43,0.000000,180,1.0000,0
A,1655088240,2022-06-13 02:44,0.000000,180,1.0000,0
A,1655088300,2022-06-13 02:45,0.000000,180,1.0000,0
A,1655088360,2022-06-13 02:46,0.000000,180,1.0000,0
A,1655088420,2022-06-13 02:47,0.000000,180,1.0000,0
A,1655088480,2022-06-13 02:48,0.000000,180,1.0000,0
A,1655088540,2022-06-13 02:49,0.000000,180,1.0000,0
A,1655088600,2022-06-13 02:50,0.000000,180,1.0000,0
A,1655088660,2022-06-13 02:51,0.000000,180,1.0000,0
A,1655088720,2022-06-13 02:52,0.000000,180,1.0000,0
A,1655088780,2022-06-13 02:53,0.000000,180,1.0000,0
A,1655088840,2022-06-13 02:54,0.000000,180,1.0000,0
A,1655088900,2022-06-13 02:55,0.000000,179,1.0000,0
A,1655088960,2022-06-13 02:56,0.000000,179,1.0000,0
A,1655089020,2022-06-13 02:57,0.000000,179,1.0000,0
A,1655089080,2022-06-13 02:58,0.000000,179,1.0000,0
A,1655089140,2022-06-13 02:59,0.000000,179,1.0000,0
A,1655089200,2022-06-13 03:00,0.000000,179,1.0000,0
A,1655089260,2022-06-13 03:01,0.000000,178,1.0000,0
A,1655089320,2022-06-13 03:02,0.000000,178,1.0000,0
A,1655089380,2022-06-13 03:03,0.000000,177,1.0000,0
A,1655089440,2022-06-13 03:04,0.000000,178,1.0000,0
A,1655089500,2022-06-13 03:05,0.000000,177,1.0000,0
A,1655089560,2022-06-13 03:06,0.000000,177,1.0000,0
A,1655089620,2022-06-13 03:07,0.000000,177,1.0000,0
A,1655089680,2022-06-13 03:08,0.000000,177,1.0000,0
A,1655089740,2022-06-13 03:09,0.000000,177,1.0000,0
A,1655089800,2022-06-13 03:10,0.000000,177,1.0000,0
A,1655089860,2022-06-13 03:11,0.000000,177,1.0000,0
A,1655089920,2022-06-13 03:12,0.000000,177,1.0000,0
A,1655089980,2022-06-13 03:13,0.000000,177,1.0000,0
A,1655090040,2022-06-13 03:14,0.000000,177,1.0000,0
A,1655090100,2022-06-13 03:15,0.000000,177,1.0000,0
A,1655090160,2022-06-13 03:16,0.000000,177,1.0000,0
A,1655090220,2022-06-13 03:17,0.000000,177,1.0000,0
A,1655090280,2022-06-13 03:18,0.000000,177,1.0000,0
A,1655090340,2022-06-13 03:19,0.000000,177,1.0000,0
A,1655090400,2022-06-13 03:20,0.000000,177,1.0000,0
A,1655090460,2022-06-13 03:21,0.000000,177,1.0000,0
A,1655090520,2022-06-13 03:22,0.000000,177,1.0000,0
A,1655090580,2022-06-13 03:23,0.000000,177,1.0000,0
A,1655090640,2022-06-13 03:24,0.000000,177,1.0000,0
A,1655090700,2022-06-13 03:25,0.000000,177,1.0000,0
A,1655090760,2022-06-13 03:26,0.000000,177,1.0000,0
A,1655090820,2022-06-13 03:27,0.000000,177,1.0000,0
A,1655090880,2022-06-13 03:28,0.000000,177,1.0000,0
A,1655090940,2022-06-13 03:29,0.000000,177,1.0000,0
A,1655091000,2022-06-13 03:30,0.000000,177,1.0000,0
A,1655091060,2022-06-13 03:31,0.000000,177,1.0000,0
A,1655091120,2022-06-13 03:32,0.000000,177,1.0000,0
A,1655091180,2022-06-13 03:33,0.000000,177,1.0000,0
A,1655091240,2022-06-13 03:34,0.000000,177,1.0000,0
A,1655091300,2022-06-13 03:35,0.000000,177,1.0000,0
A,1655091360,2022-06-13 03:36,0.000000,177,1.0000,0
A,1655091420,2022-06-13 03:37,0.000000,177,1.0000,0
A,1655091480,2022-06-13 03:38,0.000000,177,0.9944,0
A,1655091540,2022-06-13 03:39,0.000000,177,0.9944,0
A,1655091600,2022-06-13 03:40,0.000000,177,0.9944,0
A,1655091660,2022-06-13 03:41,0.000000,177,0.9944,0
A,1655091720,2022-06-13 03:42,0.000000,177,0.9944,0
A,1655091780,2022-06-13 03:43,0.000000,177,0.9944,0
A,1655091840,2022-06-13 03:44,0.000000,177,0.9944,0
A,1655091900,2022-06-13 03:45,0.000000,177,0.9944,0
A,1655091960,2022-06-13 03:46,0.000000,177,0.9944,0
A,1655092020,2022-06-13 03:47,0.000000,177,0.9944,0
A,1655092080,2022-06-13 03:48,0.000000,177,0.9944,0
A,1655092140,2022-06-13 03:49,0.000000,177,0.9774,0
A,1655092200,2022-06-13 03:50,0.000000,177,0.9661,0
A,1655092260,2022-06-13 03:51,0.000000,177,0.9548,0
A,1655092320,2022-06-13 03:52,0.000000,177,0.9435,0
A,1655092380,2022-06-13 03:53,0.000000,177,1.0000,0
A,1655092440,2022-06-13 03:54,0.000000,177,1.0000,0
A,1655092500,2022-06-13 03:55,0.000000,178,1.0000,0
A,1655092560,2022-06-13 03:56,0.000000,178,1.0000,0
A,1655092620,2022-06-13 03:57,0.000000,178,1.0000,0
A,1655092680,2022-06-13 03:58,0.000000,178,1.0000,0
A,1655092740,2022-06-13 03:59,0.000000,178,1.0000,0
A,1655092800,2022-06-13 04:00,0.000000,178,1.0000,0
A,1655092860,2022-06-13 04:01,0.000000,179,1.0000,0
A,1655092920,2022-06-13 04:02,0.000000,179,1.0000,0
A,1655092980,2022-06-13 04:03,0.000000,180,1.0000,0
A,1655093040,2022-06-13 04:04,0.000000,179,1.0000,0
A,1655093100,2022-06-13 04:05,0.000000,180,1.0000,0
A,1655093160,2022-06-13 04:06,0.000000,179,1.0000,0
A,1655093220,2022-06-13 04:07,0.000000,179,1.0000,0
A,1655093280,2022-06-13 04:08,0.000000,179,1.0000,0
A,1655093340,2022-06-13 04:09,0.000000,179,1.0000,0
A,1655093400,2022-06-13 04:10,0.000000,179,1.0000,0
A,1655093460,2022-06-13 04:11,0.000000,179,1.0000,0
A,1655093520,2022-06-13 04:12,0.000000,178,1.0000,0
A,1655093580,2022-06-13 04:13,0.000000,178,1.0000,0
A,1655093640,2022-06-13 04:14,0.000000,178,1.0000,0
A,1655093700,2022-06-13 04:15,0.000000,178,1.0000,0
A,1655093760,2022-06-13 04:16,0.000000,178,1.0000,0
A,1655093820,2022-06-13 04:17,0.000000,178,1.0000,0
A,1655093880,2022-06-13 04:18,0.000000,178,1.0000,0
A,1655093940,2022-06-13 04:19,0.000000,178,1.0000,0
A,1655094000,2022-06-13 04:20,0.000000,178,1.0000,0
A,1655094060,2022-06-13 04:21,0.000000,178,1.0000,0
A,1655094120,2022-06-13 04:22,0.000000,178,1.0000,0
A,1655094180,2022-06-13 04:23,0.000000,177,1.0000,0
A,1655094240,2022-06-13 04:24,0.000000,177,1.0000,0
A,1655094300,2022-06-13 04:25,0.000000,177,1.0000,0
A,1655094360,2022-06-13 04:26,0.000000,177,1.0000,0
A,1655094420,2022-06-13 04:27,0.000000,177,1.0000,0
A,1655094480,2022-06-13 04:28,0.000000,176,1.0000,0
A,1655094540,2022-06-13 04:29,0.000000,177,1.0000,0
A,1655094600,2022-06-13 04:30,0.000000,177,1.0000,0
A,1655094660,2022-06-13 04:31,0.000000,177,1.0000,0
A,1655094720,2022-06-13 04:32,0.000000,176,1.0000,0
A,1655094780,2022-06-13 04:33,0.000000,176,1.0000,0
A,1655094840,2022-06-13 04:34,0.000000,176,1.0000,0
A,1655094900,2022-06-13 04:35,0.000000,176,1.0000,0
A,1655094960,2022-06-13 04:36,0.000000,176,1.0000,0
A,1655095020,2022-06-13 04:37,0.000000,176,1.0000,0
A,1655095080,2022-06-13 04:38,0.000000,176,1.0000,0
A,1655095140,2022-06-13 04:39,0.000000,176,1.0000,0
A,1655095200,2022-06-13 04:40,0.000000,176,1.0000,0
A,1655095260,2022-06-13 04:41,0.000000,176,1.0000,0
A,1655095320,2022-06-13 04:42,0.000000,176,1.0000,0
A,1655095380,2022-06-13 04:43,0.000000,176,1.0000,0
A,1655095440,2022-06-13 04:44,0.000000,176,1.0000,0
A,1655095500,2022-06-13 04:45,0.000000,176,1.0000,0
A,1655095560,2022-06-13 04:46,0.000000,176,1.0000,0
A,1655095620,2022-06-13 04:47,0.000000,176,1.0000,0
A,1655095680,2022-06-13 04:48,0.000000,176,1.0000,0
A,1655095740,2022-06-13 04:49,0.000000,176,1.0000,0
A,1655095800,2022-06-13 04:50,0.000000,176,1.0000,0
A,1655095860,2022-06-13 04:51,0.000000,176,1.0000,0
A,1655095920,2022-06-13 04:52,0.000000,176,1.0000,0
A,1655095980,2022-06-13 04:53,0.000000,176,1.0000,0
A,1655096040,2022-06-13 04:54,0.000000,176,1.0000,0
A,1655096100,2022-06-13 04:55,0.000000,176,1.0000,0
A,1655096160,2022-06-13 04:56,0.000000,176,1.0000,0
A,1655096220,2022-06-13 04:57,0.000000,176,1.0000,0
A,1655096280,2022-06-13 04:58,0.000000,176,1.0000,0
A,1655096340,2022-06-13 04:59,0.000000,176,1.0000,0
A,1655096400,2022-06-13 05:00,0.000000,176,1.0000,0
A,1655096460,2022-06-13 05:01,0.000000,176,1.0000,0
B,1655074860,2022-06-12 23:01,1.000000,1,0.0000,0
B,1655074920,2022-06-12 23:02,1.000000,4,0.0000,0
B,1655074980,2022-06-12 23:03,1.000000,7,0.0000,0
B,1655075040,2022-06-12 23:04,1.000000,10,0.0000,0
B,1655075100,2022-06-12 23:05,0.000000,13,1.0000,0
B,1655075160,2022-06-12 23:06,0.000000,16,1.0000,0
B,1655075220,2022-06-12 23:07,0.000000,19,1.0000,0
B,1655075280,2022-06-12 23:08,0.000000,22,1.0000,0
B,1655075340,2022-06-12 23:09,0.000000,25,1.0000,0
B,1655075400,2022-06-12 23:10,0.000000,28,1.0000,0
B,1655075460,2022-06-12 23:11,0.000000,31,1.0000,0
B,1655075520,2022-06-12 23:12,0.000000,34,1.0000,0
B,1655075580,2022-06-12 23:13,0.000000,37,1.0000,0
B,1655075640,2022-06-12 23:14,0.000000,40,1.0000,0
B,1655075700,2022-06-12 23:15,0.000000,43,1.0000,0
B,1655075760,2022-06-12 23:16,0.000000,46,1.0000,0
B,1655075820,2022-06-12 23:17,0.000000,49,1.0000,0
B,1655075880,2022-06-12 23:18,0.000000,52,1.0000,0
B,1655075940,2022-06-12 23:19,0.000000,55,1.0000,0
B,1655076000,2022-06-12 23:20,0.000000,58,1.0000,0
B,1655076060,2022-06-12 23:21,0.000000,61,1.0000,0
B,1655076120,2022-06-12 23:22,0.000000,64,1.0000,0
B,1655076180,2022-06-12 23:23,0.000000,67,1.0000,0
B,1655076240,2022-06-12 23:24,0.000000,70,1.0000,0
B,1655076300,2022-06-12 23:25,0.000000,73,1.0000,0
B,1655076360,2022-06-12 23:26,0.000000,76,1.0000,0
B,1655076420,2022-06-12 23:27,0.000000,78,1.0000,0
B,1655076480,2022-06-12 23:28,0.000000,81,1.0000,0
B,1655076540,2022-06-12 23:29,0.000000,84,1.0000,0
B,1655076600,2022-06-12 23:30,0.000000,87,1.0000,0
B,1655076660,2022-06-12 23:31,0.000000,90,1.0000,0
B,1655076720,2022-06-12 23:32,0.000000,93,1.0000,0
B,1655076780,2022-06-12 23:33,0.000000,96,1.0000,0
B,1655076840,2022-06-12 23:34,0.000000,98,1.0000,0
B,1655076900,2022-06-12 23:35,0.000000,101,1.0000,0
B,1655076960,2022-06-12 23:36,0.000000,104,1.0000,0
B,1655077020,2022-06-12 23:37,0.000000,107,1.0000,0
B,1655077080,2022-06-12 23:38,0.000000,110,1.0000,0
B,1655077140,2022-06-12 23:39,0.000000,113,1.0000,0
B,1655077200,2022-06-12 23:40,0.000000,116,1.0000,0
B,1655077260,2022-06-12 23:41,0.000000,119,1.0000,0
B,1655077320,2022-06-12 23:42,0.000000,122,1.0000,0
B,1655077380,2022-06-12 23:43,0.000000,125,1.0000,0
B,1655077440,2022-06-12 23:44,0.000000,128,1.0000,0
B,1655077500,2022-06-12 23:45,0.000000,131,1.0000,0
B,1655077560,2022-06-12 23:46,0.000000,135,1.0000,0
B,1655077620,2022-06-12 23:47,0.000000,138,1.0000,0
B,1655077680,2022-06-12 23:48,0.000000,141,1.0000,0
B,1655077740,2022-06-12 23:49,0.000000,144,1.0000,0
B,1655077800,2022-06-12 23:50,0.000000,147,1.0000,0
B,1655077860,2022-06-12 23:51,0.000000,150,0.9867,0
B,1655077920,2022-06-12 23:52,0.000000,154,0.9870,0
B,1655077980,2022-06-12 23:53,0.000000,157,0.9873,0
B,1655078040,2022-06-12 23:54,0.000000,159,0.9874,0
B,1655078100,2022-06-12 23:55,0.000000,162,0.9877,0
B,1655078160,2022-06-12 23:56,0.000000,165,0.9879,0
B,1655078220,2022-06-12 23:57,0.000000,168,0.9881,0
B,1655078280,2022-06-12 23:58,0.000000,171,0.9883,0
B,1655078340,2022-06-12 23:59,0.000000,173,0.9884,0
B,1655078400,2022-06-13 00:00,0.000000,176,0.9830,0
B,1655078460,2022-06-13 00:01,0.000000,178,0.9719,0
B,1655078520,2022-06-13 00:02,0.000000,179,0.9665,0
B,1655078580,2022-06-13 00:03,0.000000,179,0.9553,0
B,1655078640,2022-06-13 00:04,0.000000,178,0.9494,0
B,1655078700,2022-06-13 00:05,0.000000,178,1.0000,0
B,1655078760,2022-06-13 00:06,0.000000,178,1.0000,0
B,1655078820,2022-06-13 00:07,0.000000,178,1.0000,0
B,1655078880,2022-06-13 00:08,0.000000,178,1.0000,0
B,1655078940,2022-06-13 00:09,0.000000,178,1.0000,0
B,1655079000,2022-06-13 00:10,0.000000,178,1.0000,0
B,1655079060,2022-06-13 00:11,0.000000,178,1.0000,0
B,1655079120,2022-06-13 00:12,0.000000,178,1.0000,0
B,1655079180,2022-06-13 00:13,0.000000,178,1.0000,0
B,1655079240,2022-06-13 00:14,0.000000,178,1.0000,0
B,1655079300,2022-06-13 00:15,0.000000,178,1.0000,0
B,1655079360,2022-06-13 00:16,0.000000,178,1.0000,0
B,1655079420,2022-06-13 00:17,0.000000,178,1.0000,0
B,1655079480,2022-06-13 00:18,0.000000,178,1.0000,0
B,1655079540,2022-06-13 00:19,0.000000,178,1.0000,0
B,1655079600,2022-06-13 00:20,0.000000,178,1.0000,0
B,1655079660,2022-06-13 00:21,0.000000,178,1.0000,0
B,1655079720,2022-06-13 00:22,0.000000,178,1.0000,0
B,1655079780,2022-06-13 00:23,0.000000,178,1.0000,0
B,1655079840,2022-06-13 00:24,0.000000,178,1.0000,0
B,1655079900,2022-06-13 00:25,0.000000,178,1.0000,0
B,1655079960,2022-06-13 00:26,0.000000,178,1.0000,0
B,1655080020,2022-06-13 00:27,0.000000,179,1.0000,0
B,1655080080,2022-06-13 00:28,0.000000,178,1.0000,0
B,1655080140,2022-06-13 00:29,0.000000,178,1.0000,0
B,1655080200,2022-06-13 00:30,0.000000,178,1.0000,0
B,1655080260,2022-06-13 00:31,0.000000,178,1.0000,0
B,1655080320,2022-06-13 00:32,0.000000,178,1.0000,0
B,1655080380,2022-06-13 00:33,0.000000,178,1.0000,0
B,1655080440,2022-06-13 00:34,0.000000,179,1.0000,0
B,1655080500,2022-06-13 00:35,0.000000,179,1.0000,0
B,1655080560,2022-06-13 00:36,0.000000,179,1.0000,0
B,1655080620,2022-06-13 00:37,0.000000,179,1.0000,0
B,1655080680,2022-06-13 00:38,0.000000,179,1.0000,0
B,1655080740,2022-06-13 00:39,0.000000,179,1.0000,0
B,1655080800,2022-06-13 00:40,0.000000,179,1.0000,0
B,1655080860,2022-06-13 00:41,0.000000,179,1.0000,0
B,1655080920,2022-06-13 00:42,0.000000,179,1.0000,0
B,1655080980,2022-06-13 00:43,0.000000,179,1.0000,0
B,1655081040,2022-06-13 00:44,0.000000,179,1.0000,0
B,1655081100,2022-06-13 00:45,0.000000,179,1.0000,0
B,1655081160,2022-06-13 00:46,0.000000,178,1.0000,0
B,1655081220,2022-06-13 00:47,0.000000,178,1.0000,0
B,1655081280,2022-06-13 00:48,0.000000,178,1.0000,0
B,1655081340,2022-06-13 00:49,0.000000,178,1.0000,0
B,1655081400,2022-06-13 00:50,0.000000,178,1.0000,0
B,1655081460,2022-06-13 00:51,0.000000,178,0.9944,0
B,1655081520,2022-06-13 00:52,0.000000,177,0.9944,0
B,1655081580,2022-06-13 00:53,0.000000,177,0.9944,0
B,1655081640,2022-06-13 00:54,0.000000,178,0.9944,0
B,1655081700,2022-06-13 00:55,0.000000,178,0.9944,0
B,1655081760,2022-06-13 00:56,0.000000,178,0.9944,0
B,1655081820,2022-06-13 00:57,0.000000,178,0.9944,0
B,1655081880,2022-06-13 00:58,0.000000,178,0.9944,0
B,1655081940,2022-06-13 00:59,0.000000,179,0.9944,0
B,1655082000,2022-06-13 01:00,0.000000,179,0.9944,0
B,1655082060,2022-06-13 01:01,0.000000,179,0.9944,0
B,1655082120,2022-06-13 01:02,0.000000,178,0.9944,0
B,1655082180,2022-06-13 01:03,0.000000,178,0.9831,0
B,1655082240,2022-06-13 01:04,0.000000,179,0.9777,0
B,1655082300,2022-06-13 01:05,0.000000,180,0.9556,0
B,1655082360,2022-06-13 01:06,0.000000,180,1.0000,0
B,1655082420,2022-06-13 01:07,0.000000,180,1.0000,0
B,1655082480,2022-06-13 01:08,0.000000,180,1.0000,0
B,1655082540,2022-06-13 01:09,0.000000,180,1.0000,0
B,1655082600,2022-06-13 01:10,0.000000,180,1.0000,0
B,1655082660,2022-06-13 01:11,0.000000,180,1.0000,0
B,1655082720,2022-06-13 01:12,0.000000,180,1.0000,0
B,1655082780,2022-06-13 01:13,0.000000,180,1.0000,0
B,1655082840,2022-06-13 01:14,0.000000,180,1.0000,0
B,1655082900,2022-06-13 01:15,0.000000,181,1.0000,0
B,1655082960,2022-06-13 01:16,0.000000,181,1.0000,0
B,1655083020,2022-06-13 01:17,0.000000,181,1.0000,0
B,1655083080,2022-06-13 01:18,0.000000,182,1.0000,0
B,1655083140,2022-06-13 01:19,0.000000,183,1.0000,0
B,1655083200,2022-06-13 01:20,0.000000,182,1.0000,0
B,1655083260,2022-06-13 01:21,0.000000,182,1.0000,0
B,1655083320,2022-06-13 01:22,0.000000,182,1.0000,0
B,1655083380,2022-06-13 01:23,0.000000,182,1.0000,0
B,1655083440,2022-06-13 01:24,0.000000,182,1.0000,0
B,1655083500,2022-06-13 01:25,0.000000,182,1.0000,0
B,1655083560,2022-06-13 01:26,0.000000,182,1.0000,0
B,1655083620,2022-06-13 01:27,0.000000,182,1.0000,0
B,1655083680,2022-06-13 01:28,0.000000,183,1.0000,0
B,1655083740,2022-06-13 01:29,0.000000,183,1.0000,0
B,1655083800,2022-06-13 01:30,0.000000,183,1.0000,0
B,1655083860,2022-06-13 01:31,0.000000,183,1.0000,0
B,1655083920,2022-06-13 01:32,0.000000,183,1.0000,0
B,1655083980,2022-06-13 01:33,0.000000,183,1.0000,0
B,1655084040,2022-06-13 01:34,0.000000,183,1.0000,0
B,1655084100,2022-06-13 01:35,0.000000,183,1.0000,0
B,1655084160,2022-06-13 01:36,0.000000,183,1.0000,0
B,1655084220,2022-06-13 01:37,0.000000,183,1.0000,0
B,1655084280,2022-06-13 01:38,0.000000,183,1.0000,0
B,1655084340,2022-06-13 01:39,0.000000,183,1.0000,0
B,1655084400,2022-06-13 01:40,0.000000,183,1.0000,0
B,1655084460,2022-06-13 01:41,0.000000,183,1.0000,0
B,1655084520,2022-06-13 01:42,0.000000,183,1.0000,0
B,1655084580,2022-06-13 01:43,0.000000,183,1.0000,0
B,1655084640,2022-06-13 01:44,0.000000,183,1.0000,0
B,1655084700,2022-06-13 01:45,0.000000,183,1.0000,0
B,1655084760,2022-06-13 01:46,0.000000,182,1.0000,0
B,1655084820,2022-06-13 01:47,0.000000,182,1.0000,0
B,1655084880,2022-06-13 01:48,0.000000,182,1.0000,0
B,1655084940,2022-06-13 01:49,0.000000,182,1.0000,0
B,1655085000,2022-06-13 01:50,0.000000,182,1.0000,0
B,1655085060,2022-06-13 01:51,0.000000,182,1.0000,0
B,1655085120,2022-06-13 01:52,0.000000,182,1.0000,0
B,1655085180,2022-06-13 01:53,0.000000,182,1.0000,0
B,1655085240,2022-06-13 01:54,0.000000,182,1.0000,0
B,1655085300,2022-06-13 01:55,0.000000,182,1.0000,0
B,1655085360,2022-06-13 01:56,0.000000,182,1.0000,0
B,1655085420,2022-06-13 01:57,0.000000,182,1.0000,0
B,1655085480,2022-06-13 01:58,0.000000,182,1.0000,0
B,1655085540,2022-06-13 01:59,0.000000,182,1.0000,0
B,1655085600,2022-06-13 02:00,0.000000,182,1.0000,0
B,1655085660,2022-06-13 02:01,0.000000,182,1.0000,0
B,1655085720,2022-06-13 02:02,0.000000,182,1.0000,0
B,1655085780,2022-06-13 02:03,0.000000,182,1.0000,0
B,1655085840,2022-06-13 02:04,0.000000,182,1.0000,0
B,1655085900,2022-06-13 02:05,0.000000,181,1.0000,0
B,1655085960,2022-06-13 02:06,0.000000,181,0.9834,0
B,1655086020,2022-06-13 02:07,0.000000,181,0.9669,0
B,1655086080,2022-06-13 02:08,0.000000,181,0.9613,0
B,1655086140,2022-06-13 02:09,0.000000,181,0.9503,0
B,1655086200,2022-06-13 02:10,0.000000,181,0.9448,0
B,1655086260,2022-06-13 02:11,0.000000,181,0.9448,0
B,1655086320,2022-06-13 02:12,0.000000,181,0.9448,0
B,1655086380,2022-06-13 02:13,0.000000,181,1.0000,0
B,1655086440,2022-06-13 02:14,0.000000,181,1.0000,0
B,1655086500,2022-06-13 02:15,0.000000,180,1.0000,0
B,1655086560,2022-06-13 02:16,0.000000,180,1.0000,0
B,1655086620,2022-06-13 02:17,0.000000,180,1.0000,0
B,1655086680,2022-06-13 02:18,0.000000,179,1.0000,0
B,1655086740,2022-06-13 02:19,0.000000,178,1.0000,0
B,1655086800,2022-06-13 02:20,0.000000,179,1.0000,0
B,1655086860,2022-06-13 02:21,0.000000,179,1.0000,0
B,1655086920,2022-06-13 02:22,0.000000,179,1.0000,0
B,1655086980,2022-06-13 02:23,0.000000,179,1.0000,0
B,1655087040,2022-06-13 02:24,0.000000,179,1.0000,0
B,1655087100,2022-06-13 02:25,0.000000,179,1.0000,0
B,1655087160,2022-06-13 02:26,0.000000,179,1.0000,0
B,1655087220,2022-06-13 02:27,0.000000,179,1.0000,0
B,1655087280,2022-06-13 02:28,0.000000,179,1.0000,0
B,1655087340,2022-06-13 02:29,0.000000,179,1.0000,0
B,1655087400,2022-06-13 02:30,0.000000,179,1.0000,0
B,1655087460,2022-06-13 02:31,0.000000,179,1.0000,0
B,1655087520,2022-06-13 02:32,0.000000,179,1.0000,0
B,1655087580,2022-06-13 02:33,0.000000,179,1.0000,0
B,1655087640,2022-06-13 02:34,0.000000,179,1.0000,0
B,1655087700,2022-06-13 02:35,0.000000,179,1.0000,0
B,1655087760,2022-06-13 02:36,0.000000,179,1.0000,0
B,1655087820,2022-06-13 02:37,0.000000,178,1.0000,0
B,1655087880,2022-06-13 02:38,0.000000,179,1.0000,0
B,1655087940,2022-06-13 02:39,0.000000,180,1.0000,0
B,1655088000,2022-06-13 02:40,0.000000,179,1.0000,0
B,1655088060,2022-06-13 02:41,0.000000,179,1.0000,0
B,1655088120,2022-06-13 02:42,0.000000,179,1.0000,0
B,1655088180,2022-06-13 02:43,0.000000,179,1.0000,0
B,1655088240,2022-06-13 02:44,0.000000,179,1.0000,0
B,1655088300,2022-06-13 02:45,0.000000,179,1.0000,0
B,1655088360,2022-06-13 02:46,0.000000,180,1.0000,0
B,1655088420,2022-06-13 02:47,0.000000,180,1.0000,0
B,1655088480,2022-06-13 02:48,0.000000,180,1.0000,0
B,1655088540,2022-06-13 02:49,0.000000,180,1.0000,0
B,1655088600,2022-06-13 02:50,0.000000,180,1.0000,0
B,1655088660,2022-06-13 02:51,0.000000,180,1.0000,0
B,1655088720,2022-06-13 02:52,0.000000,180,1.0000,0
B,1655088780,2022-06-13 02:53,0.000000,180,1.0000,0
B,1655088840,2022-06-13 02:54,0.000000,180,1.0000,0
B,1655088900,2022-06-13 02:55,0.000000,180,1.0000,0
B,1655088960,2022-06-13 02:56,0.000000,180,1.0000,0
B,1655089020,2022-06-13 02:57,0.000000,180,1.0000,0
B,1655089080,2022-06-13 02:58,0.000000,180,1.0000,0
B,1655089140,2022-06-13 02:59,0.000000,180,1.0000,0
B,1655089200,2022-06-13 03:00,0.000000,180,1.0000,0
B,1655089260,2022-06-13 03:01,0.000000,180,1.0000,0
B,1655089320,2022-06-13 03:02,0.000000,180,0.9944,0
B,1655089380,2022-06-13 03:03,0.000000,180,0.9944,0
B,1655089440,2022-06-13 03:04,0.000000,180,0.9944,0
B,1655089500,2022-06-13 03:05,0.000000,180,0.9944,0
B,1655089560,2022-06-13 03:06,0.000000,180,0.9944,0
B,1655089620,2022-06-13 03:07,0.000000,180,0.9944,0
B,1655089680,2022-06-13 03:08,0.000000,180,0.9889,0
B,1655089740,2022-06-13 03:09,0.000000,180,0.9833,0
B,1655089800,2022-06-13 03:10,0.000000,180,0.9833,0
B,1655089860,2022-06-13 03:11,0.000000,180,0.9833,0
B,1655089920,2022-06-13 03:12,0.000000,180,0.9833,0
B,1655089980,2022-06-13 03:13,0.000000,180,0.9833,0
B,1655090040,2022-06-13 03:14,0.000000,180,0.9778,0
B,1655090100,2022-06-13 03:15,0.000000,180,0.9778,0
B,1655090160,2022-06-13 03:16,0.000000,180,0.9722,0
B,1655090220,2022-06-13 03:17,0.000000,180,0.9611,0
B,1655090280,2022-06-13 03:18,0.000000,180,0.9444,0
B,1655090340,2022-06-13 03:19,0.000000,180,1.0000,0
B,1655090400,2022-06-13 03:20,0.000000,180,1.0000,0
B,1655090460,2022-06-13 03:21,0.000000,180,1.0000,0
B,1655090520,2022-06-13 03:22,0.000000,180,1.0000,0
B,1655090580,2022-06-13 03:23,0.000000,180,1.0000,0
B,1655090640,2022-06-13 03:24,0.000000,180,1.0000,0
B,1655090700,2022-06-13 03:25,0.000000,180,1.0000,0
B,1655090760,2022-06-13 03:26,0.000000,180,1.0000,0
B,1655090820,2022-06-13 03:27,0.000000,180,1.0000,0
B,1655090880,2022-06-13 03:28,0.000000,180,1.0000,0
B,1655090940,2022-06-13 03:29,0.000000,180,1.0000,0
B,1655091000,2022-06-13 03:30,0.000000,180,1.0000,0
B,1655091060,2022-06-13 03:31,0.000000,180,1.0000,0
B,1655091120,2022-06-13 03:32,0.000000,180,1.0000,0
B,1655091180,2022-06-13 03:33,0.000000,180,1.0000,0
B,1655091240,2022-06-13 03:34,0.000000,180,1.0000,0
B,1655091300,2022-06-13 03:35,0.000000,180,1.0000,0
B,1655091360,2022-06-13 03:36,0.000000,180,1.0000,0
B,1655091420,2022-06-13 03:37,0.000000,181,1.0000,0
B,1655091480,2022-06-13 03:38,0.000000,180,1.0000,0
B,1655091540,2022-06-13 03:39,0.000000,179,1.0000,0
B,1655091600,2022-06-13 03:40,0.000000,180,1.0000,0
B,1655091660,2022-06-13 03:41,0.000000,180,1.0000,0
B,1655091720,2022-06-13 03:42,0.000000,180,1.0000,0
B,1655091780,2022-06-13 03:43,0.000000,180,1.0000,0
B,1655091840,2022-06-13 03:44,0.000000,180,1.0000,0
B,1655091900,2022-06-13 03:45,0.000000,180,1.0000,0
B,1655091960,2022-06-13 03:46,0.000000,181,1.0000,0
B,1655092020,2022-06-13 03:47,0.000000,181,1.0000,0
B,1655092080,2022-06-13 03:48,0.000000,181,1.0000,0
B,1655092140,2022-06-13 03:49,0.000000,181,1.0000,0
B,1655092200,2022-06-13 03:50,0.000000,181,1.0000,0
B,1655092260,2022-06-13 03:51,0.000000,181,1.0000,0
B,1655092320,2022-06-13 03:52,0.000000,181,1.0000,0
B,1655092380,2022-06-13 03:53,0.000000,181,1.0000,0
B,1655092440,2022-06-13 03:54,0.000000,181,1.0000,0
B,1655092500,2022-06-13 03:55,0.000000,178,1.0000,0
B,1655092560,2022-06-13 03:56,0.000000,175,1.0000,0
B,1655092620,2022-06-13 03:57,0.000000,175,1.0000,0
B,1655092680,2022-06-13 03:58,0.000000,175,1.0000,0
B,1655092740,2022-06-13 03:59,0.000000,175,1.0000,0
B,1655092800,2022-06-13 04:00,0.000000,175,1.0000,0
B,1655092860,2022-06-13 04:01,0.000000,175,1.0000,0
B,1655092920,2022-06-13 04:02,0.000000,175,1.0000,0
B,1655092980,2022-06-13 04:03,0.000000,175,0.9943,0
B,1655093040,2022-06-13 04:04,0.000000,175,0.9943,0
B,1655093100,2022-06-13 04:05,0.000000,175,0.9943,0
B,1655093160,2022-06-13 04:06,0.000000,175,0.9886,0
B,1655093220,2022-06-13 04:07,0.000000,175,0.9829,0
B,1655093280,2022-06-13 04:08,0.000000,175,0.9829,0
B,1655093340,2022-06-13 04:09,0.000000,175,0.9829,0
B,1655093400,2022-06-13 04:10,0.000000,175,0.9829,0
B,1655093460,2022-06-13 04:11,0.000000,175,0.9771,0
B,1655093520,2022-06-13 04:12,0.000000,175,0.9714,0
B,1655093580,2022-06-13 04:13,0.000000,175,0.9600,0
B,1655093640,2022-06-13 04:14,0.000000,175,0.9543,0
B,1655093700,2022-06-13 04:15,0.000000,175,1.0000,0
B,1655093760,2022-06-13 04:16,0.000000,175,1.0000,0
B,1655093820,2022-06-13 04:17,0.000000,175,1.0000,0
B,1655093880,2022-06-13 04:18,0.000000,175,1.0000,0
B,1655093940,2022-06-13 04:19,0.000000,175,1.0000,0
B,1655094000,2022-06-13 04:20,0.000000,175,1.0000,0
B,1655094060,2022-06-13 04:21,0.000000,175,1.0000,0
B,1655094120,2022-06-13 04:22,0.000000,175,1.0000,0
B,1655094180,2022-06-13 04:23,0.000000,175,1.0000,0
B,1655094240,2022-06-13 04:24,0.000000,175,1.0000,0
B,1655094300,2022-06-13 04:25,0.000000,175,1.0000,0
B,1655094360,2022-06-13 04:26,0.000000,175,1.0000,0
B,1655094420,2022-06-13 04:27,0.000000,175,1.0000,0
B,1655094480,2022-06-13 04:28,0.000000,175,1.0000,0
B,1655094540,2022-06-13 04:29,0.000000,175,1.0000,0
B,1655094600,2022-06-13 04:30,0.000000,175,1.0000,0
B,1655094660,2022-06-13 04:31,0.000000,175,1.0000,0
B,1655094720,2022-06-13 04:32,0.000000,175,1.0000,0
B,1655094780,2022-06-13 04:33,0.000000,175,1.0000,0
B,1655094840,2022-06-13 04:34,0.000000,175,1.0000,0
B,1655094900,2022-06-13 04:35,0.000000,175,1.0000,0
B,1655094960,2022-06-13 04:36,0.000000,175,1.0000,0
B,1655095020,2022-06-13 04:37,0.000000,175,1.0000,0
B,1655095080,2022-06-13 04:38,0.000000,175,1.0000,0
B,1655095140,2022-06-13 04:39,0.000000,175,1.0000,0
B,1655095200,2022-06-13 04:40,0.000000,175,1.0000,0
B,1655095260,2022-06-13 04:41,0.000000,175,1.0000,0
B,1655095320,2022-06-13 04:42,0.000000,175,1.0000,0
B,1655095380,2022-06-13 04:43,0.000000,175,1.0000,0
B,1655095440,2022-06-13 04:44,0.000000,175,1.0000,0
B,1655095500,2022-06-13 04:45,0.000000,175,1.0000,0
B,1655095560,2022-06-13 04:46,0.000000,174,1.0000,0
B,1655095620,2022-06-13 04:47,0.000000,174,1.0000,0
B,1655095680,2022-06-13 04:48,0.000000,174,1.0000,0
B,1655095740,2022-06-13 04:49,0.000000,174,1.0000,0
B,1655095800,2022-06-13 04:50,0.000000,174,0.9943,0
B,1655095860,2022-06-13 04:51,0.000000,174,0.9885,0
B,1655095920,2022-06-13 04:52,0.000000,174,0.9885,0
B,1655095980,2022-06-13 04:53,0.000000,174,0.9885,0
B,1655096040,2022-06-13 04:54,0.000000,174,0.9828,0
B,1655096100,2022-06-13 04:55,0.000000,177,0.9774,0
B,1655096160,2022-06-13 04:56,0.000000,180,0.9722,0
B,1655096220,2022-06-13 04:57,0.000000,180,0.9611,0
B,1655096280,2022-06-13 04:58,0.000000,180,0.9556,0
B,1655096340,2022-06-13 04:59,0.000000,180,1.0000,0
B,1655096400,2022-06-13 05:00,0.000000,180,1.0000,0
B,1655096460,2022-06-13 05:01,0.000000,180,0.9944,0
C,1655074860,2022-06-12 23:01,1.000000,1,0.0000,0
C,1655074920,2022-06-12 23:02,1.000000,4,0.0000,0
C,1655074980,2022-06-12 23:03,1.000000,7,0.0000,0
C,1655075040,2022-06-12 23:04,1.000000,10,0.0000,0
C,1655075100,2022-06-12 23:05,0.000000,13,1.0000,0
C,1655075160,2022-06-12 23:06,0.000000,16,1.0000,0
C,1655075220,2022-06-12 23:07,0.000000,19,1.0000,0
C,1655075280,2022-06-12 23:08,0.000000,22,1.0000,0
C,1655075340,2022-06-12 23:09,0.000000,25,1.0000,0
C,1655075400,2022-06-12 23:10,0.000000,28,1.0000,0
C,1655075460,2022-06-12 23:11,0.000000,31,1.0000,0
C,1655075520,2022-06-12 23:12,0.000000,34,1.0000,0
C,1655075580,2022-06-12 23:13,0.000000,37,1.0000,0
C,1655075640,2022-06-12 23:14,0.000000,40,1.0000,0
C,1655075700,2022-06-12 23:15,0.000000,43,1.0000,0
C,1655075760,2022-06-12 23:16,0.000000,46,1.0000,0
C,1655075820,2022-06-12 23:17,0.000000,49,1.0000,0
C,1655075880,2022-06-12 23:18,0.000000,52,1.0000,0
C,1655075940,2022-06-12 23:19,0.000000,55,1.0000,0
C,1655076000,2022-06-12 23:20,0.000000,58,1.0000,0
C,1655076060,2022-06-12 23:21,0.000000,61,1.0000,0
C,1655076120,2022-06-12 23:22,0.000000,64,1.0000,0
C,1655076180,2022-06-12 23:23,0.000000,67,1.0000,0
C,1655076240,2022-06-12 23:24,0.000000,70,1.0000,0
C,1655076300,2022-06-12 23:25,0.000000,73,1.0000,0
C,1655076360,2022-06-12 23:26,0.000000,76,1.0000,0
C,1655076420,2022-06-12 23:27,0.000000,78,1.0000,0
C,1655076480,2022-06-12 23:28,0.000000,80,1.0000,0
C,1655076540,2022-06-12 23:29,0.000000,83,1.0000,0
C,1655076600,2022-06-12 23:30,0.000000,86,1.0000,0
C,1655076660,2022-06-12 23:31,0.000000,89,1.0000,0
C,1655076720,2022-06-12 23:32,0.000000,92,1.0000,0
C,1655076780,2022-06-12 23:33,0.000000,93,1.0000,0
C,1655076840,2022-06-12 23:34,0.000000,96,1.0000,0
C,1655076900,2022-06-12 23:35,0.000000,99,1.0000,0
C,1655076960,2022-06-12 23:36,0.000000,102,1.0000,0
C,1655077020,2022-06-12 23:37,0.000000,105,1.0000,0
C,1655077080,2022-06-12 23:38,0.000000,108,1.0000,0
C,1655077140,2022-06-12 23:39,0.000000,111,1.0000,0
C,1655077200,2022-06-12 23:40,0.000000,114,1.0000,0
C,1655077260,2022-06-12 23:41,0.000000,117,1.0000,0
C,1655077320,2022-06-12 23:42,0.000000,120,1.0000,0
C,1655077380,2022-06-12 23:43,0.000000,123,1.0000,0
C,1655077440,2022-06-12 23:44,0.000000,126,1.0000,0
C,1655077500,2022-06-12 23:45,0.000000,129,1.0000,0
C,1655077560,2022-06-12 23:46,0.000000,132,1.0000,0
C,1655077620,2022-06-12 23:47,0.000000,135,1.0000,0
C,1655077680,2022-06-12 23:48,0.000000,138,1.0000,0
C,1655077740,2022-06-12 23:49,0.000000,141,1.0000,0
C,1655077800,2022-06-12 23:50,0.000000,144,0.9861,0
C,1655077860,2022-06-12 23:51,0.000000,147,0.9660,0
C,1655077920,2022-06-12 23:52,0.000000,150,0.9467,0
C,1655077980,2022-06-12 23:53,0.000000,153,1.0000,0
C,1655078040,2022-06-12 23:54,0.000000,156,1.0000,0
C,1655078100,2022-06-12 23:55,0.000000,159,1.0000,0
C,1655078160,2022-06-12 23:56,0.000000,162,1.0000,0
C,1655078220,2022-06-12 23:57,0.000000,165,1.0000,0
C,1655078280,2022-06-12 23:58,0.000000,168,1.0000,0
C,1655078340,2022-06-12 23:59,0.000000,171,1.0000,0
C,1655078400,2022-06-13 00:00,0.000000,174,1.0000,0
C,1655078460,2022-06-13 00:01,0.000000,176,1.0000,0
C,1655078520,2022-06-13 00:02,0.000000,176,1.0000,0
C,1655078580,2022-06-13 00:03,0.000000,176,1.0000,0
C,1655078640,2022-06-13 00:04,0.000000,176,1.0000,0
C,1655078700,2022-06-13 00:05,0.000000,176,1.0000,0
C,1655078760,2022-06-13 00:06,0.000000,176,1.0000,0
C,1655078820,2022-06-13 00:07,0.000000,176,1.0000,0
C,1655078880,2022-06-13 00:08,0.000000,176,1.0000,0
C,1655078940,2022-06-13 00:09,0.000000,176,1.0000,0
C,1655079000,2022-06-13 00:10,0.000000,176,1.0000,0
C,1655079060,2022-06-13 00:11,0.000000,176,1.0000,0
C,1655079120,2022-06-13 00:12,0.000000,176,1.0000,0
C,1655079180,2022-06-13 00:13,0.000000,176,1.0000,0
C,1655079240,2022-06-13 00:14,0.000000,176,1.0000,0
C,1655079300,2022-06-13 00:15,0.000000,176,1.0000,0
C,1655079360,2022-06-13 00:16,0.000000,176,1.0000,0
C,1655079420,2022-06-13 00:17,0.000000,176,1.0000,0
C,1655079480,2022-06-13 00:18,0.000000,176,1.0000,0
C,1655079540,2022-06-13 00:19,0.000000,176,1.0000,0
C,1655079600,2022-06-13 00:20,0.000000,176,1.0000,0
C,1655079660,2022-06-13 00:21,0.000000,176,1.0000,0
C,1655079720,2022-06-13 00:22,0.000000,176,1.0000,0
C,1655079780,2022-06-13 00:23,0.000000,176,1.0000,0
C,1655079840,2022-06-13 00:24,0.000000,176,1.0000,0
C,1655079900,2022-06-13 00:25,0.000000,176,1.0000,0
C,1655079960,2022-06-13 00:26,0.000000,176,1.0000,0
C,1655080020,2022-06-13 00:27,0.000000,177,1.0000,0
C,1655080080,2022-06-13 00:28,0.000000,178,1.0000,0
C,1655080140,2022-06-13 00:29,0.000000,178,1.0000,0
C,1655080200,2022-06-13 00:30,0.000000,178,1.0000,0
C,1655080260,2022-06-13 00:31,0.000000,178,1.0000,0
C,1655080320,2022-06-13 00:32,0.000000,178,1.0000,0
C,1655080380,2022-06-13 00:33,0.000000,180,1.0000,0
C,1655080440,2022-06-13 00:34,0.000000,180,1.0000,0
C,1655080500,2022-06-13 00:35,0.000000,180,1.0000,0
C,1655080560,2022-06-13 00:36,0.000000,180,1.0000,0
C,1655080620,2022-06-13 00:37,0.000000,180,1.0000,0
C,1655080680,2022-06-13 00:38,0.000000,180,1.0000,0
C,1655080740,2022-06-13 00:39,0.000000,180,1.0000,0
C,1655080800,2022-06-13 00:40,0.000000,180,1.0000,0
C,1655080860,2022-06-13 00:41,0.000000,180,1.0000,0
C,1655080920,2022-06-13 00:42,0.000000,180,1.0000,0
C,1655080980,2022-06-13 00:43,0.000000,180,1.0000,0
C,1655081040,2022-06-13 00:44,0.000000,180,1.0000,0
C,1655081100,2022-06-13 00:45,0.000000,180,1.0000,0
C,1655081160,2022-06-13 00:46,0.000000,180,1.0000,0
C,1655081220,2022-06-13 00:47,0.000000,180,1.0000,0
C,1655081280,2022-06-13 00:48,0.000000,180,1.0000,0
C,1655081340,2022-06-13 00:49,0.000000,180,1.0000,0
C,1655081400,2022-06-13 00:50,0.000000,180,1.0000,0
C,1655081460,2022-06-13 00:51,0.000000,180,1.0000,0
C,1655081520,2022-06-13 00:52,0.000000,179,1.0000,0
C,1655081580,2022-06-13 00:53,0.000000,179,1.0000,0
C,1655081640,2022-06-13 00:54,0.000000,179,1.0000,0
C,1655081700,2022-06-13 00:55,0.000000,179,1.0000,0
C,1655081760,2022-06-13 00:56,0.000000,179,1.0000,0
C,1655081820,2022-06-13 00:57,0.000000,179,1.0000,0
C,1655081880,2022-06-13 00:58,0.000000,179,1.0000,0
C,1655081940,2022-06-13 00:59,0.000000,179,1.0000,0
C,1655082000,2022-06-13 01:00,0.000000,179,1.0000,0
C,1655082060,2022-06-13 01:01,0.000000,179,1.0000,0
C,1655082120,2022-06-13 01:02,0.000000,179,1.0000,0
C,1655082180,2022-06-13 01:03,0.000000,179,1.0000,0
C,1655082240,2022-06-13 01:04,0.000000,179,1.0000,0
C,1655082300,2022-06-13 01:05,0.000000,179,1.0000,0
C,1655082360,2022-06-13 01:06,0.000000,179,1.0000,0
C,1655082420,2022-06-13 01:07,0.000000,179,0.9944,0
C,1655082480,2022-06-13 01:08,0.000000,179,0.9888,0
C,1655082540,2022-06-13 01:09,0.000000,179,0.9888,0
C,1655082600,2022-06-13 01:10,0.000000,179,0.9888,0
C,1655082660,2022-06-13 01:11,0.000000,179,0.9888,0
C,1655082720,2022-06-13 01:12,0.000000,179,0.9888,0
C,1655082780,2022-06-13 01:13,0.000000,179,0.9888,0
C,1655082840,2022-06-13 01:14,0.000000,179,0.9888,0
C,1655082900,2022-06-13 01:15,0.000000,179,0.9888,0
C,1655082960,2022-06-13 01:16,0.000000,179,0.9888,0
C,1655083020,2022-06-13 01:17,0.000000,179,0.9832,0
C,1655083080,2022-06-13 01:18,0.000000,179,0.9832,0
C,1655083140,2022-06-13 01:19,0.000000,179,0.9721,0
C,1655083200,2022-06-13 01:20,0.000000,179,0.9721,0
C,1655083260,2022-06-13 01:21,0.000000,179,0.9721,0
C,1655083320,2022-06-13 01:22,0.000000,179,0.9721,0
C,1655083380,2022-06-13 01:23,0.000000,179,0.9721,0
C,1655083440,2022-06-13 01:24,0.000000,179,0.9721,0
C,1655083500,2022-06-13 01:25,0.000000,179,0.9721,0
C,1655083560,2022-06-13 01:26,0.000000,179,0.9721,0
C,1655083620,2022-06-13 01:27,0.000000,179,0.9721,0
C,1655083680,2022-06-13 01:28,0.000000,179,0.9721,0
C,1655083740,2022-06-13 01:29,0.000000,179,0.9721,0
C,1655083800,2022-06-13 01:30,0.000000,179,0.9721,0
C,1655083860,2022-06-13 01:31,0.000000,179,0.9721,0
C,1655083920,2022-06-13 01:32,0.000000,179,0.9609,0
C,1655083980,2022-06-13 01:33,0.000000,179,0.9553,0
C,1655084040,2022-06-13 01:34,0.000000,179,0.9497,0
C,1655084100,2022-06-13 01:35,0.000000,179,0.9497,0
C,1655084160,2022-06-13 01:36,0.000000,179,0.9497,0
C,1655084220,2022-06-13 01:37,0.000000,179,0.9441,0
C,1655084280,2022-06-13 01:38,0.000000,179,0.9441,0
C,1655084340,2022-06-13 01:39,0.000000,179,0.9441,0
C,1655084400,2022-06-13 01:40,0.000000,179,1.0000,0
C,1655084460,2022-06-13 01:41,0.000000,179,1.0000,0
C,1655084520,2022-06-13 01:42,0.000000,179,1.0000,0
C,1655084580,2022-06-13 01:43,0.000000,179,1.0000,0
C,1655084640,2022-06-13 01:44,0.000000,179,1.0000,0
C,1655084700,2022-06-13 01:45,0.000000,179,1.0000,0
C,1655084760,2022-06-13 01:46,0.000000,179,1.0000,0
C,1655084820,2022-06-13 01:47,0.000000,179,1.0000,0
C,1655084880,2022-06-13 01:48,0.000000,179,1.0000,0
C,1655084940,2022-06-13 01:49,0.000000,179,1.0000,0
C,1655085000,2022-06-13 01:50,0.000000,179,1.0000,0
C,1655085060,2022-06-13 01:51,0.000000,179,1.0000,0
C,1655085120,2022-06-13 01:52,0.000000,180,1.0000,0
C,1655085180,2022-06-13 01:53,0.000000,180,1.0000,0
C,1655085240,2022-06-13 01:54,0.000000,180,1.0000,0
C,1655085300,2022-06-13 01:55,0.000000,180,1.0000,0
C,1655085360,2022-06-13 01:56,0.000000,180,1.0000,0
C,1655085420,2022-06-13 01:57,0.000000,177,1.0000,0
C,1655085480,2022-06-13 01:58,0.000000,177,1.0000,0
C,1655085540,2022-06-13 01:59,0.000000,177,1.0000,0
C,1655085600,2022-06-13 02:00,0.000000,177,1.0000,0
C,1655085660,2022-06-13 02:01,0.000000,177,1.0000,0
C,1655085720,2022-06-13 02:02,0.000000,177,1.0000,0
C,1655085780,2022-06-13 02:03,0.000000,177,1.0000,0
C,1655085840,2022-06-13 02:04,0.000000,177,1.0000,0
C,1655085900,2022-06-13 02:05,0.000000,177,1.0000,0
C,1655085960,2022-06-13 02:06,0.000000,177,1.0000,0
C,1655086020,2022-06-13 02:07,0.000000,177,1.0000,0
C,1655086080,2022-06-13 02:08,0.000000,177,1.0000,0
C,1655086140,2022-06-13 02:09,0.000000,177,1.0000,0
C,1655086200,2022-06-13 02:10,0.000000,177,1.0000,0
C,1655086260,2022-06-13 02:11,0.000000,177,1.0000,0
C,1655086320,2022-06-13 02:12,0.000000,177,1.0000,0
C,1655086380,2022-06-13 02:13,0.000000,177,1.0000,0
C,1655086440,2022-06-13 02:14,0.000000,177,1.0000,0
C,1655086500,2022-06-13 02:15,0.000000,177,1.0000,0
C,1655086560,2022-06-13 02:16,0.000000,177,1.0000,0
C,1655086620,2022-06-13 02:17,0.000000,177,1.0000,0
C,1655086680,2022-06-13 02:18,0.000000,177,1.0000,0
C,1655086740,2022-06-13 02:19,0.000000,177,1.0000,0
C,1655086800,2022-06-13 02:20,0.000000,177,1.0000,0
C,1655086860,2022-06-13 02:21,0.000000,177,1.0000,0
C,1655086920,2022-06-13 02:22,0.000000,177,1.0000,0
C,1655086980,2022-06-13 02:23,0.000000,177,1.0000,0
C,1655087040,2022-06-13 02:24,0.000000,177,1.0000,0
C,1655087100,2022-06-13 02:25,0.000000,177,1.0000,0
C,1655087160,2022-06-13 02:26,0.000000,177,1.0000,0
C,1655087220,2022-06-13 02:27,0.000000,177,1.0000,0
C,1655087280,2022-06-13 02:28,0.000000,177,1.0000,0
C,1655087340,2022-06-13 02:29,0.000000,177,1.0000,0
C,1655087400,2022-06-13 02:30,0.000000,177,1.0000,0
C,1655087460,2022-06-13 02:31,0.000000,177,1.0000,0
C,1655087520,2022-06-13 02:32,0.000000,177,1.0000,0
C,1655087580,2022-06-13 02:33,0.000000,177,1.0000,0
C,1655087640,2022-06-13 02:34,0.000000,177,1.0000,0
C,1655087700,2022-06-13 02:35,0.000000,177,1.0000,0
C,1655087760,2022-06-13 02:36,0.000000,177,1.0000,0
C,1655087820,2022-06-13 02:37,0.000000,177,1.0000,0
C,1655087880,2022-06-13 02:38,0.000000,177,1.0000,0
C,1655087940,2022-06-13 02:39,0.000000,177,1.0000,0
C,1655088000,2022-06-13 02:40,0.000000,177,1.0000,0
C,1655088060,2022-06-13 02:41,0.000000,177,1.0000,0
C,1655088120,2022-06-13 02:42,0.000000,177,1.0000,0
C,1655088180,2022-06-13 02:43,0.000000,177,1.0000,0
C,1655088240,2022-06-13 02:44,0.000000,177,1.0000,0
C,1655088300,2022-06-13 02:45,0.000000,177,1.0000,0
C,1655088360,2022-06-13 02:46,0.000000,177,1.0000,0
C,1655088420,2022-06-13 02:47,0.000000,177,1.0000,0
C,1655088480,2022-06-13 02:48,0.000000,177,1.0000,0
C,1655088540,2022-06-13 02:49,0.000000,177,1.0000,0
C,1655088600,2022-06-13 02:50,0.000000,177,1.0000,0
C,1655088660,2022-06-13 02:51,0.000000,177,1.0000,0
C,1655088720,2022-06-13 02:52,0.000000,177,1.0000,0
C,1655088780,2022-06-13 02:53,0.000000,177,1.0000,0
C,1655088840,2022-06-13 02:54,0.000000,177,1.0000,0
C,1655088900,2022-06-13 02:55,0.000000,177,1.0000,0
C,1655088960,2022-06-13 02:56,0.000000,177,1.0000,0
C,1655089020,2022-06-13 02:57,0.000000,180,1.0000,0
C,1655089080,2022-06-13 02:58,0.000000,180,1.0000,0
C,1655089140,2022-06-13 02:59,0.000000,180,1.0000,0
C,1655089200,2022-06-13 03:00,0.000000,180,1.0000,0
C,1655089260,2022-06-13 03:01,0.000000,180,1.0000,0
C,1655089320,2022-06-13 03:02,0.000000,180,1.0000,0
C,1655089380,2022-06-13 03:03,0.000000,180,1.0000,0
C,1655089440,2022-06-13 03:04,0.000000,180,1.0000,0
C,1655089500,2022-06-13 03:05,0.000000,180,1.0000,0
C,1655089560,2022-06-13 03:06,0.000000,180,1.0000,0
C,1655089620,2022-06-13 03:07,0.000000,180,1.0000,0
C,1655089680,2022-06-13 03:08,0.000000,180,1.0000,0
C,1655089740,2022-06-13 03:09,0.000000,180,1.0000,0
C,1655089800,2022-06-13 03:10,0.000000,180,1.0000,0
C,1655089860,2022-06-13 03:11,0.000000,180,1.0000,0
C,1655089920,2022-06-13 03:12,0.000000,180,1.0000,0
C,1655089980,2022-06-13 03:13,0.000000,180,1.0000,0
C,1655090040,2022-06-13 03:14,0.000000,180,1.0000,0
C,1655090100,2022-06-13 03:15,0.000000,180,1.0000,0
C,1655090160,2022-06-13 03:16,0.000000,180,1.0000,0
C,1655090220,2022-06-13 03:17,0.000000,180,1.0000,0
C,1655090280,2022-06-13 03:18,0.000000,180,1.0000,0
C,1655090340,2022-06-13 03:19,0.000000,180,1.0000,0
C,1655090400,2022-06-13 03:20,0.000000,180,1.0000,0
C,1655090460,2022-06-13 03:21,0.000000,180,1.0000,0
C,1655090520,2022-06-13 03:22,0.000000,180,1.0000,0
C,1655090580,2022-06-13 03:23,0.000000,180,1.0000,0
C,1655090640,2022-06-13 03:24,0.000000,180,1.0000,0
C,1655090700,2022-06-13 03:25,0.000000,180,1.0000,0
C,1655090760,2022-06-13 03:26,0.000000,180,0.9833,0
C,1655090820,2022-06-13 03:27,0.000000,180,0.9667,0
C,1655090880,2022-06-13 03:28,0.000000,180,0.9500,0
C,1655090940,2022-06-13 03:29,0.000000,180,1.0000,0
C,1655091000,2022-06-13 03:30,0.000000,180,1.0000,0
C,1655091060,2022-06-13 03:31,0.000000,180,1.0000,0
C,1655091120,2022-06-13 03:32,0.000000,180,1.0000,0
C,1655091180,2022-06-13 03:33,0.000000,180,1.0000,0
C,1655091240,2022-06-13 03:34,0.000000,180,1.0000,0
C,1655091300,2022-06-13 03:35,0.000000,180,1.0000,0
C,1655091360,2022-06-13 03:36,0.000000,180,1.0000,0
C,1655091420,2022-06-13 03:37,0.000000,180,1.0000,0
C,1655091480,2022-06-13 03:38,0.000000,180,1.0000,0
C,1655091540,2022-06-13 03:39,0.000000,180,1.0000,0
C,1655091600,2022-06-13 03:40,0.000000,180,1.0000,0
C,1655091660,2022-06-13 03:41,0.000000,180,1.0000,0
C,1655091720,2022-06-13 03:42,0.000000,180,1.0000,0
C,1655091780,2022-06-13 03:43,0.000000,180,1.0000,0
C,1655091840,2022-06-13 03:44,0.000000,180,1.0000,0
C,1655091900,2022-06-13 03:45,0.000000,180,1.0000,0
C,1655091960,2022-06-13 03:46,0.000000,179,1.0000,0
C,1655092020,2022-06-13 03:47,0.000000,180,1.0000,0
C,1655092080,2022-06-13 03:48,0.000000,180,1.0000,0
C,1655092140,2022-06-13 03:49,0.000000,180,1.0000,0
C,1655092200,2022-06-13 03:50,0.000000,180,1.0000,0
C,1655092260,2022-06-13 03:51,0.000000,180,1.0000,0
C,1655092320,2022-06-13 03:52,0.000000,180,1.0000,0
C,1655092380,2022-06-13 03:53,0.000000,180,1.0000,0
C,1655092440,2022-06-13 03:54,0.000000,180,1.0000,0
C,1655092500,2022-06-13 03:55,0.000000,180,1.0000,0
C,1655092560,2022-06-13 03:56,0.000000,180,1.0000,0
C,1655092620,2022-06-13 03:57,0.000000,180,1.0000,0
C,1655092680,2022-06-13 03:58,0.000000,180,1.0000,0
C,1655092740,2022-06-13 03:59,0.000000,180,1.0000,0
C,1655092800,2022-06-13 04:00,0.000000,180,1.0000,0
C,1655092860,2022-06-13 04:01,0.000000,180,1.0000,0
C,1655092920,2022-06-13 04:02,0.000000,180,1.0000,0
C,1655092980,2022-06-13 04:03,0.000000,180,1.0000,0
C,1655093040,2022-06-13 04:04,0.000000,180,1.0000,0
C,1655093100,2022-06-13 04:05,0.000000,180,1.0000,0
C,1655093160,2022-06-13 04:06,0.000000,180,1.0000,0
C,1655093220,2022-06-13 04:07,0.000000,180,1.0000,0
C,1655093280,2022-06-13 04:08,0.000000,180,1.0000,0
C,1655093340,2022-06-13 04:09,0.000000,180,1.0000,0
C,1655093400,2022-06-13 04:10,0.000000,180,1.0000,0
C,1655093460,2022-06-13 04:11,0.000000,180,1.0000,0
C,1655093520,2022-06-13 04:12,0.000000,180,1.0000,0
C,1655093580,2022-06-13 04:13,0.000000,180,1.0000,0
C,1655093640,2022-06-13 04:14,0.000000,180,1.0000,0
C,1655093700,2022-06-13 04:15,0.000000,180,1.0000,0
C,1655093760,2022-06-13 04:16,0.000000,180,1.0000,0
C,1655093820,2022-06-13 04:17,0.000000,180,1.0000,0
C,1655093880,2022-06-13 04:18,0.000000,180,1.0000,0
C,1655093940,2022-06-13 04:19,0.000000,180,1.0000,0
C,1655094000,2022-06-13 04:20,0.000000,180,1.0000,0
C,1655094060,2022-06-13 04:21,0.000000,180,1.0000,0
C,1655094120,2022-06-13 04:22,0.000000,180,1.0000,0
C,1655094180,2022-06-13 04:23,0.000000,180,1.0000,0
C,1655094240,2022-06-13 04:24,0.000000,180,1.0000,0
C,1655094300,2022-06-13 04:25,0.000000,180,1.0000,0
C,1655094360,2022-06-13 04:26,0.000000,180,1.0000,0
C,1655094420,2022-06-13 04:27,0.000000,180,1.0000,0
C,1655094480,2022-06-13 04:28,0.000000,180,1.0000,0
C,1655094540,2022-06-13 04:29,0.000000,180,1.0000,0
C,1655094600,2022-06-13 04:30,0.000000,180,1.0000,0
C,1655094660,2022-06-13 04:31,0.000000,180,1.0000,0
C,1655094720,2022-06-13 04:32,0.000000,180,1.0000,0
C,1655094780,2022-06-13 04:33,0.000000,180,1.0000,0
C,1655094840,2022-06-13 04:34,0.000000,180,1.0000,0
C,1655094900,2022-06-13 04:35,0.000000,180,1.0000,0
C,1655094960,2022-06-13 04:36,0.000000,180,1.0000,0
C,1655095020,2022-06-13 04:37,0.000000,180,1.0000,0
C,1655095080,2022-06-13 04:38,0.000000,180,1.0000,0
C,1655095140,2022-06-13 04:39,0.000000,180,1.0000,0
C,1655095200,2022-06-13 04:40,0.000000,180,1.0000,0
C,1655095260,2022-06-13 04:41,0.000000,180,1.0000,0
C,1655095320,2022-06-13 04:42,0.000000,179,1.0000,0
C,1655095380,2022-06-13 04:43,0.000000,179,1.0000,0
C,1655095440,2022-06-13 04:44,0.000000,179,1.0000,0
C,1655095500,2022-06-13 04:45,0.000000,179,1.0000,0
C,1655095560,2022-06-13 04:46,0.000000,180,1.0000,0
C,1655095620,2022-06-13 04:47,0.000000,179,1.0000,0
C,1655095680,2022-06-13 04:48,0.000000,179,1.0000,0
C,1655095740,2022-06-13 04:49,0.000000,179,1.0000,0
C,1655095800,2022-06-13 04:50,0.000000,179,1.0000,0
C,1655095860,2022-06-13 04:51,0.000000,179,1.0000,0
C,1655095920,2022-06-13 04:52,0.000000,179,1.0000,0
C,1655095980,2022-06-13 04:53,0.000000,179,1.0000,0
C,1655096040,2022-06-13 04:54,0.000000,179,1.0000,0
C,1655096100,2022-06-13 04:55,0.000000,179,1.0000,0
C,1655096160,2022-06-13 04:56,0.000000,179,1.0000,0
C,1655096220,2022-06-13 04:57,0.000000,179,1.0000,0
C,1655096280,2022-06-13 04:58,0.000000,179,1.0000,0
C,1655096340,2022-06-13 04:59,0.000000,179,1.0000,0
C,1655096400,2022-06-13 05:00,0.000000,179,1.0000,0
C,1655096460,2022-06-13 05:01,0.000000,179,1.0000,0
D,1655074860,2022-06-12 23:01,1.000000,1,0.0000,0
D,1655074920,2022-06-12 23:02,1.000000,4,0.0000,0
D,1655074980,2022-06-12 23:03,1.000000,7,0.0000,0
D,1655075040,2022-06-12 23:04,1.000000,10,0.0000,0
D,1655075100,2022-06-12 23:05,0.000000,13,1.0000,0
D,1655075160,2022-06-12 23:06,0.000000,16,1.0000,0
D,1655075220,2022-06-12 23:07,0.000000,19,1.0000,0
D,1655075280,2022-06-12 23:08,0.000000,22,1.0000,0
D,1655075340,2022-06-12 23:09,0.000000,25,1.0000,0
D,1655075400,2022-06-12 23:10,0.000000,28,1.0000,0
D,1655075460,2022-06-12 23:11,0.000000,31,1.0000,0
D,1655075520,2022-06-12 23:12,0.000000,34,1.0000,0
D,1655075580,2022-06-12 23:13,0.000000,37,1.0000,0
D,1655075640,2022-06-12 23:14,0.000000,40,1.0000,0
D,1655075700,2022-06-12 23:15,0.000000,43,1.0000,0
D,1655075760,2022-06-12 23:16,0.000000,46,1.0000,0
D,1655075820,2022-06-12 23:17,0.000000,49,1.0000,0
D,1655075880,2022-06-12 23:18,0.000000,52,1.0000,0
D,1655075940,2022-06-12 23:19,0.000000,55,1.0000,0
D,1655076000,2022-06-12 23:20,0.000000,58,1.0000,0
D,1655076060,2022-06-12 23:21,0.000000,61,1.0000,0
D,1655076120,2022-06-12 23:22,0.000000,64,1.0000,0
D,1655076180,2022-06-12 23:23,0.000000,67,1.0000,0
D,1655076240,2022-06-12 23:24,0.000000,70,1.0000,0
D,1655076300,2022-06-12 23:25,0.000000,73,1.0000,0
D,1655076360,2022-06-12 23:26,0.000000,76,1.0000,0
D,1655076420,2022-06-12 23:27,0.000000,79,1.0000,0
D,1655076480,2022-06-12 23:28,0.000000,82,1.0000,0
D,1655076540,2022-06-12 23:29,0.000000,85,1.0000,0
D,1655076600,2022-06-12 23:30,0.000000,88,1.0000,0
D,1655076660,2022-06-12 23:31,0.000000,91,1.0000,0
D,1655076720,2022-06-12 23:32,0.000000,94,1.0000,0
D,1655076780,2022-06-12 23:33,0.000000,97,1.0000,0
D,1655076840,2022-06-12 23:34,0.000000,100,1.0000,0
D,1655076900,2022-06-12 23:35,0.000000,103,1.0000,0
D,1655076960,2022-06-12 23:36,0.000000,106,1.0000,0
D,1655077020,2022-06-12 23:37,0.000000,109,1.0000,0
D,1655077080,2022-06-12 23:38,0.000000,112,1.0000,0
D,1655077140,2022-06-12 23:39,0.000000,115,1.0000,0
D,1655077200,2022-06-12 23:40,0.000000,118,1.0000,0
D,1655077260,2022-06-12 23:41,0.000000,121,1.0000,0
D,1655077320,2022-06-12 23:42,0.000000,124,1.0000,0
D,1655077380,2022-06-12 23:43,0.000000,127,1.0000,0
D,1655077440,2022-06-12 23:44,0.000000,130,1.0000,0
D,1655077500,2022-06-12 23:45,0.000000,133,1.0000,0
D,1655077560,2022-06-12 23:46,0.000000,136,1.0000,0
D,1655077620,2022-06-12 23:47,0.000000,139,1.0000,0
D,1655077680,2022-06-12 23:48,0.000000,142,1.0000,0
D,1655077740,2022-06-12 23:49,0.000000,145,1.0000,0
D,1655077800,2022-06-12 23:50,0.000000,148,1.0000,0
D,1655077860,2022-06-12 23:51,0.000000,151,1.0000,0
D,1655077920,2022-06-12 23:52,0.000000,154,1.0000,0
D,1655077980,2022-06-12 23:53,0.000000,157,1.0000,0
D,1655078040,2022-06-12 23:54,0.000000,160,1.0000,0
D,1655078100,2022-06-12 23:55,0.000000,163,1.0000,0
D,1655078160,2022-06-12 23:56,0.000000,166,1.0000,0
D,1655078220,2022-06-12 23:57,0.000000,169,1.0000,0
D,1655078280,2022-06-12 23:58,0.000000,172,1.0000,0
D,1655078340,2022-06-12 23:59,0.000000,175,1.0000,0
D,1655078400,2022-06-13 00:00,0.000000,178,1.0000,0
D,1655078460,2022-06-13 00:01,0.000000,180,1.0000,0
D,1655078520,2022-06-13 00:02,0.000000,180,1.0000,0
D,1655078580,2022-06-13 00:03,0.000000,180,1.0000,0
D,1655078640,2022-06-13 00:04,0.000000,180,0.9889,0
D,1655078700,2022-06-13 00:05,0.000000,180,0.9833,0
D,1655078760,2022-06-13 00:06,0.000000,180,0.9667,0
D,1655078820,2022-06-13 00:07,0.000000,180,0.9500,0
D,1655078880,2022-06-13 00:08,0.000000,180,1.0000,0
D,1655078940,2022-06-13 00:09,0.000000,180,1.0000,0
D,1655079000,2022-06-13 00:10,0.000000,180,1.0000,0
D,1655079060,2022-06-13 00:11,0.000000,180,1.0000,0
D,1655079120,2022-06-13 00:12,0.000000,180,1.0000,0
D,1655079180,2022-06-13 00:13,0.000000,180,1.0000,0
D,1655079240,2022-06-13 00:14,0.000000,180,1.0000,0
D,1655079300,2022-06-13 00:15,0.000000,180,1.0000,0
D,1655079360,2022-06-13 00:16,0.000000,180,1.0000,0
D,1655079420,2022-06-13 00:17,0.000000,180,1.0000,0
D,1655079480,2022-06-13 00:18,0.000000,180,1.0000,0
D,1655079540,2022-06-13 00:19,0.000000,180,1.0000,0
D,1655079600,2022-06-13 00:20,0.000000,179,1.0000,0
D,1655079660,2022-06-13 00:21,0.000000,179,1.0000,0
D,1655079720,2022-06-13 00:22,0.000000,179,1.0000,0
D,1655079780,2022-06-13 00:23,0.000000,179,1.0000,0
D,1655079840,2022-06-13 00:24,0.000000,179,1.0000,0
D,1655079900,2022-06-13 00:25,0.000000,179,1.0000,0
D,1655079960,2022-06-13 00:26,0.000000,179,1.0000,0
D,1655080020,2022-06-13 00:27,0.000000,179,1.0000,0
D,1655080080,2022-06-13 00:28,0.000000,179,1.0000,0
D,1655080140,2022-06-13 00:29,0.000000,179,1.0000,0
D,1655080200,2022-06-13 00:30,0.000000,179,1.0000,0
D,1655080260,2022-06-13 00:31,0.000000,179,1.0000,0
D,1655080320,2022-06-13 00:32,0.000000,179,1.0000,0
D,1655080380,2022-06-13 00:33,0.000000,179,1.0000,0
D,1655080440,2022-06-13 00:34,0.000000,179,1.0000,0
D,1655080500,2022-06-13 00:35,0.000000,179,1.0000,0
D,1655080560,2022-06-13 00:36,0.000000,179,1.0000,0
D,1655080620,2022-06-13 00:37,0.000000,179,1.0000,0
D,1655080680,2022-06-13 00:38,0.000000,179,1.0000,0
D,1655080740,2022-06-13 00:39,0.000000,179,1.0000,0
D,1655080800,2022-06-13 00:40,0.000000,179,1.0000,0
D,1655080860,2022-06-13 00:41,0.000000,179,1.0000,0
D,1655080920,2022-06-13 00:42,0.000000,179,1.0000,0
D,1655080980,2022-06-13 00:43,0.000000,179,1.0000,0
D,1655081040,2022-06-13 00:44,0.000000,179,1.0000,0
D,1655081100,2022-06-13 00:45,0.000000,179,1.0000,0
D,1655081160,2022-06-13 00:46,0.000000,179,1.0000,0
D,1655081220,2022-06-13 00:47,0.000000,179,1.0000,0
D,1655081280,2022-06-13 00:48,0.000000,179,1.0000,0
D,1655081340,2022-06-13 00:49,0.000000,179,1.0000,0
D,1655081400,2022-06-13 00:50,0.000000,179,1.0000,0
D,1655081460,2022-06-13 00:51,0.000000,179,1.0000,0
D,1655081520,2022-06-13 00:52,0.000000,179,1.0000,0
D,1655081580,2022-06-13 00:53,0.000000,179,1.0000,0
D,1655081640,2022-06-13 00:54,0.000000,179,1.0000,0
D,1655081700,2022-06-13 00:55,0.000000,179,1.0000,0
D,1655081760,2022-06-13 00:56,0.000000,179,1.0000,0
D,1655081820,2022-06-13 00:57,0.000000,179,1.0000,0
D,1655081880,2022-06-13 00:58,0.000000,179,1.0000,0
D,1655081940,2022-06-13 00:59,0.000000,179,1.0000,0
D,1655082000,2022-06-13 01:00,0.000000,179,1.0000,0
D,1655082060,2022-06-13 01:01,0.000000,179,1.0000,0
D,1655082120,2022-06-13 01:02,0.000000,179,0.9944,0
D,1655082180,2022-06-13 01:03,0.000000,179,0.9888,0
D,1655082240,2022-06-13 01:04,0.000000,179,0.9777,0
D,1655082300,2022-06-13 01:05,0.000000,179,0.9609,0
D,1655082360,2022-06-13 01:06,0.000000,179,0.9441,0
D,1655082420,2022-06-13 01:07,0.000000,179,1.0000,0
D,1655082480,2022-06-13 01:08,0.000000,179,1.0000,0
D,1655082540,2022-06-13 01:09,0.000000,179,1.0000,0
D,1655082600,2022-06-13 01:10,0.000000,179,1.0000,0
D,1655082660,2022-06-13 01:11,0.000000,179,1.0000,0
D,1655082720,2022-06-13 01:12,0.000000,179,1.0000,0
D,1655082780,2022-06-13 01:13,0.000000,179,1.0000,0
D,1655082840,2022-06-13 01:14,0.000000,179,1.0000,0
D,1655082900,2022-06-13 01:15,0.000000,179,1.0000,0
D,1655082960,2022-06-13 01:16,0.000000,179,1.0000,0
D,1655083020,2022-06-13 01:17,0.000000,179,1.0000,0
D,1655083080,2022-06-13 01:18,0.000000,179,1.0000,0
D,1655083140,2022-06-13 01:19,0.000000,179,1.0000,0
D,1655083200,2022-06-13 01:20,0.000000,180,1.0000,0
D,1655083260,2022-06-13 01:21,0.000000,180,1.0000,0
D,1655083320,2022-06-13 01:22,0.000000,180,1.0000,0
D,1655083380,2022-06-13 01:23,0.000000,180,1.0000,0
D,1655083440,2022-06-13 01:24,0.000000,180,1.0000,0
D,1655083500,2022-06-13 01:25,0.000000,180,1.0000,0
D,1655083560,2022-06-13 01:26,0.000000,180,1.0000,0
D,1655083620,2022-06-13 01:27,0.000000,180,1.0000,0
D,1655083680,2022-06-13 01:28,0.000000,180,1.0000,0
D,1655083740,2022-06-13 01:29,0.000000,180,1.0000,0
D,1655083800,2022-06-13 01:30,0.000000,180,1.0000,0
D,1655083860,2022-06-13 01:31,0.000000,180,1.0000,0
D,1655083920,2022-06-13 01:32,0.000000,180,1.0000,0
D,1655083980,2022-06-13 01:33,0.000000,179,1.0000,0
D,1655084040,2022-06-13 01:34,0.000000,179,1.0000,0
D,1655084100,2022-06-13 01:35,0.000000,179,1.0000,0
D,1655084160,2022-06-13 01:36,0.000000,179,1.0000,0
D,1655084220,2022-06-13 01:37,0.000000,179,1.0000,0
D,1655084280,2022-06-13 01:38,0.000000,179,1.0000,0
D,1655084340,2022-06-13 01:39,0.000000,179,1.0000,0
D,1655084400,2022-06-13 01:40,0.000000,179,1.0000,0
D,1655084460,2022-06-13 01:41,0.000000,179,1.0000,0
D,1655084520,2022-06-13 01:42,0.000000,180,1.0000,0
D,1655084580,2022-06-13 01:43,0.000000,180,1.0000,0
D,1655084640,2022-06-13 01:44,0.000000,180,1.0000,0
D,1655084700,2022-06-13 01:45,0.000000,180,1.0000,0
D,1655084760,2022-06-13 01:46,0.000000,180,1.0000,0
D,1655084820,2022-06-13 01:47,0.000000,180,1.0000,0
D,1655084880,2022-06-13 01:48,0.000000,179,1.0000,0
D,1655084940,2022-06-13 01:49,0.000000,179,1.0000,0
D,1655085000,2022-06-13 01:50,0.000000,179,1.0000,0
D,1655085060,2022-06-13 01:51,0.000000,179,1.0000,0
D,1655085120,2022-06-13 01:52,0.000000,179,1.0000,0
D,1655085180,2022-06-13 01:53,0.000000,179,1.0000,0
D,1655085240,2022-06-13 01:54,0.000000,179,1.0000,0
D,1655085300,2022-06-13 01:55,0.000000,179,1.0000,0
D,1655085360,2022-06-13 01:56,0.000000,179,1.0000,0
D,1655085420,2022-06-13 01:57,0.000000,179,1.0000,0
D,1655085480,2022-06-13 01:58,0.000000,179,1.0000,0
D,1655085540,2022-06-13 01:59,0.000000,179,1.0000,0
D,1655085600,2022-06-13 02:00,0.000000,179,1.0000,0
D,1655085660,2022-06-13 02:01,0.000000,179,1.0000,0
D,1655085720,2022-06-13 02:02,0.000000,179,1.0000,0
D,1655085780,2022-06-13 02:03,0.000000,179,1.0000,0
D,1655085840,2022-06-13 02:04,0.000000,179,1.0000,0
D,1655085900,2022-06-13 02:05,0.000000,179,1.0000,0
D,1655085960,2022-06-13 02:06,0.000000,179,1.0000,0
D,1655086020,2022-06-13 02:07,0.000000,179,1.0000,0
D,1655086080,2022-06-13 02:08,0.000000,179,1.0000,0
D,1655086140,2022-06-13 02:09,0.000000,179,1.0000,0
D,1655086200,2022-06-13 02:10,0.000000,179,1.0000,0
D,1655086260,2022-06-13 02:11,0.000000,179,1.0000,0
D,1655086320,2022-06-13 02:12,0.000000,179,1.0000,0
D,1655086380,2022-06-13 02:13,0.000000,179,1.0000,0
D,1655086440,2022-06-13 02:14,0.000000,179,1.0000,0
D,1655086500,2022-06-13 02:15,0.000000,179,0.9888,0
D,1655086560,2022-06-13 02:16,0.000000,179,0.9832,0
D,1655086620,2022-06-13 02:17,0.000000,179,0.9665,0
D,1655086680,2022-06-13 02:18,0.000000,179,0.9609,0
D,1655086740,2022-06-13 02:19,0.000000,179,0.9609,0
D,1655086800,2022-06-13 02:20,0.000000,179,0.9553,0
D,1655086860,2022-06-13 02:21,0.000000,179,1.0000,0
D,1655086920,2022-06-13 02:22,0.000000,179,1.0000,0
D,1655086980,2022-06-13 02:23,0.000000,179,1.0000,0
D,1655087040,2022-06-13 02:24,0.000000,179,1.0000,0
D,1655087100,2022-06-13 02:25,0.000000,179,1.0000,0
D,1655087160,2022-06-13 02:26,0.000000,179,1.0000,0
D,1655087220,2022-06-13 02:27,0.000000,179,1.0000,0
D,1655087280,2022-06-13 02:28,0.000000,179,1.0000,0
D,1655087340,2022-06-13 02:29,0.000000,179,1.0000,0
D,1655087400,2022-06-13 02:30,0.000000,179,1.0000,0
D,1655087460,2022-06-13 02:31,0.000000,179,1.0000,0
D,1655087520,2022-06-13 02:32,0.000000,179,1.0000,0
D,1655087580,2022-06-13 02:33,0.000000,180,1.0000,0
D,1655087640,2022-06-13 02:34,0.000000,180,1.0000,0
D,1655087700,2022-06-13 02:35,0.000000,180,1.0000,0
D,1655087760,2022-06-13 02:36,0.000000,180,1.0000,0
D,1655087820,2022-06-13 02:37,0.000000,180,1.0000,0
D,1655087880,2022-06-13 02:38,0.000000,180,1.0000,0
D,1655087940,2022-06-13 02:39,0.000000,180,1.0000,0
D,1655088000,2022-06-13 02:40,0.000000,180,1.0000,0
D,1655088060,2022-06-13 02:41,0.000000,180,1.0000,0
D,1655088120,2022-06-13 02:42,0.000000,179,1.0000,0
D,1655088180,2022-06-13 02:43,0.000000,179,1.0000,0
D,1655088240,2022-06-13 02:44,0.000000,179,1.0000,0
D,1655088300,2022-06-13 02:45,0.000000,179,1.0000,0
D,1655088360,2022-06-13 02:46,0.000000,179,1.0000,0
D,1655088420,2022-06-13 02:47,0.000000,179,1.0000,0
D,1655088480,2022-06-13 02:48,0.000000,180,1.0000,0
D,1655088540,2022-06-13 02:49,0.000000,180,1.0000,0
D,1655088600,2022-06-13 02:50,0.000000,180,1.0000,0
D,1655088660,2022-06-13 02:51,0.000000,180,1.0000,0
D,1655088720,2022-06-13 02:52,0.000000,180,1.0000,0
D,1655088780,2022-06-13 02:53,0.000000,180,1.0000,0
D,1655088840,2022-06-13 02:54,0.000000,180,1.0000,0
D,1655088900,2022-06-13 02:55,0.000000,180,1.0000,0
D,1655088960,2022-06-13 02:56,0.000000,180,1.0000,0
D,1655089020,2022-06-13 02:57,0.000000,180,1.0000,0
D,1655089080,2022-06-13 02:58,0.000000,180,1.0000,0
D,1655089140,2022-06-13 02:59,0.000000,180,1.0000,0
D,1655089200,2022-06-13 03:00,0.000000,180,1.0000,0
D,1655089260,2022-06-13 03:01,0.000000,180,1.0000,0
D,1655089320,2022-06-13 03:02,0.000000,180,1.0000,0
D,1655089380,2022-06-13 03:03,0.000000,180,1.0000,0
D,1655089440,2022-06-13 03:04,0.000000,180,1.0000,0
D,1655089500,2022-06-13 03:05,0.000000,180,1.0000,0
D,1655089560,2022-06-13 03:06,0.000000,180,1.0000,0
D,1655089620,2022-06-13 03:07,0.000000,180,1.0000,0
D,1655089680,2022-06-13 03:08,0.000000,180,1.0000,0
D,1655089740,2022-06-13 03:09,0.000000,180,1.0000,0
D,1655089800,2022-06-13 03:10,0.000000,180,1.0000,0
D,1655089860,2022-06-13 03:11,0.000000,180,1.0000,0
D,1655089920,2022-06-13 03:12,0.000000,179,1.0000,0
D,1655089980,2022-06-13 03:13,0.000000,178,1.0000,0
D,1655090040,2022-06-13 03:14,0.000000,179,1.0000,0
D,1655090100,2022-06-13 03:15,0.000000,179,1.0000,0
D,1655090160,2022-06-13 03:16,0.000000,179,1.0000,0
D,1655090220,2022-06-13 03:17,0.000000,179,1.0000,0
D,1655090280,2022-06-13 03:18,0.000000,179,1.0000,0
D,1655090340,2022-06-13 03:19,0.000000,179,1.0000,0
D,1655090400,2022-06-13 03:20,0.000000,179,1.0000,0
D,1655090460,2022-06-13 03:21,0.000000,179,1.0000,0
D,1655090520,2022-06-13 03:22,0.000000,179,1.0000,0
D,1655090580,2022-06-13 03:23,0.000000,179,1.0000,0
D,1655090640,2022-06-13 03:24,0.000000,179,1.0000,0
D,1655090700,2022-06-13 03:25,0.000000,179,1.0000,0
D,1655090760,2022-06-13 03:26,0.000000,179,1.0000,0
D,1655090820,2022-06-13 03:27,0.000000,179,1.0000,0
D,1655090880,2022-06-13 03:28,0.000000,179,1.0000,0
D,1655090940,2022-06-13 03:29,0.000000,179,0.9944,0
D,1655091000,2022-06-13 03:30,0.000000,179,0.9944,0
D,1655091060,2022-06-13 03:31,0.000000,179,0.9832,0
D,1655091120,2022-06-13 03:32,0.000000,179,0.9832,0
D,1655091180,2022-06-13 03:33,0.000000,179,0.9721,0
D,1655091240,2022-06-13 03:34,0.000000,179,0.9609,0
D,1655091300,2022-06-13 03:35,0.000000,179,0.9441,0
D,1655091360,2022-06-13 03:36,0.000000,179,1.0000,0
D,1655091420,2022-06-13 03:37,0.000000,179,1.0000,0
D,1655091480,2022-06-13 03:38,0.000000,179,1.0000,0
D,1655091540,2022-06-13 03:39,0.000000,179,1.0000,0
D,1655091600,2022-06-13 03:40,0.000000,179,1.0000,0
D,1655091660,2022-06-13 03:41,0.000000,179,1.0000,0
D,1655091720,2022-06-13 03:42,0.000000,179,1.0000,0
D,1655091780,2022-06-13 03:43,0.000000,179,1.0000,0
D,1655091840,2022-06-13 03:44,0.000000,179,1.0000,0
D,1655091900,2022-06-13 03:45,0.000000,178,1.0000,0
D,1655091960,2022-06-13 03:46,0.000000,178,1.0000,0
D,1655092020,2022-06-13 03:47,0.000000,178,1.0000,0
D,1655092080,2022-06-13 03:48,0.000000,178,1.0000,0
D,1655092140,2022-06-13 03:49,0.000000,178,1.0000,0
D,1655092200,2022-06-13 03:50,0.000000,178,1.0000,0
D,1655092260,2022-06-13 03:51,0.000000,178,1.0000,0
D,1655092320,2022-06-13 03:52,0.000000,178,1.0000,0
D,1655092380,2022-06-13 03:53,0.000000,178,1.0000,0
D,1655092440,2022-06-13 03:54,0.000000,178,1.0000,0
D,1655092500,2022-06-13 03:55,0.000000,178,1.0000,0
D,1655092560,2022-06-13 03:56,0.000000,178,1.0000,0
D,1655092620,2022-06-13 03:57,0.000000,178,1.0000,0
D,1655092680,2022-06-13 03:58,0.000000,178,1.0000,0
D,1655092740,2022-06-13 03:59,0.000000,178,1.0000,0
D,1655092800,2022-06-13 04:00,0.000000,178,1.0000,0
D,1655092860,2022-06-13 04:01,0.000000,178,1.0000,0
D,1655092920,2022-06-13 04:02,0.000000,178,1.0000,0
D,1655092980,2022-06-13 04:03,0.000000,178,1.0000,0
D,1655093040,2022-06-13 04:04,0.000000,178,1.0000,0
D,1655093100,2022-06-13 04:05,0.000000,178,1.0000,0
D,1655093160,2022-06-13 04:06,0.000000,178,1.0000,0
D,1655093220,2022-06-13 04:07,0.000000,178,1.0000,0
D,1655093280,2022-06-13 04:08,0.000000,178,1.0000,0
D,1655093340,2022-06-13 04:09,0.000000,178,1.0000,0
D,1655093400,2022-06-13 04:10,0.000000,178,1.0000,0
D,1655093460,2022-06-13 04:11,0.000000,178,1.0000,0
D,1655093520,2022-06-13 04:12,0.000000,179,1.0000,0
D,1655093580,2022-06-13 04:13,0.000000,180,1.0000,0
D,1655093640,2022-06-13 04:14,0.000000,179,1.0000,0
D,1655093700,2022-06-13 04:15,0.000000,179,1.0000,0
D,1655093760,2022-06-13 04:16,0.000000,179,1.0000,0
D,1655093820,2022-06-13 04:17,0.000000,179,1.0000,0
D,1655093880,2022-06-13 04:18,0.000000,179,1.0000,0
D,1655093940,2022-06-13 04:19,0.000000,179,1.0000,0
D,1655094000,2022-06-13 04:20,0.000000,179,1.0000,0
D,1655094060,2022-06-13 04:21,0.000000,179,1.0000,0
D,1655094120,2022-06-13 04:22,0.000000,179,1.0000,0
D,1655094180,2022-06-13 04:23,0.000000,179,1.0000,0
D,1655094240,2022-06-13 04:24,0.000000,179,1.0000,0
D,1655094300,2022-06-13 04:25,0.000000,179,1.0000,0
D,1655094360,2022-06-13 04:26,0.000000,179,1.0000,0
D,1655094420,2022-06-13 04:27,0.000000,179,1.0000,0
D,1655094480,2022-06-13 04:28,0.000000,179,1.0000,0
D,1655094540,2022-06-13 04:29,0.000000,179,1.0000,0
D,1655094600,2022-06-13 04:30,0.000000,179,1.0000,0
D,1655094660,2022-06-13 04:31,0.000000,179,1.0000,0
D,1655094720,2022-06-13 04:32,0.000000,179,1.0000,0
D,1655094780,2022-06-13 04:33,0.000000,179,1.0000,0
D,1655094840,2022-06-13 04:34,0.000000,179,1.0000,0
D,1655094900,2022-06-13 04:35,0.000000,179,1.0000,0
D,1655094960,2022-06-13 04:36,0.000000,179,1.0000,0
D,1655095020,2022-06-13 04:37,0.000000,179,1.0000,0
D,1655095080,2022-06-13 04:38,0.000000,179,1.0000,0
D,1655095140,2022-06-13 04:39,0.000000,179,1.0000,0
D,1655095200,2022-06-13 04:40,0.000000,178,1.0000,0
D,1655095260,2022-06-13 04:41,0.000000,178,1.0000,0
D,1655095320,2022-06-13 04:42,0.000000,178,1.0000,0
D,1655095380,2022-06-13 04:43,0.000000,178,1.0000,0
D,1655095440,2022-06-13 04:44,0.000000,178,1.0000,0
D,1655095500,2022-06-13 04:45,0.000000,179,1.0000,0
D,1655095560,2022-06-13 04:46,0.000000,179,1.0000,0
D,1655095620,2022-06-13 04:47,0.000000,179,1.0000,0
D,1655095680,2022-06-13 04:48,0.000000,179,1.0000,0
D,1655095740,2022-06-13 04:49,0.000000,179,1.0000,0
D,1655095800,2022-06-13 04:50,0.000000,179,0.9888,0
D,1655095860,2022-06-13 04:51,0.000000,179,0.9777,0
D,1655095920,2022-06-13 04:52,0.000000,179,0.9665,0
D,1655095980,2022-06-13 04:53,0.000000,179,0.9497,0
D,1655096040,2022-06-13 04:54,0.000000,179,1.0000,0
D,1655096100,2022-06-13 04:55,0.000000,179,1.0000,0
D,1655096160,2022-06-13 04:56,0.000000,179,1.0000,0
D,1655096220,2022-06-13 04:57,0.000000,179,1.0000,0
D,1655096280,2022-06-13 04:58,0.000000,179,1.0000,0
D,1655096340,2022-06-13 04:59,0.000000,179,1.0000,0
D,1655096400,2022-06-13 05:00,0.000000,179,1.0000,0
D,1655096460,2022-06-13 05:01,0.000000,179,1.0000,0
E,1655074860,2022-06-12 23:01,1.000000,2,0.0000,0
E,1655074920,2022-06-12 23:02,1.000000,5,0.0000,0
E,1655074980,2022-06-12 23:03,1.000000,8,0.0000,0
E,1655075040,2022-06-12 23:04,0.000000,11,1.0000,0
E,1655075100,2022-06-12 23:05,0.000000,14,1.0000,0
E,1655075160,2022-06-12 23:06,0.000000,18,1.0000,0
E,1655075220,2022-06-12 23:07,0.000000,21,1.0000,0
E,1655075280,2022-06-12 23:08,0.000000,24,1.0000,0
E,1655075340,2022-06-12 23:09,0.000000,28,1.0000,0
E,1655075400,2022-06-12 23:10,0.000000,31,1.0000,0
E,1655075460,2022-06-12 23:11,0.000000,34,1.0000,0
E,1655075520,2022-06-12 23:12,0.000000,37,1.0000,0
E,1655075580,2022-06-12 23:13,0.000000,40,1.0000,0
E,1655075640,2022-06-12 23:14,0.000000,43,1.0000,0
E,1655075700,2022-06-12 23:15,0.000000,46,1.0000,0
E,1655075760,2022-06-12 23:16,0.000000,49,1.0000,0
E,1655075820,2022-06-12 23:17,0.000000,52,1.0000,0
E,1655075880,2022-06-12 23:18,0.000000,55,1.0000,0
E,1655075940,2022-06-12 23:19,0.000000,58,1.0000,0
E,1655076000,2022-06-12 23:20,0.000000,61,1.0000,0
E,1655076060,2022-06-12 23:21,0.000000,64,1.0000,0
E,1655076120,2022-06-12 23:22,0.000000,67,1.0000,0
E,1655076180,2022-06-12 23:23,0.000000,70,1.0000,0
E,1655076240,2022-06-12 23:24,0.000000,73,1.0000,0
E,1655076300,2022-06-12 23:25,0.000000,76,1.0000,0
E,1655076360,2022-06-12 23:26,0.000000,79,1.0000,0
E,1655076420,2022-06-12 23:27,0.000000,82,1.0000,0
E,1655076480,2022-06-12 23:28,0.000000,85,1.0000,0
E,1655076540,2022-06-12 23:29,0.000000,88,0.9659,0
E,1655076600,2022-06-12 23:30,0.000000,91,0.9341,0
E,1655076660,2022-06-12 23:31,0.000000,94,0.9043,0
E,1655076720,2022-06-12 23:32,0.000000,97,1.0000,0
E,1655076780,2022-06-12 23:33,0.000000,100,1.0000,0
E,1655076840,2022-06-12 23:34,0.000000,103,1.0000,0
E,1655076900,2022-06-12 23:35,0.000000,106,1.0000,0
E,1655076960,2022-06-12 23:36,0.000000,109,1.0000,0
E,1655077020,2022-06-12 23:37,0.000000,112,1.0000,0
E,1655077080,2022-06-12 23:38,0.000000,115,1.0000,0
E,1655077140,2022-06-12 23:39,0.000000,118,1.0000,0
E,1655077200,2022-06-12 23:40,0.000000,121,1.0000,0
E,1655077260,2022-06-12 23:41,0.000000,124,1.0000,0
E,1655077320,2022-06-12 23:42,0.000000,127,1.0000,0
E,1655077380,2022-06-12 23:43,0.000000,130,1.0000,0
E,1655077440,2022-06-12 23:44,0.000000,133,1.0000,0
E,1655077500,2022-06-12 23:45,0.000000,136,1.0000,0
E,1655077560,2022-06-12 23:46,0.000000,139,1.0000,0
E,1655077620,2022-06-12 23:47,0.000000,142,1.0000,0
E,1655077680,2022-06-12 23:48,0.000000,145,1.0000,0
E,1655077740,2022-06-12 23:49,0.000000,148,1.0000,0
E,1655077800,2022-06-12 23:50,0.000000,151,1.0000,0
E,1655077860,2022-06-12 23:51,0.000000,154,0.9870,0
E,1655077920,2022-06-12 23:52,0.000000,157,0.9682,0
E,1655077980,2022-06-12 23:53,0.000000,160,0.9500,0
E,1655078040,2022-06-12 23:54,0.000000,163,1.0000,0
E,1655078100,2022-06-12 23:55,0.000000,166,1.0000,0
E,1655078160,2022-06-12 23:56,0.000000,169,1.0000,0
E,1655078220,2022-06-12 23:57,0.000000,172,1.0000,0
E,1655078280,2022-06-12 23:58,0.000000,175,1.0000,0
E,1655078340,2022-06-12 23:59,0.000000,178,0.9888,0
E,1655078400,2022-06-13 00:00,0.000000,181,0.9724,0
E,1655078460,2022-06-13 00:01,0.000000,182,0.9560,0
E,1655078520,2022-06-13 00:02,0.000000,182,1.0000,0
E,1655078580,2022-06-13 00:03,0.000000,182,1.0000,0
E,1655078640,2022-06-13 00:04,0.000000,182,1.0000,0
E,1655078700,2022-06-13 00:05,0.000000,182,1.0000,0
E,1655078760,2022-06-13 00:06,0.000000,181,1.0000,0
E,1655078820,2022-06-13 00:07,0.000000,181,1.0000,0
E,1655078880,2022-06-13 00:08,0.000000,181,1.0000,0
E,1655078940,2022-06-13 00:09,0.000000,180,0.9889,0
E,1655079000,2022-06-13 00:10,0.000000,180,0.9722,0
E,1655079060,2022-06-13 00:11,0.000000,180,0.9556,0
E,1655079120,2022-06-13 00:12,0.000000,180,1.0000,0
E,1655079180,2022-06-13 00:13,0.000000,180,1.0000,0
E,1655079240,2022-06-13 00:14,0.000000,180,1.0000,0
E,1655079300,2022-06-13 00:15,0.000000,180,1.0000,0
E,1655079360,2022-06-13 00:16,0.000000,180,1.0000,0
E,1655079420,2022-06-13 00:17,0.000000,180,1.0000,0
E,1655079480,2022-06-13 00:18,0.000000,180,1.0000,0
E,1655079540,2022-06-13 00:19,0.000000,180,1.0000,0
E,1655079600,2022-06-13 00:20,0.000000,180,1.0000,0
E,1655079660,2022-06-13 00:21,0.000000,180,1.0000,0
E,1655079720,2022-06-13 00:22,0.000000,180,1.0000,0
E,1655079780,2022-06-13 00:23,0.000000,180,1.0000,0
E,1655079840,2022-06-13 00:24,0.000000,180,1.0000,0
E,1655079900,2022-06-13 00:25,0.000000,180,1.0000,0
E,1655079960,2022-06-13 00:26,0.000000,180,1.0000,0
E,1655080020,2022-06-13 00:27,0.000000,180,1.0000,0
E,1655080080,2022-06-13 00:28,0.000000,180,1.0000,0
E,1655080140,2022-06-13 00:29,0.000000,180,1.0000,0
E,1655080200,2022-06-13 00:30,0.000000,180,1.0000,0
E,1655080260,2022-06-13 00:31,0.000000,180,1.0000,0
E,1655080320,2022-06-13 00:32,0.000000,181,1.0000,0
E,1655080380,2022-06-13 00:33,0.000000,181,1.0000,0
E,1655080440,2022-06-13 00:34,0.000000,181,1.0000,0
E,1655080500,2022-06-13 00:35,0.000000,180,1.0000,0
E,1655080560,2022-06-13 00:36,0.000000,180,0.9944,0
E,1655080620,2022-06-13 00:37,0.000000,180,0.9889,0
E,1655080680,2022-06-13 00:38,0.000000,180,0.9833,0
E,1655080740,2022-06-13 00:39,0.000000,180,0.9722,0
E,1655080800,2022-06-13 00:40,0.000000,180,0.9611,0
E,1655080860,2022-06-13 00:41,0.000000,180,0.9444,0
E,1655080920,2022-06-13 00:42,0.000000,180,1.0000,0
E,1655080980,2022-06-13 00:43,0.000000,180,1.0000,0
E,1655081040,2022-06-13 00:44,0.000000,180,1.0000,0
E,1655081100,2022-06-13 00:45,0.000000,180,1.0000,0
E,1655081160,2022-06-13 00:46,0.000000,180,1.0000,0
E,1655081220,2022-06-13 00:47,0.000000,180,0.9611,0
E,1655081280,2022-06-13 00:48,0.000000,180,0.9778,0
E,1655081340,2022-06-13 00:49,0.000000,180,0.9944,0
E,1655081400,2022-06-13 00:50,0.000000,180,1.0000,0
E,1655081460,2022-06-13 00:51,0.000000,180,1.0000,0
E,1655081520,2022-06-13 00:52,0.000000,180,1.0000,0
E,1655081580,2022-06-13 00:53,0.000000,180,1.0000,0
E,1655081640,2022-06-13 00:54,0.000000,180,1.0000,0
E,1655081700,2022-06-13 00:55,0.000000,180,0.9500,0
E,1655081760,2022-06-13 00:56,0.000000,180,0.9500,0
E,1655081820,2022-06-13 00:57,0.000000,180,0.9500,0
E,1655081880,2022-06-13 00:58,0.000000,180,0.9444,0
E,1655081940,2022-06-13 00:59,0.000000,180,1.0000,0
E,1655082000,2022-06-13 01:00,0.000000,180,1.0000,0
E,1655082060,2022-06-13 01:01,0.000000,180,1.0000,0
E,1655082120,2022-06-13 01:02,0.000000,180,1.0000,0
E,1655082180,2022-06-13 01:03,0.000000,180,1.0000,0
E,1655082240,2022-06-13 01:04,0.000000,180,1.0000,0
E,1655082300,2022-06-13 01:05,0.000000,180,1.0000,0
E,1655082360,2022-06-13 01:06,0.000000,180,1.0000,0
E,1655082420,2022-06-13 01:07,0.000000,180,1.0000,0
E,1655082480,2022-06-13 01:08,0.000000,180,1.0000,0
E,1655082540,2022-06-13 01:09,0.000000,180,1.0000,0
E,1655082600,2022-06-13 01:10,0.000000,180,1.0000,0
E,1655082660,2022-06-13 01:11,0.000000,180,1.0000,0
E,1655082720,2022-06-13 01:12,0.000000,180,1.0000,0
E,1655082780,2022-06-13 01:13,0.000000,180,0.9944,0
E,1655082840,2022-06-13 01:14,0.000000,180,0.9833,0
E,1655082900,2022-06-13 01:15,0.000000,180,0.9667,0
E,1655082960,2022-06-13 01:16,0.000000,180,0.9500,0
E,1655083020,2022-06-13 01:17,0.000000,180,1.0000,0
E,1655083080,2022-06-13 01:18,0.000000,180,1.0000,0
E,1655083140,2022-06-13 01:19,0.000000,180,1.0000,0
E,1655083200,2022-06-13 01:20,0.000000,180,1.0000,0
E,1655083260,2022-06-13 01:21,0.000000,180,1.0000,0
E,1655083320,2022-06-13 01:22,0.000000,180,1.0000,0
E,1655083380,2022-06-13 01:23,0.000000,180,1.0000,0
E,1655083440,2022-06-13 01:24,0.000000,180,1.0000,0
E,1655083500,2022-06-13 01:25,0.000000,180,1.0000,0
E,1655083560,2022-06-13 01:26,0.000000,180,1.0000,0
E,1655083620,2022-06-13 01:27,0.000000,180,1.0000,0
E,1655083680,2022-06-13 01:28,0.000000,180,1.0000,0
E,1655083740,2022-06-13 01:29,0.000000,180,1.0000,0
E,1655083800,2022-06-13 01:30,0.000000,180,1.0000,0
E,1655083860,2022-06-13 01:31,0.000000,180,1.0000,0
E,1655083920,2022-06-13 01:32,0.000000,179,1.0000,0
E,1655083980,2022-06-13 01:33,0.000000,179,1.0000,0
E,1655084040,2022-06-13 01:34,0.000000,179,1.0000,0
E,1655084100,2022-06-13 01:35,0.000000,180,1.0000,0
E,1655084160,2022-06-13 01:36,0.000000,180,1.0000,0
E,1655084220,2022-06-13 01:37,0.000000,180,1.0000,0
E,1655084280,2022-06-13 01:38,0.000000,180,1.0000,0
E,1655084340,2022-06-13 01:39,0.000000,180,1.0000,0
E,1655084400,2022-06-13 01:40,0.000000,180,1.0000,0
E,1655084460,2022-06-13 01:41,0.000000,180,1.0000,0
E,1655084520,2022-06-13 01:42,0.000000,180,1.0000,0
E,1655084580,2022-06-13 01:43,0.000000,180,1.0000,0
E,1655084640,2022-06-13 01:44,0.000000,180,1.0000,0
E,1655084700,2022-06-13 01:45,0.000000,180,1.0000,0
E,1655084760,2022-06-13 01:46,0.000000,180,1.0000,0
E,1655084820,2022-06-13 01:47,0.000000,180,1.0000,0
E,1655084880,2022-06-13 01:48,0.000000,180,1.0000,0
E,1655084940,2022-06-13 01:49,0.000000,180,1.0000,0
E,1655085000,2022-06-13 01:50,0.000000,180,1.0000,0
E,1655085060,2022-06-13 01:51,0.000000,180,1.0000,0
E,1655085120,2022-06-13 01:52,0.000000,180,1.0000,0
E,1655085180,2022-06-13 01:53,0.000000,180,1.0000,0
E,1655085240,2022-06-13 01:54,0.000000,180,1.0000,0
E,1655085300,2022-06-13 01:55,0.000000,180,1.0000,0
E,1655085360,2022-06-13 01:56,0.000000,180,1.0000,0
E,1655085420,2022-06-13 01:57,0.000000,180,1.0000,0
E,1655085480,2022-06-13 01:58,0.000000,180,1.0000,0
E,1655085540,2022-06-13 01:59,0.000000,180,1.0000,0
E,1655085600,2022-06-13 02:00,0.000000,179,1.0000,0
E,1655085660,2022-06-13 02:01,0.000000,179,1.0000,0
E,1655085720,2022-06-13 02:02,0.000000,178,1.0000,0
E,1655085780,2022-06-13 02:03,0.000000,178,1.0000,0
E,1655085840,2022-06-13 02:04,0.000000,179,1.0000,0
E,1655085900,2022-06-13 02:05,0.000000,178,1.0000,0
E,1655085960,2022-06-13 02:06,0.000000,178,1.0000,0
E,1655086020,2022-06-13 02:07,0.000000,178,1.0000,0
E,1655086080,2022-06-13 02:08,0.000000,178,1.0000,0
E,1655086140,2022-06-13 02:09,0.000000,178,1.0000,0
E,1655086200,2022-06-13 02:10,0.000000,178,1.0000,0
E,1655086260,2022-06-13 02:11,0.000000,178,1.0000,0
E,1655086320,2022-06-13 02:12,0.000000,178,0.9888,0
E,1655086380,2022-06-13 02:13,0.000000,178,0.9719,0
E,1655086440,2022-06-13 02:14,0.000000,178,0.9551,0
E,1655086500,2022-06-13 02:15,0.000000,178,1.0000,0
E,1655086560,2022-06-13 02:16,0.000000,178,1.0000,0
E,1655086620,2022-06-13 02:17,0.000000,178,1.0000,0
E,1655086680,2022-06-13 02:18,0.000000,178,1.0000,0
E,1655086740,2022-06-13 02:19,0.000000,178,1.0000,0
E,1655086800,2022-06-13 02:20,0.000000,178,1.0000,0
E,1655086860,2022-06-13 02:21,0.000000,178,1.0000,0
E,1655086920,2022-06-13 02:22,0.000000,178,1.0000,0
E,1655086980,2022-06-13 02:23,0.000000,178,1.0000,0
E,1655087040,2022-06-13 02:24,0.000000,178,0.9944,0
E,1655087100,2022-06-13 02:25,0.000000,178,0.9775,0
E,1655087160,2022-06-13 02:26,0.000000,178,0.9775,0
E,1655087220,2022-06-13 02:27,0.000000,178,0.9775,0
E,1655087280,2022-06-13 02:28,0.000000,178,0.9775,0
E,1655087340,2022-06-13 02:29,0.000000,178,0.9775,0
E,1655087400,2022-06-13 02:30,0.000000,178,0.9607,0
E,1655087460,2022-06-13 02:31,0.000000,178,0.9438,0
E,1655087520,2022-06-13 02:32,0.000000,178,1.0000,0
E,1655087580,2022-06-13 02:33,0.000000,178,1.0000,0
E,1655087640,2022-06-13 02:34,0.000000,178,1.0000,0
E,1655087700,2022-06-13 02:35,0.000000,178,1.0000,0
E,1655087760,2022-06-13 02:36,0.000000,178,1.0000,0
E,1655087820,2022-06-13 02:37,0.000000,178,1.0000,0
E,1655087880,2022-06-13 02:38,0.000000,178,1.0000,0
E,1655087940,2022-06-13 02:39,0.000000,178,1.0000,0
E,1655088000,2022-06-13 02:40,0.000000,178,1.0000,0
E,1655088060,2022-06-13 02:41,0.000000,178,1.0000,0
E,1655088120,2022-06-13 02:42,0.000000,178,1.0000,0
E,1655088180,2022-06-13 02:43,0.000000,178,1.0000,0
E,1655088240,2022-06-13 02:44,0.000000,178,1.0000,0
E,1655088300,2022-06-13 02:45,0.000000,178,1.0000,0
E,1655088360,2022-06-13 02:46,0.000000,178,1.0000,0
E,1655088420,2022-06-13 02:47,0.000000,178,1.0000,0
E,1655088480,2022-06-13 02:48,0.000000,178,1.0000,0
E,1655088540,2022-06-13 02:49,0.000000,178,1.0000,0
E,1655088600,2022-06-13 02:50,0.000000,178,1.0000,0
E,1655088660,2022-06-13 02:51,0.000000,178,1.0000,0
E,1655088720,2022-06-13 02:52,0.000000,178,1.0000,0
E,1655088780,2022-06-13 02:53,0.000000,178,1.0000,0
E,1655088840,2022-06-13 02:54,0.000000,178,1.0000,0
E,1655088900,2022-06-13 02:55,0.000000,178,1.0000,0
E,1655088960,2022-06-13 02:56,0.000000,178,1.0000,0
E,1655089020,2022-06-13 02:57,0.000000,178,1.0000,0
E,1655089080,2022-06-13 02:58,0.000000,178,1.0000,0
E,1655089140,2022-06-13 02:59,0.000000,178,1.0000,0
E,1655089200,2022-06-13 03:00,0.000000,179,1.0000,0
E,1655089260,2022-06-13 03:01,0.000000,179,1.0000,0
E,1655089320,2022-06-13 03:02,0.000000,180,1.0000,0
E,1655089380,2022-06-13 03:03,0.000000,180,1.0000,0
E,1655089440,2022-06-13 03:04,0.000000,179,1.0000,0
E,1655089500,2022-06-13 03:05,0.000000,180,1.0000,0
E,1655089560,2022-06-13 03:06,0.000000,180,1.0000,0
E,1655089620,2022-06-13 03:07,0.000000,180,1.0000,0
E,1655089680,2022-06-13 03:08,0.000000,180,1.0000,0
E,1655089740,2022-06-13 03:09,0.000000,180,1.0000,0
E,1655089800,2022-06-13 03:10,0.000000,180,1.0000,0
E,1655089860,2022-06-13 03:11,0.000000,180,1.0000,0
E,1655089920,2022-06-13 03:12,0.000000,180,1.0000,0
E,1655089980,2022-06-13 03:13,0.000000,180,1.0000,0
E,1655090040,2022-06-13 03:14,0.000000,180,1.0000,0
E,1655090100,2022-06-13 03:15,0.000000,180,1.0000,0
E,1655090160,2022-06-13 03:16,0.000000,180,1.0000,0
E,1655090220,2022-06-13 03:17,0.000000,180,0.9889,0
E,1655090280,2022-06-13 03:18,0.000000,180,0.9778,0
E,1655090340,2022-06-13 03:19,0.000000,180,0.9722,0
E,1655090400,2022-06-13 03:20,0.000000,181,0.9503,0
E,1655090460,2022-06-13 03:21,0.000000,181,1.0000,0
E,1655090520,2022-06-13 03:22,0.000000,181,1.0000,0
E,1655090580,2022-06-13 03:23,0.000000,180,1.0000,0
E,1655090640,2022-06-13 03:24,0.000000,180,1.0000,0
E,1655090700,2022-06-13 03:25,0.000000,180,1.0000,0
E,1655090760,2022-06-13 03:26,0.000000,179,1.0000,0
E,1655090820,2022-06-13 03:27,0.000000,180,1.0000,0
E,1655090880,2022-06-13 03:28,0.000000,179,1.0000,0
E,1655090940,2022-06-13 03:29,0.000000,179,1.0000,0
E,1655091000,2022-06-13 03:30,0.000000,179,1.0000,0
E,1655091060,2022-06-13 03:31,0.000000,180,1.0000,0
E,1655091120,2022-06-13 03:32,0.000000,180,1.0000,0
E,1655091180,2022-06-13 03:33,0.000000,180,1.0000,0
E,1655091240,2022-06-13 03:34,0.000000,180,1.0000,0
E,1655091300,2022-06-13 03:35,0.000000,180,1.0000,0
E,1655091360,2022-06-13 03:36,0.000000,180,1.0000,0
E,1655091420,2022-06-13 03:37,0.000000,180,1.0000,0
E,1655091480,2022-06-13 03:38,0.000000,180,1.0000,0
E,1655091540,2022-06-13 03:39,0.000000,180,1.0000,0
E,1655091600,2022-06-13 03:40,0.000000,180,1.0000,0
E,1655091660,2022-06-13 03:41,0.000000,180,1.0000,0
E,1655091720,2022-06-13 03:42,0.000000,180,1.0000,0
E,1655091780,2022-06-13 03:43,0.000000,180,1.0000,0
E,1655091840,2022-06-13 03:44,0.000000,180,1.0000,0
E,1655091900,2022-06-13 03:45,0.000000,180,1.0000,0
E,1655091960,2022-06-13 03:46,0.000000,180,1.0000,0
E,1655092020,2022-06-13 03:47,0.000000,180,1.0000,0
E,1655092080,2022-06-13 03:48,0.000000,180,1.0000,0
E,1655092140,2022-06-13 03:49,0.000000,180,1.0000,0
E,1655092200,2022-06-13 03:50,0.000000,180,1.0000,0
E,1655092260,2022-06-13 03:51,0.000000,180,1.0000,0
E,1655092320,2022-06-13 03:52,0.000000,180,1.0000,0
E,1655092380,2022-06-13 03:53,0.000000,180,1.0000,0
E,1655092440,2022-06-13 03:54,0.000000,180,1.0000,0
E,1655092500,2022-06-13 03:55,0.000000,180,1.0000,0
E,1655092560,2022-06-13 03:56,0.000000,180,1.0000,0
E,1655092620,2022-06-13 03:57,0.000000,180,1.0000,0
E,1655092680,2022-06-13 03:58,0.000000,180,1.0000,0
E,1655092740,2022-06-13 03:59,0.000000,180,1.0000,0
E,1655092800,2022-06-13 04:00,0.000000,180,1.0000,0
E,1655092860,2022-06-13 04:01,0.000000,180,1.0000,0
E,1655092920,2022-06-13 04:02,0.000000,180,1.0000,0
E,1655092980,2022-06-13 04:03,0.000000,180,1.0000,0
E,1655093040,2022-06-13 04:04,0.000000,180,1.0000,0
E,1655093100,2022-06-13 04:05,0.000000,180,1.0000,0
E,1655093160,2022-06-13 04:06,0.000000,180,1.0000,0
E,1655093220,2022-06-13 04:07,0.000000,180,1.0000,0
E,1655093280,2022-06-13 04:08,0.000000,180,1.0000,0
E,1655093340,2022-06-13 04:09,0.000000,180,1.0000,0
E,1655093400,2022-06-13 04:10,0.000000,180,1.0000,0
E,1655093460,2022-06-13 04:11,0.000000,180,1.0000,0
E,1655093520,2022-06-13 04:12,0.000000,180,1.0000,0
E,1655093580,2022-06-13 04:13,0.000000,180,1.0000,0
E,1655093640,2022-06-13 04:14,0.000000,180,0.9889,0
E,1655093700,2022-06-13 04:15,0.000000,180,0.9722,0
E,1655093760,2022-06-13 04:16,0.000000,180,0.9556,0
E,1655093820,2022-06-13 04:17,0.000000,180,1.0000,0
E,1655093880,2022-06-13 04:18,0.000000,180,1.0000,0
E,1655093940,2022-06-13 04:19,0.000000,180,1.0000,0
E,1655094000,2022-06-13 04:20,0.000000,179,1.0000,0
E,1655094060,2022-06-13 04:21,0.000000,179,1.0000,0
E,1655094120,2022-06-13 04:22,0.000000,179,1.0000,0
E,1655094180,2022-06-13 04:23,0.000000,180,1.0000,0
E,1655094240,2022-06-13 04:24,0.000000,180,1.0000,0
E,1655094300,2022-06-13 04:25,0.000000,180,1.0000,0
E,1655094360,2022-06-13 04:26,0.000000,181,1.0000,0
E,1655094420,2022-06-13 04:27,0.000000,180,1.0000,0
E,1655094480,2022-06-13 04:28,0.000000,181,1.0000,0
E,1655094540,2022-06-13 04:29,0.000000,181,1.0000,0
E,1655094600,2022-06-13 04:30,0.000000,181,1.0000,0
E,1655094660,2022-06-13 04:31,0.000000,180,1.0000,0
E,1655094720,2022-06-13 04:32,0.000000,180,1.0000,0
E,1655094780,2022-06-13 04:33,0.000000,180,1.0000,0
E,1655094840,2022-06-13 04:34,0.000000,180,0.9889,0
E,1655094900,2022-06-13 04:35,0.000000,180,0.9889,0
E,1655094960,2022-06-13 04:36,0.000000,180,0.9889,0
E,1655095020,2022-06-13 04:37,0.000000,180,0.9889,0
E,1655095080,2022-06-13 04:38,0.000000,180,0.9889,0
E,1655095140,2022-06-13 04:39,0.000000,180,0.9889,0
E,1655095200,2022-06-13 04:40,0.000000,180,0.9889,0
E,1655095260,2022-06-13 04:41,0.000000,180,0.9889,0
E,1655095320,2022-06-13 04:42,0.000000,180,0.9889,0
E,1655095380,2022-06-13 04:43,0.000000,180,0.9889,0
E,1655095440,2022-06-13 04:44,0.000000,180,0.9889,0
E,1655095500,2022-06-13 04:45,0.000000,180,0.9889,0
E,1655095560,2022-06-13 04:46,0.000000,180,0.9889,0
E,1655095620,2022-06-13 04:47,0.000000,180,0.9889,0
E,1655095680,2022-06-13 04:48,0.000000,180,0.9889,0
E,1655095740,2022-06-13 04:49,0.000000,180,0.9889,0
E,1655095800,2022-06-13 04:50,0.000000,180,0.9889,0
E,1655095860,2022-06-13 04:51,0.000000,180,0.9889,0
E,1655095920,2022-06-13 04:52,0.000000,180,0.9889,0
E,1655095980,2022-06-13 04:53,0.000000,179,0.9888,0
E,1655096040,2022-06-13 04:54,0.000000,179,0.9888,0
E,1655096100,2022-06-13 04:55,0.000000,178,0.9888,0
E,1655096160,2022-06-13 04:56,0.000000,179,0.9888,0
E,1655096220,2022-06-13 04:57,0.000000,179,0.9888,0
E,1655096280,2022-06-13 04:58,0.000000,180,0.9889,0
E,1655096340,2022-06-13 04:59,0.000000,180,0.9889,0
E,1655096400,2022-06-13 05:00,0.000000,180,0.9889,0
E,1655096460,2022-06-13 05:01,0.000000,180,0.9889,0
F,1655074860,2022-06-12 23:01,1.000000,1,0.0000,0
F,1655074920,2022-06-12 23:02,1.000000,4,0.0000,0
F,1655074980,2022-06-12 23:03,1.000000,7,0.0000,0
F,1655075040,2022-06-12 23:04,1.000000,10,0.0000,0
F,1655075100,2022-06-12 23:05,0.000000,13,1.0000,0
F,1655075160,2022-06-12 23:06,0.000000,16,1.0000,0
F,1655075220,2022-06-12 23:07,0.000000,19,1.0000,0
F,1655075280,2022-06-12 23:08,0.000000,22,1.0000,0
F,1655075340,2022-06-12 23:09,0.000000,25,1.0000,0
F,1655075400,2022-06-12 23:10,0.000000,28,1.0000,0
F,1655075460,2022-06-12 23:11,0.000000,31,1.0000,0
F,1655075520,2022-06-12 23:12,0.000000,34,1.0000,0
F,1655075580,2022-06-12 23:13,0.000000,37,1.0000,0
F,1655075640,2022-06-12 23:14,0.000000,40,1.0000,0
F,1655075700,2022-06-12 23:15,0.000000,43,1.0000,0
F,1655075760,2022-06-12 23:16,0.000000,46,1.0000,0
F,1655075820,2022-06-12 23:17,0.000000,49,1.0000,0
F,1655075880,2022-06-12 23:18,0.000000,52,1.0000,0
F,1655075940,2022-06-12 23:19,0.000000,55,1.0000,0
F,1655076000,2022-06-12 23:20,0.000000,58,1.0000,0
F,1655076060,2022-06-12 23:21,0.000000,61,1.0000,0
F,1655076120,2022-06-12 23:22,0.000000,64,1.0000,0
F,1655076180,2022-06-12 23:23,0.000000,67,1.0000,0
F,1655076240,2022-06-12 23:24,0.000000,70,1.0000,0
F,1655076300,2022-06-12 23:25,0.000000,73,1.0000,0
F,1655076360,2022-06-12 23:26,0.000000,76,1.0000,0
F,1655076420,2022-06-12 23:27,0.000000,79,1.0000,0
F,1655076480,2022-06-12 23:28,0.000000,82,1.0000,0
F,1655076540,2022-06-12 23:29,0.000000,85,1.0000,0
F,1655076600,2022-06-12 23:30,0.000000,88,1.0000,0
F,1655076660,2022-06-12 23:31,0.000000,91,1.0000,0
F,1655076720,2022-06-12 23:32,0.000000,94,1.0000,0
F,1655076780,2022-06-12 23:33,0.000000,97,1.0000,0
F,1655076840,2022-06-12 23:34,0.000000,100,1.0000,0
F,1655076900,2022-06-12 23:35,0.000000,103,1.0000,0
F,1655076960,2022-06-12 23:36,0.000000,106,1.0000,0
F,1655077020,2022-06-12 23:37,0.000000,109,1.0000,0
F,1655077080,2022-06-12 23:38,0.000000,112,1.0000,0
F,1655077140,2022-06-12 23:39,0.000000,115,1.0000,0
F,1655077200,2022-06-12 23:40,0.000000,118,1.0000,0
F,1655077260,2022-06-12 23:41,0.000000,121,1.0000,0
F,1655077320,2022-06-12 23:42,0.000000,124,1.0000,0
F,1655077380,2022-06-12 23:43,0.000000,127,1.0000,0
F,1655077440,2022-06-12 23:44,0.000000,130,1.0000,0
F,1655077500,2022-06-12 23:45,0.000000,133,1.0000,0
F,1655077560,2022-06-12 23:46,0.000000,136,1.0000,0
F,1655077620,2022-06-12 23:47,0.000000,139,1.0000,0
F,1655077680,2022-06-12 23:48,0.000000,142,1.0000,0
F,1655077740,2022-06-12 23:49,0.000000,145,1.0000,0
F,1655077800,2022-06-12 23:50,0.000000,148,1.0000,0
F,1655077860,2022-06-12 23:51,0.000000,151,1.0000,0
F,1655077920,2022-06-12 23:52,0.000000,154,1.0000,0
F,1655077980,2022-06-12 23:53,0.000000,157,1.0000,0
F,1655078040,2022-06-12 23:54,0.000000,160,1.0000,0
F,1655078100,2022-06-12 23:55,0.000000,163,1.0000,0
F,1655078160,2022-06-12 23:56,0.000000,166,1.0000,0
F,1655078220,2022-06-12 23:57,0.000000,169,1.0000,0
F,1655078280,2022-06-12 23:58,0.000000,172,1.0000,0
F,1655078340,2022-06-12 23:59,0.000000,175,0.9886,0
F,1655078400,2022-06-13 00:00,0.000000,178,0.9888,0
F,1655078460,2022-06-13 00:01,0.000000,180,0.9889,0
F,1655078520,2022-06-13 00:02,0.000000,180,0.9778,0
F,1655078580,2022-06-13 00:03,0.000000,180,0.9722,0
F,1655078640,2022-06-13 00:04,0.000000,180,0.9667,0
F,1655078700,2022-06-13 00:05,0.000000,180,0.9500,0
F,1655078760,2022-06-13 00:06,0.000000,180,1.0000,0
F,1655078820,2022-06-13 00:07,0.000000,180,1.0000,0
F,1655078880,2022-06-13 00:08,0.000000,180,1.0000,0
F,1655078940,2022-06-13 00:09,0.000000,179,1.0000,0
F,1655079000,2022-06-13 00:10,0.000000,179,1.0000,0
F,1655079060,2022-06-13 00:11,0.000000,179,1.0000,0
F,1655079120,2022-06-13 00:12,0.000000,178,1.0000,0
F,1655079180,2022-06-13 00:13,0.000000,178,1.0000,0
F,1655079240,2022-06-13 00:14,0.000000,178,1.0000,0
F,1655079300,2022-06-13 00:15,0.000000,178,1.0000,0
F,1655079360,2022-06-13 00:16,0.000000,178,1.0000,0
F,1655079420,2022-06-13 00:17,0.000000,178,1.0000,0
F,1655079480,2022-06-13 00:18,0.000000,178,1.0000,0
F,1655079540,2022-06-13 00:19,0.000000,178,1.0000,0
F,1655079600,2022-06-13 00:20,0.000000,178,1.0000,0
F,1655079660,2022-06-13 00:21,0.000000,178,1.0000,0
F,1655079720,2022-06-13 00:22,0.000000,178,1.0000,0
F,1655079780,2022-06-13 00:23,0.000000,178,1.0000,0
F,1655079840,2022-06-13 00:24,0.000000,178,1.0000,0
F,1655079900,2022-06-13 00:25,0.000000,178,1.0000,0
F,1655079960,2022-06-13 00:26,0.000000,178,1.0000,0
F,1655080020,2022-06-13 00:27,0.000000,178,1.0000,0
F,1655080080,2022-06-13 00:28,0.000000,178,1.0000,0
F,1655080140,2022-06-13 00:29,0.000000,178,1.0000,0
F,1655080200,2022-06-13 00:30,0.000000,178,1.0000,0
F,1655080260,2022-06-13 00:31,0.000000,178,1.0000,0
F,1655080320,2022-06-13 00:32,0.000000,178,1.0000,0
F,1655080380,2022-06-13 00:33,0.000000,178,1.0000,0
F,1655080440,2022-06-13 00:34,0.000000,178,1.0000,0
F,1655080500,2022-06-13 00:35,0.000000,178,1.0000,0
F,1655080560,2022-06-13 00:36,0.000000,178,1.0000,0
F,1655080620,2022-06-13 00:37,0.000000,178,1.0000,0
F,1655080680,2022-06-13 00:38,0.000000,178,1.0000,0
F,1655080740,2022-06-13 00:39,0.000000,178,1.0000,0
F,1655080800,2022-06-13 00:40,0.000000,178,1.0000,0
F,1655080860,2022-06-13 00:41,0.000000,178,1.0000,0
F,1655080920,2022-06-13 00:42,0.000000,178,1.0000,0
F,1655080980,2022-06-13 00:43,0.000000,178,1.0000,0
F,1655081040,2022-06-13 00:44,0.000000,178,1.0000,0
F,1655081100,2022-06-13 00:45,0.000000,178,1.0000,0
F,1655081160,2022-06-13 00:46,0.000000,178,1.0000,0
F,1655081220,2022-06-13 00:47,0.000000,178,1.0000,0
F,1655081280,2022-06-13 00:48,0.000000,178,1.0000,0
F,1655081340,2022-06-13 00:49,0.000000,178,1.0000,0
F,1655081400,2022-06-13 00:50,0.000000,178,1.0000,0
F,1655081460,2022-06-13 00:51,0.000000,178,1.0000,0
F,1655081520,2022-06-13 00:52,0.000000,178,1.0000,0
F,1655081580,2022-06-13 00:53,0.000000,178,1.0000,0
F,1655081640,2022-06-13 00:54,0.000000,178,1.0000,0
F,1655081700,2022-06-13 00:55,0.000000,178,1.0000,0
F,1655081760,2022-06-13 00:56,0.000000,178,1.0000,0
F,1655081820,2022-06-13 00:57,0.000000,178,1.0000,0
F,1655081880,2022-06-13 00:58,0.000000,178,1.0000,0
F,1655081940,2022-06-13 00:59,0.000000,178,1.0000,0
F,1655082000,2022-06-13 01:00,0.000000,178,1.0000,0
F,1655082060,2022-06-13 01:01,0.000000,178,1.0000,0
F,1655082120,2022-06-13 01:02,0.000000,178,1.0000,0
F,1655082180,2022-06-13 01:03,0.000000,178,1.0000,0
F,1655082240,2022-06-13 01:04,0.000000,178,1.0000,0
F,1655082300,2022-06-13 01:05,0.000000,178,0.9944,0
F,1655082360,2022-06-13 01:06,0.000000,178,0.9831,0
F,1655082420,2022-06-13 01:07,0.000000,178,0.9775,0
F,1655082480,2022-06-13 01:08,0.000000,178,0.9663,0
F,1655082540,2022-06-13 01:09,0.000000,179,0.9609,0
F,1655082600,2022-06-13 01:10,0.000000,179,0.9441,0
F,1655082660,2022-06-13 01:11,0.000000,179,1.0000,0
F,1655082720,2022-06-13 01:12,0.000000,180,1.0000,0
F,1655082780,2022-06-13 01:13,0.000000,180,1.0000,0
F,1655082840,2022-06-13 01:14,0.000000,180,1.0000,0
F,1655082900,2022-06-13 01:15,0.000000,180,1.0000,0
F,1655082960,2022-06-13 01:16,0.000000,180,1.0000,0
F,1655083020,2022-06-13 01:17,0.000000,180,1.0000,0
F,1655083080,2022-06-13 01:18,0.000000,180,1.0000,0
F,1655083140,2022-06-13 01:19,0.000000,180,1.0000,0
F,1655083200,2022-06-13 01:20,0.000000,180,1.0000,0
F,1655083260,2022-06-13 01:21,0.000000,180,1.0000,0
F,1655083320,2022-06-13 01:22,0.000000,180,1.0000,0
F,1655083380,2022-06-13 01:23,0.000000,180,1.0000,0
F,1655083440,2022-06-13 01:24,0.000000,180,1.0000,0
F,1655083500,2022-06-13 01:25,0.000000,180,1.0000,0
F,1655083560,2022-06-13 01:26,0.000000,180,1.0000,0
F,1655083620,2022-06-13 01:27,0.000000,180,1.0000,0
F,1655083680,2022-06-13 01:28,0.000000,180,1.0000,0
F,1655083740,2022-06-13 01:29,0.000000,180,1.0000,0
F,1655083800,2022-06-13 01:30,0.000000,180,1.0000,0
F,1655083860,2022-06-13 01:31,0.000000,180,1.0000,0
F,1655083920,2022-06-13 01:32,0.000000,181,1.0000,0
F,1655083980,2022-06-13 01:33,0.000000,180,1.0000,0
F,1655084040,2022-06-13 01:34,0.000000,181,1.0000,0
F,1655084100,2022-06-13 01:35,0.000000,180,1.0000,0
F,1655084160,2022-06-13 01:36,0.000000,180,1.0000,0
F,1655084220,2022-06-13 01:37,0.000000,180,1.0000,0
F,1655084280,2022-06-13 01:38,0.000000,180,1.0000,0
F,1655084340,2022-06-13 01:39,0.000000,180,1.0000,0
F,1655084400,2022-06-13 01:40,0.000000,180,1.0000,0
F,1655084460,2022-06-13 01:41,0.000000,180,1.0000,0
F,1655084520,2022-06-13 01:42,0.000000,180,1.0000,0
F,1655084580,2022-06-13 01:43,0.000000,180,1.0000,0
F,1655084640,2022-06-13 01:44,0.000000,180,1.0000,0
F,1655084700,2022-06-13 01:45,0.000000,180,1.0000,0
F,1655084760,2022-06-13 01:46,0.000000,180,1.0000,0
F,1655084820,2022-06-13 01:47,0.000000,180,1.0000,0
F,1655084880,2022-06-13 01:48,0.000000,180,1.0000,0
F,1655084940,2022-06-13 01:49,0.000000,180,1.0000,0
F,1655085000,2022-06-13 01:50,0.000000,180,1.0000,0
F,1655085060,2022-06-13 01:51,0.000000,180,1.0000,0
F,1655085120,2022-06-13 01:52,0.000000,180,1.0000,0
F,1655085180,2022-06-13 01:53,0.000000,180,1.0000,0
F,1655085240,2022-06-13 01:54,0.000000,180,1.0000,0
F,1655085300,2022-06-13 01:55,0.000000,180,1.0000,0
F,1655085360,2022-06-13 01:56,0.000000,180,1.0000,0
F,1655085420,2022-06-13 01:57,0.000000,180,1.0000,0
F,1655085480,2022-06-13 01:58,0.000000,180,1.0000,0
F,1655085540,2022-06-13 01:59,0.000000,180,1.0000,0
F,1655085600,2022-06-13 02:00,0.000000,180,1.0000,0
F,1655085660,2022-06-13 02:01,0.000000,180,1.0000,0
F,1655085720,2022-06-13 02:02,0.000000,180,1.0000,0
F,1655085780,2022-06-13 02:03,0.000000,180,1.0000,0
F,1655085840,2022-06-13 02:04,0.000000,180,0.9944,0
F,1655085900,2022-06-13 02:05,0.000000,180,0.9944,0
F,1655085960,2022-06-13 02:06,0.000000,180,0.9889,0
F,1655086020,2022-06-13 02:07,0.000000,180,0.9889,0
F,1655086080,2022-06-13 02:08,0.000000,180,0.9778,0
F,1655086140,2022-06-13 02:09,0.000000,180,0.9722,0
F,1655086200,2022-06-13 02:10,0.000000,180,0.9556,0
F,1655086260,2022-06-13 02:11,0.000000,180,1.0000,0
F,1655086320,2022-06-13 02:12,0.000000,180,1.0000,0
F,1655086380,2022-06-13 02:13,0.000000,180,1.0000,0
F,1655086440,2022-06-13 02:14,0.000000,180,1.0000,0
F,1655086500,2022-06-13 02:15,0.000000,180,1.0000,0
F,1655086560,2022-06-13 02:16,0.000000,180,1.0000,0
F,1655086620,2022-06-13 02:17,0.000000,180,1.0000,0
F,1655086680,2022-06-13 02:18,0.000000,180,1.0000,0
F,1655086740,2022-06-13 02:19,0.000000,180,1.0000,0
F,1655086800,2022-06-13 02:20,0.000000,180,1.0000,0
F,1655086860,2022-06-13 02:21,0.000000,180,1.0000,0
F,1655086920,2022-06-13 02:22,0.000000,180,1.0000,0
F,1655086980,2022-06-13 02:23,0.000000,180,1.0000,0
F,1655087040,2022-06-13 02:24,0.000000,180,1.0000,0
F,1655087100,2022-06-13 02:25,0.000000,180,1.0000,0
F,1655087160,2022-06-13 02:26,0.000000,180,1.0000,0
F,1655087220,2022-06-13 02:27,0.000000,180,1.0000,0
F,1655087280,2022-06-13 02:28,0.000000,180,1.0000,0
F,1655087340,2022-06-13 02:29,0.000000,180,1.0000,0
F,1655087400,2022-06-13 02:30,0.000000,180,1.0000,0
F,1655087460,2022-06-13 02:31,0.000000,180,1.0000,0
F,1655087520,2022-06-13 02:32,0.000000,179,1.0000,0
F,1655087580,2022-06-13 02:33,0.000000,180,1.0000,0
F,1655087640,2022-06-13 02:34,0.000000,179,1.0000,0
F,1655087700,2022-06-13 02:35,0.000000,180,1.0000,0
F,1655087760,2022-06-13 02:36,0.000000,180,1.0000,0
F,1655087820,2022-06-13 02:37,0.000000,180,1.0000,0
F,1655087880,2022-06-13 02:38,0.000000,180,1.0000,0
F,1655087940,2022-06-13 02:39,0.000000,180,1.0000,0
F,1655088000,2022-06-13 02:40,0.000000,180,1.0000,0
F,1655088060,2022-06-13 02:41,0.000000,180,1.0000,0
F,1655088120,2022-06-13 02:42,0.000000,180,1.0000,0
F,1655088180,2022-06-13 02:43,0.000000,180,1.0000,0
F,1655088240,2022-06-13 02:44,0.000000,180,1.0000,0
F,1655088300,2022-06-13 02:45,0.000000,180,1.0000,0
F,1655088360,2022-06-13 02:46,0.000000,180,1.0000,0
F,1655088420,2022-06-13 02:47,0.000000,180,1.0000,0
F,1655088480,2022-06-13 02:48,0.000000,180,1.0000,0
F,1655088540,2022-06-13 02:49,0.000000,180,1.0000,0
F,1655088600,2022-06-13 02:50,0.000000,180,1.0000,0
F,1655088660,2022-06-13 02:51,0.000000,180,1.0000,0
F,1655088720,2022-06-13 02:52,0.000000,180,1.0000,0
F,1655088780,2022-06-13 02:53,0.000000,180,1.0000,0
F,1655088840,2022-06-13 02:54,0.000000,180,1.0000,0
F,1655088900,2022-06-13 02:55,0.000000,180,1.0000,0
F,1655088960,2022-06-13 02:56,0.000000,180,1.0000,0
F,1655089020,2022-06-13 02:57,0.000000,180,1.0000,0
F,1655089080,2022-06-13 02:58,0.000000,180,1.0000,0
F,1655089140,2022-06-13 02:59,0.000000,180,1.0000,0
F,1655089200,2022-06-13 03:00,0.000000,180,1.0000,0
F,1655089260,2022-06-13 03:01,0.000000,180,1.0000,0
F,1655089320,2022-06-13 03:02,0.000000,180,1.0000,0
F,1655089380,2022-06-13 03:03,0.000000,180,1.0000,0
F,1655089440,2022-06-13 03:04,0.000000,181,1.0000,0
F,1655089500,2022-06-13 03:05,0.000000,181,1.0000,0
F,1655089560,2022-06-13 03:06,0.000000,182,0.9945,0
F,1655089620,2022-06-13 03:07,0.000000,182,0.9835,0
F,1655089680,2022-06-13 03:08,0.000000,182,0.9780,0
F,1655089740,2022-06-13 03:09,0.000000,182,0.9670,0
F,1655089800,2022-06-13 03:10,0.000000,182,0.9560,0
F,1655089860,2022-06-13 03:11,0.000000,182,0.9451,0
F,1655089920,2022-06-13 03:12,0.000000,182,1.0000,0
F,1655089980,2022-06-13 03:13,0.000000,182,1.0000,0
F,1655090040,2022-06-13 03:14,0.000000,182,1.0000,0
F,1655090100,2022-06-13 03:15,0.000000,182,1.0000,0
F,1655090160,2022-06-13 03:16,0.000000,182,1.0000,0
F,1655090220,2022-06-13 03:17,0.000000,182,1.0000,0
F,1655090280,2022-06-13 03:18,0.000000,182,1.0000,0
F,1655090340,2022-06-13 03:19,0.000000,182,1.0000,0
F,1655090400,2022-06-13 03:20,0.000000,182,1.0000,0
F,1655090460,2022-06-13 03:21,0.000000,182,1.0000,0
F,1655090520,2022-06-13 03:22,0.000000,182,1.0000,0
F,1655090580,2022-06-13 03:23,0.000000,182,1.0000,0
F,1655090640,2022-06-13 03:24,0.000000,182,1.0000,0
F,1655090700,2022-06-13 03:25,0.000000,182,1.0000,0
F,1655090760,2022-06-13 03:26,0.000000,182,1.0000,0
F,1655090820,2022-06-13 03:27,0.000000,182,1.0000,0
F,1655090880,2022-06-13 03:28,0.000000,182,1.0000,0
F,1655090940,2022-06-13 03:29,0.000000,182,1.0000,0
F,1655091000,2022-06-13 03:30,0.000000,182,1.0000,0
F,1655091060,2022-06-13 03:31,0.000000,182,1.0000,0
F,1655091120,2022-06-13 03:32,0.000000,182,1.0000,0
F,1655091180,2022-06-13 03:33,0.000000,182,1.0000,0
F,1655091240,2022-06-13 03:34,0.000000,182,1.0000,0
F,1655091300,2022-06-13 03:35,0.000000,182,1.0000,0
F,1655091360,2022-06-13 03:36,0.000000,182,1.0000,0
F,1655091420,2022-06-13 03:37,0.000000,182,1.0000,0
F,1655091480,2022-06-13 03:38,0.000000,182,1.0000,0
F,1655091540,2022-06-13 03:39,0.000000,182,1.0000,0
F,1655091600,2022-06-13 03:40,0.000000,182,1.0000,0
F,1655091660,2022-06-13 03:41,0.000000,182,1.0000,0
F,1655091720,2022-06-13 03:42,0.000000,182,1.0000,0
F,1655091780,2022-06-13 03:43,0.000000,182,1.0000,0
F,1655091840,2022-06-13 03:44,0.000000,182,1.0000,0
F,1655091900,2022-06-13 03:45,0.000000,182,1.0000,0
F,1655091960,2022-06-13 03:46,0.000000,182,1.0000,0
F,1655092020,2022-06-13 03:47,0.000000,182,1.0000,0
F,1655092080,2022-06-13 03:48,0.000000,182,1.0000,0
F,1655092140,2022-06-13 03:49,0.000000,182,1.0000,0
F,1655092200,2022-06-13 03:50,0.000000,182,1.0000,0
F,1655092260,2022-06-13 03:51,0.000000,182,1.0000,0
F,1655092320,2022-06-13 03:52,0.000000,182,1.0000,0
F,1655092380,2022-06-13 03:53,0.000000,182,1.0000,0
F,1655092440,2022-06-13 03:54,0.000000,182,1.0000,0
F,1655092500,2022-06-13 03:55,0.000000,182,1.0000,0
F,1655092560,2022-06-13 03:56,0.000000,182,1.0000,0
F,1655092620,2022-06-13 03:57,0.000000,182,1.0000,0
F,1655092680,2022-06-13 03:58,0.000000,182,1.0000,0
F,1655092740,2022-06-13 03:59,0.000000,182,1.0000,0
F,1655092800,2022-06-13 04:00,0.000000,182,1.0000,0
F,1655092860,2022-06-13 04:01,0.000000,182,1.0000,0
F,1655092920,2022-06-13 04:02,0.000000,182,1.0000,0
F,1655092980,2022-06-13 04:03,0.000000,182,1.0000,0
F,1655093040,2022-06-13 04:04,0.000000,181,1.0000,0
F,1655093100,2022-06-13 04:05,0.000000,181,1.0000,0
F,1655093160,2022-06-13 04:06,0.000000,180,1.0000,0
F,1655093220,2022-06-13 04:07,0.000000,180,1.0000,0
F,1655093280,2022-06-13 04:08,0.000000,180,1.0000,0
F,1655093340,2022-06-13 04:09,0.000000,180,1.0000,0
F,1655093400,2022-06-13 04:10,0.000000,180,1.0000,0
F,1655093460,2022-06-13 04:11,0.000000,180,1.0000,0
F,1655093520,2022-06-13 04:12,0.000000,180,1.0000,0
F,1655093580,2022-06-13 04:13,0.000000,180,1.0000,0
F,1655093640,2022-06-13 04:14,0.000000,180,1.0000,0
F,1655093700,2022-06-13 04:15,0.000000,180,1.0000,0
F,1655093760,2022-06-13 04:16,0.000000,180,1.0000,0
F,1655093820,2022-06-13 04:17,0.000000,180,0.9944,0
F,1655093880,2022-06-13 04:18,0.000000,180,0.9944,0
F,1655093940,2022-06-13 04:19,0.000000,180,0.9944,0
F,1655094000,2022-06-13 04:20,0.000000,180,0.9889,0
F,1655094060,2022-06-13 04:21,0.000000,180,0.9889,0
F,1655094120,2022-06-13 04:22,0.000000,180,0.9889,0
F,1655094180,2022-06-13 04:23,0.000000,180,0.9833,0
F,1655094240,2022-06-13 04:24,0.000000,180,0.9833,0
F,1655094300,2022-06-13 04:25,0.000000,180,0.9778,0
F,1655094360,2022-06-13 04:26,0.000000,180,0.9722,0
F,1655094420,2022-06-13 04:27,0.000000,179,0.9665,0
F,1655094480,2022-06-13 04:28,0.000000,178,0.9551,0
F,1655094540,2022-06-13 04:29,0.000000,178,0.9438,0
F,1655094600,2022-06-13 04:30,0.000000,178,1.0000,0
F,1655094660,2022-06-13 04:31,0.000000,178,1.0000,0
F,1655094720,2022-06-13 04:32,0.000000,177,1.0000,0
F,1655094780,2022-06-13 04:33,0.000000,177,1.0000,0
F,1655094840,2022-06-13 04:34,0.000000,177,1.0000,0
F,1655094900,2022-06-13 04:35,0.000000,177,1.0000,0
F,1655094960,2022-06-13 04:36,0.000000,177,1.0000,0
F,1655095020,2022-06-13 04:37,0.000000,177,1.0000,0
F,1655095080,2022-06-13 04:38,0.000000,177,1.0000,0
F,1655095140,2022-06-13 04:39,0.000000,177,1.0000,0
F,1655095200,2022-06-13 04:40,0.000000,177,1.0000,0
F,1655095260,2022-06-13 04:41,0.000000,177,1.0000,0
F,1655095320,2022-06-13 04:42,0.000000,177,1.0000,0
F,1655095380,2022-06-13 04:43,0.000000,177,1.0000,0
F,1655095440,2022-06-13 04:44,0.000000,177,1.0000,0
F,1655095500,2022-06-13 04:45,0.000000,177,1.0000,0
F,1655095560,2022-06-13 04:46,0.000000,177,1.0000,0
F,1655095620,2022-06-13 04:47,0.000000,177,1.0000,0
F,1655095680,2022-06-13 04:48,0.000000,177,1.0000,0
F,1655095740,2022-06-13 04:49,0.000000,177,1.0000,0
F,1655095800,2022-06-13 04:50,0.000000,177,1.0000,0
F,1655095860,2022-06-13 04:51,0.000000,177,1.0000,0
F,1655095920,2022-06-13 04:52,0.000000,177,1.0000,0
F,1655095980,2022-06-13 04:53,0.000000,177,1.0000,0
F,1655096040,2022-06-13 04:54,0.000000,177,1.0000,0
F,1655096100,2022-06-13 04:55,0.000000,177,1.0000,0
F,1655096160,2022-06-13 04:56,0.000000,177,1.0000,0
F,1655096220,2022-06-13 04:57,0.000000,177,1.0000,0
F,1655096280,2022-06-13 04:58,0.000000,177,1.0000,0
F,1655096340,2022-06-13 04:59,0.000000,177,1.0000,0
F,1655096400,2022-06-13 05:00,0.000000,177,1.0000,0
F,1655096460,2022-06-13 05:01,0.000000,177,1.0000,0
G,1655074860,2022-06-12 23:01,1.000000,1,0.0000,0
G,1655074920,2022-06-12 23:02,1.000000,4,0.0000,0
G,1655074980,2022-06-12 23:03,1.000000,7,0.0000,0
G,1655075040,2022-06-12 23:04,1.000000,10,0.0000,0
G,1655075100,2022-06-12 23:05,0.000000,13,1.0000,0
G,1655075160,2022-06-12 23:06,0.000000,16,1.0000,0
G,1655075220,2022-06-12 23:07,0.000000,19,1.0000,0
G,1655075280,2022-06-12 23:08,0.000000,22,1.0000,0
G,1655075340,2022-06-12 23:09,0.000000,25,1.0000,0
G,1655075400,2022-06-12 23:10,0.000000,28,1.0000,0
G,1655075460,2022-06-12 23:11,0.000000,31,1.0000,0
G,1655075520,2022-06-12 23:12,0.000000,34,1.0000,0
G,1655075580,2022-06-12 23:13,0.000000,37,1.0000,0
G,1655075640,2022-06-12 23:14,0.000000,40,1.0000,0
G,1655075700,2022-06-12 23:15,0.000000,43,1.0000,0
G,1655075760,2022-06-12 23:16,0.000000,46,1.0000,0
G,1655075820,2022-06-12 23:17,0.000000,49,1.0000,0
G,1655075880,2022-06-12 23:18,0.000000,52,1.0000,0
G,1655075940,2022-06-12 23:19,0.000000,55,1.0000,0
G,1655076000,2022-06-12 23:20,0.000000,58,1.0000,0
G,1655076060,2022-06-12 23:21,0.000000,61,1.0000,0
G,1655076120,2022-06-12 23:22,0.000000,64,1.0000,0
G,1655076180,2022-06-12 23:23,0.000000,67,1.0000,0
G,1655076240,2022-06-12 23:24,0.000000,70,1.0000,0
G,1655076300,2022-06-12 23:25,0.000000,73,1.0000,0
G,1655076360,2022-06-12 23:26,0.000000,76,1.0000,0
G,1655076420,2022-06-12 23:27,0.000000,79,1.0000,0
G,1655076480,2022-06-12 23:28,0.000000,82,1.0000,0
G,1655076540,2022-06-12 23:29,0.000000,85,1.0000,0
G,1655076600,2022-06-12 23:30,0.000000,88,0.9773,0
G,1655076660,2022-06-12 23:31,0.000000,91,0.9451,0
G,1655076720,2022-06-12 23:32,0.000000,94,0.9255,0
G,1655076780,2022-06-12 23:33,0.000000,97,0.9072,0
G,1655076840,2022-06-12 23:34,0.000000,100,1.0000,0
G,1655076900,2022-06-12 23:35,0.000000,103,1.0000,0
G,1655076960,2022-06-12 23:36,0.000000,106,1.0000,0
G,1655077020,2022-06-12 23:37,0.000000,109,1.0000,0
G,1655077080,2022-06-12 23:38,0.000000,112,1.0000,0
G,1655077140,2022-06-12 23:39,0.000000,115,1.0000,0
G,1655077200,2022-06-12 23:40,0.000000,118,1.0000,0
G,1655077260,2022-06-12 23:41,0.000000,121,1.0000,0
G,1655077320,2022-06-12 23:42,0.000000,124,1.0000,0
G,1655077380,2022-06-12 23:43,0.000000,127,1.0000,0
G,1655077440,2022-06-12 23:44,0.000000,130,1.0000,0
G,1655077500,2022-06-12 23:45,0.000000,133,1.0000,0
G,1655077560,2022-06-12 23:46,0.000000,136,1.0000,0
G,1655077620,2022-06-12 23:47,0.000000,139,1.0000,0
G,1655077680,2022-06-12 23:48,0.000000,142,1.0000,0
G,1655077740,2022-06-12 23:49,0.000000,145,1.0000,0
G,1655077800,2022-06-12 23:50,0.000000,148,1.0000,0
G,1655077860,2022-06-12 23:51,0.000000,151,1.0000,0
G,1655077920,2022-06-12 23:52,0.000000,154,1.0000,0
G,1655077980,2022-06-12 23:53,0.000000,157,1.0000,0
G,1655078040,2022-06-12 23:54,0.000000,160,1.0000,0
G,1655078100,2022-06-12 23:55,0.000000,163,1.0000,0
G,1655078160,2022-06-12 23:56,0.000000,166,1.0000,0
G,1655078220,2022-06-12 23:57,0.000000,168,1.0000,0
G,1655078280,2022-06-12 23:58,0.000000,171,1.0000,0
G,1655078340,2022-06-12 23:59,0.000000,174,1.0000,0
G,1655078400,2022-06-13 00:00,0.000000,177,0.9831,0
G,1655078460,2022-06-13 00:01,0.000000,179,0.9665,0
G,1655078520,2022-06-13 00:02,0.000000,179,0.9497,0
G,1655078580,2022-06-13 00:03,0.000000,179,1.0000,0
G,1655078640,2022-06-13 00:04,0.000000,179,1.0000,0
G,1655078700,2022-06-13 00:05,0.000000,179,1.0000,0
G,1655078760,2022-06-13 00:06,0.000000,179,1.0000,0
G,1655078820,2022-06-13 00:07,0.000000,179,1.0000,0
G,1655078880,2022-06-13 00:08,0.000000,179,1.0000,0
G,1655078940,2022-06-13 00:09,0.000000,179,1.0000,0
G,1655079000,2022-06-13 00:10,0.000000,179,1.0000,0
G,1655079060,2022-06-13 00:11,0.000000,179,1.0000,0
G,1655079120,2022-06-13 00:12,0.000000,179,1.0000,0
G,1655079180,2022-06-13 00:13,0.000000,179,1.0000,0
G,1655079240,2022-06-13 00:14,0.000000,179,1.0000,0
G,1655079300,2022-06-13 00:15,0.000000,179,1.0000,0
G,1655079360,2022-06-13 00:16,0.000000,179,1.0000,0
G,1655079420,2022-06-13 00:17,0.000000,180,1.0000,0
G,1655079480,2022-06-13 00:18,0.000000,179,1.0000,0
G,1655079540,2022-06-13 00:19,0.000000,178,1.0000,0
G,1655079600,2022-06-13 00:20,0.000000,179,1.0000,0
G,1655079660,2022-06-13 00:21,0.000000,179,1.0000,0
G,1655079720,2022-06-13 00:22,0.000000,179,1.0000,0
G,1655079780,2022-06-13 00:23,0.000000,179,1.0000,0
G,1655079840,2022-06-13 00:24,0.000000,179,1.0000,0
G,1655079900,2022-06-13 00:25,0.000000,179,1.0000,0
G,1655079960,2022-06-13 00:26,0.000000,179,1.0000,0
G,1655080020,2022-06-13 00:27,0.000000,179,1.0000,0
G,1655080080,2022-06-13 00:28,0.000000,179,1.0000,0
G,1655080140,2022-06-13 00:29,0.000000,179,1.0000,0
G,1655080200,2022-06-13 00:30,0.000000,179,1.0000,0
G,1655080260,2022-06-13 00:31,0.000000,179,1.0000,0
G,1655080320,2022-06-13 00:32,0.000000,179,1.0000,0
G,1655080380,2022-06-13 00:33,0.000000,179,1.0000,0
G,1655080440,2022-06-13 00:34,0.000000,179,1.0000,0
G,1655080500,2022-06-13 00:35,0.000000,179,1.0000,0
G,1655080560,2022-06-13 00:36,0.000000,179,1.0000,0
G,1655080620,2022-06-13 00:37,0.000000,179,1.0000,0
G,1655080680,2022-06-13 00:38,0.000000,179,1.0000,0
G,1655080740,2022-06-13 00:39,0.000000,179,1.0000,0
G,1655080800,2022-06-13 00:40,0.000000,179,1.0000,0
G,1655080860,2022-06-13 00:41,0.000000,179,1.0000,0
G,1655080920,2022-06-13 00:42,0.000000,179,1.0000,0
G,1655080980,2022-06-13 00:43,0.000000,179,1.0000,0
G,1655081040,2022-06-13 00:44,0.000000,179,1.0000,0
G,1655081100,2022-06-13 00:45,0.000000,179,1.0000,0
G,1655081160,2022-06-13 00:46,0.000000,179,1.0000,0
G,1655081220,2022-06-13 00:47,0.000000,179,1.0000,0
G,1655081280,2022-06-13 00:48,0.000000,179,1.0000,0
G,1655081340,2022-06-13 00:49,0.000000,179,0.9944,0
G,1655081400,2022-06-13 00:50,0.000000,179,0.9777,0
G,1655081460,2022-06-13 00:51,0.000000,179,0.9609,0
G,1655081520,2022-06-13 00:52,0.000000,179,0.9441,0
G,1655081580,2022-06-13 00:53,0.000000,179,1.0000,0
G,1655081640,2022-06-13 00:54,0.000000,179,1.0000,0
G,1655081700,2022-06-13 00:55,0.000000,179,1.0000,0
G,1655081760,2022-06-13 00:56,0.000000,179,1.0000,0
G,1655081820,2022-06-13 00:57,0.000000,180,1.0000,0
G,1655081880,2022-06-13 00:58,0.000000,180,1.0000,0
G,1655081940,2022-06-13 00:59,0.000000,180,1.0000,0
G,1655082000,2022-06-13 01:00,0.000000,180,1.0000,0
G,1655082060,2022-06-13 01:01,0.000000,180,1.0000,0
G,1655082120,2022-06-13 01:02,0.000000,180,1.0000,0
G,1655082180,2022-06-13 01:03,0.000000,180,1.0000,0
G,1655082240,2022-06-13 01:04,0.000000,180,1.0000,0
G,1655082300,2022-06-13 01:05,0.000000,180,1.0000,0
G,1655082360,2022-06-13 01:06,0.000000,180,1.0000,0
G,1655082420,2022-06-13 01:07,0.000000,180,1.0000,0
G,1655082480,2022-06-13 01:08,0.000000,180,1.0000,0
G,1655082540,2022-06-13 01:09,0.000000,180,1.0000,0
G,1655082600,2022-06-13 01:10,0.000000,180,1.0000,0
G,1655082660,2022-06-13 01:11,0.000000,180,1.0000,0
G,1655082720,2022-06-13 01:12,0.000000,180,1.0000,0
G,1655082780,2022-06-13 01:13,0.000000,180,1.0000,0
G,1655082840,2022-06-13 01:14,0.000000,180,1.0000,0
G,1655082900,2022-06-13 01:15,0.000000,180,1.0000,0
G,1655082960,2022-06-13 01:16,0.000000,180,1.0000,0
G,1655083020,2022-06-13 01:17,0.000000,179,1.0000,0
G,1655083080,2022-06-13 01:18,0.000000,180,1.0000,0
G,1655083140,2022-06-13 01:19,0.000000,181,1.0000,0
G,1655083200,2022-06-13 01:20,0.000000,180,1.0000,0
G,1655083260,2022-06-13 01:21,0.000000,180,1.0000,0
G,1655083320,2022-06-13 01:22,0.000000,180,1.0000,0
G,1655083380,2022-06-13 01:23,0.000000,180,0.9889,0
G,1655083440,2022-06-13 01:24,0.000000,180,0.9778,0
G,1655083500,2022-06-13 01:25,0.000000,180,0.9722,0
G,1655083560,2022-06-13 01:26,0.000000,180,0.9667,0
G,1655083620,2022-06-13 01:27,0.000000,180,0.9611,0
G,1655083680,2022-06-13 01:28,0.000000,180,0.9556,0
G,1655083740,2022-06-13 01:29,0.000000,180,1.0000,0
G,1655083800,2022-06-13 01:30,0.000000,180,1.0000,0
G,1655083860,2022-06-13 01:31,0.000000,180,1.0000,0
G,1655083920,2022-06-13 01:32,0.000000,180,1.0000,0
G,1655083980,2022-06-13 01:33,0.000000,180,1.0000,0
G,1655084040,2022-06-13 01:34,0.000000,181,1.0000,0
G,1655084100,2022-06-13 01:35,0.000000,181,1.0000,0
G,1655084160,2022-06-13 01:36,0.000000,181,1.0000,0
G,1655084220,2022-06-13 01:37,0.000000,181,1.0000,0
G,1655084280,2022-06-13 01:38,0.000000,181,1.0000,0
G,1655084340,2022-06-13 01:39,0.000000,181,1.0000,0
G,1655084400,2022-06-13 01:40,0.000000,181,1.0000,0
G,1655084460,2022-06-13 01:41,0.000000,181,1.0000,0
G,1655084520,2022-06-13 01:42,0.000000,182,1.0000,0
G,1655084580,2022-06-13 01:43,0.000000,183,1.0000,0
G,1655084640,2022-06-13 01:44,0.000000,184,1.0000,0
G,1655084700,2022-06-13 01:45,0.000000,184,1.0000,0
G,1655084760,2022-06-13 01:46,0.000000,184,1.0000,0
G,1655084820,2022-06-13 01:47,0.000000,183,1.0000,0
G,1655084880,2022-06-13 01:48,0.000000,184,1.0000,0
G,1655084940,2022-06-13 01:49,0.000000,184,1.0000,0
G,1655085000,2022-06-13 01:50,0.000000,184,1.0000,0
G,1655085060,2022-06-13 01:51,0.000000,184,1.0000,0
G,1655085120,2022-06-13 01:52,0.000000,184,1.0000,0
G,1655085180,2022-06-13 01:53,0.000000,184,1.0000,0
G,1655085240,2022-06-13 01:54,0.000000,184,1.0000,0
G,1655085300,2022-06-13 01:55,0.000000,184,1.0000,0
G,1655085360,2022-06-13 01:56,0.000000,184,1.0000,0
G,1655085420,2022-06-13 01:57,0.000000,184,1.0000,0
G,1655085480,2022-06-13 01:58,0.000000,184,1.0000,0
G,1655085540,2022-06-13 01:59,0.000000,184,1.0000,0
G,1655085600,2022-06-13 02:00,0.000000,184,1.0000,0
G,1655085660,2022-06-13 02:01,0.000000,184,1.0000,0
G,1655085720,2022-06-13 02:02,0.000000,184,1.0000,0
G,1655085780,2022-06-13 02:03,0.000000,184,1.0000,0
G,1655085840,2022-06-13 02:04,0.000000,184,1.0000,0
G,1655085900,2022-06-13 02:05,0.000000,184,1.0000,0
G,1655085960,2022-06-13 02:06,0.000000,184,1.0000,0
G,1655086020,2022-06-13 02:07,0.000000,184,1.0000,0
G,1655086080,2022-06-13 02:08,0.000000,184,1.0000,0
G,1655086140,2022-06-13 02:09,0.000000,184,1.0000,0
G,1655086200,2022-06-13 02:10,0.000000,184,1.0000,0
G,1655086260,2022-06-13 02:11,0.000000,184,1.0000,0
G,1655086320,2022-06-13 02:12,0.000000,184,1.0000,0
G,1655086380,2022-06-13 02:13,0.000000,184,1.0000,0
G,1655086440,2022-06-13 02:14,0.000000,184,1.0000,0
G,1655086500,2022-06-13 02:15,0.000000,184,1.0000,0
G,1655086560,2022-06-13 02:16,0.000000,184,1.0000,0
G,1655086620,2022-06-13 02:17,0.000000,184,1.0000,0
G,1655086680,2022-06-13 02:18,0.000000,184,1.0000,0
G,1655086740,2022-06-13 02:19,0.000000,184,1.0000,0
G,1655086800,2022-06-13 02:20,0.000000,184,1.0000,0
G,1655086860,2022-06-13 02:21,0.000000,184,1.0000,0
G,1655086920,2022-06-13 02:22,0.000000,184,1.0000,0
G,1655086980,2022-06-13 02:23,0.000000,184,1.0000,0
G,1655087040,2022-06-13 02:24,0.000000,184,1.0000,0
G,1655087100,2022-06-13 02:25,0.000000,184,1.0000,0
G,1655087160,2022-06-13 02:26,0.000000,184,1.0000,0
G,1655087220,2022-06-13 02:27,0.000000,184,1.0000,0
G,1655087280,2022-06-13 02:28,0.000000,184,0.9946,0
G,1655087340,2022-06-13 02:29,0.000000,184,0.9946,0
G,1655087400,2022-06-13 02:30,0.000000,184,0.9891,0
G,1655087460,2022-06-13 02:31,0.000000,184,0.9783,0
G,1655087520,2022-06-13 02:32,0.000000,184,0.9620,0
G,1655087580,2022-06-13 02:33,0.000000,184,0.9457,0
G,1655087640,2022-06-13 02:34,0.000000,183,1.0000,0
G,1655087700,2022-06-13 02:35,0.000000,183,1.0000,0
G,1655087760,2022-06-13 02:36,0.000000,183,1.0000,0
G,1655087820,2022-06-13 02:37,0.000000,183,1.0000,0
G,1655087880,2022-06-13 02:38,0.000000,183,1.0000,0
G,1655087940,2022-06-13 02:39,0.000000,183,1.0000,0
G,1655088000,2022-06-13 02:40,0.000000,183,1.0000,0
G,1655088060,2022-06-13 02:41,0.000000,183,1.0000,0
G,1655088120,2022-06-13 02:42,0.000000,182,1.0000,0
G,1655088180,2022-06-13 02:43,0.000000,181,1.0000,0
G,1655088240,2022-06-13 02:44,0.000000,180,1.0000,0
G,1655088300,2022-06-13 02:45,0.000000,180,1.0000,0
G,1655088360,2022-06-13 02:46,0.000000,180,1.0000,0
G,1655088420,2022-06-13 02:47,0.000000,181,1.0000,0
G,1655088480,2022-06-13 02:48,0.000000,180,1.0000,0
G,1655088540,2022-06-13 02:49,0.000000,180,1.0000,0
G,1655088600,2022-06-13 02:50,0.000000,180,1.0000,0
G,1655088660,2022-06-13 02:51,0.000000,180,1.0000,0
G,1655088720,2022-06-13 02:52,0.000000,180,1.0000,0
G,1655088780,2022-06-13 02:53,0.000000,180,1.0000,0
G,1655088840,2022-06-13 02:54,0.000000,180,1.0000,0
G,1655088900,2022-06-13 02:55,0.000000,179,1.0000,0
G,1655088960,2022-06-13 02:56,0.000000,179,1.0000,0
G,1655089020,2022-06-13 02:57,0.000000,179,1.0000,0
G,1655089080,2022-06-13 02:58,0.000000,179,1.0000,0
G,1655089140,2022-06-13 02:59,0.000000,179,1.0000,0
G,1655089200,2022-06-13 03:00,0.000000,179,1.0000,0
G,1655089260,2022-06-13 03:01,0.000000,179,1.0000,0
G,1655089320,2022-06-13 03:02,0.000000,179,1.0000,0
G,1655089380,2022-06-13 03:03,0.000000,179,1.0000,0
G,1655089440,2022-06-13 03:04,0.000000,180,1.0000,0
G,1655089500,2022-06-13 03:05,0.000000,180,1.0000,0
G,1655089560,2022-06-13 03:06,0.000000,180,1.0000,0
G,1655089620,2022-06-13 03:07,0.000000,181,1.0000,0
G,1655089680,2022-06-13 03:08,0.000000,180,1.0000,0
G,1655089740,2022-06-13 03:09,0.000000,180,1.0000,0
G,1655089800,2022-06-13 03:10,0.000000,180,1.0000,0
G,1655089860,2022-06-13 03:11,0.000000,179,1.0000,0
G,1655089920,2022-06-13 03:12,0.000000,178,1.0000,0
G,1655089980,2022-06-13 03:13,0.000000,179,1.0000,0
G,1655090040,2022-06-13 03:14,0.000000,179,1.0000,0
G,1655090100,2022-06-13 03:15,0.000000,178,1.0000,0
G,1655090160,2022-06-13 03:16,0.000000,178,1.0000,0
G,1655090220,2022-06-13 03:17,0.000000,178,1.0000,0
G,1655090280,2022-06-13 03:18,0.000000,178,1.0000,0
G,1655090340,2022-06-13 03:19,0.000000,178,1.0000,0
G,1655090400,2022-06-13 03:20,0.000000,178,1.0000,0
G,1655090460,2022-06-13 03:21,0.000000,178,1.0000,0
G,1655090520,2022-06-13 03:22,0.000000,178,1.0000,0
G,1655090580,2022-06-13 03:23,0.000000,178,1.0000,0
G,1655090640,2022-06-13 03:24,0.000000,178,1.0000,0
G,1655090700,2022-06-13 03:25,0.000000,178,1.0000,0
G,1655090760,2022-06-13 03:26,0.000000,178,1.0000,0
G,1655090820,2022-06-13 03:27,0.000000,178,0.9888,0
G,1655090880,2022-06-13 03:28,0.000000,178,0.9831,0
G,1655090940,2022-06-13 03:29,0.000000,178,0.9663,0
G,1655091000,2022-06-13 03:30,0.000000,178,0.9494,0
G,1655091060,2022-06-13 03:31,0.000000,178,1.0000,0
G,1655091120,2022-06-13 03:32,0.000000,178,1.0000,0
G,1655091180,2022-06-13 03:33,0.000000,178,1.0000,0
G,1655091240,2022-06-13 03:34,0.000000,178,1.0000,0
G,1655091300,2022-06-13 03:35,0.000000,178,1.0000,0
G,1655091360,2022-06-13 03:36,0.000000,178,1.0000,0
G,1655091420,2022-06-13 03:37,0.000000,178,1.0000,0
G,1655091480,2022-06-13 03:38,0.000000,178,1.0000,0
G,1655091540,2022-06-13 03:39,0.000000,178,1.0000,0
G,1655091600,2022-06-13 03:40,0.000000,178,1.0000,0
G,1655091660,2022-06-13 03:41,0.000000,178,1.0000,0
G,1655091720,2022-06-13 03:42,0.000000,178,1.0000,0
G,1655091780,2022-06-13 03:43,0.000000,178,1.0000,0
G,1655091840,2022-06-13 03:44,0.000000,178,1.0000,0
G,1655091900,2022-06-13 03:45,0.000000,178,1.0000,0
G,1655091960,2022-06-13 03:46,0.000000,178,1.0000,0
G,1655092020,2022-06-13 03:47,0.000000,178,1.0000,0
G,1655092080,2022-06-13 03:48,0.000000,178,1.0000,0
G,1655092140,2022-06-13 03:49,0.000000,178,1.0000,0
G,1655092200,2022-06-13 03:50,0.000000,178,1.0000,0
G,1655092260,2022-06-13 03:51,0.000000,178,1.0000,0
G,1655092320,2022-06-13 03:52,0.000000,178,1.0000,0
G,1655092380,2022-06-13 03:53,0.000000,178,1.0000,0
G,1655092440,2022-06-13 03:54,0.000000,178,1.0000,0
G,1655092500,2022-06-13 03:55,0.000000,179,1.0000,0
G,1655092560,2022-06-13 03:56,0.000000,179,1.0000,0
G,1655092620,2022-06-13 03:57,0.000000,179,1.0000,0
G,1655092680,2022-06-13 03:58,0.000000,179,1.0000,0
G,1655092740,2022-06-13 03:59,0.000000,179,1.0000,0
G,1655092800,2022-06-13 04:00,0.000000,179,1.0000,0
G,1655092860,2022-06-13 04:01,0.000000,179,1.0000,0
G,1655092920,2022-06-13 04:02,0.000000,179,1.0000,0
G,1655092980,2022-06-13 04:03,0.000000,179,1.0000,0
G,1655093040,2022-06-13 04:04,0.000000,178,1.0000,0
G,1655093100,2022-06-13 04:05,0.000000,178,1.0000,0
G,1655093160,2022-06-13 04:06,0.000000,178,1.0000,0
G,1655093220,2022-06-13 04:07,0.000000,177,1.0000,0
G,1655093280,2022-06-13 04:08,0.000000,178,1.0000,0
G,1655093340,2022-06-13 04:09,0.000000,178,1.0000,0
G,1655093400,2022-06-13 04:10,0.000000,178,1.0000,0
G,1655093460,2022-06-13 04:11,0.000000,179,1.0000,0
G,1655093520,2022-06-13 04:12,0.000000,180,1.0000,0
G,1655093580,2022-06-13 04:13,0.000000,179,1.0000,0
G,1655093640,2022-06-13 04:14,0.000000,179,1.0000,0
G,1655093700,2022-06-13 04:15,0.000000,180,1.0000,0
G,1655093760,2022-06-13 04:16,0.000000,180,1.0000,0
G,1655093820,2022-06-13 04:17,0.000000,180,1.0000,0
G,1655093880,2022-06-13 04:18,0.000000,180,1.0000,0
G,1655093940,2022-06-13 04:19,0.000000,180,1.0000,0
G,1655094000,2022-06-13 04:20,0.000000,180,1.0000,0
G,1655094060,2022-06-13 04:21,0.000000,180,1.0000,0
G,1655094120,2022-06-13 04:22,0.000000,180,1.0000,0
G,1655094180,2022-06-13 04:23,0.000000,180,1.0000,0
G,1655094240,2022-06-13 04:24,0.000000,180,1.0000,0
G,1655094300,2022-06-13 04:25,0.000000,180,1.0000,0
G,1655094360,2022-06-13 04:26,0.000000,180,1.0000,0
G,1655094420,2022-06-13 04:27,0.000000,180,0.9889,0
G,1655094480,2022-06-13 04:28,0.000000,180,0.9722,0
G,1655094540,2022-06-13 04:29,0.000000,180,0.9556,0
G,1655094600,2022-06-13 04:30,0.000000,180,1.0000,0
G,1655094660,2022-06-13 04:31,0.000000,181,1.0000,0
G,1655094720,2022-06-13 04:32,0.000000,180,1.0000,0
G,1655094780,2022-06-13 04:33,0.000000,180,1.0000,0
G,1655094840,2022-06-13 04:34,0.000000,180,1.0000,0
G,1655094900,2022-06-13 04:35,0.000000,180,1.0000,0
G,1655094960,2022-06-13 04:36,0.000000,179,1.0000,0
G,1655095020,2022-06-13 04:37,0.000000,178,1.0000,0
G,1655095080,2022-06-13 04:38,0.000000,178,1.0000,0
G,1655095140,2022-06-13 04:39,0.000000,177,1.0000,0
G,1655095200,2022-06-13 04:40,0.000000,178,1.0000,0
G,1655095260,2022-06-13 04:41,0.000000,177,1.0000,0
G,1655095320,2022-06-13 04:42,0.000000,177,1.0000,0
G,1655095380,2022-06-13 04:43,0.000000,177,1.0000,0
G,1655095440,2022-06-13 04:44,0.000000,177,1.0000,0
G,1655095500,2022-06-13 04:45,0.000000,177,1.0000,0
G,1655095560,2022-06-13 04:46,0.000000,177,1.0000,0
G,1655095620,2022-06-13 04:47,0.000000,177,1.0000,0
G,1655095680,2022-06-13 04:48,0.000000,177,1.0000,0
G,1655095740,2022-06-13 04:49,0.000000,177,1.0000,0
G,1655095800,2022-06-13 04:50,0.000000,177,1.0000,0
G,1655095860,2022-06-13 04:51,0.000000,177,1.0000,0
G,1655095920,2022-06-13 04:52,0.000000,177,1.0000,0
G,1655095980,2022-06-13 04:53,0.000000,177,1.0000,0
G,1655096040,2022-06-13 04:54,0.000000,177,1.0000,0
G,1655096100,2022-06-13 04:55,0.000000,177,1.0000,0
G,1655096160,2022-06-13 04:56,0.000000,177,1.0000,0
G,1655096220,2022-06-13 04:57,0.000000,177,1.0000,0
G,1655096280,2022-06-13 04:58,0.000000,177,1.0000,0
G,1655096340,2022-06-13 04:59,0.000000,177,1.0000,0
G,1655096400,2022-06-13 05:00,0.000000,177,1.0000,0
G,1655096460,2022-06-13 05:01,0.000000,177,1.0000,0
H,1655101260,2022-06-13 06:21,1.000000,8,0.0000,0
H,1655101320,2022-06-13 06:22,1.000000,18,0.0000,0
H,1655101380,2022-06-13 06:23,1.000000,28,0.0000,0
H,1655101440,2022-06-13 06:24,0.526316,38,0.3158,0
H,1655101500,2022-06-13 06:25,0.416667,48,0.3542,0
H,1655101560,2022-06-13 06:26,0.379310,58,0.2931,0
H,1655101620,2022-06-13 06:27,0.470588,68,0.2500,0
H,1655101680,2022-06-13 06:28,0.538462,78,0.2179,0
H,1655101740,2022-06-13 06:29,0.581395,86,0.1977,0
H,1655101800,2022-06-13 06:30,0.621053,95,0.1789,0
H,1655101860,2022-06-13 06:31,0.571429,105,0.1619,0
H,1655101920,2022-06-13 06:32,0.556522,115,0.1478,0
H,1655101980,2022-06-13 06:33,0.588710,124,0.1371,0
H,1655102040,2022-06-13 06:34,0.619403,134,0.1269,0
H,1655102100,2022-06-13 06:35,0.645833,144,0.1181,0
H,1655102160,2022-06-13 06:36,0.666667,153,0.1111,0
H,1655102220,2022-06-13 06:37,0.685185,162,0.1049,0
H,1655102280,2022-06-13 06:38,0.703488,172,0.0988,0
H,1655102340,2022-06-13 06:39,0.718232,181,0.0939,0
H,1655102400,2022-06-13 06:40,0.732984,191,0.0890,0
H,1655102460,2022-06-13 06:41,0.746269,201,0.0846,0
H,1655102520,2022-06-13 06:42,0.758294,211,0.0806,0
H,1655102580,2022-06-13 06:43,0.768182,220,0.0773,0
H,1655102640,2022-06-13 06:44,0.778261,230,0.0739,0
H,1655102700,2022-06-13 06:45,0.787500,240,0.0708,0
H,1655102760,2022-06-13 06:46,0.796000,250,0.0680,0
H,1655102820,2022-06-13 06:47,0.803089,259,0.0656,0
H,1655102880,2022-06-13 06:48,0.810409,269,0.0632,0
H,1655102940,2022-06-13 06:49,0.817204,279,0.0609,0
H,1655103000,2022-06-13 06:50,0.823529,289,0.0588,0
H,1655103060,2022-06-13 06:51,0.820000,300,0.0567,0
H,1655103120,2022-06-13 06:52,0.806452,310,0.0548,0
H,1655103180,2022-06-13 06:53,0.790625,320,0.0531,0
H,1655103240,2022-06-13 06:54,0.796970,330,0.0515,0
H,1655103300,2022-06-13 06:55,0.764706,340,0.0500,0
H,1655103360,2022-06-13 06:56,0.771429,350,0.0486,0
H,1655103420,2022-06-13 06:57,0.772222,360,0.0472,0
H,1655103480,2022-06-13 06:58,0.764865,370,0.0459,0
H,1655103540,2022-06-13 06:59,0.765789,380,0.0447,0
H,1655103600,2022-06-13 07:00,0.768638,389,0.0437,0
H,1655103660,2022-06-13 07:01,0.773300,397,0.0428,0
H,1655103720,2022-06-13 07:02,0.778870,407,0.0418,0
H,1655103780,2022-06-13 07:03,0.783654,416,0.0409,0
H,1655103840,2022-06-13 07:04,0.788235,425,0.0400,0
H,1655103900,2022-06-13 07:05,0.781106,434,0.0392,0
H,1655103960,2022-06-13 07:06,0.786036,444,0.0383,0
H,1655104020,2022-06-13 07:07,0.790749,454,0.0374,0
H,1655104080,2022-06-13 07:08,0.794816,463,0.0367,0
H,1655104140,2022-06-13 07:09,0.799154,473,0.0359,0
H,1655104200,2022-06-13 07:10,0.803313,483,0.0352,0
H,1655104260,2022-06-13 07:11,0.807302,493,0.0345,0
H,1655104320,2022-06-13 07:12,0.802789,502,0.0339,0
H,1655104380,2022-06-13 07:13,0.806641,512,0.0332,0
H,1655104440,2022-06-13 07:14,0.810345,522,0.0326,0
H,1655104500,2022-06-13 07:15,0.813559,531,0.0320,0
H,1655104560,2022-06-13 07:16,0.813653,542,0.0314,0
H,1655104620,2022-06-13 07:17,0.817029,552,0.0308,0
H,1655104680,2022-06-13 07:18,0.819964,561,0.0303,0
H,1655104740,2022-06-13 07:19,0.823117,571,0.0298,0
H,1655104800,2022-06-13 07:20,0.826162,581,0.0293,0
H,1655104860,2022-06-13 07:21,0.802405,582,0.0533,0
H,1655104920,2022-06-13 07:22,0.795533,582,0.0601,0
H,1655104980,2022-06-13 07:23,0.828179,582,0.0498,0
H,1655105040,2022-06-13 07:24,0.846816,581,0.0310,0
H,1655105100,2022-06-13 07:25,0.851468,579,0.0311,0
H,1655105160,2022-06-13 07:26,0.851211,578,0.0311,0
H,1655105220,2022-06-13 07:27,0.851211,578,0.0311,0
H,1655105280,2022-06-13 07:28,0.870017,577,0.0312,0
H,1655105340,2022-06-13 07:29,0.870466,579,0.0311,0
H,1655105400,2022-06-13 07:30,0.870690,580,0.0310,0
H,1655105460,2022-06-13 07:31,0.870690,580,0.0310,0
H,1655105520,2022-06-13 07:32,0.870690,580,0.0310,0
H,1655105580,2022-06-13 07:33,0.869191,581,0.0310,0
H,1655105640,2022-06-13 07:34,0.869191,581,0.0310,0
H,1655105700,2022-06-13 07:35,0.881239,581,0.0310,0
H,1655105760,2022-06-13 07:36,0.890034,582,0.0309,0
H,1655105820,2022-06-13 07:37,0.890034,582,0.0309,0
H,1655105880,2022-06-13 07:38,0.883162,582,0.0309,0
H,1655105940,2022-06-13 07:39,0.857388,582,0.0309,0
H,1655106000,2022-06-13 07:40,0.821306,582,0.0309,0
H,1655106060,2022-06-13 07:41,0.798969,582,0.0309,0
H,1655106120,2022-06-13 07:42,0.808950,581,0.0310,0
H,1655106180,2022-06-13 07:43,0.781787,582,0.0309,0
H,1655106240,2022-06-13 07:44,0.797251,582,0.0309,0
H,1655106300,2022-06-13 07:45,0.771084,581,0.0310,0
H,1655106360,2022-06-13 07:46,0.767642,581,0.0310,0
H,1655106420,2022-06-13 07:47,0.757732,582,0.0309,0
H,1655106480,2022-06-13 07:48,0.764605,582,0.0309,0
H,1655106540,2022-06-13 07:49,0.764605,582,0.0309,0
H,1655106600,2022-06-13 07:50,0.760345,580,0.0310,0
H,1655106660,2022-06-13 07:51,0.746114,579,0.0311,0
H,1655106720,2022-06-13 07:52,0.746114,579,0.0311,0
H,1655106780,2022-06-13 07:53,0.746114,579,0.0311,0
H,1655106840,2022-06-13 07:54,0.746114,579,0.0311,0
H,1655106900,2022-06-13 07:55,0.746114,579,0.0311,0
H,1655106960,2022-06-13 07:56,0.746114,579,0.0311,0
H,1655107020,2022-06-13 07:57,0.745675,578,0.0311,0
H,1655107080,2022-06-13 07:58,0.745234,577,0.0312,0
H,1655107140,2022-06-13 07:59,0.744792,576,0.0312,0
H,1655107200,2022-06-13 08:00,0.739130,575,0.0313,0
H,1655107260,2022-06-13 08:01,0.740035,577,0.0312,0
H,1655107320,2022-06-13 08:02,0.722222,576,0.0312,0
H,1655107380,2022-06-13 08:03,0.721739,575,0.0313,0
H,1655107440,2022-06-13 08:04,0.718750,576,0.0312,0
H,1655107500,2022-06-13 08:05,0.715771,577,0.0312,0
H,1655107560,2022-06-13 08:06,0.715278,576,0.0312,0
H,1655107620,2022-06-13 08:07,0.692174,575,0.0313,0
H,1655107680,2022-06-13 08:08,0.684028,576,0.0312,0
H,1655107740,2022-06-13 08:09,0.683478,575,0.0313,0
H,1655107800,2022-06-13 08:10,0.678261,575,0.0313,0
H,1655107860,2022-06-13 08:11,0.677700,574,0.0314,0
H,1655107920,2022-06-13 08:12,0.669565,575,0.0313,0
H,1655107980,2022-06-13 08:13,0.669565,575,0.0313,0
H,1655108040,2022-06-13 08:14,0.664348,575,0.0313,0
H,1655108100,2022-06-13 08:15,0.662045,577,0.0312,0
H,1655108160,2022-06-13 08:16,0.642361,576,0.0312,0
H,1655108220,2022-06-13 08:17,0.642361,576,0.0312,0
H,1655108280,2022-06-13 08:18,0.639515,577,0.0312,0
H,1655108340,2022-06-13 08:19,0.634315,577,0.0312,0
H,1655108400,2022-06-13 08:20,0.641739,575,0.0226,0
H,1655108460,2022-06-13 08:21,0.667826,575,0.0000,0
H,1655108520,2022-06-13 08:22,0.667247,574,0.0000,0
H,1655108580,2022-06-13 08:23,0.667247,574,0.0000,0
H,1655108640,2022-06-13 08:24,0.667247,574,0.0000,0
H,1655108700,2022-06-13 08:25,0.666667,576,0.0000,0
H,1655108760,2022-06-13 08:26,0.646447,577,0.0000,0
H,1655108820,2022-06-13 08:27,0.651646,577,0.0000,0
H,1655108880,2022-06-13 08:28,0.660312,577,0.0000,0
H,1655108940,2022-06-13 08:29,0.688042,577,0.0000,0
H,1655109000,2022-06-13 08:30,0.684575,577,0.0000,0
H,1655109060,2022-06-13 08:31,0.686308,577,0.0000,0
H,1655109120,2022-06-13 08:32,0.700173,577,0.0000,0
H,1655109180,2022-06-13 08:33,0.704861,576,0.0000,0
H,1655109240,2022-06-13 08:34,0.678819,576,0.0000,0
H,1655109300,2022-06-13 08:35,0.661458,576,0.0226,0
H,1655109360,2022-06-13 08:36,0.666087,575,0.0243,0
H,1655109420,2022-06-13 08:37,0.656250,576,0.0260,0
H,1655109480,2022-06-13 08:38,0.659722,576,0.0260,0
H,1655109540,2022-06-13 08:39,0.636049,577,0.0295,0
H,1655109600,2022-06-13 08:40,0.628472,576,0.0295,0
H,1655109660,2022-06-13 08:41,0.631944,576,0.0538,0
H,1655109720,2022-06-13 08:42,0.630849,577,0.0971,0
H,1655109780,2022-06-13 08:43,0.611111,576,0.0972,0
H,1655109840,2022-06-13 08:44,0.633681,576,0.0972,0
H,1655109900,2022-06-13 08:45,0.631763,573,0.0977,0
H,1655109960,2022-06-13 08:46,0.626527,573,0.1030,0
H,1655110020,2022-06-13 08:47,0.625874,572,0.1031,0
H,1655110080,2022-06-13 08:48,0.627622,572,0.1031,0
H,1655110140,2022-06-13 08:49,0.645614,570,0.1035,0
H,1655110200,2022-06-13 08:50,0.618214,571,0.1243,0
H,1655110260,2022-06-13 08:51,0.611208,571,0.1296,0
H,1655110320,2022-06-13 08:52,0.633975,571,0.1296,0
H,1655110380,2022-06-13 08:53,0.628070,570,0.1298,0
H,1655110440,2022-06-13 08:54,0.608772,570,0.1298,0
H,1655110500,2022-06-13 08:55,0.600352,568,0.1514,0
H,1655110560,2022-06-13 08:56,0.607394,568,0.1514,0
H,1655110620,2022-06-13 08:57,0.588028,568,0.1514,0
H,1655110680,2022-06-13 08:58,0.596491,570,0.1509,0
H,1655110740,2022-06-13 08:59,0.598949,571,0.1506,0
H,1655110800,2022-06-13 09:00,0.600349,573,0.1501,0
H,1655110860,2022-06-13 09:01,0.601045,574,0.1498,0
H,1655110920,2022-06-13 09:02,0.574913,574,0.1498,0
H,1655110980,2022-06-13 09:03,0.554783,575,0.1896,0
H,1655111040,2022-06-13 09:04,0.540870,575,0.1948,0
H,1655111100,2022-06-13 09:05,0.532174,575,0.2000,0
H,1655111160,2022-06-13 09:06,0.524306,576,0.1997,0
H,1655111220,2022-06-13 09:07,0.540870,575,0.2000,0
H,1655111280,2022-06-13 09:08,0.509565,575,0.2191,0
H,1655111340,2022-06-13 09:09,0.494755,572,0.2448,0
H,1655111400,2022-06-13 09:10,0.479021,572,0.2552,0
H,1655111460,2022-06-13 09:11,0.488656,573,0.2548,0
H,1655111520,2022-06-13 09:12,0.478185,573,0.2548,0
H,1655111580,2022-06-13 09:13,0.466667,570,0.2561,0
H,1655111640,2022-06-13 09:14,0.455185,569,0.2794,0
H,1655111700,2022-06-13 09:15,0.433862,567,0.3104,0
H,1655111760,2022-06-13 09:16,0.423280,567,0.3192,0
H,1655111820,2022-06-13 09:17,0.405644,567,0.3510,0
H,1655111880,2022-06-13 09:18,0.391534,567,0.3774,0
H,1655111940,2022-06-13 09:19,0.373898,567,0.3915,0
H,1655112000,2022-06-13 09:20,0.358524,569,0.3902,0
H,1655112060,2022-06-13 09:21,0.343310,568,0.4102,0
H,1655112120,2022-06-13 09:22,0.327465,568,0.4243,0
H,1655112180,2022-06-13 09:23,0.310406,567,0.4409,0
H,1655112240,2022-06-13 09:24,0.294014,568,0.4665,0
H,1655112300,2022-06-13 09:25,0.276896,567,0.4762,0
H,1655112360,2022-06-13 09:26,0.259259,567,0.4938,0
H,1655112420,2022-06-13 09:27,0.247350,566,0.4947,0
H,1655112480,2022-06-13 09:28,0.231041,567,0.4956,0
H,1655112540,2022-06-13 09:29,0.229682,566,0.4965,0
H,1655112600,2022-06-13 09:30,0.226148,566,0.4965,0
H,1655112660,2022-06-13 09:31,0.219469,565,0.4973,0
H,1655112720,2022-06-13 09:32,0.224779,565,0.4938,0
H,1655112780,2022-06-13 09:33,0.234568,567,0.4921,0
H,1655112840,2022-06-13 09:34,0.231041,567,0.5044,0
H,1655112900,2022-06-13 09:35,0.229277,567,0.5044,0
H,1655112960,2022-06-13 09:36,0.236332,567,0.4832,0
H,1655113020,2022-06-13 09:37,0.234568,567,0.5291,0
H,1655113080,2022-06-13 09:38,0.217314,566,0.5336,0
H,1655113140,2022-06-13 09:39,0.224417,557,0.5189,0
H,1655113200,2022-06-13 09:40,0.244123,553,0.5099,0
H,1655113260,2022-06-13 09:41,0.240942,552,0.5399,0
H,1655113320,2022-06-13 09:42,0.222826,552,0.5543,0
H,1655113380,2022-06-13 09:43,0.206148,553,0.5588,0
H,1655113440,2022-06-13 09:44,0.189091,550,0.5927,0
H,1655113500,2022-06-13 09:45,0.180147,544,0.5993,0
H,1655113560,2022-06-13 09:46,0.164794,534,0.6105,0
H,1655113620,2022-06-13 09:47,0.150476,525,0.6210,0
H,1655113680,2022-06-13 09:48,0.137143,525,0.6343,0
H,1655113740,2022-06-13 09:49,0.146388,526,0.6236,0
H,1655113800,2022-06-13 09:50,0.136622,527,0.6376,0
H,1655113860,2022-06-13 09:51,0.117871,526,0.6445,0
H,1655113920,2022-06-13 09:52,0.120155,516,0.6337,0
H,1655113980,2022-06-13 09:53,0.122288,507,0.6450,0
H,1655114040,2022-06-13 09:54,0.104628,497,0.6579,0
H,1655114100,2022-06-13 09:55,0.094949,495,0.6606,0
H,1655114160,2022-06-13 09:56,0.117409,494,0.6619,0
H,1655114220,2022-06-13 09:57,0.117409,494,0.6619,0
H,1655114280,2022-06-13 09:58,0.104723,487,0.6715,0
H,1655114340,2022-06-13 09:59,0.092243,477,0.6855,0
H,1655114400,2022-06-13 10:00,0.094218,467,0.6938,0
H,1655114460,2022-06-13 10:01,0.096491,456,0.6776,0
H,1655114520,2022-06-13 10:02,0.098434,447,0.6868,0
H,1655114580,2022-06-13 10:03,0.100457,438,0.6758,0
H,1655114640,2022-06-13 10:04,0.102804,428,0.6589,0
H,1655114700,2022-06-13 10:05,0.105263,418,0.6699,0
H,1655114760,2022-06-13 10:06,0.107843,408,0.6544,0
H,1655114820,2022-06-13 10:07,0.110000,400,0.6575,0
H,1655114880,2022-06-13 10:08,0.112821,390,0.6744,0
H,1655114940,2022-06-13 10:09,0.114583,384,0.6849,0
H,1655115000,2022-06-13 10:10,0.117647,374,0.7032,0
H,1655115060,2022-06-13 10:11,0.120879,364,0.6978,0
H,1655115120,2022-06-13 10:12,0.124294,354,0.6921,0
H,1655115180,2022-06-13 10:13,0.126801,347,0.6916,0
H,1655115240,2022-06-13 10:14,0.133136,338,0.7041,0
H,1655115300,2022-06-13 10:15,0.136778,329,0.6960,0
H,1655115360,2022-06-13 10:16,0.141066,319,0.6865,0
H,1655115420,2022-06-13 10:17,0.145631,309,0.6440,0
H,1655115480,2022-06-13 10:18,0.150502,299,0.6522,0
H,1655115540,2022-06-13 10:19,0.162630,289,0.6298,0
H,1655115600,2022-06-13 10:20,0.168459,279,0.6165,0
H,1655115660,2022-06-13 10:21,0.173432,271,0.6052,0
H,1655115720,2022-06-13 10:22,0.183206,262,0.5840,0
H,1655115780,2022-06-13 10:23,0.201581,253,0.5929,0
H,1655115840,2022-06-13 10:24,0.209877,243,0.5802,0
H,1655115900,2022-06-13 10:25,0.217949,234,0.5000,0
H,1655115960,2022-06-13 10:26,0.227679,224,0.4777,0
H,1655116020,2022-06-13 10:27,0.241860,215,0.4837,0
H,1655116080,2022-06-13 10:28,0.297561,205,0.4878,0
H,1655116140,2022-06-13 10:29,0.311224,196,0.4490,0
H,1655116200,2022-06-13 10:30,0.284946,186,0.4624,0
H,1655116260,2022-06-13 10:31,0.307263,179,0.4078,0
H,1655116320,2022-06-13 10:32,0.272222,180,0.4056,0
H,1655116380,2022-06-13 10:33,0.284916,179,0.3408,0
H,1655116440,2022-06-13 10:34,0.307263,179,0.2737,0
H,1655116500,2022-06-13 10:35,0.290503,179,0.3464,0
H,1655116560,2022-06-13 10:36,0.329609,179,0.3464,0
H,1655116620,2022-06-13 10:37,0.404494,178,0.3483,0
H,1655116680,2022-06-13 10:38,0.393258,178,0.4101,0
H,1655116740,2022-06-13 10:39,0.363636,187,0.4813,0
H,1655116800,2022-06-13 10:40,0.326425,193,0.4663,0
H,1655116860,2022-06-13 10:41,0.302083,192,0.4375,0
H,1655116920,2022-06-13 10:42,0.317708,192,0.4010,0
H,1655116980,2022-06-13 10:43,0.329843,191,0.5550,0
H,1655117040,2022-06-13 10:44,0.343750,192,0.5156,0
H,1655117100,2022-06-13 10:45,0.320197,203,0.5911,0
H,1655117160,2022-06-13 10:46,0.305164,213,0.6056,0
H,1655117220,2022-06-13 10:47,0.292793,222,0.6171,0
H,1655117280,2022-06-13 10:48,0.333333,222,0.6081,0
H,1655117340,2022-06-13 10:49,0.292793,222,0.6351,0
H,1655117400,2022-06-13 10:50,0.257919,221,0.6561,0
H,1655117460,2022-06-13 10:51,0.208145,221,0.6697,0
H,1655117520,2022-06-13 10:52,0.194805,231,0.7013,0
H,1655117580,2022-06-13 10:53,0.188285,239,0.7322,0
H,1655117640,2022-06-13 10:54,0.190083,242,0.7231,0
H,1655117700,2022-06-13 10:55,0.169492,236,0.7415,0
H,1655117760,2022-06-13 10:56,0.136564,227,0.7709,0
H,1655117820,2022-06-13 10:57,0.100917,218,0.8028,0
H,1655117880,2022-06-13 10:58,0.109091,220,0.7955,0
H,1655117940,2022-06-13 10:59,0.128889,225,0.7778,0
H,1655118000,2022-06-13 11:00,0.158798,233,0.7511,0
H,1655118060,2022-06-13 11:01,0.172996,237,0.7384,0
H,1655118120,2022-06-13 11:02,0.176471,238,0.7353,0
H,1655118180,2022-06-13 11:03,0.203252,246,0.7114,0
H,1655118240,2022-06-13 11:04,0.190661,257,0.6809,0
H,1655118300,2022-06-13 11:05,0.220974,267,0.6554,0
H,1655118360,2022-06-13 11:06,0.184116,277,0.6318,0
H,1655118420,2022-06-13 11:07,0.177700,287,0.7073,0
H,1655118480,2022-06-13 11:08,0.171717,297,0.7071,0
H,1655118540,2022-06-13 11:09,0.175896,307,0.6906,0
H,1655118600,2022-06-13 11:10,0.164038,317,0.7224,0
H,1655118660,2022-06-13 11:11,0.137615,327,0.7554,0
H,1655118720,2022-06-13 11:12,0.133531,337,0.7537,0
H,1655118780,2022-06-13 11:13,0.126437,348,0.7529,0
H,1655118840,2022-06-13 11:14,0.103933,356,0.7360,0
H,1655118900,2022-06-13 11:15,0.079235,366,0.7514,0
H,1655118960,2022-06-13 11:16,0.077333,375,0.7680,0
H,1655119020,2022-06-13 11:17,0.070312,384,0.7578,0
H,1655119080,2022-06-13 11:18,0.071247,393,0.7812,0
H,1655119140,2022-06-13 11:19,0.069136,405,0.8123,0
H,1655119200,2022-06-13 11:20,0.067633,414,0.8140,0
H,1655119260,2022-06-13 11:21,0.066038,424,0.8160,0
H,1655119320,2022-06-13 11:22,0.064516,434,0.8180,0
H,1655119380,2022-06-13 11:23,0.056561,442,0.8054,0
H,1655119440,2022-06-13 11:24,0.075388,451,0.7894,0
H,1655119500,2022-06-13 11:25,0.082609,460,0.7739,0
H,1655119560,2022-06-13 11:26,0.064103,468,0.7607,0
H,1655119620,2022-06-13 11:27,0.083682,478,0.7448,0
H,1655119680,2022-06-13 11:28,0.098361,488,0.7582,0
H,1655119740,2022-06-13 11:29,0.116466,498,0.7430,0
H,1655119800,2022-06-13 11:30,0.112648,506,0.7411,0
H,1655119860,2022-06-13 11:31,0.108949,514,0.7607,0
H,1655119920,2022-06-13 11:32,0.103113,514,0.7549,0
H,1655119980,2022-06-13 11:33,0.103314,513,0.7505,0
H,1655120040,2022-06-13 11:34,0.109589,511,0.7417,0
H,1655120100,2022-06-13 11:35,0.125490,510,0.7255,0
H,1655120160,2022-06-13 11:36,0.129412,510,0.7000,0
H,1655120220,2022-06-13 11:37,0.119374,511,0.6967,0
H,1655120280,2022-06-13 11:38,0.088063,511,0.6791,0
H,1655120340,2022-06-13 11:39,0.082353,510,0.6961,0
H,1655120400,2022-06-13 11:40,0.078740,508,0.7106,0
H,1655120460,2022-06-13 11:41,0.076621,509,0.7250,0
H,1655120520,2022-06-13 11:42,0.051081,509,0.7308,0
H,1655120580,2022-06-13 11:43,0.058939,509,0.7308,0
H,1655120640,2022-06-13 11:44,0.060784,510,0.7333,0
H,1655120700,2022-06-13 11:45,0.055010,509,0.7092,0
H,1655120760,2022-06-13 11:46,0.064833,509,0.6660,0
H,1655120820,2022-06-13 11:47,0.047151,509,0.6660,0
H,1655120880,2022-06-13 11:48,0.059055,508,0.6673,0
H,1655120940,2022-06-13 11:49,0.060904,509,0.6424,0
H,1655121000,2022-06-13 11:50,0.056974,509,0.6424,0
H,1655121060,2022-06-13 11:51,0.072549,510,0.6510,0
H,1655121120,2022-06-13 11:52,0.058708,511,0.6751,0
H,1655121180,2022-06-13 11:53,0.046875,512,0.7051,0
H,1655121240,2022-06-13 11:54,0.040462,519,0.7283,0
H,1655121300,2022-06-13 11:55,0.039698,529,0.7221,0
H,1655121360,2022-06-13 11:56,0.038961,539,0.7124,0
H,1655121420,2022-06-13 11:57,0.038251,549,0.7213,0
H,1655121480,2022-06-13 11:58,0.037975,553,0.7450,0
H,1655121540,2022-06-13 11:59,0.037634,558,0.7455,0
H,1655121600,2022-06-13 12:00,0.037567,559,0.7478,0
H,1655121660,2022-06-13 12:01,0.037168,565,0.7699,0
H,1655121720,2022-06-13 12:02,0.036585,574,0.7718,0
H,1655121780,2022-06-13 12:03,0.036458,576,0.7691,0
H,1655121840,2022-06-13 12:04,0.036649,573,0.7661,0
H,1655121900,2022-06-13 12:05,0.045455,572,0.7517,0
H,1655121960,2022-06-13 12:06,0.045455,572,0.7448,0
H,1655122020,2022-06-13 12:07,0.045455,572,0.7622,0
H,1655122080,2022-06-13 12:08,0.045455,572,0.7622,0
H,1655122140,2022-06-13 12:09,0.045534,571,0.7671,0
H,1655122200,2022-06-13 12:10,0.045534,571,0.7618,0
H,1655122260,2022-06-13 12:11,0.045775,568,0.7588,0
H,1655122320,2022-06-13 12:12,0.046429,560,0.7089,0
H,1655122380,2022-06-13 12:13,0.047016,553,0.7143,0
H,1655122440,2022-06-13 12:14,0.046847,555,0.7135,0
H,1655122500,2022-06-13 12:15,0.046847,555,0.6937,0
H,1655122560,2022-06-13 12:16,0.048561,556,0.6853,0
H,1655122620,2022-06-13 12:17,0.046679,557,0.6894,0
H,1655122680,2022-06-13 12:18,0.046679,557,0.6768,0
H,1655122740,2022-06-13 12:19,0.063177,554,0.6588,0
H,1655122800,2022-06-13 12:20,0.075676,555,0.6306,0
H,1655122860,2022-06-13 12:21,0.079422,554,0.6282,0
H,1655122920,2022-06-13 12:22,0.079422,554,0.6083,0
H,1655122980,2022-06-13 12:23,0.086176,557,0.6266,0
H,1655123040,2022-06-13 12:24,0.104129,557,0.6266,0
H,1655123100,2022-06-13 12:25,0.095153,557,0.6266,0
H,1655123160,2022-06-13 12:26,0.080501,559,0.6261,0
H,1655123220,2022-06-13 12:27,0.062612,559,0.6583,0
H,1655123280,2022-06-13 12:28,0.053860,557,0.6661,0
H,1655123340,2022-06-13 12:29,0.050269,557,0.6661,0
H,1655123400,2022-06-13 12:30,0.050179,558,0.6720,0
H,1655123460,2022-06-13 12:31,0.048301,559,0.6744,0
H,1655123520,2022-06-13 12:32,0.041219,558,0.7133,0
H,1655123580,2022-06-13 12:33,0.039356,559,0.7424,0
H,1655123640,2022-06-13 12:34,0.039216,561,0.7647,0
H,1655123700,2022-06-13 12:35,0.039216,561,0.7380,0
H,1655123760,2022-06-13 12:36,0.042857,560,0.7536,0
H,1655123820,2022-06-13 12:37,0.060606,561,0.7433,0
H,1655123880,2022-06-13 12:38,0.070018,557,0.7217,0
H,1655123940,2022-06-13 12:39,0.071168,548,0.7099,0
H,1655124000,2022-06-13 12:40,0.076067,539,0.7013,0
H,1655124060,2022-06-13 12:41,0.078358,536,0.7052,0
H,1655124120,2022-06-13 12:42,0.076493,536,0.7034,0
H,1655124180,2022-06-13 12:43,0.074488,537,0.7542,0
H,1655124240,2022-06-13 12:44,0.079777,539,0.7885,0
H,1655124300,2022-06-13 12:45,0.081784,538,0.7807,0
H,1655124360,2022-06-13 12:46,0.081784,538,0.7807,0
H,1655124420,2022-06-13 12:47,0.081784,538,0.7825,0
H,1655124480,2022-06-13 12:48,0.081784,538,0.7881,0
H,1655124540,2022-06-13 12:49,0.081937,537,0.7877,0
H,1655124600,2022-06-13 12:50,0.081937,537,0.7896,0
H,1655124660,2022-06-13 12:51,0.081937,537,0.7747,0
H,1655124720,2022-06-13 12:52,0.081937,537,0.7616,0
H,1655124780,2022-06-13 12:53,0.081937,537,0.7747,0
H,1655124840,2022-06-13 12:54,0.081937,537,0.7709,0
H,1655124900,2022-06-13 12:55,0.074627,536,0.7575,0
H,1655124960,2022-06-13 12:56,0.091589,535,0.7346,0
H,1655125020,2022-06-13 12:57,0.076779,534,0.7566,0
H,1655125080,2022-06-13 12:58,0.078799,533,0.7636,0
H,1655125140,2022-06-13 12:59,0.062030,532,0.7481,0
H,1655125200,2022-06-13 13:00,0.052731,531,0.7345,0
H,1655125260,2022-06-13 13:01,0.045283,530,0.7453,0
H,1655125320,2022-06-13 13:02,0.043396,530,0.7113,0
H,1655125380,2022-06-13 13:03,0.043396,530,0.7189,0
H,1655125440,2022-06-13 13:04,0.041276,533,0.7186,0
H,1655125500,2022-06-13 13:05,0.041121,535,0.7028,0
H,1655125560,2022-06-13 13:06,0.041276,533,0.6961,0
H,1655125620,2022-06-13 13:07,0.041431,531,0.6949,0
H,1655125680,2022-06-13 13:08,0.041431,531,0.7345,0
H,1655125740,2022-06-13 13:09,0.041985,524,0.7576,0
H,1655125800,2022-06-13 13:10,0.042065,523,0.7629,0
H,1655125860,2022-06-13 13:11,0.041825,526,0.7490,0
H,1655125920,2022-06-13 13:12,0.041985,524,0.7481,0
H,1655125980,2022-06-13 13:13,0.042308,520,0.7481,0
H,1655126040,2022-06-13 13:14,0.043137,510,0.7333,0
H,1655126100,2022-06-13 13:15,0.044000,500,0.7160,0
H,1655126160,2022-06-13 13:16,0.044444,495,0.7253,0
H,1655126220,2022-06-13 13:17,0.044534,494,0.7328,0
H,1655126280,2022-06-13 13:18,0.044355,496,0.7601,0
H,1655126340,2022-06-13 13:19,0.044266,497,0.7666,0
H,1655126400,2022-06-13 13:20,0.050302,497,0.7646,0
H,1655126460,2022-06-13 13:21,0.050302,497,0.7787,0
H,1655126520,2022-06-13 13:22,0.070423,497,0.7586,0
H,1655126580,2022-06-13 13:23,0.088889,495,0.7394,0
H,1655126640,2022-06-13 13:24,0.110664,497,0.7183,0
H,1655126700,2022-06-13 13:25,0.106426,498,0.6908,0
H,1655126760,2022-06-13 13:26,0.106426,498,0.6827,0
H,1655126820,2022-06-13 13:27,0.106426,498,0.6988,0
H,1655126880,2022-06-13 13:28,0.106640,497,0.6922,0
H,1655126940,2022-06-13 13:29,0.108830,487,0.6509,0
H,1655127000,2022-06-13 13:30,0.115063,478,0.6548,0
H,1655127060,2022-06-13 13:31,0.117773,467,0.6467,0
H,1655127120,2022-06-13 13:32,0.120350,457,0.6127,0
H,1655127180,2022-06-13 13:33,0.123043,447,0.6018,0
H,1655127240,2022-06-13 13:34,0.124434,442,0.6154,0
H,1655127300,2022-06-13 13:35,0.133484,442,0.6176,0
H,1655127360,2022-06-13 13:36,0.139640,444,0.6126,0
H,1655127420,2022-06-13 13:37,0.126984,441,0.6168,0
H,1655127480,2022-06-13 13:38,0.116972,436,0.6239,0
H,1655127540,2022-06-13 13:39,0.116972,436,0.6239,0
H,1655127600,2022-06-13 13:40,0.116972,436,0.6239,0
H,1655127660,2022-06-13 13:41,0.111369,431,0.6265,0
H,1655127720,2022-06-13 13:42,0.097448,431,0.6195,0
H,1655127780,2022-06-13 13:43,0.120930,430,0.6023,0
H,1655127840,2022-06-13 13:44,0.126168,428,0.6051,0
H,1655127900,2022-06-13 13:45,0.116822,428,0.6168,0
H,1655127960,2022-06-13 13:46,0.121495,428,0.6379,0
H,1655128020,2022-06-13 13:47,0.100467,428,0.6425,0
H,1655128080,2022-06-13 13:48,0.095794,428,0.6542,0
H,1655128140,2022-06-13 13:49,0.116550,429,0.6200,0
H,1655128200,2022-06-13 13:50,0.097674,430,0.6233,0
H,1655128260,2022-06-13 13:51,0.100000,430,0.6233,0
H,1655128320,2022-06-13 13:52,0.103044,427,0.6628,0
H,1655128380,2022-06-13 13:53,0.107477,428,0.6285,0
H,1655128440,2022-06-13 13:54,0.105140,428,0.6425,0
H,1655128500,2022-06-13 13:55,0.105140,428,0.6379,0
H,1655128560,2022-06-13 13:56,0.105140,428,0.6355,0
H,1655128620,2022-06-13 13:57,0.106977,430,0.6163,0
H,1655128680,2022-06-13 13:58,0.125581,430,0.5953,0
H,1655128740,2022-06-13 13:59,0.132558,430,0.5767,0
H,1655128800,2022-06-13 14:00,0.127315,432,0.5324,0
H,1655128860,2022-06-13 14:01,0.120092,433,0.5589,0
H,1655128920,2022-06-13 14:02,0.129330,433,0.5843,0
H,1655128980,2022-06-13 14:03,0.124711,433,0.5820,0
H,1655129040,2022-06-13 14:04,0.134571,431,0.6009,0
H,1655129100,2022-06-13 14:05,0.127907,430,0.6000,0
H,1655129160,2022-06-13 14:06,0.129930,431,0.6009,0
H,1655129220,2022-06-13 14:07,0.129630,432,0.6042,0
H,1655129280,2022-06-13 14:08,0.145833,432,0.5926,0
H,1655129340,2022-06-13 14:09,0.159091,440,0.5955,0
H,1655129400,2022-06-13 14:10,0.163636,440,0.5955,0
H,1655129460,2022-06-13 14:11,0.140909,440,0.6182,0
H,1655129520,2022-06-13 14:12,0.139013,446,0.6233,0
H,1655129580,2022-06-13 14:13,0.130820,451,0.6430,0
H,1655129640,2022-06-13 14:14,0.130435,460,0.6391,0
H,1655129700,2022-06-13 14:15,0.136170,470,0.6277,0
H,1655129760,2022-06-13 14:16,0.130526,475,0.6547,0
H,1655129820,2022-06-13 14:17,0.145877,473,0.6258,0
H,1655129880,2022-06-13 14:18,0.148305,472,0.6229,0
H,1655129940,2022-06-13 14:19,0.153017,464,0.6228,0
H,1655130000,2022-06-13 14:20,0.149780,454,0.6388,0
H,1655130060,2022-06-13 14:21,0.164045,445,0.6157,0
H,1655130120,2022-06-13 14:22,0.154023,435,0.6299,0
H,1655130180,2022-06-13 14:23,0.136150,426,0.6432,0
H,1655130240,2022-06-13 14:24,0.131894,417,0.6571,0
H,1655130300,2022-06-13 14:25,0.115942,414,0.6618,0
H,1655130360,2022-06-13 14:26,0.147343,414,0.6353,0
H,1655130420,2022-06-13 14:27,0.124694,409,0.6430,0
H,1655130480,2022-06-13 14:28,0.109453,402,0.6542,0
H,1655130540,2022-06-13 14:29,0.109453,402,0.6542,0
H,1655130600,2022-06-13 14:30,0.109453,402,0.6542,0
H,1655130660,2022-06-13 14:31,0.109453,402,0.6542,0
H,1655130720,2022-06-13 14:32,0.109453,402,0.6542,0
H,1655130780,2022-06-13 14:33,0.126829,410,0.6415,0
H,1655130840,2022-06-13 14:34,0.133172,413,0.6344,0
H,1655130900,2022-06-13 14:35,0.137931,406,0.6182,0
H,1655130960,2022-06-13 14:36,0.141414,396,0.6237,0
H,1655131020,2022-06-13 14:37,0.144330,388,0.6340,0
H,1655131080,2022-06-13 14:38,0.144330,388,0.6340,0
H,1655131140,2022-06-13 14:39,0.144330,388,0.6340,0
H,1655131200,2022-06-13 14:40,0.144330,388,0.6340,0
H,1655131260,2022-06-13 14:41,0.147287,387,0.6357,0
H,1655131320,2022-06-13 14:42,0.164491,383,0.6319,0
H,1655131380,2022-06-13 14:43,0.174935,383,0.6110,0
H,1655131440,2022-06-13 14:44,0.192105,380,0.5974,0
H,1655131500,2022-06-13 14:45,0.196765,371,0.5768,0
H,1655131560,2022-06-13 14:46,0.202216,361,0.5817,0
H,1655131620,2022-06-13 14:47,0.210227,352,0.5540,0
H,1655131680,2022-06-13 14:48,0.228986,345,0.5275,0
H,1655131740,2022-06-13 14:49,0.232353,340,0.5324,0
H,1655131800,2022-06-13 14:50,0.248521,338,0.5325,0
H,1655131860,2022-06-13 14:51,0.259146,328,0.5335,0
H,1655131920,2022-06-13 14:52,0.284404,327,0.4924,0
H,1655131980,2022-06-13 14:53,0.305994,317,0.5016,0
H,1655132040,2022-06-13 14:54,0.315961,307,0.5114,0
H,1655132100,2022-06-13 14:55,0.338926,298,0.4698,0
H,1655132160,2022-06-13 14:56,0.352941,289,0.4844,0
H,1655132220,2022-06-13 14:57,0.340426,282,0.4965,0
H,1655132280,2022-06-13 14:58,0.356115,278,0.4496,0
H,1655132340,2022-06-13 14:59,0.330961,281,0.4662,0
H,1655132400,2022-06-13 15:00,0.319149,282,0.4326,0
H,1655132460,2022-06-13 15:01,0.325000,280,0.4036,0
H,1655132520,2022-06-13 15:02,0.323741,278,0.3777,0
H,1655132580,2022-06-13 15:03,0.338129,278,0.3741,0
H,1655132640,2022-06-13 15:04,0.334532,278,0.3957,0
H,1655132700,2022-06-13 15:05,0.312950,278,0.3921,0
H,1655132760,2022-06-13 15:06,0.309353,278,0.3993,0
H,1655132820,2022-06-13 15:07,0.304659,279,0.4014,0
H,1655132880,2022-06-13 15:08,0.346570,277,0.3935,0
H,1655132940,2022-06-13 15:09,0.328520,277,0.3538,0
H,1655133000,2022-06-13 15:10,0.276978,278,0.4101,0
H,1655133060,2022-06-13 15:11,0.302158,278,0.4640,0
H,1655133120,2022-06-13 15:12,0.279570,279,0.4839,0
H,1655133180,2022-06-13 15:13,0.275618,283,0.4841,0
H,1655133240,2022-06-13 15:14,0.276596,282,0.4255,0
H,1655133300,2022-06-13 15:15,0.327402,281,0.4520,0
H,1655133360,2022-06-13 15:16,0.303571,280,0.4786,0
H,1655133420,2022-06-13 15:17,0.262411,282,0.5780,0
H,1655133480,2022-06-13 15:18,0.229682,283,0.6113,0
H,1655133540,2022-06-13 15:19,0.250859,291,0.5945,0
H,1655133600,2022-06-13 15:20,0.249169,301,0.5748,0
H,1655133660,2022-06-13 15:21,0.228296,311,0.5949,0
H,1655133720,2022-06-13 15:22,0.220497,322,0.6180,0
H,1655133780,2022-06-13 15:23,0.215152,330,0.6121,0
H,1655133840,2022-06-13 15:24,0.219585,337,0.6113,0
H,1655133900,2022-06-13 15:25,0.214076,341,0.6070,0
H,1655133960,2022-06-13 15:26,0.214076,341,0.6070,0
H,1655134020,2022-06-13 15:27,0.197674,344,0.6017,0
H,1655134080,2022-06-13 15:28,0.192090,354,0.6130,0
H,1655134140,2022-06-13 15:29,0.187328,363,0.6143,0
H,1655134200,2022-06-13 15:30,0.147453,373,0.6032,0
H,1655134260,2022-06-13 15:31,0.167539,382,0.5890,0
H,1655134320,2022-06-13 15:32,0.181586,391,0.5754,0
H,1655134380,2022-06-13 15:33,0.157761,393,0.5725,0
H,1655134440,2022-06-13 15:34,0.135550,391,0.6061,0
H,1655134500,2022-06-13 15:35,0.127820,399,0.5940,0
H,1655134560,2022-06-13 15:36,0.125000,408,0.6103,0
H,1655134620,2022-06-13 15:37,0.122010,418,0.6292,0
H,1655134680,2022-06-13 15:38,0.117096,427,0.6253,0
H,1655134740,2022-06-13 15:39,0.121281,437,0.6407,0
H,1655134800,2022-06-13 15:40,0.121348,445,0.6315,0
H,1655134860,2022-06-13 15:41,0.110132,454,0.6520,0
H,1655134920,2022-06-13 15:42,0.115721,458,0.6550,0
H,1655134980,2022-06-13 15:43,0.091503,459,0.6906,0
H,1655135040,2022-06-13 15:44,0.092308,455,0.7011,0
H,1655135100,2022-06-13 15:45,0.109914,464,0.6875,0
H,1655135160,2022-06-13 15:46,0.128692,474,0.6730,0
H,1655135220,2022-06-13 15:47,0.146694,484,0.6591,0
H,1655135280,2022-06-13 15:48,0.158859,491,0.6497,0
H,1655135340,2022-06-13 15:49,0.177419,496,0.6351,0
H,1655135400,2022-06-13 15:50,0.182731,498,0.6185,0
H,1655135460,2022-06-13 15:51,0.165354,508,0.6319,0
H,1655135520,2022-06-13 15:52,0.166994,509,0.6071,0
H,1655135580,2022-06-13 15:53,0.156371,518,0.6255,0
H,1655135640,2022-06-13 15:54,0.142045,528,0.6364,0
H,1655135700,2022-06-13 15:55,0.139665,537,0.6555,0
H,1655135760,2022-06-13 15:56,0.137363,546,0.6502,0
H,1655135820,2022-06-13 15:57,0.130037,546,0.6575,0
H,1655135880,2022-06-13 15:58,0.115174,547,0.6837,0
H,1655135940,2022-06-13 15:59,0.122936,545,0.6844,0
H,1655136000,2022-06-13 16:00,0.123389,543,0.6777,0
H,1655136060,2022-06-13 16:01,0.126374,546,0.6575,0
H,1655136120,2022-06-13 16:02,0.120438,548,0.6569,0
H,1655136180,2022-06-13 16:03,0.116788,548,0.6770,0
H,1655136240,2022-06-13 16:04,0.117002,547,0.6764,0
H,1655136300,2022-06-13 16:05,0.122449,539,0.6679,0
H,1655136360,2022-06-13 16:06,0.126394,538,0.6357,0
H,1655136420,2022-06-13 16:07,0.126394,538,0.6171,0
H,1655136480,2022-06-13 16:08,0.134686,542,0.6236,0
H,1655136540,2022-06-13 16:09,0.116236,542,0.6365,0
H,1655136600,2022-06-13 16:10,0.119926,542,0.6458,0
H,1655136660,2022-06-13 16:11,0.109462,539,0.6790,0
H,1655136720,2022-06-13 16:12,0.116541,532,0.6654,0
H,1655136780,2022-06-13 16:13,0.134470,528,0.6705,0
H,1655136840,2022-06-13 16:14,0.141777,529,0.6711,0
H,1655136900,2022-06-13 16:15,0.128788,528,0.6780,0
H,1655136960,2022-06-13 16:16,0.132576,528,0.6534,0
H,1655137020,2022-06-13 16:17,0.138728,519,0.6609,0
H,1655137080,2022-06-13 16:18,0.163386,508,0.6535,0
H,1655137140,2022-06-13 16:19,0.176707,498,0.6325,0
H,1655137200,2022-06-13 16:20,0.186747,498,0.6627,0
H,1655137260,2022-06-13 16:21,0.209256,497,0.6600,0
H,1655137320,2022-06-13 16:22,0.214141,495,0.6525,0
H,1655137380,2022-06-13 16:23,0.196787,498,0.6606,0
H,1655137440,2022-06-13 16:24,0.178357,499,0.6974,0
H,1655137500,2022-06-13 16:25,0.154618,498,0.6988,0
H,1655137560,2022-06-13 16:26,0.153226,496,0.7036,0
H,1655137620,2022-06-13 16:27,0.130785,497,0.7022,0
H,1655137680,2022-06-13 16:28,0.132114,492,0.7093,0
H,1655137740,2022-06-13 16:29,0.115942,483,0.7226,0
H,1655137800,2022-06-13 16:30,0.097252,473,0.7378,0
H,1655137860,2022-06-13 16:31,0.079741,464,0.7522,0
H,1655137920,2022-06-13 16:32,0.081319,455,0.7670,0
H,1655137980,2022-06-13 16:33,0.087054,448,0.7522,0
H,1655138040,2022-06-13 16:34,0.075221,452,0.7677,0
H,1655138100,2022-06-13 16:35,0.079646,452,0.7478,0
H,1655138160,2022-06-13 16:36,0.075055,453,0.7682,0
H,1655138220,2022-06-13 16:37,0.084071,452,0.7522,0
H,1655138280,2022-06-13 16:38,0.085903,454,0.7401,0
H,1655138340,2022-06-13 16:39,0.079470,453,0.7528,0
H,1655138400,2022-06-13 16:40,0.081319,455,0.7429,0
H,1655138460,2022-06-13 16:41,0.081140,456,0.7654,0
H,1655138520,2022-06-13 16:42,0.090110,455,0.7516,0
H,1655138580,2022-06-13 16:43,0.082774,447,0.7696,0
H,1655138640,2022-06-13 16:44,0.078652,445,0.7730,0
H,1655138700,2022-06-13 16:45,0.059633,436,0.7890,0
H,1655138760,2022-06-13 16:46,0.037559,426,0.8075,0
H,1655138820,2022-06-13 16:47,0.014218,422,0.8223,0
H,1655138880,2022-06-13 16:48,0.016509,424,0.8160,0
H,1655138940,2022-06-13 16:49,0.016509,424,0.8137,0
H,1655139000,2022-06-13 16:50,0.016509,424,0.8066,0
H,1655139060,2022-06-13 16:51,0.016471,425,0.8141,0
H,1655139120,2022-06-13 16:52,0.016393,427,0.8407,0
H,1655139180,2022-06-13 16:53,0.016432,426,0.8239,0
H,1655139240,2022-06-13 16:54,0.016827,416,0.8197,0
H,1655139300,2022-06-13 16:55,0.017199,407,0.8157,0
H,1655139360,2022-06-13 16:56,0.017588,398,0.8141,0
H,1655139420,2022-06-13 16:57,0.017766,394,0.8122,0
H,1655139480,2022-06-13 16:58,0.018041,388,0.8093,0
H,1655139540,2022-06-13 16:59,0.018519,378,0.8042,0
H,1655139600,2022-06-13 17:00,0.018970,369,0.8103,0
H,1655139660,2022-06-13 17:01,0.019553,358,0.7626,0
H,1655139720,2022-06-13 17:02,0.020115,348,0.7759,0
H,1655139780,2022-06-13 17:03,0.020710,338,0.7633,0
H,1655139840,2022-06-13 17:04,0.021212,330,0.7697,0
H,1655139900,2022-06-13 17:05,0.021341,328,0.7744,0
H,1655139960,2022-06-13 17:06,0.021875,320,0.7781,0
H,1655140020,2022-06-13 17:07,0.022581,310,0.7742,0
H,1655140080,2022-06-13 17:08,0.023490,298,0.7685,0
H,1655140140,2022-06-13 17:09,0.024306,288,0.7639,0
H,1655140200,2022-06-13 17:10,0.025180,278,0.7626,0
H,1655140260,2022-06-13 17:11,0.025830,271,0.7343,0
H,1655140320,2022-06-13 17:12,0.025830,271,0.7343,0
H,1655140380,2022-06-13 17:13,0.026316,266,0.7481,0
H,1655140440,2022-06-13 17:14,0.042802,257,0.7743,0
H,1655140500,2022-06-13 17:15,0.036145,249,0.7992,0
H,1655140560,2022-06-13 17:16,0.037500,240,0.7833,0
H,1655140620,2022-06-13 17:17,0.037500,240,0.7833,0
H,1655140680,2022-06-13 17:18,0.037500,240,0.7833,0
H,1655140740,2022-06-13 17:19,0.037500,240,0.7833,0
H,1655140800,2022-06-13 17:20,0.039130,230,0.7826,0
H,1655140860,2022-06-13 17:21,0.040724,221,0.7873,0
H,1655140920,2022-06-13 17:22,0.042453,212,0.8066,0
H,1655140980,2022-06-13 17:23,0.044776,201,0.7960,0
H,1655141040,2022-06-13 17:24,0.047120,191,0.7696,0
H,1655141100,2022-06-13 17:25,0.049724,181,0.7569,0
H,1655141160,2022-06-13 17:26,0.069364,173,0.7514,0
H,1655141220,2022-06-13 17:27,0.073171,164,0.7927,0
H,1655141280,2022-06-13 17:28,0.044025,159,0.8176,0
H,1655141340,2022-06-13 17:29,0.044025,159,0.8176,0
H,1655141400,2022-06-13 17:30,0.044025,159,0.8176,0
H,1655141460,2022-06-13 17:31,0.044025,159,0.8176,0
H,1655141520,2022-06-13 17:32,0.044025,159,0.8176,0
H,1655141580,2022-06-13 17:33,0.038462,156,0.7628,0
H,1655141640,2022-06-13 17:34,0.102740,146,0.8151,0
H,1655141700,2022-06-13 17:35,0.036765,136,0.8750,0
H,1655141760,2022-06-13 17:36,0.039683,126,0.7857,0
H,1655141820,2022-06-13 17:37,0.025641,117,0.8462,0
H,1655141880,2022-06-13 17:38,0.018868,106,0.8585,0
H,1655141940,2022-06-13 17:39,0.020619,97,0.8660,0
H,1655142000,2022-06-13 17:40,0.022989,87,0.9080,0
H,1655142060,2022-06-13 17:41,0.038961,77,0.8182,0
H,1655142120,2022-06-13 17:42,0.014706,68,0.8971,0
H,1655142180,2022-06-13 17:43,0.015152,66,0.9091,0
H,1655142240,2022-06-13 17:44,0.015152,66,0.9091,0
H,1655142300,2022-06-13 17:45,0.015152,66,0.9091,0
H,1655142360,2022-06-13 17:46,0.015152,66,0.9091,0
H,1655142420,2022-06-13 17:47,0.033333,60,0.8000,0
H,1655142480,2022-06-13 17:48,0.040816,49,0.6327,0
H,1655142540,2022-06-13 17:49,0.025641,39,0.8462,0
H,1655142600,2022-06-13 17:50,0.103448,29,0.5172,0
H,1655142660,2022-06-13 17:51,0.277778,18,0.6111,0
H,1655142720,2022-06-13 17:52,1.000000,8,0.0000,0
H,1655142780,2022-06-13 17:53,0.000000,0,0.0000,0
