device,hiddenSize,windowLength,batchSize,learningRate,epoch,trainLoss,esLoss,esLossBaseline,epochSeconds
C,40,30,64,0.001,1,32.29171220,0.72448051,1.01141195,10.7
C,40,30,64,0.001,2,16.85541398,0.48617516,1.01141195,7.2
C,40,30,64,0.001,3,10.48697413,0.56656260,1.01141195,6.9
C,40,30,64,0.001,4,8.52957380,0.48432571,1.01141195,6.8
C,40,30,64,0.001,5,7.24353543,0.42658724,1.01141195,7.2
C,40,30,64,0.001,6,5.45415042,0.46547281,1.01141195,7.1
C,40,30,64,0.001,7,6.00679299,0.43560798,1.01141195,6.7
C,40,30,64,0.001,8,5.82394718,0.48116515,1.01141195,6.5
C,40,30,64,0.001,9,6.71094891,0.44964462,1.01141195,6.6
C,40,30,64,0.001,10,7.28331787,0.43018528,1.01141195,7.3
C,40,30,64,0.001,11,6.34913030,0.49293304,1.01141195,6.6
C,40,30,64,0.001,12,5.00546658,0.39705124,1.01141195,6.7
C,40,30,64,0.001,13,6.07796797,0.44619612,1.01141195,6.5
C,40,30,64,0.001,14,4.09696543,0.39049367,1.01141195,6.5
C,40,30,64,0.001,15,3.65065335,0.35549568,1.01141195,6.7
C,40,30,64,0.001,16,2.78893168,0.34094553,1.01141195,6.7
C,40,30,64,0.001,17,2.72936114,0.33795761,1.01141195,6.6
C,40,30,64,0.001,18,2.62711796,0.32136719,1.01141195,6.7
C,40,30,64,0.001,19,2.70660949,0.34696480,1.01141195,6.6
C,40,30,64,0.001,20,2.84171789,0.29972641,1.01141195,6.6
C,40,30,64,0.001,21,2.87526569,0.32599110,1.01141195,6.7
C,40,30,64,0.001,22,3.04859160,0.29965867,1.01141195,6.6
C,40,30,64,0.001,23,2.49699080,0.31218427,1.01141195,6.8
C,40,30,64,0.001,24,2.26095395,0.28143973,1.01141195,6.6
C,40,30,64,0.001,25,2.35186501,0.30882904,1.01141195,6.5
C,40,30,64,0.001,26,2.36990605,0.26705323,1.01141195,6.6
C,40,30,64,0.001,27,2.81459189,0.30776391,1.01141195,6.5
C,40,30,64,0.001,28,2.89768089,0.25307916,1.01141195,6.5
C,40,30,64,0.001,29,2.91359634,0.26474450,1.01141195,6.6
C,40,30,64,0.001,30,2.42341354,0.28338862,1.01141195,6.5
C,40,30,64,0.001,31,2.11562522,0.26936114,1.01141195,6.6
C,40,30,64,0.001,32,2.95817762,0.29540535,1.01141195,6.7
C,40,30,64,0.001,33,2.79283663,0.27580310,1.01141195,6.5
C,40,30,64,0.001,34,2.30465158,0.24944485,1.01141195,6.5
C,40,30,64,0.001,35,1.84939774,0.24421194,1.01141195,6.7
C,40,30,64,0.001,36,1.77896788,0.23426128,1.01141195,7.0
C,40,30,64,0.001,37,2.10090214,0.24213321,1.01141195,6.6
C,40,30,64,0.001,38,2.92225779,0.27878360,1.01141195,6.5
C,40,30,64,0.001,39,2.86238703,0.22655181,1.01141195,6.7
C,40,30,64,0.001,40,2.77359490,0.31344392,1.01141195,6.5
C,40,30,64,0.001,41,1.98604422,0.23527637,1.01141195,6.5
C,40,30,64,0.001,42,2.30744077,0.25775905,1.01141195,6.5
C,40,30,64,0.001,43,1.63761188,0.22566013,1.01141195,6.6
C,40,30,64,0.001,44,1.78784215,0.23623285,1.01141195,6.3
C,40,30,64,0.001,45,1.41250343,0.22012786,1.01141195,6.5
C,40,30,64,0.001,46,1.30789159,0.22188246,1.01141195,6.6
C,40,30,64,0.001,47,1.19785782,0.21715688,1.01141195,6.5
C,40,30,64,0.001,48,1.21403055,0.22669229,1.01141195,6.5
C,40,30,64,0.001,49,1.25564598,0.20332853,1.01141195,6.7
C,40,30,64,0.001,50,1.15069968,0.20498975,1.01141195,6.6
C,40,30,64,0.001,51,1.28090793,0.19332288,1.01141195,6.5
C,40,30,64,0.001,52,1.13453716,0.19351968,1.01141195,6.7
C,40,30,64,0.001,53,1.09274254,0.19259429,1.01141195,6.7
C,40,30,64,0.001,54,1.02120645,0.18392126,1.01141195,6.7
C,40,30,64,0.001,55,0.91436200,0.19806997,1.01141195,6.5
C,40,30,64,0.001,56,0.86121838,0.17501121,1.01141195,6.3
C,40,30,64,0.001,57,0.88318203,0.19573423,1.01141195,6.7
C,40,30,64,0.001,58,0.71335017,0.17789823,1.01141195,6.7
C,40,30,64,0.001,59,0.71626939,0.17893974,1.01141195,6.6
C,40,30,64,0.001,60,0.80489565,0.19377957,1.01141195,6.7
C,40,30,64,0.001,61,1.04287333,0.17666393,1.01141195,6.7
C,40,30,64,0.001,62,1.25097643,0.21362218,1.01141195,6.7
C,40,30,64,0.001,63,1.32052475,0.16988846,1.01141195,6.6
C,40,30,64,0.001,64,1.11508543,0.19643789,1.01141195,6.3
C,40,30,64,0.001,65,0.93063291,0.17398280,1.01141195,6.5
C,40,30,64,0.001,66,0.86178866,0.18696762,1.01141195,6.6
C,40,30,64,0.001,67,0.89936422,0.18959270,1.01141195,6.7
C,40,30,64,0.001,68,1.02706234,0.17659622,1.01141195,6.5
C,40,30,64,0.001,69,0.93357921,0.18399329,1.01141195,6.5
C,40,30,64,0.001,70,0.76434770,0.16555054,1.01141195,6.5
C,40,30,64,0.001,71,0.77384367,0.18652914,1.01141195,6.2
C,40,30,64,0.001,72,0.78317167,0.17691183,1.01141195,6.7
C,40,30,64,0.001,73,1.06280660,0.19292489,1.01141195,6.5
C,40,30,64,0.001,74,1.06129643,0.17849758,1.01141195,6.7
C,40,30,64,0.001,75,1.01394949,0.18407887,1.01141195,6.8
C,40,30,64,0.001,76,0.89412400,0.17026272,1.01141195,6.8
C,40,30,64,0.001,77,0.65640980,0.17218701,1.01141195,6.5
C,40,30,64,0.001,78,0.66803243,0.16351738,1.01141195,6.7
C,40,30,64,0.001,79,0.91634573,0.18954533,1.01141195,6.2
C,40,30,64,0.001,80,1.53657085,0.17705010,1.01141195,6.6
C,40,30,64,0.001,81,2.30145862,0.21333656,1.01141195,6.7
C,40,30,64,0.001,82,1.88961602,0.19934232,1.01141195,6.5
C,40,30,64,0.001,83,3.14642556,0.27019339,1.01141195,6.7
C,40,30,64,0.001,84,2.67656165,0.22338402,1.01141195,6.6
C,40,30,64,0.001,85,3.59072617,0.25482797,1.01141195,6.7
C,40,30,64,0.001,86,4.10733387,0.24000033,1.01141195,6.5
C,40,30,64,0.001,87,3.25182557,0.22385827,1.01141195,6.3
C,40,30,64,0.001,88,2.28911462,0.26701243,1.01141195,6.5
C,40,30,64,0.001,89,2.27256412,0.21286668,1.01141195,6.7
C,40,30,64,0.001,90,1.97366983,0.23194548,1.01141195,6.7
C,40,30,64,0.001,91,1.72111754,0.19871555,1.01141195,6.5
C,40,30,64,0.001,92,1.03796776,0.20497187,1.01141195,6.7
C,40,30,64,0.001,93,0.99465709,0.20178022,1.01141195,6.5
C,40,30,64,0.001,94,1.00368992,0.19563451,1.01141195,6.3
C,40,30,64,0.001,95,0.92502679,0.19903748,1.01141195,6.5
C,40,30,64,0.001,96,0.77137908,0.19812416,1.01141195,6.5
C,40,30,64,0.001,97,0.72876978,0.19026981,1.01141195,6.6
C,40,30,64,0.001,98,0.59740925,0.18931411,1.01141195,6.6
C,60,30,64,0.001,1,24.49602486,0.67938712,1.01141195,8.4
C,60,30,64,0.001,2,14.10824444,0.42229728,1.01141195,7.9
C,60,30,64,0.001,3,9.14507948,0.51257280,1.01141195,8.4
C,60,30,64,0.001,4,7.12189796,0.31388404,1.01141195,8.2
C,60,30,64,0.001,5,7.05547607,0.45022186,1.01141195,8.3
C,60,30,64,0.001,6,6.00708599,0.34307833,1.01141195,8.4
C,60,30,64,0.001,7,5.31438377,0.27283408,1.01141195,8.2
C,60,30,64,0.001,8,4.44569671,0.25182589,1.01141195,7.9
C,60,30,64,0.001,9,4.53569333,0.39803174,1.01141195,8.2
C,60,30,64,0.001,10,6.68163863,0.33309824,1.01141195,8.3
C,60,30,64,0.001,11,6.55040184,0.30803214,1.01141195,8.2
C,60,30,64,0.001,12,5.76705885,0.25756874,1.01141195,8.2
C,60,30,64,0.001,13,4.22346498,0.26689403,1.01141195,8.2
C,60,30,64,0.001,14,3.80115783,0.29275783,1.01141195,7.9
C,60,30,64,0.001,15,3.47691271,0.23736704,1.01141195,8.2
C,60,30,64,0.001,16,4.93698938,0.30797950,1.01141195,8.3
C,60,30,64,0.001,17,3.44464448,0.24850018,1.01141195,8.1
C,60,30,64,0.001,18,4.36317031,0.31227272,1.01141195,8.4
C,60,30,64,0.001,19,4.04961477,0.29371162,1.01141195,8.4
C,60,30,64,0.001,20,2.86571132,0.20756570,1.01141195,7.9
C,60,30,64,0.001,21,3.33000819,0.23123098,1.01141195,8.1
C,60,30,64,0.001,22,2.46837683,0.16609730,1.01141195,8.3
C,60,30,64,0.001,23,2.17362474,0.21609817,1.01141195,8.1
C,60,30,64,0.001,24,1.99493624,0.15545434,1.01141195,8.2
C,60,30,64,0.001,25,2.32828668,0.24151940,1.01141195,7.9
C,60,30,64,0.001,26,1.82572354,0.16039981,1.01141195,8.4
C,60,30,64,0.001,27,1.67264283,0.21786505,1.01141195,8.2
C,60,30,64,0.001,28,1.40974859,0.14942480,1.01141195,8.1
C,60,30,64,0.001,29,1.41048974,0.17497287,1.01141195,8.2
C,60,30,64,0.001,30,1.23442871,0.14427272,1.01141195,8.1
C,60,30,64,0.001,31,1.19733536,0.14189165,1.01141195,8.0
C,60,30,64,0.001,32,1.08713925,0.16001328,1.01141195,8.3
C,60,30,64,0.001,33,1.27268314,0.15237737,1.01141195,8.6
C,60,30,64,0.001,34,1.58743204,0.20121750,1.01141195,8.1
C,60,30,64,0.001,35,1.73014425,0.14912703,1.01141195,8.2
C,60,30,64,0.001,36,2.06993022,0.17088127,1.01141195,7.9
C,60,30,64,0.001,37,1.78113031,0.15947210,1.01141195,8.4
C,60,30,64,0.001,38,2.57833851,0.18317839,1.01141195,8.2
C,60,30,64,0.001,39,1.35003261,0.16692648,1.01141195,8.2
C,60,30,64,0.001,40,1.67975954,0.17474675,1.01141195,8.2
C,60,30,64,0.001,41,1.98210552,0.16627246,1.01141195,8.2
C,60,30,64,0.001,42,1.65938719,0.17846522,1.01141195,7.9
C,60,30,64,0.001,43,1.62056429,0.16979327,1.01141195,8.1
C,60,30,64,0.001,44,1.24358305,0.14609091,1.01141195,8.2
C,60,30,64,0.001,45,1.78191589,0.20817594,1.01141195,8.2
C,60,30,64,0.001,46,1.37724124,0.15070696,1.01141195,8.2
C,60,30,64,0.001,47,1.23662230,0.15807748,1.01141195,7.9
C,60,30,64,0.001,48,1.04596110,0.13844787,1.01141195,8.3
C,60,30,64,0.001,49,0.98415398,0.12441356,1.01141195,8.2
C,60,30,64,0.001,50,1.02777735,0.15468377,1.01141195,8.3
C,60,30,64,0.001,51,1.12741208,0.17689905,1.01141195,8.3
C,60,30,64,0.001,52,1.54112585,0.19167052,1.01141195,7.9
C,60,30,64,0.001,53,1.53092603,0.18257837,1.01141195,8.3
C,60,30,64,0.001,54,1.20715234,0.14542752,1.01141195,8.4
C,60,30,64,0.001,55,0.80975774,0.16201038,1.01141195,8.3
C,60,30,64,0.001,56,0.65860831,0.15708165,1.01141195,8.2
C,60,30,64,0.001,57,0.73981432,0.15598964,1.01141195,8.4
C,60,30,64,0.001,58,0.69713920,0.14885111,1.01141195,7.9
C,60,30,64,0.001,59,0.53343944,0.14525962,1.01141195,8.2
C,60,30,64,0.001,60,0.57154953,0.14242738,1.01141195,8.2
C,60,30,64,0.001,61,0.76539079,0.15643898,1.01141195,8.4
C,60,30,64,0.001,62,1.01170326,0.15219505,1.01141195,8.2
C,60,30,64,0.001,63,0.76445114,0.14387848,1.01141195,7.9
C,60,30,64,0.001,64,0.75302774,0.15843138,1.01141195,8.4
C,60,30,64,0.001,65,0.99940922,0.15196303,1.01141195,8.1
C,60,30,64,0.001,66,1.31601117,0.19197455,1.01141195,8.4
C,60,30,64,0.001,67,1.34567889,0.14730592,1.01141195,8.2
C,60,30,64,0.001,68,0.72796704,0.15169212,1.01141195,8.4
C,60,30,64,0.001,69,0.83856982,0.17483017,1.01141195,7.9
C,90,30,64,0.001,1,22.81035900,0.68932801,1.01141195,10.8
C,90,30,64,0.001,2,15.27932608,0.38803372,1.01141195,10.8
C,90,30,64,0.001,3,8.97509259,0.52277733,1.01141195,10.8
C,90,30,64,0.001,4,10.79529979,0.39035505,1.01141195,10.7
C,90,30,64,0.001,5,7.23813255,0.35996333,1.01141195,10.9
C,90,30,64,0.001,6,5.92192446,0.33628572,1.01141195,10.5
C,90,30,64,0.001,7,6.10839423,0.31231136,1.01141195,10.8
C,90,30,64,0.001,8,5.99437900,0.35752405,1.01141195,11.0
C,90,30,64,0.001,9,5.13083831,0.26532130,1.01141195,11.0
C,90,30,64,0.001,10,5.01132527,0.40580901,1.01141195,10.9
C,90,30,64,0.001,11,6.27612322,0.23292647,1.01141195,10.7
C,90,30,64,0.001,12,6.90282162,0.23672639,1.01141195,10.5
C,90,30,64,0.001,13,5.91817515,0.30707754,1.01141195,10.9
C,90,30,64,0.001,14,7.11459452,0.31956802,1.01141195,10.9
C,90,30,64,0.001,15,3.67139609,0.24536284,1.01141195,11.0
C,90,30,64,0.001,16,3.80448608,0.27986111,1.01141195,10.7
C,90,30,64,0.001,17,4.78806423,0.28818674,1.01141195,10.7
C,90,30,64,0.001,18,5.20125734,0.23698575,1.01141195,10.5
C,90,30,64,0.001,19,3.64146904,0.33295723,1.01141195,10.9
C,90,30,64,0.001,20,2.26743539,0.21022228,1.01141195,10.9
C,90,30,64,0.001,21,2.09632839,0.23549652,1.01141195,11.0
C,90,30,64,0.001,22,1.75881071,0.17322824,1.01141195,10.7
C,90,30,64,0.001,23,1.57203720,0.20901005,1.01141195,10.5
C,90,30,64,0.001,24,1.44524956,0.16196771,1.01141195,10.9
C,90,30,64,0.001,25,1.01628967,0.14911368,1.01141195,10.7
C,90,30,64,0.001,26,0.94227989,0.15901152,1.01141195,10.9
C,90,30,64,0.001,27,1.20405312,0.13944130,1.01141195,10.9
C,90,30,64,0.001,28,1.63527863,0.16005973,1.01141195,10.7
C,90,30,64,0.001,29,1.72178373,0.14782953,1.01141195,10.4
C,90,30,64,0.001,30,1.54652633,0.13918983,1.01141195,10.8
C,90,30,64,0.001,31,1.50419796,0.15953182,1.01141195,10.8
C,90,30,64,0.001,32,1.45629910,0.14050472,1.01141195,10.8
C,90,30,64,0.001,33,1.80940760,0.16038827,1.01141195,11.0
C,90,30,64,0.001,34,1.70628971,0.12600140,1.01141195,10.8
C,90,30,64,0.001,35,1.51521089,0.13443935,1.01141195,10.5
C,90,30,64,0.001,36,1.36439768,0.11767783,1.01141195,10.9
C,90,30,64,0.001,37,1.20504369,0.13582389,1.01141195,10.8
C,90,30,64,0.001,38,1.14578884,0.11410485,1.01141195,10.8
C,90,30,64,0.001,39,0.92751651,0.13982075,1.01141195,10.9
C,90,30,64,0.001,40,0.83676629,0.12025059,1.01141195,10.5
C,90,30,64,0.001,41,0.90047523,0.11073980,1.01141195,11.0
C,90,30,64,0.001,42,0.90136605,0.12919153,1.01141195,10.9
C,90,30,64,0.001,43,0.96734680,0.11991981,1.01141195,10.9
C,90,30,64,0.001,44,0.94835451,0.13177702,1.01141195,10.8
C,90,30,64,0.001,45,1.18991303,0.14125155,1.01141195,10.8
C,90,30,64,0.001,46,1.39194997,0.13039554,1.01141195,10.5
C,90,30,64,0.001,47,1.29195357,0.13142183,1.01141195,10.9
C,90,30,64,0.001,48,2.12685143,0.16895844,1.01141195,10.7
C,90,30,64,0.001,49,1.98521728,0.13658361,1.01141195,10.9
C,90,30,64,0.001,50,1.26866224,0.13836179,1.01141195,10.9
C,90,30,64,0.001,51,0.90476728,0.12821021,1.01141195,10.5
C,90,30,64,0.001,52,0.68128961,0.12617708,1.01141195,10.8
C,90,30,64,0.001,53,0.64989056,0.14346554,1.01141195,10.9
C,90,30,64,0.001,54,0.84292906,0.13514342,1.01141195,10.9
C,90,30,64,0.001,55,1.47116201,0.21181449,1.01141195,10.8
C,90,30,64,0.001,56,1.61657327,0.20023099,1.01141195,10.6
C,90,30,64,0.001,57,2.57984775,0.18189298,1.01141195,11.0
C,90,30,64,0.001,58,2.40605782,0.19878359,1.01141195,10.9
C,90,30,64,0.001,59,2.02324010,0.19225186,1.01141195,10.9
C,90,30,64,0.001,60,3.43683090,0.21639678,1.01141195,10.8
C,90,30,64,0.001,61,1.80353626,0.18185410,1.01141195,10.5
C,40,60,64,0.001,1,72.94621072,0.69329244,1.01141195,6.7
C,40,60,64,0.001,2,38.07958701,0.51151099,1.01141195,6.7
C,40,60,64,0.001,3,24.45412092,0.50396142,1.01141195,6.5
C,40,60,64,0.001,4,18.14054591,0.45441380,1.01141195,6.7
C,40,60,64,0.001,5,14.22175343,0.48977444,1.01141195,6.8
C,40,60,64,0.001,6,12.19732345,0.42692512,1.01141195,6.2
C,40,60,64,0.001,7,12.10685391,0.47090167,1.01141195,6.5
C,40,60,64,0.001,8,13.36440810,0.45591989,1.01141195,6.8
C,40,60,64,0.001,9,13.28669927,0.44571147,1.01141195,6.7
C,40,60,64,0.001,10,11.02539351,0.45995990,1.01141195,6.6
C,40,60,64,0.001,11,10.75580622,0.49764432,1.01141195,6.7
C,40,60,64,0.001,12,10.39259099,0.42707397,1.01141195,6.8
C,40,60,64,0.001,13,8.34126079,0.43941006,1.01141195,6.3
C,40,60,64,0.001,14,7.40089629,0.40341801,1.01141195,6.5
C,40,60,64,0.001,15,7.58003684,0.42288127,1.01141195,6.8
C,40,60,64,0.001,16,6.59074808,0.38651446,1.01141195,6.7
C,40,60,64,0.001,17,6.33892762,0.41710138,1.01141195,6.8
C,40,60,64,0.001,18,6.15389680,0.36702580,1.01141195,6.6
C,40,60,64,0.001,19,6.12435166,0.40291385,1.01141195,6.4
C,40,60,64,0.001,20,7.21339387,0.35196557,1.01141195,6.5
C,40,60,64,0.001,21,5.78609711,0.36971606,1.01141195,6.8
C,40,60,64,0.001,22,5.29194427,0.34786757,1.01141195,6.5
C,40,60,64,0.001,23,5.73505588,0.36921509,1.01141195,6.7
C,40,60,64,0.001,24,5.90236146,0.34105243,1.01141195,6.3
C,40,60,64,0.001,25,5.20480644,0.33661078,1.01141195,6.6
C,40,60,64,0.001,26,4.34812821,0.32563633,1.01141195,6.7
C,40,60,64,0.001,27,3.70142086,0.31404617,1.01141195,6.5
C,40,60,64,0.001,28,3.56048788,0.31897581,1.01141195,6.6
C,40,60,64,0.001,29,3.29708764,0.29903079,1.01141195,6.3
C,40,60,64,0.001,30,3.08131238,0.30609647,1.01141195,6.6
C,40,60,64,0.001,31,2.97357414,0.28704595,1.01141195,6.5
C,40,60,64,0.001,32,2.88869869,0.30039775,1.01141195,6.7
C,40,60,64,0.001,33,2.99944422,0.28111979,1.01141195,6.6
C,40,60,64,0.001,34,3.08226143,0.30184728,1.01141195,6.5
C,40,60,64,0.001,35,3.49106314,0.28433939,1.01141195,6.3
C,40,60,64,0.001,36,3.08934963,0.27995188,1.01141195,6.7
C,40,60,64,0.001,37,3.35763067,0.28051074,1.01141195,6.5
C,40,60,64,0.001,38,3.05328317,0.26373413,1.01141195,6.5
C,40,60,64,0.001,39,3.08415819,0.26381421,1.01141195,6.5
C,40,60,64,0.001,40,3.17313095,0.26180034,1.01141195,6.3
C,40,60,64,0.001,41,3.24696661,0.25552344,1.01141195,6.5
C,40,60,64,0.001,42,3.39756665,0.27477190,1.01141195,6.6
C,40,60,64,0.001,43,3.02210349,0.25244872,1.01141195,6.7
C,40,60,64,0.001,44,3.29629803,0.26586470,1.01141195,6.6
C,40,60,64,0.001,45,2.66235335,0.23506587,1.01141195,6.5
C,40,60,64,0.001,46,2.49544189,0.24167872,1.01141195,6.4
C,40,60,64,0.001,47,2.28767063,0.22386640,1.01141195,6.5
C,40,60,64,0.001,48,2.25348698,0.24035435,1.01141195,6.6
C,40,60,64,0.001,49,2.19871566,0.21919323,1.01141195,6.7
C,40,60,64,0.001,50,2.29125544,0.24459748,1.01141195,6.7
C,40,60,64,0.001,51,2.42403288,0.21855083,1.01141195,6.5
C,40,60,64,0.001,52,2.54117056,0.24333712,1.01141195,6.2
C,40,60,64,0.001,53,2.69091741,0.21820214,1.01141195,6.6
C,40,60,64,0.001,54,2.35671363,0.22711521,1.01141195,6.5
C,40,60,64,0.001,55,2.20253929,0.21286082,1.01141195,6.7
C,40,60,64,0.001,56,1.96131929,0.21541665,1.01141195,6.8
C,40,60,64,0.001,57,1.83464491,0.20840738,1.01141195,6.5
C,40,60,64,0.001,58,1.73031168,0.20947147,1.01141195,6.3
C,40,60,64,0.001,59,1.66957082,0.20530425,1.01141195,6.7
C,40,60,64,0.001,60,1.63277593,0.20716023,1.01141195,6.7
C,40,60,64,0.001,61,1.55373762,0.20250135,1.01141195,6.7
C,40,60,64,0.001,62,1.52776172,0.20675763,1.01141195,6.5
C,40,60,64,0.001,63,1.52513701,0.20324190,1.01141195,6.2
C,40,60,64,0.001,64,1.65072373,0.20963165,1.01141195,6.5
C,40,60,64,0.001,65,1.79773854,0.20945400,1.01141195,6.7
C,40,60,64,0.001,66,2.36130944,0.20732509,1.01141195,6.8
C,40,60,64,0.001,67,2.19190950,0.20678951,1.01141195,6.6
C,40,60,64,0.001,68,2.73503836,0.21024608,1.01141195,6.5
C,40,60,64,0.001,69,2.22700701,0.20929954,1.01141195,6.3
C,40,60,64,0.001,70,2.39647461,0.20598032,1.01141195,6.5
C,40,60,64,0.001,71,2.18548821,0.21775316,1.01141195,6.8
C,40,60,64,0.001,72,3.41017869,0.23656874,1.01141195,6.7
C,40,60,64,0.001,73,3.13785252,0.21351694,1.01141195,6.5
C,40,60,64,0.001,74,2.80683049,0.20812125,1.01141195,6.5
C,40,60,64,0.001,75,2.43881508,0.21505180,1.01141195,6.3
C,40,60,64,0.001,76,2.28505328,0.20349075,1.01141195,6.8
C,40,60,64,0.001,77,2.50354613,0.21676198,1.01141195,6.7
C,40,60,64,0.001,78,2.10476126,0.19547894,1.01141195,6.5
C,40,60,64,0.001,79,2.76673692,0.21166738,1.01141195,6.7
C,40,60,64,0.001,80,2.67610280,0.20383274,1.01141195,6.8
C,40,60,64,0.001,81,2.82257405,0.19719379,1.01141195,6.3
C,40,60,64,0.001,82,1.77158624,0.20684561,1.01141195,6.6
C,40,60,64,0.001,83,1.42378156,0.20271749,1.01141195,6.6
C,40,60,64,0.001,84,1.25102856,0.19186538,1.01141195,6.6
C,40,60,64,0.001,85,1.15949740,0.19547201,1.01141195,6.6
C,40,60,64,0.001,86,1.09776955,0.19317279,1.01141195,6.5
C,40,60,64,0.001,87,1.06377127,0.19440599,1.01141195,6.3
C,40,60,64,0.001,88,1.04535146,0.19224237,1.01141195,6.5
C,40,60,64,0.001,89,1.03167938,0.19550329,1.01141195,6.7
C,40,60,64,0.001,90,1.04107652,0.18952332,1.01141195,6.8
C,40,60,64,0.001,91,1.05573513,0.19536444,1.01141195,6.7
C,40,60,64,0.001,92,1.07303979,0.18825157,1.01141195,6.3
C,40,60,64,0.001,93,1.07799075,0.19630476,1.01141195,6.5
C,40,60,64,0.001,94,1.16500689,0.18583232,1.01141195,6.7
C,40,60,64,0.001,95,1.27035349,0.20323673,1.01141195,6.8
C,40,60,64,0.001,96,1.46375869,0.18874378,1.01141195,6.7
C,40,60,64,0.001,97,1.73682595,0.21205366,1.01141195,6.6
C,40,60,64,0.001,98,1.79354079,0.19717223,1.01141195,6.3
C,40,60,64,0.001,99,1.94776931,0.21365596,1.01141195,6.6
C,40,60,64,0.001,100,1.66627415,0.19526196,1.01141195,6.5
C,60,60,64,0.001,1,58.36707643,0.67599788,1.01141195,8.3
C,60,60,64,0.001,2,28.07767869,0.53628825,1.01141195,8.2
C,60,60,64,0.001,3,23.50618586,0.54710413,1.01141195,8.3
C,60,60,64,0.001,4,21.22791036,0.43290850,1.01141195,7.9
C,60,60,64,0.001,5,13.76088146,0.41274026,1.01141195,8.3
C,60,60,64,0.001,6,9.97959283,0.36519856,1.01141195,8.1
C,60,60,64,0.001,7,7.92702164,0.36035171,1.01141195,8.3
C,60,60,64,0.001,8,7.27986793,0.31277746,1.01141195,8.4
C,60,60,64,0.001,9,8.42597214,0.39438888,1.01141195,8.2
C,60,60,64,0.001,10,11.56785375,0.31245873,1.01141195,7.9
C,60,60,64,0.001,11,11.30002843,0.31859364,1.01141195,8.3
C,60,60,64,0.001,12,10.43617942,0.27419917,1.01141195,8.4
C,60,60,64,0.001,13,7.91535905,0.25292345,1.01141195,8.2
C,60,60,64,0.001,14,7.31135542,0.29780459,1.01141195,8.2
C,60,60,64,0.001,15,9.41021618,0.25985624,1.01141195,7.9
C,60,60,64,0.001,16,8.57710350,0.26949963,1.01141195,8.3
C,60,60,64,0.001,17,5.16994425,0.23678902,1.01141195,8.4
C,60,60,64,0.001,18,4.44703578,0.22723612,1.01141195,8.4
C,60,60,64,0.001,19,4.15775956,0.22497939,1.01141195,8.2
C,60,60,64,0.001,20,5.52340346,0.21993623,1.01141195,8.3
C,60,60,64,0.001,21,3.49794685,0.19343122,1.01141195,8.0
C,60,60,64,0.001,22,3.18341106,0.22334658,1.01141195,8.2
C,60,60,64,0.001,23,2.78331868,0.18233084,1.01141195,8.2
C,60,60,64,0.001,24,2.72253796,0.21501740,1.01141195,8.1
C,60,60,64,0.001,25,2.68936720,0.17818927,1.01141195,8.2
C,60,60,64,0.001,26,2.75120575,0.21575288,1.01141195,7.9
C,60,60,64,0.001,27,2.76930100,0.17849804,1.01141195,8.3
C,60,60,64,0.001,28,2.79327881,0.20948111,1.01141195,8.4
C,60,60,64,0.001,29,2.66940171,0.17973243,1.01141195,8.2
C,60,60,64,0.001,30,2.62380077,0.20013706,1.01141195,8.4
C,60,60,64,0.001,31,2.69873037,0.18353894,1.01141195,7.9
C,60,60,64,0.001,32,3.10000315,0.19888205,1.01141195,8.3
C,60,60,64,0.001,33,3.32962617,0.19590468,1.01141195,8.2
C,60,60,64,0.001,34,3.99945649,0.19718279,1.01141195,8.2
C,60,60,64,0.001,35,3.25122739,0.19324890,1.01141195,8.2
C,60,60,64,0.001,36,3.70712790,0.21040678,1.01141195,7.9
C,60,60,64,0.001,37,3.66172027,0.18470813,1.01141195,8.4
C,60,60,64,0.001,38,3.22345540,0.18975285,1.01141195,8.4
C,60,60,64,0.001,39,2.75703458,0.17439537,1.01141195,8.4
C,60,60,64,0.001,40,2.10176078,0.17605347,1.01141195,8.3
C,60,60,64,0.001,41,1.90746840,0.16889510,1.01141195,8.3
C,60,60,64,0.001,42,1.72829389,0.16386220,1.01141195,8.0
C,60,60,64,0.001,43,1.77359972,0.17377377,1.01141195,8.3
C,60,60,64,0.001,44,1.74209004,0.15563111,1.01141195,8.3
C,60,60,64,0.001,45,1.95945092,0.18320458,1.01141195,8.4
C,60,60,64,0.001,46,2.03803624,0.15402795,1.01141195,8.2
C,60,60,64,0.001,47,2.39763303,0.19214408,1.01141195,8.1
C,60,60,64,0.001,48,2.29525975,0.15824681,1.01141195,7.9
C,60,60,64,0.001,49,2.11574382,0.17365276,1.01141195,8.4
C,60,60,64,0.001,50,1.68837080,0.16206025,1.01141195,8.3
C,60,60,64,0.001,51,1.53479985,0.15952238,1.01141195,8.3
C,60,60,64,0.001,52,1.54390549,0.15972089,1.01141195,8.3
C,60,60,64,0.001,53,1.76812978,0.16267071,1.01141195,7.9
C,60,60,64,0.001,54,2.07009853,0.16334598,1.01141195,8.4
C,60,60,64,0.001,55,3.23262428,0.17513699,1.01141195,8.3
C,60,60,64,0.001,56,2.65311962,0.15823560,1.01141195,8.4
C,60,60,64,0.001,57,2.72980093,0.19426096,1.01141195,8.2
C,60,60,64,0.001,58,1.77495880,0.15963374,1.01141195,8.3
C,60,60,64,0.001,59,2.05474275,0.18476077,1.01141195,8.0
C,60,60,64,0.001,60,2.31136635,0.18484974,1.01141195,8.2
C,60,60,64,0.001,61,2.73761276,0.17230657,1.01141195,8.2
C,60,60,64,0.001,62,2.99039774,0.18837932,1.01141195,8.3
C,60,60,64,0.001,63,2.55445015,0.15281655,1.01141195,8.3
C,60,60,64,0.001,64,2.66046867,0.18788192,1.01141195,7.9
C,60,60,64,0.001,65,2.55901297,0.15386793,1.01141195,8.2
C,60,60,64,0.001,66,1.72639907,0.16631212,1.01141195,8.3
C,60,60,64,0.001,67,1.58742544,0.16501918,1.01141195,8.2
C,60,60,64,0.001,68,1.29677238,0.15701846,1.01141195,8.2
C,60,60,64,0.001,69,1.23557090,0.16907319,1.01141195,8.0
C,60,60,64,0.001,70,1.12001695,0.15243792,1.01141195,8.2
C,60,60,64,0.001,71,1.09652334,0.16629056,1.01141195,8.2
C,60,60,64,0.001,72,1.05972867,0.14914035,1.01141195,8.4
C,60,60,64,0.001,73,1.12352017,0.16597934,1.01141195,8.2
C,60,60,64,0.001,74,1.14494472,0.14884517,1.01141195,8.2
C,60,60,64,0.001,75,1.29989918,0.16744020,1.01141195,7.9
C,60,60,64,0.001,76,1.32898934,0.15547700,1.01141195,8.4
C,60,60,64,0.001,77,1.42193102,0.16236462,1.01141195,8.2
C,60,60,64,0.001,78,1.22666054,0.15630253,1.01141195,8.2
C,60,60,64,0.001,79,1.15904592,0.15798848,1.01141195,8.2
C,60,60,64,0.001,80,1.00393124,0.15346193,1.01141195,8.0
C,60,60,64,0.001,81,0.97158755,0.15603996,1.01141195,8.4
C,60,60,64,0.001,82,0.90422195,0.15209530,1.01141195,8.1
C,60,60,64,0.001,83,0.94413113,0.15382754,1.01141195,8.2
C,60,60,64,0.001,84,0.93552807,0.15265281,1.01141195,8.2
C,60,60,64,0.001,85,1.04962479,0.15276079,1.01141195,8.4
C,60,60,64,0.001,86,1.07882770,0.15784427,1.01141195,7.9
C,60,60,64,0.001,87,1.26888079,0.15308141,1.01141195,8.2
C,60,60,64,0.001,88,1.44141791,0.16544618,1.01141195,8.2
C,60,60,64,0.001,89,1.69881965,0.15039973,1.01141195,8.4
C,60,60,64,0.001,90,2.00143063,0.18124971,1.01141195,8.2
C,60,60,64,0.001,91,1.87824618,0.14354830,1.01141195,8.2
C,60,60,64,0.001,92,1.98713471,0.18603847,1.01141195,8.1
C,60,60,64,0.001,93,2.00218805,0.15456206,1.01141195,8.3
C,60,60,64,0.001,94,3.45530032,0.20161020,1.01141195,8.2
C,60,60,64,0.001,95,2.53568356,0.18659701,1.01141195,8.1
C,60,60,64,0.001,96,6.29725667,0.21339454,1.01141195,8.3
C,60,60,64,0.001,97,5.10709187,0.24744334,1.01141195,7.9
C,60,60,64,0.001,98,4.39830477,0.16956817,1.01141195,8.4
C,60,60,64,0.001,99,2.67086583,0.21404365,1.01141195,8.2
C,60,60,64,0.001,100,2.61551952,0.17526847,1.01141195,8.4
C,90,60,64,0.001,1,49.94535657,0.79470669,1.01141195,11.0
C,90,60,64,0.001,2,25.31418477,0.46522155,1.01141195,10.8
C,90,60,64,0.001,3,16.28167813,0.41989560,1.01141195,10.5
C,90,60,64,0.001,4,13.30003360,0.41686636,1.01141195,11.0
C,90,60,64,0.001,5,11.62201082,0.32051590,1.01141195,11.0
C,90,60,64,0.001,6,14.44915165,0.42587352,1.01141195,10.8
C,90,60,64,0.001,7,10.42652263,0.30007642,1.01141195,11.0
C,90,60,64,0.001,8,10.55458120,0.44851831,1.01141195,11.0
C,90,60,64,0.001,9,11.63246275,0.33839981,1.01141195,10.6
C,90,60,64,0.001,10,15.61841853,0.37788508,1.01141195,11.0
C,90,60,64,0.001,11,12.26529215,0.25301707,1.01141195,11.1
C,90,60,64,0.001,12,12.88410729,0.32181503,1.01141195,10.8
C,90,60,64,0.001,13,6.73175093,0.27046117,1.01141195,11.0
C,90,60,64,0.001,14,5.53794675,0.27224349,1.01141195,10.6
C,90,60,64,0.001,15,4.23451457,0.20492799,1.01141195,10.9
C,90,60,64,0.001,16,4.47206436,0.24956837,1.01141195,11.0
C,90,60,64,0.001,17,5.45338612,0.20912481,1.01141195,10.9
C,90,60,64,0.001,18,8.12995017,0.26485294,1.01141195,11.0
C,90,60,64,0.001,19,11.51649622,0.33163050,1.01141195,10.8
C,90,60,64,0.001,20,5.91297777,0.23444522,1.01141195,10.6
C,90,60,64,0.001,21,7.50825147,0.30993167,1.01141195,10.9
C,90,60,64,0.001,22,4.76373006,0.19496896,1.01141195,11.0
C,90,60,64,0.001,23,3.20212573,0.20723208,1.01141195,10.9
C,90,60,64,0.001,24,4.05685846,0.20756945,1.01141195,10.9
C,90,60,64,0.001,25,3.35200181,0.16439954,1.01141195,10.5
C,90,60,64,0.001,26,5.20645077,0.26912552,1.01141195,10.9
C,90,60,64,0.001,27,4.15416683,0.20246634,1.01141195,11.0
C,90,60,64,0.001,28,5.03477536,0.21125858,1.01141195,11.0
C,90,60,64,0.001,29,2.67264373,0.16580140,1.01141195,11.0
C,90,60,64,0.001,30,2.27554758,0.16955556,1.01141195,11.0
C,90,60,64,0.001,31,1.83223186,0.15859951,1.01141195,10.6
C,90,60,64,0.001,32,1.63245878,0.17036653,1.01141195,11.0
C,90,60,64,0.001,33,1.52091957,0.15102249,1.01141195,11.0
C,90,60,64,0.001,34,1.49444988,0.16585187,1.01141195,11.0
C,90,60,64,0.001,35,1.64751546,0.14596816,1.01141195,10.8
C,90,60,64,0.001,36,1.95704061,0.18139658,1.01141195,10.5
C,90,60,64,0.001,37,2.05033381,0.14739547,1.01141195,11.0
C,90,60,64,0.001,38,2.04234469,0.17223145,1.01141195,11.1
C,90,60,64,0.001,39,1.69005628,0.14852948,1.01141195,10.8
C,90,60,64,0.001,40,1.56796987,0.14944065,1.01141195,11.0
C,90,60,64,0.001,41,1.52209139,0.15410353,1.01141195,10.8
C,90,60,64,0.001,42,1.62259731,0.14207759,1.01141195,10.6
C,90,60,64,0.001,43,1.83063003,0.16817991,1.01141195,10.9
C,90,60,64,0.001,44,1.76268436,0.13807190,1.01141195,11.0
C,90,60,64,0.001,45,1.74107072,0.16987582,1.01141195,11.0
C,90,60,64,0.001,46,1.42571464,0.13659830,1.01141195,10.8
C,90,60,64,0.001,47,1.35649869,0.16064141,1.01141195,11.0
C,90,60,64,0.001,48,1.23834343,0.13471261,1.01141195,10.6
C,90,60,64,0.001,49,1.24206667,0.15488271,1.01141195,10.9
C,90,60,64,0.001,50,1.17491914,0.13102943,1.01141195,10.8
C,90,60,64,0.001,51,1.20157947,0.15476353,1.01141195,11.0
C,90,60,64,0.001,52,1.16314258,0.12718037,1.01141195,10.9
C,90,60,64,0.001,53,1.33311415,0.16936775,1.01141195,11.0
C,90,60,64,0.001,54,1.66264447,0.13657607,1.01141195,10.6
C,90,60,64,0.001,55,2.16733487,0.17671935,1.01141195,10.8
C,90,60,64,0.001,56,2.24390203,0.14031775,1.01141195,10.8
C,90,60,64,0.001,57,3.83351264,0.16082573,1.01141195,10.9
C,90,60,64,0.001,58,7.26019536,0.16725052,1.01141195,10.8
C,90,60,64,0.001,59,5.23789480,0.17177003,1.01141195,10.8
C,90,60,64,0.001,60,4.77153878,0.21897283,1.01141195,10.5
C,90,60,64,0.001,61,4.72468836,0.18184158,1.01141195,10.8
C,90,60,64,0.001,62,3.82287928,0.21951923,1.01141195,11.0
C,90,60,64,0.001,63,3.60717823,0.16405885,1.01141195,11.0
C,90,60,64,0.001,64,5.53531815,0.22066783,1.01141195,11.0
C,90,60,64,0.001,65,3.69181837,0.16149295,1.01141195,11.0
C,90,60,64,0.001,66,3.76447854,0.17133415,1.01141195,10.6
C,90,60,64,0.001,67,3.61212782,0.15281558,1.01141195,11.0
C,90,60,64,0.001,68,2.67531860,0.14487984,1.01141195,11.0
C,90,60,64,0.001,69,2.46997241,0.17517383,1.01141195,11.0
C,90,60,64,0.001,70,2.06935657,0.14210833,1.01141195,10.9
C,90,60,64,0.001,71,1.91709216,0.16149400,1.01141195,10.5
C,90,60,64,0.001,72,1.62564104,0.14045882,1.01141195,10.8
C,40,120,64,0.001,1,164.60735512,0.77709133,1.01141195,6.8
C,40,120,64,0.001,2,101.04924736,0.61618449,1.01141195,6.6
C,40,120,64,0.001,3,68.79583721,0.52951654,1.01141195,6.7
C,40,120,64,0.001,4,50.58706520,0.48355314,1.01141195,6.6
C,40,120,64,0.001,5,39.25806053,0.47149146,1.01141195,6.7
C,40,120,64,0.001,6,31.68407572,0.46443327,1.01141195,6.6
C,40,120,64,0.001,7,26.48260242,0.50651838,1.01141195,6.5
C,40,120,64,0.001,8,22.78411884,0.43628366,1.01141195,6.3
C,40,120,64,0.001,9,19.06248098,0.43031671,1.01141195,6.5
C,40,120,64,0.001,10,16.41212755,0.42589815,1.01141195,6.8
C,40,120,64,0.001,11,14.32301464,0.42803130,1.01141195,6.5
C,40,120,64,0.001,12,12.96815859,0.41624658,1.01141195,6.6
C,40,120,64,0.001,13,12.44096171,0.42995734,1.01141195,6.8
C,40,120,64,0.001,14,12.95496375,0.40626437,1.01141195,6.6
C,40,120,64,0.001,15,12.05769317,0.42669266,1.01141195,6.6
C,40,120,64,0.001,16,10.64914991,0.40218655,1.01141195,6.3
C,40,120,64,0.001,17,9.10148775,0.41379220,1.01141195,6.8
C,40,120,64,0.001,18,8.50595139,0.38529017,1.01141195,6.8
C,40,120,64,0.001,19,8.39771716,0.40664885,1.01141195,6.6
C,40,120,64,0.001,20,8.82288590,0.37285474,1.01141195,6.8
C,40,120,64,0.001,21,8.49907653,0.37606985,1.01141195,6.6
C,40,120,64,0.001,22,8.72243158,0.35736632,1.01141195,6.8
C,40,120,64,0.001,23,8.43970427,0.36427625,1.01141195,6.8
C,40,120,64,0.001,24,7.24485844,0.34750892,1.01141195,6.3
C,40,120,64,0.001,25,6.22099158,0.34465462,1.01141195,6.8
C,40,120,64,0.001,26,5.91350858,0.34085408,1.01141195,6.8
C,40,120,64,0.001,27,5.58695335,0.33021225,1.01141195,6.6
C,40,120,64,0.001,28,5.25839225,0.32516018,1.01141195,6.6
C,40,120,64,0.001,29,5.06329213,0.31557001,1.01141195,6.6
C,40,120,64,0.001,30,4.83449205,0.31332552,1.01141195,6.6
C,40,120,64,0.001,31,4.67258157,0.30443950,1.01141195,6.8
C,40,120,64,0.001,32,4.52625910,0.30568029,1.01141195,6.8
C,40,120,64,0.001,33,4.41301023,0.29519621,1.01141195,6.6
C,40,120,64,0.001,34,4.32384923,0.30164682,1.01141195,6.5
C,40,120,64,0.001,35,4.32365047,0.28710548,1.01141195,6.8
C,40,120,64,0.001,36,4.50363483,0.30670490,1.01141195,6.6
C,40,120,64,0.001,37,4.85005700,0.28384968,1.01141195,6.6
C,40,120,64,0.001,38,5.82557342,0.30048270,1.01141195,6.6
C,40,120,64,0.001,39,5.78930453,0.28686774,1.01141195,6.6
C,40,120,64,0.001,40,5.23071696,0.28301870,1.01141195,6.8
C,40,120,64,0.001,41,5.07379519,0.27667281,1.01141195,6.8
C,40,120,64,0.001,42,5.14795800,0.29381359,1.01141195,6.8
C,40,120,64,0.001,43,6.10346757,0.27199356,1.01141195,6.3
C,40,120,64,0.001,44,4.86478707,0.27798432,1.01141195,6.6
C,40,120,64,0.001,45,4.42713560,0.27455383,1.01141195,6.6
C,40,120,64,0.001,46,4.03673702,0.27289853,1.01141195,6.8
C,40,120,64,0.001,47,3.65338126,0.26994473,1.01141195,6.8
C,40,120,64,0.001,48,3.31103698,0.26228613,1.01141195,6.8
C,40,120,64,0.001,49,3.16545305,0.26529724,1.01141195,6.6
C,40,120,64,0.001,50,3.08007942,0.25839504,1.01141195,6.8
C,40,120,64,0.001,51,3.01793501,0.25826602,1.01141195,6.8
C,40,120,64,0.001,52,2.97003425,0.25599510,1.01141195,6.3
C,40,120,64,0.001,53,2.94676042,0.25503043,1.01141195,6.6
C,40,120,64,0.001,54,2.96394208,0.25344964,1.01141195,6.6
C,40,120,64,0.001,55,3.09033670,0.25140463,1.01141195,6.6
C,40,120,64,0.001,56,3.26967570,0.25407910,1.01141195,6.7
C,40,120,64,0.001,57,3.40694471,0.24701699,1.01141195,6.6
C,40,120,64,0.001,58,3.27117594,0.25283424,1.01141195,6.6
C,40,120,64,0.001,59,3.20170804,0.24242754,1.01141195,6.6
C,40,120,64,0.001,60,3.26274639,0.25539885,1.01141195,6.3
C,40,120,64,0.001,61,3.36840904,0.24252261,1.01141195,6.8
C,40,120,64,0.001,62,3.09342994,0.24802002,1.01141195,6.6
C,40,120,64,0.001,63,3.18626840,0.24384305,1.01141195,6.8
C,40,120,64,0.001,64,3.25093369,0.24326884,1.01141195,6.8
C,40,120,64,0.001,65,3.70360972,0.23538956,1.01141195,6.8
C,40,120,64,0.001,66,3.90797415,0.23592618,1.01141195,6.8
C,40,120,64,0.001,67,3.55905437,0.22446011,1.01141195,6.6
C,40,120,64,0.001,68,3.20668673,0.23089903,1.01141195,6.3
C,40,120,64,0.001,69,2.77942000,0.22298847,1.01141195,6.9
C,40,120,64,0.001,70,2.64249426,0.22833855,1.01141195,6.8
C,40,120,64,0.001,71,2.65213220,0.22346471,1.01141195,6.8
C,40,120,64,0.001,72,2.81799873,0.22892552,1.01141195,6.8
C,40,120,64,0.001,73,2.99701774,0.22315982,1.01141195,6.9
C,40,120,64,0.001,74,2.99290299,0.22763052,1.01141195,6.8
C,40,120,64,0.001,75,2.70548606,0.21927615,1.01141195,6.8
C,40,120,64,0.001,76,2.49082189,0.22544727,1.01141195,6.3
C,40,120,64,0.001,77,2.45166785,0.21720404,1.01141195,6.6
C,40,120,64,0.001,78,2.45805822,0.22483418,1.01141195,6.6
C,40,120,64,0.001,79,2.47130824,0.21582605,1.01141195,6.8
C,40,120,64,0.001,80,2.40882099,0.22185346,1.01141195,6.8
C,40,120,64,0.001,81,2.40679979,0.21454520,1.01141195,6.8
C,40,120,64,0.001,82,2.42343860,0.21920595,1.01141195,6.6
C,40,120,64,0.001,83,2.49542493,0.21297306,1.01141195,6.6
C,40,120,64,0.001,84,2.67956972,0.21794433,1.01141195,6.3
C,40,120,64,0.001,85,2.87303591,0.21622396,1.01141195,6.8
C,40,120,64,0.001,86,3.30213502,0.21601102,1.01141195,6.8
C,40,120,64,0.001,87,3.12983828,0.21735999,1.01141195,6.6
C,40,120,64,0.001,88,2.96493087,0.21205252,1.01141195,6.8
C,40,120,64,0.001,89,2.67182750,0.21674340,1.01141195,6.6
C,40,120,64,0.001,90,2.68703855,0.20982192,1.01141195,6.8
C,40,120,64,0.001,91,2.54869699,0.21423661,1.01141195,6.6
C,40,120,64,0.001,92,2.51564432,0.20806535,1.01141195,6.5
C,40,120,64,0.001,93,2.27204533,0.21303615,1.01141195,6.3
C,40,120,64,0.001,94,2.15721792,0.20746668,1.01141195,6.6
C,40,120,64,0.001,95,2.15086848,0.21268152,1.01141195,6.6
C,40,120,64,0.001,96,2.26332843,0.20604195,1.01141195,6.8
C,40,120,64,0.001,97,2.36696376,0.21430646,1.01141195,6.5
C,40,120,64,0.001,98,2.61483116,0.20538719,1.01141195,6.6
C,40,120,64,0.001,99,2.41156801,0.20954287,1.01141195,6.6
C,40,120,64,0.001,100,2.33771616,0.20670574,1.01141195,6.8
C,60,120,64,0.001,1,136.34423035,0.70085030,1.01141195,8.2
C,60,120,64,0.001,2,64.41098923,0.54129942,1.01141195,7.9
C,60,120,64,0.001,3,41.10508076,0.46948677,1.01141195,8.1
C,60,120,64,0.001,4,29.34595482,0.45280608,1.01141195,8.3
C,60,120,64,0.001,5,24.43623470,0.44035055,1.01141195,8.2
C,60,120,64,0.001,6,16.67216290,0.42471987,1.01141195,8.2
C,60,120,64,0.001,7,13.44339716,0.39778235,1.01141195,8.4
C,60,120,64,0.001,8,10.82724238,0.37231414,1.01141195,8.2
C,60,120,64,0.001,9,9.51763530,0.35367139,1.01141195,8.5
C,60,120,64,0.001,10,8.62945042,0.30028299,1.01141195,8.2
C,60,120,64,0.001,11,9.11554311,0.38326763,1.01141195,7.9
C,60,120,64,0.001,12,11.19490232,0.26709986,1.01141195,8.4
C,60,120,64,0.001,13,12.66951472,0.28776339,1.01141195,8.4
C,60,120,64,0.001,14,11.52743483,0.25076367,1.01141195,8.2
C,60,120,64,0.001,15,13.66328976,0.25806767,1.01141195,8.2
C,60,120,64,0.001,16,7.71635715,0.23531012,1.01141195,8.2
C,60,120,64,0.001,17,8.47079505,0.24865162,1.01141195,8.2
C,60,120,64,0.001,18,13.87136035,0.23106591,1.01141195,8.2
C,60,120,64,0.001,19,10.78555187,0.22409466,1.01141195,7.9
C,60,120,64,0.001,20,6.29837056,0.22816102,1.01141195,8.4
C,60,120,64,0.001,21,5.63376821,0.21752300,1.01141195,8.3
C,60,120,64,0.001,22,4.66085411,0.21386202,1.01141195,8.2
C,60,120,64,0.001,23,4.22526367,0.20689988,1.01141195,8.1
C,60,120,64,0.001,24,3.88081721,0.20583771,1.01141195,8.4
C,60,120,64,0.001,25,3.68946187,0.20172243,1.01141195,8.2
C,60,120,64,0.001,26,3.53216006,0.19528378,1.01141195,8.3
C,60,120,64,0.001,27,3.39652137,0.19386181,1.01141195,8.2
C,60,120,64,0.001,28,3.28906924,0.19093030,1.01141195,7.9
C,60,120,64,0.001,29,3.18742927,0.18882783,1.01141195,8.2
C,60,120,64,0.001,30,3.09692740,0.18600261,1.01141195,8.2
C,60,120,64,0.001,31,3.01355191,0.18454940,1.01141195,8.3
C,60,120,64,0.001,32,2.94133789,0.18144557,1.01141195,8.3
C,60,120,64,0.001,33,2.87037803,0.18094967,1.01141195,8.4
C,60,120,64,0.001,34,2.81458630,0.17726746,1.01141195,8.2
C,60,120,64,0.001,35,2.75685359,0.17857415,1.01141195,8.2
C,60,120,64,0.001,36,2.73583292,0.17287584,1.01141195,8.2
C,60,120,64,0.001,37,2.73087276,0.17962853,1.01141195,8.1
C,60,120,64,0.001,38,2.88155707,0.16947975,1.01141195,8.2
C,60,120,64,0.001,39,3.27335904,0.19179239,1.01141195,8.4
C,60,120,64,0.001,40,4.02927079,0.16956046,1.01141195,8.3
C,60,120,64,0.001,41,4.93933276,0.19475902,1.01141195,8.2
C,60,120,64,0.001,42,4.22918301,0.17395332,1.01141195,8.4
C,60,120,64,0.001,43,4.00244283,0.18099618,1.01141195,8.2
C,60,120,64,0.001,44,3.45202498,0.17811592,1.01141195,8.4
C,60,120,64,0.001,45,3.12046217,0.17484391,1.01141195,7.9
C,60,120,64,0.001,46,2.80761227,0.17424868,1.01141195,8.3
C,60,120,64,0.001,47,2.72059318,0.16521799,1.01141195,8.2
C,60,120,64,0.001,48,2.76523226,0.17256952,1.01141195,8.5
C,60,120,64,0.001,49,2.69415934,0.16100699,1.01141195,8.4
C,60,120,64,0.001,50,2.63651570,0.16870911,1.01141195,8.4
C,60,120,64,0.001,51,2.51761039,0.16065534,1.01141195,8.2
C,60,120,64,0.001,52,2.47796757,0.16168898,1.01141195,8.4
C,60,120,64,0.001,53,2.37744655,0.16028935,1.01141195,8.2
C,60,120,64,0.001,54,2.34785546,0.15588411,1.01141195,8.2
C,60,120,64,0.001,55,2.31417836,0.15972442,1.01141195,8.2
C,60,120,64,0.001,56,2.32896362,0.15372400,1.01141195,8.2
C,60,120,64,0.001,57,2.33490255,0.15795948,1.01141195,8.2
C,60,120,64,0.001,58,2.35322587,0.15575939,1.01141195,8.2
C,60,120,64,0.001,59,2.47590972,0.15548428,1.01141195,8.5
C,60,120,64,0.001,60,2.40399828,0.15654714,1.01141195,8.4
C,60,120,64,0.001,61,2.38439718,0.15453423,1.01141195,7.9
C,60,120,64,0.001,62,2.58537424,0.15833255,1.01141195,8.5
C,60,120,64,0.001,63,2.84071553,0.15465975,1.01141195,8.2
C,60,120,64,0.001,64,2.93833586,0.15922732,1.01141195,8.5
C,60,120,64,0.001,65,2.94229401,0.16640736,1.01141195,8.2
C,60,120,64,0.001,66,2.91087835,0.15343719,1.01141195,8.2
C,60,120,64,0.001,67,2.70843789,0.15654089,1.01141195,8.4
C,60,120,64,0.001,68,2.60939741,0.15713032,1.01141195,8.2
C,60,120,64,0.001,69,2.41627893,0.14924799,1.01141195,8.4
C,60,120,64,0.001,70,2.45480934,0.16114857,1.01141195,8.0
C,60,120,64,0.001,71,2.54705348,0.14753343,1.01141195,8.2
C,60,120,64,0.001,72,2.51209161,0.16276885,1.01141195,8.2
C,60,120,64,0.001,73,2.48918275,0.15158476,1.01141195,8.2
C,60,120,64,0.001,74,2.48472347,0.16501692,1.01141195,8.3
C,60,120,64,0.001,75,2.61959772,0.15630244,1.01141195,8.4
C,60,120,64,0.001,76,2.63635565,0.16781200,1.01141195,8.5
C,60,120,64,0.001,77,2.51117046,0.16167287,1.01141195,8.4
C,60,120,64,0.001,78,2.28125975,0.16597073,1.01141195,8.0
C,60,120,64,0.001,79,2.11158639,0.15337238,1.01141195,8.2
C,60,120,64,0.001,80,2.01928097,0.15803278,1.01141195,8.5
C,60,120,64,0.001,81,1.92186807,0.15435824,1.01141195,8.3
C,60,120,64,0.001,82,1.93149474,0.15402486,1.01141195,8.4
C,60,120,64,0.001,83,1.98248036,0.15280804,1.01141195,8.6
C,60,120,64,0.001,84,1.96912946,0.15348290,1.01141195,8.2
C,60,120,64,0.001,85,1.82653429,0.15035202,1.01141195,8.4
C,60,120,64,0.001,86,1.79090118,0.15340639,1.01141195,8.0
C,60,120,64,0.001,87,1.76759999,0.14875407,1.01141195,8.2
C,60,120,64,0.001,88,1.81212580,0.15004634,1.01141195,8.2
C,60,120,64,0.001,89,1.83833481,0.15050031,1.01141195,8.4
C,60,120,64,0.001,90,2.01933827,0.14823537,1.01141195,8.4
C,60,120,64,0.001,91,2.10203401,0.15320766,1.01141195,8.4
C,90,120,64,0.001,1,119.85111099,0.61947981,1.01141195,11.1
C,90,120,64,0.001,2,50.48629066,0.59324133,1.01141195,11.0
C,90,120,64,0.001,3,30.39180061,0.42296992,1.01141195,10.5
C,90,120,64,0.001,4,27.10637430,0.39919371,1.01141195,10.8
C,90,120,64,0.001,5,22.46030087,0.36902779,1.01141195,10.9
C,90,120,64,0.001,6,17.76726961,0.29781835,1.01141195,10.8
C,90,120,64,0.001,7,14.00958849,0.32300461,1.01141195,11.0
C,90,120,64,0.001,8,11.41358503,0.26935475,1.01141195,11.0
C,90,120,64,0.001,9,8.12616239,0.26811117,1.01141195,10.8
C,90,120,64,0.001,10,6.51876741,0.25473264,1.01141195,10.8
C,90,120,64,0.001,11,5.67213933,0.23356827,1.01141195,10.9
C,90,120,64,0.001,12,4.96602014,0.23062579,1.01141195,10.5
C,90,120,64,0.001,13,4.51711752,0.22690435,1.01141195,10.8
C,90,120,64,0.001,14,4.15730293,0.21591734,1.01141195,11.0
C,90,120,64,0.001,15,4.06736360,0.21000701,1.01141195,10.8
C,90,120,64,0.001,16,4.47389725,0.22054074,1.01141195,11.0
C,90,120,64,0.001,17,6.21224953,0.20399553,1.01141195,10.8
C,90,120,64,0.001,18,11.07345880,0.32435652,1.01141195,11.0
C,90,120,64,0.001,19,6.74284960,0.23360602,1.01141195,10.8
C,90,120,64,0.001,20,7.56804204,0.25504650,1.01141195,10.6
C,90,120,64,0.001,21,6.05427075,0.23778366,1.01141195,10.8
C,90,120,64,0.001,22,5.19349448,0.20945715,1.01141195,10.9
C,90,120,64,0.001,23,4.98983312,0.22457761,1.01141195,10.8
C,90,120,64,0.001,24,5.29168251,0.22330479,1.01141195,11.0
C,90,120,64,0.001,25,5.46187848,0.20108348,1.01141195,10.8
C,90,120,64,0.001,26,4.24578558,0.21170312,1.01141195,11.0
C,90,120,64,0.001,27,3.95494758,0.20129968,1.01141195,10.8
C,90,120,64,0.001,28,3.52560004,0.19444979,1.01141195,10.5
C,90,120,64,0.001,29,3.27847451,0.19337992,1.01141195,10.8
C,90,120,64,0.001,30,2.92555183,0.19438031,1.01141195,10.9
C,90,120,64,0.001,31,2.77872798,0.18829185,1.01141195,11.0
C,90,120,64,0.001,32,2.68176084,0.20177404,1.01141195,11.0
C,90,120,64,0.001,33,2.84139186,0.17884464,1.01141195,10.9
C,90,120,64,0.001,34,3.03095676,0.20584782,1.01141195,11.0
C,90,120,64,0.001,35,2.73535952,0.16950444,1.01141195,10.9
C,90,120,64,0.001,36,2.67790708,0.17748398,1.01141195,10.5
C,90,120,64,0.001,37,2.55568734,0.17761468,1.01141195,10.8
C,90,120,64,0.001,38,2.50474908,0.17078706,1.01141195,11.0
C,90,120,64,0.001,39,2.50849337,0.18165111,1.01141195,10.8
C,90,120,64,0.001,40,2.56644013,0.17236139,1.01141195,11.0
C,90,120,64,0.001,41,2.77294437,0.18644531,1.01141195,10.8
C,90,120,64,0.001,42,3.18457276,0.17726986,1.01141195,10.8
C,90,120,64,0.001,43,3.64619811,0.19254590,1.01141195,10.9
C,90,120,64,0.001,44,4.33688335,0.18842413,1.01141195,11.1
C,90,120,64,0.001,45,3.87449733,0.18120960,1.01141195,10.6
C,90,120,64,0.001,46,4.48615959,0.21179100,1.01141195,10.9
C,90,120,64,0.001,47,3.80707578,0.17857009,1.01141195,10.9
C,90,120,64,0.001,48,3.67150267,0.23578459,1.01141195,10.8
C,90,120,64,0.001,49,3.34268263,0.16026790,1.01141195,10.8
C,90,120,64,0.001,50,3.21766296,0.20435424,1.01141195,11.0
C,90,120,64,0.001,51,2.77209570,0.19104966,1.01141195,10.8
C,90,120,64,0.001,52,2.61434556,0.18554502,1.01141195,10.5
C,90,120,64,0.001,53,2.34977435,0.18416281,1.01141195,11.0
C,90,120,64,0.001,54,2.30932844,0.18354166,1.01141195,11.0
C,90,120,64,0.001,55,2.26497562,0.17803838,1.01141195,11.0
C,90,120,64,0.001,56,2.36000582,0.18613349,1.01141195,10.8
C,90,120,64,0.001,57,2.23812861,0.17863730,1.01141195,10.8
C,90,120,64,0.001,58,2.19953756,0.18094549,1.01141195,11.0
C,90,120,64,0.001,59,2.17823309,0.17777399,1.01141195,10.8
C,90,120,64,0.001,60,2.12692807,0.18553462,1.01141195,10.8
C,90,120,64,0.001,61,2.06532043,0.17849057,1.01141195,10.5
C,90,120,64,0.001,62,2.06221526,0.18861539,1.01141195,10.8
C,90,120,64,0.001,63,2.06633728,0.17982649,1.01141195,10.7
C,90,120,64,0.001,64,2.24117712,0.19349328,1.01141195,11.0
C,90,120,64,0.001,65,2.46250642,0.18122329,1.01141195,11.0
C,90,120,64,0.001,66,2.90579832,0.19958232,1.01141195,10.8
C,90,120,64,0.001,67,2.95737687,0.18313439,1.01141195,11.0
C,90,120,64,0.001,68,2.97206797,0.20182410,1.01141195,10.8
C,90,120,64,0.001,69,2.64528213,0.18599708,1.01141195,10.5
E,40,30,64,0.001,1,20.21765954,0.32265733,0.33073587,6.4
E,40,30,64,0.001,2,11.95669022,0.19687521,0.33073587,6.6
E,40,30,64,0.001,3,6.85049731,0.10032227,0.33073587,6.6
E,40,30,64,0.001,4,4.72527127,0.13244603,0.33073587,6.6
E,40,30,64,0.001,5,4.18023029,0.10260899,0.33073587,6.8
E,40,30,64,0.001,6,3.52129822,0.09414885,0.33073587,6.3
E,40,30,64,0.001,7,3.80700876,0.08601618,0.33073587,6.6
E,40,30,64,0.001,8,2.76314230,0.13826803,0.33073587,6.6
E,40,30,64,0.001,9,3.24122208,0.09870081,0.33073587,6.7
E,40,30,64,0.001,10,3.03100919,0.07345073,0.33073587,6.7
E,40,30,64,0.001,11,3.34212131,0.09570933,0.33073587,6.6
E,40,30,64,0.001,12,3.41101501,0.09257430,0.33073587,6.3
E,40,30,64,0.001,13,2.88938858,0.08262972,0.33073587,6.7
E,40,30,64,0.001,14,1.95796843,0.06655407,0.33073587,6.8
E,40,30,64,0.001,15,1.98206369,0.06960792,0.33073587,6.5
E,40,30,64,0.001,16,1.54915856,0.05365031,0.33073587,6.8
E,40,30,64,0.001,17,1.28554111,0.04453296,0.33073587,6.3
E,40,30,64,0.001,18,1.05589578,0.05050321,0.33073587,6.7
E,40,30,64,0.001,19,1.00845061,0.04188412,0.33073587,6.7
E,40,30,64,0.001,20,1.20010212,0.11173093,0.33073587,6.7
E,40,30,64,0.001,21,1.70414849,0.04419377,0.33073587,6.8
E,40,30,64,0.001,22,2.20799936,0.08156378,0.33073587,6.7
E,40,30,64,0.001,23,1.78620849,0.05120186,0.33073587,6.3
E,40,30,64,0.001,24,1.52902638,0.05028295,0.33073587,6.6
E,40,30,64,0.001,25,1.49445110,0.06501226,0.33073587,6.6
E,40,30,64,0.001,26,1.50043317,0.03970286,0.33073587,6.8
E,40,30,64,0.001,27,1.09591762,0.06401548,0.33073587,6.8
E,40,30,64,0.001,28,1.02334388,0.04093355,0.33073587,6.3
E,40,30,64,0.001,29,0.98839169,0.04870815,0.33073587,6.7
E,40,30,64,0.001,30,0.90318083,0.04235192,0.33073587,6.6
E,40,30,64,0.001,31,0.85575201,0.03894482,0.33073587,6.7
E,40,30,64,0.001,32,0.89674203,0.06006052,0.33073587,6.7
E,40,30,64,0.001,33,0.90231594,0.03306430,0.33073587,6.3
E,40,30,64,0.001,34,1.08375265,0.06195986,0.33073587,6.7
E,40,30,64,0.001,35,1.06499146,0.03456629,0.33073587,6.7
E,40,30,64,0.001,36,1.30999271,0.05989611,0.33073587,6.5
E,40,30,64,0.001,37,1.09094477,0.03742763,0.33073587,6.7
E,40,30,64,0.001,38,0.88967635,0.04636177,0.33073587,6.3
E,40,30,64,0.001,39,0.67940331,0.03436171,0.33073587,6.6
E,40,30,64,0.001,40,0.53715534,0.04451215,0.33073587,6.5
E,40,30,64,0.001,41,0.51517404,0.02962148,0.33073587,6.7
E,40,30,64,0.001,42,0.53787422,0.05063291,0.33073587,6.7
E,40,30,64,0.001,43,0.58299404,0.02886606,0.33073587,6.3
E,40,30,64,0.001,44,0.67808440,0.04078999,0.33073587,6.6
E,40,30,64,0.001,45,1.02622125,0.06857705,0.33073587,6.7
E,40,30,64,0.001,46,1.32072779,0.03676349,0.33073587,6.6
E,40,30,64,0.001,47,1.42397778,0.05600853,0.33073587,6.7
E,40,30,64,0.001,48,0.92387481,0.04699134,0.33073587,6.4
E,40,30,64,0.001,49,0.85689651,0.04069673,0.33073587,6.6
E,40,30,64,0.001,50,0.87989771,0.07083687,0.33073587,6.7
E,40,30,64,0.001,51,0.80406867,0.03966271,0.33073587,6.8
E,40,30,64,0.001,52,0.80014194,0.04735366,0.33073587,6.6
E,40,30,64,0.001,53,0.64241128,0.03986222,0.33073587,6.3
E,40,30,64,0.001,54,0.62067482,0.03490466,0.33073587,6.6
E,40,30,64,0.001,55,0.68510957,0.05218368,0.33073587,6.6
E,40,30,64,0.001,56,0.71518174,0.03166954,0.33073587,6.8
E,40,30,64,0.001,57,1.06305503,0.07269036,0.33073587,6.7
E,40,30,64,0.001,58,1.01223004,0.04079079,0.33073587,6.3
E,40,30,64,0.001,59,1.00593945,0.05445683,0.33073587,6.6
E,40,30,64,0.001,60,0.83784667,0.03708857,0.33073587,6.8
E,40,30,64,0.001,61,0.52162813,0.04199726,0.33073587,6.6
E,40,30,64,0.001,62,0.50936770,0.03674768,0.33073587,6.7
E,40,30,64,0.001,63,0.55422169,0.04520558,0.33073587,6.4
E,60,30,64,0.001,1,14.18428733,0.43730814,0.33073587,8.2
E,60,30,64,0.001,2,10.96840192,0.25986450,0.33073587,8.2
E,60,30,64,0.001,3,7.27820195,0.29451463,0.33073587,8.2
E,60,30,64,0.001,4,8.66959938,0.09287690,0.33073587,8.4
E,60,30,64,0.001,5,4.79084150,0.14304867,0.33073587,8.0
E,60,30,64,0.001,6,3.27564525,0.06885797,0.33073587,8.4
E,60,30,64,0.001,7,3.05871225,0.16198074,0.33073587,8.3
E,60,30,64,0.001,8,4.24123462,0.08478963,0.33073587,8.4
E,60,30,64,0.001,9,3.44213323,0.11096455,0.33073587,8.4
E,60,30,64,0.001,10,2.15908830,0.11076836,0.33073587,8.0
E,60,30,64,0.001,11,2.87351479,0.07085612,0.33073587,8.4
E,60,30,64,0.001,12,3.14240054,0.07302367,0.33073587,8.4
E,60,30,64,0.001,13,3.01206589,0.06640577,0.33073587,8.3
E,60,30,64,0.001,14,3.18200516,0.06389014,0.33073587,8.4
E,60,30,64,0.001,15,2.65608941,0.09520980,0.33073587,8.0
E,60,30,64,0.001,16,2.35363193,0.06876213,0.33073587,8.2
E,60,30,64,0.001,17,2.06581677,0.04505149,0.33073587,8.4
E,60,30,64,0.001,18,1.49085566,0.04283973,0.33073587,8.2
E,60,30,64,0.001,19,1.18563676,0.02977497,0.33073587,8.3
E,60,30,64,0.001,20,0.92975879,0.03178523,0.33073587,7.9
E,60,30,64,0.001,21,0.79053152,0.03047967,0.33073587,8.2
E,60,30,64,0.001,22,0.85558798,0.03421485,0.33073587,8.2
E,60,30,64,0.001,23,1.64411936,0.11407780,0.33073587,8.2
E,60,30,64,0.001,24,2.45700575,0.03679932,0.33073587,8.4
E,60,30,64,0.001,25,1.70882524,0.04904177,0.33073587,8.0
E,60,30,64,0.001,26,1.39058822,0.07976555,0.33073587,8.3
E,60,30,64,0.001,27,1.72914376,0.03653097,0.33073587,8.3
E,60,30,64,0.001,28,2.71835333,0.16092565,0.33073587,8.3
E,60,30,64,0.001,29,2.00931927,0.04290890,0.33073587,8.4
E,60,30,64,0.001,30,1.48426588,0.04879780,0.33073587,8.0
E,60,30,64,0.001,31,1.09045207,0.04962167,0.33073587,8.4
E,60,30,64,0.001,32,0.98747689,0.03180625,0.33073587,8.4
E,60,30,64,0.001,33,1.28966611,0.06910965,0.33073587,8.2
E,60,30,64,0.001,34,1.07787625,0.03262641,0.33073587,8.2
E,60,30,64,0.001,35,1.06879091,0.04003853,0.33073587,8.0
E,60,30,64,0.001,36,0.79267061,0.03240154,0.33073587,8.2
E,60,30,64,0.001,37,0.78721547,0.02757052,0.33073587,8.6
E,60,30,64,0.001,38,0.72471041,0.04399039,0.33073587,8.2
E,60,30,64,0.001,39,0.95834464,0.02971957,0.33073587,8.4
E,60,30,64,0.001,40,0.88767684,0.04297987,0.33073587,7.9
E,60,30,64,0.001,41,0.78628906,0.03558827,0.33073587,8.3
E,60,30,64,0.001,42,0.76512180,0.03505687,0.33073587,8.2
E,60,30,64,0.001,43,0.73980933,0.04228002,0.33073587,8.3
E,60,30,64,0.001,44,0.94820941,0.03015510,0.33073587,8.3
E,60,30,64,0.001,45,1.09709197,0.04452188,0.33073587,7.9
E,60,30,64,0.001,46,1.14698718,0.05160918,0.33073587,8.4
E,60,30,64,0.001,47,1.89488159,0.02799759,0.33073587,8.2
E,60,30,64,0.001,48,1.02411449,0.04407280,0.33073587,8.3
E,60,30,64,0.001,49,1.31734017,0.04278454,0.33073587,8.1
E,60,30,64,0.001,50,1.67269358,0.04794641,0.33073587,8.2
E,60,30,64,0.001,51,0.96694629,0.02775988,0.33073587,8.2
E,60,30,64,0.001,52,0.72843745,0.02435534,0.33073587,8.2
E,60,30,64,0.001,53,0.61097883,0.04158052,0.33073587,8.2
E,60,30,64,0.001,54,0.79945763,0.02660071,0.33073587,7.9
E,60,30,64,0.001,55,0.93295475,0.05030532,0.33073587,8.2
E,60,30,64,0.001,56,0.72627302,0.02325183,0.33073587,8.3
E,60,30,64,0.001,57,0.59520756,0.02555351,0.33073587,8.3
E,60,30,64,0.001,58,0.47493587,0.02480743,0.33073587,8.4
E,60,30,64,0.001,59,0.45647651,0.02000694,0.33073587,8.5
E,60,30,64,0.001,60,0.55120664,0.03636028,0.33073587,8.0
E,60,30,64,0.001,61,0.68844641,0.02246923,0.33073587,8.4
E,60,30,64,0.001,62,0.58271508,0.03025108,0.33073587,8.3
E,60,30,64,0.001,63,0.45375656,0.02130311,0.33073587,8.4
E,60,30,64,0.001,64,0.38234527,0.02205107,0.33073587,8.2
E,60,30,64,0.001,65,0.41294766,0.02485930,0.33073587,7.9
E,60,30,64,0.001,66,0.45973278,0.02583678,0.33073587,8.2
E,60,30,64,0.001,67,0.58069654,0.02335286,0.33073587,8.5
E,60,30,64,0.001,68,0.43289063,0.02563649,0.33073587,8.3
E,60,30,64,0.001,69,0.49144856,0.02024687,0.33073587,8.4
E,60,30,64,0.001,70,0.40432989,0.02243679,0.33073587,7.9
E,60,30,64,0.001,71,0.39157914,0.02235931,0.33073587,8.2
E,60,30,64,0.001,72,0.41777847,0.02204569,0.33073587,8.2
E,60,30,64,0.001,73,0.56399056,0.03194280,0.33073587,8.3
E,60,30,64,0.001,74,0.89761231,0.02456412,0.33073587,8.3
E,60,30,64,0.001,75,1.23605643,0.07493455,0.33073587,7.9
E,60,30,64,0.001,76,2.02655321,0.03962619,0.33073587,8.2
E,60,30,64,0.001,77,1.37814876,0.03407548,0.33073587,8.2
E,60,30,64,0.001,78,0.81684119,0.03826650,0.33073587,8.2
E,60,30,64,0.001,79,1.00700867,0.03798391,0.33073587,8.2
E,90,30,64,0.001,1,15.27122337,0.49096171,0.33073587,10.6
E,90,30,64,0.001,2,11.68278487,0.26204714,0.33073587,10.9
E,90,30,64,0.001,3,5.71023171,0.30464431,0.33073587,10.8
E,90,30,64,0.001,4,5.42170219,0.15916383,0.33073587,11.0
E,90,30,64,0.001,5,5.01351845,0.15532287,0.33073587,10.9
E,90,30,64,0.001,6,3.98146343,0.22320392,0.33073587,10.5
E,90,30,64,0.001,7,4.38115648,0.08507673,0.33073587,10.8
E,90,30,64,0.001,8,4.08266620,0.15699483,0.33073587,11.0
E,90,30,64,0.001,9,4.18336138,0.09954565,0.33073587,10.9
E,90,30,64,0.001,10,4.16756533,0.11875131,0.33073587,10.8
E,90,30,64,0.001,11,2.72863965,0.08447664,0.33073587,10.5
E,90,30,64,0.001,12,2.41515197,0.09045966,0.33073587,10.9
E,90,30,64,0.001,13,2.35823717,0.07722601,0.33073587,10.9
E,90,30,64,0.001,14,3.26088096,0.05860506,0.33073587,11.0
E,90,30,64,0.001,15,2.19275615,0.09531831,0.33073587,10.9
E,90,30,64,0.001,16,1.89464559,0.04416810,0.33073587,10.5
E,90,30,64,0.001,17,1.99426415,0.07251144,0.33073587,10.9
E,90,30,64,0.001,18,2.90766827,0.20002737,0.33073587,11.0
E,90,30,64,0.001,19,3.34440383,0.06983444,0.33073587,10.8
E,90,30,64,0.001,20,2.07764538,0.10956016,0.33073587,11.0
E,90,30,64,0.001,21,1.93089196,0.05919774,0.33073587,10.6
E,90,30,64,0.001,22,1.25075875,0.04914475,0.33073587,10.8
E,90,30,64,0.001,23,1.63928375,0.09979569,0.33073587,10.9
E,90,30,64,0.001,24,1.77063766,0.04708324,0.33073587,10.8
E,90,30,64,0.001,25,1.54319164,0.06220132,0.33073587,10.9
E,90,30,64,0.001,26,0.96640234,0.03388335,0.33073587,10.6
E,90,30,64,0.001,27,1.06725070,0.06700638,0.33073587,10.9
E,90,30,64,0.001,28,1.08666523,0.04152109,0.33073587,10.8
E,90,30,64,0.001,29,0.87771227,0.03468504,0.33073587,10.8
E,90,30,64,0.001,30,1.00157412,0.05872720,0.33073587,10.8
E,90,30,64,0.001,31,0.96506688,0.03297778,0.33073587,10.5
E,90,30,64,0.001,32,1.16540978,0.07921102,0.33073587,10.8
E,90,30,64,0.001,33,1.18903758,0.03737785,0.33073587,10.9
E,90,30,64,0.001,34,1.01510452,0.05567871,0.33073587,10.8
E,90,30,64,0.001,35,1.18431420,0.04342413,0.33073587,10.9
E,90,30,64,0.001,36,0.88706298,0.04371288,0.33073587,10.5
E,90,30,64,0.001,37,1.44752897,0.06730993,0.33073587,11.0
E,90,30,64,0.001,38,1.99742982,0.04395784,0.33073587,10.8
E,90,30,64,0.001,39,1.61245143,0.05712686,0.33073587,11.0
E,90,30,64,0.001,40,1.40174916,0.04201011,0.33073587,10.9
E,90,30,64,0.001,41,0.99010937,0.03797784,0.33073587,10.5
E,90,30,64,0.001,42,1.18754382,0.07240531,0.33073587,10.8
E,90,30,64,0.001,43,1.26349755,0.03430624,0.33073587,10.8
E,90,30,64,0.001,44,1.41785420,0.05361312,0.33073587,10.8
E,90,30,64,0.001,45,1.25166568,0.04169627,0.33073587,10.9
E,90,30,64,0.001,46,1.51804140,0.05779320,0.33073587,10.6
E,90,30,64,0.001,47,1.99330397,0.11440261,0.33073587,11.0
E,90,30,64,0.001,48,1.52430060,0.03546771,0.33073587,10.8
E,90,30,64,0.001,49,1.22519854,0.10995139,0.33073587,10.9
E,90,30,64,0.001,50,1.29558597,0.04263100,0.33073587,10.5
E,90,30,64,0.001,51,0.96511635,0.05068047,0.33073587,10.8
E,40,60,64,0.001,1,46.76006661,0.26625280,0.33073587,6.8
E,40,60,64,0.001,2,23.68820370,0.24103882,0.33073587,6.8
E,40,60,64,0.001,3,15.52463265,0.17550381,0.33073587,6.6
E,40,60,64,0.001,4,12.33573532,0.11588502,0.33073587,6.8
E,40,60,64,0.001,5,9.84541017,0.08998905,0.33073587,6.3
E,40,60,64,0.001,6,8.47067976,0.12034456,0.33073587,6.7
E,40,60,64,0.001,7,8.56873935,0.07648156,0.33073587,6.8
E,40,60,64,0.001,8,11.07910853,0.08659062,0.33073587,6.6
E,40,60,64,0.001,9,7.21332249,0.08023612,0.33073587,6.6
E,40,60,64,0.001,10,5.45243230,0.05949132,0.33073587,6.3
E,40,60,64,0.001,11,5.23022820,0.08028594,0.33073587,6.8
E,40,60,64,0.001,12,5.34090258,0.07086632,0.33073587,6.6
E,40,60,64,0.001,13,3.86772799,0.04708822,0.33073587,6.6
E,40,60,64,0.001,14,3.00444044,0.05076565,0.33073587,6.8
E,40,60,64,0.001,15,2.77410485,0.03660783,0.33073587,6.7
E,40,60,64,0.001,16,2.45543002,0.04692589,0.33073587,6.3
E,40,60,64,0.001,17,2.37005158,0.03510727,0.33073587,6.6
E,40,60,64,0.001,18,2.37166727,0.04550578,0.33073587,6.6
E,40,60,64,0.001,19,2.50320023,0.04012596,0.33073587,6.6
E,40,60,64,0.001,20,2.47788854,0.03221416,0.33073587,6.7
E,40,60,64,0.001,21,2.54329274,0.05499003,0.33073587,6.6
E,40,60,64,0.001,22,3.26865150,0.03094314,0.33073587,6.3
E,40,60,64,0.001,23,3.52468874,0.06004736,0.33073587,6.8
E,40,60,64,0.001,24,3.14862311,0.04099766,0.33073587,6.8
E,40,60,64,0.001,25,2.63750981,0.03897941,0.33073587,6.7
E,40,60,64,0.001,26,2.35653248,0.04083737,0.33073587,6.8
E,40,60,64,0.001,27,1.96887270,0.03612102,0.33073587,6.8
E,40,60,64,0.001,28,1.75097060,0.03541577,0.33073587,6.3
E,40,60,64,0.001,29,1.54117111,0.03501524,0.33073587,6.6
E,40,60,64,0.001,30,1.44639927,0.03206185,0.33073587,6.6
E,40,60,64,0.001,31,1.40491522,0.03478057,0.33073587,6.8
E,40,60,64,0.001,32,1.41049770,0.03132288,0.33073587,6.8
E,40,60,64,0.001,33,1.58679632,0.03490605,0.33073587,6.8
E,40,60,64,0.001,34,1.90070661,0.03903886,0.33073587,6.3
E,40,60,64,0.001,35,2.62129613,0.03619365,0.33073587,6.6
E,40,60,64,0.001,36,2.08349283,0.03599023,0.33073587,6.8
E,40,60,64,0.001,37,1.47350421,0.02918747,0.33073587,6.6
E,40,60,64,0.001,38,1.27378146,0.03342765,0.33073587,6.6
E,40,60,64,0.001,39,1.25045349,0.03033369,0.33073587,6.3
E,40,60,64,0.001,40,1.32392343,0.03109887,0.33073587,6.8
E,40,60,64,0.001,41,1.42940767,0.03771487,0.33073587,6.9
E,40,60,64,0.001,42,1.58959201,0.02935058,0.33073587,6.6
E,40,60,64,0.001,43,1.49240865,0.04300044,0.33073587,6.6
E,40,60,64,0.001,44,1.47339449,0.02815397,0.33073587,6.8
E,40,60,64,0.001,45,1.53877804,0.03860217,0.33073587,6.3
E,40,60,64,0.001,46,1.51351108,0.02966377,0.33073587,6.8
E,40,60,64,0.001,47,1.51075595,0.03352445,0.33073587,6.8
E,40,60,64,0.001,48,1.41009138,0.03966306,0.33073587,6.6
E,40,60,64,0.001,49,1.36349223,0.02948894,0.33073587,6.6
E,40,60,64,0.001,50,1.36528391,0.03542786,0.33073587,6.8
E,40,60,64,0.001,51,1.19799050,0.02629853,0.33073587,6.4
E,40,60,64,0.001,52,1.19354676,0.03376135,0.33073587,6.7
E,40,60,64,0.001,53,1.31531627,0.02925478,0.33073587,6.7
E,40,60,64,0.001,54,1.47099789,0.03198969,0.33073587,6.8
E,40,60,64,0.001,55,1.71772917,0.03232398,0.33073587,6.8
E,40,60,64,0.001,56,1.46819396,0.02473153,0.33073587,6.6
E,40,60,64,0.001,57,1.41826964,0.03621731,0.33073587,6.3
E,40,60,64,0.001,58,1.32151288,0.02618354,0.33073587,6.8
E,40,60,64,0.001,59,1.40351056,0.03668263,0.33073587,6.6
E,40,60,64,0.001,60,1.44396544,0.02760079,0.33073587,6.8
E,40,60,64,0.001,61,1.24495963,0.03069678,0.33073587,6.6
E,40,60,64,0.001,62,0.99157544,0.02798589,0.33073587,6.3
E,40,60,64,0.001,63,0.82166727,0.02739900,0.33073587,6.6
E,40,60,64,0.001,64,0.78018900,0.02889867,0.33073587,6.6
E,40,60,64,0.001,65,0.84075035,0.02858188,0.33073587,6.8
E,40,60,64,0.001,66,0.88689456,0.03152976,0.33073587,6.6
E,40,60,64,0.001,67,0.93500988,0.02888327,0.33073587,6.3
E,40,60,64,0.001,68,0.93024636,0.03093297,0.33073587,6.6
E,40,60,64,0.001,69,0.96299942,0.02679582,0.33073587,6.5
E,40,60,64,0.001,70,1.23855107,0.03099013,0.33073587,6.5
E,40,60,64,0.001,71,1.43057779,0.03233271,0.33073587,6.6
E,40,60,64,0.001,72,1.77239353,0.03037495,0.33073587,6.8
E,40,60,64,0.001,73,1.56435039,0.03899488,0.33073587,6.3
E,40,60,64,0.001,74,1.19993385,0.02483803,0.33073587,6.6
E,40,60,64,0.001,75,1.12933298,0.03507202,0.33073587,6.8
E,40,60,64,0.001,76,0.94961365,0.02487066,0.33073587,6.6
E,60,60,64,0.001,1,36.03059909,0.43171669,0.33073587,8.2
E,60,60,64,0.001,2,20.03655174,0.30209183,0.33073587,7.9
E,60,60,64,0.001,3,19.91934583,0.25450112,0.33073587,8.2
E,60,60,64,0.001,4,14.20069350,0.16318321,0.33073587,8.3
E,60,60,64,0.001,5,11.08253948,0.13262895,0.33073587,8.3
E,60,60,64,0.001,6,5.81740453,0.18749757,0.33073587,8.3
E,60,60,64,0.001,7,5.00972490,0.09580135,0.33073587,8.4
E,60,60,64,0.001,8,5.14528871,0.15208202,0.33073587,8.0
E,60,60,64,0.001,9,4.59093115,0.06408259,0.33073587,8.4
E,60,60,64,0.001,10,3.67801610,0.09036834,0.33073587,8.4
E,60,60,64,0.001,11,3.43954717,0.06247213,0.33073587,8.2
E,60,60,64,0.001,12,3.31845875,0.06608224,0.33073587,8.2
E,60,60,64,0.001,13,3.41078649,0.05133274,0.33073587,8.4
E,60,60,64,0.001,14,3.86185998,0.05475844,0.33073587,8.0
E,60,60,64,0.001,15,3.64232663,0.03538019,0.33073587,8.4
E,60,60,64,0.001,16,4.11584856,0.07796649,0.33073587,8.3
E,60,60,64,0.001,17,4.03212889,0.04679728,0.33073587,8.2
E,60,60,64,0.001,18,4.73668118,0.09867154,0.33073587,8.4
E,60,60,64,0.001,19,3.86605581,0.03849155,0.33073587,8.2
E,60,60,64,0.001,20,3.56564167,0.08687614,0.33073587,7.9
E,60,60,64,0.001,21,2.49113246,0.03819162,0.33073587,8.4
E,60,60,64,0.001,22,1.88173699,0.04705609,0.33073587,8.4
E,60,60,64,0.001,23,1.54456110,0.02984377,0.33073587,8.2
E,60,60,64,0.001,24,1.33874761,0.03549506,0.33073587,8.4
E,60,60,64,0.001,25,1.24330730,0.02625259,0.33073587,7.9
E,60,60,64,0.001,26,1.17226928,0.03251900,0.33073587,8.4
E,60,60,64,0.001,27,1.19151677,0.02477185,0.33073587,8.4
E,60,60,64,0.001,28,1.21945824,0.03503356,0.33073587,8.2
E,60,60,64,0.001,29,1.34426790,0.02456403,0.33073587,8.4
E,60,60,64,0.001,30,1.48790518,0.03530968,0.33073587,8.2
E,60,60,64,0.001,31,1.82221877,0.03540502,0.33073587,7.9
E,60,60,64,0.001,32,2.98667868,0.03400686,0.33073587,8.2
E,60,60,64,0.001,33,4.25236609,0.11663365,0.33073587,8.4
E,60,60,64,0.001,34,4.31813220,0.04246083,0.33073587,8.4
E,60,60,64,0.001,35,4.46711810,0.07680309,0.33073587,8.4
E,60,60,64,0.001,36,3.25339475,0.03720980,0.33073587,8.0
E,60,60,64,0.001,37,2.03033520,0.03382131,0.33073587,8.2
E,60,60,64,0.001,38,1.48541448,0.02831004,0.33073587,8.4
E,60,60,64,0.001,39,1.33412044,0.02421131,0.33073587,8.3
E,60,60,64,0.001,40,1.27051703,0.02651903,0.33073587,8.4
E,60,60,64,0.001,41,1.45143334,0.02558357,0.33073587,8.4
E,60,60,64,0.001,42,1.64346572,0.03166698,0.33073587,7.9
E,60,60,64,0.001,43,1.93709870,0.02633076,0.33073587,8.4
E,60,60,64,0.001,44,1.80614787,0.02750298,0.33073587,8.3
E,60,60,64,0.001,45,1.35598674,0.02316077,0.33073587,8.4
E,60,60,64,0.001,46,1.14909621,0.02345970,0.33073587,8.5
E,60,60,64,0.001,47,0.93382460,0.02245222,0.33073587,8.4
E,60,60,64,0.001,48,0.81615254,0.02140164,0.33073587,8.0
E,60,60,64,0.001,49,0.75996460,0.02333939,0.33073587,8.4
E,60,60,64,0.001,50,0.76040338,0.02020291,0.33073587,8.2
E,60,60,64,0.001,51,0.83009564,0.02726326,0.33073587,8.4
E,60,60,64,0.001,52,0.96101958,0.01966139,0.33073587,8.2
E,60,60,64,0.001,53,1.21975223,0.03451126,0.33073587,8.2
E,60,60,64,0.001,54,1.28428980,0.01891058,0.33073587,8.0
E,60,60,64,0.001,55,1.39508106,0.03308229,0.33073587,8.2
E,60,60,64,0.001,56,1.19082888,0.02206708,0.33073587,8.4
E,60,60,64,0.001,57,1.28435173,0.02668819,0.33073587,8.3
E,60,60,64,0.001,58,1.14914541,0.02720764,0.33073587,8.3
E,60,60,64,0.001,59,1.48856086,0.02808027,0.33073587,7.9
E,60,60,64,0.001,60,1.54377766,0.02889754,0.33073587,8.3
E,60,60,64,0.001,61,1.08280990,0.02396898,0.33073587,8.4
E,60,60,64,0.001,62,0.96249515,0.02490458,0.33073587,8.1
E,60,60,64,0.001,63,0.91827477,0.02219956,0.33073587,8.4
E,60,60,64,0.001,64,0.99810839,0.02597639,0.33073587,8.4
E,60,60,64,0.001,65,1.09896166,0.02014470,0.33073587,7.9
E,60,60,64,0.001,66,1.27952960,0.03072650,0.33073587,8.2
E,60,60,64,0.001,67,1.27770531,0.02069422,0.33073587,8.2
E,60,60,64,0.001,68,1.15123251,0.03395509,0.33073587,8.2
E,60,60,64,0.001,69,0.92495958,0.02095539,0.33073587,8.4
E,60,60,64,0.001,70,0.84618192,0.02994796,0.33073587,8.0
E,60,60,64,0.001,71,0.89366629,0.02029248,0.33073587,8.2
E,60,60,64,0.001,72,1.02945147,0.02547745,0.33073587,8.4
E,60,60,64,0.001,73,0.88642333,0.01993983,0.33073587,8.2
E,60,60,64,0.001,74,0.71732951,0.02274606,0.33073587,8.2
E,90,60,64,0.001,1,33.59768412,0.47892022,0.33073587,11.1
E,90,60,64,0.001,2,22.56066348,0.14752990,0.33073587,10.6
E,90,60,64,0.001,3,10.03777371,0.24778660,0.33073587,10.9
E,90,60,64,0.001,4,16.14023174,0.25619321,0.33073587,10.9
E,90,60,64,0.001,5,14.48244393,0.15461270,0.33073587,11.0
E,90,60,64,0.001,6,11.63754049,0.15365569,0.33073587,10.8
E,90,60,64,0.001,7,7.50206501,0.10131427,0.33073587,11.0
E,90,60,64,0.001,8,8.92684391,0.14145025,0.33073587,10.6
E,90,60,64,0.001,9,6.50576074,0.06788675,0.33073587,10.8
E,90,60,64,0.001,10,6.73489357,0.16166297,0.33073587,10.9
E,90,60,64,0.001,11,5.89674090,0.06181414,0.33073587,10.9
E,90,60,64,0.001,12,3.66438133,0.07349454,0.33073587,11.0
E,90,60,64,0.001,13,2.70065580,0.04425051,0.33073587,11.0
E,90,60,64,0.001,14,2.05220225,0.04325963,0.33073587,10.6
E,90,60,64,0.001,15,1.78496399,0.03743714,0.33073587,11.0
E,90,60,64,0.001,16,1.73322936,0.03603514,0.33073587,10.9
E,90,60,64,0.001,17,1.89122346,0.03146254,0.33073587,11.0
E,90,60,64,0.001,18,1.85273175,0.03198853,0.33073587,11.0
E,90,60,64,0.001,19,1.96886291,0.02722884,0.33073587,10.6
E,90,60,64,0.001,20,2.21182439,0.04808502,0.33073587,10.8
E,90,60,64,0.001,21,2.78634767,0.04182334,0.33073587,11.0
E,90,60,64,0.001,22,3.03725907,0.04933500,0.33073587,11.0
E,90,60,64,0.001,23,2.69093731,0.04307029,0.33073587,11.0
E,90,60,64,0.001,24,2.03213390,0.03310634,0.33073587,10.8
E,90,60,64,0.001,25,1.99488254,0.04462316,0.33073587,10.6
E,90,60,64,0.001,26,1.97469982,0.02573619,0.33073587,11.1
E,90,60,64,0.001,27,2.28972599,0.04517678,0.33073587,10.8
E,90,60,64,0.001,28,1.93947599,0.02966301,0.33073587,11.0
E,90,60,64,0.001,29,1.88750829,0.03375345,0.33073587,10.9
E,90,60,64,0.001,30,2.38533155,0.03938206,0.33073587,10.7
E,90,60,64,0.001,31,3.32348650,0.03900439,0.33073587,10.9
E,90,60,64,0.001,32,3.27249677,0.03426224,0.33073587,10.9
E,90,60,64,0.001,33,1.74496032,0.03249426,0.33073587,11.1
E,90,60,64,0.001,34,1.50582996,0.02599309,0.33073587,11.0
E,90,60,64,0.001,35,1.40194471,0.02897361,0.33073587,11.0
E,90,60,64,0.001,36,1.44623030,0.02724327,0.33073587,10.7
E,90,60,64,0.001,37,1.53088948,0.02300064,0.33073587,10.9
E,90,60,64,0.001,38,1.54694028,0.03604995,0.33073587,11.0
E,90,60,64,0.001,39,1.45984950,0.02113929,0.33073587,11.0
E,90,60,64,0.001,40,1.46158696,0.03724374,0.33073587,10.9
E,90,60,64,0.001,41,1.33674689,0.01992800,0.33073587,10.6
E,90,60,64,0.001,42,1.30403367,0.03242157,0.33073587,11.0
E,90,60,64,0.001,43,1.39421023,0.02314706,0.33073587,10.9
E,90,60,64,0.001,44,1.36981885,0.02145140,0.33073587,11.0
E,90,60,64,0.001,45,1.63021957,0.02902264,0.33073587,11.0
E,90,60,64,0.001,46,1.76581544,0.02525412,0.33073587,11.0
E,90,60,64,0.001,47,1.87527637,0.02467662,0.33073587,10.6
E,90,60,64,0.001,48,1.31776126,0.02610207,0.33073587,11.0
E,90,60,64,0.001,49,1.34746099,0.02267894,0.33073587,11.1
E,90,60,64,0.001,50,1.35891998,0.02724614,0.33073587,11.0
E,90,60,64,0.001,51,1.64833994,0.02737744,0.33073587,10.9
E,90,60,64,0.001,52,1.41694740,0.02485695,0.33073587,10.6
E,90,60,64,0.001,53,1.29600383,0.02483327,0.33073587,10.9
E,90,60,64,0.001,54,1.20654935,0.02520707,0.33073587,11.0
E,90,60,64,0.001,55,1.45857013,0.02360002,0.33073587,10.9
E,90,60,64,0.001,56,1.68822074,0.03726571,0.33073587,11.1
E,90,60,64,0.001,57,1.46153829,0.02262376,0.33073587,10.9
E,90,60,64,0.001,58,1.09131570,0.03006505,0.33073587,10.6
E,90,60,64,0.001,59,0.81970441,0.02339470,0.33073587,11.1
E,90,60,64,0.001,60,0.62015046,0.02040302,0.33073587,10.9
E,90,60,64,0.001,61,0.60698157,0.02232713,0.33073587,10.8
E,40,120,64,0.001,1,102.83035656,0.24365971,0.33073587,6.8
E,40,120,64,0.001,2,58.12551728,0.20167995,0.33073587,6.6
E,40,120,64,0.001,3,38.30279033,0.18909763,0.33073587,6.4
E,40,120,64,0.001,4,29.62035555,0.16401376,0.33073587,6.7
E,40,120,64,0.001,5,23.47830773,0.13952201,0.33073587,6.6
E,40,120,64,0.001,6,19.40201849,0.11807229,0.33073587,6.6
E,40,120,64,0.001,7,16.51341467,0.09847518,0.33073587,6.8
E,40,120,64,0.001,8,15.76990785,0.08748028,0.33073587,6.7
E,40,120,64,0.001,9,14.33853942,0.07300628,0.33073587,6.6
E,40,120,64,0.001,10,11.30717117,0.06030334,0.33073587,6.8
E,40,120,64,0.001,11,9.39204754,0.05720674,0.33073587,6.3
E,40,120,64,0.001,12,7.99508384,0.05425642,0.33073587,6.7
E,40,120,64,0.001,13,7.18485107,0.05194676,0.33073587,6.9
E,40,120,64,0.001,14,6.47649091,0.05089075,0.33073587,6.8
E,40,120,64,0.001,15,5.88914974,0.04529410,0.33073587,6.8
E,40,120,64,0.001,16,5.24495656,0.05126480,0.33073587,6.8
E,40,120,64,0.001,17,5.18365810,0.04199218,0.33073587,6.6
E,40,120,64,0.001,18,4.78795049,0.04243432,0.33073587,6.9
E,40,120,64,0.001,19,4.82434713,0.04274541,0.33073587,6.6
E,40,120,64,0.001,20,4.15297072,0.03685269,0.33073587,6.4
E,40,120,64,0.001,21,4.25414776,0.04295959,0.33073587,6.9
E,40,120,64,0.001,22,4.57772616,0.03759866,0.33073587,6.9
E,40,120,64,0.001,23,3.52290141,0.03623251,0.33073587,6.8
E,40,120,64,0.001,24,3.12300946,0.03476957,0.33073587,6.8
E,40,120,64,0.001,25,2.85207580,0.03589792,0.33073587,6.8
E,40,120,64,0.001,26,2.72869227,0.03465571,0.33073587,6.9
E,40,120,64,0.001,27,2.73581570,0.03476035,0.33073587,6.9
E,40,120,64,0.001,28,2.92381448,0.03413000,0.33073587,6.7
E,40,120,64,0.001,29,2.82709022,0.03336723,0.33073587,6.6
E,40,120,64,0.001,30,2.74275287,0.03380702,0.33073587,6.7
E,40,120,64,0.001,31,2.70563841,0.03254020,0.33073587,6.6
E,40,120,64,0.001,32,2.87348568,0.03208723,0.33073587,6.6
E,40,120,64,0.001,33,3.46741263,0.03456187,0.33073587,6.7
E,40,120,64,0.001,34,4.24236084,0.03202463,0.33073587,6.8
E,40,120,64,0.001,35,4.23061013,0.03411204,0.33073587,6.9
E,40,120,64,0.001,36,2.93120923,0.03094775,0.33073587,6.4
E,40,120,64,0.001,37,2.32246030,0.03178583,0.33073587,6.9
E,40,120,64,0.001,38,2.14781114,0.03069249,0.33073587,6.9
E,40,120,64,0.001,39,1.97818634,0.02961987,0.33073587,6.6
E,40,120,64,0.001,40,1.97362898,0.02967404,0.33073587,6.8
E,40,120,64,0.001,41,2.01088907,0.02948358,0.33073587,6.7
E,40,120,64,0.001,42,2.12572211,0.02908155,0.33073587,6.9
E,40,120,64,0.001,43,2.27438918,0.02959084,0.33073587,6.7
E,40,120,64,0.001,44,2.34417467,0.02772519,0.33073587,6.4
E,40,120,64,0.001,45,2.20469196,0.02823242,0.33073587,6.9
E,40,120,64,0.001,46,1.96141682,0.02643879,0.33073587,6.7
E,40,120,64,0.001,47,1.76373252,0.02640371,0.33073587,6.9
E,40,120,64,0.001,48,1.65979076,0.02614543,0.33073587,7.0
E,40,120,64,0.001,49,1.59944282,0.02566893,0.33073587,6.9
E,40,120,64,0.001,50,1.57134340,0.02567234,0.33073587,6.9
E,40,120,64,0.001,51,1.55077012,0.02522617,0.33073587,6.9
E,40,120,64,0.001,52,1.55638554,0.02513284,0.33073587,6.4
E,40,120,64,0.001,53,1.55009539,0.02475033,0.33073587,6.6
E,40,120,64,0.001,54,1.57732854,0.02468520,0.33073587,6.6
E,40,120,64,0.001,55,1.55019909,0.02418251,0.33073587,6.6
E,40,120,64,0.001,56,1.55653843,0.02428685,0.33073587,6.9
E,40,120,64,0.001,57,1.53099903,0.02389221,0.33073587,6.7
E,40,120,64,0.001,58,1.54046660,0.02381911,0.33073587,6.9
E,40,120,64,0.001,59,1.55972755,0.02426471,0.33073587,6.8
E,40,120,64,0.001,60,1.64627599,0.02315479,0.33073587,6.4
E,40,120,64,0.001,61,1.72304818,0.02487667,0.33073587,6.9
E,40,120,64,0.001,62,1.84133483,0.02247537,0.33073587,6.8
E,40,120,64,0.001,63,1.66845054,0.02288432,0.33073587,6.9
E,40,120,64,0.001,64,1.67516663,0.02293012,0.33073587,6.7
E,40,120,64,0.001,65,1.92968356,0.02362911,0.33073587,6.9
E,40,120,64,0.001,66,2.47321715,0.02573405,0.33073587,6.7
E,40,120,64,0.001,67,2.78516827,0.02431529,0.33073587,6.7
E,40,120,64,0.001,68,2.42755386,0.02240298,0.33073587,6.4
E,40,120,64,0.001,69,1.74313340,0.02339606,0.33073587,6.7
E,40,120,64,0.001,70,1.69838351,0.02392134,0.33073587,6.9
E,40,120,64,0.001,71,1.58501094,0.02291634,0.33073587,6.7
E,40,120,64,0.001,72,1.47774796,0.02381488,0.33073587,6.7
E,40,120,64,0.001,73,1.34665816,0.02365924,0.33073587,6.7
E,40,120,64,0.001,74,1.30254810,0.02262851,0.33073587,6.9
E,40,120,64,0.001,75,1.32591553,0.02352554,0.33073587,6.9
E,40,120,64,0.001,76,1.39281784,0.02260199,0.33073587,6.7
E,40,120,64,0.001,77,1.44034440,0.02296714,0.33073587,6.6
E,40,120,64,0.001,78,1.49363618,0.02232999,0.33073587,6.6
E,40,120,64,0.001,79,1.48593407,0.02251180,0.33073587,6.7
E,40,120,64,0.001,80,1.50523132,0.02221663,0.33073587,6.9
E,40,120,64,0.001,81,1.51236362,0.02250713,0.33073587,6.9
E,40,120,64,0.001,82,1.49253369,0.02228958,0.33073587,6.6
E,40,120,64,0.001,83,1.45008486,0.02247535,0.33073587,6.9
E,40,120,64,0.001,84,1.40045559,0.02211254,0.33073587,6.7
E,40,120,64,0.001,85,1.29143610,0.02251236,0.33073587,6.6
E,40,120,64,0.001,86,1.14661571,0.02192770,0.33073587,6.8
E,40,120,64,0.001,87,1.08658573,0.02210090,0.33073587,6.9
E,40,120,64,0.001,88,1.04218663,0.02199101,0.33073587,7.0
E,40,120,64,0.001,89,1.02173565,0.02156241,0.33073587,6.7
E,40,120,64,0.001,90,1.00783601,0.02175351,0.33073587,6.9
E,40,120,64,0.001,91,0.99962108,0.02126708,0.33073587,6.9
E,40,120,64,0.001,92,0.99797747,0.02158258,0.33073587,6.9
E,40,120,64,0.001,93,0.99808376,0.02110834,0.33073587,6.4
E,40,120,64,0.001,94,1.00351476,0.02154515,0.33073587,6.9
E,40,120,64,0.001,95,1.01063426,0.02109757,0.33073587,6.7
E,40,120,64,0.001,96,1.01415974,0.02143478,0.33073587,6.7
E,40,120,64,0.001,97,1.01906455,0.02128834,0.33073587,6.9
E,40,120,64,0.001,98,1.01674608,0.02101584,0.33073587,6.9
E,40,120,64,0.001,99,1.03196305,0.02169025,0.33073587,6.7
E,40,120,64,0.001,100,1.06356383,0.02030021,0.33073587,6.8
E,60,120,64,0.001,1,84.95164719,0.37552733,0.33073587,8.0
E,60,120,64,0.001,2,38.24242228,0.26653454,0.33073587,8.3
E,60,120,64,0.001,3,30.90977253,0.23478271,0.33073587,8.3
E,60,120,64,0.001,4,17.98043045,0.17543740,0.33073587,8.4
E,60,120,64,0.001,5,12.26249535,0.12100069,0.33073587,8.5
E,60,120,64,0.001,6,8.76486035,0.07983402,0.33073587,8.5
E,60,120,64,0.001,7,6.92761371,0.06138334,0.33073587,8.3
E,60,120,64,0.001,8,5.79844386,0.06171698,0.33073587,8.6
E,60,120,64,0.001,9,5.16272410,0.05053238,0.33073587,8.2
E,60,120,64,0.001,10,5.04433532,0.07301686,0.33073587,8.3
E,60,120,64,0.001,11,6.90610152,0.04373251,0.33073587,8.4
E,60,120,64,0.001,12,6.86077455,0.06782648,0.33073587,8.2
E,60,120,64,0.001,13,5.41539657,0.04164639,0.33073587,8.5
E,60,120,64,0.001,14,4.63852101,0.03869445,0.33073587,8.3
E,60,120,64,0.001,15,3.88851622,0.03118472,0.33073587,8.3
E,60,120,64,0.001,16,3.79682270,0.04648989,0.33073587,8.3
E,60,120,64,0.001,17,4.47330292,0.02929805,0.33073587,8.5
E,60,120,64,0.001,18,4.97555195,0.07712113,0.33073587,8.0
E,60,120,64,0.001,19,5.11596557,0.04005623,0.33073587,8.5
E,60,120,64,0.001,20,5.32887103,0.04384166,0.33073587,8.3
E,60,120,64,0.001,21,3.97307173,0.03826786,0.33073587,8.5
E,60,120,64,0.001,22,3.43252691,0.03327906,0.33073587,8.5
E,60,120,64,0.001,23,3.90335385,0.03509359,0.33073587,8.3
E,60,120,64,0.001,24,3.31380502,0.02860872,0.33073587,8.5
E,60,120,64,0.001,25,2.97121951,0.02593301,0.33073587,8.5
E,60,120,64,0.001,26,2.18789906,0.02861747,0.33073587,8.0
E,60,120,64,0.001,27,2.08793343,0.02539296,0.33073587,8.3
E,60,120,64,0.001,28,2.02952344,0.02802114,0.33073587,8.5
E,60,120,64,0.001,29,2.03716205,0.02488761,0.33073587,8.3
E,60,120,64,0.001,30,2.08941643,0.02733529,0.33073587,8.5
E,60,120,64,0.001,31,2.14168378,0.02417999,0.33073587,8.5
E,60,120,64,0.001,32,2.08129807,0.02751084,0.33073587,8.5
E,60,120,64,0.001,33,1.79700352,0.02405579,0.33073587,8.3
E,60,120,64,0.001,34,1.63245857,0.02511908,0.33073587,8.0
E,60,120,64,0.001,35,1.66339801,0.02497873,0.33073587,8.3
E,60,120,64,0.001,36,1.77041339,0.02621321,0.33073587,8.3
E,60,120,64,0.001,37,2.22235379,0.02649691,0.33073587,8.5
E,60,120,64,0.001,38,2.76953363,0.03104057,0.33073587,8.4
E,60,120,64,0.001,39,3.29750993,0.02561000,0.33073587,8.5
E,60,120,64,0.001,40,3.14860666,0.02637507,0.33073587,8.5
E,60,120,64,0.001,41,2.08053925,0.02700615,0.33073587,8.3
E,60,120,64,0.001,42,1.64719491,0.02392087,0.33073587,8.0
E,60,120,64,0.001,43,1.52726555,0.02629893,0.33073587,8.2
E,60,120,64,0.001,44,1.51382738,0.02307244,0.33073587,8.3
E,60,120,64,0.001,45,1.47005860,0.02517664,0.33073587,8.4
E,60,120,64,0.001,46,1.41978346,0.02231264,0.33073587,8.4
E,60,120,64,0.001,47,1.38131352,0.02432098,0.33073587,8.5
E,60,120,64,0.001,48,1.34738199,0.02193282,0.33073587,8.3
E,60,120,64,0.001,49,1.33128259,0.02348147,0.33073587,8.5
E,60,120,64,0.001,50,1.30953161,0.02178779,0.33073587,8.0
E,60,120,64,0.001,51,1.31921851,0.02257527,0.33073587,8.5
E,60,120,64,0.001,52,1.32085525,0.02198709,0.33073587,8.3
E,60,120,64,0.001,53,1.36356672,0.02187955,0.33073587,8.5
E,60,120,64,0.001,54,1.37983075,0.02240905,0.33073587,8.3
E,60,120,64,0.001,55,1.44641624,0.02134520,0.33073587,8.5
E,60,120,64,0.001,56,1.46990299,0.02322389,0.33073587,8.3
E,60,120,64,0.001,57,1.53003989,0.02132301,0.33073587,8.4
E,60,120,64,0.001,58,1.52668399,0.02489992,0.33073587,8.3
E,60,120,64,0.001,59,1.54256697,0.02158389,0.33073587,8.0
E,60,120,64,0.001,60,1.56955676,0.02707388,0.33073587,8.4
E,60,120,64,0.001,61,1.65029965,0.02148562,0.33073587,8.5
E,60,120,64,0.001,62,1.73125232,0.02749685,0.33073587,8.5
E,60,120,64,0.001,63,1.78365442,0.02072718,0.33073587,8.3
E,60,120,64,0.001,64,1.75776566,0.02467854,0.33073587,8.5
E,60,120,64,0.001,65,1.52510070,0.01994694,0.33073587,8.3
E,60,120,64,0.001,66,1.36828598,0.02278998,0.33073587,8.0
E,60,120,64,0.001,67,1.20158487,0.01974578,0.33073587,8.4
E,60,120,64,0.001,68,1.18860116,0.02162188,0.33073587,8.3
E,60,120,64,0.001,69,1.12282696,0.01987823,0.33073587,8.5
E,60,120,64,0.001,70,1.07769039,0.02064015,0.33073587,8.5
E,60,120,64,0.001,71,1.03500713,0.02011727,0.33073587,8.3
E,60,120,64,0.001,72,1.03138038,0.01990123,0.33073587,8.5
E,60,120,64,0.001,73,1.10245627,0.02057988,0.33073587,8.3
E,60,120,64,0.001,74,1.26264968,0.02007355,0.33073587,8.0
E,60,120,64,0.001,75,1.67223661,0.02346351,0.33073587,8.3
E,60,120,64,0.001,76,2.19494251,0.02142915,0.33073587,8.3
E,60,120,64,0.001,77,2.56804782,0.02390861,0.33073587,8.5
E,60,120,64,0.001,78,1.84694585,0.02390701,0.33073587,8.4
E,60,120,64,0.001,79,1.51725767,0.02087287,0.33073587,8.3
E,60,120,64,0.001,80,1.47022840,0.02311763,0.33073587,8.5
E,60,120,64,0.001,81,1.37875991,0.02198005,0.33073587,8.3
E,60,120,64,0.001,82,1.37466715,0.02597788,0.33073587,8.0
E,60,120,64,0.001,83,1.48917091,0.02037153,0.33073587,8.3
E,60,120,64,0.001,84,1.63470913,0.02667281,0.33073587,8.5
E,60,120,64,0.001,85,1.60694388,0.01940460,0.33073587,8.5
E,60,120,64,0.001,86,1.49334213,0.02379573,0.33073587,8.3
E,60,120,64,0.001,87,1.20850292,0.01975636,0.33073587,8.4
E,60,120,64,0.001,88,1.04223608,0.02032274,0.33073587,8.5
E,60,120,64,0.001,89,0.91868654,0.02011884,0.33073587,8.0
E,60,120,64,0.001,90,0.89534370,0.01917059,0.33073587,8.3
E,60,120,64,0.001,91,0.89301860,0.02048001,0.33073587,8.5
E,60,120,64,0.001,92,0.92329860,0.01894433,0.33073587,8.3
E,60,120,64,0.001,93,1.01655880,0.02083813,0.33073587,8.3
E,60,120,64,0.001,94,1.12922192,0.01945195,0.33073587,8.4
E,60,120,64,0.001,95,1.33931760,0.02096631,0.33073587,8.5
E,60,120,64,0.001,96,1.40761284,0.01970180,0.33073587,8.2
E,60,120,64,0.001,97,1.40751083,0.01914373,0.33073587,8.2
E,60,120,64,0.001,98,1.24943245,0.01969288,0.33073587,8.5
E,60,120,64,0.001,99,1.11887287,0.01832593,0.33073587,8.2
E,60,120,64,0.001,100,1.02637301,0.01960258,0.33073587,8.4
E,90,120,64,0.001,1,86.32515053,0.34145099,0.33073587,11.1
E,90,120,64,0.001,2,37.59342828,0.21376980,0.33073587,11.1
E,90,120,64,0.001,3,25.20560867,0.13643421,0.33073587,11.1
E,90,120,64,0.001,4,17.44614264,0.12576571,0.33073587,11.1
E,90,120,64,0.001,5,21.88466895,0.22765708,0.33073587,11.1
E,90,120,64,0.001,6,16.87675530,0.15988441,0.33073587,10.6
E,90,120,64,0.001,7,10.45781864,0.07821644,0.33073587,11.1
E,90,120,64,0.001,8,7.94564077,0.07509120,0.33073587,11.1
E,90,120,64,0.001,9,5.46069941,0.06338412,0.33073587,11.0
E,90,120,64,0.001,10,4.73344929,0.04988503,0.33073587,10.9
E,90,120,64,0.001,11,3.75001444,0.03802083,0.33073587,10.9
E,90,120,64,0.001,12,3.23188911,0.04013092,0.33073587,11.1
E,90,120,64,0.001,13,2.90365537,0.03169465,0.33073587,10.9
E,90,120,64,0.001,14,2.77193341,0.03945345,0.33073587,10.6
E,90,120,64,0.001,15,2.75161538,0.03036039,0.33073587,10.9
E,90,120,64,0.001,16,2.90183530,0.03812021,0.33073587,11.1
E,90,120,64,0.001,17,3.32220566,0.03554939,0.33073587,11.1
E,90,120,64,0.001,18,3.47572888,0.03297360,0.33073587,11.2
E,90,120,64,0.001,19,3.23357531,0.03562265,0.33073587,11.1
E,90,120,64,0.001,20,3.02085540,0.03115677,0.33073587,11.0
E,90,120,64,0.001,21,2.98999497,0.02895947,0.33073587,11.1
E,90,120,64,0.001,22,2.71738305,0.03021541,0.33073587,10.8
E,90,120,64,0.001,23,2.51391134,0.03028400,0.33073587,10.9
E,90,120,64,0.001,24,2.07329151,0.02724213,0.33073587,11.2
E,90,120,64,0.001,25,1.92961773,0.03385242,0.33073587,11.2
E,90,120,64,0.001,26,2.03567926,0.02636140,0.33073587,11.1
E,90,120,64,0.001,27,2.21858997,0.03152057,0.33073587,10.9
E,90,120,64,0.001,28,2.41718511,0.02666670,0.33073587,11.1
E,90,120,64,0.001,29,2.28188485,0.02566812,0.33073587,11.1
E,90,120,64,0.001,30,1.97586073,0.02508853,0.33073587,11.0
E,90,120,64,0.001,31,1.67723585,0.02485370,0.33073587,10.7
E,90,120,64,0.001,32,1.65989864,0.02489729,0.33073587,11.1
E,90,120,64,0.001,33,1.78199174,0.02685157,0.33073587,10.9
E,90,120,64,0.001,34,2.04449541,0.02419066,0.33073587,11.2
E,90,120,64,0.001,35,2.12728665,0.02381532,0.33073587,10.9
E,90,120,64,0.001,36,1.96167876,0.02272424,0.33073587,10.9
E,90,120,64,0.001,37,1.56378981,0.02477632,0.33073587,11.1
E,90,120,64,0.001,38,1.47788942,0.02149662,0.33073587,11.1
E,90,120,64,0.001,39,1.57204813,0.02508805,0.33073587,10.7
E,90,120,64,0.001,40,1.72097002,0.02149495,0.33073587,10.9
E,90,120,64,0.001,41,1.68182984,0.02219831,0.33073587,11.1
E,90,120,64,0.001,42,1.62351231,0.02338708,0.33073587,11.1
E,90,120,64,0.001,43,1.51748369,0.01852870,0.33073587,11.1
E,90,120,64,0.001,44,1.44763580,0.02614426,0.33073587,10.9
E,90,120,64,0.001,45,1.61371297,0.01818678,0.33073587,11.2
E,90,120,64,0.001,46,2.15241453,0.03151746,0.33073587,11.2
E,90,120,64,0.001,47,2.73809053,0.02310017,0.33073587,10.6
E,90,120,64,0.001,48,3.41275828,0.03288646,0.33073587,11.0
E,90,120,64,0.001,49,2.59274916,0.03385682,0.33073587,10.9
E,90,120,64,0.001,50,2.14736156,0.02300286,0.33073587,11.0
E,90,120,64,0.001,51,2.19048215,0.02720985,0.33073587,11.1
E,90,120,64,0.001,52,1.92980645,0.02339220,0.33073587,10.9
E,90,120,64,0.001,53,1.67272659,0.01892786,0.33073587,10.9
E,90,120,64,0.001,54,1.38861555,0.02398838,0.33073587,10.9
E,90,120,64,0.001,55,1.22591386,0.01849263,0.33073587,10.7
E,90,120,64,0.001,56,1.17233371,0.02185023,0.33073587,11.2
E,90,120,64,0.001,57,1.23605760,0.01971745,0.33073587,10.9
E,90,120,64,0.001,58,1.26350538,0.01962865,0.33073587,10.9
E,90,120,64,0.001,59,1.30375560,0.01975251,0.33073587,10.9
E,90,120,64,0.001,60,1.30864855,0.01809873,0.33073587,10.9
E,90,120,64,0.001,61,1.52704285,0.02174224,0.33073587,11.0
E,90,120,64,0.001,62,1.85100236,0.02081533,0.33073587,10.6
E,90,120,64,0.001,63,2.11181156,0.02439411,0.33073587,11.1
E,90,120,64,0.001,64,2.15079350,0.02143951,0.33073587,11.0
E,90,120,64,0.001,65,1.77141359,0.01735586,0.33073587,11.1
E,90,120,64,0.001,66,1.41234955,0.01982004,0.33073587,11.2
E,90,120,64,0.001,67,1.13065246,0.01737528,0.33073587,11.1
E,90,120,64,0.001,68,1.00571595,0.01847547,0.33073587,11.1
E,90,120,64,0.001,69,0.94910547,0.01696901,0.33073587,10.7
E,90,120,64,0.001,70,0.88082265,0.01712942,0.33073587,10.9
E,90,120,64,0.001,71,0.85121798,0.01747775,0.33073587,11.2
E,90,120,64,0.001,72,0.83538694,0.01654494,0.33073587,10.9
E,90,120,64,0.001,73,0.90897547,0.01781679,0.33073587,10.9
E,90,120,64,0.001,74,0.98464436,0.01656264,0.33073587,10.9
E,90,120,64,0.001,75,1.10351483,0.01825654,0.33073587,11.0
E,90,120,64,0.001,76,1.15110277,0.01644407,0.33073587,11.2
E,90,120,64,0.001,77,1.10437895,0.01784535,0.33073587,11.2
E,90,120,64,0.001,78,1.10527690,0.01583471,0.33073587,10.7
E,90,120,64,0.001,79,1.12471471,0.01786078,0.33073587,11.2
E,90,120,64,0.001,80,1.29738129,0.01593677,0.33073587,11.0
E,90,120,64,0.001,81,1.47013654,0.01829803,0.33073587,10.9
E,90,120,64,0.001,82,1.50504686,0.01776384,0.33073587,11.0
E,90,120,64,0.001,83,1.56687316,0.01845239,0.33073587,11.1
E,90,120,64,0.001,84,1.42341384,0.01852147,0.33073587,10.9
E,90,120,64,0.001,85,1.30329890,0.01778194,0.33073587,10.9
E,90,120,64,0.001,86,1.13946771,0.01728653,0.33073587,11.2
E,90,120,64,0.001,87,1.09121031,0.01774458,0.33073587,10.7
E,90,120,64,0.001,88,1.00200237,0.01565983,0.33073587,11.0
E,90,120,64,0.001,89,0.97408706,0.01795676,0.33073587,11.1
E,90,120,64,0.001,90,0.95503394,0.01497956,0.33073587,11.2
E,90,120,64,0.001,91,0.96144552,0.01760950,0.33073587,11.1
E,90,120,64,0.001,92,1.10972626,0.01551706,0.33073587,11.1
E,90,120,64,0.001,93,1.25414344,0.01661850,0.33073587,10.9
E,90,120,64,0.001,94,1.58400034,0.01673602,0.33073587,10.8
E,90,120,64,0.001,95,1.64902648,0.01485839,0.33073587,11.1
E,90,120,64,0.001,96,1.42539148,0.01740979,0.33073587,10.9
E,90,120,64,0.001,97,1.20350369,0.01520906,0.33073587,10.9
E,90,120,64,0.001,98,1.19380872,0.01922283,0.33073587,11.0
E,90,120,64,0.001,99,1.25741641,0.01705587,0.33073587,11.1
E,90,120,64,0.001,100,1.38471308,0.01968080,0.33073587,11.1
G,40,30,64,0.001,1,18.04144208,0.29858246,0.33576147,6.5
G,40,30,64,0.001,2,8.41818431,0.21245205,0.33576147,6.2
G,40,30,64,0.001,3,4.96202709,0.23335649,0.33576147,6.6
G,40,30,64,0.001,4,5.37798359,0.16939123,0.33576147,6.5
G,40,30,64,0.001,5,3.96021692,0.10323382,0.33576147,6.6
G,40,30,64,0.001,6,3.61118662,0.14902198,0.33576147,6.2
G,40,30,64,0.001,7,2.88182174,0.07006969,0.33576147,6.5
G,40,30,64,0.001,8,3.21923968,0.16405574,0.33576147,6.5
G,40,30,64,0.001,9,4.26537359,0.06523214,0.33576147,6.5
G,40,30,64,0.001,10,2.49273456,0.08793374,0.33576147,6.2
G,40,30,64,0.001,11,2.27556738,0.07377790,0.33576147,6.5
G,40,30,64,0.001,12,2.32399926,0.07369951,0.33576147,6.5
G,40,30,64,0.001,13,2.03669208,0.07465760,0.33576147,6.6
G,40,30,64,0.001,14,2.38662460,0.08879194,0.33576147,6.5
G,40,30,64,0.001,15,2.45802389,0.07507660,0.33576147,6.2
G,40,30,64,0.001,16,2.32630370,0.08546118,0.33576147,6.5
G,40,30,64,0.001,17,2.17519114,0.06553916,0.33576147,6.5
G,40,30,64,0.001,18,3.09400056,0.12182849,0.33576147,6.7
G,40,30,64,0.001,19,2.73963805,0.08422085,0.33576147,6.2
G,40,30,64,0.001,20,2.48726382,0.09195302,0.33576147,6.4
G,40,30,64,0.001,21,1.67322833,0.05748702,0.33576147,6.7
G,40,30,64,0.001,22,1.09171413,0.04458738,0.33576147,6.7
G,40,30,64,0.001,23,0.86483370,0.04434226,0.33576147,6.4
G,40,30,64,0.001,24,0.73278294,0.03901662,0.33576147,6.2
G,40,30,64,0.001,25,0.80072175,0.04973408,0.33576147,6.5
G,40,30,64,0.001,26,0.94123281,0.04399907,0.33576147,6.4
G,40,30,64,0.001,27,1.17019856,0.05465433,0.33576147,6.7
G,40,30,64,0.001,28,1.18012344,0.06335310,0.33576147,6.5
G,40,30,64,0.001,29,1.49525790,0.05455391,0.33576147,6.2
G,40,30,64,0.001,30,1.34516935,0.05364907,0.33576147,6.6
G,40,30,64,0.001,31,1.55514748,0.05356927,0.33576147,6.7
G,40,30,64,0.001,32,1.19092541,0.06034682,0.33576147,6.5
G,40,30,64,0.001,33,1.20571435,0.03809182,0.33576147,6.1
G,40,30,64,0.001,34,0.87112628,0.05456320,0.33576147,6.6
G,40,30,64,0.001,35,0.80952579,0.04396015,0.33576147,6.7
G,40,30,64,0.001,36,0.71521383,0.04838364,0.33576147,6.4
G,40,30,64,0.001,37,0.75293713,0.05331151,0.33576147,6.5
G,40,30,64,0.001,38,0.67894728,0.04365415,0.33576147,6.2
G,40,30,64,0.001,39,0.65578032,0.05275616,0.33576147,6.6
G,40,30,64,0.001,40,0.62896042,0.03843107,0.33576147,6.6
G,40,30,64,0.001,41,0.69367524,0.04811317,0.33576147,6.5
G,40,30,64,0.001,42,0.85537552,0.05250739,0.33576147,6.4
G,40,30,64,0.001,43,0.85740905,0.05150330,0.33576147,6.1
G,40,30,64,0.001,44,0.72924127,0.04889383,0.33576147,6.5
G,40,30,64,0.001,45,0.53789961,0.03853058,0.33576147,6.7
G,40,30,64,0.001,46,0.50386633,0.04152452,0.33576147,6.6
G,40,30,64,0.001,47,0.60131826,0.04477034,0.33576147,6.2
G,40,30,64,0.001,48,0.82102852,0.04670182,0.33576147,6.5
G,40,30,64,0.001,49,0.95123918,0.05014157,0.33576147,6.5
G,40,30,64,0.001,50,0.75810667,0.04523958,0.33576147,6.6
G,40,30,64,0.001,51,0.60138904,0.04290264,0.33576147,6.6
G,40,30,64,0.001,52,0.53745796,0.03672861,0.33576147,6.2
G,40,30,64,0.001,53,0.49616375,0.06065073,0.33576147,6.6
G,40,30,64,0.001,54,0.83717246,0.04497792,0.33576147,6.7
G,40,30,64,0.001,55,1.03315021,0.05357725,0.33576147,6.5
G,40,30,64,0.001,56,1.84947411,0.06935106,0.33576147,6.4
G,40,30,64,0.001,57,1.44373418,0.04100838,0.33576147,6.2
G,40,30,64,0.001,58,0.78365422,0.05296677,0.33576147,6.6
G,40,30,64,0.001,59,0.94154135,0.08057835,0.33576147,6.6
G,40,30,64,0.001,60,1.73906951,0.10404775,0.33576147,6.6
G,40,30,64,0.001,61,1.38506161,0.05968613,0.33576147,6.4
G,40,30,64,0.001,62,1.24889020,0.05355200,0.33576147,6.2
G,40,30,64,0.001,63,0.85785362,0.04958267,0.33576147,6.4
G,40,30,64,0.001,64,0.68193547,0.04419225,0.33576147,6.5
G,40,30,64,0.001,65,0.61047428,0.04602543,0.33576147,6.5
G,40,30,64,0.001,66,0.64004488,0.04619627,0.33576147,6.1
G,40,30,64,0.001,67,0.67961569,0.04024034,0.33576147,6.4
G,40,30,64,0.001,68,0.87270759,0.05435177,0.33576147,6.7
G,40,30,64,0.001,69,0.93504301,0.04132667,0.33576147,6.4
G,40,30,64,0.001,70,0.61537835,0.05531908,0.33576147,6.4
G,40,30,64,0.001,71,0.56562981,0.03984953,0.33576147,6.2
G,40,30,64,0.001,72,0.46730339,0.04764865,0.33576147,6.5
G,60,30,64,0.001,1,11.47158881,0.42061323,0.33576147,8.2
G,60,30,64,0.001,2,8.18830671,0.29775894,0.33576147,8.1
G,60,30,64,0.001,3,5.34065149,0.12622616,0.33576147,7.8
G,60,30,64,0.001,4,3.20223511,0.15019151,0.33576147,8.2
G,60,30,64,0.001,5,3.16154549,0.12180051,0.33576147,8.2
G,60,30,64,0.001,6,3.23090673,0.05832788,0.33576147,8.1
G,60,30,64,0.001,7,2.60772309,0.11272769,0.33576147,7.7
G,60,30,64,0.001,8,2.69675501,0.05869092,0.33576147,8.1
G,60,30,64,0.001,9,3.06342948,0.07414405,0.33576147,8.2
G,60,30,64,0.001,10,2.69757558,0.07573152,0.33576147,8.1
G,60,30,64,0.001,11,3.43568110,0.21052904,0.33576147,8.0
G,60,30,64,0.001,12,3.61821905,0.09469331,0.33576147,7.8
G,60,30,64,0.001,13,4.28312623,0.24576226,0.33576147,8.2
G,60,30,64,0.001,14,3.71268133,0.04962779,0.33576147,8.1
G,60,30,64,0.001,15,2.13476703,0.07840033,0.33576147,8.2
G,60,30,64,0.001,16,2.43059035,0.06306208,0.33576147,7.8
G,60,30,64,0.001,17,1.49083726,0.06205851,0.33576147,8.1
G,60,30,64,0.001,18,1.51816594,0.05290592,0.33576147,8.2
G,60,30,64,0.001,19,1.39719745,0.04803738,0.33576147,8.0
G,60,30,64,0.001,20,1.64258434,0.05366278,0.33576147,8.1
G,60,30,64,0.001,21,1.56099423,0.06804888,0.33576147,8.1
G,60,30,64,0.001,22,2.71440286,0.13576892,0.33576147,7.8
G,60,30,64,0.001,23,2.02431492,0.05603405,0.33576147,8.1
G,60,30,64,0.001,24,2.31550459,0.04170210,0.33576147,8.2
G,60,30,64,0.001,25,1.97324029,0.06448832,0.33576147,8.1
G,60,30,64,0.001,26,2.07464651,0.03685461,0.33576147,7.8
G,60,30,64,0.001,27,1.52133726,0.06480805,0.33576147,8.2
G,60,30,64,0.001,28,1.06132006,0.04195757,0.33576147,8.2
G,60,30,64,0.001,29,0.82577074,0.03428818,0.33576147,8.0
G,60,30,64,0.001,30,0.60405979,0.03510706,0.33576147,8.1
G,60,30,64,0.001,31,0.65961576,0.04758143,0.33576147,8.2
G,60,30,64,0.001,32,1.34714802,0.06836944,0.33576147,7.8
G,60,30,64,0.001,33,1.18076253,0.06343921,0.33576147,8.2
G,60,30,64,0.001,34,1.39164964,0.06222885,0.33576147,8.1
G,60,30,64,0.001,35,0.91524904,0.03985229,0.33576147,8.2
G,60,30,64,0.001,36,1.02133576,0.05660197,0.33576147,7.8
G,60,30,64,0.001,37,0.80407478,0.04118395,0.33576147,8.0
G,60,30,64,0.001,38,0.64979709,0.03637555,0.33576147,8.2
G,60,30,64,0.001,39,0.54445601,0.04094587,0.33576147,8.2
G,60,30,64,0.001,40,0.64235232,0.02930411,0.33576147,8.2
G,60,30,64,0.001,41,1.04140127,0.06734933,0.33576147,7.8
G,60,30,64,0.001,42,0.96646336,0.04093993,0.33576147,8.1
G,60,30,64,0.001,43,0.62875576,0.04668298,0.33576147,8.2
G,60,30,64,0.001,44,0.68067065,0.04068647,0.33576147,8.2
G,60,30,64,0.001,45,0.81277183,0.04819682,0.33576147,8.1
G,60,30,64,0.001,46,1.08727630,0.06796354,0.33576147,7.8
G,60,30,64,0.001,47,1.38511014,0.03522240,0.33576147,8.1
G,60,30,64,0.001,48,0.67529310,0.05341735,0.33576147,8.2
G,60,30,64,0.001,49,0.61577350,0.03363452,0.33576147,8.2
G,60,30,64,0.001,50,0.73585426,0.09136976,0.33576147,7.7
G,60,30,64,0.001,51,0.86734721,0.03475952,0.33576147,8.0
G,60,30,64,0.001,52,0.71711622,0.05167117,0.33576147,8.1
G,60,30,64,0.001,53,0.70981518,0.04119523,0.33576147,8.0
G,60,30,64,0.001,54,0.76050496,0.04056404,0.33576147,8.1
G,60,30,64,0.001,55,1.42261946,0.06068805,0.33576147,7.8
G,60,30,64,0.001,56,1.13804813,0.04351559,0.33576147,8.2
G,60,30,64,0.001,57,1.65212938,0.11038669,0.33576147,8.2
G,60,30,64,0.001,58,1.12103902,0.04117545,0.33576147,8.2
G,60,30,64,0.001,59,0.97605441,0.08701283,0.33576147,7.8
G,60,30,64,0.001,60,0.81517340,0.05209884,0.33576147,8.1
G,90,30,64,0.001,1,11.12067269,0.25890878,0.33576147,10.8
G,90,30,64,0.001,2,6.63630532,0.68189207,0.33576147,10.7
G,90,30,64,0.001,3,6.70833167,0.37799766,0.33576147,10.3
G,90,30,64,0.001,4,5.68317783,0.07099566,0.33576147,10.7
G,90,30,64,0.001,5,3.40865298,0.11437849,0.33576147,10.8
G,90,30,64,0.001,6,4.13021093,0.12451777,0.33576147,10.8
G,90,30,64,0.001,7,3.88237331,0.13178534,0.33576147,10.8
G,90,30,64,0.001,8,3.30474766,0.10651251,0.33576147,10.4
G,90,30,64,0.001,9,4.36135001,0.23115230,0.33576147,10.7
G,90,30,64,0.001,10,3.54935827,0.07828214,0.33576147,10.6
G,90,30,64,0.001,11,2.28249330,0.10987578,0.33576147,10.7
G,90,30,64,0.001,12,2.57553948,0.08929452,0.33576147,10.4
G,90,30,64,0.001,13,2.35948554,0.07553094,0.33576147,10.6
G,90,30,64,0.001,14,2.09743791,0.08954164,0.33576147,10.8
G,90,30,64,0.001,15,2.24193597,0.05846982,0.33576147,10.8
G,90,30,64,0.001,16,1.62616866,0.08726167,0.33576147,10.3
G,90,30,64,0.001,17,1.65413114,0.05006239,0.33576147,10.8
G,90,30,64,0.001,18,1.55490017,0.07416547,0.33576147,10.6
G,90,30,64,0.001,19,1.84602840,0.07432710,0.33576147,10.6
G,90,30,64,0.001,20,1.59470585,0.07053510,0.33576147,10.7
G,90,30,64,0.001,21,1.62355924,0.06880563,0.33576147,10.4
G,90,30,64,0.001,22,1.53081255,0.04745065,0.33576147,10.8
G,90,30,64,0.001,23,1.44924985,0.09280904,0.33576147,10.6
G,90,30,64,0.001,24,1.43544242,0.03242227,0.33576147,10.7
G,90,30,64,0.001,25,1.20889850,0.04975555,0.33576147,10.4
G,90,30,64,0.001,26,1.11474526,0.09482003,0.33576147,10.6
G,90,30,64,0.001,27,1.23935357,0.05392101,0.33576147,10.7
G,90,30,64,0.001,28,1.30195485,0.09457805,0.33576147,10.6
G,90,30,64,0.001,29,1.08856592,0.05719372,0.33576147,10.3
G,90,30,64,0.001,30,1.14166746,0.04293340,0.33576147,10.7
G,90,30,64,0.001,31,1.06971380,0.05550759,0.33576147,10.9
G,90,30,64,0.001,32,1.23832187,0.02664682,0.33576147,10.8
G,90,30,64,0.001,33,1.32067411,0.06575426,0.33576147,10.8
G,90,30,64,0.001,34,1.48869215,0.04828212,0.33576147,10.4
G,90,30,64,0.001,35,1.10707000,0.03334671,0.33576147,10.6
G,90,30,64,0.001,36,1.66429847,0.18690904,0.33576147,10.7
G,90,30,64,0.001,37,1.91264883,0.05378102,0.33576147,10.6
G,90,30,64,0.001,38,2.25858744,0.09315561,0.33576147,10.4
G,90,30,64,0.001,39,1.92856562,0.05999221,0.33576147,10.6
G,90,30,64,0.001,40,1.54527796,0.18256115,0.33576147,10.8
G,90,30,64,0.001,41,1.65766310,0.06773534,0.33576147,10.6
G,90,30,64,0.001,42,1.49204702,0.07221170,0.33576147,10.7
G,90,30,64,0.001,43,3.06295519,0.14038557,0.33576147,10.4
G,90,30,64,0.001,44,2.02894977,0.07559921,0.33576147,10.6
G,90,30,64,0.001,45,1.94608046,0.10372583,0.33576147,10.7
G,90,30,64,0.001,46,1.59821047,0.06240306,0.33576147,10.8
G,90,30,64,0.001,47,1.67662894,0.11919574,0.33576147,10.8
G,90,30,64,0.001,48,1.28051812,0.06181474,0.33576147,10.4
G,90,30,64,0.001,49,0.93616794,0.05604279,0.33576147,10.5
G,90,30,64,0.001,50,0.72215683,0.05642737,0.33576147,10.8
G,90,30,64,0.001,51,0.62831553,0.04969580,0.33576147,10.9
G,90,30,64,0.001,52,0.63480836,0.05481273,0.33576147,10.3
G,40,60,64,0.001,1,42.38004277,0.19883140,0.33576147,6.5
G,40,60,64,0.001,2,18.08424931,0.22492432,0.33576147,6.7
G,40,60,64,0.001,3,11.45808525,0.20783071,0.33576147,6.8
G,40,60,64,0.001,4,9.22804607,0.13679556,0.33576147,6.7
G,40,60,64,0.001,5,8.57000097,0.15447863,0.33576147,6.5
G,40,60,64,0.001,6,6.39226682,0.08885195,0.33576147,6.3
G,40,60,64,0.001,7,5.87106620,0.11351657,0.33576147,6.8
G,40,60,64,0.001,8,6.30536016,0.07996997,0.33576147,6.7
G,40,60,64,0.001,9,5.64423355,0.09239001,0.33576147,6.7
G,40,60,64,0.001,10,5.92937736,0.08063031,0.33576147,6.6
G,40,60,64,0.001,11,4.73131753,0.06773698,0.33576147,6.7
G,40,60,64,0.001,12,3.37216942,0.06860947,0.33576147,6.3
G,40,60,64,0.001,13,2.71261710,0.07189827,0.33576147,6.5
G,40,60,64,0.001,14,2.41646169,0.06305505,0.33576147,6.6
G,40,60,64,0.001,15,2.63029331,0.11802485,0.33576147,6.7
G,40,60,64,0.001,16,3.77249881,0.07196219,0.33576147,6.7
G,40,60,64,0.001,17,6.64846275,0.23859341,0.33576147,6.3
G,40,60,64,0.001,18,4.94824144,0.09716956,0.33576147,6.7
G,40,60,64,0.001,19,3.82113075,0.11207567,0.33576147,6.7
G,40,60,64,0.001,20,2.70765322,0.06774780,0.33576147,6.8
G,40,60,64,0.001,21,1.88692195,0.06349944,0.33576147,6.6
G,40,60,64,0.001,22,1.60401488,0.06154667,0.33576147,6.7
G,40,60,64,0.001,23,1.45018795,0.05754249,0.33576147,6.3
G,40,60,64,0.001,24,1.33395838,0.05597508,0.33576147,6.6
G,40,60,64,0.001,25,1.25053880,0.05345243,0.33576147,6.9
G,40,60,64,0.001,26,1.18815271,0.05371114,0.33576147,6.7
G,40,60,64,0.001,27,1.16824774,0.05243581,0.33576147,6.6
G,40,60,64,0.001,28,1.19322849,0.05703267,0.33576147,6.3
G,40,60,64,0.001,29,1.39321755,0.05440409,0.33576147,6.5
G,40,60,64,0.001,30,1.75884213,0.07005184,0.33576147,6.8
G,40,60,64,0.001,31,1.83673009,0.05610248,0.33576147,6.6
G,40,60,64,0.001,32,1.46560099,0.05572017,0.33576147,6.8
G,40,60,64,0.001,33,1.26980753,0.05482932,0.33576147,6.3
G,40,60,64,0.001,34,1.45737761,0.05094093,0.33576147,6.5
G,40,60,64,0.001,35,1.69771973,0.06171422,0.33576147,6.7
G,40,60,64,0.001,36,2.39251771,0.05726865,0.33576147,6.5
G,40,60,64,0.001,37,2.70352917,0.07059712,0.33576147,6.6
G,40,60,64,0.001,38,2.13866182,0.05648354,0.33576147,6.5
G,40,60,64,0.001,39,1.85035227,0.07004513,0.33576147,6.3
G,40,60,64,0.001,40,1.65558060,0.05491057,0.33576147,6.7
G,40,60,64,0.001,41,1.33976441,0.05005300,0.33576147,6.7
G,40,60,64,0.001,42,1.16710184,0.04757437,0.33576147,6.7
G,40,60,64,0.001,43,1.00178683,0.04369605,0.33576147,6.6
G,40,60,64,0.001,44,0.95488463,0.04481097,0.33576147,6.3
G,40,60,64,0.001,45,0.95712022,0.04216270,0.33576147,6.6
G,40,60,64,0.001,46,1.20332241,0.05552209,0.33576147,6.7
G,40,60,64,0.001,47,1.75422108,0.04807183,0.33576147,6.5
G,40,60,64,0.001,48,2.38246234,0.08628317,0.33576147,6.8
G,40,60,64,0.001,49,1.63554469,0.04936629,0.33576147,6.2
G,40,60,64,0.001,50,1.52590112,0.06929735,0.33576147,6.5
G,40,60,64,0.001,51,1.16748319,0.05314060,0.33576147,6.5
G,40,60,64,0.001,52,1.08282406,0.04942961,0.33576147,6.7
G,40,60,64,0.001,53,0.98368773,0.04892275,0.33576147,6.5
G,40,60,64,0.001,54,0.90215289,0.04707518,0.33576147,6.2
G,40,60,64,0.001,55,0.76234896,0.04370097,0.33576147,6.6
G,40,60,64,0.001,56,0.71552720,0.04413724,0.33576147,6.7
G,40,60,64,0.001,57,0.69289702,0.04288404,0.33576147,6.8
G,40,60,64,0.001,58,0.73307745,0.04380479,0.33576147,6.6
G,40,60,64,0.001,59,0.80077388,0.04381177,0.33576147,6.5
G,40,60,64,0.001,60,0.98128740,0.04682375,0.33576147,6.3
G,40,60,64,0.001,61,0.99237908,0.04247581,0.33576147,6.8
G,40,60,64,0.001,62,1.12194144,0.04655345,0.33576147,6.6
G,40,60,64,0.001,63,1.01169058,0.03917002,0.33576147,6.5
G,40,60,64,0.001,64,1.03367081,0.04715344,0.33576147,6.7
G,40,60,64,0.001,65,1.02644311,0.04163683,0.33576147,6.6
G,40,60,64,0.001,66,1.14717950,0.05173606,0.33576147,6.3
G,40,60,64,0.001,67,1.10175069,0.04684946,0.33576147,6.7
G,40,60,64,0.001,68,0.81623294,0.04415010,0.33576147,6.6
G,40,60,64,0.001,69,0.71821947,0.04731471,0.33576147,6.7
G,40,60,64,0.001,70,0.69778651,0.04192662,0.33576147,6.5
G,40,60,64,0.001,71,0.71637879,0.04535036,0.33576147,6.3
G,40,60,64,0.001,72,0.77189606,0.04203937,0.33576147,6.5
G,40,60,64,0.001,73,0.88786921,0.04331094,0.33576147,6.6
G,40,60,64,0.001,74,1.01071690,0.04342130,0.33576147,6.7
G,40,60,64,0.001,75,1.34379370,0.04283235,0.33576147,6.5
G,40,60,64,0.001,76,1.30447087,0.04416371,0.33576147,6.8
G,40,60,64,0.001,77,1.61886062,0.04538997,0.33576147,6.2
G,40,60,64,0.001,78,1.68082038,0.04915546,0.33576147,6.8
G,40,60,64,0.001,79,1.32139230,0.04180165,0.33576147,6.6
G,40,60,64,0.001,80,1.10026212,0.04418425,0.33576147,6.7
G,40,60,64,0.001,81,0.81644879,0.03838542,0.33576147,7.0
G,40,60,64,0.001,82,0.60676150,0.03494854,0.33576147,6.5
G,40,60,64,0.001,83,0.61153666,0.03839794,0.33576147,6.3
G,40,60,64,0.001,84,0.64537603,0.03508868,0.33576147,6.7
G,40,60,64,0.001,85,0.73421002,0.04184629,0.33576147,6.9
G,40,60,64,0.001,86,0.81777170,0.03712473,0.33576147,6.7
G,40,60,64,0.001,87,0.97641182,0.04749109,0.33576147,6.5
G,40,60,64,0.001,88,0.87427589,0.03814524,0.33576147,6.2
G,40,60,64,0.001,89,0.87833947,0.04489023,0.33576147,6.6
G,40,60,64,0.001,90,0.68325796,0.03723337,0.33576147,6.7
G,40,60,64,0.001,91,0.60825185,0.03995927,0.33576147,6.6
G,40,60,64,0.001,92,0.52700497,0.03550814,0.33576147,6.8
G,40,60,64,0.001,93,0.52832123,0.03899247,0.33576147,6.2
G,40,60,64,0.001,94,0.52561247,0.03415733,0.33576147,6.7
G,40,60,64,0.001,95,0.60418629,0.04035932,0.33576147,6.5
G,40,60,64,0.001,96,0.66066802,0.03446457,0.33576147,6.8
G,40,60,64,0.001,97,0.71601044,0.04131592,0.33576147,6.7
G,40,60,64,0.001,98,0.70804193,0.03560433,0.33576147,6.3
G,40,60,64,0.001,99,0.65977459,0.03979303,0.33576147,6.6
G,40,60,64,0.001,100,0.60286006,0.03623949,0.33576147,6.7
G,60,60,64,0.001,1,27.28861691,0.41604886,0.33576147,8.2
G,60,60,64,0.001,2,15.41735733,0.28951149,0.33576147,8.2
G,60,60,64,0.001,3,8.62847435,0.10623765,0.33576147,8.3
G,60,60,64,0.001,4,8.50325085,0.13039172,0.33576147,7.9
G,60,60,64,0.001,5,6.09304103,0.07704061,0.33576147,8.2
G,60,60,64,0.001,6,4.53174751,0.09429123,0.33576147,8.4
G,60,60,64,0.001,7,5.94942405,0.06714138,0.33576147,8.3
G,60,60,64,0.001,8,6.29982862,0.07091688,0.33576147,8.1
G,60,60,64,0.001,9,6.18729913,0.05975349,0.33576147,8.3
G,60,60,64,0.001,10,4.01614371,0.04564400,0.33576147,7.9
G,60,60,64,0.001,11,3.05078726,0.05132590,0.33576147,8.3
G,60,60,64,0.001,12,3.10802875,0.10485968,0.33576147,8.1
G,60,60,64,0.001,13,4.13423022,0.04109747,0.33576147,8.2
G,60,60,64,0.001,14,6.52755546,0.22403688,0.33576147,8.1
G,60,60,64,0.001,15,5.56338360,0.08977605,0.33576147,7.9
G,60,60,64,0.001,16,5.55712681,0.11382595,0.33576147,8.1
G,60,60,64,0.001,17,3.08274458,0.05271037,0.33576147,8.2
G,60,60,64,0.001,18,2.26298609,0.05419404,0.33576147,8.1
G,60,60,64,0.001,19,1.98392467,0.04195013,0.33576147,8.3
G,60,60,64,0.001,20,1.90789499,0.04737108,0.33576147,8.3
G,60,60,64,0.001,21,1.89843928,0.04137677,0.33576147,7.9
G,60,60,64,0.001,22,2.34040936,0.09433822,0.33576147,8.3
G,60,60,64,0.001,23,2.85432407,0.05158246,0.33576147,8.3
G,60,60,64,0.001,24,2.97524805,0.06751968,0.33576147,8.3
G,60,60,64,0.001,25,1.57569239,0.04588384,0.33576147,8.1
G,60,60,64,0.001,26,1.34138447,0.04546313,0.33576147,7.8
G,60,60,64,0.001,27,1.35741782,0.03864048,0.33576147,8.2
G,60,60,64,0.001,28,1.21409023,0.04036595,0.33576147,8.2
G,60,60,64,0.001,29,1.22779480,0.03459812,0.33576147,8.1
G,60,60,64,0.001,30,1.05503749,0.04008731,0.33576147,8.3
G,60,60,64,0.001,31,1.10476270,0.03310880,0.33576147,8.2
G,60,60,64,0.001,32,1.18468580,0.04399579,0.33576147,7.9
G,60,60,64,0.001,33,1.31124572,0.03061112,0.33576147,8.3
G,60,60,64,0.001,34,1.50276514,0.05212352,0.33576147,8.1
G,60,60,64,0.001,35,1.42718805,0.02788485,0.33576147,8.2
G,60,60,64,0.001,36,1.56602506,0.06924977,0.33576147,8.3
G,60,60,64,0.001,37,1.42994597,0.03025070,0.33576147,7.9
G,60,60,64,0.001,38,1.76168983,0.07887354,0.33576147,8.1
G,60,60,64,0.001,39,1.79154788,0.03632516,0.33576147,8.3
G,60,60,64,0.001,40,2.23655080,0.04668245,0.33576147,8.2
G,60,60,64,0.001,41,1.47552951,0.04294498,0.33576147,8.4
G,60,60,64,0.001,42,1.25364342,0.03738308,0.33576147,7.9
G,60,60,64,0.001,43,0.99455847,0.04516898,0.33576147,8.2
G,60,60,64,0.001,44,1.00081756,0.03430848,0.33576147,8.2
G,60,60,64,0.001,45,0.94886336,0.04777138,0.33576147,8.3
G,60,60,64,0.001,46,0.97887975,0.03239424,0.33576147,8.1
G,60,60,64,0.001,47,1.08465556,0.05403186,0.33576147,7.9
G,60,60,64,0.001,48,1.14049221,0.03357694,0.33576147,8.3
G,60,60,64,0.001,49,1.49109130,0.06637416,0.33576147,8.3
G,60,60,64,0.001,50,1.76044551,0.03850236,0.33576147,8.3
G,60,60,64,0.001,51,2.69886921,0.07069715,0.33576147,8.3
G,60,60,64,0.001,52,2.18554752,0.04432706,0.33576147,8.3
G,60,60,64,0.001,53,1.85178542,0.04047789,0.33576147,7.9
G,60,60,64,0.001,54,1.26587539,0.03687272,0.33576147,8.3
G,60,60,64,0.001,55,1.10583506,0.03898396,0.33576147,8.3
G,90,60,64,0.001,1,29.43085908,0.27701890,0.33576147,10.7
G,90,60,64,0.001,2,14.46159473,0.22312517,0.33576147,10.8
G,90,60,64,0.001,3,7.24245164,0.15680550,0.33576147,10.7
G,90,60,64,0.001,4,14.31817213,0.30107810,0.33576147,10.4
G,90,60,64,0.001,5,18.07266940,0.11357531,0.33576147,10.8
G,90,60,64,0.001,6,7.96864271,0.06758655,0.33576147,10.7
G,90,60,64,0.001,7,6.19337468,0.12004254,0.33576147,10.9
G,90,60,64,0.001,8,5.47686132,0.08856150,0.33576147,10.7
G,90,60,64,0.001,9,7.18675614,0.23483002,0.33576147,10.5
G,90,60,64,0.001,10,8.14176191,0.05326328,0.33576147,10.8
G,90,60,64,0.001,11,7.25729222,0.08561354,0.33576147,10.7
G,90,60,64,0.001,12,6.28062760,0.08253082,0.33576147,10.9
G,90,60,64,0.001,13,3.73032662,0.03934851,0.33576147,10.8
G,90,60,64,0.001,14,2.40128651,0.05359390,0.33576147,10.9
G,90,60,64,0.001,15,2.13240562,0.03793516,0.33576147,10.5
G,90,60,64,0.001,16,1.92980030,0.09089291,0.33576147,10.7
G,90,60,64,0.001,17,2.40580698,0.03916685,0.33576147,10.7
G,90,60,64,0.001,18,3.25533843,0.09335421,0.33576147,10.7
G,90,60,64,0.001,19,2.89315642,0.06115351,0.33576147,10.8
G,90,60,64,0.001,20,3.06727052,0.03889902,0.33576147,10.4
G,90,60,64,0.001,21,2.94804032,0.07700912,0.33576147,10.7
G,90,60,64,0.001,22,2.84935578,0.04371569,0.33576147,10.9
G,90,60,64,0.001,23,3.21199502,0.07872643,0.33576147,10.9
G,90,60,64,0.001,24,3.44848973,0.05449819,0.33576147,10.9
G,90,60,64,0.001,25,2.86443098,0.04098951,0.33576147,10.5
G,90,60,64,0.001,26,1.60005882,0.02988919,0.33576147,10.8
G,90,60,64,0.001,27,1.30262322,0.03387622,0.33576147,10.9
G,90,60,64,0.001,28,1.15149109,0.03972080,0.33576147,10.7
G,90,60,64,0.001,29,1.43365684,0.03127526,0.33576147,10.9
G,90,60,64,0.001,30,1.97643403,0.09809639,0.33576147,10.5
G,90,60,64,0.001,31,2.18852684,0.03228433,0.33576147,10.8
G,90,60,64,0.001,32,2.14366055,0.06240799,0.33576147,10.7
G,90,60,64,0.001,33,1.28772744,0.03615864,0.33576147,10.7
G,90,60,64,0.001,34,1.04744171,0.03882335,0.33576147,10.8
G,90,60,64,0.001,35,0.88509958,0.02972023,0.33576147,10.9
G,90,60,64,0.001,36,0.94892673,0.03449036,0.33576147,10.5
G,90,60,64,0.001,37,0.92542686,0.02712459,0.33576147,10.8
G,90,60,64,0.001,38,1.15095347,0.03497390,0.33576147,10.8
G,90,60,64,0.001,39,1.01859454,0.02746072,0.33576147,10.9
G,90,60,64,0.001,40,1.24737101,0.03274859,0.33576147,10.7
G,90,60,64,0.001,41,1.20689840,0.03538531,0.33576147,10.5
G,90,60,64,0.001,42,1.37436964,0.02935743,0.33576147,10.9
G,90,60,64,0.001,43,1.78470949,0.05251677,0.33576147,10.8
G,90,60,64,0.001,44,1.60975507,0.02635542,0.33576147,10.9
G,90,60,64,0.001,45,1.59154588,0.04065582,0.33576147,10.4
G,90,60,64,0.001,46,1.01924638,0.03030658,0.33576147,10.8
G,90,60,64,0.001,47,0.73491275,0.02750163,0.33576147,10.9
G,90,60,64,0.001,48,0.60318112,0.03318200,0.33576147,10.7
G,90,60,64,0.001,49,0.58251993,0.02473783,0.33576147,10.8
G,90,60,64,0.001,50,0.68241369,0.03914602,0.33576147,10.5
G,90,60,64,0.001,51,0.73968600,0.02496328,0.33576147,10.9
G,90,60,64,0.001,52,0.96115083,0.03735756,0.33576147,10.8
G,90,60,64,0.001,53,0.89705580,0.02461876,0.33576147,10.9
G,90,60,64,0.001,54,1.30135535,0.04235039,0.33576147,10.7
G,90,60,64,0.001,55,1.81991771,0.04798178,0.33576147,10.5
G,90,60,64,0.001,56,1.80574668,0.05063515,0.33576147,10.7
G,90,60,64,0.001,57,1.91966871,0.05196328,0.33576147,10.7
G,90,60,64,0.001,58,1.04567976,0.03188891,0.33576147,10.9
G,90,60,64,0.001,59,0.86484646,0.04474658,0.33576147,10.7
G,90,60,64,0.001,60,0.82157653,0.02636217,0.33576147,10.7
G,90,60,64,0.001,61,0.97628716,0.05183975,0.33576147,10.5
G,90,60,64,0.001,62,0.95210998,0.02420146,0.33576147,11.0
G,90,60,64,0.001,63,1.20473737,0.04858400,0.33576147,10.8
G,90,60,64,0.001,64,0.97248585,0.02742702,0.33576147,10.9
G,90,60,64,0.001,65,0.83394569,0.03130621,0.33576147,10.9
G,90,60,64,0.001,66,0.64086128,0.03443111,0.33576147,10.5
G,90,60,64,0.001,67,0.59131908,0.02504449,0.33576147,10.8
G,90,60,64,0.001,68,0.63036597,0.04340919,0.33576147,10.8
G,90,60,64,0.001,69,0.80627211,0.02494288,0.33576147,10.8
G,90,60,64,0.001,70,1.01002771,0.05867030,0.33576147,10.7
G,90,60,64,0.001,71,1.28467882,0.03072332,0.33576147,10.5
G,90,60,64,0.001,72,1.72056978,0.04513073,0.33576147,10.9
G,90,60,64,0.001,73,1.53018581,0.03985276,0.33576147,10.7
G,90,60,64,0.001,74,1.79221290,0.03181198,0.33576147,10.9
G,90,60,64,0.001,75,2.08002161,0.08245179,0.33576147,11.0
G,90,60,64,0.001,76,2.22377053,0.03354533,0.33576147,10.5
G,90,60,64,0.001,77,2.61031945,0.05786362,0.33576147,10.9
G,90,60,64,0.001,78,1.34549704,0.03501996,0.33576147,10.8
G,90,60,64,0.001,79,1.04875913,0.03801566,0.33576147,10.9
G,90,60,64,0.001,80,0.89322346,0.03590998,0.33576147,10.8
G,90,60,64,0.001,81,0.88450536,0.03129795,0.33576147,10.6
G,90,60,64,0.001,82,0.89517781,0.03679507,0.33576147,10.7
G,40,120,64,0.001,1,93.70734706,0.22392071,0.33576147,6.8
G,40,120,64,0.001,2,48.64426988,0.17548902,0.33576147,6.6
G,40,120,64,0.001,3,29.25835712,0.18687034,0.33576147,6.8
G,40,120,64,0.001,4,18.89483124,0.18767929,0.33576147,6.5
G,40,120,64,0.001,5,15.82353023,0.14981767,0.33576147,6.3
G,40,120,64,0.001,6,13.38665240,0.12457090,0.33576147,6.8
G,40,120,64,0.001,7,10.89152382,0.10421632,0.33576147,6.6
G,40,120,64,0.001,8,8.89046376,0.09092622,0.33576147,6.5
G,40,120,64,0.001,9,7.20523936,0.08354772,0.33576147,6.8
G,40,120,64,0.001,10,6.02708616,0.07904829,0.33576147,6.6
G,40,120,64,0.001,11,5.19696269,0.07337612,0.33576147,6.8
G,40,120,64,0.001,12,4.55985643,0.07701143,0.33576147,7.0
G,40,120,64,0.001,13,4.73809832,0.06722284,0.33576147,6.4
G,40,120,64,0.001,14,6.04687977,0.08669836,0.33576147,6.6
G,40,120,64,0.001,15,7.02696496,0.07374596,0.33576147,6.8
G,40,120,64,0.001,16,10.03406826,0.08491801,0.33576147,6.6
G,40,120,64,0.001,17,6.01858783,0.08429115,0.33576147,6.8
G,40,120,64,0.001,18,4.92380812,0.08066960,0.33576147,6.8
G,40,120,64,0.001,19,3.91928413,0.07339408,0.33576147,6.7
G,40,120,64,0.001,20,3.47246385,0.06876192,0.33576147,6.4
G,40,120,64,0.001,21,3.11713359,0.06793455,0.33576147,6.6
G,40,120,64,0.001,22,2.86396578,0.06732730,0.33576147,6.7
G,40,120,64,0.001,23,2.68709593,0.06530127,0.33576147,6.8
G,40,120,64,0.001,24,2.54399539,0.06310098,0.33576147,6.7
G,40,120,64,0.001,25,2.41733296,0.06142907,0.33576147,6.8
G,40,120,64,0.001,26,2.30923748,0.06024458,0.33576147,6.8
G,40,120,64,0.001,27,2.20189876,0.05914061,0.33576147,6.3
G,40,120,64,0.001,28,2.10268578,0.05804006,0.33576147,6.6
G,40,120,64,0.001,29,2.01104582,0.05695224,0.33576147,6.6
G,40,120,64,0.001,30,1.93214442,0.05612437,0.33576147,6.8
G,40,120,64,0.001,31,1.85501274,0.05548142,0.33576147,6.8
G,40,120,64,0.001,32,1.79406057,0.05492922,0.33576147,6.6
G,40,120,64,0.001,33,1.74312141,0.05446532,0.33576147,6.6
G,40,120,64,0.001,34,1.82924000,0.05518404,0.33576147,6.3
G,40,120,64,0.001,35,2.26561423,0.05588151,0.33576147,6.6
G,40,120,64,0.001,36,3.35445808,0.06542326,0.33576147,6.8
G,40,120,64,0.001,37,3.22138137,0.05909835,0.33576147,6.6
G,40,120,64,0.001,38,2.43000713,0.06025986,0.33576147,6.6
G,40,120,64,0.001,39,2.52295619,0.05410960,0.33576147,6.9
G,40,120,64,0.001,40,2.17944405,0.05433215,0.33576147,6.8
G,40,120,64,0.001,41,2.10410137,0.05221352,0.33576147,6.3
G,40,120,64,0.001,42,1.88437837,0.05453657,0.33576147,6.8
G,40,120,64,0.001,43,1.84127590,0.05105051,0.33576147,6.6
G,40,120,64,0.001,44,1.82565526,0.05302242,0.33576147,6.6
G,40,120,64,0.001,45,1.82712113,0.04950513,0.33576147,6.8
G,40,120,64,0.001,46,1.74362047,0.05215610,0.33576147,6.8
G,40,120,64,0.001,47,1.65954396,0.04842195,0.33576147,6.6
G,40,120,64,0.001,48,1.59726587,0.05086370,0.33576147,6.3
G,40,120,64,0.001,49,1.51458186,0.04810554,0.33576147,6.8
G,40,120,64,0.001,50,1.47379361,0.04922330,0.33576147,6.8
G,40,120,64,0.001,51,1.37940137,0.04785024,0.33576147,6.6
G,40,120,64,0.001,52,1.33627073,0.04784006,0.33576147,6.6
G,40,120,64,0.001,53,1.30033578,0.04705276,0.33576147,6.8
G,40,120,64,0.001,54,1.33405745,0.04699147,0.33576147,6.8
G,40,120,64,0.001,55,1.31007069,0.04660496,0.33576147,6.3
G,40,120,64,0.001,56,1.33464644,0.04598581,0.33576147,6.8
G,40,120,64,0.001,57,1.28128114,0.04613138,0.33576147,6.8
G,40,120,64,0.001,58,1.27365652,0.04506980,0.33576147,6.6
G,40,120,64,0.001,59,1.19775797,0.04611006,0.33576147,6.8
G,40,120,64,0.001,60,1.18054280,0.04395212,0.33576147,6.6
G,40,120,64,0.001,61,1.17690962,0.04727383,0.33576147,6.7
G,40,120,64,0.001,62,1.29749137,0.04332148,0.33576147,6.4
G,40,120,64,0.001,63,1.58055454,0.05271406,0.33576147,6.6
G,40,120,64,0.001,64,2.29703767,0.04585725,0.33576147,6.7
G,40,120,64,0.001,65,2.39331326,0.05114514,0.33576147,6.8
G,40,120,64,0.001,66,2.10057950,0.04871141,0.33576147,6.9
G,40,120,64,0.001,67,1.58459304,0.04885307,0.33576147,6.6
G,40,120,64,0.001,68,1.55144913,0.04559251,0.33576147,6.5
G,40,120,64,0.001,69,1.75124083,0.05220840,0.33576147,6.4
G,40,120,64,0.001,70,1.80683179,0.04550193,0.33576147,6.6
G,40,120,64,0.001,71,1.66217519,0.04645734,0.33576147,6.6
G,40,120,64,0.001,72,1.32044458,0.04428188,0.33576147,6.8
G,40,120,64,0.001,73,1.14402944,0.04449202,0.33576147,6.8
G,40,120,64,0.001,74,1.04697328,0.04391532,0.33576147,6.8
G,40,120,64,0.001,75,1.00008451,0.04376656,0.33576147,6.6
G,40,120,64,0.001,76,0.93662493,0.04268444,0.33576147,6.3
G,40,120,64,0.001,77,0.90275938,0.04331578,0.33576147,6.6
G,40,120,64,0.001,78,0.88800621,0.04193344,0.33576147,6.6
G,40,120,64,0.001,79,0.89165817,0.04314377,0.33576147,6.6
G,40,120,64,0.001,80,0.91923709,0.04149400,0.33576147,6.6
G,40,120,64,0.001,81,0.98559298,0.04373453,0.33576147,6.8
G,40,120,64,0.001,82,1.08117891,0.04182566,0.33576147,6.6
G,40,120,64,0.001,83,1.17348763,0.04408457,0.33576147,6.6
G,40,120,64,0.001,84,1.14624160,0.04269161,0.33576147,6.7
G,40,120,64,0.001,85,1.07246549,0.04254209,0.33576147,6.3
G,40,120,64,0.001,86,0.94069298,0.04196096,0.33576147,6.8
G,40,120,64,0.001,87,0.87405095,0.04110896,0.33576147,6.6
G,40,120,64,0.001,88,0.81565175,0.04097255,0.33576147,6.6
G,40,120,64,0.001,89,0.79447030,0.03996389,0.33576147,6.8
G,40,120,64,0.001,90,0.80055436,0.04087658,0.33576147,6.8
G,40,120,64,0.001,91,0.87102875,0.04000790,0.33576147,6.8
G,40,120,64,0.001,92,0.98913079,0.04131302,0.33576147,6.7
G,40,120,64,0.001,93,1.42460848,0.04295429,0.33576147,6.3
G,40,120,64,0.001,94,1.68249814,0.04163080,0.33576147,6.6
G,40,120,64,0.001,95,2.24574592,0.04935352,0.33576147,6.8
G,40,120,64,0.001,96,1.90100837,0.04255569,0.33576147,6.8
G,40,120,64,0.001,97,1.63977795,0.04717258,0.33576147,6.8
G,40,120,64,0.001,98,1.41134347,0.04223690,0.33576147,6.8
G,40,120,64,0.001,99,1.39359798,0.04511539,0.33576147,6.9
G,40,120,64,0.001,100,1.17527212,0.04310665,0.33576147,6.5
G,60,120,64,0.001,1,66.20638309,0.32374449,0.33576147,7.9
G,60,120,64,0.001,2,27.58877831,0.27644927,0.33576147,8.4
G,60,120,64,0.001,3,18.44156527,0.17563610,0.33576147,8.2
G,60,120,64,0.001,4,12.67574427,0.12287226,0.33576147,8.3
G,60,120,64,0.001,5,9.33052908,0.09366269,0.33576147,8.2
G,60,120,64,0.001,6,7.43294066,0.05266739,0.33576147,8.3
G,60,120,64,0.001,7,7.14992797,0.11009126,0.33576147,8.2
G,60,120,64,0.001,8,8.65718288,0.03671373,0.33576147,7.9
G,60,120,64,0.001,9,8.09164282,0.07283141,0.33576147,8.2
G,60,120,64,0.001,10,6.69663445,0.05917865,0.33576147,8.3
G,60,120,64,0.001,11,4.85934459,0.05285154,0.33576147,8.2
G,60,120,64,0.001,12,4.19462717,0.05334689,0.33576147,8.3
G,60,120,64,0.001,13,3.69688455,0.04739886,0.33576147,8.5
G,60,120,64,0.001,14,3.37534801,0.03424071,0.33576147,8.4
G,60,120,64,0.001,15,3.28835891,0.07957120,0.33576147,8.2
G,60,120,64,0.001,16,4.69466870,0.03618996,0.33576147,7.9
G,60,120,64,0.001,17,5.80447422,0.06583073,0.33576147,8.4
G,60,120,64,0.001,18,3.38852698,0.05404708,0.33576147,8.2
G,60,120,64,0.001,19,2.63524176,0.04450707,0.33576147,8.4
G,60,120,64,0.001,20,2.35627480,0.04219670,0.33576147,8.2
G,60,120,64,0.001,21,2.22443112,0.04823761,0.33576147,8.2
G,60,120,64,0.001,22,2.09570427,0.03666182,0.33576147,8.2
G,60,120,64,0.001,23,1.93453901,0.04952726,0.33576147,7.9
G,60,120,64,0.001,24,1.84546528,0.03760417,0.33576147,8.2
G,60,120,64,0.001,25,1.66564353,0.04417172,0.33576147,8.2
G,60,120,64,0.001,26,1.63128638,0.03672452,0.33576147,8.4
G,60,120,64,0.001,27,1.63492810,0.03998615,0.33576147,8.4
G,60,120,64,0.001,28,1.78870504,0.03891867,0.33576147,8.4
G,60,120,64,0.001,29,1.95986461,0.03744764,0.33576147,8.5
G,60,120,64,0.001,30,1.91700211,0.04076107,0.33576147,8.1
G,60,120,64,0.001,31,1.56356297,0.03570031,0.33576147,8.2
G,60,120,64,0.001,32,1.31892949,0.04243236,0.33576147,8.1
G,60,120,64,0.001,33,1.30927368,0.03115118,0.33576147,8.4
G,60,120,64,0.001,34,1.47658739,0.05010064,0.33576147,8.2
G,60,120,64,0.001,35,2.07162651,0.02856241,0.33576147,8.4
G,60,120,64,0.001,36,3.13867470,0.05913844,0.33576147,8.4
G,60,120,64,0.001,37,3.63754538,0.03375178,0.33576147,8.2
G,60,120,64,0.001,38,3.51375715,0.04276835,0.33576147,8.4
G,60,120,64,0.001,39,3.27514677,0.03977940,0.33576147,7.9
G,60,120,64,0.001,40,3.43744079,0.05641533,0.33576147,8.4
G,60,120,64,0.001,41,2.39684664,0.03445557,0.33576147,8.1
G,60,120,64,0.001,42,2.29530199,0.04123243,0.33576147,8.4
G,60,120,64,0.001,43,1.71164796,0.03822781,0.33576147,8.4
G,60,120,64,0.001,44,1.28606339,0.03668263,0.33576147,8.2
G,60,120,64,0.001,45,1.06946570,0.03522041,0.33576147,8.4
G,60,120,64,0.001,46,1.02980695,0.03568410,0.33576147,8.2
G,60,120,64,0.001,47,0.98367834,0.03476167,0.33576147,8.5
G,60,120,64,0.001,48,0.93782010,0.03444929,0.33576147,7.9
G,60,120,64,0.001,49,0.90857218,0.03409599,0.33576147,8.4
G,60,120,64,0.001,50,0.88722852,0.03373605,0.33576147,8.2
G,60,120,64,0.001,51,0.87572385,0.03333880,0.33576147,8.4
G,60,120,64,0.001,52,0.87277665,0.03349302,0.33576147,8.4
G,60,120,64,0.001,53,0.89785826,0.03307138,0.33576147,8.2
G,60,120,64,0.001,54,0.96344623,0.03413015,0.33576147,8.4
G,60,120,64,0.001,55,1.13877294,0.03406638,0.33576147,7.9
G,90,120,64,0.001,1,77.43626912,0.36585748,0.33576147,10.9
G,90,120,64,0.001,2,24.54151923,0.10388862,0.33576147,10.7
G,90,120,64,0.001,3,15.79315690,0.11684064,0.33576147,11.0
G,90,120,64,0.001,4,14.84222557,0.08650538,0.33576147,10.9
G,90,120,64,0.001,5,10.84347123,0.08603088,0.33576147,11.0
G,90,120,64,0.001,6,11.86239061,0.07486480,0.33576147,10.8
G,90,120,64,0.001,7,9.43444683,0.10129178,0.33576147,10.5
G,90,120,64,0.001,8,8.94244914,0.08603205,0.33576147,10.9
G,90,120,64,0.001,9,6.03215916,0.09153561,0.33576147,11.0
G,90,120,64,0.001,10,4.62473884,0.05706383,0.33576147,10.7
G,90,120,64,0.001,11,3.92422388,0.05817305,0.33576147,10.9
G,90,120,64,0.001,12,3.37599654,0.04138176,0.33576147,10.8
G,90,120,64,0.001,13,2.83475568,0.04054549,0.33576147,11.0
G,90,120,64,0.001,14,2.52264899,0.03666625,0.33576147,10.7
G,90,120,64,0.001,15,2.17230902,0.03453326,0.33576147,10.5
G,90,120,64,0.001,16,2.18136353,0.03253021,0.33576147,10.7
G,90,120,64,0.001,17,2.70071715,0.03986845,0.33576147,10.8
G,90,120,64,0.001,18,3.70474270,0.04187264,0.33576147,11.0
G,90,120,64,0.001,19,3.87557519,0.03269821,0.33576147,10.8
G,90,120,64,0.001,20,3.34119561,0.04880871,0.33576147,10.9
G,90,120,64,0.001,21,4.64885828,0.04055495,0.33576147,10.9
G,90,120,64,0.001,22,5.75815452,0.06755826,0.33576147,10.5
G,90,120,64,0.001,23,2.92903507,0.06723368,0.33576147,10.9
G,90,120,64,0.001,24,2.92758911,0.05443347,0.33576147,11.0
G,90,120,64,0.001,25,2.65708361,0.04459016,0.33576147,10.8
G,90,120,64,0.001,26,3.09024803,0.05042135,0.33576147,11.0
G,90,120,64,0.001,27,3.07330820,0.03516354,0.33576147,11.0
G,90,120,64,0.001,28,2.53119627,0.03767303,0.33576147,11.0
G,90,120,64,0.001,29,1.88387739,0.03258364,0.33576147,10.5
G,90,120,64,0.001,30,1.75639653,0.03703761,0.33576147,10.8
G,90,120,64,0.001,31,1.71879303,0.02758754,0.33576147,11.0
G,90,120,64,0.001,32,2.01156655,0.04105231,0.33576147,10.9
G,90,120,64,0.001,33,2.04612608,0.02614870,0.33576147,11.0
G,90,120,64,0.001,34,2.10587560,0.04044449,0.33576147,10.8
G,90,120,64,0.001,35,1.53211882,0.02690424,0.33576147,11.0
G,90,120,64,0.001,36,1.15925532,0.02876082,0.33576147,10.5
G,90,120,64,0.001,37,0.99260413,0.02815490,0.33576147,10.7
G,90,120,64,0.001,38,0.93503538,0.02652561,0.33576147,10.7
G,90,120,64,0.001,39,0.90035855,0.02652326,0.33576147,11.0
G,90,120,64,0.001,40,0.88667145,0.02668305,0.33576147,10.9
G,90,120,64,0.001,41,0.91147746,0.02555062,0.33576147,10.8
G,90,120,64,0.001,42,0.99304818,0.02799140,0.33576147,10.8
G,90,120,64,0.001,43,1.18406465,0.02550902,0.33576147,10.5
G,90,120,64,0.001,44,1.48995777,0.03219582,0.33576147,10.8
G,90,120,64,0.001,45,1.84907306,0.02617360,0.33576147,10.9
G,90,120,64,0.001,46,2.00334686,0.03287862,0.33576147,10.9
G,90,120,64,0.001,47,1.59119721,0.02661925,0.33576147,10.8
G,90,120,64,0.001,48,1.23300481,0.02886698,0.33576147,10.8
G,90,120,64,0.001,49,1.13705994,0.03052711,0.33576147,10.8
G,90,120,64,0.001,50,1.60579312,0.03242468,0.33576147,10.5
G,90,120,64,0.001,51,2.39327475,0.04334226,0.33576147,11.0
G,90,120,64,0.001,52,3.32819711,0.03467996,0.33576147,11.0
G,90,120,64,0.001,53,2.55928634,0.02988240,0.33576147,10.9
G,90,120,64,0.001,54,1.83694288,0.03240136,0.33576147,10.7
G,90,120,64,0.001,55,1.38053183,0.02507656,0.33576147,11.0
G,90,120,64,0.001,56,1.15347169,0.03596800,0.33576147,10.8
G,90,120,64,0.001,57,1.06582727,0.02384254,0.33576147,10.8
G,90,120,64,0.001,58,1.10165577,0.03773850,0.33576147,10.5
G,90,120,64,0.001,59,1.11271936,0.02493700,0.33576147,10.8
G,90,120,64,0.001,60,1.13140237,0.03797164,0.33576147,10.8
G,90,120,64,0.001,61,1.04865701,0.02603104,0.33576147,11.0
G,90,120,64,0.001,62,0.95741563,0.03380216,0.33576147,10.8
G,90,120,64,0.001,63,0.85750181,0.02548656,0.33576147,11.0
G,90,120,64,0.001,64,0.79941798,0.03021868,0.33576147,10.9
G,90,120,64,0.001,65,0.77389344,0.02492924,0.33576147,10.5
G,90,120,64,0.001,66,0.78938724,0.02874280,0.33576147,10.8
G,90,120,64,0.001,67,0.85077450,0.02514789,0.33576147,10.8
G,90,120,64,0.001,68,0.95448194,0.02871681,0.33576147,11.0
G,90,120,64,0.001,69,1.11973561,0.02615888,0.33576147,10.8
G,90,120,64,0.001,70,1.21020343,0.02851270,0.33576147,10.8
G,90,120,64,0.001,71,1.28022832,0.02689360,0.33576147,10.8
G,90,120,64,0.001,72,1.09974444,0.02731173,0.33576147,10.6
G,90,120,64,0.001,73,0.98738910,0.02708458,0.33576147,10.9
G,90,120,64,0.001,74,0.87753271,0.02662457,0.33576147,11.0
G,90,120,64,0.001,75,0.88008728,0.02856531,0.33576147,11.0
G,90,120,64,0.001,76,0.96867156,0.02675679,0.33576147,10.9
G,90,120,64,0.001,77,1.12416783,0.03063655,0.33576147,11.0
